kernel_name = _ZN4vllm25fused_add_rms_norm_kernelIN3c108BFloat16ELi8ELb1EEENSt9enable_ifIXaagtT0_Li0Esr4vllm12_typeConvertIT_EE6existsEvE4typeEPS4_lS7_PKS4_fiil 
kernel_launch_uid = 1 

Kernel Average Power Data:
kernel_avg_power = 72.091
gpu_avg_IBP, = 0.0497944
gpu_avg_ICP, = 0
gpu_avg_DCP, = 0.308854
gpu_avg_TCP, = 0
gpu_avg_CCP, = 0.00134994
gpu_avg_SHRDP, = 0.0166205
gpu_avg_RFP, = 0
gpu_avg_INTP, = 0.691721
gpu_avg_FPUP, = 0.175257
gpu_avg_DPUP, = 0
gpu_avg_INT_MUL24P, = 0
gpu_avg_INT_MUL32P, = 0
gpu_avg_INT_MULP, = 0.0978145
gpu_avg_INT_DIVP, = 0
gpu_avg_FP_MULP, = 0.0377508
gpu_avg_FP_DIVP, = 0
gpu_avg_FP_SQRTP, = 2.71615e-05
gpu_avg_FP_LGP, = 0
gpu_avg_FP_SINP, = 0
gpu_avg_FP_EXP, = 5.0406e-05
gpu_avg_DP_MULP, = 0
gpu_avg_DP_DIVP, = 0
gpu_avg_TENSORP, = 0
gpu_avg_TEXP, = 0
gpu_avg_SCHEDP, = 0.138595
gpu_avg_L2CP, = 0.0610898
gpu_avg_MCP, = 0.597214
gpu_avg_NOCP, = 0.243322
gpu_avg_DRAMP, = 0
gpu_avg_PIPEP, = 0.109645
gpu_avg_IDLE_COREP, = 36.0436
gpu_avg_CONSTP = 32.3252
gpu_avg_STATICP = 1.1931
gpu_avg_TOT_INST, = 2139.09
gpu_avg_FP_INT, = 2021.82
gpu_avg_IC_H, = 0
gpu_avg_IC_M, = 0
gpu_avg_DC_RH, = 101.818
gpu_avg_DC_RM, = 101.818
gpu_avg_DC_WH, = 101.818
gpu_avg_DC_WM, = 0
gpu_avg_TC_H, = 0
gpu_avg_TC_M, = 0
gpu_avg_CC_H, = 61.8182
gpu_avg_CC_M, = 0
gpu_avg_SHRD_ACC, = 37.2727
gpu_avg_REG_RD, = 0
gpu_avg_REG_WR, = 0
gpu_avg_NON_REG_OPs, = 0
gpu_avg_INT_ACC, = 378194
gpu_avg_FPU_ACC, = 2347.4
gpu_avg_DPU_ACC, = 0
gpu_avg_INT_MUL24_ACC, = 0
gpu_avg_INT_MUL32_ACC, = 0
gpu_avg_INT_MUL_ACC, = 638.69
gpu_avg_INT_DIV_ACC, = 0
gpu_avg_FP_MUL_ACC, = 246.497
gpu_avg_FP_DIV_ACC, = 0
gpu_avg_FP_SQRT_ACC, = 0.177354
gpu_avg_FP_LG_ACC, = 0
gpu_avg_FP_SIN_ACC, = 0
gpu_avg_FP_EXP_ACC, = 0.329131
gpu_avg_DP_MUL_ACC, = 0
gpu_avg_DP_DIV_ACC, = 0
gpu_avg_TENSOR_ACC, = 0
gpu_avg_TEX_ACC, = 0
gpu_avg_MEM_RD, = 0
gpu_avg_MEM_WR, = 0
gpu_avg_MEM_PRE, = 0
gpu_avg_L2_RH, = 10.1818
gpu_avg_L2_RM, = 106.909
gpu_avg_L2_WH, = 52.8182
gpu_avg_L2_WM, = 0
gpu_avg_NOC_A, = 713.636
gpu_avg_PIPE_A, = 0.00335373
gpu_avg_IDLE_CORE_N, = 127.456
gpu_avg_constant_power = 0
gpu_avg_threads_per_warp = 11.7921
gpu_tot_TOT_INST, = 23530
gpu_tot_FP_INT, = 22240
gpu_tot_IC_H, = 0
gpu_tot_IC_M, = 0
gpu_tot_DC_RH, = 1120
gpu_tot_DC_RM, = 1120
gpu_tot_DC_WH, = 1120
gpu_tot_DC_WM, = 0
gpu_tot_TC_H, = 0
gpu_tot_TC_M, = 0
gpu_tot_CC_H, = 680
gpu_tot_CC_M, = 0
gpu_tot_SHRD_ACC, = 410
gpu_tot_REG_RD, = 0
gpu_tot_REG_WR, = 0
gpu_tot_NON_REG_OPs, = 0
gpu_tot_INT_ACC, = 4.16013e+06
gpu_tot_FPU_ACC, = 25821.4
gpu_tot_DPU_ACC, = 0
gpu_tot_INT_MUL24_ACC, = 0
gpu_tot_INT_MUL32_ACC, = 0
gpu_tot_INT_MUL_ACC, = 7025.58
gpu_tot_INT_DIV_ACC, = 0
gpu_tot_FP_MUL_ACC, = 2711.47
gpu_tot_FP_DIV_ACC, = 0
gpu_tot_FP_SQRT_ACC, = 1.95089
gpu_tot_FP_LG_ACC, = 0
gpu_tot_FP_SIN_ACC, = 0
gpu_tot_FP_EXP_ACC, = 3.62044
gpu_tot_DP_MUL_ACC, = 0
gpu_tot_DP_DIV_ACC, = 0
gpu_tot_TENSOR_ACC, = 0
gpu_tot_TEX_ACC, = 0
gpu_tot_MEM_RD, = 0
gpu_tot_MEM_WR, = 0
gpu_tot_MEM_PRE, = 0
gpu_tot_L2_RH, = 112
gpu_tot_L2_RM, = 1176
gpu_tot_L2_WH, = 581
gpu_tot_L2_WM, = 0
gpu_tot_NOC_A, = 7850
gpu_tot_PIPE_A, = 0.036891
gpu_tot_IDLE_CORE_N, = 1402.02
gpu_tot_constant_power = 0

Kernel Maximum Power Data:
kernel_max_power = 81.705
gpu_max_IBP, = 0.335208
gpu_max_ICP, = 0
gpu_max_DCP, = 1.62649
gpu_max_TCP, = 0
gpu_max_CCP, = 0.0122288
gpu_max_SHRDP, = 0.10702
gpu_max_RFP, = 0
gpu_max_INTP, = 5.43867
gpu_max_FPUP, = 1.22432
gpu_max_DPUP, = 0
gpu_max_INT_MUL24P, = 0
gpu_max_INT_MUL32P, = 0
gpu_max_INT_MULP, = 0.518943
gpu_max_INT_DIVP, = 0
gpu_max_FP_MULP, = 0.0153546
gpu_max_FP_DIVP, = 0
gpu_max_FP_SQRTP, = 0
gpu_max_FP_LGP, = 0
gpu_max_FP_SINP, = 0
gpu_max_FP_EXP, = 0
gpu_max_DP_MULP, = 0
gpu_max_DP_DIVP, = 0
gpu_max_TENSORP, = 0
gpu_max_TEXP, = 0
gpu_max_SCHEDP, = 0.951473
gpu_max_L2CP, = 0
gpu_max_MCP, = 0.798668
gpu_max_NOCP, = 0.381876
gpu_max_DRAMP, = 0
gpu_max_PIPEP, = 0.738546
gpu_max_IDLE_COREP, = 34.5062
gpu_max_CONSTP = 32.3252
gpu_max_STATICP = 2.72478
gpu_max_TOT_INST, = 14400
gpu_max_FP_INT, = 13880
gpu_max_IC_H, = 0
gpu_max_IC_M, = 0
gpu_max_DC_RH, = 560
gpu_max_DC_RM, = 560
gpu_max_DC_WH, = 0
gpu_max_DC_WM, = 0
gpu_max_TC_H, = 0
gpu_max_TC_M, = 0
gpu_max_CC_H, = 560
gpu_max_CC_M, = 0
gpu_max_SHRD_ACC, = 240
gpu_max_REG_RD, = 0
gpu_max_REG_WR, = 0
gpu_max_NON_REG_OPs, = 0
gpu_max_INT_ACC, = 2.97356e+06
gpu_max_FPU_ACC, = 16398.6
gpu_max_DPU_ACC, = 0
gpu_max_INT_MUL24_ACC, = 0
gpu_max_INT_MUL32_ACC, = 0
gpu_max_INT_MUL_ACC, = 3388.49
gpu_max_INT_DIV_ACC, = 0
gpu_max_FP_MUL_ACC, = 100.259
gpu_max_FP_DIV_ACC, = 0
gpu_max_FP_SQRT_ACC, = 0
gpu_max_FP_LG_ACC, = 0
gpu_max_FP_SIN_ACC, = 0
gpu_max_FP_EXP_ACC, = 0
gpu_max_DP_MUL_ACC, = 0
gpu_max_DP_DIV_ACC, = 0
gpu_max_TENSOR_ACC, = 0
gpu_max_TEX_ACC, = 0
gpu_max_MEM_RD, = 0
gpu_max_MEM_WR, = 0
gpu_max_MEM_PRE, = 0
gpu_max_L2_RH, = 0
gpu_max_L2_RM, = 0
gpu_max_L2_WH, = 0
gpu_max_L2_WM, = 0
gpu_max_NOC_A, = 1120
gpu_max_PIPE_A, = 0.02259
gpu_max_IDLE_CORE_N, = 122.02
gpu_max_constant_power = 0

Kernel Minimum Power Data:
kernel_min_power = 70.2039
gpu_min_IBP, = 0
gpu_min_ICP, = 0
gpu_min_DCP, = 0
gpu_min_TCP, = 0
gpu_min_CCP, = 0
gpu_min_SHRDP, = 0
gpu_min_RFP, = 0
gpu_min_INTP, = 0
gpu_min_FPUP, = 0
gpu_min_DPUP, = 0
gpu_min_INT_MUL24P, = 0
gpu_min_INT_MUL32P, = 0
gpu_min_INT_MULP, = 0
gpu_min_INT_DIVP, = 0
gpu_min_FP_MULP, = 0
gpu_min_FP_DIVP, = 0
gpu_min_FP_SQRTP, = 0
gpu_min_FP_LGP, = 0
gpu_min_FP_SINP, = 0
gpu_min_FP_EXP, = 0
gpu_min_DP_MULP, = 0
gpu_min_DP_DIVP, = 0
gpu_min_TENSORP, = 0
gpu_min_TEXP, = 0
gpu_min_SCHEDP, = 0
gpu_min_L2CP, = 0
gpu_min_MCP, = 0.55022
gpu_min_NOCP, = 0
gpu_min_DRAMP, = 0
gpu_min_PIPEP, = 0
gpu_min_IDLE_COREP, = 37.3285
gpu_min_CONSTP = 32.3252
gpu_min_STATICP = 0
gpu_min_TOT_INST, = 0
gpu_min_FP_INT, = 0
gpu_min_IC_H, = 0
gpu_min_IC_M, = 0
gpu_min_DC_RH, = 0
gpu_min_DC_RM, = 0
gpu_min_DC_WH, = 0
gpu_min_DC_WM, = 0
gpu_min_TC_H, = 0
gpu_min_TC_M, = 0
gpu_min_CC_H, = 0
gpu_min_CC_M, = 0
gpu_min_SHRD_ACC, = 0
gpu_min_REG_RD, = 0
gpu_min_REG_WR, = 0
gpu_min_NON_REG_OPs, = 0
gpu_min_INT_ACC, = 0
gpu_min_FPU_ACC, = 0
gpu_min_DPU_ACC, = 0
gpu_min_INT_MUL24_ACC, = 0
gpu_min_INT_MUL32_ACC, = 0
gpu_min_INT_MUL_ACC, = 0
gpu_min_INT_DIV_ACC, = 0
gpu_min_FP_MUL_ACC, = 0
gpu_min_FP_DIV_ACC, = 0
gpu_min_FP_SQRT_ACC, = 0
gpu_min_FP_LG_ACC, = 0
gpu_min_FP_SIN_ACC, = 0
gpu_min_FP_EXP_ACC, = 0
gpu_min_DP_MUL_ACC, = 0
gpu_min_DP_DIV_ACC, = 0
gpu_min_TENSOR_ACC, = 0
gpu_min_TEX_ACC, = 0
gpu_min_MEM_RD, = 0
gpu_min_MEM_WR, = 0
gpu_min_MEM_PRE, = 0
gpu_min_L2_RH, = 0
gpu_min_L2_RM, = 0
gpu_min_L2_WH, = 0
gpu_min_L2_WM, = 0
gpu_min_NOC_A, = 0
gpu_min_PIPE_A, = 0
gpu_min_IDLE_CORE_N, = 132
gpu_min_constant_power = 0

Accumulative Power Statistics Over Previous Kernels:
gpu_tot_avg_power = 72.091
gpu_tot_max_power = 81.705
gpu_tot_min_power = 70.2039


kernel_name = nvjet_sm90_tst_64x8_64x16_4x2_h_bz_bias_TNT 
kernel_launch_uid = 2 

Kernel Average Power Data:
kernel_avg_power = 83.99
gpu_avg_IBP, = 0.333005
gpu_avg_ICP, = 0
gpu_avg_DCP, = 0
gpu_avg_TCP, = 0
gpu_avg_CCP, = 0.00275305
gpu_avg_SHRDP, = 0.288635
gpu_avg_RFP, = 0
gpu_avg_INTP, = 6.29817
gpu_avg_FPUP, = 0.117144
gpu_avg_DPUP, = 0
gpu_avg_INT_MUL24P, = 0
gpu_avg_INT_MUL32P, = 0
gpu_avg_INT_MULP, = 0.63232
gpu_avg_INT_DIVP, = 0
gpu_avg_FP_MULP, = 0
gpu_avg_FP_DIVP, = 0
gpu_avg_FP_SQRTP, = 0
gpu_avg_FP_LGP, = 0
gpu_avg_FP_SINP, = 0
gpu_avg_FP_EXP, = 0
gpu_avg_DP_MULP, = 0
gpu_avg_DP_DIVP, = 0
gpu_avg_TENSORP, = 0
gpu_avg_TEXP, = 0
gpu_avg_SCHEDP, = 0.955346
gpu_avg_L2CP, = 0.144786
gpu_avg_MCP, = 0.550516
gpu_avg_NOCP, = 4.98753
gpu_avg_DRAMP, = 0
gpu_avg_PIPEP, = 0.786956
gpu_avg_IDLE_COREP, = 31.1102
gpu_avg_CONSTP = 32.3252
gpu_avg_STATICP = 5.45745
gpu_avg_TOT_INST, = 14305.4
gpu_avg_FP_INT, = 13936.5
gpu_avg_IC_H, = 0
gpu_avg_IC_M, = 0
gpu_avg_DC_RH, = 0
gpu_avg_DC_RM, = 0
gpu_avg_DC_WH, = 0
gpu_avg_DC_WM, = 0
gpu_avg_TC_H, = 0
gpu_avg_TC_M, = 0
gpu_avg_CC_H, = 126.071
gpu_avg_CC_M, = 0
gpu_avg_SHRD_ACC, = 647.286
gpu_avg_REG_RD, = 0
gpu_avg_REG_WR, = 0
gpu_avg_NON_REG_OPs, = 0
gpu_avg_INT_ACC, = 3.44348e+06
gpu_avg_FPU_ACC, = 1569.04
gpu_avg_DPU_ACC, = 0
gpu_avg_INT_MUL24_ACC, = 0
gpu_avg_INT_MUL32_ACC, = 0
gpu_avg_INT_MUL_ACC, = 4128.8
gpu_avg_INT_DIV_ACC, = 0
gpu_avg_FP_MUL_ACC, = 0
gpu_avg_FP_DIV_ACC, = 0
gpu_avg_FP_SQRT_ACC, = 0
gpu_avg_FP_LG_ACC, = 0
gpu_avg_FP_SIN_ACC, = 0
gpu_avg_FP_EXP_ACC, = 0
gpu_avg_DP_MUL_ACC, = 0
gpu_avg_DP_DIV_ACC, = 0
gpu_avg_TENSOR_ACC, = 0
gpu_avg_TEX_ACC, = 0
gpu_avg_MEM_RD, = 0
gpu_avg_MEM_WR, = 0
gpu_avg_MEM_PRE, = 0
gpu_avg_L2_RH, = 80
gpu_avg_L2_RM, = 4613.14
gpu_avg_L2_WH, = 38.5
gpu_avg_L2_WM, = 0
gpu_avg_NOC_A, = 14627.9
gpu_avg_PIPE_A, = 0.0240707
gpu_avg_IDLE_CORE_N, = 110.011
gpu_avg_constant_power = 0
gpu_avg_threads_per_warp = 16.2278
gpu_tot_TOT_INST, = 200275
gpu_tot_FP_INT, = 195111
gpu_tot_IC_H, = 0
gpu_tot_IC_M, = 0
gpu_tot_DC_RH, = 0
gpu_tot_DC_RM, = 0
gpu_tot_DC_WH, = 0
gpu_tot_DC_WM, = 0
gpu_tot_TC_H, = 0
gpu_tot_TC_M, = 0
gpu_tot_CC_H, = 1765
gpu_tot_CC_M, = 0
gpu_tot_SHRD_ACC, = 9062
gpu_tot_REG_RD, = 0
gpu_tot_REG_WR, = 0
gpu_tot_NON_REG_OPs, = 0
gpu_tot_INT_ACC, = 4.82088e+07
gpu_tot_FPU_ACC, = 21966.5
gpu_tot_DPU_ACC, = 0
gpu_tot_INT_MUL24_ACC, = 0
gpu_tot_INT_MUL32_ACC, = 0
gpu_tot_INT_MUL_ACC, = 57803.2
gpu_tot_INT_DIV_ACC, = 0
gpu_tot_FP_MUL_ACC, = 0
gpu_tot_FP_DIV_ACC, = 0
gpu_tot_FP_SQRT_ACC, = 0
gpu_tot_FP_LG_ACC, = 0
gpu_tot_FP_SIN_ACC, = 0
gpu_tot_FP_EXP_ACC, = 0
gpu_tot_DP_MUL_ACC, = 0
gpu_tot_DP_DIV_ACC, = 0
gpu_tot_TENSOR_ACC, = 0
gpu_tot_TEX_ACC, = 0
gpu_tot_MEM_RD, = 0
gpu_tot_MEM_WR, = 0
gpu_tot_MEM_PRE, = 0
gpu_tot_L2_RH, = 1120
gpu_tot_L2_RM, = 64584
gpu_tot_L2_WH, = 539
gpu_tot_L2_WM, = 0
gpu_tot_NOC_A, = 204790
gpu_tot_PIPE_A, = 0.33699
gpu_tot_IDLE_CORE_N, = 1540.15
gpu_tot_constant_power = 0

Kernel Maximum Power Data:
kernel_max_power = 110.291
gpu_max_IBP, = 0.67826
gpu_max_ICP, = 0
gpu_max_DCP, = 0
gpu_max_TCP, = 0
gpu_max_CCP, = 0
gpu_max_SHRDP, = 0.701872
gpu_max_RFP, = 0
gpu_max_INTP, = 13.8901
gpu_max_FPUP, = 0
gpu_max_DPUP, = 0
gpu_max_INT_MUL24P, = 0
gpu_max_INT_MUL32P, = 0
gpu_max_INT_MULP, = 0.437717
gpu_max_INT_DIVP, = 0
gpu_max_FP_MULP, = 0
gpu_max_FP_DIVP, = 0
gpu_max_FP_SQRTP, = 0
gpu_max_FP_LGP, = 0
gpu_max_FP_SINP, = 0
gpu_max_FP_EXP, = 0
gpu_max_DP_MULP, = 0
gpu_max_DP_DIVP, = 0
gpu_max_TENSORP, = 0
gpu_max_TEXP, = 0
gpu_max_SCHEDP, = 1.94161
gpu_max_L2CP, = 0.523511
gpu_max_MCP, = 0.55022
gpu_max_NOCP, = 22.2013
gpu_max_DRAMP, = 0
gpu_max_PIPEP, = 1.5945
gpu_max_IDLE_COREP, = 26.0168
gpu_max_CONSTP = 32.3252
gpu_max_STATICP = 9.4299
gpu_max_TOT_INST, = 29137
gpu_max_FP_INT, = 28324
gpu_max_IC_H, = 0
gpu_max_IC_M, = 0
gpu_max_DC_RH, = 0
gpu_max_DC_RM, = 0
gpu_max_DC_WH, = 0
gpu_max_DC_WM, = 0
gpu_max_TC_H, = 0
gpu_max_TC_M, = 0
gpu_max_CC_H, = 0
gpu_max_CC_M, = 0
gpu_max_SHRD_ACC, = 1574
gpu_max_REG_RD, = 0
gpu_max_REG_WR, = 0
gpu_max_NON_REG_OPs, = 0
gpu_max_INT_ACC, = 7.59432e+06
gpu_max_FPU_ACC, = 0
gpu_max_DPU_ACC, = 0
gpu_max_INT_MUL24_ACC, = 0
gpu_max_INT_MUL32_ACC, = 0
gpu_max_INT_MUL_ACC, = 2858.11
gpu_max_INT_DIV_ACC, = 0
gpu_max_FP_MUL_ACC, = 0
gpu_max_FP_DIV_ACC, = 0
gpu_max_FP_SQRT_ACC, = 0
gpu_max_FP_LG_ACC, = 0
gpu_max_FP_SIN_ACC, = 0
gpu_max_FP_EXP_ACC, = 0
gpu_max_DP_MUL_ACC, = 0
gpu_max_DP_DIV_ACC, = 0
gpu_max_TENSOR_ACC, = 0
gpu_max_TEX_ACC, = 0
gpu_max_MEM_RD, = 0
gpu_max_MEM_WR, = 0
gpu_max_MEM_PRE, = 0
gpu_max_L2_RH, = 368
gpu_max_L2_RM, = 23850
gpu_max_L2_WH, = 0
gpu_max_L2_WM, = 0
gpu_max_NOC_A, = 65114
gpu_max_PIPE_A, = 0.0487711
gpu_max_IDLE_CORE_N, = 92
gpu_max_constant_power = 0

Kernel Minimum Power Data:
kernel_min_power = 70.2039
gpu_min_IBP, = 0
gpu_min_ICP, = 0
gpu_min_DCP, = 0
gpu_min_TCP, = 0
gpu_min_CCP, = 0
gpu_min_SHRDP, = 0
gpu_min_RFP, = 0
gpu_min_INTP, = 0
gpu_min_FPUP, = 0
gpu_min_DPUP, = 0
gpu_min_INT_MUL24P, = 0
gpu_min_INT_MUL32P, = 0
gpu_min_INT_MULP, = 0
gpu_min_INT_DIVP, = 0
gpu_min_FP_MULP, = 0
gpu_min_FP_DIVP, = 0
gpu_min_FP_SQRTP, = 0
gpu_min_FP_LGP, = 0
gpu_min_FP_SINP, = 0
gpu_min_FP_EXP, = 0
gpu_min_DP_MULP, = 0
gpu_min_DP_DIVP, = 0
gpu_min_TENSORP, = 0
gpu_min_TEXP, = 0
gpu_min_SCHEDP, = 0
gpu_min_L2CP, = 0
gpu_min_MCP, = 0.55022
gpu_min_NOCP, = 0
gpu_min_DRAMP, = 0
gpu_min_PIPEP, = 0
gpu_min_IDLE_COREP, = 37.3285
gpu_min_CONSTP = 32.3252
gpu_min_STATICP = 0
gpu_min_TOT_INST, = 0
gpu_min_FP_INT, = 0
gpu_min_IC_H, = 0
gpu_min_IC_M, = 0
gpu_min_DC_RH, = 0
gpu_min_DC_RM, = 0
gpu_min_DC_WH, = 0
gpu_min_DC_WM, = 0
gpu_min_TC_H, = 0
gpu_min_TC_M, = 0
gpu_min_CC_H, = 0
gpu_min_CC_M, = 0
gpu_min_SHRD_ACC, = 0
gpu_min_REG_RD, = 0
gpu_min_REG_WR, = 0
gpu_min_NON_REG_OPs, = 0
gpu_min_INT_ACC, = 0
gpu_min_FPU_ACC, = 0
gpu_min_DPU_ACC, = 0
gpu_min_INT_MUL24_ACC, = 0
gpu_min_INT_MUL32_ACC, = 0
gpu_min_INT_MUL_ACC, = 0
gpu_min_INT_DIV_ACC, = 0
gpu_min_FP_MUL_ACC, = 0
gpu_min_FP_DIV_ACC, = 0
gpu_min_FP_SQRT_ACC, = 0
gpu_min_FP_LG_ACC, = 0
gpu_min_FP_SIN_ACC, = 0
gpu_min_FP_EXP_ACC, = 0
gpu_min_DP_MUL_ACC, = 0
gpu_min_DP_DIV_ACC, = 0
gpu_min_TENSOR_ACC, = 0
gpu_min_TEX_ACC, = 0
gpu_min_MEM_RD, = 0
gpu_min_MEM_WR, = 0
gpu_min_MEM_PRE, = 0
gpu_min_L2_RH, = 0
gpu_min_L2_RM, = 0
gpu_min_L2_WH, = 0
gpu_min_L2_WM, = 0
gpu_min_NOC_A, = 0
gpu_min_PIPE_A, = 0
gpu_min_IDLE_CORE_N, = 132
gpu_min_constant_power = 0

Accumulative Power Statistics Over Previous Kernels:
gpu_tot_avg_power = 78.7545
gpu_tot_max_power = 110.291
gpu_tot_min_power = 70.2039


kernel_name = _ZN4vllm23rotary_embedding_kernelIN3c108BFloat16ES2_Lb1EEEvPKlPT_S6_PKT0_illliiilb 
kernel_launch_uid = 3 

Kernel Average Power Data:
kernel_avg_power = 71.6272
gpu_avg_IBP, = 0.0368185
gpu_avg_ICP, = 0
gpu_avg_DCP, = 0.119869
gpu_avg_TCP, = 0
gpu_avg_CCP, = 0.00131023
gpu_avg_SHRDP, = 0
gpu_avg_RFP, = 0
gpu_avg_INTP, = 0.464096
gpu_avg_FPUP, = 0.0674905
gpu_avg_DPUP, = 0
gpu_avg_INT_MUL24P, = 0
gpu_avg_INT_MUL32P, = 0
gpu_avg_INT_MULP, = 0.264172
gpu_avg_INT_DIVP, = 0
gpu_avg_FP_MULP, = 0.0233974
gpu_avg_FP_DIVP, = 0
gpu_avg_FP_SQRTP, = 0
gpu_avg_FP_LGP, = 0
gpu_avg_FP_SINP, = 0
gpu_avg_FP_EXP, = 0.0236572
gpu_avg_DP_MULP, = 0
gpu_avg_DP_DIVP, = 0
gpu_avg_TENSORP, = 0
gpu_avg_TEXP, = 0
gpu_avg_SCHEDP, = 0.100654
gpu_avg_L2CP, = 0.102448
gpu_avg_MCP, = 0.56484
gpu_avg_NOCP, = 0.133742
gpu_avg_DRAMP, = 0
gpu_avg_PIPEP, = 0.154225
gpu_avg_IDLE_COREP, = 35.6841
gpu_avg_CONSTP = 32.3252
gpu_avg_STATICP = 1.56123
gpu_avg_TOT_INST, = 1581.67
gpu_avg_FP_INT, = 1468.33
gpu_avg_IC_H, = 0
gpu_avg_IC_M, = 0
gpu_avg_DC_RH, = 60.8333
gpu_avg_DC_RM, = 3.33333
gpu_avg_DC_WH, = 53.3333
gpu_avg_DC_WM, = 0
gpu_avg_TC_H, = 0
gpu_avg_TC_M, = 0
gpu_avg_CC_H, = 60
gpu_avg_CC_M, = 0
gpu_avg_SHRD_ACC, = 0
gpu_avg_REG_RD, = 0
gpu_avg_REG_WR, = 0
gpu_avg_NON_REG_OPs, = 0
gpu_avg_INT_ACC, = 253741
gpu_avg_FPU_ACC, = 903.971
gpu_avg_DPU_ACC, = 0
gpu_avg_INT_MUL24_ACC, = 0
gpu_avg_INT_MUL32_ACC, = 0
gpu_avg_INT_MUL_ACC, = 1724.94
gpu_avg_INT_DIV_ACC, = 0
gpu_avg_FP_MUL_ACC, = 152.776
gpu_avg_FP_DIV_ACC, = 0
gpu_avg_FP_SQRT_ACC, = 0
gpu_avg_FP_LG_ACC, = 0
gpu_avg_FP_SIN_ACC, = 0
gpu_avg_FP_EXP_ACC, = 154.472
gpu_avg_DP_MUL_ACC, = 0
gpu_avg_DP_DIV_ACC, = 0
gpu_avg_TENSOR_ACC, = 0
gpu_avg_TEX_ACC, = 0
gpu_avg_MEM_RD, = 0
gpu_avg_MEM_WR, = 0
gpu_avg_MEM_PRE, = 0
gpu_avg_L2_RH, = 53.3333
gpu_avg_L2_RM, = 3.58333
gpu_avg_L2_WH, = 53.3333
gpu_avg_L2_WM, = 60
gpu_avg_NOC_A, = 392.25
gpu_avg_PIPE_A, = 0.0047173
gpu_avg_IDLE_CORE_N, = 126.185
gpu_avg_constant_power = 0
gpu_avg_threads_per_warp = 15.7639
gpu_tot_TOT_INST, = 18980
gpu_tot_FP_INT, = 17620
gpu_tot_IC_H, = 0
gpu_tot_IC_M, = 0
gpu_tot_DC_RH, = 730
gpu_tot_DC_RM, = 40
gpu_tot_DC_WH, = 640
gpu_tot_DC_WM, = 0
gpu_tot_TC_H, = 0
gpu_tot_TC_M, = 0
gpu_tot_CC_H, = 720
gpu_tot_CC_M, = 0
gpu_tot_SHRD_ACC, = 0
gpu_tot_REG_RD, = 0
gpu_tot_REG_WR, = 0
gpu_tot_NON_REG_OPs, = 0
gpu_tot_INT_ACC, = 3.0449e+06
gpu_tot_FPU_ACC, = 10847.7
gpu_tot_DPU_ACC, = 0
gpu_tot_INT_MUL24_ACC, = 0
gpu_tot_INT_MUL32_ACC, = 0
gpu_tot_INT_MUL_ACC, = 20699.2
gpu_tot_INT_DIV_ACC, = 0
gpu_tot_FP_MUL_ACC, = 1833.31
gpu_tot_FP_DIV_ACC, = 0
gpu_tot_FP_SQRT_ACC, = 0
gpu_tot_FP_LG_ACC, = 0
gpu_tot_FP_SIN_ACC, = 0
gpu_tot_FP_EXP_ACC, = 1853.67
gpu_tot_DP_MUL_ACC, = 0
gpu_tot_DP_DIV_ACC, = 0
gpu_tot_TENSOR_ACC, = 0
gpu_tot_TEX_ACC, = 0
gpu_tot_MEM_RD, = 0
gpu_tot_MEM_WR, = 0
gpu_tot_MEM_PRE, = 0
gpu_tot_L2_RH, = 640
gpu_tot_L2_RM, = 43
gpu_tot_L2_WH, = 640
gpu_tot_L2_WM, = 720
gpu_tot_NOC_A, = 4707
gpu_tot_PIPE_A, = 0.0566077
gpu_tot_IDLE_CORE_N, = 1514.22
gpu_tot_constant_power = 0

Kernel Maximum Power Data:
kernel_max_power = 78.4943
gpu_max_IBP, = 0.225706
gpu_max_ICP, = 0
gpu_max_DCP, = 0.511343
gpu_max_TCP, = 0
gpu_max_CCP, = 0.0049352
gpu_max_SHRDP, = 0
gpu_max_RFP, = 0
gpu_max_INTP, = 3.70367
gpu_max_FPUP, = 0.354325
gpu_max_DPUP, = 0
gpu_max_INT_MUL24P, = 0
gpu_max_INT_MUL32P, = 0
gpu_max_INT_MULP, = 1.94378
gpu_max_INT_DIVP, = 0
gpu_max_FP_MULP, = 0
gpu_max_FP_DIVP, = 0
gpu_max_FP_SQRTP, = 0
gpu_max_FP_LGP, = 0
gpu_max_FP_SINP, = 0
gpu_max_FP_EXP, = 0.248401
gpu_max_DP_MULP, = 0
gpu_max_DP_DIVP, = 0
gpu_max_TENSORP, = 0
gpu_max_TEXP, = 0
gpu_max_SCHEDP, = 0.621611
gpu_max_L2CP, = 0
gpu_max_MCP, = 0.608922
gpu_max_NOCP, = 0.095469
gpu_max_DRAMP, = 0
gpu_max_PIPEP, = 0.604965
gpu_max_IDLE_COREP, = 34.5006
gpu_max_CONSTP = 32.3252
gpu_max_STATICP = 2.74534
gpu_max_TOT_INST, = 9696
gpu_max_FP_INT, = 9068
gpu_max_IC_H, = 0
gpu_max_IC_M, = 0
gpu_max_DC_RH, = 292
gpu_max_DC_RM, = -12
gpu_max_DC_WH, = 0
gpu_max_DC_WM, = 0
gpu_max_TC_H, = 0
gpu_max_TC_M, = 0
gpu_max_CC_H, = 226
gpu_max_CC_M, = 0
gpu_max_SHRD_ACC, = 0
gpu_max_REG_RD, = 0
gpu_max_REG_WR, = 0
gpu_max_NON_REG_OPs, = 0
gpu_max_INT_ACC, = 2.02496e+06
gpu_max_FPU_ACC, = 4745.85
gpu_max_DPU_ACC, = 0
gpu_max_INT_MUL24_ACC, = 0
gpu_max_INT_MUL32_ACC, = 0
gpu_max_INT_MUL_ACC, = 12692.1
gpu_max_INT_DIV_ACC, = 0
gpu_max_FP_MUL_ACC, = 0
gpu_max_FP_DIV_ACC, = 0
gpu_max_FP_SQRT_ACC, = 0
gpu_max_FP_LG_ACC, = 0
gpu_max_FP_SIN_ACC, = 0
gpu_max_FP_EXP_ACC, = 1621.96
gpu_max_DP_MUL_ACC, = 0
gpu_max_DP_DIV_ACC, = 0
gpu_max_TENSOR_ACC, = 0
gpu_max_TEX_ACC, = 0
gpu_max_MEM_RD, = 0
gpu_max_MEM_WR, = 0
gpu_max_MEM_PRE, = 0
gpu_max_L2_RH, = 0
gpu_max_L2_RM, = 0
gpu_max_L2_WH, = 0
gpu_max_L2_WM, = 0
gpu_max_NOC_A, = 280
gpu_max_PIPE_A, = 0.0185041
gpu_max_IDLE_CORE_N, = 122
gpu_max_constant_power = 0

Kernel Minimum Power Data:
kernel_min_power = 70.2659
gpu_min_IBP, = 0
gpu_min_ICP, = 0
gpu_min_DCP, = 0
gpu_min_TCP, = 0
gpu_min_CCP, = 0
gpu_min_SHRDP, = 0
gpu_min_RFP, = 0
gpu_min_INTP, = 0
gpu_min_FPUP, = 0
gpu_min_DPUP, = 0
gpu_min_INT_MUL24P, = 0
gpu_min_INT_MUL32P, = 0
gpu_min_INT_MULP, = 0
gpu_min_INT_DIVP, = 0
gpu_min_FP_MULP, = 0
gpu_min_FP_DIVP, = 0
gpu_min_FP_SQRTP, = 0
gpu_min_FP_LGP, = 0
gpu_min_FP_SINP, = 0
gpu_min_FP_EXP, = 0
gpu_min_DP_MULP, = 0
gpu_min_DP_DIVP, = 0
gpu_min_TENSORP, = 0
gpu_min_TEXP, = 0
gpu_min_SCHEDP, = 0
gpu_min_L2CP, = 0
gpu_min_MCP, = 0.55022
gpu_min_NOCP, = 0
gpu_min_DRAMP, = 0
gpu_min_PIPEP, = 0.0619195
gpu_min_IDLE_COREP, = 37.3285
gpu_min_CONSTP = 32.3252
gpu_min_STATICP = 0
gpu_min_TOT_INST, = 0
gpu_min_FP_INT, = 0
gpu_min_IC_H, = 0
gpu_min_IC_M, = 0
gpu_min_DC_RH, = 0
gpu_min_DC_RM, = 0
gpu_min_DC_WH, = 0
gpu_min_DC_WM, = 0
gpu_min_TC_H, = 0
gpu_min_TC_M, = 0
gpu_min_CC_H, = 0
gpu_min_CC_M, = 0
gpu_min_SHRD_ACC, = 0
gpu_min_REG_RD, = 0
gpu_min_REG_WR, = 0
gpu_min_NON_REG_OPs, = 0
gpu_min_INT_ACC, = 0
gpu_min_FPU_ACC, = 0
gpu_min_DPU_ACC, = 0
gpu_min_INT_MUL24_ACC, = 0
gpu_min_INT_MUL32_ACC, = 0
gpu_min_INT_MUL_ACC, = 0
gpu_min_INT_DIV_ACC, = 0
gpu_min_FP_MUL_ACC, = 0
gpu_min_FP_DIV_ACC, = 0
gpu_min_FP_SQRT_ACC, = 0
gpu_min_FP_LG_ACC, = 0
gpu_min_FP_SIN_ACC, = 0
gpu_min_FP_EXP_ACC, = 0
gpu_min_DP_MUL_ACC, = 0
gpu_min_DP_DIV_ACC, = 0
gpu_min_TENSOR_ACC, = 0
gpu_min_TEX_ACC, = 0
gpu_min_MEM_RD, = 0
gpu_min_MEM_WR, = 0
gpu_min_MEM_PRE, = 0
gpu_min_L2_RH, = 0
gpu_min_L2_RM, = 0
gpu_min_L2_WH, = 0
gpu_min_L2_WM, = 0
gpu_min_NOC_A, = 0
gpu_min_PIPE_A, = 0.00189394
gpu_min_IDLE_CORE_N, = 132
gpu_min_constant_power = 0

Accumulative Power Statistics Over Previous Kernels:
gpu_tot_avg_power = 76.4429
gpu_tot_max_power = 110.291
gpu_tot_min_power = 70.2039


kernel_name = _ZN4vllm30reshape_and_cache_flash_kernelI13__nv_bfloat16S1_LNS_18Fp8KVCacheDataTypeE0EEEvPKT_S5_PT0_S7_PKlllllliiiPKfSB_i 
kernel_launch_uid = 4 

Kernel Average Power Data:
kernel_avg_power = 70.6382
gpu_avg_IBP, = 0.014536
gpu_avg_ICP, = 0
gpu_avg_DCP, = 0.0365178
gpu_avg_TCP, = 0
gpu_avg_CCP, = 0.000436744
gpu_avg_SHRDP, = 0
gpu_avg_RFP, = 0
gpu_avg_INTP, = 0.238405
gpu_avg_FPUP, = 0.0112484
gpu_avg_DPUP, = 0
gpu_avg_INT_MUL24P, = 0
gpu_avg_INT_MUL32P, = 0
gpu_avg_INT_MULP, = 0.074457
gpu_avg_INT_DIVP, = 0
gpu_avg_FP_MULP, = 0
gpu_avg_FP_DIVP, = 0
gpu_avg_FP_SQRTP, = 0
gpu_avg_FP_LGP, = 0
gpu_avg_FP_SINP, = 0
gpu_avg_FP_EXP, = 0.00788574
gpu_avg_DP_MULP, = 0
gpu_avg_DP_DIVP, = 0
gpu_avg_TENSORP, = 0
gpu_avg_TEXP, = 0
gpu_avg_SCHEDP, = 0.0411299
gpu_avg_L2CP, = 0.00614331
gpu_avg_MCP, = 0.560669
gpu_avg_NOCP, = 0.0261024
gpu_avg_DRAMP, = 0
gpu_avg_PIPEP, = 0.0951705
gpu_avg_IDLE_COREP, = 36.3882
gpu_avg_CONSTP = 32.3252
gpu_avg_STATICP = 0.811981
gpu_avg_TOT_INST, = 624.444
gpu_avg_FP_INT, = 600
gpu_avg_IC_H, = 0
gpu_avg_IC_M, = 0
gpu_avg_DC_RH, = 3.33333
gpu_avg_DC_RM, = 15.5556
gpu_avg_DC_WH, = 0
gpu_avg_DC_WM, = 12.4444
gpu_avg_TC_H, = 0
gpu_avg_TC_M, = 0
gpu_avg_CC_H, = 20
gpu_avg_CC_M, = 0
gpu_avg_SHRD_ACC, = 0
gpu_avg_REG_RD, = 0
gpu_avg_REG_WR, = 0
gpu_avg_NON_REG_OPs, = 0
gpu_avg_INT_ACC, = 130346
gpu_avg_FPU_ACC, = 150.662
gpu_avg_DPU_ACC, = 0
gpu_avg_INT_MUL24_ACC, = 0
gpu_avg_INT_MUL32_ACC, = 0
gpu_avg_INT_MUL_ACC, = 486.174
gpu_avg_INT_DIV_ACC, = 0
gpu_avg_FP_MUL_ACC, = 0
gpu_avg_FP_DIV_ACC, = 0
gpu_avg_FP_SQRT_ACC, = 0
gpu_avg_FP_LG_ACC, = 0
gpu_avg_FP_SIN_ACC, = 0
gpu_avg_FP_EXP_ACC, = 51.4907
gpu_avg_DP_MUL_ACC, = 0
gpu_avg_DP_DIV_ACC, = 0
gpu_avg_TENSOR_ACC, = 0
gpu_avg_TEX_ACC, = 0
gpu_avg_MEM_RD, = 0
gpu_avg_MEM_WR, = 0
gpu_avg_MEM_PRE, = 0
gpu_avg_L2_RH, = 12.4444
gpu_avg_L2_RM, = 0.444444
gpu_avg_L2_WH, = 0
gpu_avg_L2_WM, = 5.33333
gpu_avg_NOC_A, = 76.5556
gpu_avg_PIPE_A, = 0.00291099
gpu_avg_IDLE_CORE_N, = 128.675
gpu_avg_constant_power = 0
gpu_avg_threads_per_warp = 9.11757
gpu_tot_TOT_INST, = 5620
gpu_tot_FP_INT, = 5400
gpu_tot_IC_H, = 0
gpu_tot_IC_M, = 0
gpu_tot_DC_RH, = 30
gpu_tot_DC_RM, = 140
gpu_tot_DC_WH, = 0
gpu_tot_DC_WM, = 112
gpu_tot_TC_H, = 0
gpu_tot_TC_M, = 0
gpu_tot_CC_H, = 180
gpu_tot_CC_M, = 0
gpu_tot_SHRD_ACC, = 0
gpu_tot_REG_RD, = 0
gpu_tot_REG_WR, = 0
gpu_tot_NON_REG_OPs, = 0
gpu_tot_INT_ACC, = 1.17312e+06
gpu_tot_FPU_ACC, = 1355.96
gpu_tot_DPU_ACC, = 0
gpu_tot_INT_MUL24_ACC, = 0
gpu_tot_INT_MUL32_ACC, = 0
gpu_tot_INT_MUL_ACC, = 4375.57
gpu_tot_INT_DIV_ACC, = 0
gpu_tot_FP_MUL_ACC, = 0
gpu_tot_FP_DIV_ACC, = 0
gpu_tot_FP_SQRT_ACC, = 0
gpu_tot_FP_LG_ACC, = 0
gpu_tot_FP_SIN_ACC, = 0
gpu_tot_FP_EXP_ACC, = 463.417
gpu_tot_DP_MUL_ACC, = 0
gpu_tot_DP_DIV_ACC, = 0
gpu_tot_TENSOR_ACC, = 0
gpu_tot_TEX_ACC, = 0
gpu_tot_MEM_RD, = 0
gpu_tot_MEM_WR, = 0
gpu_tot_MEM_PRE, = 0
gpu_tot_L2_RH, = 112
gpu_tot_L2_RM, = 4
gpu_tot_L2_WH, = 0
gpu_tot_L2_WM, = 48
gpu_tot_NOC_A, = 689
gpu_tot_PIPE_A, = 0.0261989
gpu_tot_IDLE_CORE_N, = 1158.08
gpu_tot_constant_power = 0

Kernel Maximum Power Data:
kernel_max_power = 73.5652
gpu_max_IBP, = 0.10289
gpu_max_ICP, = 0
gpu_max_DCP, = 0.0886198
gpu_max_TCP, = 0
gpu_max_CCP, = 0.00262046
gpu_max_SHRDP, = 0
gpu_max_RFP, = 0
gpu_max_INTP, = 1.8623
gpu_max_FPUP, = 0.101236
gpu_max_DPUP, = 0
gpu_max_INT_MUL24P, = 0
gpu_max_INT_MUL32P, = 0
gpu_max_INT_MULP, = 0.564068
gpu_max_INT_DIVP, = 0
gpu_max_FP_MULP, = 0
gpu_max_FP_DIVP, = 0
gpu_max_FP_SQRTP, = 0
gpu_max_FP_LGP, = 0
gpu_max_FP_SINP, = 0
gpu_max_FP_EXP, = 0.0709717
gpu_max_DP_MULP, = 0
gpu_max_DP_DIVP, = 0
gpu_max_TENSORP, = 0
gpu_max_TEXP, = 0
gpu_max_SCHEDP, = 0.292023
gpu_max_L2CP, = 0
gpu_max_MCP, = 0.569105
gpu_max_NOCP, = 0.0279588
gpu_max_DRAMP, = 0
gpu_max_PIPEP, = 0.312262
gpu_max_IDLE_COREP, = 34.5006
gpu_max_CONSTP = 32.3252
gpu_max_STATICP = 2.74534
gpu_max_TOT_INST, = 4420
gpu_max_FP_INT, = 4260
gpu_max_IC_H, = 0
gpu_max_IC_M, = 0
gpu_max_DC_RH, = 0
gpu_max_DC_RM, = 80
gpu_max_DC_WH, = 0
gpu_max_DC_WM, = 0
gpu_max_TC_H, = 0
gpu_max_TC_M, = 0
gpu_max_CC_H, = 120
gpu_max_CC_M, = 0
gpu_max_SHRD_ACC, = 0
gpu_max_REG_RD, = 0
gpu_max_REG_WR, = 0
gpu_max_NON_REG_OPs, = 0
gpu_max_INT_ACC, = 1.0182e+06
gpu_max_FPU_ACC, = 1355.96
gpu_max_DPU_ACC, = 0
gpu_max_INT_MUL24_ACC, = 0
gpu_max_INT_MUL32_ACC, = 0
gpu_max_INT_MUL_ACC, = 3683.14
gpu_max_INT_DIV_ACC, = 0
gpu_max_FP_MUL_ACC, = 0
gpu_max_FP_DIV_ACC, = 0
gpu_max_FP_SQRT_ACC, = 0
gpu_max_FP_LG_ACC, = 0
gpu_max_FP_SIN_ACC, = 0
gpu_max_FP_EXP_ACC, = 463.417
gpu_max_DP_MUL_ACC, = 0
gpu_max_DP_DIV_ACC, = 0
gpu_max_TENSOR_ACC, = 0
gpu_max_TEX_ACC, = 0
gpu_max_MEM_RD, = 0
gpu_max_MEM_WR, = 0
gpu_max_MEM_PRE, = 0
gpu_max_L2_RH, = 0
gpu_max_L2_RM, = 0
gpu_max_L2_WH, = 0
gpu_max_L2_WM, = 0
gpu_max_NOC_A, = 82
gpu_max_PIPE_A, = 0.00955118
gpu_max_IDLE_CORE_N, = 122
gpu_max_constant_power = 0

Kernel Minimum Power Data:
kernel_min_power = 70.2049
gpu_min_IBP, = 0.00931132
gpu_min_ICP, = 0
gpu_min_DCP, = 0.031746
gpu_min_TCP, = 0
gpu_min_CCP, = 0.000873488
gpu_min_SHRDP, = 0
gpu_min_RFP, = 0
gpu_min_INTP, = 0.0701764
gpu_min_FPUP, = 0
gpu_min_DPUP, = 0
gpu_min_INT_MUL24P, = 0
gpu_min_INT_MUL32P, = 0
gpu_min_INT_MULP, = 0.0676882
gpu_min_INT_DIVP, = 0
gpu_min_FP_MULP, = 0
gpu_min_FP_DIVP, = 0
gpu_min_FP_SQRTP, = 0
gpu_min_FP_LGP, = 0
gpu_min_FP_SINP, = 0
gpu_min_FP_EXP, = 0
gpu_min_DP_MULP, = 0
gpu_min_DP_DIVP, = 0
gpu_min_TENSORP, = 0
gpu_min_TEXP, = 0
gpu_min_SCHEDP, = 0.024678
gpu_min_L2CP, = 7.09884e-05
gpu_min_MCP, = 0.551926
gpu_min_NOCP, = 0.00340961
gpu_min_DRAMP, = 0
gpu_min_PIPEP, = 0.0817342
gpu_min_IDLE_COREP, = 34.5232
gpu_min_CONSTP = 32.3252
gpu_min_STATICP = 2.51484
gpu_min_TOT_INST, = 400
gpu_min_FP_INT, = 360
gpu_min_IC_H, = 0
gpu_min_IC_M, = 0
gpu_min_DC_RH, = 30
gpu_min_DC_RM, = -20
gpu_min_DC_WH, = 0
gpu_min_DC_WM, = 0
gpu_min_TC_H, = 0
gpu_min_TC_M, = 0
gpu_min_CC_H, = 40
gpu_min_CC_M, = 0
gpu_min_SHRD_ACC, = 0
gpu_min_REG_RD, = 0
gpu_min_REG_WR, = 0
gpu_min_NON_REG_OPs, = 0
gpu_min_INT_ACC, = 38368.5
gpu_min_FPU_ACC, = 0
gpu_min_DPU_ACC, = 0
gpu_min_INT_MUL24_ACC, = 0
gpu_min_INT_MUL32_ACC, = 0
gpu_min_INT_MUL_ACC, = 441.977
gpu_min_INT_DIV_ACC, = 0
gpu_min_FP_MUL_ACC, = 0
gpu_min_FP_DIV_ACC, = 0
gpu_min_FP_SQRT_ACC, = 0
gpu_min_FP_LG_ACC, = 0
gpu_min_FP_SIN_ACC, = 0
gpu_min_FP_EXP_ACC, = 0
gpu_min_DP_MUL_ACC, = 0
gpu_min_DP_DIV_ACC, = 0
gpu_min_TENSOR_ACC, = 0
gpu_min_TEX_ACC, = 0
gpu_min_MEM_RD, = 0
gpu_min_MEM_WR, = 0
gpu_min_MEM_PRE, = 0
gpu_min_L2_RH, = 0
gpu_min_L2_RM, = 4
gpu_min_L2_WH, = 0
gpu_min_L2_WM, = 0
gpu_min_NOC_A, = 10
gpu_min_PIPE_A, = 0.00250001
gpu_min_IDLE_CORE_N, = 122.08
gpu_min_constant_power = 0

Accumulative Power Statistics Over Previous Kernels:
gpu_tot_avg_power = 75.3072
gpu_tot_max_power = 110.291
gpu_tot_min_power = 70.2039


kernel_name = _ZN7cutlass13device_kernelIN5flash20enable_sm90_or_laterINS1_16FlashAttnFwdSm90INS1_25CollectiveMainloopFwdSm90ILi2EN4cute5tupleIJNS5_1CILi1EEES8_S8_EEENS6_IJNS7_ILi192EEENS7_ILi128EEENS7_ILi64EEEEEELi64ENS_10bfloat16_tEfNS_4arch4Sm90ELb1ELb0ELb0ELb1ELb1ELb0ELb0ELb1ELb1ELb1ELb0ELb0ESE_Li1EEENS1_21CollectiveEpilogueFwdINS6_IJSA_SC_SB_EEES9_SE_SG_Li384ELb1ELb1ELb0ELb0ELi1EEENS1_36VarlenDynamicPersistentTileSchedulerILi192ELi128ELi384ELi128ELb0ELb1ELb1ELb1ELb0ELb1EEEEEEEEEvNT_6ParamsE 
kernel_launch_uid = 5 

Kernel Average Power Data:
kernel_avg_power = 74.3849
gpu_avg_IBP, = 0.15396
gpu_avg_ICP, = 0
gpu_avg_DCP, = 0.438744
gpu_avg_TCP, = 0
gpu_avg_CCP, = 0.00183578
gpu_avg_SHRDP, = 0.078719
gpu_avg_RFP, = 0
gpu_avg_INTP, = 2.40881
gpu_avg_FPUP, = 0.255452
gpu_avg_DPUP, = 0
gpu_avg_INT_MUL24P, = 0
gpu_avg_INT_MUL32P, = 0
gpu_avg_INT_MULP, = 0.133632
gpu_avg_INT_DIVP, = 0
gpu_avg_FP_MULP, = 0.0360174
gpu_avg_FP_DIVP, = 0
gpu_avg_FP_SQRTP, = 0
gpu_avg_FP_LGP, = 0.000758687
gpu_avg_FP_SINP, = 0
gpu_avg_FP_EXP, = 0.094688
gpu_avg_DP_MULP, = 0
gpu_avg_DP_DIVP, = 0
gpu_avg_TENSORP, = 0
gpu_avg_TEXP, = 0
gpu_avg_SCHEDP, = 0.411788
gpu_avg_L2CP, = 0.10099
gpu_avg_MCP, = 0.671043
gpu_avg_NOCP, = 0.298602
gpu_avg_DRAMP, = 0
gpu_avg_PIPEP, = 0.364415
gpu_avg_IDLE_COREP, = 33.5088
gpu_avg_CONSTP = 32.3252
gpu_avg_STATICP = 3.10137
gpu_avg_TOT_INST, = 6613.87
gpu_avg_FP_INT, = 6007.13
gpu_avg_IC_H, = 0
gpu_avg_IC_M, = 0
gpu_avg_DC_RH, = 106.267
gpu_avg_DC_RM, = 53.8667
gpu_avg_DC_WH, = 5.9
gpu_avg_DC_WM, = 175.367
gpu_avg_TC_H, = 0
gpu_avg_TC_M, = 0
gpu_avg_CC_H, = 84.0667
gpu_avg_CC_M, = 0
gpu_avg_SHRD_ACC, = 176.533
gpu_avg_REG_RD, = 0
gpu_avg_REG_WR, = 0
gpu_avg_NON_REG_OPs, = 0
gpu_avg_INT_ACC, = 1.317e+06
gpu_avg_FPU_ACC, = 3421.53
gpu_avg_DPU_ACC, = 0
gpu_avg_INT_MUL24_ACC, = 0
gpu_avg_INT_MUL32_ACC, = 0
gpu_avg_INT_MUL_ACC, = 872.566
gpu_avg_INT_DIV_ACC, = 0
gpu_avg_FP_MUL_ACC, = 235.179
gpu_avg_FP_DIV_ACC, = 0
gpu_avg_FP_SQRT_ACC, = 0
gpu_avg_FP_LG_ACC, = 4.95392
gpu_avg_FP_SIN_ACC, = 0
gpu_avg_FP_EXP_ACC, = 618.275
gpu_avg_DP_MUL_ACC, = 0
gpu_avg_DP_DIV_ACC, = 0
gpu_avg_TENSOR_ACC, = 0
gpu_avg_TEX_ACC, = 0
gpu_avg_MEM_RD, = 0
gpu_avg_MEM_WR, = 0
gpu_avg_MEM_PRE, = 0
gpu_avg_L2_RH, = 32.9
gpu_avg_L2_RM, = 30.0667
gpu_avg_L2_WH, = 5.73333
gpu_avg_L2_WM, = 165.833
gpu_avg_NOC_A, = 875.767
gpu_avg_PIPE_A, = 0.0111464
gpu_avg_IDLE_CORE_N, = 118.493
gpu_avg_constant_power = 0
gpu_avg_threads_per_warp = 23.6075
gpu_tot_TOT_INST, = 198416
gpu_tot_FP_INT, = 180214
gpu_tot_IC_H, = 0
gpu_tot_IC_M, = 0
gpu_tot_DC_RH, = 3188
gpu_tot_DC_RM, = 1616
gpu_tot_DC_WH, = 177
gpu_tot_DC_WM, = 5261
gpu_tot_TC_H, = 0
gpu_tot_TC_M, = 0
gpu_tot_CC_H, = 2522
gpu_tot_CC_M, = 0
gpu_tot_SHRD_ACC, = 5296
gpu_tot_REG_RD, = 0
gpu_tot_REG_WR, = 0
gpu_tot_NON_REG_OPs, = 0
gpu_tot_INT_ACC, = 3.951e+07
gpu_tot_FPU_ACC, = 102646
gpu_tot_DPU_ACC, = 0
gpu_tot_INT_MUL24_ACC, = 0
gpu_tot_INT_MUL32_ACC, = 0
gpu_tot_INT_MUL_ACC, = 26177
gpu_tot_INT_DIV_ACC, = 0
gpu_tot_FP_MUL_ACC, = 7055.38
gpu_tot_FP_DIV_ACC, = 0
gpu_tot_FP_SQRT_ACC, = 0
gpu_tot_FP_LG_ACC, = 148.618
gpu_tot_FP_SIN_ACC, = 0
gpu_tot_FP_EXP_ACC, = 18548.2
gpu_tot_DP_MUL_ACC, = 0
gpu_tot_DP_DIV_ACC, = 0
gpu_tot_TENSOR_ACC, = 0
gpu_tot_TEX_ACC, = 0
gpu_tot_MEM_RD, = 0
gpu_tot_MEM_WR, = 0
gpu_tot_MEM_PRE, = 0
gpu_tot_L2_RH, = 987
gpu_tot_L2_RM, = 902
gpu_tot_L2_WH, = 172
gpu_tot_L2_WM, = 4975
gpu_tot_NOC_A, = 26273
gpu_tot_PIPE_A, = 0.334392
gpu_tot_IDLE_CORE_N, = 3554.79
gpu_tot_constant_power = 0

Kernel Maximum Power Data:
kernel_max_power = 120.864
gpu_max_IBP, = 2.42551
gpu_max_ICP, = 0
gpu_max_DCP, = 1.96007
gpu_max_TCP, = 0
gpu_max_CCP, = 0.00248944
gpu_max_SHRDP, = 1.11836
gpu_max_RFP, = 0
gpu_max_INTP, = 36.79
gpu_max_FPUP, = 0
gpu_max_DPUP, = 0
gpu_max_INT_MUL24P, = 0
gpu_max_INT_MUL32P, = 0
gpu_max_INT_MULP, = 0.259224
gpu_max_INT_DIVP, = 0
gpu_max_FP_MULP, = 0
gpu_max_FP_DIVP, = 0
gpu_max_FP_SQRTP, = 0
gpu_max_FP_LGP, = 0
gpu_max_FP_SINP, = 0
gpu_max_FP_EXP, = 0
gpu_max_DP_MULP, = 0
gpu_max_DP_DIVP, = 0
gpu_max_TENSORP, = 0
gpu_max_TEXP, = 0
gpu_max_SCHEDP, = 6.34553
gpu_max_L2CP, = 0
gpu_max_MCP, = 1.44525
gpu_max_NOCP, = 1.24689
gpu_max_DRAMP, = 0
gpu_max_PIPEP, = 5.48651
gpu_max_IDLE_COREP, = 5.09025
gpu_max_CONSTP = 32.3252
gpu_max_STATICP = 26.3689
gpu_max_TOT_INST, = 104196
gpu_max_FP_INT, = 92568
gpu_max_IC_H, = 0
gpu_max_IC_M, = 0
gpu_max_DC_RH, = 0
gpu_max_DC_RM, = 10
gpu_max_DC_WH, = 0
gpu_max_DC_WM, = 1824
gpu_max_TC_H, = 0
gpu_max_TC_M, = 0
gpu_max_CC_H, = 114
gpu_max_CC_M, = 0
gpu_max_SHRD_ACC, = 2508
gpu_max_REG_RD, = 0
gpu_max_REG_WR, = 0
gpu_max_NON_REG_OPs, = 0
gpu_max_INT_ACC, = 2.01147e+07
gpu_max_FPU_ACC, = 0
gpu_max_DPU_ACC, = 0
gpu_max_INT_MUL24_ACC, = 0
gpu_max_INT_MUL32_ACC, = 0
gpu_max_INT_MUL_ACC, = 1692.63
gpu_max_INT_DIV_ACC, = 0
gpu_max_FP_MUL_ACC, = 0
gpu_max_FP_DIV_ACC, = 0
gpu_max_FP_SQRT_ACC, = 0
gpu_max_FP_LG_ACC, = 0
gpu_max_FP_SIN_ACC, = 0
gpu_max_FP_EXP_ACC, = 0
gpu_max_DP_MUL_ACC, = 0
gpu_max_DP_DIV_ACC, = 0
gpu_max_TENSOR_ACC, = 0
gpu_max_TEX_ACC, = 0
gpu_max_MEM_RD, = 0
gpu_max_MEM_WR, = 0
gpu_max_MEM_PRE, = 0
gpu_max_L2_RH, = 0
gpu_max_L2_RM, = 0
gpu_max_L2_WH, = 0
gpu_max_L2_WM, = 0
gpu_max_NOC_A, = 3657
gpu_max_PIPE_A, = 0.167816
gpu_max_IDLE_CORE_N, = 18
gpu_max_constant_power = 0

Kernel Minimum Power Data:
kernel_min_power = 60.8126
gpu_min_IBP, = 0.0124306
gpu_min_ICP, = 0
gpu_min_DCP, = 0.115206
gpu_min_TCP, = 0
gpu_min_CCP, = 0
gpu_min_SHRDP, = 0
gpu_min_RFP, = 0
gpu_min_INTP, = 0.202525
gpu_min_FPUP, = 0
gpu_min_DPUP, = 0
gpu_min_INT_MUL24P, = 0
gpu_min_INT_MUL32P, = 0
gpu_min_INT_MULP, = 0.00218576
gpu_min_INT_DIVP, = 0
gpu_min_FP_MULP, = 0
gpu_min_FP_DIVP, = 0
gpu_min_FP_SQRTP, = 0
gpu_min_FP_LGP, = 0
gpu_min_FP_SINP, = 0
gpu_min_FP_EXP, = 0
gpu_min_DP_MULP, = 0
gpu_min_DP_DIVP, = 0
gpu_min_TENSORP, = 0
gpu_min_TEXP, = 0
gpu_min_SCHEDP, = 0.0366057
gpu_min_L2CP, = 0.943926
gpu_min_MCP, = 0.574404
gpu_min_NOCP, = 0.699993
gpu_min_DRAMP, = 0
gpu_min_PIPEP, = 0.010118
gpu_min_IDLE_COREP, = 5.09025
gpu_min_CONSTP = 32.3252
gpu_min_STATICP = 20.7997
gpu_min_TOT_INST, = 534
gpu_min_FP_INT, = 534
gpu_min_IC_H, = 0
gpu_min_IC_M, = 0
gpu_min_DC_RH, = 0
gpu_min_DC_RM, = 104
gpu_min_DC_WH, = 0
gpu_min_DC_WM, = 0
gpu_min_TC_H, = 0
gpu_min_TC_M, = 0
gpu_min_CC_H, = 0
gpu_min_CC_M, = 0
gpu_min_SHRD_ACC, = 0
gpu_min_REG_RD, = 0
gpu_min_REG_WR, = 0
gpu_min_NON_REG_OPs, = 0
gpu_min_INT_ACC, = 110729
gpu_min_FPU_ACC, = 0
gpu_min_DPU_ACC, = 0
gpu_min_INT_MUL24_ACC, = 0
gpu_min_INT_MUL32_ACC, = 0
gpu_min_INT_MUL_ACC, = 14.2722
gpu_min_INT_DIV_ACC, = 0
gpu_min_FP_MUL_ACC, = 0
gpu_min_FP_DIV_ACC, = 0
gpu_min_FP_SQRT_ACC, = 0
gpu_min_FP_LG_ACC, = 0
gpu_min_FP_SIN_ACC, = 0
gpu_min_FP_EXP_ACC, = 0
gpu_min_DP_MUL_ACC, = 0
gpu_min_DP_DIV_ACC, = 0
gpu_min_TENSOR_ACC, = 0
gpu_min_TEX_ACC, = 0
gpu_min_MEM_RD, = 0
gpu_min_MEM_WR, = 0
gpu_min_MEM_PRE, = 0
gpu_min_L2_RH, = 18
gpu_min_L2_RM, = 2
gpu_min_L2_WH, = 0
gpu_min_L2_WM, = 1824
gpu_min_NOC_A, = 2053
gpu_min_PIPE_A, = 0.000309482
gpu_min_IDLE_CORE_N, = 18
gpu_min_constant_power = 0

Accumulative Power Statistics Over Previous Kernels:
gpu_tot_avg_power = 74.9431
gpu_tot_max_power = 120.864
gpu_tot_min_power = 60.8126


kernel_name = _ZN2at6native29vectorized_elementwise_kernelILi4ENS0_11FillFunctorIiEESt5arrayIPcLm1EEEEviT0_T1_ 
kernel_launch_uid = 6 

Kernel Average Power Data:
kernel_avg_power = 70.3391
gpu_avg_IBP, = 0.00158292
gpu_avg_ICP, = 0
gpu_avg_DCP, = 0.0244234
gpu_avg_TCP, = 0
gpu_avg_CCP, = 3.74352e-05
gpu_avg_SHRDP, = 0.00203847
gpu_avg_RFP, = 0
gpu_avg_INTP, = 0.0197528
gpu_avg_FPUP, = 0
gpu_avg_DPUP, = 0
gpu_avg_INT_MUL24P, = 0
gpu_avg_INT_MUL32P, = 0
gpu_avg_INT_MULP, = 0.00340707
gpu_avg_INT_DIVP, = 0
gpu_avg_FP_MULP, = 0
gpu_avg_FP_DIVP, = 0
gpu_avg_FP_SQRTP, = 0
gpu_avg_FP_LGP, = 0
gpu_avg_FP_SINP, = 0
gpu_avg_FP_EXP, = 0
gpu_avg_DP_MULP, = 0
gpu_avg_DP_DIVP, = 0
gpu_avg_TENSORP, = 0
gpu_avg_TEXP, = 0
gpu_avg_SCHEDP, = 0.00438719
gpu_avg_L2CP, = 0.0378743
gpu_avg_MCP, = 0.561407
gpu_avg_NOCP, = 0.040964
gpu_avg_DRAMP, = 0
gpu_avg_PIPEP, = 0.00429788
gpu_avg_IDLE_COREP, = 37.2548
gpu_avg_CONSTP = 32.3252
gpu_avg_STATICP = 0.0588673
gpu_avg_TOT_INST, = 68
gpu_avg_FP_INT, = 64
gpu_avg_IC_H, = 0
gpu_avg_IC_M, = 0
gpu_avg_DC_RH, = 0
gpu_avg_DC_RM, = 0
gpu_avg_DC_WH, = 0
gpu_avg_DC_WM, = 22.8571
gpu_avg_TC_H, = 0
gpu_avg_TC_M, = 0
gpu_avg_CC_H, = 1.71429
gpu_avg_CC_M, = 0
gpu_avg_SHRD_ACC, = 4.57143
gpu_avg_REG_RD, = 0
gpu_avg_REG_WR, = 0
gpu_avg_NON_REG_OPs, = 0
gpu_avg_INT_ACC, = 10799.7
gpu_avg_FPU_ACC, = 0
gpu_avg_DPU_ACC, = 0
gpu_avg_INT_MUL24_ACC, = 0
gpu_avg_INT_MUL32_ACC, = 0
gpu_avg_INT_MUL_ACC, = 22.2468
gpu_avg_INT_DIV_ACC, = 0
gpu_avg_FP_MUL_ACC, = 0
gpu_avg_FP_DIV_ACC, = 0
gpu_avg_FP_SQRT_ACC, = 0
gpu_avg_FP_LG_ACC, = 0
gpu_avg_FP_SIN_ACC, = 0
gpu_avg_FP_EXP_ACC, = 0
gpu_avg_DP_MUL_ACC, = 0
gpu_avg_DP_DIV_ACC, = 0
gpu_avg_TENSOR_ACC, = 0
gpu_avg_TEX_ACC, = 0
gpu_avg_MEM_RD, = 0
gpu_avg_MEM_WR, = 0
gpu_avg_MEM_PRE, = 0
gpu_avg_L2_RH, = 0
gpu_avg_L2_RM, = 0
gpu_avg_L2_WH, = 0
gpu_avg_L2_WM, = 73.5714
gpu_avg_NOC_A, = 120.143
gpu_avg_PIPE_A, = 0.00013146
gpu_avg_IDLE_CORE_N, = 131.739
gpu_avg_constant_power = 0
gpu_avg_threads_per_warp = 6.86741
gpu_tot_TOT_INST, = 476
gpu_tot_FP_INT, = 448
gpu_tot_IC_H, = 0
gpu_tot_IC_M, = 0
gpu_tot_DC_RH, = 0
gpu_tot_DC_RM, = 0
gpu_tot_DC_WH, = 0
gpu_tot_DC_WM, = 160
gpu_tot_TC_H, = 0
gpu_tot_TC_M, = 0
gpu_tot_CC_H, = 12
gpu_tot_CC_M, = 0
gpu_tot_SHRD_ACC, = 32
gpu_tot_REG_RD, = 0
gpu_tot_REG_WR, = 0
gpu_tot_NON_REG_OPs, = 0
gpu_tot_INT_ACC, = 75597.9
gpu_tot_FPU_ACC, = 0
gpu_tot_DPU_ACC, = 0
gpu_tot_INT_MUL24_ACC, = 0
gpu_tot_INT_MUL32_ACC, = 0
gpu_tot_INT_MUL_ACC, = 155.728
gpu_tot_INT_DIV_ACC, = 0
gpu_tot_FP_MUL_ACC, = 0
gpu_tot_FP_DIV_ACC, = 0
gpu_tot_FP_SQRT_ACC, = 0
gpu_tot_FP_LG_ACC, = 0
gpu_tot_FP_SIN_ACC, = 0
gpu_tot_FP_EXP_ACC, = 0
gpu_tot_DP_MUL_ACC, = 0
gpu_tot_DP_DIV_ACC, = 0
gpu_tot_TENSOR_ACC, = 0
gpu_tot_TEX_ACC, = 0
gpu_tot_MEM_RD, = 0
gpu_tot_MEM_WR, = 0
gpu_tot_MEM_PRE, = 0
gpu_tot_L2_RH, = 0
gpu_tot_L2_RM, = 0
gpu_tot_L2_WH, = 0
gpu_tot_L2_WM, = 515
gpu_tot_NOC_A, = 841
gpu_tot_PIPE_A, = 0.000920217
gpu_tot_IDLE_CORE_N, = 922.176
gpu_tot_constant_power = 0

Kernel Maximum Power Data:
kernel_max_power = 71.119
gpu_max_IBP, = 0.00870609
gpu_max_ICP, = 0
gpu_max_DCP, = 0.170964
gpu_max_TCP, = 0
gpu_max_CCP, = 0
gpu_max_SHRDP, = 0.0142693
gpu_max_RFP, = 0
gpu_max_INTP, = 0.118039
gpu_max_FPUP, = 0
gpu_max_DPUP, = 0
gpu_max_INT_MUL24P, = 0
gpu_max_INT_MUL32P, = 0
gpu_max_INT_MULP, = 0.0215756
gpu_max_INT_DIVP, = 0
gpu_max_FP_MULP, = 0
gpu_max_FP_DIVP, = 0
gpu_max_FP_SQRTP, = 0
gpu_max_FP_LGP, = 0
gpu_max_FP_SINP, = 0
gpu_max_FP_EXP, = 0
gpu_max_DP_MULP, = 0
gpu_max_DP_DIVP, = 0
gpu_max_TENSORP, = 0
gpu_max_TEXP, = 0
gpu_max_SCHEDP, = 0.0248151
gpu_max_L2CP, = 0.26512
gpu_max_MCP, = 0.628504
gpu_max_NOCP, = 0.286748
gpu_max_DRAMP, = 0
gpu_max_PIPEP, = 0.0212964
gpu_max_IDLE_COREP, = 36.8494
gpu_max_CONSTP = 32.3252
gpu_max_STATICP = 0.38431
gpu_max_TOT_INST, = 374
gpu_max_FP_INT, = 362
gpu_max_IC_H, = 0
gpu_max_IC_M, = 0
gpu_max_DC_RH, = 0
gpu_max_DC_RM, = 0
gpu_max_DC_WH, = 0
gpu_max_DC_WM, = 160
gpu_max_TC_H, = 0
gpu_max_TC_M, = 0
gpu_max_CC_H, = 0
gpu_max_CC_M, = 0
gpu_max_SHRD_ACC, = 32
gpu_max_REG_RD, = 0
gpu_max_REG_WR, = 0
gpu_max_NON_REG_OPs, = 0
gpu_max_INT_ACC, = 64537
gpu_max_FPU_ACC, = 0
gpu_max_DPU_ACC, = 0
gpu_max_INT_MUL24_ACC, = 0
gpu_max_INT_MUL32_ACC, = 0
gpu_max_INT_MUL_ACC, = 140.88
gpu_max_INT_DIV_ACC, = 0
gpu_max_FP_MUL_ACC, = 0
gpu_max_FP_DIV_ACC, = 0
gpu_max_FP_SQRT_ACC, = 0
gpu_max_FP_LG_ACC, = 0
gpu_max_FP_SIN_ACC, = 0
gpu_max_FP_EXP_ACC, = 0
gpu_max_DP_MUL_ACC, = 0
gpu_max_DP_DIV_ACC, = 0
gpu_max_TENSOR_ACC, = 0
gpu_max_TEX_ACC, = 0
gpu_max_MEM_RD, = 0
gpu_max_MEM_WR, = 0
gpu_max_MEM_PRE, = 0
gpu_max_L2_RH, = 0
gpu_max_L2_RM, = 0
gpu_max_L2_WH, = 0
gpu_max_L2_WM, = 515
gpu_max_NOC_A, = 841
gpu_max_PIPE_A, = 0.000651396
gpu_max_IDLE_CORE_N, = 130.306
gpu_max_constant_power = 0

Kernel Minimum Power Data:
kernel_min_power = 70.2049
gpu_min_IBP, = 0
gpu_min_ICP, = 0
gpu_min_DCP, = 0
gpu_min_TCP, = 0
gpu_min_CCP, = 0
gpu_min_SHRDP, = 0
gpu_min_RFP, = 0
gpu_min_INTP, = 0
gpu_min_FPUP, = 0
gpu_min_DPUP, = 0
gpu_min_INT_MUL24P, = 0
gpu_min_INT_MUL32P, = 0
gpu_min_INT_MULP, = 0
gpu_min_INT_DIVP, = 0
gpu_min_FP_MULP, = 0
gpu_min_FP_DIVP, = 0
gpu_min_FP_SQRTP, = 0
gpu_min_FP_LGP, = 0
gpu_min_FP_SINP, = 0
gpu_min_FP_EXP, = 0
gpu_min_DP_MULP, = 0
gpu_min_DP_DIVP, = 0
gpu_min_TENSORP, = 0
gpu_min_TEXP, = 0
gpu_min_SCHEDP, = 0
gpu_min_L2CP, = 0
gpu_min_MCP, = 0.55022
gpu_min_NOCP, = 0
gpu_min_DRAMP, = 0
gpu_min_PIPEP, = 0.000967492
gpu_min_IDLE_COREP, = 37.3285
gpu_min_CONSTP = 32.3252
gpu_min_STATICP = 0
gpu_min_TOT_INST, = 0
gpu_min_FP_INT, = 0
gpu_min_IC_H, = 0
gpu_min_IC_M, = 0
gpu_min_DC_RH, = 0
gpu_min_DC_RM, = 0
gpu_min_DC_WH, = 0
gpu_min_DC_WM, = 0
gpu_min_TC_H, = 0
gpu_min_TC_M, = 0
gpu_min_CC_H, = 0
gpu_min_CC_M, = 0
gpu_min_SHRD_ACC, = 0
gpu_min_REG_RD, = 0
gpu_min_REG_WR, = 0
gpu_min_NON_REG_OPs, = 0
gpu_min_INT_ACC, = 0
gpu_min_FPU_ACC, = 0
gpu_min_DPU_ACC, = 0
gpu_min_INT_MUL24_ACC, = 0
gpu_min_INT_MUL32_ACC, = 0
gpu_min_INT_MUL_ACC, = 0
gpu_min_INT_DIV_ACC, = 0
gpu_min_FP_MUL_ACC, = 0
gpu_min_FP_DIV_ACC, = 0
gpu_min_FP_SQRT_ACC, = 0
gpu_min_FP_LG_ACC, = 0
gpu_min_FP_SIN_ACC, = 0
gpu_min_FP_EXP_ACC, = 0
gpu_min_DP_MUL_ACC, = 0
gpu_min_DP_DIV_ACC, = 0
gpu_min_TENSOR_ACC, = 0
gpu_min_TEX_ACC, = 0
gpu_min_MEM_RD, = 0
gpu_min_MEM_WR, = 0
gpu_min_MEM_PRE, = 0
gpu_min_L2_RH, = 0
gpu_min_L2_RM, = 0
gpu_min_L2_WH, = 0
gpu_min_L2_WM, = 0
gpu_min_NOC_A, = 0
gpu_min_PIPE_A, = 2.95928e-05
gpu_min_IDLE_CORE_N, = 132
gpu_min_constant_power = 0

Accumulative Power Statistics Over Previous Kernels:
gpu_tot_avg_power = 74.5548
gpu_tot_max_power = 120.864
gpu_tot_min_power = 60.8126


kernel_name = nvjet_sm90_tst_64x8_64x16_4x2_h_bz_TNT 
kernel_launch_uid = 7 

Kernel Average Power Data:
kernel_avg_power = 81.2636
gpu_avg_IBP, = 0.264567
gpu_avg_ICP, = 0
gpu_avg_DCP, = 8.21942e-05
gpu_avg_TCP, = 0
gpu_avg_CCP, = 0.00194183
gpu_avg_SHRDP, = 0.243745
gpu_avg_RFP, = 0
gpu_avg_INTP, = 5.12901
gpu_avg_FPUP, = 0.0109023
gpu_avg_DPUP, = 0
gpu_avg_INT_MUL24P, = 0
gpu_avg_INT_MUL32P, = 0
gpu_avg_INT_MULP, = 0.430774
gpu_avg_INT_DIVP, = 0
gpu_avg_FP_MULP, = 0
gpu_avg_FP_DIVP, = 0
gpu_avg_FP_SQRTP, = 0
gpu_avg_FP_LGP, = 0
gpu_avg_FP_SINP, = 0
gpu_avg_FP_EXP, = 0
gpu_avg_DP_MULP, = 0
gpu_avg_DP_DIVP, = 0
gpu_avg_TENSORP, = 0
gpu_avg_TEXP, = 0
gpu_avg_SCHEDP, = 0.760261
gpu_avg_L2CP, = 0.0933472
gpu_avg_MCP, = 0.550467
gpu_avg_NOCP, = 4.12434
gpu_avg_DRAMP, = 0
gpu_avg_PIPEP, = 0.617736
gpu_avg_IDLE_COREP, = 32.8983
gpu_avg_CONSTP = 32.3252
gpu_avg_STATICP = 3.81296
gpu_avg_TOT_INST, = 11365.4
gpu_avg_FP_INT, = 11090.6
gpu_avg_IC_H, = 0
gpu_avg_IC_M, = 0
gpu_avg_DC_RH, = 0
gpu_avg_DC_RM, = 0
gpu_avg_DC_WH, = 0
gpu_avg_DC_WM, = 0.0769231
gpu_avg_TC_H, = 0
gpu_avg_TC_M, = 0
gpu_avg_CC_H, = 88.9231
gpu_avg_CC_M, = 0
gpu_avg_SHRD_ACC, = 546.615
gpu_avg_REG_RD, = 0
gpu_avg_REG_WR, = 0
gpu_avg_NON_REG_OPs, = 0
gpu_avg_INT_ACC, = 2.80426e+06
gpu_avg_FPU_ACC, = 146.026
gpu_avg_DPU_ACC, = 0
gpu_avg_INT_MUL24_ACC, = 0
gpu_avg_INT_MUL32_ACC, = 0
gpu_avg_INT_MUL_ACC, = 2812.78
gpu_avg_INT_DIV_ACC, = 0
gpu_avg_FP_MUL_ACC, = 0
gpu_avg_FP_DIV_ACC, = 0
gpu_avg_FP_SQRT_ACC, = 0
gpu_avg_FP_LG_ACC, = 0
gpu_avg_FP_SIN_ACC, = 0
gpu_avg_FP_EXP_ACC, = 0
gpu_avg_DP_MUL_ACC, = 0
gpu_avg_DP_DIV_ACC, = 0
gpu_avg_TENSOR_ACC, = 0
gpu_avg_TEX_ACC, = 0
gpu_avg_MEM_RD, = 0
gpu_avg_MEM_WR, = 0
gpu_avg_MEM_PRE, = 0
gpu_avg_L2_RH, = 91.0769
gpu_avg_L2_RM, = 3859.69
gpu_avg_L2_WH, = 0
gpu_avg_L2_WM, = 0.0769231
gpu_avg_NOC_A, = 12096.2
gpu_avg_PIPE_A, = 0.0188948
gpu_avg_IDLE_CORE_N, = 116.334
gpu_avg_constant_power = 0
gpu_avg_threads_per_warp = 17.3051
gpu_tot_TOT_INST, = 147750
gpu_tot_FP_INT, = 144178
gpu_tot_IC_H, = 0
gpu_tot_IC_M, = 0
gpu_tot_DC_RH, = 0
gpu_tot_DC_RM, = 0
gpu_tot_DC_WH, = 0
gpu_tot_DC_WM, = 1
gpu_tot_TC_H, = 0
gpu_tot_TC_M, = 0
gpu_tot_CC_H, = 1156
gpu_tot_CC_M, = 0
gpu_tot_SHRD_ACC, = 7106
gpu_tot_REG_RD, = 0
gpu_tot_REG_WR, = 0
gpu_tot_NON_REG_OPs, = 0
gpu_tot_INT_ACC, = 3.64553e+07
gpu_tot_FPU_ACC, = 1898.34
gpu_tot_DPU_ACC, = 0
gpu_tot_INT_MUL24_ACC, = 0
gpu_tot_INT_MUL32_ACC, = 0
gpu_tot_INT_MUL_ACC, = 36566.2
gpu_tot_INT_DIV_ACC, = 0
gpu_tot_FP_MUL_ACC, = 0
gpu_tot_FP_DIV_ACC, = 0
gpu_tot_FP_SQRT_ACC, = 0
gpu_tot_FP_LG_ACC, = 0
gpu_tot_FP_SIN_ACC, = 0
gpu_tot_FP_EXP_ACC, = 0
gpu_tot_DP_MUL_ACC, = 0
gpu_tot_DP_DIV_ACC, = 0
gpu_tot_TENSOR_ACC, = 0
gpu_tot_TEX_ACC, = 0
gpu_tot_MEM_RD, = 0
gpu_tot_MEM_WR, = 0
gpu_tot_MEM_PRE, = 0
gpu_tot_L2_RH, = 1184
gpu_tot_L2_RM, = 50176
gpu_tot_L2_WH, = 0
gpu_tot_L2_WM, = 1
gpu_tot_NOC_A, = 157251
gpu_tot_PIPE_A, = 0.245632
gpu_tot_IDLE_CORE_N, = 1512.34
gpu_tot_constant_power = 0

Kernel Maximum Power Data:
kernel_max_power = 104.357
gpu_max_IBP, = 0.539964
gpu_max_ICP, = 0
gpu_max_DCP, = 0
gpu_max_TCP, = 0
gpu_max_CCP, = 0
gpu_max_SHRDP, = 0.70321
gpu_max_RFP, = 0
gpu_max_INTP, = 10.3337
gpu_max_FPUP, = 0
gpu_max_DPUP, = 0
gpu_max_INT_MUL24P, = 0
gpu_max_INT_MUL32P, = 0
gpu_max_INT_MULP, = 0.393155
gpu_max_INT_DIVP, = 0
gpu_max_FP_MULP, = 0
gpu_max_FP_DIVP, = 0
gpu_max_FP_SQRTP, = 0
gpu_max_FP_LGP, = 0
gpu_max_FP_SINP, = 0
gpu_max_FP_EXP, = 0
gpu_max_DP_MULP, = 0
gpu_max_DP_DIVP, = 0
gpu_max_TENSORP, = 0
gpu_max_TEXP, = 0
gpu_max_SCHEDP, = 1.55259
gpu_max_L2CP, = 0.449316
gpu_max_MCP, = 0.55022
gpu_max_NOCP, = 20.4536
gpu_max_DRAMP, = 0
gpu_max_PIPEP, = 1.23332
gpu_max_IDLE_COREP, = 28.2792
gpu_max_CONSTP = 32.3252
gpu_max_STATICP = 7.54392
gpu_max_TOT_INST, = 23196
gpu_max_FP_INT, = 22649
gpu_max_IC_H, = 0
gpu_max_IC_M, = 0
gpu_max_DC_RH, = 0
gpu_max_DC_RM, = 0
gpu_max_DC_WH, = 0
gpu_max_DC_WM, = 0
gpu_max_TC_H, = 0
gpu_max_TC_M, = 0
gpu_max_CC_H, = 0
gpu_max_CC_M, = 0
gpu_max_SHRD_ACC, = 1577
gpu_max_REG_RD, = 0
gpu_max_REG_WR, = 0
gpu_max_NON_REG_OPs, = 0
gpu_max_INT_ACC, = 5.64988e+06
gpu_max_FPU_ACC, = 0
gpu_max_DPU_ACC, = 0
gpu_max_INT_MUL24_ACC, = 0
gpu_max_INT_MUL32_ACC, = 0
gpu_max_INT_MUL_ACC, = 2567.15
gpu_max_INT_DIV_ACC, = 0
gpu_max_FP_MUL_ACC, = 0
gpu_max_FP_DIV_ACC, = 0
gpu_max_FP_SQRT_ACC, = 0
gpu_max_FP_LG_ACC, = 0
gpu_max_FP_SIN_ACC, = 0
gpu_max_FP_EXP_ACC, = 0
gpu_max_DP_MUL_ACC, = 0
gpu_max_DP_DIV_ACC, = 0
gpu_max_TENSOR_ACC, = 0
gpu_max_TEX_ACC, = 0
gpu_max_MEM_RD, = 0
gpu_max_MEM_WR, = 0
gpu_max_MEM_PRE, = 0
gpu_max_L2_RH, = 432
gpu_max_L2_RM, = 18687
gpu_max_L2_WH, = 0
gpu_max_L2_WM, = 0
gpu_max_NOC_A, = 59988
gpu_max_PIPE_A, = 0.0377236
gpu_max_IDLE_CORE_N, = 100
gpu_max_constant_power = 0

Kernel Minimum Power Data:
kernel_min_power = 70.1965
gpu_min_IBP, = 0.00041901
gpu_min_ICP, = 0
gpu_min_DCP, = 0.00106852
gpu_min_TCP, = 0
gpu_min_CCP, = 0
gpu_min_SHRDP, = 0
gpu_min_RFP, = 0
gpu_min_INTP, = 0.00789484
gpu_min_FPUP, = 0
gpu_min_DPUP, = 0
gpu_min_INT_MUL24P, = 0
gpu_min_INT_MUL32P, = 0
gpu_min_INT_MULP, = 0
gpu_min_INT_DIVP, = 0
gpu_min_FP_MULP, = 0
gpu_min_FP_DIVP, = 0
gpu_min_FP_SQRTP, = 0
gpu_min_FP_LGP, = 0
gpu_min_FP_SINP, = 0
gpu_min_FP_EXP, = 0
gpu_min_DP_MULP, = 0
gpu_min_DP_DIVP, = 0
gpu_min_TENSORP, = 0
gpu_min_TEXP, = 0
gpu_min_SCHEDP, = 0.0012339
gpu_min_L2CP, = 0.000514796
gpu_min_MCP, = 0.550709
gpu_min_NOCP, = 0.00102288
gpu_min_DRAMP, = 0
gpu_min_PIPEP, = 0.00369198
gpu_min_IDLE_COREP, = 37.1696
gpu_min_CONSTP = 32.3252
gpu_min_STATICP = 0.13518
gpu_min_TOT_INST, = 18
gpu_min_FP_INT, = 18
gpu_min_IC_H, = 0
gpu_min_IC_M, = 0
gpu_min_DC_RH, = 0
gpu_min_DC_RM, = 0
gpu_min_DC_WH, = 0
gpu_min_DC_WM, = 1
gpu_min_TC_H, = 0
gpu_min_TC_M, = 0
gpu_min_CC_H, = 0
gpu_min_CC_M, = 0
gpu_min_SHRD_ACC, = 0
gpu_min_REG_RD, = 0
gpu_min_REG_WR, = 0
gpu_min_NON_REG_OPs, = 0
gpu_min_INT_ACC, = 4316.45
gpu_min_FPU_ACC, = 0
gpu_min_DPU_ACC, = 0
gpu_min_INT_MUL24_ACC, = 0
gpu_min_INT_MUL32_ACC, = 0
gpu_min_INT_MUL_ACC, = 0
gpu_min_INT_DIV_ACC, = 0
gpu_min_FP_MUL_ACC, = 0
gpu_min_FP_DIV_ACC, = 0
gpu_min_FP_SQRT_ACC, = 0
gpu_min_FP_LG_ACC, = 0
gpu_min_FP_SIN_ACC, = 0
gpu_min_FP_EXP_ACC, = 0
gpu_min_DP_MUL_ACC, = 0
gpu_min_DP_DIV_ACC, = 0
gpu_min_TENSOR_ACC, = 0
gpu_min_TEX_ACC, = 0
gpu_min_MEM_RD, = 0
gpu_min_MEM_WR, = 0
gpu_min_MEM_PRE, = 0
gpu_min_L2_RH, = 0
gpu_min_L2_RM, = 0
gpu_min_L2_WH, = 0
gpu_min_L2_WM, = 1
gpu_min_NOC_A, = 3
gpu_min_PIPE_A, = 0.000112927
gpu_min_IDLE_CORE_N, = 131.438
gpu_min_constant_power = 0

Accumulative Power Statistics Over Previous Kernels:
gpu_tot_avg_power = 75.4633
gpu_tot_max_power = 120.864
gpu_tot_min_power = 60.8126


kernel_name = _ZN4vllm25fused_add_rms_norm_kernelIN3c108BFloat16ELi8ELb1EEENSt9enable_ifIXaagtT0_Li0Esr4vllm12_typeConvertIT_EE6existsEvE4typeEPS4_lS7_PKS4_fiil 
kernel_launch_uid = 8 

Kernel Average Power Data:
kernel_avg_power = 72.6278
gpu_avg_IBP, = 0.0642249
gpu_avg_ICP, = 0
gpu_avg_DCP, = 0.283117
gpu_avg_TCP, = 0
gpu_avg_CCP, = 0.00123744
gpu_avg_SHRDP, = 0.0260861
gpu_avg_RFP, = 0
gpu_avg_INTP, = 0.880572
gpu_avg_FPUP, = 0.184274
gpu_avg_DPUP, = 0
gpu_avg_INT_MUL24P, = 0
gpu_avg_INT_MUL32P, = 0
gpu_avg_INT_MULP, = 0.169385
gpu_avg_INT_DIVP, = 0
gpu_avg_FP_MULP, = 0.0346049
gpu_avg_FP_DIVP, = 0
gpu_avg_FP_SQRTP, = 2.48981e-05
gpu_avg_FP_LGP, = 0
gpu_avg_FP_SINP, = 0
gpu_avg_FP_EXP, = 4.62055e-05
gpu_avg_DP_MULP, = 0
gpu_avg_DP_DIVP, = 0
gpu_avg_TENSORP, = 0
gpu_avg_TEXP, = 0
gpu_avg_SCHEDP, = 0.180046
gpu_avg_L2CP, = 0.11082
gpu_avg_MCP, = 0.593298
gpu_avg_NOCP, = 0.274786
gpu_avg_DRAMP, = 0
gpu_avg_PIPEP, = 0.273759
gpu_avg_IDLE_COREP, = 35.6058
gpu_avg_CONSTP = 32.3252
gpu_avg_STATICP = 1.62044
gpu_avg_TOT_INST, = 2759
gpu_avg_FP_INT, = 2626.5
gpu_avg_IC_H, = 0
gpu_avg_IC_M, = 0
gpu_avg_DC_RH, = 93.3333
gpu_avg_DC_RM, = 93.3333
gpu_avg_DC_WH, = 93.3333
gpu_avg_DC_WM, = 0
gpu_avg_TC_H, = 0
gpu_avg_TC_M, = 0
gpu_avg_CC_H, = 56.6667
gpu_avg_CC_M, = 0
gpu_avg_SHRD_ACC, = 58.5
gpu_avg_REG_RD, = 0
gpu_avg_REG_WR, = 0
gpu_avg_NON_REG_OPs, = 0
gpu_avg_INT_ACC, = 481447
gpu_avg_FPU_ACC, = 2468.18
gpu_avg_DPU_ACC, = 0
gpu_avg_INT_MUL24_ACC, = 0
gpu_avg_INT_MUL32_ACC, = 0
gpu_avg_INT_MUL_ACC, = 1106.02
gpu_avg_INT_DIV_ACC, = 0
gpu_avg_FP_MUL_ACC, = 225.956
gpu_avg_FP_DIV_ACC, = 0
gpu_avg_FP_SQRT_ACC, = 0.162574
gpu_avg_FP_LG_ACC, = 0
gpu_avg_FP_SIN_ACC, = 0
gpu_avg_FP_EXP_ACC, = 0.301703
gpu_avg_DP_MUL_ACC, = 0
gpu_avg_DP_DIV_ACC, = 0
gpu_avg_TENSOR_ACC, = 0
gpu_avg_TEX_ACC, = 0
gpu_avg_MEM_RD, = 0
gpu_avg_MEM_WR, = 0
gpu_avg_MEM_PRE, = 0
gpu_avg_L2_RH, = 81.3333
gpu_avg_L2_RM, = 26
gpu_avg_L2_WH, = 60.0833
gpu_avg_L2_WM, = 46.6667
gpu_avg_NOC_A, = 805.917
gpu_avg_PIPE_A, = 0.0083735
gpu_avg_IDLE_CORE_N, = 125.908
gpu_avg_constant_power = 0
gpu_avg_threads_per_warp = 13.0394
gpu_tot_TOT_INST, = 33108
gpu_tot_FP_INT, = 31518
gpu_tot_IC_H, = 0
gpu_tot_IC_M, = 0
gpu_tot_DC_RH, = 1120
gpu_tot_DC_RM, = 1120
gpu_tot_DC_WH, = 1120
gpu_tot_DC_WM, = 0
gpu_tot_TC_H, = 0
gpu_tot_TC_M, = 0
gpu_tot_CC_H, = 680
gpu_tot_CC_M, = 0
gpu_tot_SHRD_ACC, = 702
gpu_tot_REG_RD, = 0
gpu_tot_REG_WR, = 0
gpu_tot_NON_REG_OPs, = 0
gpu_tot_INT_ACC, = 5.77736e+06
gpu_tot_FPU_ACC, = 29618.1
gpu_tot_DPU_ACC, = 0
gpu_tot_INT_MUL24_ACC, = 0
gpu_tot_INT_MUL32_ACC, = 0
gpu_tot_INT_MUL_ACC, = 13272.2
gpu_tot_INT_DIV_ACC, = 0
gpu_tot_FP_MUL_ACC, = 2711.47
gpu_tot_FP_DIV_ACC, = 0
gpu_tot_FP_SQRT_ACC, = 1.95089
gpu_tot_FP_LG_ACC, = 0
gpu_tot_FP_SIN_ACC, = 0
gpu_tot_FP_EXP_ACC, = 3.62044
gpu_tot_DP_MUL_ACC, = 0
gpu_tot_DP_DIV_ACC, = 0
gpu_tot_TENSOR_ACC, = 0
gpu_tot_TEX_ACC, = 0
gpu_tot_MEM_RD, = 0
gpu_tot_MEM_WR, = 0
gpu_tot_MEM_PRE, = 0
gpu_tot_L2_RH, = 976
gpu_tot_L2_RM, = 312
gpu_tot_L2_WH, = 721
gpu_tot_L2_WM, = 560
gpu_tot_NOC_A, = 9671
gpu_tot_PIPE_A, = 0.100482
gpu_tot_IDLE_CORE_N, = 1510.9
gpu_tot_constant_power = 0

Kernel Maximum Power Data:
kernel_max_power = 81.7115
gpu_max_IBP, = 0.311464
gpu_max_ICP, = 0
gpu_max_DCP, = 1.62649
gpu_max_TCP, = 0
gpu_max_CCP, = 0.00611441
gpu_max_SHRDP, = 0.10702
gpu_max_RFP, = 0
gpu_max_INTP, = 5.43867
gpu_max_FPUP, = 1.22432
gpu_max_DPUP, = 0
gpu_max_INT_MUL24P, = 0
gpu_max_INT_MUL32P, = 0
gpu_max_INT_MULP, = 0.518943
gpu_max_INT_DIVP, = 0
gpu_max_FP_MULP, = 0.0153546
gpu_max_FP_DIVP, = 0
gpu_max_FP_SQRTP, = 0
gpu_max_FP_LGP, = 0
gpu_max_FP_SINP, = 0
gpu_max_FP_EXP, = 0
gpu_max_DP_MULP, = 0
gpu_max_DP_DIVP, = 0
gpu_max_TENSORP, = 0
gpu_max_TEXP, = 0
gpu_max_SCHEDP, = 0.881552
gpu_max_L2CP, = 0
gpu_max_MCP, = 0.79801
gpu_max_NOCP, = 0.381876
gpu_max_DRAMP, = 0
gpu_max_PIPEP, = 0.845666
gpu_max_IDLE_COREP, = 34.5006
gpu_max_CONSTP = 32.3252
gpu_max_STATICP = 2.73024
gpu_max_TOT_INST, = 13380
gpu_max_FP_INT, = 12860
gpu_max_IC_H, = 0
gpu_max_IC_M, = 0
gpu_max_DC_RH, = 560
gpu_max_DC_RM, = 560
gpu_max_DC_WH, = 0
gpu_max_DC_WM, = 0
gpu_max_TC_H, = 0
gpu_max_TC_M, = 0
gpu_max_CC_H, = 280
gpu_max_CC_M, = 0
gpu_max_SHRD_ACC, = 240
gpu_max_REG_RD, = 0
gpu_max_REG_WR, = 0
gpu_max_NON_REG_OPs, = 0
gpu_max_INT_ACC, = 2.97356e+06
gpu_max_FPU_ACC, = 16398.6
gpu_max_DPU_ACC, = 0
gpu_max_INT_MUL24_ACC, = 0
gpu_max_INT_MUL32_ACC, = 0
gpu_max_INT_MUL_ACC, = 3388.49
gpu_max_INT_DIV_ACC, = 0
gpu_max_FP_MUL_ACC, = 100.259
gpu_max_FP_DIV_ACC, = 0
gpu_max_FP_SQRT_ACC, = 0
gpu_max_FP_LG_ACC, = 0
gpu_max_FP_SIN_ACC, = 0
gpu_max_FP_EXP_ACC, = 0
gpu_max_DP_MUL_ACC, = 0
gpu_max_DP_DIV_ACC, = 0
gpu_max_TENSOR_ACC, = 0
gpu_max_TEX_ACC, = 0
gpu_max_MEM_RD, = 0
gpu_max_MEM_WR, = 0
gpu_max_MEM_PRE, = 0
gpu_max_L2_RH, = 0
gpu_max_L2_RM, = 0
gpu_max_L2_WH, = 0
gpu_max_L2_WM, = 0
gpu_max_NOC_A, = 1120
gpu_max_PIPE_A, = 0.0258665
gpu_max_IDLE_CORE_N, = 122
gpu_max_constant_power = 0

Kernel Minimum Power Data:
kernel_min_power = 70.3278
gpu_min_IBP, = 0
gpu_min_ICP, = 0
gpu_min_DCP, = 0
gpu_min_TCP, = 0
gpu_min_CCP, = 0
gpu_min_SHRDP, = 0
gpu_min_RFP, = 0
gpu_min_INTP, = 0
gpu_min_FPUP, = 0
gpu_min_DPUP, = 0
gpu_min_INT_MUL24P, = 0
gpu_min_INT_MUL32P, = 0
gpu_min_INT_MULP, = 0
gpu_min_INT_DIVP, = 0
gpu_min_FP_MULP, = 0
gpu_min_FP_DIVP, = 0
gpu_min_FP_SQRTP, = 0
gpu_min_FP_LGP, = 0
gpu_min_FP_SINP, = 0
gpu_min_FP_EXP, = 0
gpu_min_DP_MULP, = 0
gpu_min_DP_DIVP, = 0
gpu_min_TENSORP, = 0
gpu_min_TEXP, = 0
gpu_min_SCHEDP, = 0
gpu_min_L2CP, = 0
gpu_min_MCP, = 0.55022
gpu_min_NOCP, = 0
gpu_min_DRAMP, = 0
gpu_min_PIPEP, = 0.123839
gpu_min_IDLE_COREP, = 37.3285
gpu_min_CONSTP = 32.3252
gpu_min_STATICP = 0
gpu_min_TOT_INST, = 0
gpu_min_FP_INT, = 0
gpu_min_IC_H, = 0
gpu_min_IC_M, = 0
gpu_min_DC_RH, = 0
gpu_min_DC_RM, = 0
gpu_min_DC_WH, = 0
gpu_min_DC_WM, = 0
gpu_min_TC_H, = 0
gpu_min_TC_M, = 0
gpu_min_CC_H, = 0
gpu_min_CC_M, = 0
gpu_min_SHRD_ACC, = 0
gpu_min_REG_RD, = 0
gpu_min_REG_WR, = 0
gpu_min_NON_REG_OPs, = 0
gpu_min_INT_ACC, = 0
gpu_min_FPU_ACC, = 0
gpu_min_DPU_ACC, = 0
gpu_min_INT_MUL24_ACC, = 0
gpu_min_INT_MUL32_ACC, = 0
gpu_min_INT_MUL_ACC, = 0
gpu_min_INT_DIV_ACC, = 0
gpu_min_FP_MUL_ACC, = 0
gpu_min_FP_DIV_ACC, = 0
gpu_min_FP_SQRT_ACC, = 0
gpu_min_FP_LG_ACC, = 0
gpu_min_FP_SIN_ACC, = 0
gpu_min_FP_EXP_ACC, = 0
gpu_min_DP_MUL_ACC, = 0
gpu_min_DP_DIV_ACC, = 0
gpu_min_TENSOR_ACC, = 0
gpu_min_TEX_ACC, = 0
gpu_min_MEM_RD, = 0
gpu_min_MEM_WR, = 0
gpu_min_MEM_PRE, = 0
gpu_min_L2_RH, = 0
gpu_min_L2_RM, = 0
gpu_min_L2_WH, = 0
gpu_min_L2_WM, = 0
gpu_min_NOC_A, = 0
gpu_min_PIPE_A, = 0.00378788
gpu_min_IDLE_CORE_N, = 132
gpu_min_constant_power = 0

Accumulative Power Statistics Over Previous Kernels:
gpu_tot_avg_power = 75.1483
gpu_tot_max_power = 120.864
gpu_tot_min_power = 60.8126


kernel_name = nvjet_sm90_tst_128x16_64x11_4x1_v_bz_TNT 
kernel_launch_uid = 9 

Kernel Average Power Data:
kernel_avg_power = 98.7321
gpu_avg_IBP, = 0.354959
gpu_avg_ICP, = 0
gpu_avg_DCP, = 0
gpu_avg_TCP, = 0
gpu_avg_CCP, = 0.00207453
gpu_avg_SHRDP, = 0.25591
gpu_avg_RFP, = 0
gpu_avg_INTP, = 7.07701
gpu_avg_FPUP, = 0.119083
gpu_avg_DPUP, = 0
gpu_avg_INT_MUL24P, = 0
gpu_avg_INT_MUL32P, = 0
gpu_avg_INT_MULP, = 0.544377
gpu_avg_INT_DIVP, = 0
gpu_avg_FP_MULP, = 0
gpu_avg_FP_DIVP, = 0
gpu_avg_FP_SQRTP, = 0
gpu_avg_FP_LGP, = 0
gpu_avg_FP_SINP, = 0
gpu_avg_FP_EXP, = 0
gpu_avg_DP_MULP, = 0
gpu_avg_DP_DIVP, = 0
gpu_avg_TENSORP, = 0
gpu_avg_TEXP, = 0
gpu_avg_SCHEDP, = 1.01297
gpu_avg_L2CP, = 0.47551
gpu_avg_MCP, = 0.550443
gpu_avg_NOCP, = 19.7968
gpu_avg_DRAMP, = 0
gpu_avg_PIPEP, = 0.990979
gpu_avg_IDLE_COREP, = 20.7566
gpu_avg_CONSTP = 32.3252
gpu_avg_STATICP = 14.4702
gpu_avg_TOT_INST, = 15248.5
gpu_avg_FP_INT, = 14777.2
gpu_avg_IC_H, = 0
gpu_avg_IC_M, = 0
gpu_avg_DC_RH, = 0
gpu_avg_DC_RM, = 0
gpu_avg_DC_WH, = 0
gpu_avg_DC_WM, = 0
gpu_avg_TC_H, = 0
gpu_avg_TC_M, = 0
gpu_avg_CC_H, = 95
gpu_avg_CC_M, = 0
gpu_avg_SHRD_ACC, = 573.897
gpu_avg_REG_RD, = 0
gpu_avg_REG_WR, = 0
gpu_avg_NON_REG_OPs, = 0
gpu_avg_INT_ACC, = 3.86931e+06
gpu_avg_FPU_ACC, = 1595
gpu_avg_DPU_ACC, = 0
gpu_avg_INT_MUL24_ACC, = 0
gpu_avg_INT_MUL32_ACC, = 0
gpu_avg_INT_MUL_ACC, = 3554.56
gpu_avg_INT_DIV_ACC, = 0
gpu_avg_FP_MUL_ACC, = 0
gpu_avg_FP_DIV_ACC, = 0
gpu_avg_FP_SQRT_ACC, = 0
gpu_avg_FP_LG_ACC, = 0
gpu_avg_FP_SIN_ACC, = 0
gpu_avg_FP_EXP_ACC, = 0
gpu_avg_DP_MUL_ACC, = 0
gpu_avg_DP_DIV_ACC, = 0
gpu_avg_TENSOR_ACC, = 0
gpu_avg_TEX_ACC, = 0
gpu_avg_MEM_RD, = 0
gpu_avg_MEM_WR, = 0
gpu_avg_MEM_PRE, = 0
gpu_avg_L2_RH, = 141
gpu_avg_L2_RM, = 18785.1
gpu_avg_L2_WH, = 13.7586
gpu_avg_L2_WM, = 172.931
gpu_avg_NOC_A, = 58061.7
gpu_avg_PIPE_A, = 0.0303112
gpu_avg_IDLE_CORE_N, = 73.399
gpu_avg_constant_power = 0
gpu_avg_threads_per_warp = 22.8559
gpu_tot_TOT_INST, = 442206
gpu_tot_FP_INT, = 428538
gpu_tot_IC_H, = 0
gpu_tot_IC_M, = 0
gpu_tot_DC_RH, = 0
gpu_tot_DC_RM, = 0
gpu_tot_DC_WH, = 0
gpu_tot_DC_WM, = 0
gpu_tot_TC_H, = 0
gpu_tot_TC_M, = 0
gpu_tot_CC_H, = 2755
gpu_tot_CC_M, = 0
gpu_tot_SHRD_ACC, = 16643
gpu_tot_REG_RD, = 0
gpu_tot_REG_WR, = 0
gpu_tot_NON_REG_OPs, = 0
gpu_tot_INT_ACC, = 1.1221e+08
gpu_tot_FPU_ACC, = 46255.1
gpu_tot_DPU_ACC, = 0
gpu_tot_INT_MUL24_ACC, = 0
gpu_tot_INT_MUL32_ACC, = 0
gpu_tot_INT_MUL_ACC, = 103082
gpu_tot_INT_DIV_ACC, = 0
gpu_tot_FP_MUL_ACC, = 0
gpu_tot_FP_DIV_ACC, = 0
gpu_tot_FP_SQRT_ACC, = 0
gpu_tot_FP_LG_ACC, = 0
gpu_tot_FP_SIN_ACC, = 0
gpu_tot_FP_EXP_ACC, = 0
gpu_tot_DP_MUL_ACC, = 0
gpu_tot_DP_DIV_ACC, = 0
gpu_tot_TENSOR_ACC, = 0
gpu_tot_TEX_ACC, = 0
gpu_tot_MEM_RD, = 0
gpu_tot_MEM_WR, = 0
gpu_tot_MEM_PRE, = 0
gpu_tot_L2_RH, = 4089
gpu_tot_L2_RM, = 544768
gpu_tot_L2_WH, = 399
gpu_tot_L2_WM, = 5015
gpu_tot_NOC_A, = 1.68379e+06
gpu_tot_PIPE_A, = 0.879025
gpu_tot_IDLE_CORE_N, = 2128.57
gpu_tot_constant_power = 0

Kernel Maximum Power Data:
kernel_max_power = 154.291
gpu_max_IBP, = 2.81388
gpu_max_ICP, = 0
gpu_max_DCP, = 0
gpu_max_TCP, = 0
gpu_max_CCP, = 0.0203304
gpu_max_SHRDP, = 1.05058
gpu_max_RFP, = 0
gpu_max_INTP, = 53.7382
gpu_max_FPUP, = 0
gpu_max_DPUP, = 0
gpu_max_INT_MUL24P, = 0
gpu_max_INT_MUL32P, = 0
gpu_max_INT_MULP, = 8.5476
gpu_max_INT_DIVP, = 0
gpu_max_FP_MULP, = 0
gpu_max_FP_DIVP, = 0
gpu_max_FP_SQRTP, = 0
gpu_max_FP_LGP, = 0
gpu_max_FP_SINP, = 0
gpu_max_FP_EXP, = 0
gpu_max_DP_MULP, = 0
gpu_max_DP_DIVP, = 0
gpu_max_TENSORP, = 0
gpu_max_TEXP, = 0
gpu_max_SCHEDP, = 8.14044
gpu_max_L2CP, = 0
gpu_max_MCP, = 0.552408
gpu_max_NOCP, = 6.32278
gpu_max_DRAMP, = 0
gpu_max_PIPEP, = 6.67593
gpu_max_IDLE_COREP, = 17.9426
gpu_max_CONSTP = 32.3252
gpu_max_STATICP = 16.161
gpu_max_TOT_INST, = 120880
gpu_max_FP_INT, = 118752
gpu_max_IC_H, = 0
gpu_max_IC_M, = 0
gpu_max_DC_RH, = 0
gpu_max_DC_RM, = 0
gpu_max_DC_WH, = 0
gpu_max_DC_WM, = 0
gpu_max_TC_H, = 0
gpu_max_TC_M, = 0
gpu_max_CC_H, = 931
gpu_max_CC_M, = 0
gpu_max_SHRD_ACC, = 2356
gpu_max_REG_RD, = 0
gpu_max_REG_WR, = 0
gpu_max_NON_REG_OPs, = 0
gpu_max_INT_ACC, = 2.9381e+07
gpu_max_FPU_ACC, = 0
gpu_max_DPU_ACC, = 0
gpu_max_INT_MUL24_ACC, = 0
gpu_max_INT_MUL32_ACC, = 0
gpu_max_INT_MUL_ACC, = 55812.4
gpu_max_INT_DIV_ACC, = 0
gpu_max_FP_MUL_ACC, = 0
gpu_max_FP_DIV_ACC, = 0
gpu_max_FP_SQRT_ACC, = 0
gpu_max_FP_LG_ACC, = 0
gpu_max_FP_SIN_ACC, = 0
gpu_max_FP_EXP_ACC, = 0
gpu_max_DP_MUL_ACC, = 0
gpu_max_DP_DIV_ACC, = 0
gpu_max_TENSOR_ACC, = 0
gpu_max_TEX_ACC, = 0
gpu_max_MEM_RD, = 0
gpu_max_MEM_WR, = 0
gpu_max_MEM_PRE, = 0
gpu_max_L2_RH, = 0
gpu_max_L2_RM, = 0
gpu_max_L2_WH, = 0
gpu_max_L2_WM, = 0
gpu_max_NOC_A, = 18544
gpu_max_PIPE_A, = 0.204197
gpu_max_IDLE_CORE_N, = 63.448
gpu_max_constant_power = 0

Kernel Minimum Power Data:
kernel_min_power = 70.3278
gpu_min_IBP, = 0
gpu_min_ICP, = 0
gpu_min_DCP, = 0
gpu_min_TCP, = 0
gpu_min_CCP, = 0
gpu_min_SHRDP, = 0
gpu_min_RFP, = 0
gpu_min_INTP, = 0
gpu_min_FPUP, = 0
gpu_min_DPUP, = 0
gpu_min_INT_MUL24P, = 0
gpu_min_INT_MUL32P, = 0
gpu_min_INT_MULP, = 0
gpu_min_INT_DIVP, = 0
gpu_min_FP_MULP, = 0
gpu_min_FP_DIVP, = 0
gpu_min_FP_SQRTP, = 0
gpu_min_FP_LGP, = 0
gpu_min_FP_SINP, = 0
gpu_min_FP_EXP, = 0
gpu_min_DP_MULP, = 0
gpu_min_DP_DIVP, = 0
gpu_min_TENSORP, = 0
gpu_min_TEXP, = 0
gpu_min_SCHEDP, = 0
gpu_min_L2CP, = 0
gpu_min_MCP, = 0.55022
gpu_min_NOCP, = 0
gpu_min_DRAMP, = 0
gpu_min_PIPEP, = 0.123839
gpu_min_IDLE_COREP, = 37.3285
gpu_min_CONSTP = 32.3252
gpu_min_STATICP = 0
gpu_min_TOT_INST, = 0
gpu_min_FP_INT, = 0
gpu_min_IC_H, = 0
gpu_min_IC_M, = 0
gpu_min_DC_RH, = 0
gpu_min_DC_RM, = 0
gpu_min_DC_WH, = 0
gpu_min_DC_WM, = 0
gpu_min_TC_H, = 0
gpu_min_TC_M, = 0
gpu_min_CC_H, = 0
gpu_min_CC_M, = 0
gpu_min_SHRD_ACC, = 0
gpu_min_REG_RD, = 0
gpu_min_REG_WR, = 0
gpu_min_NON_REG_OPs, = 0
gpu_min_INT_ACC, = 0
gpu_min_FPU_ACC, = 0
gpu_min_DPU_ACC, = 0
gpu_min_INT_MUL24_ACC, = 0
gpu_min_INT_MUL32_ACC, = 0
gpu_min_INT_MUL_ACC, = 0
gpu_min_INT_DIV_ACC, = 0
gpu_min_FP_MUL_ACC, = 0
gpu_min_FP_DIV_ACC, = 0
gpu_min_FP_SQRT_ACC, = 0
gpu_min_FP_LG_ACC, = 0
gpu_min_FP_SIN_ACC, = 0
gpu_min_FP_EXP_ACC, = 0
gpu_min_DP_MUL_ACC, = 0
gpu_min_DP_DIV_ACC, = 0
gpu_min_TENSOR_ACC, = 0
gpu_min_TEX_ACC, = 0
gpu_min_MEM_RD, = 0
gpu_min_MEM_WR, = 0
gpu_min_MEM_PRE, = 0
gpu_min_L2_RH, = 0
gpu_min_L2_RM, = 0
gpu_min_L2_WH, = 0
gpu_min_L2_WM, = 0
gpu_min_NOC_A, = 0
gpu_min_PIPE_A, = 0.00378788
gpu_min_IDLE_CORE_N, = 132
gpu_min_constant_power = 0

Accumulative Power Statistics Over Previous Kernels:
gpu_tot_avg_power = 80.1405
gpu_tot_max_power = 154.291
gpu_tot_min_power = 60.8126


kernel_name = _ZN4vllm18act_and_mul_kernelIN3c108BFloat16E14__nv_bfloat162XadL_ZNS_11silu_kernelIS2_EET_RKS5_fEEXadL_ZNS_18packed_silu_kernelIS3_EES5_S7_fEELb1ELb1ELb0ELb0EEEvPS5_PS6_ifff 
kernel_launch_uid = 10 

Kernel Average Power Data:
kernel_avg_power = 76.126
gpu_avg_IBP, = 0.0975982
gpu_avg_ICP, = 0
gpu_avg_DCP, = 0.831952
gpu_avg_TCP, = 0
gpu_avg_CCP, = 0.00138302
gpu_avg_SHRDP, = 0.000148639
gpu_avg_RFP, = 0
gpu_avg_INTP, = 0.642772
gpu_avg_FPUP, = 0.641898
gpu_avg_DPUP, = 0
gpu_avg_INT_MUL24P, = 0
gpu_avg_INT_MUL32P, = 0
gpu_avg_INT_MULP, = 0.224029
gpu_avg_INT_DIVP, = 0
gpu_avg_FP_MULP, = 0.722395
gpu_avg_FP_DIVP, = 0
gpu_avg_FP_SQRTP, = 0
gpu_avg_FP_LGP, = 0
gpu_avg_FP_SINP, = 0
gpu_avg_FP_EXP, = 0.449487
gpu_avg_DP_MULP, = 0
gpu_avg_DP_DIVP, = 0
gpu_avg_TENSORP, = 0
gpu_avg_TEXP, = 0
gpu_avg_SCHEDP, = 0.261267
gpu_avg_L2CP, = 0.305453
gpu_avg_MCP, = 0.792137
gpu_avg_NOCP, = 0.801514
gpu_avg_DRAMP, = 0
gpu_avg_PIPEP, = 0.69053
gpu_avg_IDLE_COREP, = 35.9395
gpu_avg_CONSTP = 32.3252
gpu_avg_STATICP = 1.39872
gpu_avg_TOT_INST, = 4192.67
gpu_avg_FP_INT, = 3811.33
gpu_avg_IC_H, = 0
gpu_avg_IC_M, = 0
gpu_avg_DC_RH, = 0
gpu_avg_DC_RM, = 506.667
gpu_avg_DC_WH, = 0
gpu_avg_DC_WM, = 253.333
gpu_avg_TC_H, = 0
gpu_avg_TC_M, = 0
gpu_avg_CC_H, = 63.3333
gpu_avg_CC_M, = 0
gpu_avg_SHRD_ACC, = 0.333333
gpu_avg_REG_RD, = 0
gpu_avg_REG_WR, = 0
gpu_avg_NON_REG_OPs, = 0
gpu_avg_INT_ACC, = 351431
gpu_avg_FPU_ACC, = 8597.62
gpu_avg_DPU_ACC, = 0
gpu_avg_INT_MUL24_ACC, = 0
gpu_avg_INT_MUL32_ACC, = 0
gpu_avg_INT_MUL_ACC, = 1462.82
gpu_avg_INT_DIV_ACC, = 0
gpu_avg_FP_MUL_ACC, = 4716.95
gpu_avg_FP_DIV_ACC, = 0
gpu_avg_FP_SQRT_ACC, = 0
gpu_avg_FP_LG_ACC, = 0
gpu_avg_FP_SIN_ACC, = 0
gpu_avg_FP_EXP_ACC, = 2934.97
gpu_avg_DP_MUL_ACC, = 0
gpu_avg_DP_DIV_ACC, = 0
gpu_avg_TENSOR_ACC, = 0
gpu_avg_TEX_ACC, = 0
gpu_avg_MEM_RD, = 0
gpu_avg_MEM_WR, = 0
gpu_avg_MEM_PRE, = 0
gpu_avg_L2_RH, = 506.667
gpu_avg_L2_RM, = 0
gpu_avg_L2_WH, = 0
gpu_avg_L2_WM, = 325.25
gpu_avg_NOC_A, = 2350.75
gpu_avg_PIPE_A, = 0.0211213
gpu_avg_IDLE_CORE_N, = 127.088
gpu_avg_constant_power = 0
gpu_avg_threads_per_warp = 18.5333
gpu_tot_TOT_INST, = 50312
gpu_tot_FP_INT, = 45736
gpu_tot_IC_H, = 0
gpu_tot_IC_M, = 0
gpu_tot_DC_RH, = 0
gpu_tot_DC_RM, = 6080
gpu_tot_DC_WH, = 0
gpu_tot_DC_WM, = 3040
gpu_tot_TC_H, = 0
gpu_tot_TC_M, = 0
gpu_tot_CC_H, = 760
gpu_tot_CC_M, = 0
gpu_tot_SHRD_ACC, = 4
gpu_tot_REG_RD, = 0
gpu_tot_REG_WR, = 0
gpu_tot_NON_REG_OPs, = 0
gpu_tot_INT_ACC, = 4.21717e+06
gpu_tot_FPU_ACC, = 103171
gpu_tot_DPU_ACC, = 0
gpu_tot_INT_MUL24_ACC, = 0
gpu_tot_INT_MUL32_ACC, = 0
gpu_tot_INT_MUL_ACC, = 17553.8
gpu_tot_INT_DIV_ACC, = 0
gpu_tot_FP_MUL_ACC, = 56603.4
gpu_tot_FP_DIV_ACC, = 0
gpu_tot_FP_SQRT_ACC, = 0
gpu_tot_FP_LG_ACC, = 0
gpu_tot_FP_SIN_ACC, = 0
gpu_tot_FP_EXP_ACC, = 35219.7
gpu_tot_DP_MUL_ACC, = 0
gpu_tot_DP_DIV_ACC, = 0
gpu_tot_TENSOR_ACC, = 0
gpu_tot_TEX_ACC, = 0
gpu_tot_MEM_RD, = 0
gpu_tot_MEM_WR, = 0
gpu_tot_MEM_PRE, = 0
gpu_tot_L2_RH, = 6080
gpu_tot_L2_RM, = 0
gpu_tot_L2_WH, = 0
gpu_tot_L2_WM, = 3903
gpu_tot_NOC_A, = 28209
gpu_tot_PIPE_A, = 0.253456
gpu_tot_IDLE_CORE_N, = 1525.06
gpu_tot_constant_power = 0

Kernel Maximum Power Data:
kernel_max_power = 85.4573
gpu_max_IBP, = 0.324919
gpu_max_ICP, = 0
gpu_max_DCP, = 1.3816
gpu_max_TCP, = 0
gpu_max_CCP, = 0
gpu_max_SHRDP, = 0
gpu_max_RFP, = 0
gpu_max_INTP, = 2.32547
gpu_max_FPUP, = 2.64352
gpu_max_DPUP, = 0
gpu_max_INT_MUL24P, = 0
gpu_max_INT_MUL32P, = 0
gpu_max_INT_MULP, = 0.471561
gpu_max_INT_DIVP, = 0
gpu_max_FP_MULP, = 2.648
gpu_max_FP_DIVP, = 0
gpu_max_FP_SQRTP, = 0
gpu_max_FP_LGP, = 0
gpu_max_FP_SINP, = 0
gpu_max_FP_EXP, = 1.52944
gpu_max_DP_MULP, = 0
gpu_max_DP_DIVP, = 0
gpu_max_TENSORP, = 0
gpu_max_TEXP, = 0
gpu_max_SCHEDP, = 0.870721
gpu_max_L2CP, = 0.207463
gpu_max_MCP, = 1.18285
gpu_max_NOCP, = 0.899455
gpu_max_DRAMP, = 0
gpu_max_PIPEP, = 1.30876
gpu_max_IDLE_COREP, = 34.5006
gpu_max_CONSTP = 32.3252
gpu_max_STATICP = 2.83776
gpu_max_TOT_INST, = 13958
gpu_max_FP_INT, = 12702
gpu_max_IC_H, = 0
gpu_max_IC_M, = 0
gpu_max_DC_RH, = 0
gpu_max_DC_RM, = 0
gpu_max_DC_WH, = 0
gpu_max_DC_WM, = 1293
gpu_max_TC_H, = 0
gpu_max_TC_M, = 0
gpu_max_CC_H, = 0
gpu_max_CC_M, = 0
gpu_max_SHRD_ACC, = 0
gpu_max_REG_RD, = 0
gpu_max_REG_WR, = 0
gpu_max_NON_REG_OPs, = 0
gpu_max_INT_ACC, = 1.27143e+06
gpu_max_FPU_ACC, = 35407.4
gpu_max_DPU_ACC, = 0
gpu_max_INT_MUL24_ACC, = 0
gpu_max_INT_MUL32_ACC, = 0
gpu_max_INT_MUL_ACC, = 3079.1
gpu_max_INT_DIV_ACC, = 0
gpu_max_FP_MUL_ACC, = 17290.4
gpu_max_FP_DIV_ACC, = 0
gpu_max_FP_SQRT_ACC, = 0
gpu_max_FP_LG_ACC, = 0
gpu_max_FP_SIN_ACC, = 0
gpu_max_FP_EXP_ACC, = 9986.63
gpu_max_DP_MUL_ACC, = 0
gpu_max_DP_DIV_ACC, = 0
gpu_max_TENSOR_ACC, = 0
gpu_max_TEX_ACC, = 0
gpu_max_MEM_RD, = 0
gpu_max_MEM_WR, = 0
gpu_max_MEM_PRE, = 0
gpu_max_L2_RH, = 0
gpu_max_L2_RM, = 0
gpu_max_L2_WH, = 0
gpu_max_L2_WM, = 403
gpu_max_NOC_A, = 2638
gpu_max_PIPE_A, = 0.040031
gpu_max_IDLE_CORE_N, = 122
gpu_max_constant_power = 0

Kernel Minimum Power Data:
kernel_min_power = 70.6364
gpu_min_IBP, = 0
gpu_min_ICP, = 0
gpu_min_DCP, = 0
gpu_min_TCP, = 0
gpu_min_CCP, = 0
gpu_min_SHRDP, = 0
gpu_min_RFP, = 0
gpu_min_INTP, = 0
gpu_min_FPUP, = 0
gpu_min_DPUP, = 0
gpu_min_INT_MUL24P, = 0
gpu_min_INT_MUL32P, = 0
gpu_min_INT_MULP, = 0
gpu_min_INT_DIVP, = 0
gpu_min_FP_MULP, = 0
gpu_min_FP_DIVP, = 0
gpu_min_FP_SQRTP, = 0
gpu_min_FP_LGP, = 0
gpu_min_FP_SINP, = 0
gpu_min_FP_EXP, = 0
gpu_min_DP_MULP, = 0
gpu_min_DP_DIVP, = 0
gpu_min_TENSORP, = 0
gpu_min_TEXP, = 0
gpu_min_SCHEDP, = 0
gpu_min_L2CP, = 0
gpu_min_MCP, = 0.55022
gpu_min_NOCP, = 0
gpu_min_DRAMP, = 0
gpu_min_PIPEP, = 0.432468
gpu_min_IDLE_COREP, = 37.3285
gpu_min_CONSTP = 32.3252
gpu_min_STATICP = 0
gpu_min_TOT_INST, = 0
gpu_min_FP_INT, = 0
gpu_min_IC_H, = 0
gpu_min_IC_M, = 0
gpu_min_DC_RH, = 0
gpu_min_DC_RM, = 0
gpu_min_DC_WH, = 0
gpu_min_DC_WM, = 0
gpu_min_TC_H, = 0
gpu_min_TC_M, = 0
gpu_min_CC_H, = 0
gpu_min_CC_M, = 0
gpu_min_SHRD_ACC, = 0
gpu_min_REG_RD, = 0
gpu_min_REG_WR, = 0
gpu_min_NON_REG_OPs, = 0
gpu_min_INT_ACC, = 0
gpu_min_FPU_ACC, = 0
gpu_min_DPU_ACC, = 0
gpu_min_INT_MUL24_ACC, = 0
gpu_min_INT_MUL32_ACC, = 0
gpu_min_INT_MUL_ACC, = 0
gpu_min_INT_DIV_ACC, = 0
gpu_min_FP_MUL_ACC, = 0
gpu_min_FP_DIV_ACC, = 0
gpu_min_FP_SQRT_ACC, = 0
gpu_min_FP_LG_ACC, = 0
gpu_min_FP_SIN_ACC, = 0
gpu_min_FP_EXP_ACC, = 0
gpu_min_DP_MUL_ACC, = 0
gpu_min_DP_DIV_ACC, = 0
gpu_min_TENSOR_ACC, = 0
gpu_min_TEX_ACC, = 0
gpu_min_MEM_RD, = 0
gpu_min_MEM_WR, = 0
gpu_min_MEM_PRE, = 0
gpu_min_L2_RH, = 0
gpu_min_L2_RM, = 0
gpu_min_L2_WH, = 0
gpu_min_L2_WM, = 0
gpu_min_NOC_A, = 0
gpu_min_PIPE_A, = 0.0132279
gpu_min_IDLE_CORE_N, = 132
gpu_min_constant_power = 0

Accumulative Power Statistics Over Previous Kernels:
gpu_tot_avg_power = 79.8171
gpu_tot_max_power = 154.291
gpu_tot_min_power = 60.8126


kernel_name = nvjet_sm90_tst_64x16_64x16_4x1_v_bz_splitK_TNT 
kernel_launch_uid = 11 

Kernel Average Power Data:
kernel_avg_power = 94.6431
gpu_avg_IBP, = 0.388814
gpu_avg_ICP, = 0
gpu_avg_DCP, = 0
gpu_avg_TCP, = 0
gpu_avg_CCP, = 0.00180937
gpu_avg_SHRDP, = 0.406888
gpu_avg_RFP, = 0
gpu_avg_INTP, = 7.51037
gpu_avg_FPUP, = 0
gpu_avg_DPUP, = 0
gpu_avg_INT_MUL24P, = 0
gpu_avg_INT_MUL32P, = 0
gpu_avg_INT_MULP, = 0.687357
gpu_avg_INT_DIVP, = 0
gpu_avg_FP_MULP, = 0
gpu_avg_FP_DIVP, = 0
gpu_avg_FP_SQRTP, = 0
gpu_avg_FP_LGP, = 0
gpu_avg_FP_SINP, = 0
gpu_avg_FP_EXP, = 0
gpu_avg_DP_MULP, = 0
gpu_avg_DP_DIVP, = 0
gpu_avg_TENSORP, = 0
gpu_avg_TEXP, = 0
gpu_avg_SCHEDP, = 1.10839
gpu_avg_L2CP, = 0.401324
gpu_avg_MCP, = 0.550415
gpu_avg_NOCP, = 14.0244
gpu_avg_DRAMP, = 0
gpu_avg_PIPEP, = 1.26169
gpu_avg_IDLE_COREP, = 28.5423
gpu_avg_CONSTP = 32.3252
gpu_avg_STATICP = 7.43405
gpu_avg_TOT_INST, = 16702.9
gpu_avg_FP_INT, = 16169
gpu_avg_IC_H, = 0
gpu_avg_IC_M, = 0
gpu_avg_DC_RH, = 0
gpu_avg_DC_RM, = 0
gpu_avg_DC_WH, = 0
gpu_avg_DC_WM, = 0
gpu_avg_TC_H, = 0
gpu_avg_TC_M, = 0
gpu_avg_CC_H, = 82.8571
gpu_avg_CC_M, = 0
gpu_avg_SHRD_ACC, = 912.476
gpu_avg_REG_RD, = 0
gpu_avg_REG_WR, = 0
gpu_avg_NON_REG_OPs, = 0
gpu_avg_INT_ACC, = 4.10625e+06
gpu_avg_FPU_ACC, = 0
gpu_avg_DPU_ACC, = 0
gpu_avg_INT_MUL24_ACC, = 0
gpu_avg_INT_MUL32_ACC, = 0
gpu_avg_INT_MUL_ACC, = 4488.17
gpu_avg_INT_DIV_ACC, = 0
gpu_avg_FP_MUL_ACC, = 0
gpu_avg_FP_DIV_ACC, = 0
gpu_avg_FP_SQRT_ACC, = 0
gpu_avg_FP_LG_ACC, = 0
gpu_avg_FP_SIN_ACC, = 0
gpu_avg_FP_EXP_ACC, = 0
gpu_avg_DP_MUL_ACC, = 0
gpu_avg_DP_DIV_ACC, = 0
gpu_avg_TENSOR_ACC, = 0
gpu_avg_TEX_ACC, = 0
gpu_avg_MEM_RD, = 0
gpu_avg_MEM_WR, = 0
gpu_avg_MEM_PRE, = 0
gpu_avg_L2_RH, = 322.714
gpu_avg_L2_RM, = 12970.7
gpu_avg_L2_WH, = 0
gpu_avg_L2_WM, = 161.667
gpu_avg_NOC_A, = 41132
gpu_avg_PIPE_A, = 0.0385915
gpu_avg_IDLE_CORE_N, = 100.931
gpu_avg_constant_power = 0
gpu_avg_threads_per_warp = 20.1499
gpu_tot_TOT_INST, = 350760
gpu_tot_FP_INT, = 339550
gpu_tot_IC_H, = 0
gpu_tot_IC_M, = 0
gpu_tot_DC_RH, = 0
gpu_tot_DC_RM, = 0
gpu_tot_DC_WH, = 0
gpu_tot_DC_WM, = 0
gpu_tot_TC_H, = 0
gpu_tot_TC_M, = 0
gpu_tot_CC_H, = 1740
gpu_tot_CC_M, = 0
gpu_tot_SHRD_ACC, = 19162
gpu_tot_REG_RD, = 0
gpu_tot_REG_WR, = 0
gpu_tot_NON_REG_OPs, = 0
gpu_tot_INT_ACC, = 8.62312e+07
gpu_tot_FPU_ACC, = 0
gpu_tot_DPU_ACC, = 0
gpu_tot_INT_MUL24_ACC, = 0
gpu_tot_INT_MUL32_ACC, = 0
gpu_tot_INT_MUL_ACC, = 94251.5
gpu_tot_INT_DIV_ACC, = 0
gpu_tot_FP_MUL_ACC, = 0
gpu_tot_FP_DIV_ACC, = 0
gpu_tot_FP_SQRT_ACC, = 0
gpu_tot_FP_LG_ACC, = 0
gpu_tot_FP_SIN_ACC, = 0
gpu_tot_FP_EXP_ACC, = 0
gpu_tot_DP_MUL_ACC, = 0
gpu_tot_DP_DIV_ACC, = 0
gpu_tot_TENSOR_ACC, = 0
gpu_tot_TEX_ACC, = 0
gpu_tot_MEM_RD, = 0
gpu_tot_MEM_WR, = 0
gpu_tot_MEM_PRE, = 0
gpu_tot_L2_RH, = 6777
gpu_tot_L2_RM, = 272384
gpu_tot_L2_WH, = 0
gpu_tot_L2_WM, = 3395
gpu_tot_NOC_A, = 863772
gpu_tot_PIPE_A, = 0.810421
gpu_tot_IDLE_CORE_N, = 2119.54
gpu_tot_constant_power = 0

Kernel Maximum Power Data:
kernel_max_power = 121.415
gpu_max_IBP, = 1.85228
gpu_max_ICP, = 0
gpu_max_DCP, = 0
gpu_max_TCP, = 0
gpu_max_CCP, = 0.0128403
gpu_max_SHRDP, = 0.864185
gpu_max_RFP, = 0
gpu_max_INTP, = 33.2662
gpu_max_FPUP, = 0
gpu_max_DPUP, = 0
gpu_max_INT_MUL24P, = 0
gpu_max_INT_MUL32P, = 0
gpu_max_INT_MULP, = 5.60564
gpu_max_INT_DIVP, = 0
gpu_max_FP_MULP, = 0
gpu_max_FP_DIVP, = 0
gpu_max_FP_SQRTP, = 0
gpu_max_FP_LGP, = 0
gpu_max_FP_SINP, = 0
gpu_max_FP_EXP, = 0
gpu_max_DP_MULP, = 0
gpu_max_DP_DIVP, = 0
gpu_max_TENSORP, = 0
gpu_max_TEXP, = 0
gpu_max_SCHEDP, = 5.27937
gpu_max_L2CP, = 0
gpu_max_MCP, = 0.551602
gpu_max_NOCP, = 2.06759
gpu_max_DRAMP, = 0
gpu_max_PIPEP, = 4.55507
gpu_max_IDLE_COREP, = 24.7318
gpu_max_CONSTP = 32.3252
gpu_max_STATICP = 10.3033
gpu_max_TOT_INST, = 79571
gpu_max_FP_INT, = 77015
gpu_max_IC_H, = 0
gpu_max_IC_M, = 0
gpu_max_DC_RH, = 0
gpu_max_DC_RM, = 0
gpu_max_DC_WH, = 0
gpu_max_DC_WM, = 0
gpu_max_TC_H, = 0
gpu_max_TC_M, = 0
gpu_max_CC_H, = 588
gpu_max_CC_M, = 0
gpu_max_SHRD_ACC, = 1938
gpu_max_REG_RD, = 0
gpu_max_REG_WR, = 0
gpu_max_NON_REG_OPs, = 0
gpu_max_INT_ACC, = 1.81881e+07
gpu_max_FPU_ACC, = 0
gpu_max_DPU_ACC, = 0
gpu_max_INT_MUL24_ACC, = 0
gpu_max_INT_MUL32_ACC, = 0
gpu_max_INT_MUL_ACC, = 36602.6
gpu_max_INT_DIV_ACC, = 0
gpu_max_FP_MUL_ACC, = 0
gpu_max_FP_DIV_ACC, = 0
gpu_max_FP_SQRT_ACC, = 0
gpu_max_FP_LG_ACC, = 0
gpu_max_FP_SIN_ACC, = 0
gpu_max_FP_EXP_ACC, = 0
gpu_max_DP_MUL_ACC, = 0
gpu_max_DP_DIV_ACC, = 0
gpu_max_TENSOR_ACC, = 0
gpu_max_TEX_ACC, = 0
gpu_max_MEM_RD, = 0
gpu_max_MEM_WR, = 0
gpu_max_MEM_PRE, = 0
gpu_max_L2_RH, = 0
gpu_max_L2_RM, = 0
gpu_max_L2_WH, = 0
gpu_max_L2_WM, = 0
gpu_max_NOC_A, = 6064
gpu_max_PIPE_A, = 0.139326
gpu_max_IDLE_CORE_N, = 87.456
gpu_max_constant_power = 0

Kernel Minimum Power Data:
kernel_min_power = 70.6364
gpu_min_IBP, = 0
gpu_min_ICP, = 0
gpu_min_DCP, = 0
gpu_min_TCP, = 0
gpu_min_CCP, = 0
gpu_min_SHRDP, = 0
gpu_min_RFP, = 0
gpu_min_INTP, = 0
gpu_min_FPUP, = 0
gpu_min_DPUP, = 0
gpu_min_INT_MUL24P, = 0
gpu_min_INT_MUL32P, = 0
gpu_min_INT_MULP, = 0
gpu_min_INT_DIVP, = 0
gpu_min_FP_MULP, = 0
gpu_min_FP_DIVP, = 0
gpu_min_FP_SQRTP, = 0
gpu_min_FP_LGP, = 0
gpu_min_FP_SINP, = 0
gpu_min_FP_EXP, = 0
gpu_min_DP_MULP, = 0
gpu_min_DP_DIVP, = 0
gpu_min_TENSORP, = 0
gpu_min_TEXP, = 0
gpu_min_SCHEDP, = 0
gpu_min_L2CP, = 0
gpu_min_MCP, = 0.55022
gpu_min_NOCP, = 0
gpu_min_DRAMP, = 0
gpu_min_PIPEP, = 0.432468
gpu_min_IDLE_COREP, = 37.3285
gpu_min_CONSTP = 32.3252
gpu_min_STATICP = 0
gpu_min_TOT_INST, = 0
gpu_min_FP_INT, = 0
gpu_min_IC_H, = 0
gpu_min_IC_M, = 0
gpu_min_DC_RH, = 0
gpu_min_DC_RM, = 0
gpu_min_DC_WH, = 0
gpu_min_DC_WM, = 0
gpu_min_TC_H, = 0
gpu_min_TC_M, = 0
gpu_min_CC_H, = 0
gpu_min_CC_M, = 0
gpu_min_SHRD_ACC, = 0
gpu_min_REG_RD, = 0
gpu_min_REG_WR, = 0
gpu_min_NON_REG_OPs, = 0
gpu_min_INT_ACC, = 0
gpu_min_FPU_ACC, = 0
gpu_min_DPU_ACC, = 0
gpu_min_INT_MUL24_ACC, = 0
gpu_min_INT_MUL32_ACC, = 0
gpu_min_INT_MUL_ACC, = 0
gpu_min_INT_DIV_ACC, = 0
gpu_min_FP_MUL_ACC, = 0
gpu_min_FP_DIV_ACC, = 0
gpu_min_FP_SQRT_ACC, = 0
gpu_min_FP_LG_ACC, = 0
gpu_min_FP_SIN_ACC, = 0
gpu_min_FP_EXP_ACC, = 0
gpu_min_DP_MUL_ACC, = 0
gpu_min_DP_DIV_ACC, = 0
gpu_min_TENSOR_ACC, = 0
gpu_min_TEX_ACC, = 0
gpu_min_MEM_RD, = 0
gpu_min_MEM_WR, = 0
gpu_min_MEM_PRE, = 0
gpu_min_L2_RH, = 0
gpu_min_L2_RM, = 0
gpu_min_L2_WH, = 0
gpu_min_L2_WM, = 0
gpu_min_NOC_A, = 0
gpu_min_PIPE_A, = 0.0132279
gpu_min_IDLE_CORE_N, = 132
gpu_min_constant_power = 0

Accumulative Power Statistics Over Previous Kernels:
gpu_tot_avg_power = 81.6486
gpu_tot_max_power = 154.291
gpu_tot_min_power = 60.8126


kernel_name = _ZN8cublasLt19splitKreduce_kernelILi32ELi16Eif13__nv_bfloat16fS1_Lb0EfS1_S1_Lb1ELb0ELb0ELb0EEEvNS_18cublasSplitKParamsIT4_EEPKT2_PKT8_PT7_PT3_PKS3_SG_PKT9_S7_PSH_PvlPS3_PiSM_SM_SG_SG_SG_SG_SG_ 
kernel_launch_uid = 12 

Kernel Average Power Data:
kernel_avg_power = 73.5536
gpu_avg_IBP, = 0.0860366
gpu_avg_ICP, = 0
gpu_avg_DCP, = 0.480045
gpu_avg_TCP, = 0
gpu_avg_CCP, = 0.00978306
gpu_avg_SHRDP, = 0
gpu_avg_RFP, = 0
gpu_avg_INTP, = 0.687728
gpu_avg_FPUP, = 0.236217
gpu_avg_DPUP, = 0
gpu_avg_INT_MUL24P, = 0
gpu_avg_INT_MUL32P, = 0
gpu_avg_INT_MULP, = 0.196546
gpu_avg_INT_DIVP, = 0
gpu_avg_FP_MULP, = 0.027297
gpu_avg_FP_DIVP, = 0
gpu_avg_FP_SQRTP, = 0
gpu_avg_FP_LGP, = 0
gpu_avg_FP_SINP, = 0
gpu_avg_FP_EXP, = 0
gpu_avg_DP_MULP, = 0
gpu_avg_DP_DIVP, = 0
gpu_avg_TENSORP, = 0
gpu_avg_TEXP, = 0
gpu_avg_SCHEDP, = 0.227342
gpu_avg_L2CP, = 0.159434
gpu_avg_MCP, = 0.66853
gpu_avg_NOCP, = 0.444158
gpu_avg_DRAMP, = 0
gpu_avg_PIPEP, = 0.69361
gpu_avg_IDLE_COREP, = 35.0504
gpu_avg_CONSTP = 32.3252
gpu_avg_STATICP = 2.26121
gpu_avg_TOT_INST, = 3696
gpu_avg_FP_INT, = 3316.44
gpu_avg_IC_H, = 0
gpu_avg_IC_M, = 0
gpu_avg_DC_RH, = 0
gpu_avg_DC_RM, = 373.333
gpu_avg_DC_WH, = 0
gpu_avg_DC_WM, = 62.2222
gpu_avg_TC_H, = 0
gpu_avg_TC_M, = 0
gpu_avg_CC_H, = 448
gpu_avg_CC_M, = 0
gpu_avg_SHRD_ACC, = 0
gpu_avg_REG_RD, = 0
gpu_avg_REG_WR, = 0
gpu_avg_NON_REG_OPs, = 0
gpu_avg_INT_ACC, = 376011
gpu_avg_FPU_ACC, = 3163.9
gpu_avg_DPU_ACC, = 0
gpu_avg_INT_MUL24_ACC, = 0
gpu_avg_INT_MUL32_ACC, = 0
gpu_avg_INT_MUL_ACC, = 1283.37
gpu_avg_INT_DIV_ACC, = 0
gpu_avg_FP_MUL_ACC, = 178.238
gpu_avg_FP_DIV_ACC, = 0
gpu_avg_FP_SQRT_ACC, = 0
gpu_avg_FP_LG_ACC, = 0
gpu_avg_FP_SIN_ACC, = 0
gpu_avg_FP_EXP_ACC, = 0
gpu_avg_DP_MUL_ACC, = 0
gpu_avg_DP_DIV_ACC, = 0
gpu_avg_TENSOR_ACC, = 0
gpu_avg_TEX_ACC, = 0
gpu_avg_MEM_RD, = 0
gpu_avg_MEM_WR, = 0
gpu_avg_MEM_PRE, = 0
gpu_avg_L2_RH, = 373.333
gpu_avg_L2_RM, = 0
gpu_avg_L2_WH, = 45.1111
gpu_avg_L2_WM, = 18.5556
gpu_avg_NOC_A, = 1302.67
gpu_avg_PIPE_A, = 0.0212155
gpu_avg_IDLE_CORE_N, = 123.944
gpu_avg_constant_power = 0
gpu_avg_threads_per_warp = 9.83176
gpu_tot_TOT_INST, = 33264
gpu_tot_FP_INT, = 29848
gpu_tot_IC_H, = 0
gpu_tot_IC_M, = 0
gpu_tot_DC_RH, = 0
gpu_tot_DC_RM, = 3360
gpu_tot_DC_WH, = 0
gpu_tot_DC_WM, = 560
gpu_tot_TC_H, = 0
gpu_tot_TC_M, = 0
gpu_tot_CC_H, = 4032
gpu_tot_CC_M, = 0
gpu_tot_SHRD_ACC, = 0
gpu_tot_REG_RD, = 0
gpu_tot_REG_WR, = 0
gpu_tot_NON_REG_OPs, = 0
gpu_tot_INT_ACC, = 3.3841e+06
gpu_tot_FPU_ACC, = 28475.1
gpu_tot_DPU_ACC, = 0
gpu_tot_INT_MUL24_ACC, = 0
gpu_tot_INT_MUL32_ACC, = 0
gpu_tot_INT_MUL_ACC, = 11550.3
gpu_tot_INT_DIV_ACC, = 0
gpu_tot_FP_MUL_ACC, = 1604.15
gpu_tot_FP_DIV_ACC, = 0
gpu_tot_FP_SQRT_ACC, = 0
gpu_tot_FP_LG_ACC, = 0
gpu_tot_FP_SIN_ACC, = 0
gpu_tot_FP_EXP_ACC, = 0
gpu_tot_DP_MUL_ACC, = 0
gpu_tot_DP_DIV_ACC, = 0
gpu_tot_TENSOR_ACC, = 0
gpu_tot_TEX_ACC, = 0
gpu_tot_MEM_RD, = 0
gpu_tot_MEM_WR, = 0
gpu_tot_MEM_PRE, = 0
gpu_tot_L2_RH, = 3360
gpu_tot_L2_RM, = 0
gpu_tot_L2_WH, = 406
gpu_tot_L2_WM, = 167
gpu_tot_NOC_A, = 11724
gpu_tot_PIPE_A, = 0.19094
gpu_tot_IDLE_CORE_N, = 1115.5
gpu_tot_constant_power = 0

Kernel Maximum Power Data:
kernel_max_power = 80.3362
gpu_max_IBP, = 0.568596
gpu_max_ICP, = 0
gpu_max_DCP, = 0
gpu_max_TCP, = 0
gpu_max_CCP, = 0.068809
gpu_max_SHRDP, = 0
gpu_max_RFP, = 0
gpu_max_INTP, = 4.54216
gpu_max_FPUP, = 0.708651
gpu_max_DPUP, = 0
gpu_max_INT_MUL24P, = 0
gpu_max_INT_MUL32P, = 0
gpu_max_INT_MULP, = 0.924507
gpu_max_INT_DIVP, = 0
gpu_max_FP_MULP, = 0.122836
gpu_max_FP_DIVP, = 0
gpu_max_FP_SQRTP, = 0
gpu_max_FP_LGP, = 0
gpu_max_FP_SINP, = 0
gpu_max_FP_EXP, = 0
gpu_max_DP_MULP, = 0
gpu_max_DP_DIVP, = 0
gpu_max_TENSORP, = 0
gpu_max_TEXP, = 0
gpu_max_SCHEDP, = 1.53202
gpu_max_L2CP, = 0
gpu_max_MCP, = 0.557624
gpu_max_NOCP, = 0
gpu_max_DRAMP, = 0
gpu_max_PIPEP, = 1.65715
gpu_max_IDLE_COREP, = 32.8943
gpu_max_CONSTP = 32.3252
gpu_max_STATICP = 4.4343
gpu_max_TOT_INST, = 24426
gpu_max_FP_INT, = 22349
gpu_max_IC_H, = 0
gpu_max_IC_M, = 0
gpu_max_DC_RH, = 0
gpu_max_DC_RM, = 0
gpu_max_DC_WH, = 0
gpu_max_DC_WM, = 0
gpu_max_TC_H, = 0
gpu_max_TC_M, = 0
gpu_max_CC_H, = 3151
gpu_max_CC_M, = 0
gpu_max_SHRD_ACC, = 0
gpu_max_REG_RD, = 0
gpu_max_REG_WR, = 0
gpu_max_NON_REG_OPs, = 0
gpu_max_INT_ACC, = 2.4834e+06
gpu_max_FPU_ACC, = 9491.7
gpu_max_DPU_ACC, = 0
gpu_max_INT_MUL24_ACC, = 0
gpu_max_INT_MUL32_ACC, = 0
gpu_max_INT_MUL_ACC, = 6036.66
gpu_max_INT_DIV_ACC, = 0
gpu_max_FP_MUL_ACC, = 802.073
gpu_max_FP_DIV_ACC, = 0
gpu_max_FP_SQRT_ACC, = 0
gpu_max_FP_LG_ACC, = 0
gpu_max_FP_SIN_ACC, = 0
gpu_max_FP_EXP_ACC, = 0
gpu_max_DP_MUL_ACC, = 0
gpu_max_DP_DIV_ACC, = 0
gpu_max_TENSOR_ACC, = 0
gpu_max_TEX_ACC, = 0
gpu_max_MEM_RD, = 0
gpu_max_MEM_WR, = 0
gpu_max_MEM_PRE, = 0
gpu_max_L2_RH, = 0
gpu_max_L2_RM, = 0
gpu_max_L2_WH, = 0
gpu_max_L2_WM, = 0
gpu_max_NOC_A, = 0
gpu_max_PIPE_A, = 0.0506875
gpu_max_IDLE_CORE_N, = 116.32
gpu_max_constant_power = 0

Kernel Minimum Power Data:
kernel_min_power = 70.7496
gpu_min_IBP, = 0
gpu_min_ICP, = 0
gpu_min_DCP, = 0
gpu_min_TCP, = 0
gpu_min_CCP, = 0
gpu_min_SHRDP, = 0
gpu_min_RFP, = 0
gpu_min_INTP, = 0
gpu_min_FPUP, = 0
gpu_min_DPUP, = 0
gpu_min_INT_MUL24P, = 0
gpu_min_INT_MUL32P, = 0
gpu_min_INT_MULP, = 0
gpu_min_INT_DIVP, = 0
gpu_min_FP_MULP, = 0
gpu_min_FP_DIVP, = 0
gpu_min_FP_SQRTP, = 0
gpu_min_FP_LGP, = 0
gpu_min_FP_SINP, = 0
gpu_min_FP_EXP, = 0
gpu_min_DP_MULP, = 0
gpu_min_DP_DIVP, = 0
gpu_min_TENSORP, = 0
gpu_min_TEXP, = 0
gpu_min_SCHEDP, = 0
gpu_min_L2CP, = 0
gpu_min_MCP, = 0.55022
gpu_min_NOCP, = 0
gpu_min_DRAMP, = 0
gpu_min_PIPEP, = 0.545664
gpu_min_IDLE_COREP, = 37.3285
gpu_min_CONSTP = 32.3252
gpu_min_STATICP = 0
gpu_min_TOT_INST, = 0
gpu_min_FP_INT, = 0
gpu_min_IC_H, = 0
gpu_min_IC_M, = 0
gpu_min_DC_RH, = 0
gpu_min_DC_RM, = 0
gpu_min_DC_WH, = 0
gpu_min_DC_WM, = 0
gpu_min_TC_H, = 0
gpu_min_TC_M, = 0
gpu_min_CC_H, = 0
gpu_min_CC_M, = 0
gpu_min_SHRD_ACC, = 0
gpu_min_REG_RD, = 0
gpu_min_REG_WR, = 0
gpu_min_NON_REG_OPs, = 0
gpu_min_INT_ACC, = 0
gpu_min_FPU_ACC, = 0
gpu_min_DPU_ACC, = 0
gpu_min_INT_MUL24_ACC, = 0
gpu_min_INT_MUL32_ACC, = 0
gpu_min_INT_MUL_ACC, = 0
gpu_min_INT_DIV_ACC, = 0
gpu_min_FP_MUL_ACC, = 0
gpu_min_FP_DIV_ACC, = 0
gpu_min_FP_SQRT_ACC, = 0
gpu_min_FP_LG_ACC, = 0
gpu_min_FP_SIN_ACC, = 0
gpu_min_FP_EXP_ACC, = 0
gpu_min_DP_MUL_ACC, = 0
gpu_min_DP_DIV_ACC, = 0
gpu_min_TENSOR_ACC, = 0
gpu_min_TEX_ACC, = 0
gpu_min_MEM_RD, = 0
gpu_min_MEM_WR, = 0
gpu_min_MEM_PRE, = 0
gpu_min_L2_RH, = 0
gpu_min_L2_RM, = 0
gpu_min_L2_WH, = 0
gpu_min_L2_WM, = 0
gpu_min_NOC_A, = 0
gpu_min_PIPE_A, = 0.0166903
gpu_min_IDLE_CORE_N, = 132
gpu_min_constant_power = 0

Accumulative Power Statistics Over Previous Kernels:
gpu_tot_avg_power = 81.2416
gpu_tot_max_power = 154.291
gpu_tot_min_power = 60.8126


kernel_name = _ZN4vllm25fused_add_rms_norm_kernelIN3c108BFloat16ELi8ELb1EEENSt9enable_ifIXaagtT0_Li0Esr4vllm12_typeConvertIT_EE6existsEvE4typeEPS4_lS7_PKS4_fiil 
kernel_launch_uid = 13 

Kernel Average Power Data:
kernel_avg_power = 70.8096
gpu_avg_IBP, = 0.00497944
gpu_avg_ICP, = 0
gpu_avg_DCP, = 0.0308854
gpu_avg_TCP, = 0
gpu_avg_CCP, = 0.000134994
gpu_avg_SHRDP, = 0.00166205
gpu_avg_RFP, = 0
gpu_avg_INTP, = 0.0691721
gpu_avg_FPUP, = 0.0175257
gpu_avg_DPUP, = 0
gpu_avg_INT_MUL24P, = 0
gpu_avg_INT_MUL32P, = 0
gpu_avg_INT_MULP, = 0.00978145
gpu_avg_INT_DIVP, = 0
gpu_avg_FP_MULP, = 0.00377508
gpu_avg_FP_DIVP, = 0
gpu_avg_FP_SQRTP, = 2.71615e-06
gpu_avg_FP_LGP, = 0
gpu_avg_FP_SINP, = 0
gpu_avg_FP_EXP, = 5.0406e-06
gpu_avg_DP_MULP, = 0
gpu_avg_DP_DIVP, = 0
gpu_avg_TENSORP, = 0
gpu_avg_TEXP, = 0
gpu_avg_SCHEDP, = 0.0138595
gpu_avg_L2CP, = 0.0206634
gpu_avg_MCP, = 0.554919
gpu_avg_NOCP, = 0.0308105
gpu_avg_DRAMP, = 0
gpu_avg_PIPEP, = 0.40764
gpu_avg_IDLE_COREP, = 37.1869
gpu_avg_CONSTP = 32.3252
gpu_avg_STATICP = 0.13162
gpu_avg_TOT_INST, = 213.909
gpu_avg_FP_INT, = 202.182
gpu_avg_IC_H, = 0
gpu_avg_IC_M, = 0
gpu_avg_DC_RH, = 10.1818
gpu_avg_DC_RM, = 10.1818
gpu_avg_DC_WH, = 10.1818
gpu_avg_DC_WM, = 0
gpu_avg_TC_H, = 0
gpu_avg_TC_M, = 0
gpu_avg_CC_H, = 6.18182
gpu_avg_CC_M, = 0
gpu_avg_SHRD_ACC, = 3.72727
gpu_avg_REG_RD, = 0
gpu_avg_REG_WR, = 0
gpu_avg_NON_REG_OPs, = 0
gpu_avg_INT_ACC, = 37819.4
gpu_avg_FPU_ACC, = 234.74
gpu_avg_DPU_ACC, = 0
gpu_avg_INT_MUL24_ACC, = 0
gpu_avg_INT_MUL32_ACC, = 0
gpu_avg_INT_MUL_ACC, = 63.869
gpu_avg_INT_DIV_ACC, = 0
gpu_avg_FP_MUL_ACC, = 24.6497
gpu_avg_FP_DIV_ACC, = 0
gpu_avg_FP_SQRT_ACC, = 0.0177354
gpu_avg_FP_LG_ACC, = 0
gpu_avg_FP_SIN_ACC, = 0
gpu_avg_FP_EXP_ACC, = 0.0329131
gpu_avg_DP_MUL_ACC, = 0
gpu_avg_DP_DIV_ACC, = 0
gpu_avg_TENSOR_ACC, = 0
gpu_avg_TEX_ACC, = 0
gpu_avg_MEM_RD, = 0
gpu_avg_MEM_WR, = 0
gpu_avg_MEM_PRE, = 0
gpu_avg_L2_RH, = 0
gpu_avg_L2_RM, = 15.2727
gpu_avg_L2_WH, = 19.0909
gpu_avg_L2_WM, = 0
gpu_avg_NOC_A, = 90.3636
gpu_avg_PIPE_A, = 0.0124685
gpu_avg_IDLE_CORE_N, = 131.499
gpu_avg_constant_power = 0
gpu_avg_threads_per_warp = 11.6626
gpu_tot_TOT_INST, = 2353
gpu_tot_FP_INT, = 2224
gpu_tot_IC_H, = 0
gpu_tot_IC_M, = 0
gpu_tot_DC_RH, = 112
gpu_tot_DC_RM, = 112
gpu_tot_DC_WH, = 112
gpu_tot_DC_WM, = 0
gpu_tot_TC_H, = 0
gpu_tot_TC_M, = 0
gpu_tot_CC_H, = 68
gpu_tot_CC_M, = 0
gpu_tot_SHRD_ACC, = 41
gpu_tot_REG_RD, = 0
gpu_tot_REG_WR, = 0
gpu_tot_NON_REG_OPs, = 0
gpu_tot_INT_ACC, = 416013
gpu_tot_FPU_ACC, = 2582.14
gpu_tot_DPU_ACC, = 0
gpu_tot_INT_MUL24_ACC, = 0
gpu_tot_INT_MUL32_ACC, = 0
gpu_tot_INT_MUL_ACC, = 702.558
gpu_tot_INT_DIV_ACC, = 0
gpu_tot_FP_MUL_ACC, = 271.147
gpu_tot_FP_DIV_ACC, = 0
gpu_tot_FP_SQRT_ACC, = 0.195089
gpu_tot_FP_LG_ACC, = 0
gpu_tot_FP_SIN_ACC, = 0
gpu_tot_FP_EXP_ACC, = 0.362044
gpu_tot_DP_MUL_ACC, = 0
gpu_tot_DP_DIV_ACC, = 0
gpu_tot_TENSOR_ACC, = 0
gpu_tot_TEX_ACC, = 0
gpu_tot_MEM_RD, = 0
gpu_tot_MEM_WR, = 0
gpu_tot_MEM_PRE, = 0
gpu_tot_L2_RH, = 0
gpu_tot_L2_RM, = 168
gpu_tot_L2_WH, = 210
gpu_tot_L2_WM, = 0
gpu_tot_NOC_A, = 994
gpu_tot_PIPE_A, = 0.137154
gpu_tot_IDLE_CORE_N, = 1446.49
gpu_tot_constant_power = 0

Kernel Maximum Power Data:
kernel_max_power = 71.751
gpu_max_IBP, = 0.0335208
gpu_max_ICP, = 0
gpu_max_DCP, = 0.162649
gpu_max_TCP, = 0
gpu_max_CCP, = 0.00122288
gpu_max_SHRDP, = 0.010702
gpu_max_RFP, = 0
gpu_max_INTP, = 0.543867
gpu_max_FPUP, = 0.122432
gpu_max_DPUP, = 0
gpu_max_INT_MUL24P, = 0
gpu_max_INT_MUL32P, = 0
gpu_max_INT_MULP, = 0.0518943
gpu_max_INT_DIVP, = 0
gpu_max_FP_MULP, = 0.00153546
gpu_max_FP_DIVP, = 0
gpu_max_FP_SQRTP, = 0
gpu_max_FP_LGP, = 0
gpu_max_FP_SINP, = 0
gpu_max_FP_EXP, = 0
gpu_max_DP_MULP, = 0
gpu_max_DP_DIVP, = 0
gpu_max_TENSORP, = 0
gpu_max_TEXP, = 0
gpu_max_SCHEDP, = 0.0951473
gpu_max_L2CP, = 0
gpu_max_MCP, = 0.575065
gpu_max_NOCP, = 0.0381876
gpu_max_DRAMP, = 0
gpu_max_PIPEP, = 0.470549
gpu_max_IDLE_COREP, = 37.0542
gpu_max_CONSTP = 32.3252
gpu_max_STATICP = 0.264833
gpu_max_TOT_INST, = 1440
gpu_max_FP_INT, = 1388
gpu_max_IC_H, = 0
gpu_max_IC_M, = 0
gpu_max_DC_RH, = 56
gpu_max_DC_RM, = 56
gpu_max_DC_WH, = 0
gpu_max_DC_WM, = 0
gpu_max_TC_H, = 0
gpu_max_TC_M, = 0
gpu_max_CC_H, = 56
gpu_max_CC_M, = 0
gpu_max_SHRD_ACC, = 24
gpu_max_REG_RD, = 0
gpu_max_REG_WR, = 0
gpu_max_NON_REG_OPs, = 0
gpu_max_INT_ACC, = 297356
gpu_max_FPU_ACC, = 1639.86
gpu_max_DPU_ACC, = 0
gpu_max_INT_MUL24_ACC, = 0
gpu_max_INT_MUL32_ACC, = 0
gpu_max_INT_MUL_ACC, = 338.849
gpu_max_INT_DIV_ACC, = 0
gpu_max_FP_MUL_ACC, = 10.0259
gpu_max_FP_DIV_ACC, = 0
gpu_max_FP_SQRT_ACC, = 0
gpu_max_FP_LG_ACC, = 0
gpu_max_FP_SIN_ACC, = 0
gpu_max_FP_EXP_ACC, = 0
gpu_max_DP_MUL_ACC, = 0
gpu_max_DP_DIV_ACC, = 0
gpu_max_TENSOR_ACC, = 0
gpu_max_TEX_ACC, = 0
gpu_max_MEM_RD, = 0
gpu_max_MEM_WR, = 0
gpu_max_MEM_PRE, = 0
gpu_max_L2_RH, = 0
gpu_max_L2_RM, = 0
gpu_max_L2_WH, = 0
gpu_max_L2_WM, = 0
gpu_max_NOC_A, = 112
gpu_max_PIPE_A, = 0.0143927
gpu_max_IDLE_CORE_N, = 131.03
gpu_max_constant_power = 0

Kernel Minimum Power Data:
kernel_min_power = 70.6006
gpu_min_IBP, = 0
gpu_min_ICP, = 0
gpu_min_DCP, = 0
gpu_min_TCP, = 0
gpu_min_CCP, = 0
gpu_min_SHRDP, = 0
gpu_min_RFP, = 0
gpu_min_INTP, = 0
gpu_min_FPUP, = 0
gpu_min_DPUP, = 0
gpu_min_INT_MUL24P, = 0
gpu_min_INT_MUL32P, = 0
gpu_min_INT_MULP, = 0
gpu_min_INT_DIVP, = 0
gpu_min_FP_MULP, = 0
gpu_min_FP_DIVP, = 0
gpu_min_FP_SQRTP, = 0
gpu_min_FP_LGP, = 0
gpu_min_FP_SINP, = 0
gpu_min_FP_EXP, = 0
gpu_min_DP_MULP, = 0
gpu_min_DP_DIVP, = 0
gpu_min_TENSORP, = 0
gpu_min_TEXP, = 0
gpu_min_SCHEDP, = 0
gpu_min_L2CP, = 0
gpu_min_MCP, = 0.55022
gpu_min_NOCP, = 0
gpu_min_DRAMP, = 0
gpu_min_PIPEP, = 0.396673
gpu_min_IDLE_COREP, = 37.3285
gpu_min_CONSTP = 32.3252
gpu_min_STATICP = 0
gpu_min_TOT_INST, = 0
gpu_min_FP_INT, = 0
gpu_min_IC_H, = 0
gpu_min_IC_M, = 0
gpu_min_DC_RH, = 0
gpu_min_DC_RM, = 0
gpu_min_DC_WH, = 0
gpu_min_DC_WM, = 0
gpu_min_TC_H, = 0
gpu_min_TC_M, = 0
gpu_min_CC_H, = 0
gpu_min_CC_M, = 0
gpu_min_SHRD_ACC, = 0
gpu_min_REG_RD, = 0
gpu_min_REG_WR, = 0
gpu_min_NON_REG_OPs, = 0
gpu_min_INT_ACC, = 0
gpu_min_FPU_ACC, = 0
gpu_min_DPU_ACC, = 0
gpu_min_INT_MUL24_ACC, = 0
gpu_min_INT_MUL32_ACC, = 0
gpu_min_INT_MUL_ACC, = 0
gpu_min_INT_DIV_ACC, = 0
gpu_min_FP_MUL_ACC, = 0
gpu_min_FP_DIV_ACC, = 0
gpu_min_FP_SQRT_ACC, = 0
gpu_min_FP_LG_ACC, = 0
gpu_min_FP_SIN_ACC, = 0
gpu_min_FP_EXP_ACC, = 0
gpu_min_DP_MUL_ACC, = 0
gpu_min_DP_DIV_ACC, = 0
gpu_min_TENSOR_ACC, = 0
gpu_min_TEX_ACC, = 0
gpu_min_MEM_RD, = 0
gpu_min_MEM_WR, = 0
gpu_min_MEM_PRE, = 0
gpu_min_L2_RH, = 0
gpu_min_L2_RM, = 0
gpu_min_L2_WH, = 0
gpu_min_L2_WM, = 0
gpu_min_NOC_A, = 0
gpu_min_PIPE_A, = 0.0121331
gpu_min_IDLE_CORE_N, = 132
gpu_min_constant_power = 0

Accumulative Power Statistics Over Previous Kernels:
gpu_tot_avg_power = 80.6376
gpu_tot_max_power = 154.291
gpu_tot_min_power = 60.8126


kernel_name = nvjet_sm90_tst_64x8_64x16_4x1_v_bz_bias_TNT 
kernel_launch_uid = 14 

Kernel Average Power Data:
kernel_avg_power = 80.706
gpu_avg_IBP, = 0.165928
gpu_avg_ICP, = 0
gpu_avg_DCP, = 0
gpu_avg_TCP, = 0
gpu_avg_CCP, = 0.00138042
gpu_avg_SHRDP, = 0.144286
gpu_avg_RFP, = 0
gpu_avg_INTP, = 3.18384
gpu_avg_FPUP, = 0.0553181
gpu_avg_DPUP, = 0
gpu_avg_INT_MUL24P, = 0
gpu_avg_INT_MUL32P, = 0
gpu_avg_INT_MULP, = 0.314367
gpu_avg_INT_DIVP, = 0
gpu_avg_FP_MULP, = 0
gpu_avg_FP_DIVP, = 0
gpu_avg_FP_SQRTP, = 0
gpu_avg_FP_LGP, = 0
gpu_avg_FP_SINP, = 0
gpu_avg_FP_EXP, = 0
gpu_avg_DP_MULP, = 0
gpu_avg_DP_DIVP, = 0
gpu_avg_TENSORP, = 0
gpu_avg_TEXP, = 0
gpu_avg_SCHEDP, = 0.475795
gpu_avg_L2CP, = 0.995981
gpu_avg_MCP, = 0.550368
gpu_avg_NOCP, = 4.74861
gpu_avg_DRAMP, = 0
gpu_avg_PIPEP, = 0.774859
gpu_avg_IDLE_COREP, = 34.339
gpu_avg_CONSTP = 32.3252
gpu_avg_STATICP = 2.631
gpu_avg_TOT_INST, = 7128
gpu_avg_FP_INT, = 6940.86
gpu_avg_IC_H, = 0
gpu_avg_IC_M, = 0
gpu_avg_DC_RH, = 0
gpu_avg_DC_RM, = 0
gpu_avg_DC_WH, = 0
gpu_avg_DC_WM, = 0
gpu_avg_TC_H, = 0
gpu_avg_TC_M, = 0
gpu_avg_CC_H, = 63.2143
gpu_avg_CC_M, = 0
gpu_avg_SHRD_ACC, = 323.571
gpu_avg_REG_RD, = 0
gpu_avg_REG_WR, = 0
gpu_avg_NON_REG_OPs, = 0
gpu_avg_INT_ACC, = 1.74075e+06
gpu_avg_FPU_ACC, = 740.934
gpu_avg_DPU_ACC, = 0
gpu_avg_INT_MUL24_ACC, = 0
gpu_avg_INT_MUL32_ACC, = 0
gpu_avg_INT_MUL_ACC, = 2052.69
gpu_avg_INT_DIV_ACC, = 0
gpu_avg_FP_MUL_ACC, = 0
gpu_avg_FP_DIV_ACC, = 0
gpu_avg_FP_SQRT_ACC, = 0
gpu_avg_FP_LG_ACC, = 0
gpu_avg_FP_SIN_ACC, = 0
gpu_avg_FP_EXP_ACC, = 0
gpu_avg_DP_MUL_ACC, = 0
gpu_avg_DP_DIV_ACC, = 0
gpu_avg_TENSOR_ACC, = 0
gpu_avg_TEX_ACC, = 0
gpu_avg_MEM_RD, = 0
gpu_avg_MEM_WR, = 0
gpu_avg_MEM_PRE, = 0
gpu_avg_L2_RH, = 3568.86
gpu_avg_L2_RM, = 1052.29
gpu_avg_L2_WH, = 4
gpu_avg_L2_WM, = 1.71429
gpu_avg_NOC_A, = 13927.1
gpu_avg_PIPE_A, = 0.0237007
gpu_avg_IDLE_CORE_N, = 121.429
gpu_avg_constant_power = 0
gpu_avg_threads_per_warp = 16.0963
gpu_tot_TOT_INST, = 99792
gpu_tot_FP_INT, = 97172
gpu_tot_IC_H, = 0
gpu_tot_IC_M, = 0
gpu_tot_DC_RH, = 0
gpu_tot_DC_RM, = 0
gpu_tot_DC_WH, = 0
gpu_tot_DC_WM, = 0
gpu_tot_TC_H, = 0
gpu_tot_TC_M, = 0
gpu_tot_CC_H, = 885
gpu_tot_CC_M, = 0
gpu_tot_SHRD_ACC, = 4530
gpu_tot_REG_RD, = 0
gpu_tot_REG_WR, = 0
gpu_tot_NON_REG_OPs, = 0
gpu_tot_INT_ACC, = 2.43704e+07
gpu_tot_FPU_ACC, = 10373.1
gpu_tot_DPU_ACC, = 0
gpu_tot_INT_MUL24_ACC, = 0
gpu_tot_INT_MUL32_ACC, = 0
gpu_tot_INT_MUL_ACC, = 28737.7
gpu_tot_INT_DIV_ACC, = 0
gpu_tot_FP_MUL_ACC, = 0
gpu_tot_FP_DIV_ACC, = 0
gpu_tot_FP_SQRT_ACC, = 0
gpu_tot_FP_LG_ACC, = 0
gpu_tot_FP_SIN_ACC, = 0
gpu_tot_FP_EXP_ACC, = 0
gpu_tot_DP_MUL_ACC, = 0
gpu_tot_DP_DIV_ACC, = 0
gpu_tot_TENSOR_ACC, = 0
gpu_tot_TEX_ACC, = 0
gpu_tot_MEM_RD, = 0
gpu_tot_MEM_WR, = 0
gpu_tot_MEM_PRE, = 0
gpu_tot_L2_RH, = 49964
gpu_tot_L2_RM, = 14732
gpu_tot_L2_WH, = 56
gpu_tot_L2_WM, = 24
gpu_tot_NOC_A, = 194980
gpu_tot_PIPE_A, = 0.33181
gpu_tot_IDLE_CORE_N, = 1700
gpu_tot_constant_power = 0

Kernel Maximum Power Data:
kernel_max_power = 99.6093
gpu_max_IBP, = 0.282552
gpu_max_ICP, = 0
gpu_max_DCP, = 0
gpu_max_TCP, = 0
gpu_max_CCP, = 0
gpu_max_SHRDP, = 0.328194
gpu_max_RFP, = 0
gpu_max_INTP, = 5.76948
gpu_max_FPUP, = 0
gpu_max_DPUP, = 0
gpu_max_INT_MUL24P, = 0
gpu_max_INT_MUL32P, = 0
gpu_max_INT_MULP, = 0.161888
gpu_max_INT_DIVP, = 0
gpu_max_FP_MULP, = 0
gpu_max_FP_DIVP, = 0
gpu_max_FP_SQRTP, = 0
gpu_max_FP_LGP, = 0
gpu_max_FP_SINP, = 0
gpu_max_FP_EXP, = 0
gpu_max_DP_MULP, = 0
gpu_max_DP_DIVP, = 0
gpu_max_TENSORP, = 0
gpu_max_TEXP, = 0
gpu_max_SCHEDP, = 0.812796
gpu_max_L2CP, = 3.82114
gpu_max_MCP, = 0.55022
gpu_max_NOCP, = 18.1507
gpu_max_DRAMP, = 0
gpu_max_PIPEP, = 1.01948
gpu_max_IDLE_COREP, = 31.6727
gpu_max_CONSTP = 32.3252
gpu_max_STATICP = 4.71495
gpu_max_TOT_INST, = 12138
gpu_max_FP_INT, = 11857
gpu_max_IC_H, = 0
gpu_max_IC_M, = 0
gpu_max_DC_RH, = 0
gpu_max_DC_RM, = 0
gpu_max_DC_WH, = 0
gpu_max_DC_WM, = 0
gpu_max_TC_H, = 0
gpu_max_TC_M, = 0
gpu_max_CC_H, = 0
gpu_max_CC_M, = 0
gpu_max_SHRD_ACC, = 736
gpu_max_REG_RD, = 0
gpu_max_REG_WR, = 0
gpu_max_NON_REG_OPs, = 0
gpu_max_INT_ACC, = 3.15443e+06
gpu_max_FPU_ACC, = 0
gpu_max_DPU_ACC, = 0
gpu_max_INT_MUL24_ACC, = 0
gpu_max_INT_MUL32_ACC, = 0
gpu_max_INT_MUL_ACC, = 1057.06
gpu_max_INT_DIV_ACC, = 0
gpu_max_FP_MUL_ACC, = 0
gpu_max_FP_DIV_ACC, = 0
gpu_max_FP_SQRT_ACC, = 0
gpu_max_FP_LG_ACC, = 0
gpu_max_FP_SIN_ACC, = 0
gpu_max_FP_EXP_ACC, = 0
gpu_max_DP_MUL_ACC, = 0
gpu_max_DP_DIV_ACC, = 0
gpu_max_TENSOR_ACC, = 0
gpu_max_TEX_ACC, = 0
gpu_max_MEM_RD, = 0
gpu_max_MEM_WR, = 0
gpu_max_MEM_PRE, = 0
gpu_max_L2_RH, = 13765
gpu_max_L2_RM, = 4033
gpu_max_L2_WH, = 0
gpu_max_L2_WM, = 0
gpu_max_NOC_A, = 53234
gpu_max_PIPE_A, = 0.031183
gpu_max_IDLE_CORE_N, = 112
gpu_max_constant_power = 0

Kernel Minimum Power Data:
kernel_min_power = 70.6006
gpu_min_IBP, = 0
gpu_min_ICP, = 0
gpu_min_DCP, = 0
gpu_min_TCP, = 0
gpu_min_CCP, = 0
gpu_min_SHRDP, = 0
gpu_min_RFP, = 0
gpu_min_INTP, = 0
gpu_min_FPUP, = 0
gpu_min_DPUP, = 0
gpu_min_INT_MUL24P, = 0
gpu_min_INT_MUL32P, = 0
gpu_min_INT_MULP, = 0
gpu_min_INT_DIVP, = 0
gpu_min_FP_MULP, = 0
gpu_min_FP_DIVP, = 0
gpu_min_FP_SQRTP, = 0
gpu_min_FP_LGP, = 0
gpu_min_FP_SINP, = 0
gpu_min_FP_EXP, = 0
gpu_min_DP_MULP, = 0
gpu_min_DP_DIVP, = 0
gpu_min_TENSORP, = 0
gpu_min_TEXP, = 0
gpu_min_SCHEDP, = 0
gpu_min_L2CP, = 0
gpu_min_MCP, = 0.55022
gpu_min_NOCP, = 0
gpu_min_DRAMP, = 0
gpu_min_PIPEP, = 0.396673
gpu_min_IDLE_COREP, = 37.3285
gpu_min_CONSTP = 32.3252
gpu_min_STATICP = 0
gpu_min_TOT_INST, = 0
gpu_min_FP_INT, = 0
gpu_min_IC_H, = 0
gpu_min_IC_M, = 0
gpu_min_DC_RH, = 0
gpu_min_DC_RM, = 0
gpu_min_DC_WH, = 0
gpu_min_DC_WM, = 0
gpu_min_TC_H, = 0
gpu_min_TC_M, = 0
gpu_min_CC_H, = 0
gpu_min_CC_M, = 0
gpu_min_SHRD_ACC, = 0
gpu_min_REG_RD, = 0
gpu_min_REG_WR, = 0
gpu_min_NON_REG_OPs, = 0
gpu_min_INT_ACC, = 0
gpu_min_FPU_ACC, = 0
gpu_min_DPU_ACC, = 0
gpu_min_INT_MUL24_ACC, = 0
gpu_min_INT_MUL32_ACC, = 0
gpu_min_INT_MUL_ACC, = 0
gpu_min_INT_DIV_ACC, = 0
gpu_min_FP_MUL_ACC, = 0
gpu_min_FP_DIV_ACC, = 0
gpu_min_FP_SQRT_ACC, = 0
gpu_min_FP_LG_ACC, = 0
gpu_min_FP_SIN_ACC, = 0
gpu_min_FP_EXP_ACC, = 0
gpu_min_DP_MUL_ACC, = 0
gpu_min_DP_DIV_ACC, = 0
gpu_min_TENSOR_ACC, = 0
gpu_min_TEX_ACC, = 0
gpu_min_MEM_RD, = 0
gpu_min_MEM_WR, = 0
gpu_min_MEM_PRE, = 0
gpu_min_L2_RH, = 0
gpu_min_L2_RM, = 0
gpu_min_L2_WH, = 0
gpu_min_L2_WM, = 0
gpu_min_NOC_A, = 0
gpu_min_PIPE_A, = 0.0121331
gpu_min_IDLE_CORE_N, = 132
gpu_min_constant_power = 0

Accumulative Power Statistics Over Previous Kernels:
gpu_tot_avg_power = 80.6423
gpu_tot_max_power = 154.291
gpu_tot_min_power = 60.8126


kernel_name = _ZN4vllm23rotary_embedding_kernelIN3c108BFloat16ES2_Lb1EEEvPKlPT_S6_PKT0_illliiilb 
kernel_launch_uid = 15 

Kernel Average Power Data:
kernel_avg_power = 70.8036
gpu_avg_IBP, = 0.00467682
gpu_avg_ICP, = 0
gpu_avg_DCP, = 0.0130766
gpu_avg_TCP, = 0
gpu_avg_CCP, = 0.000142934
gpu_avg_SHRDP, = 0
gpu_avg_RFP, = 0
gpu_avg_INTP, = 0.0609159
gpu_avg_FPUP, = 0.0115041
gpu_avg_DPUP, = 0
gpu_avg_INT_MUL24P, = 0
gpu_avg_INT_MUL32P, = 0
gpu_avg_INT_MULP, = 0.0309725
gpu_avg_INT_DIVP, = 0
gpu_avg_FP_MULP, = 0.00255245
gpu_avg_FP_DIVP, = 0
gpu_avg_FP_SQRTP, = 0
gpu_avg_FP_LGP, = 0
gpu_avg_FP_SINP, = 0
gpu_avg_FP_EXP, = 0.00258079
gpu_avg_DP_MULP, = 0
gpu_avg_DP_DIVP, = 0
gpu_avg_TENSORP, = 0
gpu_avg_TEXP, = 0
gpu_avg_SCHEDP, = 0.0126755
gpu_avg_L2CP, = 0.00930043
gpu_avg_MCP, = 0.551815
gpu_avg_NOCP, = 0.0152193
gpu_avg_DRAMP, = 0
gpu_avg_PIPEP, = 0.434613
gpu_avg_IDLE_COREP, = 37.0923
gpu_avg_CONSTP = 32.3252
gpu_avg_STATICP = 0.236017
gpu_avg_TOT_INST, = 200.909
gpu_avg_FP_INT, = 184.909
gpu_avg_IC_H, = 0
gpu_avg_IC_M, = 0
gpu_avg_DC_RH, = 6.63636
gpu_avg_DC_RM, = 0.363636
gpu_avg_DC_WH, = 5.81818
gpu_avg_DC_WM, = 0
gpu_avg_TC_H, = 0
gpu_avg_TC_M, = 0
gpu_avg_CC_H, = 6.54545
gpu_avg_CC_M, = 0
gpu_avg_SHRD_ACC, = 0
gpu_avg_REG_RD, = 0
gpu_avg_REG_WR, = 0
gpu_avg_NON_REG_OPs, = 0
gpu_avg_INT_ACC, = 33305.4
gpu_avg_FPU_ACC, = 154.086
gpu_avg_DPU_ACC, = 0
gpu_avg_INT_MUL24_ACC, = 0
gpu_avg_INT_MUL32_ACC, = 0
gpu_avg_INT_MUL_ACC, = 202.238
gpu_avg_INT_DIV_ACC, = 0
gpu_avg_FP_MUL_ACC, = 16.6664
gpu_avg_FP_DIV_ACC, = 0
gpu_avg_FP_SQRT_ACC, = 0
gpu_avg_FP_LG_ACC, = 0
gpu_avg_FP_SIN_ACC, = 0
gpu_avg_FP_EXP_ACC, = 16.8515
gpu_avg_DP_MUL_ACC, = 0
gpu_avg_DP_DIV_ACC, = 0
gpu_avg_TENSOR_ACC, = 0
gpu_avg_TEX_ACC, = 0
gpu_avg_MEM_RD, = 0
gpu_avg_MEM_WR, = 0
gpu_avg_MEM_PRE, = 0
gpu_avg_L2_RH, = 5.90909
gpu_avg_L2_RM, = 0.363636
gpu_avg_L2_WH, = 5.09091
gpu_avg_L2_WM, = 4.36364
gpu_avg_NOC_A, = 44.6364
gpu_avg_PIPE_A, = 0.0132936
gpu_avg_IDLE_CORE_N, = 131.165
gpu_avg_constant_power = 0
gpu_avg_threads_per_warp = 16.922
gpu_tot_TOT_INST, = 2210
gpu_tot_FP_INT, = 2034
gpu_tot_IC_H, = 0
gpu_tot_IC_M, = 0
gpu_tot_DC_RH, = 73
gpu_tot_DC_RM, = 4
gpu_tot_DC_WH, = 64
gpu_tot_DC_WM, = 0
gpu_tot_TC_H, = 0
gpu_tot_TC_M, = 0
gpu_tot_CC_H, = 72
gpu_tot_CC_M, = 0
gpu_tot_SHRD_ACC, = 0
gpu_tot_REG_RD, = 0
gpu_tot_REG_WR, = 0
gpu_tot_NON_REG_OPs, = 0
gpu_tot_INT_ACC, = 366359
gpu_tot_FPU_ACC, = 1694.95
gpu_tot_DPU_ACC, = 0
gpu_tot_INT_MUL24_ACC, = 0
gpu_tot_INT_MUL32_ACC, = 0
gpu_tot_INT_MUL_ACC, = 2224.62
gpu_tot_INT_DIV_ACC, = 0
gpu_tot_FP_MUL_ACC, = 183.331
gpu_tot_FP_DIV_ACC, = 0
gpu_tot_FP_SQRT_ACC, = 0
gpu_tot_FP_LG_ACC, = 0
gpu_tot_FP_SIN_ACC, = 0
gpu_tot_FP_EXP_ACC, = 185.367
gpu_tot_DP_MUL_ACC, = 0
gpu_tot_DP_DIV_ACC, = 0
gpu_tot_TENSOR_ACC, = 0
gpu_tot_TEX_ACC, = 0
gpu_tot_MEM_RD, = 0
gpu_tot_MEM_WR, = 0
gpu_tot_MEM_PRE, = 0
gpu_tot_L2_RH, = 65
gpu_tot_L2_RM, = 4
gpu_tot_L2_WH, = 56
gpu_tot_L2_WM, = 48
gpu_tot_NOC_A, = 491
gpu_tot_PIPE_A, = 0.146229
gpu_tot_IDLE_CORE_N, = 1442.81
gpu_tot_constant_power = 0

Kernel Maximum Power Data:
kernel_max_power = 71.155
gpu_max_IBP, = 0.015643
gpu_max_ICP, = 0
gpu_max_DCP, = 0
gpu_max_TCP, = 0
gpu_max_CCP, = 0.000611441
gpu_max_SHRDP, = 0
gpu_max_RFP, = 0
gpu_max_INTP, = 0.280541
gpu_max_FPUP, = 0.0354325
gpu_max_DPUP, = 0
gpu_max_INT_MUL24P, = 0
gpu_max_INT_MUL32P, = 0
gpu_max_INT_MULP, = 0.10266
gpu_max_INT_DIVP, = 0
gpu_max_FP_MULP, = 0
gpu_max_FP_DIVP, = 0
gpu_max_FP_SQRTP, = 0
gpu_max_FP_LGP, = 0
gpu_max_FP_SINP, = 0
gpu_max_FP_EXP, = 0.0248401
gpu_max_DP_MULP, = 0
gpu_max_DP_DIVP, = 0
gpu_max_TENSORP, = 0
gpu_max_TEXP, = 0
gpu_max_SCHEDP, = 0.0441461
gpu_max_L2CP, = 0.000272398
gpu_max_MCP, = 0.550286
gpu_max_NOCP, = 0.000681922
gpu_max_DRAMP, = 0
gpu_max_PIPEP, = 0.454397
gpu_max_IDLE_COREP, = 37.0457
gpu_max_CONSTP = 32.3252
gpu_max_STATICP = 0.274534
gpu_max_TOT_INST, = 672
gpu_max_FP_INT, = 644
gpu_max_IC_H, = 0
gpu_max_IC_M, = 0
gpu_max_DC_RH, = 0
gpu_max_DC_RM, = 0
gpu_max_DC_WH, = 0
gpu_max_DC_WM, = 0
gpu_max_TC_H, = 0
gpu_max_TC_M, = 0
gpu_max_CC_H, = 28
gpu_max_CC_M, = 0
gpu_max_SHRD_ACC, = 0
gpu_max_REG_RD, = 0
gpu_max_REG_WR, = 0
gpu_max_NON_REG_OPs, = 0
gpu_max_INT_ACC, = 153384
gpu_max_FPU_ACC, = 474.585
gpu_max_DPU_ACC, = 0
gpu_max_INT_MUL24_ACC, = 0
gpu_max_INT_MUL32_ACC, = 0
gpu_max_INT_MUL_ACC, = 670.331
gpu_max_INT_DIV_ACC, = 0
gpu_max_FP_MUL_ACC, = 0
gpu_max_FP_DIV_ACC, = 0
gpu_max_FP_SQRT_ACC, = 0
gpu_max_FP_LG_ACC, = 0
gpu_max_FP_SIN_ACC, = 0
gpu_max_FP_EXP_ACC, = 162.196
gpu_max_DP_MUL_ACC, = 0
gpu_max_DP_DIV_ACC, = 0
gpu_max_TENSOR_ACC, = 0
gpu_max_TEX_ACC, = 0
gpu_max_MEM_RD, = 0
gpu_max_MEM_WR, = 0
gpu_max_MEM_PRE, = 0
gpu_max_L2_RH, = 1
gpu_max_L2_RM, = 0
gpu_max_L2_WH, = 0
gpu_max_L2_WM, = 0
gpu_max_NOC_A, = 2
gpu_max_PIPE_A, = 0.0138987
gpu_max_IDLE_CORE_N, = 131
gpu_max_constant_power = 0

Kernel Minimum Power Data:
kernel_min_power = 70.6306
gpu_min_IBP, = 0
gpu_min_ICP, = 0
gpu_min_DCP, = 0
gpu_min_TCP, = 0
gpu_min_CCP, = 0
gpu_min_SHRDP, = 0
gpu_min_RFP, = 0
gpu_min_INTP, = 0
gpu_min_FPUP, = 0
gpu_min_DPUP, = 0
gpu_min_INT_MUL24P, = 0
gpu_min_INT_MUL32P, = 0
gpu_min_INT_MULP, = 0
gpu_min_INT_DIVP, = 0
gpu_min_FP_MULP, = 0
gpu_min_FP_DIVP, = 0
gpu_min_FP_SQRTP, = 0
gpu_min_FP_LGP, = 0
gpu_min_FP_SINP, = 0
gpu_min_FP_EXP, = 0
gpu_min_DP_MULP, = 0
gpu_min_DP_DIVP, = 0
gpu_min_TENSORP, = 0
gpu_min_TEXP, = 0
gpu_min_SCHEDP, = 0
gpu_min_L2CP, = 0
gpu_min_MCP, = 0.55022
gpu_min_NOCP, = 0
gpu_min_DRAMP, = 0
gpu_min_PIPEP, = 0.426665
gpu_min_IDLE_COREP, = 37.3285
gpu_min_CONSTP = 32.3252
gpu_min_STATICP = 0
gpu_min_TOT_INST, = 0
gpu_min_FP_INT, = 0
gpu_min_IC_H, = 0
gpu_min_IC_M, = 0
gpu_min_DC_RH, = 0
gpu_min_DC_RM, = 0
gpu_min_DC_WH, = 0
gpu_min_DC_WM, = 0
gpu_min_TC_H, = 0
gpu_min_TC_M, = 0
gpu_min_CC_H, = 0
gpu_min_CC_M, = 0
gpu_min_SHRD_ACC, = 0
gpu_min_REG_RD, = 0
gpu_min_REG_WR, = 0
gpu_min_NON_REG_OPs, = 0
gpu_min_INT_ACC, = 0
gpu_min_FPU_ACC, = 0
gpu_min_DPU_ACC, = 0
gpu_min_INT_MUL24_ACC, = 0
gpu_min_INT_MUL32_ACC, = 0
gpu_min_INT_MUL_ACC, = 0
gpu_min_INT_DIV_ACC, = 0
gpu_min_FP_MUL_ACC, = 0
gpu_min_FP_DIV_ACC, = 0
gpu_min_FP_SQRT_ACC, = 0
gpu_min_FP_LG_ACC, = 0
gpu_min_FP_SIN_ACC, = 0
gpu_min_FP_EXP_ACC, = 0
gpu_min_DP_MUL_ACC, = 0
gpu_min_DP_DIV_ACC, = 0
gpu_min_TENSOR_ACC, = 0
gpu_min_TEX_ACC, = 0
gpu_min_MEM_RD, = 0
gpu_min_MEM_WR, = 0
gpu_min_MEM_PRE, = 0
gpu_min_L2_RH, = 0
gpu_min_L2_RM, = 0
gpu_min_L2_WH, = 0
gpu_min_L2_WM, = 0
gpu_min_NOC_A, = 0
gpu_min_PIPE_A, = 0.0130504
gpu_min_IDLE_CORE_N, = 132
gpu_min_constant_power = 0

Accumulative Power Statistics Over Previous Kernels:
gpu_tot_avg_power = 80.1389
gpu_tot_max_power = 154.291
gpu_tot_min_power = 60.8126


kernel_name = _ZN4vllm30reshape_and_cache_flash_kernelI13__nv_bfloat16S1_LNS_18Fp8KVCacheDataTypeE0EEEvPKT_S5_PT0_S7_PKlllllliiiPKfSB_i 
kernel_launch_uid = 16 

Kernel Average Power Data:
kernel_avg_power = 70.6617
gpu_avg_IBP, = 0.00148464
gpu_avg_ICP, = 0
gpu_avg_DCP, = 0.00422166
gpu_avg_TCP, = 0
gpu_avg_CCP, = 4.36744e-05
gpu_avg_SHRDP, = 0
gpu_avg_RFP, = 0
gpu_avg_INTP, = 0.0238795
gpu_avg_FPUP, = 0.00112484
gpu_avg_DPUP, = 0
gpu_avg_INT_MUL24P, = 0
gpu_avg_INT_MUL32P, = 0
gpu_avg_INT_MULP, = 0.00752091
gpu_avg_INT_DIVP, = 0
gpu_avg_FP_MULP, = 0
gpu_avg_FP_DIVP, = 0
gpu_avg_FP_SQRTP, = 0
gpu_avg_FP_LGP, = 0
gpu_avg_FP_SINP, = 0
gpu_avg_FP_EXP, = 0.000788574
gpu_avg_DP_MULP, = 0
gpu_avg_DP_DIVP, = 0
gpu_avg_TENSORP, = 0
gpu_avg_TEXP, = 0
gpu_avg_SCHEDP, = 0.00420439
gpu_avg_L2CP, = 0.00192161
gpu_avg_MCP, = 0.551526
gpu_avg_NOCP, = 0.00375057
gpu_avg_DRAMP, = 0
gpu_avg_PIPEP, = 0.419392
gpu_avg_IDLE_COREP, = 37.2344
gpu_avg_CONSTP = 32.3252
gpu_avg_STATICP = 0.0823054
gpu_avg_TOT_INST, = 63.7778
gpu_avg_FP_INT, = 61.3333
gpu_avg_IC_H, = 0
gpu_avg_IC_M, = 0
gpu_avg_DC_RH, = 0.333333
gpu_avg_DC_RM, = 1.55556
gpu_avg_DC_WH, = 0
gpu_avg_DC_WM, = 1.77778
gpu_avg_TC_H, = 0
gpu_avg_TC_M, = 0
gpu_avg_CC_H, = 2
gpu_avg_CC_M, = 0
gpu_avg_SHRD_ACC, = 0
gpu_avg_REG_RD, = 0
gpu_avg_REG_WR, = 0
gpu_avg_NON_REG_OPs, = 0
gpu_avg_INT_ACC, = 13055.9
gpu_avg_FPU_ACC, = 15.0662
gpu_avg_DPU_ACC, = 0
gpu_avg_INT_MUL24_ACC, = 0
gpu_avg_INT_MUL32_ACC, = 0
gpu_avg_INT_MUL_ACC, = 49.1085
gpu_avg_INT_DIV_ACC, = 0
gpu_avg_FP_MUL_ACC, = 0
gpu_avg_FP_DIV_ACC, = 0
gpu_avg_FP_SQRT_ACC, = 0
gpu_avg_FP_LG_ACC, = 0
gpu_avg_FP_SIN_ACC, = 0
gpu_avg_FP_EXP_ACC, = 5.14907
gpu_avg_DP_MUL_ACC, = 0
gpu_avg_DP_DIV_ACC, = 0
gpu_avg_TENSOR_ACC, = 0
gpu_avg_TEX_ACC, = 0
gpu_avg_MEM_RD, = 0
gpu_avg_MEM_WR, = 0
gpu_avg_MEM_PRE, = 0
gpu_avg_L2_RH, = 1.88889
gpu_avg_L2_RM, = 0
gpu_avg_L2_WH, = 0.888889
gpu_avg_L2_WM, = 0.888889
gpu_avg_NOC_A, = 11
gpu_avg_PIPE_A, = 0.012828
gpu_avg_IDLE_CORE_N, = 131.667
gpu_avg_constant_power = 0
gpu_avg_threads_per_warp = 9.16874
gpu_tot_TOT_INST, = 574
gpu_tot_FP_INT, = 552
gpu_tot_IC_H, = 0
gpu_tot_IC_M, = 0
gpu_tot_DC_RH, = 3
gpu_tot_DC_RM, = 14
gpu_tot_DC_WH, = 0
gpu_tot_DC_WM, = 16
gpu_tot_TC_H, = 0
gpu_tot_TC_M, = 0
gpu_tot_CC_H, = 18
gpu_tot_CC_M, = 0
gpu_tot_SHRD_ACC, = 0
gpu_tot_REG_RD, = 0
gpu_tot_REG_WR, = 0
gpu_tot_NON_REG_OPs, = 0
gpu_tot_INT_ACC, = 117503
gpu_tot_FPU_ACC, = 135.596
gpu_tot_DPU_ACC, = 0
gpu_tot_INT_MUL24_ACC, = 0
gpu_tot_INT_MUL32_ACC, = 0
gpu_tot_INT_MUL_ACC, = 441.977
gpu_tot_INT_DIV_ACC, = 0
gpu_tot_FP_MUL_ACC, = 0
gpu_tot_FP_DIV_ACC, = 0
gpu_tot_FP_SQRT_ACC, = 0
gpu_tot_FP_LG_ACC, = 0
gpu_tot_FP_SIN_ACC, = 0
gpu_tot_FP_EXP_ACC, = 46.3417
gpu_tot_DP_MUL_ACC, = 0
gpu_tot_DP_DIV_ACC, = 0
gpu_tot_TENSOR_ACC, = 0
gpu_tot_TEX_ACC, = 0
gpu_tot_MEM_RD, = 0
gpu_tot_MEM_WR, = 0
gpu_tot_MEM_PRE, = 0
gpu_tot_L2_RH, = 17
gpu_tot_L2_RM, = 0
gpu_tot_L2_WH, = 8
gpu_tot_L2_WM, = 8
gpu_tot_NOC_A, = 99
gpu_tot_PIPE_A, = 0.115452
gpu_tot_IDLE_CORE_N, = 1185
gpu_tot_constant_power = 0

Kernel Maximum Power Data:
kernel_max_power = 70.95
gpu_max_IBP, = 0.010289
gpu_max_ICP, = 0
gpu_max_DCP, = 0.00886198
gpu_max_TCP, = 0
gpu_max_CCP, = 0.000262046
gpu_max_SHRDP, = 0
gpu_max_RFP, = 0
gpu_max_INTP, = 0.185529
gpu_max_FPUP, = 0.0101236
gpu_max_DPUP, = 0
gpu_max_INT_MUL24P, = 0
gpu_max_INT_MUL32P, = 0
gpu_max_INT_MULP, = 0.0564068
gpu_max_INT_DIVP, = 0
gpu_max_FP_MULP, = 0
gpu_max_FP_DIVP, = 0
gpu_max_FP_SQRTP, = 0
gpu_max_FP_LGP, = 0
gpu_max_FP_SINP, = 0
gpu_max_FP_EXP, = 0.00709717
gpu_max_DP_MULP, = 0
gpu_max_DP_DIVP, = 0
gpu_max_TENSORP, = 0
gpu_max_TEXP, = 0
gpu_max_SCHEDP, = 0.0292023
gpu_max_L2CP, = 0.000272398
gpu_max_MCP, = 0.552108
gpu_max_NOCP, = 0.00340961
gpu_max_DRAMP, = 0
gpu_max_PIPEP, = 0.441006
gpu_max_IDLE_COREP, = 37.0457
gpu_max_CONSTP = 32.3252
gpu_max_STATICP = 0.274534
gpu_max_TOT_INST, = 442
gpu_max_FP_INT, = 426
gpu_max_IC_H, = 0
gpu_max_IC_M, = 0
gpu_max_DC_RH, = 0
gpu_max_DC_RM, = 8
gpu_max_DC_WH, = 0
gpu_max_DC_WM, = 0
gpu_max_TC_H, = 0
gpu_max_TC_M, = 0
gpu_max_CC_H, = 12
gpu_max_CC_M, = 0
gpu_max_SHRD_ACC, = 0
gpu_max_REG_RD, = 0
gpu_max_REG_WR, = 0
gpu_max_NON_REG_OPs, = 0
gpu_max_INT_ACC, = 101437
gpu_max_FPU_ACC, = 135.596
gpu_max_DPU_ACC, = 0
gpu_max_INT_MUL24_ACC, = 0
gpu_max_INT_MUL32_ACC, = 0
gpu_max_INT_MUL_ACC, = 368.314
gpu_max_INT_DIV_ACC, = 0
gpu_max_FP_MUL_ACC, = 0
gpu_max_FP_DIV_ACC, = 0
gpu_max_FP_SQRT_ACC, = 0
gpu_max_FP_LG_ACC, = 0
gpu_max_FP_SIN_ACC, = 0
gpu_max_FP_EXP_ACC, = 46.3417
gpu_max_DP_MUL_ACC, = 0
gpu_max_DP_DIV_ACC, = 0
gpu_max_TENSOR_ACC, = 0
gpu_max_TEX_ACC, = 0
gpu_max_MEM_RD, = 0
gpu_max_MEM_WR, = 0
gpu_max_MEM_PRE, = 0
gpu_max_L2_RH, = 1
gpu_max_L2_RM, = 0
gpu_max_L2_WH, = 0
gpu_max_L2_WM, = 0
gpu_max_NOC_A, = 10
gpu_max_PIPE_A, = 0.0134891
gpu_max_IDLE_CORE_N, = 131
gpu_max_constant_power = 0

Kernel Minimum Power Data:
kernel_min_power = 70.62
gpu_min_IBP, = 0
gpu_min_ICP, = 0
gpu_min_DCP, = 0
gpu_min_TCP, = 0
gpu_min_CCP, = 0
gpu_min_SHRDP, = 0
gpu_min_RFP, = 0
gpu_min_INTP, = 0
gpu_min_FPUP, = 0
gpu_min_DPUP, = 0
gpu_min_INT_MUL24P, = 0
gpu_min_INT_MUL32P, = 0
gpu_min_INT_MULP, = 0
gpu_min_INT_DIVP, = 0
gpu_min_FP_MULP, = 0
gpu_min_FP_DIVP, = 0
gpu_min_FP_SQRTP, = 0
gpu_min_FP_LGP, = 0
gpu_min_FP_SINP, = 0
gpu_min_FP_EXP, = 0
gpu_min_DP_MULP, = 0
gpu_min_DP_DIVP, = 0
gpu_min_TENSORP, = 0
gpu_min_TEXP, = 0
gpu_min_SCHEDP, = 0
gpu_min_L2CP, = 0
gpu_min_MCP, = 0.55022
gpu_min_NOCP, = 0
gpu_min_DRAMP, = 0
gpu_min_PIPEP, = 0.416021
gpu_min_IDLE_COREP, = 37.3285
gpu_min_CONSTP = 32.3252
gpu_min_STATICP = 0
gpu_min_TOT_INST, = 0
gpu_min_FP_INT, = 0
gpu_min_IC_H, = 0
gpu_min_IC_M, = 0
gpu_min_DC_RH, = 0
gpu_min_DC_RM, = 0
gpu_min_DC_WH, = 0
gpu_min_DC_WM, = 0
gpu_min_TC_H, = 0
gpu_min_TC_M, = 0
gpu_min_CC_H, = 0
gpu_min_CC_M, = 0
gpu_min_SHRD_ACC, = 0
gpu_min_REG_RD, = 0
gpu_min_REG_WR, = 0
gpu_min_NON_REG_OPs, = 0
gpu_min_INT_ACC, = 0
gpu_min_FPU_ACC, = 0
gpu_min_DPU_ACC, = 0
gpu_min_INT_MUL24_ACC, = 0
gpu_min_INT_MUL32_ACC, = 0
gpu_min_INT_MUL_ACC, = 0
gpu_min_INT_DIV_ACC, = 0
gpu_min_FP_MUL_ACC, = 0
gpu_min_FP_DIV_ACC, = 0
gpu_min_FP_SQRT_ACC, = 0
gpu_min_FP_LG_ACC, = 0
gpu_min_FP_SIN_ACC, = 0
gpu_min_FP_EXP_ACC, = 0
gpu_min_DP_MUL_ACC, = 0
gpu_min_DP_DIV_ACC, = 0
gpu_min_TENSOR_ACC, = 0
gpu_min_TEX_ACC, = 0
gpu_min_MEM_RD, = 0
gpu_min_MEM_WR, = 0
gpu_min_MEM_PRE, = 0
gpu_min_L2_RH, = 0
gpu_min_L2_RM, = 0
gpu_min_L2_WH, = 0
gpu_min_L2_WM, = 0
gpu_min_NOC_A, = 0
gpu_min_PIPE_A, = 0.0127249
gpu_min_IDLE_CORE_N, = 132
gpu_min_constant_power = 0

Accumulative Power Statistics Over Previous Kernels:
gpu_tot_avg_power = 79.7581
gpu_tot_max_power = 154.291
gpu_tot_min_power = 60.8126


kernel_name = _ZN7cutlass13device_kernelIN5flash20enable_sm90_or_laterINS1_16FlashAttnFwdSm90INS1_25CollectiveMainloopFwdSm90ILi2EN4cute5tupleIJNS5_1CILi1EEES8_S8_EEENS6_IJNS7_ILi64EEENS7_ILi192EEESA_EEELi64ENS_10bfloat16_tEfNS_4arch4Sm90ELb0ELb0ELb0ELb1ELb1ELb0ELb0ELb1ELb1ELb1ELb0ELb0ESD_Li1EEENS1_21CollectiveEpilogueFwdINS6_IJSA_SA_SB_EEES9_SD_SF_Li128ELb1ELb1ELb0ELb0ELi1EEENS1_36VarlenDynamicPersistentTileSchedulerILi64ELi192ELi128ELi128ELb0ELb1ELb1ELb0ELb0ELb1EEEEEEEEEvNT_6ParamsE 
kernel_launch_uid = 17 

Kernel Average Power Data:
kernel_avg_power = 73.1509
gpu_avg_IBP, = 0.114957
gpu_avg_ICP, = 0
gpu_avg_DCP, = 0.0402988
gpu_avg_TCP, = 0
gpu_avg_CCP, = 0.00156396
gpu_avg_SHRDP, = 0.0901387
gpu_avg_RFP, = 0
gpu_avg_INTP, = 1.85094
gpu_avg_FPUP, = 0.174752
gpu_avg_DPUP, = 0
gpu_avg_INT_MUL24P, = 0
gpu_avg_INT_MUL32P, = 0
gpu_avg_INT_MULP, = 0.122792
gpu_avg_INT_DIVP, = 0
gpu_avg_FP_MULP, = 0.0225722
gpu_avg_FP_DIVP, = 0
gpu_avg_FP_SQRTP, = 0
gpu_avg_FP_LGP, = 0.000395455
gpu_avg_FP_SINP, = 0
gpu_avg_FP_EXP, = 0.066198
gpu_avg_DP_MULP, = 0
gpu_avg_DP_DIVP, = 0
gpu_avg_TENSORP, = 0
gpu_avg_TEXP, = 0
gpu_avg_SCHEDP, = 0.330424
gpu_avg_L2CP, = 0.00735435
gpu_avg_MCP, = 0.559063
gpu_avg_NOCP, = 0.114839
gpu_avg_DRAMP, = 0
gpu_avg_PIPEP, = 0.437086
gpu_avg_IDLE_COREP, = 33.9045
gpu_avg_CONSTP = 32.3252
gpu_avg_STATICP = 2.98779
gpu_avg_TOT_INST, = 4938.38
gpu_avg_FP_INT, = 4820.19
gpu_avg_IC_H, = 0
gpu_avg_IC_M, = 0
gpu_avg_DC_RH, = 3.14286
gpu_avg_DC_RM, = 28.5714
gpu_avg_DC_WH, = 0
gpu_avg_DC_WM, = 2.80952
gpu_avg_TC_H, = 0
gpu_avg_TC_M, = 0
gpu_avg_CC_H, = 71.619
gpu_avg_CC_M, = 0
gpu_avg_SHRD_ACC, = 202.143
gpu_avg_REG_RD, = 0
gpu_avg_REG_WR, = 0
gpu_avg_NON_REG_OPs, = 0
gpu_avg_INT_ACC, = 1.01199e+06
gpu_avg_FPU_ACC, = 2340.64
gpu_avg_DPU_ACC, = 0
gpu_avg_INT_MUL24_ACC, = 0
gpu_avg_INT_MUL32_ACC, = 0
gpu_avg_INT_MUL_ACC, = 801.784
gpu_avg_INT_DIV_ACC, = 0
gpu_avg_FP_MUL_ACC, = 147.388
gpu_avg_FP_DIV_ACC, = 0
gpu_avg_FP_SQRT_ACC, = 0
gpu_avg_FP_LG_ACC, = 2.58216
gpu_avg_FP_SIN_ACC, = 0
gpu_avg_FP_EXP_ACC, = 432.246
gpu_avg_DP_MUL_ACC, = 0
gpu_avg_DP_DIV_ACC, = 0
gpu_avg_TENSOR_ACC, = 0
gpu_avg_TEX_ACC, = 0
gpu_avg_MEM_RD, = 0
gpu_avg_MEM_WR, = 0
gpu_avg_MEM_PRE, = 0
gpu_avg_L2_RH, = 24.7143
gpu_avg_L2_RM, = 18.381
gpu_avg_L2_WH, = 0.047619
gpu_avg_L2_WM, = 0.47619
gpu_avg_NOC_A, = 336.81
gpu_avg_PIPE_A, = 0.0133692
gpu_avg_IDLE_CORE_N, = 119.892
gpu_avg_constant_power = 0
gpu_avg_threads_per_warp = 19.5885
gpu_tot_TOT_INST, = 103706
gpu_tot_FP_INT, = 101224
gpu_tot_IC_H, = 0
gpu_tot_IC_M, = 0
gpu_tot_DC_RH, = 66
gpu_tot_DC_RM, = 600
gpu_tot_DC_WH, = 0
gpu_tot_DC_WM, = 59
gpu_tot_TC_H, = 0
gpu_tot_TC_M, = 0
gpu_tot_CC_H, = 1504
gpu_tot_CC_M, = 0
gpu_tot_SHRD_ACC, = 4245
gpu_tot_REG_RD, = 0
gpu_tot_REG_WR, = 0
gpu_tot_NON_REG_OPs, = 0
gpu_tot_INT_ACC, = 2.12518e+07
gpu_tot_FPU_ACC, = 49153.4
gpu_tot_DPU_ACC, = 0
gpu_tot_INT_MUL24_ACC, = 0
gpu_tot_INT_MUL32_ACC, = 0
gpu_tot_INT_MUL_ACC, = 16837.5
gpu_tot_INT_DIV_ACC, = 0
gpu_tot_FP_MUL_ACC, = 3095.14
gpu_tot_FP_DIV_ACC, = 0
gpu_tot_FP_SQRT_ACC, = 0
gpu_tot_FP_LG_ACC, = 54.2254
gpu_tot_FP_SIN_ACC, = 0
gpu_tot_FP_EXP_ACC, = 9077.17
gpu_tot_DP_MUL_ACC, = 0
gpu_tot_DP_DIV_ACC, = 0
gpu_tot_TENSOR_ACC, = 0
gpu_tot_TEX_ACC, = 0
gpu_tot_MEM_RD, = 0
gpu_tot_MEM_WR, = 0
gpu_tot_MEM_PRE, = 0
gpu_tot_L2_RH, = 519
gpu_tot_L2_RM, = 386
gpu_tot_L2_WH, = 1
gpu_tot_L2_WM, = 10
gpu_tot_NOC_A, = 7073
gpu_tot_PIPE_A, = 0.280753
gpu_tot_IDLE_CORE_N, = 2517.73
gpu_tot_constant_power = 0

Kernel Maximum Power Data:
kernel_max_power = 95.7387
gpu_max_IBP, = 1.20647
gpu_max_ICP, = 0
gpu_max_DCP, = 0
gpu_max_TCP, = 0
gpu_max_CCP, = 0.0199155
gpu_max_SHRDP, = 0.800865
gpu_max_RFP, = 0
gpu_max_INTP, = 20.4003
gpu_max_FPUP, = 0
gpu_max_DPUP, = 0
gpu_max_INT_MUL24P, = 0
gpu_max_INT_MUL32P, = 0
gpu_max_INT_MULP, = 0
gpu_max_INT_DIVP, = 0
gpu_max_FP_MULP, = 0
gpu_max_FP_DIVP, = 0
gpu_max_FP_SQRTP, = 0
gpu_max_FP_LGP, = 0
gpu_max_FP_SINP, = 0
gpu_max_FP_EXP, = 0
gpu_max_DP_MULP, = 0
gpu_max_DP_DIVP, = 0
gpu_max_TENSORP, = 0
gpu_max_TEXP, = 0
gpu_max_SCHEDP, = 3.5528
gpu_max_L2CP, = 0
gpu_max_MCP, = 0.552363
gpu_max_NOCP, = 0
gpu_max_DRAMP, = 0
gpu_max_PIPEP, = 2.87783
gpu_max_IDLE_COREP, = 20.8225
gpu_max_CONSTP = 32.3252
gpu_max_STATICP = 13.1804
gpu_max_TOT_INST, = 51828
gpu_max_FP_INT, = 51828
gpu_max_IC_H, = 0
gpu_max_IC_M, = 0
gpu_max_DC_RH, = 0
gpu_max_DC_RM, = 0
gpu_max_DC_WH, = 0
gpu_max_DC_WM, = 0
gpu_max_TC_H, = 0
gpu_max_TC_M, = 0
gpu_max_CC_H, = 912
gpu_max_CC_M, = 0
gpu_max_SHRD_ACC, = 1796
gpu_max_REG_RD, = 0
gpu_max_REG_WR, = 0
gpu_max_NON_REG_OPs, = 0
gpu_max_INT_ACC, = 1.11537e+07
gpu_max_FPU_ACC, = 0
gpu_max_DPU_ACC, = 0
gpu_max_INT_MUL24_ACC, = 0
gpu_max_INT_MUL32_ACC, = 0
gpu_max_INT_MUL_ACC, = 0
gpu_max_INT_DIV_ACC, = 0
gpu_max_FP_MUL_ACC, = 0
gpu_max_FP_DIV_ACC, = 0
gpu_max_FP_SQRT_ACC, = 0
gpu_max_FP_LG_ACC, = 0
gpu_max_FP_SIN_ACC, = 0
gpu_max_FP_EXP_ACC, = 0
gpu_max_DP_MUL_ACC, = 0
gpu_max_DP_DIV_ACC, = 0
gpu_max_TENSOR_ACC, = 0
gpu_max_TEX_ACC, = 0
gpu_max_MEM_RD, = 0
gpu_max_MEM_WR, = 0
gpu_max_MEM_PRE, = 0
gpu_max_L2_RH, = 0
gpu_max_L2_RM, = 0
gpu_max_L2_WH, = 0
gpu_max_L2_WM, = 0
gpu_max_NOC_A, = 0
gpu_max_PIPE_A, = 0.0880246
gpu_max_IDLE_CORE_N, = 73.632
gpu_max_constant_power = 0

Kernel Minimum Power Data:
kernel_min_power = 70.5146
gpu_min_IBP, = 0.0166673
gpu_min_ICP, = 0
gpu_min_DCP, = 0.0049713
gpu_min_TCP, = 0
gpu_min_CCP, = 0.00113553
gpu_min_SHRDP, = 0.00445916
gpu_min_RFP, = 0
gpu_min_INTP, = 0.187173
gpu_min_FPUP, = 0
gpu_min_DPUP, = 0
gpu_min_INT_MUL24P, = 0
gpu_min_INT_MUL32P, = 0
gpu_min_INT_MULP, = 0.101603
gpu_min_INT_DIVP, = 0
gpu_min_FP_MULP, = 0
gpu_min_FP_DIVP, = 0
gpu_min_FP_SQRTP, = 0
gpu_min_FP_LGP, = 0
gpu_min_FP_SINP, = 0
gpu_min_FP_EXP, = 0
gpu_min_DP_MULP, = 0
gpu_min_DP_DIVP, = 0
gpu_min_TENSORP, = 0
gpu_min_TEXP, = 0
gpu_min_SCHEDP, = 0.0483962
gpu_min_L2CP, = 1.77471e-05
gpu_min_MCP, = 0.550712
gpu_min_NOCP, = 0.000681922
gpu_min_DRAMP, = 0
gpu_min_PIPEP, = 0.092396
gpu_min_IDLE_COREP, = 36.7629
gpu_min_CONSTP = 32.3252
gpu_min_STATICP = 0.418201
gpu_min_TOT_INST, = 716
gpu_min_FP_INT, = 706
gpu_min_IC_H, = 0
gpu_min_IC_M, = 0
gpu_min_DC_RH, = 4
gpu_min_DC_RM, = -2
gpu_min_DC_WH, = 0
gpu_min_DC_WM, = 0
gpu_min_TC_H, = 0
gpu_min_TC_M, = 0
gpu_min_CC_H, = 52
gpu_min_CC_M, = 0
gpu_min_SHRD_ACC, = 10
gpu_min_REG_RD, = 0
gpu_min_REG_WR, = 0
gpu_min_NON_REG_OPs, = 0
gpu_min_INT_ACC, = 102336
gpu_min_FPU_ACC, = 0
gpu_min_DPU_ACC, = 0
gpu_min_INT_MUL24_ACC, = 0
gpu_min_INT_MUL32_ACC, = 0
gpu_min_INT_MUL_ACC, = 663.425
gpu_min_INT_DIV_ACC, = 0
gpu_min_FP_MUL_ACC, = 0
gpu_min_FP_DIV_ACC, = 0
gpu_min_FP_SQRT_ACC, = 0
gpu_min_FP_LG_ACC, = 0
gpu_min_FP_SIN_ACC, = 0
gpu_min_FP_EXP_ACC, = 0
gpu_min_DP_MUL_ACC, = 0
gpu_min_DP_DIV_ACC, = 0
gpu_min_TENSOR_ACC, = 0
gpu_min_TEX_ACC, = 0
gpu_min_MEM_RD, = 0
gpu_min_MEM_WR, = 0
gpu_min_MEM_PRE, = 0
gpu_min_L2_RH, = 0
gpu_min_L2_RM, = 1
gpu_min_L2_WH, = 0
gpu_min_L2_WM, = 0
gpu_min_NOC_A, = 2
gpu_min_PIPE_A, = 0.00282613
gpu_min_IDLE_CORE_N, = 130
gpu_min_constant_power = 0

Accumulative Power Statistics Over Previous Kernels:
gpu_tot_avg_power = 79.1918
gpu_tot_max_power = 154.291
gpu_tot_min_power = 60.8126


kernel_name = _ZN2at6native29vectorized_elementwise_kernelILi4ENS0_11FillFunctorIiEESt5arrayIPcLm1EEEEviT0_T1_ 
kernel_launch_uid = 18 

Kernel Average Power Data:
kernel_avg_power = 70.2729
gpu_avg_IBP, = 0.000937783
gpu_avg_ICP, = 0
gpu_avg_DCP, = 0.000152646
gpu_avg_TCP, = 0
gpu_avg_CCP, = 3.74352e-05
gpu_avg_SHRDP, = 0.00171996
gpu_avg_RFP, = 0
gpu_avg_INTP, = 0.00797316
gpu_avg_FPUP, = 0
gpu_avg_DPUP, = 0
gpu_avg_INT_MUL24P, = 0
gpu_avg_INT_MUL32P, = 0
gpu_avg_INT_MULP, = 0.000344988
gpu_avg_INT_DIVP, = 0
gpu_avg_FP_MULP, = 0
gpu_avg_FP_DIVP, = 0
gpu_avg_FP_SQRTP, = 0
gpu_avg_FP_LGP, = 0
gpu_avg_FP_SINP, = 0
gpu_avg_FP_EXP, = 0
gpu_avg_DP_MULP, = 0
gpu_avg_DP_DIVP, = 0
gpu_avg_TENSORP, = 0
gpu_avg_TEXP, = 0
gpu_avg_SCHEDP, = 0.0026049
gpu_avg_L2CP, = 0.00411837
gpu_avg_MCP, = 0.550294
gpu_avg_NOCP, = 0.0028251
gpu_avg_DRAMP, = 0
gpu_avg_PIPEP, = 0.0638926
gpu_avg_IDLE_COREP, = 37.2719
gpu_avg_CONSTP = 32.3252
gpu_avg_STATICP = 0.0409419
gpu_avg_TOT_INST, = 40.2857
gpu_avg_FP_INT, = 38
gpu_avg_IC_H, = 0
gpu_avg_IC_M, = 0
gpu_avg_DC_RH, = 0
gpu_avg_DC_RM, = 0
gpu_avg_DC_WH, = 0
gpu_avg_DC_WM, = 0.142857
gpu_avg_TC_H, = 0
gpu_avg_TC_M, = 0
gpu_avg_CC_H, = 1.71429
gpu_avg_CC_M, = 0
gpu_avg_SHRD_ACC, = 3.85714
gpu_avg_REG_RD, = 0
gpu_avg_REG_WR, = 0
gpu_avg_NON_REG_OPs, = 0
gpu_avg_INT_ACC, = 4359.27
gpu_avg_FPU_ACC, = 0
gpu_avg_DPU_ACC, = 0
gpu_avg_INT_MUL24_ACC, = 0
gpu_avg_INT_MUL32_ACC, = 0
gpu_avg_INT_MUL_ACC, = 2.25263
gpu_avg_INT_DIV_ACC, = 0
gpu_avg_FP_MUL_ACC, = 0
gpu_avg_FP_DIV_ACC, = 0
gpu_avg_FP_SQRT_ACC, = 0
gpu_avg_FP_LG_ACC, = 0
gpu_avg_FP_SIN_ACC, = 0
gpu_avg_FP_EXP_ACC, = 0
gpu_avg_DP_MUL_ACC, = 0
gpu_avg_DP_DIV_ACC, = 0
gpu_avg_TENSOR_ACC, = 0
gpu_avg_TEX_ACC, = 0
gpu_avg_MEM_RD, = 0
gpu_avg_MEM_WR, = 0
gpu_avg_MEM_PRE, = 0
gpu_avg_L2_RH, = 0
gpu_avg_L2_RM, = 0
gpu_avg_L2_WH, = 0
gpu_avg_L2_WM, = 8
gpu_avg_NOC_A, = 8.28571
gpu_avg_PIPE_A, = 0.00195429
gpu_avg_IDLE_CORE_N, = 131.8
gpu_avg_constant_power = 0
gpu_avg_threads_per_warp = 5.98888
gpu_tot_TOT_INST, = 282
gpu_tot_FP_INT, = 266
gpu_tot_IC_H, = 0
gpu_tot_IC_M, = 0
gpu_tot_DC_RH, = 0
gpu_tot_DC_RM, = 0
gpu_tot_DC_WH, = 0
gpu_tot_DC_WM, = 1
gpu_tot_TC_H, = 0
gpu_tot_TC_M, = 0
gpu_tot_CC_H, = 12
gpu_tot_CC_M, = 0
gpu_tot_SHRD_ACC, = 27
gpu_tot_REG_RD, = 0
gpu_tot_REG_WR, = 0
gpu_tot_NON_REG_OPs, = 0
gpu_tot_INT_ACC, = 30514.9
gpu_tot_FPU_ACC, = 0
gpu_tot_DPU_ACC, = 0
gpu_tot_INT_MUL24_ACC, = 0
gpu_tot_INT_MUL32_ACC, = 0
gpu_tot_INT_MUL_ACC, = 15.7684
gpu_tot_INT_DIV_ACC, = 0
gpu_tot_FP_MUL_ACC, = 0
gpu_tot_FP_DIV_ACC, = 0
gpu_tot_FP_SQRT_ACC, = 0
gpu_tot_FP_LG_ACC, = 0
gpu_tot_FP_SIN_ACC, = 0
gpu_tot_FP_EXP_ACC, = 0
gpu_tot_DP_MUL_ACC, = 0
gpu_tot_DP_DIV_ACC, = 0
gpu_tot_TENSOR_ACC, = 0
gpu_tot_TEX_ACC, = 0
gpu_tot_MEM_RD, = 0
gpu_tot_MEM_WR, = 0
gpu_tot_MEM_PRE, = 0
gpu_tot_L2_RH, = 0
gpu_tot_L2_RM, = 0
gpu_tot_L2_WH, = 0
gpu_tot_L2_WM, = 56
gpu_tot_NOC_A, = 58
gpu_tot_PIPE_A, = 0.01368
gpu_tot_IDLE_CORE_N, = 922.598
gpu_tot_constant_power = 0

Kernel Maximum Power Data:
kernel_max_power = 70.3024
gpu_max_IBP, = 0.00377109
gpu_max_ICP, = 0
gpu_max_DCP, = 0
gpu_max_TCP, = 0
gpu_max_CCP, = 0
gpu_max_SHRDP, = 0.0120397
gpu_max_RFP, = 0
gpu_max_INTP, = 0.0276868
gpu_max_FPUP, = 0
gpu_max_DPUP, = 0
gpu_max_INT_MUL24P, = 0
gpu_max_INT_MUL32P, = 0
gpu_max_INT_MULP, = 0.000141017
gpu_max_INT_DIVP, = 0
gpu_max_FP_MULP, = 0
gpu_max_FP_DIVP, = 0
gpu_max_FP_SQRTP, = 0
gpu_max_FP_LGP, = 0
gpu_max_FP_SINP, = 0
gpu_max_FP_EXP, = 0
gpu_max_DP_MULP, = 0
gpu_max_DP_DIVP, = 0
gpu_max_TENSORP, = 0
gpu_max_TEXP, = 0
gpu_max_SCHEDP, = 0.0111051
gpu_max_L2CP, = 0.0288286
gpu_max_MCP, = 0.55022
gpu_max_NOCP, = 0.0190938
gpu_max_DRAMP, = 0
gpu_max_PIPEP, = 0.0700233
gpu_max_IDLE_COREP, = 37.0989
gpu_max_CONSTP = 32.3252
gpu_max_STATICP = 0.155364
gpu_max_TOT_INST, = 162
gpu_max_FP_INT, = 162
gpu_max_IC_H, = 0
gpu_max_IC_M, = 0
gpu_max_DC_RH, = 0
gpu_max_DC_RM, = 0
gpu_max_DC_WH, = 0
gpu_max_DC_WM, = 0
gpu_max_TC_H, = 0
gpu_max_TC_M, = 0
gpu_max_CC_H, = 0
gpu_max_CC_M, = 0
gpu_max_SHRD_ACC, = 27
gpu_max_REG_RD, = 0
gpu_max_REG_WR, = 0
gpu_max_NON_REG_OPs, = 0
gpu_max_INT_ACC, = 15137.6
gpu_max_FPU_ACC, = 0
gpu_max_DPU_ACC, = 0
gpu_max_INT_MUL24_ACC, = 0
gpu_max_INT_MUL32_ACC, = 0
gpu_max_INT_MUL_ACC, = 0.920784
gpu_max_INT_DIV_ACC, = 0
gpu_max_FP_MUL_ACC, = 0
gpu_max_FP_DIV_ACC, = 0
gpu_max_FP_SQRT_ACC, = 0
gpu_max_FP_LG_ACC, = 0
gpu_max_FP_SIN_ACC, = 0
gpu_max_FP_EXP_ACC, = 0
gpu_max_DP_MUL_ACC, = 0
gpu_max_DP_DIV_ACC, = 0
gpu_max_TENSOR_ACC, = 0
gpu_max_TEX_ACC, = 0
gpu_max_MEM_RD, = 0
gpu_max_MEM_WR, = 0
gpu_max_MEM_PRE, = 0
gpu_max_L2_RH, = 0
gpu_max_L2_RM, = 0
gpu_max_L2_WH, = 0
gpu_max_L2_WM, = 56
gpu_max_NOC_A, = 56
gpu_max_PIPE_A, = 0.00214181
gpu_max_IDLE_CORE_N, = 131.188
gpu_max_constant_power = 0

Kernel Minimum Power Data:
kernel_min_power = 70.2659
gpu_min_IBP, = 0
gpu_min_ICP, = 0
gpu_min_DCP, = 0
gpu_min_TCP, = 0
gpu_min_CCP, = 0
gpu_min_SHRDP, = 0
gpu_min_RFP, = 0
gpu_min_INTP, = 0
gpu_min_FPUP, = 0
gpu_min_DPUP, = 0
gpu_min_INT_MUL24P, = 0
gpu_min_INT_MUL32P, = 0
gpu_min_INT_MULP, = 0
gpu_min_INT_DIVP, = 0
gpu_min_FP_MULP, = 0
gpu_min_FP_DIVP, = 0
gpu_min_FP_SQRTP, = 0
gpu_min_FP_LGP, = 0
gpu_min_FP_SINP, = 0
gpu_min_FP_EXP, = 0
gpu_min_DP_MULP, = 0
gpu_min_DP_DIVP, = 0
gpu_min_TENSORP, = 0
gpu_min_TEXP, = 0
gpu_min_SCHEDP, = 0
gpu_min_L2CP, = 0
gpu_min_MCP, = 0.55022
gpu_min_NOCP, = 0
gpu_min_DRAMP, = 0
gpu_min_PIPEP, = 0.0619195
gpu_min_IDLE_COREP, = 37.3285
gpu_min_CONSTP = 32.3252
gpu_min_STATICP = 0
gpu_min_TOT_INST, = 0
gpu_min_FP_INT, = 0
gpu_min_IC_H, = 0
gpu_min_IC_M, = 0
gpu_min_DC_RH, = 0
gpu_min_DC_RM, = 0
gpu_min_DC_WH, = 0
gpu_min_DC_WM, = 0
gpu_min_TC_H, = 0
gpu_min_TC_M, = 0
gpu_min_CC_H, = 0
gpu_min_CC_M, = 0
gpu_min_SHRD_ACC, = 0
gpu_min_REG_RD, = 0
gpu_min_REG_WR, = 0
gpu_min_NON_REG_OPs, = 0
gpu_min_INT_ACC, = 0
gpu_min_FPU_ACC, = 0
gpu_min_DPU_ACC, = 0
gpu_min_INT_MUL24_ACC, = 0
gpu_min_INT_MUL32_ACC, = 0
gpu_min_INT_MUL_ACC, = 0
gpu_min_INT_DIV_ACC, = 0
gpu_min_FP_MUL_ACC, = 0
gpu_min_FP_DIV_ACC, = 0
gpu_min_FP_SQRT_ACC, = 0
gpu_min_FP_LG_ACC, = 0
gpu_min_FP_SIN_ACC, = 0
gpu_min_FP_EXP_ACC, = 0
gpu_min_DP_MUL_ACC, = 0
gpu_min_DP_DIV_ACC, = 0
gpu_min_TENSOR_ACC, = 0
gpu_min_TEX_ACC, = 0
gpu_min_MEM_RD, = 0
gpu_min_MEM_WR, = 0
gpu_min_MEM_PRE, = 0
gpu_min_L2_RH, = 0
gpu_min_L2_RM, = 0
gpu_min_L2_WH, = 0
gpu_min_L2_WM, = 0
gpu_min_NOC_A, = 0
gpu_min_PIPE_A, = 0.00189394
gpu_min_IDLE_CORE_N, = 132
gpu_min_constant_power = 0

Accumulative Power Statistics Over Previous Kernels:
gpu_tot_avg_power = 78.9441
gpu_tot_max_power = 154.291
gpu_tot_min_power = 60.8126


kernel_name = nvjet_sm90_tst_64x8_64x16_4x1_v_bz_TNT 
kernel_launch_uid = 19 

Kernel Average Power Data:
kernel_avg_power = 78.5247
gpu_avg_IBP, = 0.138773
gpu_avg_ICP, = 0
gpu_avg_DCP, = 0
gpu_avg_TCP, = 0
gpu_avg_CCP, = 0.000974275
gpu_avg_SHRDP, = 0.124754
gpu_avg_RFP, = 0
gpu_avg_INTP, = 2.68937
gpu_avg_FPUP, = 0.0144066
gpu_avg_DPUP, = 0
gpu_avg_INT_MUL24P, = 0
gpu_avg_INT_MUL32P, = 0
gpu_avg_INT_MULP, = 0.244675
gpu_avg_INT_DIVP, = 0
gpu_avg_FP_MULP, = 0
gpu_avg_FP_DIVP, = 0
gpu_avg_FP_SQRTP, = 0
gpu_avg_FP_LGP, = 0
gpu_avg_FP_SINP, = 0
gpu_avg_FP_EXP, = 0
gpu_avg_DP_MULP, = 0
gpu_avg_DP_DIVP, = 0
gpu_avg_TENSORP, = 0
gpu_avg_TEXP, = 0
gpu_avg_SCHEDP, = 0.398006
gpu_avg_L2CP, = 0.665716
gpu_avg_MCP, = 0.550325
gpu_avg_NOCP, = 3.96766
gpu_avg_DRAMP, = 0
gpu_avg_PIPEP, = 0.353781
gpu_avg_IDLE_COREP, = 34.9268
gpu_avg_CONSTP = 32.3252
gpu_avg_STATICP = 2.12423
gpu_avg_TOT_INST, = 5961.46
gpu_avg_FP_INT, = 5806.08
gpu_avg_IC_H, = 0
gpu_avg_IC_M, = 0
gpu_avg_DC_RH, = 0
gpu_avg_DC_RM, = 0
gpu_avg_DC_WH, = 0
gpu_avg_DC_WM, = 0
gpu_avg_TC_H, = 0
gpu_avg_TC_M, = 0
gpu_avg_CC_H, = 44.6154
gpu_avg_CC_M, = 0
gpu_avg_SHRD_ACC, = 279.769
gpu_avg_REG_RD, = 0
gpu_avg_REG_WR, = 0
gpu_avg_NON_REG_OPs, = 0
gpu_avg_INT_ACC, = 1.4704e+06
gpu_avg_FPU_ACC, = 192.963
gpu_avg_DPU_ACC, = 0
gpu_avg_INT_MUL24_ACC, = 0
gpu_avg_INT_MUL32_ACC, = 0
gpu_avg_INT_MUL_ACC, = 1597.63
gpu_avg_INT_DIV_ACC, = 0
gpu_avg_FP_MUL_ACC, = 0
gpu_avg_FP_DIV_ACC, = 0
gpu_avg_FP_SQRT_ACC, = 0
gpu_avg_FP_LG_ACC, = 0
gpu_avg_FP_SIN_ACC, = 0
gpu_avg_FP_EXP_ACC, = 0
gpu_avg_DP_MUL_ACC, = 0
gpu_avg_DP_DIV_ACC, = 0
gpu_avg_TENSOR_ACC, = 0
gpu_avg_TEX_ACC, = 0
gpu_avg_MEM_RD, = 0
gpu_avg_MEM_WR, = 0
gpu_avg_MEM_PRE, = 0
gpu_avg_L2_RH, = 2343.69
gpu_avg_L2_RM, = 1524.62
gpu_avg_L2_WH, = 0.0769231
gpu_avg_L2_WM, = 0.307692
gpu_avg_NOC_A, = 11636.7
gpu_avg_PIPE_A, = 0.0108211
gpu_avg_IDLE_CORE_N, = 123.507
gpu_avg_constant_power = 0
gpu_avg_threads_per_warp = 15.1616
gpu_tot_TOT_INST, = 77499
gpu_tot_FP_INT, = 75479
gpu_tot_IC_H, = 0
gpu_tot_IC_M, = 0
gpu_tot_DC_RH, = 0
gpu_tot_DC_RM, = 0
gpu_tot_DC_WH, = 0
gpu_tot_DC_WM, = 0
gpu_tot_TC_H, = 0
gpu_tot_TC_M, = 0
gpu_tot_CC_H, = 580
gpu_tot_CC_M, = 0
gpu_tot_SHRD_ACC, = 3637
gpu_tot_REG_RD, = 0
gpu_tot_REG_WR, = 0
gpu_tot_NON_REG_OPs, = 0
gpu_tot_INT_ACC, = 1.91152e+07
gpu_tot_FPU_ACC, = 2508.52
gpu_tot_DPU_ACC, = 0
gpu_tot_INT_MUL24_ACC, = 0
gpu_tot_INT_MUL32_ACC, = 0
gpu_tot_INT_MUL_ACC, = 20769.2
gpu_tot_INT_DIV_ACC, = 0
gpu_tot_FP_MUL_ACC, = 0
gpu_tot_FP_DIV_ACC, = 0
gpu_tot_FP_SQRT_ACC, = 0
gpu_tot_FP_LG_ACC, = 0
gpu_tot_FP_SIN_ACC, = 0
gpu_tot_FP_EXP_ACC, = 0
gpu_tot_DP_MUL_ACC, = 0
gpu_tot_DP_DIV_ACC, = 0
gpu_tot_TENSOR_ACC, = 0
gpu_tot_TEX_ACC, = 0
gpu_tot_MEM_RD, = 0
gpu_tot_MEM_WR, = 0
gpu_tot_MEM_PRE, = 0
gpu_tot_L2_RH, = 30468
gpu_tot_L2_RM, = 19820
gpu_tot_L2_WH, = 1
gpu_tot_L2_WM, = 4
gpu_tot_NOC_A, = 151277
gpu_tot_PIPE_A, = 0.140675
gpu_tot_IDLE_CORE_N, = 1605.59
gpu_tot_constant_power = 0

Kernel Maximum Power Data:
kernel_max_power = 92.6032
gpu_max_IBP, = 0.236135
gpu_max_ICP, = 0
gpu_max_DCP, = 0
gpu_max_TCP, = 0
gpu_max_CCP, = 0
gpu_max_SHRDP, = 0.288062
gpu_max_RFP, = 0
gpu_max_INTP, = 5.03389
gpu_max_FPUP, = 0
gpu_max_DPUP, = 0
gpu_max_INT_MUL24P, = 0
gpu_max_INT_MUL32P, = 0
gpu_max_INT_MULP, = 0.102096
gpu_max_INT_DIVP, = 0
gpu_max_FP_MULP, = 0
gpu_max_FP_DIVP, = 0
gpu_max_FP_SQRTP, = 0
gpu_max_FP_LGP, = 0
gpu_max_FP_SINP, = 0
gpu_max_FP_EXP, = 0
gpu_max_DP_MULP, = 0
gpu_max_DP_DIVP, = 0
gpu_max_TENSORP, = 0
gpu_max_TEXP, = 0
gpu_max_SCHEDP, = 0.674668
gpu_max_L2CP, = 2.33256
gpu_max_MCP, = 0.55022
gpu_max_NOCP, = 13.8614
gpu_max_DRAMP, = 0
gpu_max_PIPEP, = 0.552092
gpu_max_IDLE_COREP, = 32.8038
gpu_max_CONSTP = 32.3252
gpu_max_STATICP = 3.84302
gpu_max_TOT_INST, = 10144
gpu_max_FP_INT, = 9842
gpu_max_IC_H, = 0
gpu_max_IC_M, = 0
gpu_max_DC_RH, = 0
gpu_max_DC_RM, = 0
gpu_max_DC_WH, = 0
gpu_max_DC_WM, = 0
gpu_max_TC_H, = 0
gpu_max_TC_M, = 0
gpu_max_CC_H, = 0
gpu_max_CC_M, = 0
gpu_max_SHRD_ACC, = 646
gpu_max_REG_RD, = 0
gpu_max_REG_WR, = 0
gpu_max_NON_REG_OPs, = 0
gpu_max_INT_ACC, = 2.75225e+06
gpu_max_FPU_ACC, = 0
gpu_max_DPU_ACC, = 0
gpu_max_INT_MUL24_ACC, = 0
gpu_max_INT_MUL32_ACC, = 0
gpu_max_INT_MUL_ACC, = 666.648
gpu_max_INT_DIV_ACC, = 0
gpu_max_FP_MUL_ACC, = 0
gpu_max_FP_DIV_ACC, = 0
gpu_max_FP_SQRT_ACC, = 0
gpu_max_FP_LG_ACC, = 0
gpu_max_FP_SIN_ACC, = 0
gpu_max_FP_EXP_ACC, = 0
gpu_max_DP_MUL_ACC, = 0
gpu_max_DP_DIV_ACC, = 0
gpu_max_TENSOR_ACC, = 0
gpu_max_TEX_ACC, = 0
gpu_max_MEM_RD, = 0
gpu_max_MEM_WR, = 0
gpu_max_MEM_PRE, = 0
gpu_max_L2_RH, = 8218
gpu_max_L2_RM, = 5296
gpu_max_L2_WH, = 0
gpu_max_L2_WM, = 0
gpu_max_NOC_A, = 40654
gpu_max_PIPE_A, = 0.0168869
gpu_max_IDLE_CORE_N, = 116
gpu_max_constant_power = 0

Kernel Minimum Power Data:
kernel_min_power = 70.2653
gpu_min_IBP, = 0
gpu_min_ICP, = 0
gpu_min_DCP, = 0
gpu_min_TCP, = 0
gpu_min_CCP, = 0
gpu_min_SHRDP, = 0
gpu_min_RFP, = 0
gpu_min_INTP, = 0
gpu_min_FPUP, = 0
gpu_min_DPUP, = 0
gpu_min_INT_MUL24P, = 0
gpu_min_INT_MUL32P, = 0
gpu_min_INT_MULP, = 0
gpu_min_INT_DIVP, = 0
gpu_min_FP_MULP, = 0
gpu_min_FP_DIVP, = 0
gpu_min_FP_SQRTP, = 0
gpu_min_FP_LGP, = 0
gpu_min_FP_SINP, = 0
gpu_min_FP_EXP, = 0
gpu_min_DP_MULP, = 0
gpu_min_DP_DIVP, = 0
gpu_min_TENSORP, = 0
gpu_min_TEXP, = 0
gpu_min_SCHEDP, = 0
gpu_min_L2CP, = 0.00106817
gpu_min_MCP, = 0.55022
gpu_min_NOCP, = 0.000340961
gpu_min_DRAMP, = 0
gpu_min_PIPEP, = 0.0619195
gpu_min_IDLE_COREP, = 37.2997
gpu_min_CONSTP = 32.3252
gpu_min_STATICP = 0.0268883
gpu_min_TOT_INST, = 0
gpu_min_FP_INT, = 0
gpu_min_IC_H, = 0
gpu_min_IC_M, = 0
gpu_min_DC_RH, = 0
gpu_min_DC_RM, = 0
gpu_min_DC_WH, = 0
gpu_min_DC_WM, = 0
gpu_min_TC_H, = 0
gpu_min_TC_M, = 0
gpu_min_CC_H, = 0
gpu_min_CC_M, = 0
gpu_min_SHRD_ACC, = 0
gpu_min_REG_RD, = 0
gpu_min_REG_WR, = 0
gpu_min_NON_REG_OPs, = 0
gpu_min_INT_ACC, = 0
gpu_min_FPU_ACC, = 0
gpu_min_DPU_ACC, = 0
gpu_min_INT_MUL24_ACC, = 0
gpu_min_INT_MUL32_ACC, = 0
gpu_min_INT_MUL_ACC, = 0
gpu_min_INT_DIV_ACC, = 0
gpu_min_FP_MUL_ACC, = 0
gpu_min_FP_DIV_ACC, = 0
gpu_min_FP_SQRT_ACC, = 0
gpu_min_FP_LG_ACC, = 0
gpu_min_FP_SIN_ACC, = 0
gpu_min_FP_EXP_ACC, = 0
gpu_min_DP_MUL_ACC, = 0
gpu_min_DP_DIV_ACC, = 0
gpu_min_TENSOR_ACC, = 0
gpu_min_TEX_ACC, = 0
gpu_min_MEM_RD, = 0
gpu_min_MEM_WR, = 0
gpu_min_MEM_PRE, = 0
gpu_min_L2_RH, = 0
gpu_min_L2_RM, = 0
gpu_min_L2_WH, = 1
gpu_min_L2_WM, = 0
gpu_min_NOC_A, = 1
gpu_min_PIPE_A, = 0.00189394
gpu_min_IDLE_CORE_N, = 131.898
gpu_min_constant_power = 0

Accumulative Power Statistics Over Previous Kernels:
gpu_tot_avg_power = 78.9235
gpu_tot_max_power = 154.291
gpu_tot_min_power = 60.8126


kernel_name = _ZN4vllm25fused_add_rms_norm_kernelIN3c108BFloat16ELi8ELb1EEENSt9enable_ifIXaagtT0_Li0Esr4vllm12_typeConvertIT_EE6existsEvE4typeEPS4_lS7_PKS4_fiil 
kernel_launch_uid = 20 

Kernel Average Power Data:
kernel_avg_power = 70.457
gpu_avg_IBP, = 0.0074808
gpu_avg_ICP, = 0
gpu_avg_DCP, = 0.0308854
gpu_avg_TCP, = 0
gpu_avg_CCP, = 0.000134994
gpu_avg_SHRDP, = 0.00526992
gpu_avg_RFP, = 0
gpu_avg_INTP, = 0.099316
gpu_avg_FPUP, = 0.0198265
gpu_avg_DPUP, = 0
gpu_avg_INT_MUL24P, = 0
gpu_avg_INT_MUL32P, = 0
gpu_avg_INT_MULP, = 0.0185501
gpu_avg_INT_DIVP, = 0
gpu_avg_FP_MULP, = 0.00377508
gpu_avg_FP_DIVP, = 0
gpu_avg_FP_SQRTP, = 2.71615e-06
gpu_avg_FP_LGP, = 0
gpu_avg_FP_SINP, = 0
gpu_avg_FP_EXP, = 5.0406e-06
gpu_avg_DP_MULP, = 0
gpu_avg_DP_DIVP, = 0
gpu_avg_TENSORP, = 0
gpu_avg_TEXP, = 0
gpu_avg_SCHEDP, = 0.0209015
gpu_avg_L2CP, = 0.0109206
gpu_avg_MCP, = 0.554919
gpu_avg_NOCP, = 0.026347
gpu_avg_DRAMP, = 0
gpu_avg_PIPEP, = 0.0169765
gpu_avg_IDLE_COREP, = 37.0673
gpu_avg_CONSTP = 32.3252
gpu_avg_STATICP = 0.249211
gpu_avg_TOT_INST, = 321.364
gpu_avg_FP_INT, = 304.909
gpu_avg_IC_H, = 0
gpu_avg_IC_M, = 0
gpu_avg_DC_RH, = 10.1818
gpu_avg_DC_RM, = 10.1818
gpu_avg_DC_WH, = 10.1818
gpu_avg_DC_WM, = 0
gpu_avg_TC_H, = 0
gpu_avg_TC_M, = 0
gpu_avg_CC_H, = 6.18182
gpu_avg_CC_M, = 0
gpu_avg_SHRD_ACC, = 11.8182
gpu_avg_REG_RD, = 0
gpu_avg_REG_WR, = 0
gpu_avg_NON_REG_OPs, = 0
gpu_avg_INT_ACC, = 54300.4
gpu_avg_FPU_ACC, = 265.558
gpu_avg_DPU_ACC, = 0
gpu_avg_INT_MUL24_ACC, = 0
gpu_avg_INT_MUL32_ACC, = 0
gpu_avg_INT_MUL_ACC, = 121.125
gpu_avg_INT_DIV_ACC, = 0
gpu_avg_FP_MUL_ACC, = 24.6497
gpu_avg_FP_DIV_ACC, = 0
gpu_avg_FP_SQRT_ACC, = 0.0177354
gpu_avg_FP_LG_ACC, = 0
gpu_avg_FP_SIN_ACC, = 0
gpu_avg_FP_EXP_ACC, = 0.0329131
gpu_avg_DP_MUL_ACC, = 0
gpu_avg_DP_DIV_ACC, = 0
gpu_avg_TENSOR_ACC, = 0
gpu_avg_TEX_ACC, = 0
gpu_avg_MEM_RD, = 0
gpu_avg_MEM_WR, = 0
gpu_avg_MEM_PRE, = 0
gpu_avg_L2_RH, = 10.9091
gpu_avg_L2_RM, = 4.36364
gpu_avg_L2_WH, = 5.09091
gpu_avg_L2_WM, = 4.72727
gpu_avg_NOC_A, = 77.2727
gpu_avg_PIPE_A, = 0.000519262
gpu_avg_IDLE_CORE_N, = 131.076
gpu_avg_constant_power = 0
gpu_avg_threads_per_warp = 14.5834
gpu_tot_TOT_INST, = 3535
gpu_tot_FP_INT, = 3354
gpu_tot_IC_H, = 0
gpu_tot_IC_M, = 0
gpu_tot_DC_RH, = 112
gpu_tot_DC_RM, = 112
gpu_tot_DC_WH, = 112
gpu_tot_DC_WM, = 0
gpu_tot_TC_H, = 0
gpu_tot_TC_M, = 0
gpu_tot_CC_H, = 68
gpu_tot_CC_M, = 0
gpu_tot_SHRD_ACC, = 130
gpu_tot_REG_RD, = 0
gpu_tot_REG_WR, = 0
gpu_tot_NON_REG_OPs, = 0
gpu_tot_INT_ACC, = 597304
gpu_tot_FPU_ACC, = 2921.13
gpu_tot_DPU_ACC, = 0
gpu_tot_INT_MUL24_ACC, = 0
gpu_tot_INT_MUL32_ACC, = 0
gpu_tot_INT_MUL_ACC, = 1332.37
gpu_tot_INT_DIV_ACC, = 0
gpu_tot_FP_MUL_ACC, = 271.147
gpu_tot_FP_DIV_ACC, = 0
gpu_tot_FP_SQRT_ACC, = 0.195089
gpu_tot_FP_LG_ACC, = 0
gpu_tot_FP_SIN_ACC, = 0
gpu_tot_FP_EXP_ACC, = 0.362044
gpu_tot_DP_MUL_ACC, = 0
gpu_tot_DP_DIV_ACC, = 0
gpu_tot_TENSOR_ACC, = 0
gpu_tot_TEX_ACC, = 0
gpu_tot_MEM_RD, = 0
gpu_tot_MEM_WR, = 0
gpu_tot_MEM_PRE, = 0
gpu_tot_L2_RH, = 120
gpu_tot_L2_RM, = 48
gpu_tot_L2_WH, = 56
gpu_tot_L2_WM, = 52
gpu_tot_NOC_A, = 850
gpu_tot_PIPE_A, = 0.00571189
gpu_tot_IDLE_CORE_N, = 1441.84
gpu_tot_constant_power = 0

Kernel Maximum Power Data:
kernel_max_power = 71.2905
gpu_max_IBP, = 0.0273753
gpu_max_ICP, = 0
gpu_max_DCP, = 0.162649
gpu_max_TCP, = 0
gpu_max_CCP, = 0.000611441
gpu_max_SHRDP, = 0.010702
gpu_max_RFP, = 0
gpu_max_INTP, = 0.512287
gpu_max_FPUP, = 0.122432
gpu_max_DPUP, = 0
gpu_max_INT_MUL24P, = 0
gpu_max_INT_MUL32P, = 0
gpu_max_INT_MULP, = 0.0518943
gpu_max_INT_DIVP, = 0
gpu_max_FP_MULP, = 0.00153546
gpu_max_FP_DIVP, = 0
gpu_max_FP_SQRTP, = 0
gpu_max_FP_LGP, = 0
gpu_max_FP_SINP, = 0
gpu_max_FP_EXP, = 0
gpu_max_DP_MULP, = 0
gpu_max_DP_DIVP, = 0
gpu_max_TENSORP, = 0
gpu_max_TEXP, = 0
gpu_max_SCHEDP, = 0.0770501
gpu_max_L2CP, = 0.00190679
gpu_max_MCP, = 0.574999
gpu_max_NOCP, = 0.0409153
gpu_max_DRAMP, = 0
gpu_max_PIPEP, = 0.0622137
gpu_max_IDLE_COREP, = 37.0457
gpu_max_CONSTP = 32.3252
gpu_max_STATICP = 0.273024
gpu_max_TOT_INST, = 1176
gpu_max_FP_INT, = 1124
gpu_max_IC_H, = 0
gpu_max_IC_M, = 0
gpu_max_DC_RH, = 56
gpu_max_DC_RM, = 56
gpu_max_DC_WH, = 0
gpu_max_DC_WM, = 0
gpu_max_TC_H, = 0
gpu_max_TC_M, = 0
gpu_max_CC_H, = 28
gpu_max_CC_M, = 0
gpu_max_SHRD_ACC, = 24
gpu_max_REG_RD, = 0
gpu_max_REG_WR, = 0
gpu_max_NON_REG_OPs, = 0
gpu_max_INT_ACC, = 280090
gpu_max_FPU_ACC, = 1639.86
gpu_max_DPU_ACC, = 0
gpu_max_INT_MUL24_ACC, = 0
gpu_max_INT_MUL32_ACC, = 0
gpu_max_INT_MUL_ACC, = 338.849
gpu_max_INT_DIV_ACC, = 0
gpu_max_FP_MUL_ACC, = 10.0259
gpu_max_FP_DIV_ACC, = 0
gpu_max_FP_SQRT_ACC, = 0
gpu_max_FP_LG_ACC, = 0
gpu_max_FP_SIN_ACC, = 0
gpu_max_FP_EXP_ACC, = 0
gpu_max_DP_MUL_ACC, = 0
gpu_max_DP_DIV_ACC, = 0
gpu_max_TENSOR_ACC, = 0
gpu_max_TEX_ACC, = 0
gpu_max_MEM_RD, = 0
gpu_max_MEM_WR, = 0
gpu_max_MEM_PRE, = 0
gpu_max_L2_RH, = 7
gpu_max_L2_RM, = 0
gpu_max_L2_WH, = 0
gpu_max_L2_WM, = 0
gpu_max_NOC_A, = 120
gpu_max_PIPE_A, = 0.00190294
gpu_max_IDLE_CORE_N, = 131
gpu_max_constant_power = 0

Kernel Minimum Power Data:
kernel_min_power = 70.2039
gpu_min_IBP, = 0
gpu_min_ICP, = 0
gpu_min_DCP, = 0
gpu_min_TCP, = 0
gpu_min_CCP, = 0
gpu_min_SHRDP, = 0
gpu_min_RFP, = 0
gpu_min_INTP, = 0
gpu_min_FPUP, = 0
gpu_min_DPUP, = 0
gpu_min_INT_MUL24P, = 0
gpu_min_INT_MUL32P, = 0
gpu_min_INT_MULP, = 0
gpu_min_INT_DIVP, = 0
gpu_min_FP_MULP, = 0
gpu_min_FP_DIVP, = 0
gpu_min_FP_SQRTP, = 0
gpu_min_FP_LGP, = 0
gpu_min_FP_SINP, = 0
gpu_min_FP_EXP, = 0
gpu_min_DP_MULP, = 0
gpu_min_DP_DIVP, = 0
gpu_min_TENSORP, = 0
gpu_min_TEXP, = 0
gpu_min_SCHEDP, = 0
gpu_min_L2CP, = 0
gpu_min_MCP, = 0.55022
gpu_min_NOCP, = 0
gpu_min_DRAMP, = 0
gpu_min_PIPEP, = 0
gpu_min_IDLE_COREP, = 37.3285
gpu_min_CONSTP = 32.3252
gpu_min_STATICP = 0
gpu_min_TOT_INST, = 0
gpu_min_FP_INT, = 0
gpu_min_IC_H, = 0
gpu_min_IC_M, = 0
gpu_min_DC_RH, = 0
gpu_min_DC_RM, = 0
gpu_min_DC_WH, = 0
gpu_min_DC_WM, = 0
gpu_min_TC_H, = 0
gpu_min_TC_M, = 0
gpu_min_CC_H, = 0
gpu_min_CC_M, = 0
gpu_min_SHRD_ACC, = 0
gpu_min_REG_RD, = 0
gpu_min_REG_WR, = 0
gpu_min_NON_REG_OPs, = 0
gpu_min_INT_ACC, = 0
gpu_min_FPU_ACC, = 0
gpu_min_DPU_ACC, = 0
gpu_min_INT_MUL24_ACC, = 0
gpu_min_INT_MUL32_ACC, = 0
gpu_min_INT_MUL_ACC, = 0
gpu_min_INT_DIV_ACC, = 0
gpu_min_FP_MUL_ACC, = 0
gpu_min_FP_DIV_ACC, = 0
gpu_min_FP_SQRT_ACC, = 0
gpu_min_FP_LG_ACC, = 0
gpu_min_FP_SIN_ACC, = 0
gpu_min_FP_EXP_ACC, = 0
gpu_min_DP_MUL_ACC, = 0
gpu_min_DP_DIV_ACC, = 0
gpu_min_TENSOR_ACC, = 0
gpu_min_TEX_ACC, = 0
gpu_min_MEM_RD, = 0
gpu_min_MEM_WR, = 0
gpu_min_MEM_PRE, = 0
gpu_min_L2_RH, = 0
gpu_min_L2_RM, = 0
gpu_min_L2_WH, = 0
gpu_min_L2_WM, = 0
gpu_min_NOC_A, = 0
gpu_min_PIPE_A, = 0
gpu_min_IDLE_CORE_N, = 132
gpu_min_constant_power = 0

Accumulative Power Statistics Over Previous Kernels:
gpu_tot_avg_power = 78.5861
gpu_tot_max_power = 154.291
gpu_tot_min_power = 60.8126


kernel_name = nvjet_sm90_tst_128x8_64x12_4x1_v_bz_TNT 
kernel_launch_uid = 21 

Kernel Average Power Data:
kernel_avg_power = 105.981
gpu_avg_IBP, = 0.412258
gpu_avg_ICP, = 0
gpu_avg_DCP, = 0
gpu_avg_TCP, = 0
gpu_avg_CCP, = 0.00240646
gpu_avg_SHRDP, = 0.298906
gpu_avg_RFP, = 0
gpu_avg_INTP, = 8.25411
gpu_avg_FPUP, = 0.0769392
gpu_avg_DPUP, = 0
gpu_avg_INT_MUL24P, = 0
gpu_avg_INT_MUL32P, = 0
gpu_avg_INT_MULP, = 0.631891
gpu_avg_INT_DIVP, = 0
gpu_avg_FP_MULP, = 0
gpu_avg_FP_DIVP, = 0
gpu_avg_FP_SQRTP, = 0
gpu_avg_FP_LGP, = 0
gpu_avg_FP_SINP, = 0
gpu_avg_FP_EXP, = 0
gpu_avg_DP_MULP, = 0
gpu_avg_DP_DIVP, = 0
gpu_avg_TENSORP, = 0
gpu_avg_TEXP, = 0
gpu_avg_SCHEDP, = 1.17512
gpu_avg_L2CP, = 3.14163
gpu_avg_MCP, = 0.550479
gpu_avg_NOCP, = 22.3581
gpu_avg_DRAMP, = 0
gpu_avg_PIPEP, = 1.02446
gpu_avg_IDLE_COREP, = 23.2871
gpu_avg_CONSTP = 32.3252
gpu_avg_STATICP = 12.4425
gpu_avg_TOT_INST, = 17710
gpu_avg_FP_INT, = 17142.6
gpu_avg_IC_H, = 0
gpu_avg_IC_M, = 0
gpu_avg_DC_RH, = 0
gpu_avg_DC_RM, = 0
gpu_avg_DC_WH, = 0
gpu_avg_DC_WM, = 0
gpu_avg_TC_H, = 0
gpu_avg_TC_M, = 0
gpu_avg_CC_H, = 110.2
gpu_avg_CC_M, = 0
gpu_avg_SHRD_ACC, = 670.32
gpu_avg_REG_RD, = 0
gpu_avg_REG_WR, = 0
gpu_avg_NON_REG_OPs, = 0
gpu_avg_INT_ACC, = 4.51288e+06
gpu_avg_FPU_ACC, = 1030.53
gpu_avg_DPU_ACC, = 0
gpu_avg_INT_MUL24_ACC, = 0
gpu_avg_INT_MUL32_ACC, = 0
gpu_avg_INT_MUL_ACC, = 4126
gpu_avg_INT_DIV_ACC, = 0
gpu_avg_FP_MUL_ACC, = 0
gpu_avg_FP_DIV_ACC, = 0
gpu_avg_FP_SQRT_ACC, = 0
gpu_avg_FP_LG_ACC, = 0
gpu_avg_FP_SIN_ACC, = 0
gpu_avg_FP_EXP_ACC, = 0
gpu_avg_DP_MUL_ACC, = 0
gpu_avg_DP_DIV_ACC, = 0
gpu_avg_TENSOR_ACC, = 0
gpu_avg_TEX_ACC, = 0
gpu_avg_MEM_RD, = 0
gpu_avg_MEM_WR, = 0
gpu_avg_MEM_PRE, = 0
gpu_avg_L2_RH, = 10745.2
gpu_avg_L2_RM, = 11059.5
gpu_avg_L2_WH, = 10.56
gpu_avg_L2_WM, = 13.8
gpu_avg_NOC_A, = 65573.7
gpu_avg_PIPE_A, = 0.0313354
gpu_avg_IDLE_CORE_N, = 82.3474
gpu_avg_constant_power = 0
gpu_avg_threads_per_warp = 21.9312
gpu_tot_TOT_INST, = 442749
gpu_tot_FP_INT, = 428564
gpu_tot_IC_H, = 0
gpu_tot_IC_M, = 0
gpu_tot_DC_RH, = 0
gpu_tot_DC_RM, = 0
gpu_tot_DC_WH, = 0
gpu_tot_DC_WM, = 0
gpu_tot_TC_H, = 0
gpu_tot_TC_M, = 0
gpu_tot_CC_H, = 2755
gpu_tot_CC_M, = 0
gpu_tot_SHRD_ACC, = 16758
gpu_tot_REG_RD, = 0
gpu_tot_REG_WR, = 0
gpu_tot_NON_REG_OPs, = 0
gpu_tot_INT_ACC, = 1.12822e+08
gpu_tot_FPU_ACC, = 25763.2
gpu_tot_DPU_ACC, = 0
gpu_tot_INT_MUL24_ACC, = 0
gpu_tot_INT_MUL32_ACC, = 0
gpu_tot_INT_MUL_ACC, = 103150
gpu_tot_INT_DIV_ACC, = 0
gpu_tot_FP_MUL_ACC, = 0
gpu_tot_FP_DIV_ACC, = 0
gpu_tot_FP_SQRT_ACC, = 0
gpu_tot_FP_LG_ACC, = 0
gpu_tot_FP_SIN_ACC, = 0
gpu_tot_FP_EXP_ACC, = 0
gpu_tot_DP_MUL_ACC, = 0
gpu_tot_DP_DIV_ACC, = 0
gpu_tot_TENSOR_ACC, = 0
gpu_tot_TEX_ACC, = 0
gpu_tot_MEM_RD, = 0
gpu_tot_MEM_WR, = 0
gpu_tot_MEM_PRE, = 0
gpu_tot_L2_RH, = 268630
gpu_tot_L2_RM, = 276488
gpu_tot_L2_WH, = 264
gpu_tot_L2_WM, = 345
gpu_tot_NOC_A, = 1.63934e+06
gpu_tot_PIPE_A, = 0.783385
gpu_tot_IDLE_CORE_N, = 2058.68
gpu_tot_constant_power = 0

Kernel Maximum Power Data:
kernel_max_power = 139.011
gpu_max_IBP, = 1.28147
gpu_max_ICP, = 0
gpu_max_DCP, = 0
gpu_max_TCP, = 0
gpu_max_CCP, = 0.000414907
gpu_max_SHRDP, = 0.135558
gpu_max_RFP, = 0
gpu_max_INTP, = 30.8361
gpu_max_FPUP, = 0
gpu_max_DPUP, = 0
gpu_max_INT_MUL24P, = 0
gpu_max_INT_MUL32P, = 0
gpu_max_INT_MULP, = 4.89244
gpu_max_INT_DIVP, = 0
gpu_max_FP_MULP, = 0
gpu_max_FP_DIVP, = 0
gpu_max_FP_SQRTP, = 0
gpu_max_FP_LGP, = 0
gpu_max_FP_SINP, = 0
gpu_max_FP_EXP, = 0
gpu_max_DP_MULP, = 0
gpu_max_DP_DIVP, = 0
gpu_max_TENSORP, = 0
gpu_max_TEXP, = 0
gpu_max_SCHEDP, = 3.75153
gpu_max_L2CP, = 1.21133
gpu_max_MCP, = 0.550265
gpu_max_NOCP, = 25.8834
gpu_max_DRAMP, = 0
gpu_max_PIPEP, = 3.37802
gpu_max_IDLE_COREP, = 15.8363
gpu_max_CONSTP = 32.3252
gpu_max_STATICP = 18.9294
gpu_max_TOT_INST, = 55050
gpu_max_FP_INT, = 54727
gpu_max_IC_H, = 0
gpu_max_IC_M, = 0
gpu_max_DC_RH, = 0
gpu_max_DC_RM, = 0
gpu_max_DC_WH, = 0
gpu_max_DC_WM, = 0
gpu_max_TC_H, = 0
gpu_max_TC_M, = 0
gpu_max_CC_H, = 19
gpu_max_CC_M, = 0
gpu_max_SHRD_ACC, = 304
gpu_max_REG_RD, = 0
gpu_max_REG_WR, = 0
gpu_max_NON_REG_OPs, = 0
gpu_max_INT_ACC, = 1.68595e+07
gpu_max_FPU_ACC, = 0
gpu_max_DPU_ACC, = 0
gpu_max_INT_MUL24_ACC, = 0
gpu_max_INT_MUL32_ACC, = 0
gpu_max_INT_MUL_ACC, = 31945.7
gpu_max_INT_DIV_ACC, = 0
gpu_max_FP_MUL_ACC, = 0
gpu_max_FP_DIV_ACC, = 0
gpu_max_FP_SQRT_ACC, = 0
gpu_max_FP_LG_ACC, = 0
gpu_max_FP_SIN_ACC, = 0
gpu_max_FP_EXP_ACC, = 0
gpu_max_DP_MUL_ACC, = 0
gpu_max_DP_DIV_ACC, = 0
gpu_max_TENSOR_ACC, = 0
gpu_max_TEX_ACC, = 0
gpu_max_MEM_RD, = 0
gpu_max_MEM_WR, = 0
gpu_max_MEM_PRE, = 0
gpu_max_L2_RH, = 4182
gpu_max_L2_RM, = 4066
gpu_max_L2_WH, = 0
gpu_max_L2_WM, = 0
gpu_max_NOC_A, = 75913
gpu_max_PIPE_A, = 0.103324
gpu_max_IDLE_CORE_N, = 56
gpu_max_constant_power = 0

Kernel Minimum Power Data:
kernel_min_power = 70.2039
gpu_min_IBP, = 0
gpu_min_ICP, = 0
gpu_min_DCP, = 0
gpu_min_TCP, = 0
gpu_min_CCP, = 0
gpu_min_SHRDP, = 0
gpu_min_RFP, = 0
gpu_min_INTP, = 0
gpu_min_FPUP, = 0
gpu_min_DPUP, = 0
gpu_min_INT_MUL24P, = 0
gpu_min_INT_MUL32P, = 0
gpu_min_INT_MULP, = 0
gpu_min_INT_DIVP, = 0
gpu_min_FP_MULP, = 0
gpu_min_FP_DIVP, = 0
gpu_min_FP_SQRTP, = 0
gpu_min_FP_LGP, = 0
gpu_min_FP_SINP, = 0
gpu_min_FP_EXP, = 0
gpu_min_DP_MULP, = 0
gpu_min_DP_DIVP, = 0
gpu_min_TENSORP, = 0
gpu_min_TEXP, = 0
gpu_min_SCHEDP, = 0
gpu_min_L2CP, = 0
gpu_min_MCP, = 0.55022
gpu_min_NOCP, = 0
gpu_min_DRAMP, = 0
gpu_min_PIPEP, = 0
gpu_min_IDLE_COREP, = 37.3285
gpu_min_CONSTP = 32.3252
gpu_min_STATICP = 0
gpu_min_TOT_INST, = 0
gpu_min_FP_INT, = 0
gpu_min_IC_H, = 0
gpu_min_IC_M, = 0
gpu_min_DC_RH, = 0
gpu_min_DC_RM, = 0
gpu_min_DC_WH, = 0
gpu_min_DC_WM, = 0
gpu_min_TC_H, = 0
gpu_min_TC_M, = 0
gpu_min_CC_H, = 0
gpu_min_CC_M, = 0
gpu_min_SHRD_ACC, = 0
gpu_min_REG_RD, = 0
gpu_min_REG_WR, = 0
gpu_min_NON_REG_OPs, = 0
gpu_min_INT_ACC, = 0
gpu_min_FPU_ACC, = 0
gpu_min_DPU_ACC, = 0
gpu_min_INT_MUL24_ACC, = 0
gpu_min_INT_MUL32_ACC, = 0
gpu_min_INT_MUL_ACC, = 0
gpu_min_INT_DIV_ACC, = 0
gpu_min_FP_MUL_ACC, = 0
gpu_min_FP_DIV_ACC, = 0
gpu_min_FP_SQRT_ACC, = 0
gpu_min_FP_LG_ACC, = 0
gpu_min_FP_SIN_ACC, = 0
gpu_min_FP_EXP_ACC, = 0
gpu_min_DP_MUL_ACC, = 0
gpu_min_DP_DIV_ACC, = 0
gpu_min_TENSOR_ACC, = 0
gpu_min_TEX_ACC, = 0
gpu_min_MEM_RD, = 0
gpu_min_MEM_WR, = 0
gpu_min_MEM_PRE, = 0
gpu_min_L2_RH, = 0
gpu_min_L2_RM, = 0
gpu_min_L2_WH, = 0
gpu_min_L2_WM, = 0
gpu_min_NOC_A, = 0
gpu_min_PIPE_A, = 0
gpu_min_IDLE_CORE_N, = 132
gpu_min_constant_power = 0

Accumulative Power Statistics Over Previous Kernels:
gpu_tot_avg_power = 80.8614
gpu_tot_max_power = 154.291
gpu_tot_min_power = 60.8126


kernel_name = _ZN4vllm18act_and_mul_kernelIN3c108BFloat16E14__nv_bfloat162XadL_ZNS_11silu_kernelIS2_EET_RKS5_fEEXadL_ZNS_18packed_silu_kernelIS3_EES5_S7_fEELb1ELb1ELb0ELb0EEEvPS5_PS6_ifff 
kernel_launch_uid = 22 

Kernel Average Power Data:
kernel_avg_power = 71.1202
gpu_avg_IBP, = 0.0103081
gpu_avg_ICP, = 0
gpu_avg_DCP, = 0.0752162
gpu_avg_TCP, = 0
gpu_avg_CCP, = 0.000150875
gpu_avg_SHRDP, = 4.05378e-05
gpu_avg_RFP, = 0
gpu_avg_INTP, = 0.0673055
gpu_avg_FPUP, = 0.0645378
gpu_avg_DPUP, = 0
gpu_avg_INT_MUL24P, = 0
gpu_avg_INT_MUL32P, = 0
gpu_avg_INT_MULP, = 0.0236909
gpu_avg_INT_DIVP, = 0
gpu_avg_FP_MULP, = 0.0771716
gpu_avg_FP_DIVP, = 0
gpu_avg_FP_SQRTP, = 0
gpu_avg_FP_LGP, = 0
gpu_avg_FP_SINP, = 0
gpu_avg_FP_EXP, = 0.0483898
gpu_avg_DP_MULP, = 0
gpu_avg_DP_DIVP, = 0
gpu_avg_TENSORP, = 0
gpu_avg_TEXP, = 0
gpu_avg_SCHEDP, = 0.0276443
gpu_avg_L2CP, = 0.0237524
gpu_avg_MCP, = 0.569494
gpu_avg_NOCP, = 0.0692771
gpu_avg_DRAMP, = 0
gpu_avg_PIPEP, = 0.410246
gpu_avg_IDLE_COREP, = 37.1845
gpu_avg_CONSTP = 32.3252
gpu_avg_STATICP = 0.14332
gpu_avg_TOT_INST, = 442.818
gpu_avg_FP_INT, = 403.273
gpu_avg_IC_H, = 0
gpu_avg_IC_M, = 0
gpu_avg_DC_RH, = 0
gpu_avg_DC_RM, = 55.2727
gpu_avg_DC_WH, = 0
gpu_avg_DC_WM, = 13.0909
gpu_avg_TC_H, = 0
gpu_avg_TC_M, = 0
gpu_avg_CC_H, = 6.90909
gpu_avg_CC_M, = 0
gpu_avg_SHRD_ACC, = 0.0909091
gpu_avg_REG_RD, = 0
gpu_avg_REG_WR, = 0
gpu_avg_NON_REG_OPs, = 0
gpu_avg_INT_ACC, = 36798.8
gpu_avg_FPU_ACC, = 864.423
gpu_avg_DPU_ACC, = 0
gpu_avg_INT_MUL24_ACC, = 0
gpu_avg_INT_MUL32_ACC, = 0
gpu_avg_INT_MUL_ACC, = 154.692
gpu_avg_INT_DIV_ACC, = 0
gpu_avg_FP_MUL_ACC, = 503.9
gpu_avg_FP_DIV_ACC, = 0
gpu_avg_FP_SQRT_ACC, = 0
gpu_avg_FP_LG_ACC, = 0
gpu_avg_FP_SIN_ACC, = 0
gpu_avg_FP_EXP_ACC, = 315.966
gpu_avg_DP_MUL_ACC, = 0
gpu_avg_DP_DIV_ACC, = 0
gpu_avg_TENSOR_ACC, = 0
gpu_avg_TEX_ACC, = 0
gpu_avg_MEM_RD, = 0
gpu_avg_MEM_WR, = 0
gpu_avg_MEM_PRE, = 0
gpu_avg_L2_RH, = 54.9091
gpu_avg_L2_RM, = 0.363636
gpu_avg_L2_WH, = 5.81818
gpu_avg_L2_WM, = 5
gpu_avg_NOC_A, = 203.182
gpu_avg_PIPE_A, = 0.0125482
gpu_avg_IDLE_CORE_N, = 131.491
gpu_avg_constant_power = 0
gpu_avg_threads_per_warp = 14.5455
gpu_tot_TOT_INST, = 4871
gpu_tot_FP_INT, = 4436
gpu_tot_IC_H, = 0
gpu_tot_IC_M, = 0
gpu_tot_DC_RH, = 0
gpu_tot_DC_RM, = 608
gpu_tot_DC_WH, = 0
gpu_tot_DC_WM, = 144
gpu_tot_TC_H, = 0
gpu_tot_TC_M, = 0
gpu_tot_CC_H, = 76
gpu_tot_CC_M, = 0
gpu_tot_SHRD_ACC, = 1
gpu_tot_REG_RD, = 0
gpu_tot_REG_WR, = 0
gpu_tot_NON_REG_OPs, = 0
gpu_tot_INT_ACC, = 404787
gpu_tot_FPU_ACC, = 9508.65
gpu_tot_DPU_ACC, = 0
gpu_tot_INT_MUL24_ACC, = 0
gpu_tot_INT_MUL32_ACC, = 0
gpu_tot_INT_MUL_ACC, = 1701.61
gpu_tot_INT_DIV_ACC, = 0
gpu_tot_FP_MUL_ACC, = 5542.9
gpu_tot_FP_DIV_ACC, = 0
gpu_tot_FP_SQRT_ACC, = 0
gpu_tot_FP_LG_ACC, = 0
gpu_tot_FP_SIN_ACC, = 0
gpu_tot_FP_EXP_ACC, = 3475.62
gpu_tot_DP_MUL_ACC, = 0
gpu_tot_DP_DIV_ACC, = 0
gpu_tot_TENSOR_ACC, = 0
gpu_tot_TEX_ACC, = 0
gpu_tot_MEM_RD, = 0
gpu_tot_MEM_WR, = 0
gpu_tot_MEM_PRE, = 0
gpu_tot_L2_RH, = 604
gpu_tot_L2_RM, = 4
gpu_tot_L2_WH, = 64
gpu_tot_L2_WM, = 55
gpu_tot_NOC_A, = 2235
gpu_tot_PIPE_A, = 0.138031
gpu_tot_IDLE_CORE_N, = 1446.4
gpu_tot_constant_power = 0

Kernel Maximum Power Data:
kernel_max_power = 72.0623
gpu_max_IBP, = 0.0291444
gpu_max_ICP, = 0
gpu_max_DCP, = 0.153868
gpu_max_TCP, = 0
gpu_max_CCP, = 0
gpu_max_SHRDP, = 0
gpu_max_RFP, = 0
gpu_max_INTP, = 0.192108
gpu_max_FPUP, = 0.261948
gpu_max_DPUP, = 0
gpu_max_INT_MUL24P, = 0
gpu_max_INT_MUL32P, = 0
gpu_max_INT_MULP, = 0.041741
gpu_max_INT_DIVP, = 0
gpu_max_FP_MULP, = 0.234267
gpu_max_FP_DIVP, = 0
gpu_max_FP_SQRTP, = 0
gpu_max_FP_LGP, = 0
gpu_max_FP_SINP, = 0
gpu_max_FP_EXP, = 0.145492
gpu_max_DP_MULP, = 0
gpu_max_DP_DIVP, = 0
gpu_max_TENSORP, = 0
gpu_max_TEXP, = 0
gpu_max_SCHEDP, = 0.0784211
gpu_max_L2CP, = 0.0683631
gpu_max_MCP, = 0.620676
gpu_max_NOCP, = 0.120018
gpu_max_DRAMP, = 0
gpu_max_PIPEP, = 0.461581
gpu_max_IDLE_COREP, = 37.0457
gpu_max_CONSTP = 32.3252
gpu_max_STATICP = 0.283776
gpu_max_TOT_INST, = 1252
gpu_max_FP_INT, = 1144
gpu_max_IC_H, = 0
gpu_max_IC_M, = 0
gpu_max_DC_RH, = 0
gpu_max_DC_RM, = 0
gpu_max_DC_WH, = 0
gpu_max_DC_WM, = 144
gpu_max_TC_H, = 0
gpu_max_TC_M, = 0
gpu_max_CC_H, = 0
gpu_max_CC_M, = 0
gpu_max_SHRD_ACC, = 0
gpu_max_REG_RD, = 0
gpu_max_REG_WR, = 0
gpu_max_NON_REG_OPs, = 0
gpu_max_INT_ACC, = 105034
gpu_max_FPU_ACC, = 3508.54
gpu_max_DPU_ACC, = 0
gpu_max_INT_MUL24_ACC, = 0
gpu_max_INT_MUL32_ACC, = 0
gpu_max_INT_MUL_ACC, = 272.552
gpu_max_INT_DIV_ACC, = 0
gpu_max_FP_MUL_ACC, = 1529.67
gpu_max_FP_DIV_ACC, = 0
gpu_max_FP_SQRT_ACC, = 0
gpu_max_FP_LG_ACC, = 0
gpu_max_FP_SIN_ACC, = 0
gpu_max_FP_EXP_ACC, = 950.004
gpu_max_DP_MUL_ACC, = 0
gpu_max_DP_DIV_ACC, = 0
gpu_max_TENSOR_ACC, = 0
gpu_max_TEX_ACC, = 0
gpu_max_MEM_RD, = 0
gpu_max_MEM_WR, = 0
gpu_max_MEM_PRE, = 0
gpu_max_L2_RH, = 0
gpu_max_L2_RM, = 0
gpu_max_L2_WH, = 64
gpu_max_L2_WM, = 0
gpu_max_NOC_A, = 352
gpu_max_PIPE_A, = 0.0141184
gpu_max_IDLE_CORE_N, = 131
gpu_max_constant_power = 0

Kernel Minimum Power Data:
kernel_min_power = 70.5871
gpu_min_IBP, = 0
gpu_min_ICP, = 0
gpu_min_DCP, = 0
gpu_min_TCP, = 0
gpu_min_CCP, = 0
gpu_min_SHRDP, = 0
gpu_min_RFP, = 0
gpu_min_INTP, = 0
gpu_min_FPUP, = 0
gpu_min_DPUP, = 0
gpu_min_INT_MUL24P, = 0
gpu_min_INT_MUL32P, = 0
gpu_min_INT_MULP, = 0
gpu_min_INT_DIVP, = 0
gpu_min_FP_MULP, = 0
gpu_min_FP_DIVP, = 0
gpu_min_FP_SQRTP, = 0
gpu_min_FP_LGP, = 0
gpu_min_FP_SINP, = 0
gpu_min_FP_EXP, = 0
gpu_min_DP_MULP, = 0
gpu_min_DP_DIVP, = 0
gpu_min_TENSORP, = 0
gpu_min_TEXP, = 0
gpu_min_SCHEDP, = 0
gpu_min_L2CP, = 0
gpu_min_MCP, = 0.55022
gpu_min_NOCP, = 0
gpu_min_DRAMP, = 0
gpu_min_PIPEP, = 0.383127
gpu_min_IDLE_COREP, = 37.3285
gpu_min_CONSTP = 32.3252
gpu_min_STATICP = 0
gpu_min_TOT_INST, = 0
gpu_min_FP_INT, = 0
gpu_min_IC_H, = 0
gpu_min_IC_M, = 0
gpu_min_DC_RH, = 0
gpu_min_DC_RM, = 0
gpu_min_DC_WH, = 0
gpu_min_DC_WM, = 0
gpu_min_TC_H, = 0
gpu_min_TC_M, = 0
gpu_min_CC_H, = 0
gpu_min_CC_M, = 0
gpu_min_SHRD_ACC, = 0
gpu_min_REG_RD, = 0
gpu_min_REG_WR, = 0
gpu_min_NON_REG_OPs, = 0
gpu_min_INT_ACC, = 0
gpu_min_FPU_ACC, = 0
gpu_min_DPU_ACC, = 0
gpu_min_INT_MUL24_ACC, = 0
gpu_min_INT_MUL32_ACC, = 0
gpu_min_INT_MUL_ACC, = 0
gpu_min_INT_DIV_ACC, = 0
gpu_min_FP_MUL_ACC, = 0
gpu_min_FP_DIV_ACC, = 0
gpu_min_FP_SQRT_ACC, = 0
gpu_min_FP_LG_ACC, = 0
gpu_min_FP_SIN_ACC, = 0
gpu_min_FP_EXP_ACC, = 0
gpu_min_DP_MUL_ACC, = 0
gpu_min_DP_DIV_ACC, = 0
gpu_min_TENSOR_ACC, = 0
gpu_min_TEX_ACC, = 0
gpu_min_MEM_RD, = 0
gpu_min_MEM_WR, = 0
gpu_min_MEM_PRE, = 0
gpu_min_L2_RH, = 0
gpu_min_L2_RM, = 0
gpu_min_L2_WH, = 0
gpu_min_L2_WM, = 0
gpu_min_NOC_A, = 0
gpu_min_PIPE_A, = 0.0117188
gpu_min_IDLE_CORE_N, = 132
gpu_min_constant_power = 0

Accumulative Power Statistics Over Previous Kernels:
gpu_tot_avg_power = 80.518
gpu_tot_max_power = 154.291
gpu_tot_min_power = 60.8126


kernel_name = nvjet_sm90_tst_64x8_64x16_4x1_v_bz_splitK_TNT 
kernel_launch_uid = 23 

Kernel Average Power Data:
kernel_avg_power = 99.0858
gpu_avg_IBP, = 0.43151
gpu_avg_ICP, = 0
gpu_avg_DCP, = 0.0089981
gpu_avg_TCP, = 0
gpu_avg_CCP, = 0.00199983
gpu_avg_SHRDP, = 0.447887
gpu_avg_RFP, = 0
gpu_avg_INTP, = 8.30994
gpu_avg_FPUP, = 0.00313032
gpu_avg_DPUP, = 0
gpu_avg_INT_MUL24P, = 0
gpu_avg_INT_MUL32P, = 0
gpu_avg_INT_MULP, = 0.760096
gpu_avg_INT_DIVP, = 0
gpu_avg_FP_MULP, = 0.000946672
gpu_avg_FP_DIVP, = 0
gpu_avg_FP_SQRTP, = 0
gpu_avg_FP_LGP, = 0
gpu_avg_FP_SINP, = 0
gpu_avg_FP_EXP, = 0.000373535
gpu_avg_DP_MULP, = 0
gpu_avg_DP_DIVP, = 0
gpu_avg_TENSORP, = 0
gpu_avg_TEXP, = 0
gpu_avg_SCHEDP, = 1.22977
gpu_avg_L2CP, = 2.82562
gpu_avg_MCP, = 0.554555
gpu_avg_NOCP, = 14.7561
gpu_avg_DRAMP, = 0
gpu_avg_PIPEP, = 1.40344
gpu_avg_IDLE_COREP, = 28.9691
gpu_avg_CONSTP = 32.3252
gpu_avg_STATICP = 7.05712
gpu_avg_TOT_INST, = 18537
gpu_avg_FP_INT, = 17939.8
gpu_avg_IC_H, = 0
gpu_avg_IC_M, = 0
gpu_avg_DC_RH, = 0
gpu_avg_DC_RM, = 0
gpu_avg_DC_WH, = 0
gpu_avg_DC_WM, = 8.42105
gpu_avg_TC_H, = 0
gpu_avg_TC_M, = 0
gpu_avg_CC_H, = 91.5789
gpu_avg_CC_M, = 0
gpu_avg_SHRD_ACC, = 1004.42
gpu_avg_REG_RD, = 0
gpu_avg_REG_WR, = 0
gpu_avg_NON_REG_OPs, = 0
gpu_avg_INT_ACC, = 4.54341e+06
gpu_avg_FPU_ACC, = 41.9276
gpu_avg_DPU_ACC, = 0
gpu_avg_INT_MUL24_ACC, = 0
gpu_avg_INT_MUL32_ACC, = 0
gpu_avg_INT_MUL_ACC, = 4963.12
gpu_avg_INT_DIV_ACC, = 0
gpu_avg_FP_MUL_ACC, = 6.18139
gpu_avg_FP_DIV_ACC, = 0
gpu_avg_FP_SQRT_ACC, = 0
gpu_avg_FP_LG_ACC, = 0
gpu_avg_FP_SIN_ACC, = 0
gpu_avg_FP_EXP_ACC, = 2.43903
gpu_avg_DP_MUL_ACC, = 0
gpu_avg_DP_DIV_ACC, = 0
gpu_avg_TENSOR_ACC, = 0
gpu_avg_TEX_ACC, = 0
gpu_avg_MEM_RD, = 0
gpu_avg_MEM_WR, = 0
gpu_avg_MEM_PRE, = 0
gpu_avg_L2_RH, = 9983.58
gpu_avg_L2_RM, = 4382.53
gpu_avg_L2_WH, = 26.5263
gpu_avg_L2_WM, = 0
gpu_avg_NOC_A, = 43277.9
gpu_avg_PIPE_A, = 0.0429272
gpu_avg_IDLE_CORE_N, = 102.44
gpu_avg_constant_power = 0
gpu_avg_threads_per_warp = 20.9004
gpu_tot_TOT_INST, = 352203
gpu_tot_FP_INT, = 340857
gpu_tot_IC_H, = 0
gpu_tot_IC_M, = 0
gpu_tot_DC_RH, = 0
gpu_tot_DC_RM, = 0
gpu_tot_DC_WH, = 0
gpu_tot_DC_WM, = 160
gpu_tot_TC_H, = 0
gpu_tot_TC_M, = 0
gpu_tot_CC_H, = 1740
gpu_tot_CC_M, = 0
gpu_tot_SHRD_ACC, = 19084
gpu_tot_REG_RD, = 0
gpu_tot_REG_WR, = 0
gpu_tot_NON_REG_OPs, = 0
gpu_tot_INT_ACC, = 8.63247e+07
gpu_tot_FPU_ACC, = 796.625
gpu_tot_DPU_ACC, = 0
gpu_tot_INT_MUL24_ACC, = 0
gpu_tot_INT_MUL32_ACC, = 0
gpu_tot_INT_MUL_ACC, = 94299.4
gpu_tot_INT_DIV_ACC, = 0
gpu_tot_FP_MUL_ACC, = 117.446
gpu_tot_FP_DIV_ACC, = 0
gpu_tot_FP_SQRT_ACC, = 0
gpu_tot_FP_LG_ACC, = 0
gpu_tot_FP_SIN_ACC, = 0
gpu_tot_FP_EXP_ACC, = 46.3417
gpu_tot_DP_MUL_ACC, = 0
gpu_tot_DP_DIV_ACC, = 0
gpu_tot_TENSOR_ACC, = 0
gpu_tot_TEX_ACC, = 0
gpu_tot_MEM_RD, = 0
gpu_tot_MEM_WR, = 0
gpu_tot_MEM_PRE, = 0
gpu_tot_L2_RH, = 189688
gpu_tot_L2_RM, = 83268
gpu_tot_L2_WH, = 504
gpu_tot_L2_WM, = 0
gpu_tot_NOC_A, = 822280
gpu_tot_PIPE_A, = 0.815617
gpu_tot_IDLE_CORE_N, = 1946.36
gpu_tot_constant_power = 0

Kernel Maximum Power Data:
kernel_max_power = 134.659
gpu_max_IBP, = 0.690435
gpu_max_ICP, = 0
gpu_max_DCP, = 0
gpu_max_TCP, = 0
gpu_max_CCP, = 0
gpu_max_SHRDP, = 0.874441
gpu_max_RFP, = 0
gpu_max_INTP, = 14.2362
gpu_max_FPUP, = 0
gpu_max_DPUP, = 0
gpu_max_INT_MUL24P, = 0
gpu_max_INT_MUL32P, = 0
gpu_max_INT_MULP, = 0.756979
gpu_max_INT_DIVP, = 0
gpu_max_FP_MULP, = 0
gpu_max_FP_DIVP, = 0
gpu_max_FP_SQRTP, = 0
gpu_max_FP_LGP, = 0
gpu_max_FP_SINP, = 0
gpu_max_FP_EXP, = 0
gpu_max_DP_MULP, = 0
gpu_max_DP_DIVP, = 0
gpu_max_TENSORP, = 0
gpu_max_TEXP, = 0
gpu_max_SCHEDP, = 1.9813
gpu_max_L2CP, = 7.44381
gpu_max_MCP, = 0.55022
gpu_max_NOCP, = 38.5248
gpu_max_DRAMP, = 0
gpu_max_PIPEP, = 1.99248
gpu_max_IDLE_COREP, = 23.7545
gpu_max_CONSTP = 32.3252
gpu_max_STATICP = 11.5291
gpu_max_TOT_INST, = 29660
gpu_max_FP_INT, = 28903
gpu_max_IC_H, = 0
gpu_max_IC_M, = 0
gpu_max_DC_RH, = 0
gpu_max_DC_RM, = 0
gpu_max_DC_WH, = 0
gpu_max_DC_WM, = 0
gpu_max_TC_H, = 0
gpu_max_TC_M, = 0
gpu_max_CC_H, = 0
gpu_max_CC_M, = 0
gpu_max_SHRD_ACC, = 1961
gpu_max_REG_RD, = 0
gpu_max_REG_WR, = 0
gpu_max_NON_REG_OPs, = 0
gpu_max_INT_ACC, = 7.78352e+06
gpu_max_FPU_ACC, = 0
gpu_max_DPU_ACC, = 0
gpu_max_INT_MUL24_ACC, = 0
gpu_max_INT_MUL32_ACC, = 0
gpu_max_INT_MUL_ACC, = 4942.77
gpu_max_INT_DIV_ACC, = 0
gpu_max_FP_MUL_ACC, = 0
gpu_max_FP_DIV_ACC, = 0
gpu_max_FP_SQRT_ACC, = 0
gpu_max_FP_LG_ACC, = 0
gpu_max_FP_SIN_ACC, = 0
gpu_max_FP_EXP_ACC, = 0
gpu_max_DP_MUL_ACC, = 0
gpu_max_DP_DIV_ACC, = 0
gpu_max_TENSOR_ACC, = 0
gpu_max_TEX_ACC, = 0
gpu_max_MEM_RD, = 0
gpu_max_MEM_WR, = 0
gpu_max_MEM_PRE, = 0
gpu_max_L2_RH, = 26575
gpu_max_L2_RM, = 11541
gpu_max_L2_WH, = 0
gpu_max_L2_WM, = 0
gpu_max_NOC_A, = 112989
gpu_max_PIPE_A, = 0.0609441
gpu_max_IDLE_CORE_N, = 84
gpu_max_constant_power = 0

Kernel Minimum Power Data:
kernel_min_power = 70.5871
gpu_min_IBP, = 0
gpu_min_ICP, = 0
gpu_min_DCP, = 0
gpu_min_TCP, = 0
gpu_min_CCP, = 0
gpu_min_SHRDP, = 0
gpu_min_RFP, = 0
gpu_min_INTP, = 0
gpu_min_FPUP, = 0
gpu_min_DPUP, = 0
gpu_min_INT_MUL24P, = 0
gpu_min_INT_MUL32P, = 0
gpu_min_INT_MULP, = 0
gpu_min_INT_DIVP, = 0
gpu_min_FP_MULP, = 0
gpu_min_FP_DIVP, = 0
gpu_min_FP_SQRTP, = 0
gpu_min_FP_LGP, = 0
gpu_min_FP_SINP, = 0
gpu_min_FP_EXP, = 0
gpu_min_DP_MULP, = 0
gpu_min_DP_DIVP, = 0
gpu_min_TENSORP, = 0
gpu_min_TEXP, = 0
gpu_min_SCHEDP, = 0
gpu_min_L2CP, = 0
gpu_min_MCP, = 0.55022
gpu_min_NOCP, = 0
gpu_min_DRAMP, = 0
gpu_min_PIPEP, = 0.383127
gpu_min_IDLE_COREP, = 37.3285
gpu_min_CONSTP = 32.3252
gpu_min_STATICP = 0
gpu_min_TOT_INST, = 0
gpu_min_FP_INT, = 0
gpu_min_IC_H, = 0
gpu_min_IC_M, = 0
gpu_min_DC_RH, = 0
gpu_min_DC_RM, = 0
gpu_min_DC_WH, = 0
gpu_min_DC_WM, = 0
gpu_min_TC_H, = 0
gpu_min_TC_M, = 0
gpu_min_CC_H, = 0
gpu_min_CC_M, = 0
gpu_min_SHRD_ACC, = 0
gpu_min_REG_RD, = 0
gpu_min_REG_WR, = 0
gpu_min_NON_REG_OPs, = 0
gpu_min_INT_ACC, = 0
gpu_min_FPU_ACC, = 0
gpu_min_DPU_ACC, = 0
gpu_min_INT_MUL24_ACC, = 0
gpu_min_INT_MUL32_ACC, = 0
gpu_min_INT_MUL_ACC, = 0
gpu_min_INT_DIV_ACC, = 0
gpu_min_FP_MUL_ACC, = 0
gpu_min_FP_DIV_ACC, = 0
gpu_min_FP_SQRT_ACC, = 0
gpu_min_FP_LG_ACC, = 0
gpu_min_FP_SIN_ACC, = 0
gpu_min_FP_EXP_ACC, = 0
gpu_min_DP_MUL_ACC, = 0
gpu_min_DP_DIV_ACC, = 0
gpu_min_TENSOR_ACC, = 0
gpu_min_TEX_ACC, = 0
gpu_min_MEM_RD, = 0
gpu_min_MEM_WR, = 0
gpu_min_MEM_PRE, = 0
gpu_min_L2_RH, = 0
gpu_min_L2_RM, = 0
gpu_min_L2_WH, = 0
gpu_min_L2_WM, = 0
gpu_min_NOC_A, = 0
gpu_min_PIPE_A, = 0.0117188
gpu_min_IDLE_CORE_N, = 132
gpu_min_constant_power = 0

Accumulative Power Statistics Over Previous Kernels:
gpu_tot_avg_power = 81.5838
gpu_tot_max_power = 154.291
gpu_tot_min_power = 60.8126


kernel_name = _ZN8cublasLt19splitKreduce_kernelILi32ELi16Eif13__nv_bfloat16fS1_Lb0EfS1_S1_Lb1ELb0ELb0ELb0EEEvNS_18cublasSplitKParamsIT4_EEPKT2_PKT8_PT7_PT3_PKS3_SG_PKT9_S7_PSH_PvlPS3_PiSM_SM_SG_SG_SG_SG_SG_ 
kernel_launch_uid = 24 

Kernel Average Power Data:
kernel_avg_power = 71.592
gpu_avg_IBP, = 0.0482766
gpu_avg_ICP, = 0
gpu_avg_DCP, = 0.0480045
gpu_avg_TCP, = 0
gpu_avg_CCP, = 0.00489153
gpu_avg_SHRDP, = 0.000148639
gpu_avg_RFP, = 0
gpu_avg_INTP, = 0.344157
gpu_avg_FPUP, = 0.0236217
gpu_avg_DPUP, = 0
gpu_avg_INT_MUL24P, = 0
gpu_avg_INT_MUL32P, = 0
gpu_avg_INT_MULP, = 0.0701951
gpu_avg_INT_DIVP, = 0
gpu_avg_FP_MULP, = 0.0027297
gpu_avg_FP_DIVP, = 0
gpu_avg_FP_SQRTP, = 0
gpu_avg_FP_LGP, = 0
gpu_avg_FP_SINP, = 0
gpu_avg_FP_EXP, = 0
gpu_avg_DP_MULP, = 0
gpu_avg_DP_DIVP, = 0
gpu_avg_TENSORP, = 0
gpu_avg_TEXP, = 0
gpu_avg_SCHEDP, = 0.133413
gpu_avg_L2CP, = 0.0253613
gpu_avg_MCP, = 0.562472
gpu_avg_NOCP, = 0.0471284
gpu_avg_DRAMP, = 0
gpu_avg_PIPEP, = 0.688951
gpu_avg_IDLE_COREP, = 35.1423
gpu_avg_CONSTP = 32.3252
gpu_avg_STATICP = 2.12514
gpu_avg_TOT_INST, = 2073.89
gpu_avg_FP_INT, = 1946.22
gpu_avg_IC_H, = 0
gpu_avg_IC_M, = 0
gpu_avg_DC_RH, = 0
gpu_avg_DC_RM, = 37.3333
gpu_avg_DC_WH, = 0
gpu_avg_DC_WM, = 6.22222
gpu_avg_TC_H, = 0
gpu_avg_TC_M, = 0
gpu_avg_CC_H, = 224
gpu_avg_CC_M, = 0
gpu_avg_SHRD_ACC, = 0.333333
gpu_avg_REG_RD, = 0
gpu_avg_REG_WR, = 0
gpu_avg_NON_REG_OPs, = 0
gpu_avg_INT_ACC, = 188165
gpu_avg_FPU_ACC, = 316.39
gpu_avg_DPU_ACC, = 0
gpu_avg_INT_MUL24_ACC, = 0
gpu_avg_INT_MUL32_ACC, = 0
gpu_avg_INT_MUL_ACC, = 458.346
gpu_avg_INT_DIV_ACC, = 0
gpu_avg_FP_MUL_ACC, = 17.8238
gpu_avg_FP_DIV_ACC, = 0
gpu_avg_FP_SQRT_ACC, = 0
gpu_avg_FP_LG_ACC, = 0
gpu_avg_FP_SIN_ACC, = 0
gpu_avg_FP_EXP_ACC, = 0
gpu_avg_DP_MUL_ACC, = 0
gpu_avg_DP_DIV_ACC, = 0
gpu_avg_TENSOR_ACC, = 0
gpu_avg_TEX_ACC, = 0
gpu_avg_MEM_RD, = 0
gpu_avg_MEM_WR, = 0
gpu_avg_MEM_PRE, = 0
gpu_avg_L2_RH, = 37.3333
gpu_avg_L2_RM, = 0
gpu_avg_L2_WH, = 14.2222
gpu_avg_L2_WM, = 0
gpu_avg_NOC_A, = 138.222
gpu_avg_PIPE_A, = 0.021073
gpu_avg_IDLE_CORE_N, = 124.269
gpu_avg_constant_power = 0
gpu_avg_threads_per_warp = 13.2392
gpu_tot_TOT_INST, = 18665
gpu_tot_FP_INT, = 17516
gpu_tot_IC_H, = 0
gpu_tot_IC_M, = 0
gpu_tot_DC_RH, = 0
gpu_tot_DC_RM, = 336
gpu_tot_DC_WH, = 0
gpu_tot_DC_WM, = 56
gpu_tot_TC_H, = 0
gpu_tot_TC_M, = 0
gpu_tot_CC_H, = 2016
gpu_tot_CC_M, = 0
gpu_tot_SHRD_ACC, = 3
gpu_tot_REG_RD, = 0
gpu_tot_REG_WR, = 0
gpu_tot_NON_REG_OPs, = 0
gpu_tot_INT_ACC, = 1.69349e+06
gpu_tot_FPU_ACC, = 2847.51
gpu_tot_DPU_ACC, = 0
gpu_tot_INT_MUL24_ACC, = 0
gpu_tot_INT_MUL32_ACC, = 0
gpu_tot_INT_MUL_ACC, = 4125.11
gpu_tot_INT_DIV_ACC, = 0
gpu_tot_FP_MUL_ACC, = 160.415
gpu_tot_FP_DIV_ACC, = 0
gpu_tot_FP_SQRT_ACC, = 0
gpu_tot_FP_LG_ACC, = 0
gpu_tot_FP_SIN_ACC, = 0
gpu_tot_FP_EXP_ACC, = 0
gpu_tot_DP_MUL_ACC, = 0
gpu_tot_DP_DIV_ACC, = 0
gpu_tot_TENSOR_ACC, = 0
gpu_tot_TEX_ACC, = 0
gpu_tot_MEM_RD, = 0
gpu_tot_MEM_WR, = 0
gpu_tot_MEM_PRE, = 0
gpu_tot_L2_RH, = 336
gpu_tot_L2_RM, = 0
gpu_tot_L2_WH, = 128
gpu_tot_L2_WM, = 0
gpu_tot_NOC_A, = 1244
gpu_tot_PIPE_A, = 0.189657
gpu_tot_IDLE_CORE_N, = 1118.42
gpu_tot_constant_power = 0

Kernel Maximum Power Data:
kernel_max_power = 76.6961
gpu_max_IBP, = 0.40062
gpu_max_ICP, = 0
gpu_max_DCP, = 0
gpu_max_TCP, = 0
gpu_max_CCP, = 0.0397437
gpu_max_SHRDP, = 0
gpu_max_RFP, = 0
gpu_max_INTP, = 2.79477
gpu_max_FPUP, = 0.0354325
gpu_max_DPUP, = 0
gpu_max_INT_MUL24P, = 0
gpu_max_INT_MUL32P, = 0
gpu_max_INT_MULP, = 0.521199
gpu_max_INT_DIVP, = 0
gpu_max_FP_MULP, = 0
gpu_max_FP_DIVP, = 0
gpu_max_FP_SQRTP, = 0
gpu_max_FP_LGP, = 0
gpu_max_FP_SINP, = 0
gpu_max_FP_EXP, = 0
gpu_max_DP_MULP, = 0
gpu_max_DP_DIVP, = 0
gpu_max_TENSORP, = 0
gpu_max_TEXP, = 0
gpu_max_SCHEDP, = 1.1164
gpu_max_L2CP, = 0
gpu_max_MCP, = 0.554497
gpu_max_NOCP, = 0
gpu_max_DRAMP, = 0
gpu_max_PIPEP, = 1.4712
gpu_max_IDLE_COREP, = 34.1929
gpu_max_CONSTP = 32.3252
gpu_max_STATICP = 3.24408
gpu_max_TOT_INST, = 17210
gpu_max_FP_INT, = 16286
gpu_max_IC_H, = 0
gpu_max_IC_M, = 0
gpu_max_DC_RH, = 0
gpu_max_DC_RM, = 0
gpu_max_DC_WH, = 0
gpu_max_DC_WM, = 0
gpu_max_TC_H, = 0
gpu_max_TC_M, = 0
gpu_max_CC_H, = 1820
gpu_max_CC_M, = 0
gpu_max_SHRD_ACC, = 0
gpu_max_REG_RD, = 0
gpu_max_REG_WR, = 0
gpu_max_NON_REG_OPs, = 0
gpu_max_INT_ACC, = 1.52802e+06
gpu_max_FPU_ACC, = 474.585
gpu_max_DPU_ACC, = 0
gpu_max_INT_MUL24_ACC, = 0
gpu_max_INT_MUL32_ACC, = 0
gpu_max_INT_MUL_ACC, = 3403.22
gpu_max_INT_DIV_ACC, = 0
gpu_max_FP_MUL_ACC, = 0
gpu_max_FP_DIV_ACC, = 0
gpu_max_FP_SQRT_ACC, = 0
gpu_max_FP_LG_ACC, = 0
gpu_max_FP_SIN_ACC, = 0
gpu_max_FP_EXP_ACC, = 0
gpu_max_DP_MUL_ACC, = 0
gpu_max_DP_DIV_ACC, = 0
gpu_max_TENSOR_ACC, = 0
gpu_max_TEX_ACC, = 0
gpu_max_MEM_RD, = 0
gpu_max_MEM_WR, = 0
gpu_max_MEM_PRE, = 0
gpu_max_L2_RH, = 0
gpu_max_L2_RM, = 0
gpu_max_L2_WH, = 0
gpu_max_L2_WM, = 0
gpu_max_NOC_A, = 0
gpu_max_PIPE_A, = 0.0449997
gpu_max_IDLE_CORE_N, = 120.912
gpu_max_constant_power = 0

Kernel Minimum Power Data:
kernel_min_power = 70.8038
gpu_min_IBP, = 0
gpu_min_ICP, = 0
gpu_min_DCP, = 0
gpu_min_TCP, = 0
gpu_min_CCP, = 0
gpu_min_SHRDP, = 0
gpu_min_RFP, = 0
gpu_min_INTP, = 0
gpu_min_FPUP, = 0
gpu_min_DPUP, = 0
gpu_min_INT_MUL24P, = 0
gpu_min_INT_MUL32P, = 0
gpu_min_INT_MULP, = 0
gpu_min_INT_DIVP, = 0
gpu_min_FP_MULP, = 0
gpu_min_FP_DIVP, = 0
gpu_min_FP_SQRTP, = 0
gpu_min_FP_LGP, = 0
gpu_min_FP_SINP, = 0
gpu_min_FP_EXP, = 0
gpu_min_DP_MULP, = 0
gpu_min_DP_DIVP, = 0
gpu_min_TENSORP, = 0
gpu_min_TEXP, = 0
gpu_min_SCHEDP, = 0
gpu_min_L2CP, = 0
gpu_min_MCP, = 0.55022
gpu_min_NOCP, = 0
gpu_min_DRAMP, = 0
gpu_min_PIPEP, = 0.599849
gpu_min_IDLE_COREP, = 37.3285
gpu_min_CONSTP = 32.3252
gpu_min_STATICP = 0
gpu_min_TOT_INST, = 0
gpu_min_FP_INT, = 0
gpu_min_IC_H, = 0
gpu_min_IC_M, = 0
gpu_min_DC_RH, = 0
gpu_min_DC_RM, = 0
gpu_min_DC_WH, = 0
gpu_min_DC_WM, = 0
gpu_min_TC_H, = 0
gpu_min_TC_M, = 0
gpu_min_CC_H, = 0
gpu_min_CC_M, = 0
gpu_min_SHRD_ACC, = 0
gpu_min_REG_RD, = 0
gpu_min_REG_WR, = 0
gpu_min_NON_REG_OPs, = 0
gpu_min_INT_ACC, = 0
gpu_min_FPU_ACC, = 0
gpu_min_DPU_ACC, = 0
gpu_min_INT_MUL24_ACC, = 0
gpu_min_INT_MUL32_ACC, = 0
gpu_min_INT_MUL_ACC, = 0
gpu_min_INT_DIV_ACC, = 0
gpu_min_FP_MUL_ACC, = 0
gpu_min_FP_DIV_ACC, = 0
gpu_min_FP_SQRT_ACC, = 0
gpu_min_FP_LG_ACC, = 0
gpu_min_FP_SIN_ACC, = 0
gpu_min_FP_EXP_ACC, = 0
gpu_min_DP_MUL_ACC, = 0
gpu_min_DP_DIV_ACC, = 0
gpu_min_TENSOR_ACC, = 0
gpu_min_TEX_ACC, = 0
gpu_min_MEM_RD, = 0
gpu_min_MEM_WR, = 0
gpu_min_MEM_PRE, = 0
gpu_min_L2_RH, = 0
gpu_min_L2_RM, = 0
gpu_min_L2_WH, = 0
gpu_min_L2_WM, = 0
gpu_min_NOC_A, = 0
gpu_min_PIPE_A, = 0.0183476
gpu_min_IDLE_CORE_N, = 132
gpu_min_constant_power = 0

Accumulative Power Statistics Over Previous Kernels:
gpu_tot_avg_power = 81.3193
gpu_tot_max_power = 154.291
gpu_tot_min_power = 60.8126


kernel_name = _ZN4vllm25fused_add_rms_norm_kernelIN3c108BFloat16ELi8ELb1EEENSt9enable_ifIXaagtT0_Li0Esr4vllm12_typeConvertIT_EE6existsEvE4typeEPS4_lS7_PKS4_fiil 
kernel_launch_uid = 25 

Kernel Average Power Data:
kernel_avg_power = 70.9098
gpu_avg_IBP, = 0.00497944
gpu_avg_ICP, = 0
gpu_avg_DCP, = 0.0308854
gpu_avg_TCP, = 0
gpu_avg_CCP, = 0.000134994
gpu_avg_SHRDP, = 0.00166205
gpu_avg_RFP, = 0
gpu_avg_INTP, = 0.0691721
gpu_avg_FPUP, = 0.0175257
gpu_avg_DPUP, = 0
gpu_avg_INT_MUL24P, = 0
gpu_avg_INT_MUL32P, = 0
gpu_avg_INT_MULP, = 0.00978145
gpu_avg_INT_DIVP, = 0
gpu_avg_FP_MULP, = 0.00377508
gpu_avg_FP_DIVP, = 0
gpu_avg_FP_SQRTP, = 2.71615e-06
gpu_avg_FP_LGP, = 0
gpu_avg_FP_SINP, = 0
gpu_avg_FP_EXP, = 5.0406e-06
gpu_avg_DP_MULP, = 0
gpu_avg_DP_DIVP, = 0
gpu_avg_TENSORP, = 0
gpu_avg_TEXP, = 0
gpu_avg_SCHEDP, = 0.0138595
gpu_avg_L2CP, = 0.00859253
gpu_avg_MCP, = 0.554919
gpu_avg_NOCP, = 0.0251691
gpu_avg_DRAMP, = 0
gpu_avg_PIPEP, = 0.524273
gpu_avg_IDLE_COREP, = 37.199
gpu_avg_CONSTP = 32.3252
gpu_avg_STATICP = 0.120819
gpu_avg_TOT_INST, = 213.909
gpu_avg_FP_INT, = 202.182
gpu_avg_IC_H, = 0
gpu_avg_IC_M, = 0
gpu_avg_DC_RH, = 10.1818
gpu_avg_DC_RM, = 10.1818
gpu_avg_DC_WH, = 10.1818
gpu_avg_DC_WM, = 0
gpu_avg_TC_H, = 0
gpu_avg_TC_M, = 0
gpu_avg_CC_H, = 6.18182
gpu_avg_CC_M, = 0
gpu_avg_SHRD_ACC, = 3.72727
gpu_avg_REG_RD, = 0
gpu_avg_REG_WR, = 0
gpu_avg_NON_REG_OPs, = 0
gpu_avg_INT_ACC, = 37819.4
gpu_avg_FPU_ACC, = 234.74
gpu_avg_DPU_ACC, = 0
gpu_avg_INT_MUL24_ACC, = 0
gpu_avg_INT_MUL32_ACC, = 0
gpu_avg_INT_MUL_ACC, = 63.869
gpu_avg_INT_DIV_ACC, = 0
gpu_avg_FP_MUL_ACC, = 24.6497
gpu_avg_FP_DIV_ACC, = 0
gpu_avg_FP_SQRT_ACC, = 0.0177354
gpu_avg_FP_LG_ACC, = 0
gpu_avg_FP_SIN_ACC, = 0
gpu_avg_FP_EXP_ACC, = 0.0329131
gpu_avg_DP_MUL_ACC, = 0
gpu_avg_DP_DIV_ACC, = 0
gpu_avg_TENSOR_ACC, = 0
gpu_avg_TEX_ACC, = 0
gpu_avg_MEM_RD, = 0
gpu_avg_MEM_WR, = 0
gpu_avg_MEM_PRE, = 0
gpu_avg_L2_RH, = 8.27273
gpu_avg_L2_RM, = 7
gpu_avg_L2_WH, = 5.81818
gpu_avg_L2_WM, = 0
gpu_avg_NOC_A, = 73.8182
gpu_avg_PIPE_A, = 0.016036
gpu_avg_IDLE_CORE_N, = 131.542
gpu_avg_constant_power = 0
gpu_avg_threads_per_warp = 11.8403
gpu_tot_TOT_INST, = 2353
gpu_tot_FP_INT, = 2224
gpu_tot_IC_H, = 0
gpu_tot_IC_M, = 0
gpu_tot_DC_RH, = 112
gpu_tot_DC_RM, = 112
gpu_tot_DC_WH, = 112
gpu_tot_DC_WM, = 0
gpu_tot_TC_H, = 0
gpu_tot_TC_M, = 0
gpu_tot_CC_H, = 68
gpu_tot_CC_M, = 0
gpu_tot_SHRD_ACC, = 41
gpu_tot_REG_RD, = 0
gpu_tot_REG_WR, = 0
gpu_tot_NON_REG_OPs, = 0
gpu_tot_INT_ACC, = 416013
gpu_tot_FPU_ACC, = 2582.14
gpu_tot_DPU_ACC, = 0
gpu_tot_INT_MUL24_ACC, = 0
gpu_tot_INT_MUL32_ACC, = 0
gpu_tot_INT_MUL_ACC, = 702.558
gpu_tot_INT_DIV_ACC, = 0
gpu_tot_FP_MUL_ACC, = 271.147
gpu_tot_FP_DIV_ACC, = 0
gpu_tot_FP_SQRT_ACC, = 0.195089
gpu_tot_FP_LG_ACC, = 0
gpu_tot_FP_SIN_ACC, = 0
gpu_tot_FP_EXP_ACC, = 0.362044
gpu_tot_DP_MUL_ACC, = 0
gpu_tot_DP_DIV_ACC, = 0
gpu_tot_TENSOR_ACC, = 0
gpu_tot_TEX_ACC, = 0
gpu_tot_MEM_RD, = 0
gpu_tot_MEM_WR, = 0
gpu_tot_MEM_PRE, = 0
gpu_tot_L2_RH, = 91
gpu_tot_L2_RM, = 77
gpu_tot_L2_WH, = 64
gpu_tot_L2_WM, = 0
gpu_tot_NOC_A, = 812
gpu_tot_PIPE_A, = 0.176396
gpu_tot_IDLE_CORE_N, = 1446.96
gpu_tot_constant_power = 0

Kernel Maximum Power Data:
kernel_max_power = 71.8612
gpu_max_IBP, = 0.0335208
gpu_max_ICP, = 0
gpu_max_DCP, = 0.162649
gpu_max_TCP, = 0
gpu_max_CCP, = 0.00122288
gpu_max_SHRDP, = 0.010702
gpu_max_RFP, = 0
gpu_max_INTP, = 0.543867
gpu_max_FPUP, = 0.122432
gpu_max_DPUP, = 0
gpu_max_INT_MUL24P, = 0
gpu_max_INT_MUL32P, = 0
gpu_max_INT_MULP, = 0.0518943
gpu_max_INT_DIVP, = 0
gpu_max_FP_MULP, = 0.00153546
gpu_max_FP_DIVP, = 0
gpu_max_FP_SQRTP, = 0
gpu_max_FP_LGP, = 0
gpu_max_FP_SINP, = 0
gpu_max_FP_EXP, = 0
gpu_max_DP_MULP, = 0
gpu_max_DP_DIVP, = 0
gpu_max_TENSORP, = 0
gpu_max_TEXP, = 0
gpu_max_SCHEDP, = 0.0951473
gpu_max_L2CP, = 0
gpu_max_MCP, = 0.575065
gpu_max_NOCP, = 0.0381876
gpu_max_DRAMP, = 0
gpu_max_PIPEP, = 0.580938
gpu_max_IDLE_COREP, = 37.0485
gpu_max_CONSTP = 32.3252
gpu_max_STATICP = 0.270295
gpu_max_TOT_INST, = 1440
gpu_max_FP_INT, = 1388
gpu_max_IC_H, = 0
gpu_max_IC_M, = 0
gpu_max_DC_RH, = 56
gpu_max_DC_RM, = 56
gpu_max_DC_WH, = 0
gpu_max_DC_WM, = 0
gpu_max_TC_H, = 0
gpu_max_TC_M, = 0
gpu_max_CC_H, = 56
gpu_max_CC_M, = 0
gpu_max_SHRD_ACC, = 24
gpu_max_REG_RD, = 0
gpu_max_REG_WR, = 0
gpu_max_NON_REG_OPs, = 0
gpu_max_INT_ACC, = 297356
gpu_max_FPU_ACC, = 1639.86
gpu_max_DPU_ACC, = 0
gpu_max_INT_MUL24_ACC, = 0
gpu_max_INT_MUL32_ACC, = 0
gpu_max_INT_MUL_ACC, = 338.849
gpu_max_INT_DIV_ACC, = 0
gpu_max_FP_MUL_ACC, = 10.0259
gpu_max_FP_DIV_ACC, = 0
gpu_max_FP_SQRT_ACC, = 0
gpu_max_FP_LG_ACC, = 0
gpu_max_FP_SIN_ACC, = 0
gpu_max_FP_EXP_ACC, = 0
gpu_max_DP_MUL_ACC, = 0
gpu_max_DP_DIV_ACC, = 0
gpu_max_TENSOR_ACC, = 0
gpu_max_TEX_ACC, = 0
gpu_max_MEM_RD, = 0
gpu_max_MEM_WR, = 0
gpu_max_MEM_PRE, = 0
gpu_max_L2_RH, = 0
gpu_max_L2_RM, = 0
gpu_max_L2_WH, = 0
gpu_max_L2_WM, = 0
gpu_max_NOC_A, = 112
gpu_max_PIPE_A, = 0.0177692
gpu_max_IDLE_CORE_N, = 131.01
gpu_max_constant_power = 0

Kernel Minimum Power Data:
kernel_min_power = 70.7225
gpu_min_IBP, = 0
gpu_min_ICP, = 0
gpu_min_DCP, = 0
gpu_min_TCP, = 0
gpu_min_CCP, = 0
gpu_min_SHRDP, = 0
gpu_min_RFP, = 0
gpu_min_INTP, = 0
gpu_min_FPUP, = 0
gpu_min_DPUP, = 0
gpu_min_INT_MUL24P, = 0
gpu_min_INT_MUL32P, = 0
gpu_min_INT_MULP, = 0
gpu_min_INT_DIVP, = 0
gpu_min_FP_MULP, = 0
gpu_min_FP_DIVP, = 0
gpu_min_FP_SQRTP, = 0
gpu_min_FP_LGP, = 0
gpu_min_FP_SINP, = 0
gpu_min_FP_EXP, = 0
gpu_min_DP_MULP, = 0
gpu_min_DP_DIVP, = 0
gpu_min_TENSORP, = 0
gpu_min_TEXP, = 0
gpu_min_SCHEDP, = 0
gpu_min_L2CP, = 0
gpu_min_MCP, = 0.55022
gpu_min_NOCP, = 0
gpu_min_DRAMP, = 0
gpu_min_PIPEP, = 0.518572
gpu_min_IDLE_COREP, = 37.3285
gpu_min_CONSTP = 32.3252
gpu_min_STATICP = 0
gpu_min_TOT_INST, = 0
gpu_min_FP_INT, = 0
gpu_min_IC_H, = 0
gpu_min_IC_M, = 0
gpu_min_DC_RH, = 0
gpu_min_DC_RM, = 0
gpu_min_DC_WH, = 0
gpu_min_DC_WM, = 0
gpu_min_TC_H, = 0
gpu_min_TC_M, = 0
gpu_min_CC_H, = 0
gpu_min_CC_M, = 0
gpu_min_SHRD_ACC, = 0
gpu_min_REG_RD, = 0
gpu_min_REG_WR, = 0
gpu_min_NON_REG_OPs, = 0
gpu_min_INT_ACC, = 0
gpu_min_FPU_ACC, = 0
gpu_min_DPU_ACC, = 0
gpu_min_INT_MUL24_ACC, = 0
gpu_min_INT_MUL32_ACC, = 0
gpu_min_INT_MUL_ACC, = 0
gpu_min_INT_DIV_ACC, = 0
gpu_min_FP_MUL_ACC, = 0
gpu_min_FP_DIV_ACC, = 0
gpu_min_FP_SQRT_ACC, = 0
gpu_min_FP_LG_ACC, = 0
gpu_min_FP_SIN_ACC, = 0
gpu_min_FP_EXP_ACC, = 0
gpu_min_DP_MUL_ACC, = 0
gpu_min_DP_DIV_ACC, = 0
gpu_min_TENSOR_ACC, = 0
gpu_min_TEX_ACC, = 0
gpu_min_MEM_RD, = 0
gpu_min_MEM_WR, = 0
gpu_min_MEM_PRE, = 0
gpu_min_L2_RH, = 0
gpu_min_L2_RM, = 0
gpu_min_L2_WH, = 0
gpu_min_L2_WM, = 0
gpu_min_NOC_A, = 0
gpu_min_PIPE_A, = 0.0158616
gpu_min_IDLE_CORE_N, = 132
gpu_min_constant_power = 0

Accumulative Power Statistics Over Previous Kernels:
gpu_tot_avg_power = 80.9931
gpu_tot_max_power = 154.291
gpu_tot_min_power = 60.8126


kernel_name = nvjet_sm90_tst_64x8_64x16_4x1_v_bz_bias_TNT 
kernel_launch_uid = 26 

Kernel Average Power Data:
kernel_avg_power = 80.8599
gpu_avg_IBP, = 0.166367
gpu_avg_ICP, = 0
gpu_avg_DCP, = 0
gpu_avg_TCP, = 0
gpu_avg_CCP, = 0.00138042
gpu_avg_SHRDP, = 0.143935
gpu_avg_RFP, = 0
gpu_avg_INTP, = 3.19149
gpu_avg_FPUP, = 0.0585721
gpu_avg_DPUP, = 0
gpu_avg_INT_MUL24P, = 0
gpu_avg_INT_MUL32P, = 0
gpu_avg_INT_MULP, = 0.316059
gpu_avg_INT_DIVP, = 0
gpu_avg_FP_MULP, = 0
gpu_avg_FP_DIVP, = 0
gpu_avg_FP_SQRTP, = 0
gpu_avg_FP_LGP, = 0
gpu_avg_FP_SINP, = 0
gpu_avg_FP_EXP, = 0
gpu_avg_DP_MULP, = 0
gpu_avg_DP_DIVP, = 0
gpu_avg_TENSORP, = 0
gpu_avg_TEXP, = 0
gpu_avg_SCHEDP, = 0.476789
gpu_avg_L2CP, = 1.06697
gpu_avg_MCP, = 0.550368
gpu_avg_NOCP, = 4.7491
gpu_avg_DRAMP, = 0
gpu_avg_PIPEP, = 0.844258
gpu_avg_IDLE_COREP, = 34.3529
gpu_avg_CONSTP = 32.3252
gpu_avg_STATICP = 2.61651
gpu_avg_TOT_INST, = 7146.86
gpu_avg_FP_INT, = 6955.36
gpu_avg_IC_H, = 0
gpu_avg_IC_M, = 0
gpu_avg_DC_RH, = 0
gpu_avg_DC_RM, = 0
gpu_avg_DC_WH, = 0
gpu_avg_DC_WM, = 0
gpu_avg_TC_H, = 0
gpu_avg_TC_M, = 0
gpu_avg_CC_H, = 63.2143
gpu_avg_CC_M, = 0
gpu_avg_SHRD_ACC, = 322.786
gpu_avg_REG_RD, = 0
gpu_avg_REG_WR, = 0
gpu_avg_NON_REG_OPs, = 0
gpu_avg_INT_ACC, = 1.74493e+06
gpu_avg_FPU_ACC, = 784.518
gpu_avg_DPU_ACC, = 0
gpu_avg_INT_MUL24_ACC, = 0
gpu_avg_INT_MUL32_ACC, = 0
gpu_avg_INT_MUL_ACC, = 2063.74
gpu_avg_INT_DIV_ACC, = 0
gpu_avg_FP_MUL_ACC, = 0
gpu_avg_FP_DIV_ACC, = 0
gpu_avg_FP_SQRT_ACC, = 0
gpu_avg_FP_LG_ACC, = 0
gpu_avg_FP_SIN_ACC, = 0
gpu_avg_FP_EXP_ACC, = 0
gpu_avg_DP_MUL_ACC, = 0
gpu_avg_DP_DIV_ACC, = 0
gpu_avg_TENSOR_ACC, = 0
gpu_avg_TEX_ACC, = 0
gpu_avg_MEM_RD, = 0
gpu_avg_MEM_WR, = 0
gpu_avg_MEM_PRE, = 0
gpu_avg_L2_RH, = 3846.29
gpu_avg_L2_RM, = 774.857
gpu_avg_L2_WH, = 5.14286
gpu_avg_L2_WM, = 0
gpu_avg_NOC_A, = 13928.6
gpu_avg_PIPE_A, = 0.0258234
gpu_avg_IDLE_CORE_N, = 121.478
gpu_avg_constant_power = 0
gpu_avg_threads_per_warp = 16.1646
gpu_tot_TOT_INST, = 100056
gpu_tot_FP_INT, = 97375
gpu_tot_IC_H, = 0
gpu_tot_IC_M, = 0
gpu_tot_DC_RH, = 0
gpu_tot_DC_RM, = 0
gpu_tot_DC_WH, = 0
gpu_tot_DC_WM, = 0
gpu_tot_TC_H, = 0
gpu_tot_TC_M, = 0
gpu_tot_CC_H, = 885
gpu_tot_CC_M, = 0
gpu_tot_SHRD_ACC, = 4519
gpu_tot_REG_RD, = 0
gpu_tot_REG_WR, = 0
gpu_tot_NON_REG_OPs, = 0
gpu_tot_INT_ACC, = 2.4429e+07
gpu_tot_FPU_ACC, = 10983.3
gpu_tot_DPU_ACC, = 0
gpu_tot_INT_MUL24_ACC, = 0
gpu_tot_INT_MUL32_ACC, = 0
gpu_tot_INT_MUL_ACC, = 28892.4
gpu_tot_INT_DIV_ACC, = 0
gpu_tot_FP_MUL_ACC, = 0
gpu_tot_FP_DIV_ACC, = 0
gpu_tot_FP_SQRT_ACC, = 0
gpu_tot_FP_LG_ACC, = 0
gpu_tot_FP_SIN_ACC, = 0
gpu_tot_FP_EXP_ACC, = 0
gpu_tot_DP_MUL_ACC, = 0
gpu_tot_DP_DIV_ACC, = 0
gpu_tot_TENSOR_ACC, = 0
gpu_tot_TEX_ACC, = 0
gpu_tot_MEM_RD, = 0
gpu_tot_MEM_WR, = 0
gpu_tot_MEM_PRE, = 0
gpu_tot_L2_RH, = 53848
gpu_tot_L2_RM, = 10848
gpu_tot_L2_WH, = 72
gpu_tot_L2_WM, = 0
gpu_tot_NOC_A, = 195000
gpu_tot_PIPE_A, = 0.361528
gpu_tot_IDLE_CORE_N, = 1700.69
gpu_tot_constant_power = 0

Kernel Maximum Power Data:
kernel_max_power = 99.5372
gpu_max_IBP, = 0.287697
gpu_max_ICP, = 0
gpu_max_DCP, = 0
gpu_max_TCP, = 0
gpu_max_CCP, = 0
gpu_max_SHRDP, = 0.319276
gpu_max_RFP, = 0
gpu_max_INTP, = 6.04668
gpu_max_FPUP, = 0
gpu_max_DPUP, = 0
gpu_max_INT_MUL24P, = 0
gpu_max_INT_MUL32P, = 0
gpu_max_INT_MULP, = 0.155119
gpu_max_INT_DIVP, = 0
gpu_max_FP_MULP, = 0
gpu_max_FP_DIVP, = 0
gpu_max_FP_SQRTP, = 0
gpu_max_FP_LGP, = 0
gpu_max_FP_SINP, = 0
gpu_max_FP_EXP, = 0
gpu_max_DP_MULP, = 0
gpu_max_DP_DIVP, = 0
gpu_max_TENSORP, = 0
gpu_max_TEXP, = 0
gpu_max_SCHEDP, = 0.825752
gpu_max_L2CP, = 3.9729
gpu_max_MCP, = 0.55022
gpu_max_NOCP, = 17.6059
gpu_max_DRAMP, = 0
gpu_max_PIPEP, = 1.06087
gpu_max_IDLE_COREP, = 31.6727
gpu_max_CONSTP = 32.3252
gpu_max_STATICP = 4.71495
gpu_max_TOT_INST, = 12359
gpu_max_FP_INT, = 12046
gpu_max_IC_H, = 0
gpu_max_IC_M, = 0
gpu_max_DC_RH, = 0
gpu_max_DC_RM, = 0
gpu_max_DC_WH, = 0
gpu_max_DC_WM, = 0
gpu_max_TC_H, = 0
gpu_max_TC_M, = 0
gpu_max_CC_H, = 0
gpu_max_CC_M, = 0
gpu_max_SHRD_ACC, = 716
gpu_max_REG_RD, = 0
gpu_max_REG_WR, = 0
gpu_max_NON_REG_OPs, = 0
gpu_max_INT_ACC, = 3.30598e+06
gpu_max_FPU_ACC, = 0
gpu_max_DPU_ACC, = 0
gpu_max_INT_MUL24_ACC, = 0
gpu_max_INT_MUL32_ACC, = 0
gpu_max_INT_MUL_ACC, = 1012.86
gpu_max_INT_DIV_ACC, = 0
gpu_max_FP_MUL_ACC, = 0
gpu_max_FP_DIV_ACC, = 0
gpu_max_FP_SQRT_ACC, = 0
gpu_max_FP_LG_ACC, = 0
gpu_max_FP_SIN_ACC, = 0
gpu_max_FP_EXP_ACC, = 0
gpu_max_DP_MUL_ACC, = 0
gpu_max_DP_DIV_ACC, = 0
gpu_max_TENSOR_ACC, = 0
gpu_max_TEX_ACC, = 0
gpu_max_MEM_RD, = 0
gpu_max_MEM_WR, = 0
gpu_max_MEM_PRE, = 0
gpu_max_L2_RH, = 14396
gpu_max_L2_RM, = 2899
gpu_max_L2_WH, = 0
gpu_max_L2_WM, = 0
gpu_max_NOC_A, = 51636
gpu_max_PIPE_A, = 0.0324491
gpu_max_IDLE_CORE_N, = 112
gpu_max_constant_power = 0

Kernel Minimum Power Data:
kernel_min_power = 70.7109
gpu_min_IBP, = 0
gpu_min_ICP, = 0
gpu_min_DCP, = 0
gpu_min_TCP, = 0
gpu_min_CCP, = 0
gpu_min_SHRDP, = 0
gpu_min_RFP, = 0
gpu_min_INTP, = 0
gpu_min_FPUP, = 0
gpu_min_DPUP, = 0
gpu_min_INT_MUL24P, = 0
gpu_min_INT_MUL32P, = 0
gpu_min_INT_MULP, = 0
gpu_min_INT_DIVP, = 0
gpu_min_FP_MULP, = 0
gpu_min_FP_DIVP, = 0
gpu_min_FP_SQRTP, = 0
gpu_min_FP_LGP, = 0
gpu_min_FP_SINP, = 0
gpu_min_FP_EXP, = 0
gpu_min_DP_MULP, = 0
gpu_min_DP_DIVP, = 0
gpu_min_TENSORP, = 0
gpu_min_TEXP, = 0
gpu_min_SCHEDP, = 0
gpu_min_L2CP, = 0
gpu_min_MCP, = 0.55022
gpu_min_NOCP, = 0
gpu_min_DRAMP, = 0
gpu_min_PIPEP, = 0.506969
gpu_min_IDLE_COREP, = 37.3285
gpu_min_CONSTP = 32.3252
gpu_min_STATICP = 0
gpu_min_TOT_INST, = 0
gpu_min_FP_INT, = 0
gpu_min_IC_H, = 0
gpu_min_IC_M, = 0
gpu_min_DC_RH, = 0
gpu_min_DC_RM, = 0
gpu_min_DC_WH, = 0
gpu_min_DC_WM, = 0
gpu_min_TC_H, = 0
gpu_min_TC_M, = 0
gpu_min_CC_H, = 0
gpu_min_CC_M, = 0
gpu_min_SHRD_ACC, = 0
gpu_min_REG_RD, = 0
gpu_min_REG_WR, = 0
gpu_min_NON_REG_OPs, = 0
gpu_min_INT_ACC, = 0
gpu_min_FPU_ACC, = 0
gpu_min_DPU_ACC, = 0
gpu_min_INT_MUL24_ACC, = 0
gpu_min_INT_MUL32_ACC, = 0
gpu_min_INT_MUL_ACC, = 0
gpu_min_INT_DIV_ACC, = 0
gpu_min_FP_MUL_ACC, = 0
gpu_min_FP_DIV_ACC, = 0
gpu_min_FP_SQRT_ACC, = 0
gpu_min_FP_LG_ACC, = 0
gpu_min_FP_SIN_ACC, = 0
gpu_min_FP_EXP_ACC, = 0
gpu_min_DP_MUL_ACC, = 0
gpu_min_DP_DIV_ACC, = 0
gpu_min_TENSOR_ACC, = 0
gpu_min_TEX_ACC, = 0
gpu_min_MEM_RD, = 0
gpu_min_MEM_WR, = 0
gpu_min_MEM_PRE, = 0
gpu_min_L2_RH, = 0
gpu_min_L2_RM, = 0
gpu_min_L2_WH, = 0
gpu_min_L2_WM, = 0
gpu_min_NOC_A, = 0
gpu_min_PIPE_A, = 0.0155067
gpu_min_IDLE_CORE_N, = 132
gpu_min_constant_power = 0

Accumulative Power Statistics Over Previous Kernels:
gpu_tot_avg_power = 80.988
gpu_tot_max_power = 154.291
gpu_tot_min_power = 60.8126


kernel_name = _ZN4vllm23rotary_embedding_kernelIN3c108BFloat16ES2_Lb1EEEvPKlPT_S6_PKT0_illliiilb 
kernel_launch_uid = 27 

Kernel Average Power Data:
kernel_avg_power = 70.8256
gpu_avg_IBP, = 0.00405889
gpu_avg_ICP, = 0
gpu_avg_DCP, = 0.0130766
gpu_avg_TCP, = 0
gpu_avg_CCP, = 0.000142934
gpu_avg_SHRDP, = 0
gpu_avg_RFP, = 0
gpu_avg_INTP, = 0.0511869
gpu_avg_FPUP, = 0.0073626
gpu_avg_DPUP, = 0
gpu_avg_INT_MUL24P, = 0
gpu_avg_INT_MUL32P, = 0
gpu_avg_INT_MULP, = 0.0288187
gpu_avg_INT_DIVP, = 0
gpu_avg_FP_MULP, = 0.00255245
gpu_avg_FP_DIVP, = 0
gpu_avg_FP_SQRTP, = 0
gpu_avg_FP_LGP, = 0
gpu_avg_FP_SINP, = 0
gpu_avg_FP_EXP, = 0.00258079
gpu_avg_DP_MULP, = 0
gpu_avg_DP_DIVP, = 0
gpu_avg_TENSORP, = 0
gpu_avg_TEXP, = 0
gpu_avg_SCHEDP, = 0.0110864
gpu_avg_L2CP, = 0.0117152
gpu_avg_MCP, = 0.551815
gpu_avg_NOCP, = 0.0143514
gpu_avg_DRAMP, = 0
gpu_avg_PIPEP, = 0.489322
gpu_avg_IDLE_COREP, = 37.1295
gpu_avg_CONSTP = 32.3252
gpu_avg_STATICP = 0.182769
gpu_avg_TOT_INST, = 174.364
gpu_avg_FP_INT, = 161.727
gpu_avg_IC_H, = 0
gpu_avg_IC_M, = 0
gpu_avg_DC_RH, = 6.63636
gpu_avg_DC_RM, = 0.363636
gpu_avg_DC_WH, = 5.81818
gpu_avg_DC_WM, = 0
gpu_avg_TC_H, = 0
gpu_avg_TC_M, = 0
gpu_avg_CC_H, = 6.54545
gpu_avg_CC_M, = 0
gpu_avg_SHRD_ACC, = 0
gpu_avg_REG_RD, = 0
gpu_avg_REG_WR, = 0
gpu_avg_NON_REG_OPs, = 0
gpu_avg_INT_ACC, = 27986.1
gpu_avg_FPU_ACC, = 98.6151
gpu_avg_DPU_ACC, = 0
gpu_avg_INT_MUL24_ACC, = 0
gpu_avg_INT_MUL32_ACC, = 0
gpu_avg_INT_MUL_ACC, = 188.175
gpu_avg_INT_DIV_ACC, = 0
gpu_avg_FP_MUL_ACC, = 16.6664
gpu_avg_FP_DIV_ACC, = 0
gpu_avg_FP_SQRT_ACC, = 0
gpu_avg_FP_LG_ACC, = 0
gpu_avg_FP_SIN_ACC, = 0
gpu_avg_FP_EXP_ACC, = 16.8515
gpu_avg_DP_MUL_ACC, = 0
gpu_avg_DP_DIV_ACC, = 0
gpu_avg_TENSOR_ACC, = 0
gpu_avg_TEX_ACC, = 0
gpu_avg_MEM_RD, = 0
gpu_avg_MEM_WR, = 0
gpu_avg_MEM_PRE, = 0
gpu_avg_L2_RH, = 5.90909
gpu_avg_L2_RM, = 0.363636
gpu_avg_L2_WH, = 9.45455
gpu_avg_L2_WM, = 0
gpu_avg_NOC_A, = 42.0909
gpu_avg_PIPE_A, = 0.0149669
gpu_avg_IDLE_CORE_N, = 131.296
gpu_avg_constant_power = 0
gpu_avg_threads_per_warp = 17.1715
gpu_tot_TOT_INST, = 1918
gpu_tot_FP_INT, = 1779
gpu_tot_IC_H, = 0
gpu_tot_IC_M, = 0
gpu_tot_DC_RH, = 73
gpu_tot_DC_RM, = 4
gpu_tot_DC_WH, = 64
gpu_tot_DC_WM, = 0
gpu_tot_TC_H, = 0
gpu_tot_TC_M, = 0
gpu_tot_CC_H, = 72
gpu_tot_CC_M, = 0
gpu_tot_SHRD_ACC, = 0
gpu_tot_REG_RD, = 0
gpu_tot_REG_WR, = 0
gpu_tot_NON_REG_OPs, = 0
gpu_tot_INT_ACC, = 307847
gpu_tot_FPU_ACC, = 1084.77
gpu_tot_DPU_ACC, = 0
gpu_tot_INT_MUL24_ACC, = 0
gpu_tot_INT_MUL32_ACC, = 0
gpu_tot_INT_MUL_ACC, = 2069.92
gpu_tot_INT_DIV_ACC, = 0
gpu_tot_FP_MUL_ACC, = 183.331
gpu_tot_FP_DIV_ACC, = 0
gpu_tot_FP_SQRT_ACC, = 0
gpu_tot_FP_LG_ACC, = 0
gpu_tot_FP_SIN_ACC, = 0
gpu_tot_FP_EXP_ACC, = 185.367
gpu_tot_DP_MUL_ACC, = 0
gpu_tot_DP_DIV_ACC, = 0
gpu_tot_TENSOR_ACC, = 0
gpu_tot_TEX_ACC, = 0
gpu_tot_MEM_RD, = 0
gpu_tot_MEM_WR, = 0
gpu_tot_MEM_PRE, = 0
gpu_tot_L2_RH, = 65
gpu_tot_L2_RM, = 4
gpu_tot_L2_WH, = 104
gpu_tot_L2_WM, = 0
gpu_tot_NOC_A, = 463
gpu_tot_PIPE_A, = 0.164636
gpu_tot_IDLE_CORE_N, = 1444.26
gpu_tot_constant_power = 0

Kernel Maximum Power Data:
kernel_max_power = 71.3762
gpu_max_IBP, = 0.0206711
gpu_max_ICP, = 0
gpu_max_DCP, = 0.0022155
gpu_max_TCP, = 0
gpu_max_CCP, = 0.000611441
gpu_max_SHRDP, = 0
gpu_max_RFP, = 0
gpu_max_INTP, = 0.358612
gpu_max_FPUP, = 0.0354325
gpu_max_DPUP, = 0
gpu_max_INT_MUL24P, = 0
gpu_max_INT_MUL32P, = 0
gpu_max_INT_MULP, = 0.156247
gpu_max_INT_DIVP, = 0
gpu_max_FP_MULP, = 0
gpu_max_FP_DIVP, = 0
gpu_max_FP_SQRTP, = 0
gpu_max_FP_LGP, = 0
gpu_max_FP_SINP, = 0
gpu_max_FP_EXP, = 0.0248401
gpu_max_DP_MULP, = 0
gpu_max_DP_DIVP, = 0
gpu_max_TENSORP, = 0
gpu_max_TEXP, = 0
gpu_max_SCHEDP, = 0.0580618
gpu_max_L2CP, = 0.000272398
gpu_max_MCP, = 0.550751
gpu_max_NOCP, = 0.00136384
gpu_max_DRAMP, = 0
gpu_max_PIPEP, = 0.521661
gpu_max_IDLE_COREP, = 37.0457
gpu_max_CONSTP = 32.3252
gpu_max_STATICP = 0.274534
gpu_max_TOT_INST, = 888
gpu_max_FP_INT, = 847
gpu_max_IC_H, = 0
gpu_max_IC_M, = 0
gpu_max_DC_RH, = 0
gpu_max_DC_RM, = 2
gpu_max_DC_WH, = 0
gpu_max_DC_WM, = 0
gpu_max_TC_H, = 0
gpu_max_TC_M, = 0
gpu_max_CC_H, = 28
gpu_max_CC_M, = 0
gpu_max_SHRD_ACC, = 0
gpu_max_REG_RD, = 0
gpu_max_REG_WR, = 0
gpu_max_NON_REG_OPs, = 0
gpu_max_INT_ACC, = 196069
gpu_max_FPU_ACC, = 474.585
gpu_max_DPU_ACC, = 0
gpu_max_INT_MUL24_ACC, = 0
gpu_max_INT_MUL32_ACC, = 0
gpu_max_INT_MUL_ACC, = 1020.23
gpu_max_INT_DIV_ACC, = 0
gpu_max_FP_MUL_ACC, = 0
gpu_max_FP_DIV_ACC, = 0
gpu_max_FP_SQRT_ACC, = 0
gpu_max_FP_LG_ACC, = 0
gpu_max_FP_SIN_ACC, = 0
gpu_max_FP_EXP_ACC, = 162.196
gpu_max_DP_MUL_ACC, = 0
gpu_max_DP_DIV_ACC, = 0
gpu_max_TENSOR_ACC, = 0
gpu_max_TEX_ACC, = 0
gpu_max_MEM_RD, = 0
gpu_max_MEM_WR, = 0
gpu_max_MEM_PRE, = 0
gpu_max_L2_RH, = 1
gpu_max_L2_RM, = 0
gpu_max_L2_WH, = 0
gpu_max_L2_WM, = 0
gpu_max_NOC_A, = 4
gpu_max_PIPE_A, = 0.0159561
gpu_max_IDLE_CORE_N, = 131
gpu_max_constant_power = 0

Kernel Minimum Power Data:
kernel_min_power = 70.6371
gpu_min_IBP, = 0.000465566
gpu_min_ICP, = 0
gpu_min_DCP, = 0
gpu_min_TCP, = 0
gpu_min_CCP, = 0
gpu_min_SHRDP, = 0
gpu_min_RFP, = 0
gpu_min_INTP, = 0.00614043
gpu_min_FPUP, = 0
gpu_min_DPUP, = 0
gpu_min_INT_MUL24P, = 0
gpu_min_INT_MUL32P, = 0
gpu_min_INT_MULP, = 0
gpu_min_INT_DIVP, = 0
gpu_min_FP_MULP, = 0
gpu_min_FP_DIVP, = 0
gpu_min_FP_SQRTP, = 0
gpu_min_FP_LGP, = 0
gpu_min_FP_SINP, = 0
gpu_min_FP_EXP, = 0
gpu_min_DP_MULP, = 0
gpu_min_DP_DIVP, = 0
gpu_min_TENSORP, = 0
gpu_min_TEXP, = 0
gpu_min_SCHEDP, = 0.00116535
gpu_min_L2CP, = 0.0512723
gpu_min_MCP, = 0.55022
gpu_min_NOCP, = 0.0245492
gpu_min_DRAMP, = 0
gpu_min_PIPEP, = 0.486531
gpu_min_IDLE_COREP, = 36.4117
gpu_min_CONSTP = 32.3252
gpu_min_STATICP = 0.779816
gpu_min_TOT_INST, = 20
gpu_min_FP_INT, = 17
gpu_min_IC_H, = 0
gpu_min_IC_M, = 0
gpu_min_DC_RH, = 0
gpu_min_DC_RM, = 0
gpu_min_DC_WH, = 0
gpu_min_DC_WM, = 0
gpu_min_TC_H, = 0
gpu_min_TC_M, = 0
gpu_min_CC_H, = 0
gpu_min_CC_M, = 0
gpu_min_SHRD_ACC, = 0
gpu_min_REG_RD, = 0
gpu_min_REG_WR, = 0
gpu_min_NON_REG_OPs, = 0
gpu_min_INT_ACC, = 3357.24
gpu_min_FPU_ACC, = 0
gpu_min_DPU_ACC, = 0
gpu_min_INT_MUL24_ACC, = 0
gpu_min_INT_MUL32_ACC, = 0
gpu_min_INT_MUL_ACC, = 0
gpu_min_INT_DIV_ACC, = 0
gpu_min_FP_MUL_ACC, = 0
gpu_min_FP_DIV_ACC, = 0
gpu_min_FP_SQRT_ACC, = 0
gpu_min_FP_LG_ACC, = 0
gpu_min_FP_SIN_ACC, = 0
gpu_min_FP_EXP_ACC, = 0
gpu_min_DP_MUL_ACC, = 0
gpu_min_DP_DIV_ACC, = 0
gpu_min_TENSOR_ACC, = 0
gpu_min_TEX_ACC, = 0
gpu_min_MEM_RD, = 0
gpu_min_MEM_WR, = 0
gpu_min_MEM_PRE, = 0
gpu_min_L2_RH, = 0
gpu_min_L2_RM, = 0
gpu_min_L2_WH, = 48
gpu_min_L2_WM, = 0
gpu_min_NOC_A, = 72
gpu_min_PIPE_A, = 0.0148816
gpu_min_IDLE_CORE_N, = 128.758
gpu_min_constant_power = 0

Accumulative Power Statistics Over Previous Kernels:
gpu_tot_avg_power = 80.6907
gpu_tot_max_power = 154.291
gpu_tot_min_power = 60.8126


kernel_name = _ZN4vllm30reshape_and_cache_flash_kernelI13__nv_bfloat16S1_LNS_18Fp8KVCacheDataTypeE0EEEvPKT_S5_PT0_S7_PKlllllliiiPKfSB_i 
kernel_launch_uid = 28 

Kernel Average Power Data:
kernel_avg_power = 70.7123
gpu_avg_IBP, = 0.00148464
gpu_avg_ICP, = 0
gpu_avg_DCP, = 0.00422166
gpu_avg_TCP, = 0
gpu_avg_CCP, = 4.36744e-05
gpu_avg_SHRDP, = 0
gpu_avg_RFP, = 0
gpu_avg_INTP, = 0.0238795
gpu_avg_FPUP, = 0.00112484
gpu_avg_DPUP, = 0
gpu_avg_INT_MUL24P, = 0
gpu_avg_INT_MUL32P, = 0
gpu_avg_INT_MULP, = 0.00752091
gpu_avg_INT_DIVP, = 0
gpu_avg_FP_MULP, = 0
gpu_avg_FP_DIVP, = 0
gpu_avg_FP_SQRTP, = 0
gpu_avg_FP_LGP, = 0
gpu_avg_FP_SINP, = 0
gpu_avg_FP_EXP, = 0.000788574
gpu_avg_DP_MULP, = 0
gpu_avg_DP_DIVP, = 0
gpu_avg_TENSORP, = 0
gpu_avg_TEXP, = 0
gpu_avg_SCHEDP, = 0.00420439
gpu_avg_L2CP, = 0.00192161
gpu_avg_MCP, = 0.551526
gpu_avg_NOCP, = 0.00375057
gpu_avg_DRAMP, = 0
gpu_avg_PIPEP, = 0.471993
gpu_avg_IDLE_COREP, = 37.2344
gpu_avg_CONSTP = 32.3252
gpu_avg_STATICP = 0.0802268
gpu_avg_TOT_INST, = 63.7778
gpu_avg_FP_INT, = 61.3333
gpu_avg_IC_H, = 0
gpu_avg_IC_M, = 0
gpu_avg_DC_RH, = 0.333333
gpu_avg_DC_RM, = 1.55556
gpu_avg_DC_WH, = 0
gpu_avg_DC_WM, = 1.77778
gpu_avg_TC_H, = 0
gpu_avg_TC_M, = 0
gpu_avg_CC_H, = 2
gpu_avg_CC_M, = 0
gpu_avg_SHRD_ACC, = 0
gpu_avg_REG_RD, = 0
gpu_avg_REG_WR, = 0
gpu_avg_NON_REG_OPs, = 0
gpu_avg_INT_ACC, = 13055.9
gpu_avg_FPU_ACC, = 15.0662
gpu_avg_DPU_ACC, = 0
gpu_avg_INT_MUL24_ACC, = 0
gpu_avg_INT_MUL32_ACC, = 0
gpu_avg_INT_MUL_ACC, = 49.1085
gpu_avg_INT_DIV_ACC, = 0
gpu_avg_FP_MUL_ACC, = 0
gpu_avg_FP_DIV_ACC, = 0
gpu_avg_FP_SQRT_ACC, = 0
gpu_avg_FP_LG_ACC, = 0
gpu_avg_FP_SIN_ACC, = 0
gpu_avg_FP_EXP_ACC, = 5.14907
gpu_avg_DP_MUL_ACC, = 0
gpu_avg_DP_DIV_ACC, = 0
gpu_avg_TENSOR_ACC, = 0
gpu_avg_TEX_ACC, = 0
gpu_avg_MEM_RD, = 0
gpu_avg_MEM_WR, = 0
gpu_avg_MEM_PRE, = 0
gpu_avg_L2_RH, = 1.88889
gpu_avg_L2_RM, = 0
gpu_avg_L2_WH, = 0.888889
gpu_avg_L2_WM, = 0.888889
gpu_avg_NOC_A, = 11
gpu_avg_PIPE_A, = 0.0144369
gpu_avg_IDLE_CORE_N, = 131.667
gpu_avg_constant_power = 0
gpu_avg_threads_per_warp = 9.07288
gpu_tot_TOT_INST, = 574
gpu_tot_FP_INT, = 552
gpu_tot_IC_H, = 0
gpu_tot_IC_M, = 0
gpu_tot_DC_RH, = 3
gpu_tot_DC_RM, = 14
gpu_tot_DC_WH, = 0
gpu_tot_DC_WM, = 16
gpu_tot_TC_H, = 0
gpu_tot_TC_M, = 0
gpu_tot_CC_H, = 18
gpu_tot_CC_M, = 0
gpu_tot_SHRD_ACC, = 0
gpu_tot_REG_RD, = 0
gpu_tot_REG_WR, = 0
gpu_tot_NON_REG_OPs, = 0
gpu_tot_INT_ACC, = 117503
gpu_tot_FPU_ACC, = 135.596
gpu_tot_DPU_ACC, = 0
gpu_tot_INT_MUL24_ACC, = 0
gpu_tot_INT_MUL32_ACC, = 0
gpu_tot_INT_MUL_ACC, = 441.977
gpu_tot_INT_DIV_ACC, = 0
gpu_tot_FP_MUL_ACC, = 0
gpu_tot_FP_DIV_ACC, = 0
gpu_tot_FP_SQRT_ACC, = 0
gpu_tot_FP_LG_ACC, = 0
gpu_tot_FP_SIN_ACC, = 0
gpu_tot_FP_EXP_ACC, = 46.3417
gpu_tot_DP_MUL_ACC, = 0
gpu_tot_DP_DIV_ACC, = 0
gpu_tot_TENSOR_ACC, = 0
gpu_tot_TEX_ACC, = 0
gpu_tot_MEM_RD, = 0
gpu_tot_MEM_WR, = 0
gpu_tot_MEM_PRE, = 0
gpu_tot_L2_RH, = 17
gpu_tot_L2_RM, = 0
gpu_tot_L2_WH, = 8
gpu_tot_L2_WM, = 8
gpu_tot_NOC_A, = 99
gpu_tot_PIPE_A, = 0.129932
gpu_tot_IDLE_CORE_N, = 1185
gpu_tot_constant_power = 0

Kernel Maximum Power Data:
kernel_max_power = 70.9135
gpu_max_IBP, = 0.00921821
gpu_max_ICP, = 0
gpu_max_DCP, = 0.00886198
gpu_max_TCP, = 0
gpu_max_CCP, = 0.000305721
gpu_max_SHRDP, = 0
gpu_max_RFP, = 0
gpu_max_INTP, = 0.155704
gpu_max_FPUP, = 0
gpu_max_DPUP, = 0
gpu_max_INT_MUL24P, = 0
gpu_max_INT_MUL32P, = 0
gpu_max_INT_MULP, = 0.0569709
gpu_max_INT_DIVP, = 0
gpu_max_FP_MULP, = 0
gpu_max_FP_DIVP, = 0
gpu_max_FP_SQRTP, = 0
gpu_max_FP_LGP, = 0
gpu_max_FP_SINP, = 0
gpu_max_FP_EXP, = 0
gpu_max_DP_MULP, = 0
gpu_max_DP_DIVP, = 0
gpu_max_TENSORP, = 0
gpu_max_TEXP, = 0
gpu_max_SCHEDP, = 0.0265974
gpu_max_L2CP, = 0.00217919
gpu_max_MCP, = 0.552113
gpu_max_NOCP, = 0.00818306
gpu_max_DRAMP, = 0
gpu_max_PIPEP, = 0.482246
gpu_max_IDLE_COREP, = 37.0457
gpu_max_CONSTP = 32.3252
gpu_max_STATICP = 0.240189
gpu_max_TOT_INST, = 396
gpu_max_FP_INT, = 388
gpu_max_IC_H, = 0
gpu_max_IC_M, = 0
gpu_max_DC_RH, = 0
gpu_max_DC_RM, = 8
gpu_max_DC_WH, = 0
gpu_max_DC_WM, = 0
gpu_max_TC_H, = 0
gpu_max_TC_M, = 0
gpu_max_CC_H, = 14
gpu_max_CC_M, = 0
gpu_max_SHRD_ACC, = 0
gpu_max_REG_RD, = 0
gpu_max_REG_WR, = 0
gpu_max_NON_REG_OPs, = 0
gpu_max_INT_ACC, = 85130
gpu_max_FPU_ACC, = 0
gpu_max_DPU_ACC, = 0
gpu_max_INT_MUL24_ACC, = 0
gpu_max_INT_MUL32_ACC, = 0
gpu_max_INT_MUL_ACC, = 371.997
gpu_max_INT_DIV_ACC, = 0
gpu_max_FP_MUL_ACC, = 0
gpu_max_FP_DIV_ACC, = 0
gpu_max_FP_SQRT_ACC, = 0
gpu_max_FP_LG_ACC, = 0
gpu_max_FP_SIN_ACC, = 0
gpu_max_FP_EXP_ACC, = 0
gpu_max_DP_MUL_ACC, = 0
gpu_max_DP_DIV_ACC, = 0
gpu_max_TENSOR_ACC, = 0
gpu_max_TEX_ACC, = 0
gpu_max_MEM_RD, = 0
gpu_max_MEM_WR, = 0
gpu_max_MEM_PRE, = 0
gpu_max_L2_RH, = 8
gpu_max_L2_RM, = 0
gpu_max_L2_WH, = 0
gpu_max_L2_WM, = 0
gpu_max_NOC_A, = 24
gpu_max_PIPE_A, = 0.0147505
gpu_max_IDLE_CORE_N, = 131
gpu_max_constant_power = 0

Kernel Minimum Power Data:
kernel_min_power = 70.6761
gpu_min_IBP, = 0
gpu_min_ICP, = 0
gpu_min_DCP, = 0
gpu_min_TCP, = 0
gpu_min_CCP, = 0
gpu_min_SHRDP, = 0
gpu_min_RFP, = 0
gpu_min_INTP, = 0
gpu_min_FPUP, = 0
gpu_min_DPUP, = 0
gpu_min_INT_MUL24P, = 0
gpu_min_INT_MUL32P, = 0
gpu_min_INT_MULP, = 0
gpu_min_INT_DIVP, = 0
gpu_min_FP_MULP, = 0
gpu_min_FP_DIVP, = 0
gpu_min_FP_SQRTP, = 0
gpu_min_FP_LGP, = 0
gpu_min_FP_SINP, = 0
gpu_min_FP_EXP, = 0
gpu_min_DP_MULP, = 0
gpu_min_DP_DIVP, = 0
gpu_min_TENSORP, = 0
gpu_min_TEXP, = 0
gpu_min_SCHEDP, = 0
gpu_min_L2CP, = 0
gpu_min_MCP, = 0.55022
gpu_min_NOCP, = 0
gpu_min_DRAMP, = 0
gpu_min_PIPEP, = 0.472139
gpu_min_IDLE_COREP, = 37.3285
gpu_min_CONSTP = 32.3252
gpu_min_STATICP = 0
gpu_min_TOT_INST, = 0
gpu_min_FP_INT, = 0
gpu_min_IC_H, = 0
gpu_min_IC_M, = 0
gpu_min_DC_RH, = 0
gpu_min_DC_RM, = 0
gpu_min_DC_WH, = 0
gpu_min_DC_WM, = 0
gpu_min_TC_H, = 0
gpu_min_TC_M, = 0
gpu_min_CC_H, = 0
gpu_min_CC_M, = 0
gpu_min_SHRD_ACC, = 0
gpu_min_REG_RD, = 0
gpu_min_REG_WR, = 0
gpu_min_NON_REG_OPs, = 0
gpu_min_INT_ACC, = 0
gpu_min_FPU_ACC, = 0
gpu_min_DPU_ACC, = 0
gpu_min_INT_MUL24_ACC, = 0
gpu_min_INT_MUL32_ACC, = 0
gpu_min_INT_MUL_ACC, = 0
gpu_min_INT_DIV_ACC, = 0
gpu_min_FP_MUL_ACC, = 0
gpu_min_FP_DIV_ACC, = 0
gpu_min_FP_SQRT_ACC, = 0
gpu_min_FP_LG_ACC, = 0
gpu_min_FP_SIN_ACC, = 0
gpu_min_FP_EXP_ACC, = 0
gpu_min_DP_MUL_ACC, = 0
gpu_min_DP_DIV_ACC, = 0
gpu_min_TENSOR_ACC, = 0
gpu_min_TEX_ACC, = 0
gpu_min_MEM_RD, = 0
gpu_min_MEM_WR, = 0
gpu_min_MEM_PRE, = 0
gpu_min_L2_RH, = 0
gpu_min_L2_RM, = 0
gpu_min_L2_WH, = 0
gpu_min_L2_WM, = 0
gpu_min_NOC_A, = 0
gpu_min_PIPE_A, = 0.0144414
gpu_min_IDLE_CORE_N, = 132
gpu_min_constant_power = 0

Accumulative Power Statistics Over Previous Kernels:
gpu_tot_avg_power = 80.4574
gpu_tot_max_power = 154.291
gpu_tot_min_power = 60.8126


kernel_name = _ZN7cutlass13device_kernelIN5flash20enable_sm90_or_laterINS1_16FlashAttnFwdSm90INS1_25CollectiveMainloopFwdSm90ILi2EN4cute5tupleIJNS5_1CILi1EEES8_S8_EEENS6_IJNS7_ILi64EEENS7_ILi192EEESA_EEELi64ENS_10bfloat16_tEfNS_4arch4Sm90ELb0ELb0ELb0ELb1ELb1ELb0ELb0ELb1ELb1ELb1ELb0ELb0ESD_Li1EEENS1_21CollectiveEpilogueFwdINS6_IJSA_SA_SB_EEES9_SD_SF_Li128ELb1ELb1ELb0ELb0ELi1EEENS1_36VarlenDynamicPersistentTileSchedulerILi64ELi192ELi128ELi128ELb0ELb1ELb1ELb0ELb0ELb1EEEEEEEEEvNT_6ParamsE 
kernel_launch_uid = 29 

Kernel Average Power Data:
kernel_avg_power = 73.2478
gpu_avg_IBP, = 0.120768
gpu_avg_ICP, = 0
gpu_avg_DCP, = 0.0388787
gpu_avg_TCP, = 0
gpu_avg_CCP, = 0.00164216
gpu_avg_SHRDP, = 0.0948909
gpu_avg_RFP, = 0
gpu_avg_INTP, = 1.94415
gpu_avg_FPUP, = 0.18349
gpu_avg_DPUP, = 0
gpu_avg_INT_MUL24P, = 0
gpu_avg_INT_MUL32P, = 0
gpu_avg_INT_MULP, = 0.128985
gpu_avg_INT_DIVP, = 0
gpu_avg_FP_MULP, = 0.0236762
gpu_avg_FP_DIVP, = 0
gpu_avg_FP_SQRTP, = 0
gpu_avg_FP_LGP, = 0.000403693
gpu_avg_FP_SINP, = 0
gpu_avg_FP_EXP, = 0.0694746
gpu_avg_DP_MULP, = 0
gpu_avg_DP_DIVP, = 0
gpu_avg_TENSORP, = 0
gpu_avg_TEXP, = 0
gpu_avg_SCHEDP, = 0.34713
gpu_avg_L2CP, = 0.01232
gpu_avg_MCP, = 0.558042
gpu_avg_NOCP, = 0.119081
gpu_avg_DRAMP, = 0
gpu_avg_PIPEP, = 0.487747
gpu_avg_IDLE_COREP, = 33.0099
gpu_avg_CONSTP = 32.3252
gpu_avg_STATICP = 3.78202
gpu_avg_TOT_INST, = 5188
gpu_avg_FP_INT, = 5063.9
gpu_avg_IC_H, = 0
gpu_avg_IC_M, = 0
gpu_avg_DC_RH, = 3.3
gpu_avg_DC_RM, = 29.6
gpu_avg_DC_WH, = 0
gpu_avg_DC_WM, = 0.15
gpu_avg_TC_H, = 0
gpu_avg_TC_M, = 0
gpu_avg_CC_H, = 75.2
gpu_avg_CC_M, = 0
gpu_avg_SHRD_ACC, = 212.8
gpu_avg_REG_RD, = 0
gpu_avg_REG_WR, = 0
gpu_avg_NON_REG_OPs, = 0
gpu_avg_INT_ACC, = 1.06295e+06
gpu_avg_FPU_ACC, = 2457.67
gpu_avg_DPU_ACC, = 0
gpu_avg_INT_MUL24_ACC, = 0
gpu_avg_INT_MUL32_ACC, = 0
gpu_avg_INT_MUL_ACC, = 842.218
gpu_avg_INT_DIV_ACC, = 0
gpu_avg_FP_MUL_ACC, = 154.596
gpu_avg_FP_DIV_ACC, = 0
gpu_avg_FP_SQRT_ACC, = 0
gpu_avg_FP_LG_ACC, = 2.63595
gpu_avg_FP_SIN_ACC, = 0
gpu_avg_FP_EXP_ACC, = 453.641
gpu_avg_DP_MUL_ACC, = 0
gpu_avg_DP_DIV_ACC, = 0
gpu_avg_TENSOR_ACC, = 0
gpu_avg_TEX_ACC, = 0
gpu_avg_MEM_RD, = 0
gpu_avg_MEM_WR, = 0
gpu_avg_MEM_PRE, = 0
gpu_avg_L2_RH, = 43.95
gpu_avg_L2_RM, = 2.1
gpu_avg_L2_WH, = 0.05
gpu_avg_L2_WM, = 0.5
gpu_avg_NOC_A, = 349.25
gpu_avg_PIPE_A, = 0.0149188
gpu_avg_IDLE_CORE_N, = 116.729
gpu_avg_constant_power = 0
gpu_avg_threads_per_warp = 20.7812
gpu_tot_TOT_INST, = 103760
gpu_tot_FP_INT, = 101278
gpu_tot_IC_H, = 0
gpu_tot_IC_M, = 0
gpu_tot_DC_RH, = 66
gpu_tot_DC_RM, = 592
gpu_tot_DC_WH, = 0
gpu_tot_DC_WM, = 3
gpu_tot_TC_H, = 0
gpu_tot_TC_M, = 0
gpu_tot_CC_H, = 1504
gpu_tot_CC_M, = 0
gpu_tot_SHRD_ACC, = 4256
gpu_tot_REG_RD, = 0
gpu_tot_REG_WR, = 0
gpu_tot_NON_REG_OPs, = 0
gpu_tot_INT_ACC, = 2.1259e+07
gpu_tot_FPU_ACC, = 49153.4
gpu_tot_DPU_ACC, = 0
gpu_tot_INT_MUL24_ACC, = 0
gpu_tot_INT_MUL32_ACC, = 0
gpu_tot_INT_MUL_ACC, = 16844.4
gpu_tot_INT_DIV_ACC, = 0
gpu_tot_FP_MUL_ACC, = 3091.92
gpu_tot_FP_DIV_ACC, = 0
gpu_tot_FP_SQRT_ACC, = 0
gpu_tot_FP_LG_ACC, = 52.7191
gpu_tot_FP_SIN_ACC, = 0
gpu_tot_FP_EXP_ACC, = 9072.83
gpu_tot_DP_MUL_ACC, = 0
gpu_tot_DP_DIV_ACC, = 0
gpu_tot_TENSOR_ACC, = 0
gpu_tot_TEX_ACC, = 0
gpu_tot_MEM_RD, = 0
gpu_tot_MEM_WR, = 0
gpu_tot_MEM_PRE, = 0
gpu_tot_L2_RH, = 879
gpu_tot_L2_RM, = 42
gpu_tot_L2_WH, = 1
gpu_tot_L2_WM, = 10
gpu_tot_NOC_A, = 6985
gpu_tot_PIPE_A, = 0.298376
gpu_tot_IDLE_CORE_N, = 2334.57
gpu_tot_constant_power = 0

Kernel Maximum Power Data:
kernel_max_power = 102.438
gpu_max_IBP, = 1.53134
gpu_max_ICP, = 0
gpu_max_DCP, = 0
gpu_max_TCP, = 0
gpu_max_CCP, = 0.0199155
gpu_max_SHRDP, = 1.11836
gpu_max_RFP, = 0
gpu_max_INTP, = 25.9275
gpu_max_FPUP, = 0
gpu_max_DPUP, = 0
gpu_max_INT_MUL24P, = 0
gpu_max_INT_MUL32P, = 0
gpu_max_INT_MULP, = 0
gpu_max_INT_DIVP, = 0
gpu_max_FP_MULP, = 0
gpu_max_FP_DIVP, = 0
gpu_max_FP_SQRTP, = 0
gpu_max_FP_LGP, = 0
gpu_max_FP_SINP, = 0
gpu_max_FP_EXP, = 0
gpu_max_DP_MULP, = 0
gpu_max_DP_DIVP, = 0
gpu_max_TENSORP, = 0
gpu_max_TEXP, = 0
gpu_max_SCHEDP, = 4.47981
gpu_max_L2CP, = 0
gpu_max_MCP, = 0.552363
gpu_max_NOCP, = 0
gpu_max_DRAMP, = 0
gpu_max_PIPEP, = 3.4918
gpu_max_IDLE_COREP, = 14.6328
gpu_max_CONSTP = 32.3252
gpu_max_STATICP = 18.3594
gpu_max_TOT_INST, = 65784
gpu_max_FP_INT, = 65351
gpu_max_IC_H, = 0
gpu_max_IC_M, = 0
gpu_max_DC_RH, = 0
gpu_max_DC_RM, = 0
gpu_max_DC_WH, = 0
gpu_max_DC_WM, = 0
gpu_max_TC_H, = 0
gpu_max_TC_M, = 0
gpu_max_CC_H, = 912
gpu_max_CC_M, = 0
gpu_max_SHRD_ACC, = 2508
gpu_max_REG_RD, = 0
gpu_max_REG_WR, = 0
gpu_max_NON_REG_OPs, = 0
gpu_max_INT_ACC, = 1.41757e+07
gpu_max_FPU_ACC, = 0
gpu_max_DPU_ACC, = 0
gpu_max_INT_MUL24_ACC, = 0
gpu_max_INT_MUL32_ACC, = 0
gpu_max_INT_MUL_ACC, = 0
gpu_max_INT_DIV_ACC, = 0
gpu_max_FP_MUL_ACC, = 0
gpu_max_FP_DIV_ACC, = 0
gpu_max_FP_SQRT_ACC, = 0
gpu_max_FP_LG_ACC, = 0
gpu_max_FP_SIN_ACC, = 0
gpu_max_FP_EXP_ACC, = 0
gpu_max_DP_MUL_ACC, = 0
gpu_max_DP_DIV_ACC, = 0
gpu_max_TENSOR_ACC, = 0
gpu_max_TEX_ACC, = 0
gpu_max_MEM_RD, = 0
gpu_max_MEM_WR, = 0
gpu_max_MEM_PRE, = 0
gpu_max_L2_RH, = 0
gpu_max_L2_RM, = 0
gpu_max_L2_WH, = 0
gpu_max_L2_WM, = 0
gpu_max_NOC_A, = 0
gpu_max_PIPE_A, = 0.106804
gpu_max_IDLE_CORE_N, = 51.744
gpu_max_constant_power = 0

Kernel Minimum Power Data:
kernel_min_power = 68.4432
gpu_min_IBP, = 0.0662035
gpu_min_ICP, = 0
gpu_min_DCP, = 0.126283
gpu_min_TCP, = 0
gpu_min_CCP, = 0.00248944
gpu_min_SHRDP, = 0
gpu_min_RFP, = 0
gpu_min_INTP, = 1.67283
gpu_min_FPUP, = 0
gpu_min_DPUP, = 0
gpu_min_INT_MUL24P, = 0
gpu_min_INT_MUL32P, = 0
gpu_min_INT_MULP, = 0.0663132
gpu_min_INT_DIVP, = 0
gpu_min_FP_MULP, = 0
gpu_min_FP_DIVP, = 0
gpu_min_FP_SQRTP, = 0
gpu_min_FP_LGP, = 0
gpu_min_FP_SINP, = 0
gpu_min_FP_EXP, = 0
gpu_min_DP_MULP, = 0
gpu_min_DP_DIVP, = 0
gpu_min_TENSORP, = 0
gpu_min_TEXP, = 0
gpu_min_SCHEDP, = 0.17775
gpu_min_L2CP, = 0.00194228
gpu_min_MCP, = 0.576997
gpu_min_NOCP, = 0.0388695
gpu_min_DRAMP, = 0
gpu_min_PIPEP, = 0.410289
gpu_min_IDLE_COREP, = 5.09025
gpu_min_CONSTP = 32.3252
gpu_min_STATICP = 27.8878
gpu_min_TOT_INST, = 2844
gpu_min_FP_INT, = 2593
gpu_min_IC_H, = 0
gpu_min_IC_M, = 0
gpu_min_DC_RH, = 0
gpu_min_DC_RM, = 114
gpu_min_DC_WH, = 0
gpu_min_DC_WM, = 0
gpu_min_TC_H, = 0
gpu_min_TC_M, = 0
gpu_min_CC_H, = 114
gpu_min_CC_M, = 0
gpu_min_SHRD_ACC, = 0
gpu_min_REG_RD, = 0
gpu_min_REG_WR, = 0
gpu_min_NON_REG_OPs, = 0
gpu_min_INT_ACC, = 914608
gpu_min_FPU_ACC, = 0
gpu_min_DPU_ACC, = 0
gpu_min_INT_MUL24_ACC, = 0
gpu_min_INT_MUL32_ACC, = 0
gpu_min_INT_MUL_ACC, = 432.999
gpu_min_INT_DIV_ACC, = 0
gpu_min_FP_MUL_ACC, = 0
gpu_min_FP_DIV_ACC, = 0
gpu_min_FP_SQRT_ACC, = 0
gpu_min_FP_LG_ACC, = 0
gpu_min_FP_SIN_ACC, = 0
gpu_min_FP_EXP_ACC, = 0
gpu_min_DP_MUL_ACC, = 0
gpu_min_DP_DIV_ACC, = 0
gpu_min_TENSOR_ACC, = 0
gpu_min_TEX_ACC, = 0
gpu_min_MEM_RD, = 0
gpu_min_MEM_WR, = 0
gpu_min_MEM_PRE, = 0
gpu_min_L2_RH, = 7
gpu_min_L2_RM, = 2
gpu_min_L2_WH, = 0
gpu_min_L2_WM, = 0
gpu_min_NOC_A, = 114
gpu_min_PIPE_A, = 0.0125496
gpu_min_IDLE_CORE_N, = 18
gpu_min_constant_power = 0

Accumulative Power Statistics Over Previous Kernels:
gpu_tot_avg_power = 80.1014
gpu_tot_max_power = 154.291
gpu_tot_min_power = 60.8126


kernel_name = _ZN2at6native29vectorized_elementwise_kernelILi4ENS0_11FillFunctorIiEESt5arrayIPcLm1EEEEviT0_T1_ 
kernel_launch_uid = 30 

Kernel Average Power Data:
kernel_avg_power = 70.3165
gpu_avg_IBP, = 0.000758208
gpu_avg_ICP, = 0
gpu_avg_DCP, = 0.00870085
gpu_avg_TCP, = 0
gpu_avg_CCP, = 3.74352e-05
gpu_avg_SHRDP, = 0.00101924
gpu_avg_RFP, = 0
gpu_avg_INTP, = 0.00609344
gpu_avg_FPUP, = 0
gpu_avg_DPUP, = 0
gpu_avg_INT_MUL24P, = 0
gpu_avg_INT_MUL32P, = 0
gpu_avg_INT_MULP, = 0.000344988
gpu_avg_INT_DIVP, = 0
gpu_avg_FP_MULP, = 0
gpu_avg_FP_DIVP, = 0
gpu_avg_FP_SQRTP, = 0
gpu_avg_FP_LGP, = 0
gpu_avg_FP_SINP, = 0
gpu_avg_FP_EXP, = 0
gpu_avg_DP_MULP, = 0
gpu_avg_DP_DIVP, = 0
gpu_avg_TENSORP, = 0
gpu_avg_TEXP, = 0
gpu_avg_SCHEDP, = 0.00207608
gpu_avg_L2CP, = 0.00854538
gpu_avg_MCP, = 0.554208
gpu_avg_NOCP, = 0.00828048
gpu_avg_DRAMP, = 0
gpu_avg_PIPEP, = 0.0946401
gpu_avg_IDLE_COREP, = 37.2656
gpu_avg_CONSTP = 32.3252
gpu_avg_STATICP = 0.0409147
gpu_avg_TOT_INST, = 32.5714
gpu_avg_FP_INT, = 30.2857
gpu_avg_IC_H, = 0
gpu_avg_IC_M, = 0
gpu_avg_DC_RH, = 0
gpu_avg_DC_RM, = 0
gpu_avg_DC_WH, = 0
gpu_avg_DC_WM, = 8.14286
gpu_avg_TC_H, = 0
gpu_avg_TC_M, = 0
gpu_avg_CC_H, = 1.71429
gpu_avg_CC_M, = 0
gpu_avg_SHRD_ACC, = 2.28571
gpu_avg_REG_RD, = 0
gpu_avg_REG_WR, = 0
gpu_avg_NON_REG_OPs, = 0
gpu_avg_INT_ACC, = 3331.55
gpu_avg_FPU_ACC, = 0
gpu_avg_DPU_ACC, = 0
gpu_avg_INT_MUL24_ACC, = 0
gpu_avg_INT_MUL32_ACC, = 0
gpu_avg_INT_MUL_ACC, = 2.25263
gpu_avg_INT_DIV_ACC, = 0
gpu_avg_FP_MUL_ACC, = 0
gpu_avg_FP_DIV_ACC, = 0
gpu_avg_FP_SQRT_ACC, = 0
gpu_avg_FP_LG_ACC, = 0
gpu_avg_FP_SIN_ACC, = 0
gpu_avg_FP_EXP_ACC, = 0
gpu_avg_DP_MUL_ACC, = 0
gpu_avg_DP_DIV_ACC, = 0
gpu_avg_TENSOR_ACC, = 0
gpu_avg_TEX_ACC, = 0
gpu_avg_MEM_RD, = 0
gpu_avg_MEM_WR, = 0
gpu_avg_MEM_PRE, = 0
gpu_avg_L2_RH, = 0
gpu_avg_L2_RM, = 0
gpu_avg_L2_WH, = 8
gpu_avg_L2_WM, = 0
gpu_avg_NOC_A, = 24.2857
gpu_avg_PIPE_A, = 0.00289477
gpu_avg_IDLE_CORE_N, = 131.778
gpu_avg_constant_power = 0
gpu_avg_threads_per_warp = 5.26743
gpu_tot_TOT_INST, = 228
gpu_tot_FP_INT, = 212
gpu_tot_IC_H, = 0
gpu_tot_IC_M, = 0
gpu_tot_DC_RH, = 0
gpu_tot_DC_RM, = 0
gpu_tot_DC_WH, = 0
gpu_tot_DC_WM, = 57
gpu_tot_TC_H, = 0
gpu_tot_TC_M, = 0
gpu_tot_CC_H, = 12
gpu_tot_CC_M, = 0
gpu_tot_SHRD_ACC, = 16
gpu_tot_REG_RD, = 0
gpu_tot_REG_WR, = 0
gpu_tot_NON_REG_OPs, = 0
gpu_tot_INT_ACC, = 23320.8
gpu_tot_FPU_ACC, = 0
gpu_tot_DPU_ACC, = 0
gpu_tot_INT_MUL24_ACC, = 0
gpu_tot_INT_MUL32_ACC, = 0
gpu_tot_INT_MUL_ACC, = 15.7684
gpu_tot_INT_DIV_ACC, = 0
gpu_tot_FP_MUL_ACC, = 0
gpu_tot_FP_DIV_ACC, = 0
gpu_tot_FP_SQRT_ACC, = 0
gpu_tot_FP_LG_ACC, = 0
gpu_tot_FP_SIN_ACC, = 0
gpu_tot_FP_EXP_ACC, = 0
gpu_tot_DP_MUL_ACC, = 0
gpu_tot_DP_DIV_ACC, = 0
gpu_tot_TENSOR_ACC, = 0
gpu_tot_TEX_ACC, = 0
gpu_tot_MEM_RD, = 0
gpu_tot_MEM_WR, = 0
gpu_tot_MEM_PRE, = 0
gpu_tot_L2_RH, = 0
gpu_tot_L2_RM, = 0
gpu_tot_L2_WH, = 56
gpu_tot_L2_WM, = 0
gpu_tot_NOC_A, = 170
gpu_tot_PIPE_A, = 0.0202634
gpu_tot_IDLE_CORE_N, = 922.444
gpu_tot_constant_power = 0

Kernel Maximum Power Data:
kernel_max_power = 70.4122
gpu_max_IBP, = 0.00251406
gpu_max_ICP, = 0
gpu_max_DCP, = 0.0598374
gpu_max_TCP, = 0
gpu_max_CCP, = 0
gpu_max_SHRDP, = 0.00713466
gpu_max_RFP, = 0
gpu_max_INTP, = 0.0145287
gpu_max_FPUP, = 0
gpu_max_DPUP, = 0
gpu_max_INT_MUL24P, = 0
gpu_max_INT_MUL32P, = 0
gpu_max_INT_MULP, = 0.000141017
gpu_max_INT_DIVP, = 0
gpu_max_FP_MULP, = 0
gpu_max_FP_DIVP, = 0
gpu_max_FP_SQRTP, = 0
gpu_max_FP_LGP, = 0
gpu_max_FP_SINP, = 0
gpu_max_FP_EXP, = 0
gpu_max_DP_MULP, = 0
gpu_max_DP_DIVP, = 0
gpu_max_TENSORP, = 0
gpu_max_TEXP, = 0
gpu_max_SCHEDP, = 0.00740339
gpu_max_L2CP, = 0.0598177
gpu_max_MCP, = 0.577619
gpu_max_NOCP, = 0.0572814
gpu_max_DRAMP, = 0
gpu_max_PIPEP, = 0.0994968
gpu_max_IDLE_COREP, = 37.0118
gpu_max_CONSTP = 32.3252
gpu_max_STATICP = 0.189425
gpu_max_TOT_INST, = 108
gpu_max_FP_INT, = 108
gpu_max_IC_H, = 0
gpu_max_IC_M, = 0
gpu_max_DC_RH, = 0
gpu_max_DC_RM, = 0
gpu_max_DC_WH, = 0
gpu_max_DC_WM, = 56
gpu_max_TC_H, = 0
gpu_max_TC_M, = 0
gpu_max_CC_H, = 0
gpu_max_CC_M, = 0
gpu_max_SHRD_ACC, = 16
gpu_max_REG_RD, = 0
gpu_max_REG_WR, = 0
gpu_max_NON_REG_OPs, = 0
gpu_max_INT_ACC, = 7943.47
gpu_max_FPU_ACC, = 0
gpu_max_DPU_ACC, = 0
gpu_max_INT_MUL24_ACC, = 0
gpu_max_INT_MUL32_ACC, = 0
gpu_max_INT_MUL_ACC, = 0.920784
gpu_max_INT_DIV_ACC, = 0
gpu_max_FP_MUL_ACC, = 0
gpu_max_FP_DIV_ACC, = 0
gpu_max_FP_SQRT_ACC, = 0
gpu_max_FP_LG_ACC, = 0
gpu_max_FP_SIN_ACC, = 0
gpu_max_FP_EXP_ACC, = 0
gpu_max_DP_MUL_ACC, = 0
gpu_max_DP_DIV_ACC, = 0
gpu_max_TENSOR_ACC, = 0
gpu_max_TEX_ACC, = 0
gpu_max_MEM_RD, = 0
gpu_max_MEM_WR, = 0
gpu_max_MEM_PRE, = 0
gpu_max_L2_RH, = 0
gpu_max_L2_RM, = 0
gpu_max_L2_WH, = 56
gpu_max_L2_WM, = 0
gpu_max_NOC_A, = 168
gpu_max_PIPE_A, = 0.00304332
gpu_max_IDLE_CORE_N, = 130.88
gpu_max_constant_power = 0

Kernel Minimum Power Data:
kernel_min_power = 70.2968
gpu_min_IBP, = 0
gpu_min_ICP, = 0
gpu_min_DCP, = 0
gpu_min_TCP, = 0
gpu_min_CCP, = 0
gpu_min_SHRDP, = 0
gpu_min_RFP, = 0
gpu_min_INTP, = 0
gpu_min_FPUP, = 0
gpu_min_DPUP, = 0
gpu_min_INT_MUL24P, = 0
gpu_min_INT_MUL32P, = 0
gpu_min_INT_MULP, = 0
gpu_min_INT_DIVP, = 0
gpu_min_FP_MULP, = 0
gpu_min_FP_DIVP, = 0
gpu_min_FP_SQRTP, = 0
gpu_min_FP_LGP, = 0
gpu_min_FP_SINP, = 0
gpu_min_FP_EXP, = 0
gpu_min_DP_MULP, = 0
gpu_min_DP_DIVP, = 0
gpu_min_TENSORP, = 0
gpu_min_TEXP, = 0
gpu_min_SCHEDP, = 0
gpu_min_L2CP, = 0
gpu_min_MCP, = 0.55022
gpu_min_NOCP, = 0
gpu_min_DRAMP, = 0
gpu_min_PIPEP, = 0.0928792
gpu_min_IDLE_COREP, = 37.3285
gpu_min_CONSTP = 32.3252
gpu_min_STATICP = 0
gpu_min_TOT_INST, = 0
gpu_min_FP_INT, = 0
gpu_min_IC_H, = 0
gpu_min_IC_M, = 0
gpu_min_DC_RH, = 0
gpu_min_DC_RM, = 0
gpu_min_DC_WH, = 0
gpu_min_DC_WM, = 0
gpu_min_TC_H, = 0
gpu_min_TC_M, = 0
gpu_min_CC_H, = 0
gpu_min_CC_M, = 0
gpu_min_SHRD_ACC, = 0
gpu_min_REG_RD, = 0
gpu_min_REG_WR, = 0
gpu_min_NON_REG_OPs, = 0
gpu_min_INT_ACC, = 0
gpu_min_FPU_ACC, = 0
gpu_min_DPU_ACC, = 0
gpu_min_INT_MUL24_ACC, = 0
gpu_min_INT_MUL32_ACC, = 0
gpu_min_INT_MUL_ACC, = 0
gpu_min_INT_DIV_ACC, = 0
gpu_min_FP_MUL_ACC, = 0
gpu_min_FP_DIV_ACC, = 0
gpu_min_FP_SQRT_ACC, = 0
gpu_min_FP_LG_ACC, = 0
gpu_min_FP_SIN_ACC, = 0
gpu_min_FP_EXP_ACC, = 0
gpu_min_DP_MUL_ACC, = 0
gpu_min_DP_DIV_ACC, = 0
gpu_min_TENSOR_ACC, = 0
gpu_min_TEX_ACC, = 0
gpu_min_MEM_RD, = 0
gpu_min_MEM_WR, = 0
gpu_min_MEM_PRE, = 0
gpu_min_L2_RH, = 0
gpu_min_L2_RM, = 0
gpu_min_L2_WH, = 0
gpu_min_L2_WM, = 0
gpu_min_NOC_A, = 0
gpu_min_PIPE_A, = 0.00284091
gpu_min_IDLE_CORE_N, = 132
gpu_min_constant_power = 0

Accumulative Power Statistics Over Previous Kernels:
gpu_tot_avg_power = 79.9351
gpu_tot_max_power = 154.291
gpu_tot_min_power = 60.8126


kernel_name = nvjet_sm90_tst_64x8_64x16_4x1_v_bz_TNT 
kernel_launch_uid = 31 

Kernel Average Power Data:
kernel_avg_power = 78.8533
gpu_avg_IBP, = 0.139863
gpu_avg_ICP, = 0
gpu_avg_DCP, = 0
gpu_avg_TCP, = 0
gpu_avg_CCP, = 0.000974275
gpu_avg_SHRDP, = 0.126194
gpu_avg_RFP, = 0
gpu_avg_INTP, = 2.70314
gpu_avg_FPUP, = 0.0155747
gpu_avg_DPUP, = 0
gpu_avg_INT_MUL24P, = 0
gpu_avg_INT_MUL32P, = 0
gpu_avg_INT_MULP, = 0.24819
gpu_avg_INT_DIVP, = 0
gpu_avg_FP_MULP, = 0
gpu_avg_FP_DIVP, = 0
gpu_avg_FP_SQRTP, = 0
gpu_avg_FP_LGP, = 0
gpu_avg_FP_SINP, = 0
gpu_avg_FP_EXP, = 0
gpu_avg_DP_MULP, = 0
gpu_avg_DP_DIVP, = 0
gpu_avg_TENSORP, = 0
gpu_avg_TEXP, = 0
gpu_avg_SCHEDP, = 0.40137
gpu_avg_L2CP, = 0.993268
gpu_avg_MCP, = 0.550325
gpu_avg_NOCP, = 3.96834
gpu_avg_DRAMP, = 0
gpu_avg_PIPEP, = 0.372251
gpu_avg_IDLE_COREP, = 34.9803
gpu_avg_CONSTP = 32.3252
gpu_avg_STATICP = 2.0283
gpu_avg_TOT_INST, = 6008.31
gpu_avg_FP_INT, = 5855.15
gpu_avg_IC_H, = 0
gpu_avg_IC_M, = 0
gpu_avg_DC_RH, = 0
gpu_avg_DC_RM, = 0
gpu_avg_DC_WH, = 0
gpu_avg_DC_WM, = 0
gpu_avg_TC_H, = 0
gpu_avg_TC_M, = 0
gpu_avg_CC_H, = 44.6154
gpu_avg_CC_M, = 0
gpu_avg_SHRD_ACC, = 283
gpu_avg_REG_RD, = 0
gpu_avg_REG_WR, = 0
gpu_avg_NON_REG_OPs, = 0
gpu_avg_INT_ACC, = 1.47792e+06
gpu_avg_FPU_ACC, = 208.609
gpu_avg_DPU_ACC, = 0
gpu_avg_INT_MUL24_ACC, = 0
gpu_avg_INT_MUL32_ACC, = 0
gpu_avg_INT_MUL_ACC, = 1620.58
gpu_avg_INT_DIV_ACC, = 0
gpu_avg_FP_MUL_ACC, = 0
gpu_avg_FP_DIV_ACC, = 0
gpu_avg_FP_SQRT_ACC, = 0
gpu_avg_FP_LG_ACC, = 0
gpu_avg_FP_SIN_ACC, = 0
gpu_avg_FP_EXP_ACC, = 0
gpu_avg_DP_MUL_ACC, = 0
gpu_avg_DP_DIV_ACC, = 0
gpu_avg_TENSOR_ACC, = 0
gpu_avg_TEX_ACC, = 0
gpu_avg_MEM_RD, = 0
gpu_avg_MEM_WR, = 0
gpu_avg_MEM_PRE, = 0
gpu_avg_L2_RH, = 3628.31
gpu_avg_L2_RM, = 235.692
gpu_avg_L2_WH, = 0.692308
gpu_avg_L2_WM, = 0
gpu_avg_NOC_A, = 11638.7
gpu_avg_PIPE_A, = 0.0113861
gpu_avg_IDLE_CORE_N, = 123.696
gpu_avg_constant_power = 0
gpu_avg_threads_per_warp = 15.1321
gpu_tot_TOT_INST, = 78108
gpu_tot_FP_INT, = 76117
gpu_tot_IC_H, = 0
gpu_tot_IC_M, = 0
gpu_tot_DC_RH, = 0
gpu_tot_DC_RM, = 0
gpu_tot_DC_WH, = 0
gpu_tot_DC_WM, = 0
gpu_tot_TC_H, = 0
gpu_tot_TC_M, = 0
gpu_tot_CC_H, = 580
gpu_tot_CC_M, = 0
gpu_tot_SHRD_ACC, = 3679
gpu_tot_REG_RD, = 0
gpu_tot_REG_WR, = 0
gpu_tot_NON_REG_OPs, = 0
gpu_tot_INT_ACC, = 1.9213e+07
gpu_tot_FPU_ACC, = 2711.91
gpu_tot_DPU_ACC, = 0
gpu_tot_INT_MUL24_ACC, = 0
gpu_tot_INT_MUL32_ACC, = 0
gpu_tot_INT_MUL_ACC, = 21067.5
gpu_tot_INT_DIV_ACC, = 0
gpu_tot_FP_MUL_ACC, = 0
gpu_tot_FP_DIV_ACC, = 0
gpu_tot_FP_SQRT_ACC, = 0
gpu_tot_FP_LG_ACC, = 0
gpu_tot_FP_SIN_ACC, = 0
gpu_tot_FP_EXP_ACC, = 0
gpu_tot_DP_MUL_ACC, = 0
gpu_tot_DP_DIV_ACC, = 0
gpu_tot_TENSOR_ACC, = 0
gpu_tot_TEX_ACC, = 0
gpu_tot_MEM_RD, = 0
gpu_tot_MEM_WR, = 0
gpu_tot_MEM_PRE, = 0
gpu_tot_L2_RH, = 47168
gpu_tot_L2_RM, = 3064
gpu_tot_L2_WH, = 9
gpu_tot_L2_WM, = 0
gpu_tot_NOC_A, = 151303
gpu_tot_PIPE_A, = 0.148019
gpu_tot_IDLE_CORE_N, = 1608.05
gpu_tot_constant_power = 0

Kernel Maximum Power Data:
kernel_max_power = 92.6852
gpu_max_IBP, = 0.234762
gpu_max_ICP, = 0
gpu_max_DCP, = 0
gpu_max_TCP, = 0
gpu_max_CCP, = 0
gpu_max_SHRDP, = 0.289399
gpu_max_RFP, = 0
gpu_max_INTP, = 4.98702
gpu_max_FPUP, = 0
gpu_max_DPUP, = 0
gpu_max_INT_MUL24P, = 0
gpu_max_INT_MUL32P, = 0
gpu_max_INT_MULP, = 0.11789
gpu_max_INT_DIVP, = 0
gpu_max_FP_MULP, = 0
gpu_max_FP_DIVP, = 0
gpu_max_FP_SQRTP, = 0
gpu_max_FP_LGP, = 0
gpu_max_FP_SINP, = 0
gpu_max_FP_EXP, = 0
gpu_max_DP_MULP, = 0
gpu_max_DP_DIVP, = 0
gpu_max_TENSORP, = 0
gpu_max_TEXP, = 0
gpu_max_SCHEDP, = 0.671378
gpu_max_L2CP, = 3.29685
gpu_max_MCP, = 0.55022
gpu_max_NOCP, = 13.0868
gpu_max_DRAMP, = 0
gpu_max_PIPEP, = 0.549921
gpu_max_IDLE_COREP, = 32.8038
gpu_max_CONSTP = 32.3252
gpu_max_STATICP = 3.77196
gpu_max_TOT_INST, = 10085
gpu_max_FP_INT, = 9794
gpu_max_IC_H, = 0
gpu_max_IC_M, = 0
gpu_max_DC_RH, = 0
gpu_max_DC_RM, = 0
gpu_max_DC_WH, = 0
gpu_max_DC_WM, = 0
gpu_max_TC_H, = 0
gpu_max_TC_M, = 0
gpu_max_CC_H, = 0
gpu_max_CC_M, = 0
gpu_max_SHRD_ACC, = 649
gpu_max_REG_RD, = 0
gpu_max_REG_WR, = 0
gpu_max_NON_REG_OPs, = 0
gpu_max_INT_ACC, = 2.72662e+06
gpu_max_FPU_ACC, = 0
gpu_max_DPU_ACC, = 0
gpu_max_INT_MUL24_ACC, = 0
gpu_max_INT_MUL32_ACC, = 0
gpu_max_INT_MUL_ACC, = 769.776
gpu_max_INT_DIV_ACC, = 0
gpu_max_FP_MUL_ACC, = 0
gpu_max_FP_DIV_ACC, = 0
gpu_max_FP_SQRT_ACC, = 0
gpu_max_FP_LG_ACC, = 0
gpu_max_FP_SIN_ACC, = 0
gpu_max_FP_EXP_ACC, = 0
gpu_max_DP_MUL_ACC, = 0
gpu_max_DP_DIV_ACC, = 0
gpu_max_TENSOR_ACC, = 0
gpu_max_TEX_ACC, = 0
gpu_max_MEM_RD, = 0
gpu_max_MEM_WR, = 0
gpu_max_MEM_PRE, = 0
gpu_max_L2_RH, = 12050
gpu_max_L2_RM, = 814
gpu_max_L2_WH, = 0
gpu_max_L2_WM, = 0
gpu_max_NOC_A, = 38382
gpu_max_PIPE_A, = 0.0168205
gpu_max_IDLE_CORE_N, = 116
gpu_max_constant_power = 0

Kernel Minimum Power Data:
kernel_min_power = 70.2933
gpu_min_IBP, = 0
gpu_min_ICP, = 0
gpu_min_DCP, = 0
gpu_min_TCP, = 0
gpu_min_CCP, = 0
gpu_min_SHRDP, = 0
gpu_min_RFP, = 0
gpu_min_INTP, = 0
gpu_min_FPUP, = 0
gpu_min_DPUP, = 0
gpu_min_INT_MUL24P, = 0
gpu_min_INT_MUL32P, = 0
gpu_min_INT_MULP, = 0
gpu_min_INT_DIVP, = 0
gpu_min_FP_MULP, = 0
gpu_min_FP_DIVP, = 0
gpu_min_FP_SQRTP, = 0
gpu_min_FP_LGP, = 0
gpu_min_FP_SINP, = 0
gpu_min_FP_EXP, = 0
gpu_min_DP_MULP, = 0
gpu_min_DP_DIVP, = 0
gpu_min_TENSORP, = 0
gpu_min_TEXP, = 0
gpu_min_SCHEDP, = 0
gpu_min_L2CP, = 0.00106817
gpu_min_MCP, = 0.55022
gpu_min_NOCP, = 0.000340961
gpu_min_DRAMP, = 0
gpu_min_PIPEP, = 0.0928792
gpu_min_IDLE_COREP, = 37.2561
gpu_min_CONSTP = 32.3252
gpu_min_STATICP = 0.0674802
gpu_min_TOT_INST, = 0
gpu_min_FP_INT, = 0
gpu_min_IC_H, = 0
gpu_min_IC_M, = 0
gpu_min_DC_RH, = 0
gpu_min_DC_RM, = 0
gpu_min_DC_WH, = 0
gpu_min_DC_WM, = 0
gpu_min_TC_H, = 0
gpu_min_TC_M, = 0
gpu_min_CC_H, = 0
gpu_min_CC_M, = 0
gpu_min_SHRD_ACC, = 0
gpu_min_REG_RD, = 0
gpu_min_REG_WR, = 0
gpu_min_NON_REG_OPs, = 0
gpu_min_INT_ACC, = 0
gpu_min_FPU_ACC, = 0
gpu_min_DPU_ACC, = 0
gpu_min_INT_MUL24_ACC, = 0
gpu_min_INT_MUL32_ACC, = 0
gpu_min_INT_MUL_ACC, = 0
gpu_min_INT_DIV_ACC, = 0
gpu_min_FP_MUL_ACC, = 0
gpu_min_FP_DIV_ACC, = 0
gpu_min_FP_SQRT_ACC, = 0
gpu_min_FP_LG_ACC, = 0
gpu_min_FP_SIN_ACC, = 0
gpu_min_FP_EXP_ACC, = 0
gpu_min_DP_MUL_ACC, = 0
gpu_min_DP_DIV_ACC, = 0
gpu_min_TENSOR_ACC, = 0
gpu_min_TEX_ACC, = 0
gpu_min_MEM_RD, = 0
gpu_min_MEM_WR, = 0
gpu_min_MEM_PRE, = 0
gpu_min_L2_RH, = 0
gpu_min_L2_RM, = 0
gpu_min_L2_WH, = 1
gpu_min_L2_WM, = 0
gpu_min_NOC_A, = 1
gpu_min_PIPE_A, = 0.00284091
gpu_min_IDLE_CORE_N, = 131.744
gpu_min_constant_power = 0

Accumulative Power Statistics Over Previous Kernels:
gpu_tot_avg_power = 79.902
gpu_tot_max_power = 154.291
gpu_tot_min_power = 60.8126


kernel_name = _ZN4vllm25fused_add_rms_norm_kernelIN3c108BFloat16ELi8ELb1EEENSt9enable_ifIXaagtT0_Li0Esr4vllm12_typeConvertIT_EE6existsEvE4typeEPS4_lS7_PKS4_fiil 
kernel_launch_uid = 32 

Kernel Average Power Data:
kernel_avg_power = 70.4325
gpu_avg_IBP, = 0.00624705
gpu_avg_ICP, = 0
gpu_avg_DCP, = 0.0308854
gpu_avg_TCP, = 0
gpu_avg_CCP, = 0.000134994
gpu_avg_SHRDP, = 0.00405378
gpu_avg_RFP, = 0
gpu_avg_INTP, = 0.0830478
gpu_avg_FPUP, = 0.0184461
gpu_avg_DPUP, = 0
gpu_avg_INT_MUL24P, = 0
gpu_avg_INT_MUL32P, = 0
gpu_avg_INT_MULP, = 0.0143966
gpu_avg_INT_DIVP, = 0
gpu_avg_FP_MULP, = 0.00377508
gpu_avg_FP_DIVP, = 0
gpu_avg_FP_SQRTP, = 2.71615e-06
gpu_avg_FP_LGP, = 0
gpu_avg_FP_SINP, = 0
gpu_avg_FP_EXP, = 5.0406e-06
gpu_avg_DP_MULP, = 0
gpu_avg_DP_DIVP, = 0
gpu_avg_TENSORP, = 0
gpu_avg_TEXP, = 0
gpu_avg_SCHEDP, = 0.0174615
gpu_avg_L2CP, = 0.0140742
gpu_avg_MCP, = 0.554919
gpu_avg_NOCP, = 0.026347
gpu_avg_DRAMP, = 0
gpu_avg_PIPEP, = 0.0137319
gpu_avg_IDLE_COREP, = 37.1213
gpu_avg_CONSTP = 32.3252
gpu_avg_STATICP = 0.198397
gpu_avg_TOT_INST, = 268.364
gpu_avg_FP_INT, = 254.727
gpu_avg_IC_H, = 0
gpu_avg_IC_M, = 0
gpu_avg_DC_RH, = 10.1818
gpu_avg_DC_RM, = 10.1818
gpu_avg_DC_WH, = 10.1818
gpu_avg_DC_WM, = 0
gpu_avg_TC_H, = 0
gpu_avg_TC_M, = 0
gpu_avg_CC_H, = 6.18182
gpu_avg_CC_M, = 0
gpu_avg_SHRD_ACC, = 9.09091
gpu_avg_REG_RD, = 0
gpu_avg_REG_WR, = 0
gpu_avg_NON_REG_OPs, = 0
gpu_avg_INT_ACC, = 45405.9
gpu_avg_FPU_ACC, = 247.067
gpu_avg_DPU_ACC, = 0
gpu_avg_INT_MUL24_ACC, = 0
gpu_avg_INT_MUL32_ACC, = 0
gpu_avg_INT_MUL_ACC, = 94.0037
gpu_avg_INT_DIV_ACC, = 0
gpu_avg_FP_MUL_ACC, = 24.6497
gpu_avg_FP_DIV_ACC, = 0
gpu_avg_FP_SQRT_ACC, = 0.0177354
gpu_avg_FP_LG_ACC, = 0
gpu_avg_FP_SIN_ACC, = 0
gpu_avg_FP_EXP_ACC, = 0.0329131
gpu_avg_DP_MUL_ACC, = 0
gpu_avg_DP_DIV_ACC, = 0
gpu_avg_TENSOR_ACC, = 0
gpu_avg_TEX_ACC, = 0
gpu_avg_MEM_RD, = 0
gpu_avg_MEM_WR, = 0
gpu_avg_MEM_PRE, = 0
gpu_avg_L2_RH, = 14.5455
gpu_avg_L2_RM, = 0.727273
gpu_avg_L2_WH, = 9.45455
gpu_avg_L2_WM, = 0
gpu_avg_NOC_A, = 77.2727
gpu_avg_PIPE_A, = 0.000420019
gpu_avg_IDLE_CORE_N, = 131.267
gpu_avg_constant_power = 0
gpu_avg_threads_per_warp = 14.7369
gpu_tot_TOT_INST, = 2952
gpu_tot_FP_INT, = 2802
gpu_tot_IC_H, = 0
gpu_tot_IC_M, = 0
gpu_tot_DC_RH, = 112
gpu_tot_DC_RM, = 112
gpu_tot_DC_WH, = 112
gpu_tot_DC_WM, = 0
gpu_tot_TC_H, = 0
gpu_tot_TC_M, = 0
gpu_tot_CC_H, = 68
gpu_tot_CC_M, = 0
gpu_tot_SHRD_ACC, = 100
gpu_tot_REG_RD, = 0
gpu_tot_REG_WR, = 0
gpu_tot_NON_REG_OPs, = 0
gpu_tot_INT_ACC, = 499464
gpu_tot_FPU_ACC, = 2717.74
gpu_tot_DPU_ACC, = 0
gpu_tot_INT_MUL24_ACC, = 0
gpu_tot_INT_MUL32_ACC, = 0
gpu_tot_INT_MUL_ACC, = 1034.04
gpu_tot_INT_DIV_ACC, = 0
gpu_tot_FP_MUL_ACC, = 271.147
gpu_tot_FP_DIV_ACC, = 0
gpu_tot_FP_SQRT_ACC, = 0.195089
gpu_tot_FP_LG_ACC, = 0
gpu_tot_FP_SIN_ACC, = 0
gpu_tot_FP_EXP_ACC, = 0.362044
gpu_tot_DP_MUL_ACC, = 0
gpu_tot_DP_DIV_ACC, = 0
gpu_tot_TENSOR_ACC, = 0
gpu_tot_TEX_ACC, = 0
gpu_tot_MEM_RD, = 0
gpu_tot_MEM_WR, = 0
gpu_tot_MEM_PRE, = 0
gpu_tot_L2_RH, = 160
gpu_tot_L2_RM, = 8
gpu_tot_L2_WH, = 104
gpu_tot_L2_WM, = 0
gpu_tot_NOC_A, = 850
gpu_tot_PIPE_A, = 0.00462021
gpu_tot_IDLE_CORE_N, = 1443.94
gpu_tot_constant_power = 0

Kernel Maximum Power Data:
kernel_max_power = 71.1748
gpu_max_IBP, = 0.0227196
gpu_max_ICP, = 0
gpu_max_DCP, = 0.162649
gpu_max_TCP, = 0
gpu_max_CCP, = 0.000611441
gpu_max_SHRDP, = 0.010702
gpu_max_RFP, = 0
gpu_max_INTP, = 0.384216
gpu_max_FPUP, = 0.123697
gpu_max_DPUP, = 0
gpu_max_INT_MUL24P, = 0
gpu_max_INT_MUL32P, = 0
gpu_max_INT_MULP, = 0.0493559
gpu_max_INT_DIVP, = 0
gpu_max_FP_MULP, = 0.00219351
gpu_max_FP_DIVP, = 0
gpu_max_FP_SQRTP, = 0
gpu_max_FP_LGP, = 0
gpu_max_FP_SINP, = 0
gpu_max_FP_EXP, = 0
gpu_max_DP_MULP, = 0
gpu_max_DP_DIVP, = 0
gpu_max_TENSORP, = 0
gpu_max_TEXP, = 0
gpu_max_SCHEDP, = 0.063203
gpu_max_L2CP, = 0.0157991
gpu_max_MCP, = 0.574999
gpu_max_NOCP, = 0.0756933
gpu_max_DRAMP, = 0
gpu_max_PIPEP, = 0.0498917
gpu_max_IDLE_COREP, = 37.0457
gpu_max_CONSTP = 32.3252
gpu_max_STATICP = 0.268136
gpu_max_TOT_INST, = 976
gpu_max_FP_INT, = 922
gpu_max_IC_H, = 0
gpu_max_IC_M, = 0
gpu_max_DC_RH, = 56
gpu_max_DC_RM, = 56
gpu_max_DC_WH, = 0
gpu_max_DC_WM, = 0
gpu_max_TC_H, = 0
gpu_max_TC_M, = 0
gpu_max_CC_H, = 28
gpu_max_CC_M, = 0
gpu_max_SHRD_ACC, = 24
gpu_max_REG_RD, = 0
gpu_max_REG_WR, = 0
gpu_max_NON_REG_OPs, = 0
gpu_max_INT_ACC, = 210067
gpu_max_FPU_ACC, = 1656.81
gpu_max_DPU_ACC, = 0
gpu_max_INT_MUL24_ACC, = 0
gpu_max_INT_MUL32_ACC, = 0
gpu_max_INT_MUL_ACC, = 322.275
gpu_max_INT_DIV_ACC, = 0
gpu_max_FP_MUL_ACC, = 14.3227
gpu_max_FP_DIV_ACC, = 0
gpu_max_FP_SQRT_ACC, = 0
gpu_max_FP_LG_ACC, = 0
gpu_max_FP_SIN_ACC, = 0
gpu_max_FP_EXP_ACC, = 0
gpu_max_DP_MUL_ACC, = 0
gpu_max_DP_DIV_ACC, = 0
gpu_max_TENSOR_ACC, = 0
gpu_max_TEX_ACC, = 0
gpu_max_MEM_RD, = 0
gpu_max_MEM_WR, = 0
gpu_max_MEM_PRE, = 0
gpu_max_L2_RH, = 58
gpu_max_L2_RM, = 0
gpu_max_L2_WH, = 0
gpu_max_L2_WM, = 0
gpu_max_NOC_A, = 222
gpu_max_PIPE_A, = 0.00152604
gpu_max_IDLE_CORE_N, = 131
gpu_max_constant_power = 0

Kernel Minimum Power Data:
kernel_min_power = 70.2039
gpu_min_IBP, = 0
gpu_min_ICP, = 0
gpu_min_DCP, = 0
gpu_min_TCP, = 0
gpu_min_CCP, = 0
gpu_min_SHRDP, = 0
gpu_min_RFP, = 0
gpu_min_INTP, = 0
gpu_min_FPUP, = 0
gpu_min_DPUP, = 0
gpu_min_INT_MUL24P, = 0
gpu_min_INT_MUL32P, = 0
gpu_min_INT_MULP, = 0
gpu_min_INT_DIVP, = 0
gpu_min_FP_MULP, = 0
gpu_min_FP_DIVP, = 0
gpu_min_FP_SQRTP, = 0
gpu_min_FP_LGP, = 0
gpu_min_FP_SINP, = 0
gpu_min_FP_EXP, = 0
gpu_min_DP_MULP, = 0
gpu_min_DP_DIVP, = 0
gpu_min_TENSORP, = 0
gpu_min_TEXP, = 0
gpu_min_SCHEDP, = 0
gpu_min_L2CP, = 0
gpu_min_MCP, = 0.55022
gpu_min_NOCP, = 0
gpu_min_DRAMP, = 0
gpu_min_PIPEP, = 0
gpu_min_IDLE_COREP, = 37.3285
gpu_min_CONSTP = 32.3252
gpu_min_STATICP = 0
gpu_min_TOT_INST, = 0
gpu_min_FP_INT, = 0
gpu_min_IC_H, = 0
gpu_min_IC_M, = 0
gpu_min_DC_RH, = 0
gpu_min_DC_RM, = 0
gpu_min_DC_WH, = 0
gpu_min_DC_WM, = 0
gpu_min_TC_H, = 0
gpu_min_TC_M, = 0
gpu_min_CC_H, = 0
gpu_min_CC_M, = 0
gpu_min_SHRD_ACC, = 0
gpu_min_REG_RD, = 0
gpu_min_REG_WR, = 0
gpu_min_NON_REG_OPs, = 0
gpu_min_INT_ACC, = 0
gpu_min_FPU_ACC, = 0
gpu_min_DPU_ACC, = 0
gpu_min_INT_MUL24_ACC, = 0
gpu_min_INT_MUL32_ACC, = 0
gpu_min_INT_MUL_ACC, = 0
gpu_min_INT_DIV_ACC, = 0
gpu_min_FP_MUL_ACC, = 0
gpu_min_FP_DIV_ACC, = 0
gpu_min_FP_SQRT_ACC, = 0
gpu_min_FP_LG_ACC, = 0
gpu_min_FP_SIN_ACC, = 0
gpu_min_FP_EXP_ACC, = 0
gpu_min_DP_MUL_ACC, = 0
gpu_min_DP_DIV_ACC, = 0
gpu_min_TENSOR_ACC, = 0
gpu_min_TEX_ACC, = 0
gpu_min_MEM_RD, = 0
gpu_min_MEM_WR, = 0
gpu_min_MEM_PRE, = 0
gpu_min_L2_RH, = 0
gpu_min_L2_RM, = 0
gpu_min_L2_WH, = 0
gpu_min_L2_WM, = 0
gpu_min_NOC_A, = 0
gpu_min_PIPE_A, = 0
gpu_min_IDLE_CORE_N, = 132
gpu_min_constant_power = 0

Accumulative Power Statistics Over Previous Kernels:
gpu_tot_avg_power = 79.6631
gpu_tot_max_power = 154.291
gpu_tot_min_power = 60.8126


kernel_name = nvjet_sm90_tst_128x8_64x12_4x1_v_bz_TNT 
kernel_launch_uid = 33 

Kernel Average Power Data:
kernel_avg_power = 108.875
gpu_avg_IBP, = 0.429306
gpu_avg_ICP, = 0
gpu_avg_DCP, = 0
gpu_avg_TCP, = 0
gpu_avg_CCP, = 0.00250673
gpu_avg_SHRDP, = 0.311658
gpu_avg_RFP, = 0
gpu_avg_INTP, = 8.5954
gpu_avg_FPUP, = 0.0794068
gpu_avg_DPUP, = 0
gpu_avg_INT_MUL24P, = 0
gpu_avg_INT_MUL32P, = 0
gpu_avg_INT_MULP, = 0.65768
gpu_avg_INT_DIVP, = 0
gpu_avg_FP_MULP, = 0
gpu_avg_FP_DIVP, = 0
gpu_avg_FP_SQRTP, = 0
gpu_avg_FP_LGP, = 0
gpu_avg_FP_SINP, = 0
gpu_avg_FP_EXP, = 0
gpu_avg_DP_MULP, = 0
gpu_avg_DP_DIVP, = 0
gpu_avg_TENSORP, = 0
gpu_avg_TEXP, = 0
gpu_avg_SCHEDP, = 1.22382
gpu_avg_L2CP, = 4.56286
gpu_avg_MCP, = 0.55049
gpu_avg_NOCP, = 23.289
gpu_avg_DRAMP, = 0
gpu_avg_PIPEP, = 1.04078
gpu_avg_IDLE_COREP, = 22.483
gpu_avg_CONSTP = 32.3252
gpu_avg_STATICP = 13.3234
gpu_avg_TOT_INST, = 18442.3
gpu_avg_FP_INT, = 17852.9
gpu_avg_IC_H, = 0
gpu_avg_IC_M, = 0
gpu_avg_DC_RH, = 0
gpu_avg_DC_RM, = 0
gpu_avg_DC_WH, = 0
gpu_avg_DC_WM, = 0
gpu_avg_TC_H, = 0
gpu_avg_TC_M, = 0
gpu_avg_CC_H, = 114.792
gpu_avg_CC_M, = 0
gpu_avg_SHRD_ACC, = 698.917
gpu_avg_REG_RD, = 0
gpu_avg_REG_WR, = 0
gpu_avg_NON_REG_OPs, = 0
gpu_avg_INT_ACC, = 4.69948e+06
gpu_avg_FPU_ACC, = 1063.58
gpu_avg_DPU_ACC, = 0
gpu_avg_INT_MUL24_ACC, = 0
gpu_avg_INT_MUL32_ACC, = 0
gpu_avg_INT_MUL_ACC, = 4294.38
gpu_avg_INT_DIV_ACC, = 0
gpu_avg_FP_MUL_ACC, = 0
gpu_avg_FP_DIV_ACC, = 0
gpu_avg_FP_SQRT_ACC, = 0
gpu_avg_FP_LG_ACC, = 0
gpu_avg_FP_SIN_ACC, = 0
gpu_avg_FP_EXP_ACC, = 0
gpu_avg_DP_MUL_ACC, = 0
gpu_avg_DP_DIV_ACC, = 0
gpu_avg_TENSOR_ACC, = 0
gpu_avg_TEX_ACC, = 0
gpu_avg_MEM_RD, = 0
gpu_avg_MEM_WR, = 0
gpu_avg_MEM_PRE, = 0
gpu_avg_L2_RH, = 16273.3
gpu_avg_L2_RM, = 6439.83
gpu_avg_L2_WH, = 5
gpu_avg_L2_WM, = 20.2083
gpu_avg_NOC_A, = 68304.2
gpu_avg_PIPE_A, = 0.0318345
gpu_avg_IDLE_CORE_N, = 79.5039
gpu_avg_constant_power = 0
gpu_avg_threads_per_warp = 21.6565
gpu_tot_TOT_INST, = 442616
gpu_tot_FP_INT, = 428470
gpu_tot_IC_H, = 0
gpu_tot_IC_M, = 0
gpu_tot_DC_RH, = 0
gpu_tot_DC_RM, = 0
gpu_tot_DC_WH, = 0
gpu_tot_DC_WM, = 0
gpu_tot_TC_H, = 0
gpu_tot_TC_M, = 0
gpu_tot_CC_H, = 2755
gpu_tot_CC_M, = 0
gpu_tot_SHRD_ACC, = 16774
gpu_tot_REG_RD, = 0
gpu_tot_REG_WR, = 0
gpu_tot_NON_REG_OPs, = 0
gpu_tot_INT_ACC, = 1.12787e+08
gpu_tot_FPU_ACC, = 25525.9
gpu_tot_DPU_ACC, = 0
gpu_tot_INT_MUL24_ACC, = 0
gpu_tot_INT_MUL32_ACC, = 0
gpu_tot_INT_MUL_ACC, = 103065
gpu_tot_INT_DIV_ACC, = 0
gpu_tot_FP_MUL_ACC, = 0
gpu_tot_FP_DIV_ACC, = 0
gpu_tot_FP_SQRT_ACC, = 0
gpu_tot_FP_LG_ACC, = 0
gpu_tot_FP_SIN_ACC, = 0
gpu_tot_FP_EXP_ACC, = 0
gpu_tot_DP_MUL_ACC, = 0
gpu_tot_DP_DIV_ACC, = 0
gpu_tot_TENSOR_ACC, = 0
gpu_tot_TEX_ACC, = 0
gpu_tot_MEM_RD, = 0
gpu_tot_MEM_WR, = 0
gpu_tot_MEM_PRE, = 0
gpu_tot_L2_RH, = 390560
gpu_tot_L2_RM, = 154556
gpu_tot_L2_WH, = 120
gpu_tot_L2_WM, = 485
gpu_tot_NOC_A, = 1.6393e+06
gpu_tot_PIPE_A, = 0.764029
gpu_tot_IDLE_CORE_N, = 1908.09
gpu_tot_constant_power = 0

Kernel Maximum Power Data:
kernel_max_power = 140.143
gpu_max_IBP, = 0.480115
gpu_max_ICP, = 0
gpu_max_DCP, = 0
gpu_max_TCP, = 0
gpu_max_CCP, = 0
gpu_max_SHRDP, = 0.456172
gpu_max_RFP, = 0
gpu_max_INTP, = 10.3659
gpu_max_FPUP, = 0
gpu_max_DPUP, = 0
gpu_max_INT_MUL24P, = 0
gpu_max_INT_MUL32P, = 0
gpu_max_INT_MULP, = 0.224499
gpu_max_INT_DIVP, = 0
gpu_max_FP_MULP, = 0
gpu_max_FP_DIVP, = 0
gpu_max_FP_SQRTP, = 0
gpu_max_FP_LGP, = 0
gpu_max_FP_SINP, = 0
gpu_max_FP_EXP, = 0
gpu_max_DP_MULP, = 0
gpu_max_DP_DIVP, = 0
gpu_max_TENSORP, = 0
gpu_max_TEXP, = 0
gpu_max_SCHEDP, = 1.36558
gpu_max_L2CP, = 10.1398
gpu_max_MCP, = 0.55022
gpu_max_NOCP, = 48.992
gpu_max_DRAMP, = 0
gpu_max_PIPEP, = 1.15266
gpu_max_IDLE_COREP, = 15.8363
gpu_max_CONSTP = 32.3252
gpu_max_STATICP = 18.2543
gpu_max_TOT_INST, = 20625
gpu_max_FP_INT, = 19921
gpu_max_IC_H, = 0
gpu_max_IC_M, = 0
gpu_max_DC_RH, = 0
gpu_max_DC_RM, = 0
gpu_max_DC_WH, = 0
gpu_max_DC_WM, = 0
gpu_max_TC_H, = 0
gpu_max_TC_M, = 0
gpu_max_CC_H, = 0
gpu_max_CC_M, = 0
gpu_max_SHRD_ACC, = 1023
gpu_max_REG_RD, = 0
gpu_max_REG_WR, = 0
gpu_max_NON_REG_OPs, = 0
gpu_max_INT_ACC, = 5.6675e+06
gpu_max_FPU_ACC, = 0
gpu_max_DPU_ACC, = 0
gpu_max_INT_MUL24_ACC, = 0
gpu_max_INT_MUL32_ACC, = 0
gpu_max_INT_MUL_ACC, = 1465.89
gpu_max_INT_DIV_ACC, = 0
gpu_max_FP_MUL_ACC, = 0
gpu_max_FP_DIV_ACC, = 0
gpu_max_FP_SQRT_ACC, = 0
gpu_max_FP_LG_ACC, = 0
gpu_max_FP_SIN_ACC, = 0
gpu_max_FP_EXP_ACC, = 0
gpu_max_DP_MUL_ACC, = 0
gpu_max_DP_DIV_ACC, = 0
gpu_max_TENSOR_ACC, = 0
gpu_max_TEX_ACC, = 0
gpu_max_MEM_RD, = 0
gpu_max_MEM_WR, = 0
gpu_max_MEM_PRE, = 0
gpu_max_L2_RH, = 36459
gpu_max_L2_RM, = 11742
gpu_max_L2_WH, = 0
gpu_max_L2_WM, = 0
gpu_max_NOC_A, = 143688
gpu_max_PIPE_A, = 0.0352566
gpu_max_IDLE_CORE_N, = 56
gpu_max_constant_power = 0

Kernel Minimum Power Data:
kernel_min_power = 70.2039
gpu_min_IBP, = 0
gpu_min_ICP, = 0
gpu_min_DCP, = 0
gpu_min_TCP, = 0
gpu_min_CCP, = 0
gpu_min_SHRDP, = 0
gpu_min_RFP, = 0
gpu_min_INTP, = 0
gpu_min_FPUP, = 0
gpu_min_DPUP, = 0
gpu_min_INT_MUL24P, = 0
gpu_min_INT_MUL32P, = 0
gpu_min_INT_MULP, = 0
gpu_min_INT_DIVP, = 0
gpu_min_FP_MULP, = 0
gpu_min_FP_DIVP, = 0
gpu_min_FP_SQRTP, = 0
gpu_min_FP_LGP, = 0
gpu_min_FP_SINP, = 0
gpu_min_FP_EXP, = 0
gpu_min_DP_MULP, = 0
gpu_min_DP_DIVP, = 0
gpu_min_TENSORP, = 0
gpu_min_TEXP, = 0
gpu_min_SCHEDP, = 0
gpu_min_L2CP, = 0
gpu_min_MCP, = 0.55022
gpu_min_NOCP, = 0
gpu_min_DRAMP, = 0
gpu_min_PIPEP, = 0
gpu_min_IDLE_COREP, = 37.3285
gpu_min_CONSTP = 32.3252
gpu_min_STATICP = 0
gpu_min_TOT_INST, = 0
gpu_min_FP_INT, = 0
gpu_min_IC_H, = 0
gpu_min_IC_M, = 0
gpu_min_DC_RH, = 0
gpu_min_DC_RM, = 0
gpu_min_DC_WH, = 0
gpu_min_DC_WM, = 0
gpu_min_TC_H, = 0
gpu_min_TC_M, = 0
gpu_min_CC_H, = 0
gpu_min_CC_M, = 0
gpu_min_SHRD_ACC, = 0
gpu_min_REG_RD, = 0
gpu_min_REG_WR, = 0
gpu_min_NON_REG_OPs, = 0
gpu_min_INT_ACC, = 0
gpu_min_FPU_ACC, = 0
gpu_min_DPU_ACC, = 0
gpu_min_INT_MUL24_ACC, = 0
gpu_min_INT_MUL32_ACC, = 0
gpu_min_INT_MUL_ACC, = 0
gpu_min_INT_DIV_ACC, = 0
gpu_min_FP_MUL_ACC, = 0
gpu_min_FP_DIV_ACC, = 0
gpu_min_FP_SQRT_ACC, = 0
gpu_min_FP_LG_ACC, = 0
gpu_min_FP_SIN_ACC, = 0
gpu_min_FP_EXP_ACC, = 0
gpu_min_DP_MUL_ACC, = 0
gpu_min_DP_DIV_ACC, = 0
gpu_min_TENSOR_ACC, = 0
gpu_min_TEX_ACC, = 0
gpu_min_MEM_RD, = 0
gpu_min_MEM_WR, = 0
gpu_min_MEM_PRE, = 0
gpu_min_L2_RH, = 0
gpu_min_L2_RM, = 0
gpu_min_L2_WH, = 0
gpu_min_L2_WM, = 0
gpu_min_NOC_A, = 0
gpu_min_PIPE_A, = 0
gpu_min_IDLE_CORE_N, = 132
gpu_min_constant_power = 0

Accumulative Power Statistics Over Previous Kernels:
gpu_tot_avg_power = 81.1872
gpu_tot_max_power = 154.291
gpu_tot_min_power = 60.8126


kernel_name = _ZN4vllm18act_and_mul_kernelIN3c108BFloat16E14__nv_bfloat162XadL_ZNS_11silu_kernelIS2_EET_RKS5_fEEXadL_ZNS_18packed_silu_kernelIS3_EES5_S7_fEELb1ELb1ELb0ELb0EEEvPS5_PS6_ifff 
kernel_launch_uid = 34 

Kernel Average Power Data:
kernel_avg_power = 71.0428
gpu_avg_IBP, = 0.0101396
gpu_avg_ICP, = 0
gpu_avg_DCP, = 0.0831952
gpu_avg_TCP, = 0
gpu_avg_CCP, = 0.000138302
gpu_avg_SHRDP, = 0.000111479
gpu_avg_RFP, = 0
gpu_avg_INTP, = 0.0691529
gpu_avg_FPUP, = 0.0655924
gpu_avg_DPUP, = 0
gpu_avg_INT_MUL24P, = 0
gpu_avg_INT_MUL32P, = 0
gpu_avg_INT_MULP, = 0.0234088
gpu_avg_INT_DIVP, = 0
gpu_avg_FP_MULP, = 0.0722395
gpu_avg_FP_DIVP, = 0
gpu_avg_FP_SQRTP, = 0
gpu_avg_FP_LGP, = 0
gpu_avg_FP_SINP, = 0
gpu_avg_FP_EXP, = 0.0449487
gpu_avg_DP_MULP, = 0
gpu_avg_DP_DIVP, = 0
gpu_avg_TENSORP, = 0
gpu_avg_TEXP, = 0
gpu_avg_SCHEDP, = 0.0271401
gpu_avg_L2CP, = 0.0332984
gpu_avg_MCP, = 0.574412
gpu_avg_NOCP, = 0.07808
gpu_avg_DRAMP, = 0
gpu_avg_PIPEP, = 0.305173
gpu_avg_IDLE_COREP, = 37.1646
gpu_avg_CONSTP = 32.3252
gpu_avg_STATICP = 0.165881
gpu_avg_TOT_INST, = 435.583
gpu_avg_FP_INT, = 395.917
gpu_avg_IC_H, = 0
gpu_avg_IC_M, = 0
gpu_avg_DC_RH, = 0
gpu_avg_DC_RM, = 50.6667
gpu_avg_DC_WH, = 0
gpu_avg_DC_WM, = 25.3333
gpu_avg_TC_H, = 0
gpu_avg_TC_M, = 0
gpu_avg_CC_H, = 6.33333
gpu_avg_CC_M, = 0
gpu_avg_SHRD_ACC, = 0.25
gpu_avg_REG_RD, = 0
gpu_avg_REG_WR, = 0
gpu_avg_NON_REG_OPs, = 0
gpu_avg_INT_ACC, = 37808.9
gpu_avg_FPU_ACC, = 878.547
gpu_avg_DPU_ACC, = 0
gpu_avg_INT_MUL24_ACC, = 0
gpu_avg_INT_MUL32_ACC, = 0
gpu_avg_INT_MUL_ACC, = 152.85
gpu_avg_INT_DIV_ACC, = 0
gpu_avg_FP_MUL_ACC, = 471.695
gpu_avg_FP_DIV_ACC, = 0
gpu_avg_FP_SQRT_ACC, = 0
gpu_avg_FP_LG_ACC, = 0
gpu_avg_FP_SIN_ACC, = 0
gpu_avg_FP_EXP_ACC, = 293.497
gpu_avg_DP_MUL_ACC, = 0
gpu_avg_DP_DIV_ACC, = 0
gpu_avg_TENSOR_ACC, = 0
gpu_avg_TEX_ACC, = 0
gpu_avg_MEM_RD, = 0
gpu_avg_MEM_WR, = 0
gpu_avg_MEM_PRE, = 0
gpu_avg_L2_RH, = 49.3333
gpu_avg_L2_RM, = 1.33333
gpu_avg_L2_WH, = 12.6667
gpu_avg_L2_WM, = 12.25
gpu_avg_NOC_A, = 229
gpu_avg_PIPE_A, = 0.00933435
gpu_avg_IDLE_CORE_N, = 131.421
gpu_avg_constant_power = 0
gpu_avg_threads_per_warp = 18.6424
gpu_tot_TOT_INST, = 5227
gpu_tot_FP_INT, = 4751
gpu_tot_IC_H, = 0
gpu_tot_IC_M, = 0
gpu_tot_DC_RH, = 0
gpu_tot_DC_RM, = 608
gpu_tot_DC_WH, = 0
gpu_tot_DC_WM, = 304
gpu_tot_TC_H, = 0
gpu_tot_TC_M, = 0
gpu_tot_CC_H, = 76
gpu_tot_CC_M, = 0
gpu_tot_SHRD_ACC, = 3
gpu_tot_REG_RD, = 0
gpu_tot_REG_WR, = 0
gpu_tot_NON_REG_OPs, = 0
gpu_tot_INT_ACC, = 453707
gpu_tot_FPU_ACC, = 10542.6
gpu_tot_DPU_ACC, = 0
gpu_tot_INT_MUL24_ACC, = 0
gpu_tot_INT_MUL32_ACC, = 0
gpu_tot_INT_MUL_ACC, = 1834.2
gpu_tot_INT_DIV_ACC, = 0
gpu_tot_FP_MUL_ACC, = 5660.34
gpu_tot_FP_DIV_ACC, = 0
gpu_tot_FP_SQRT_ACC, = 0
gpu_tot_FP_LG_ACC, = 0
gpu_tot_FP_SIN_ACC, = 0
gpu_tot_FP_EXP_ACC, = 3521.97
gpu_tot_DP_MUL_ACC, = 0
gpu_tot_DP_DIV_ACC, = 0
gpu_tot_TENSOR_ACC, = 0
gpu_tot_TEX_ACC, = 0
gpu_tot_MEM_RD, = 0
gpu_tot_MEM_WR, = 0
gpu_tot_MEM_PRE, = 0
gpu_tot_L2_RH, = 592
gpu_tot_L2_RM, = 16
gpu_tot_L2_WH, = 152
gpu_tot_L2_WM, = 147
gpu_tot_NOC_A, = 2748
gpu_tot_PIPE_A, = 0.112012
gpu_tot_IDLE_CORE_N, = 1577.05
gpu_tot_constant_power = 0

Kernel Maximum Power Data:
kernel_max_power = 71.9175
gpu_max_IBP, = 0.0333345
gpu_max_ICP, = 0
gpu_max_DCP, = 0.119675
gpu_max_TCP, = 0
gpu_max_CCP, = 0
gpu_max_SHRDP, = 0
gpu_max_RFP, = 0
gpu_max_INTP, = 0.229828
gpu_max_FPUP, = 0.268275
gpu_max_DPUP, = 0
gpu_max_INT_MUL24P, = 0
gpu_max_INT_MUL32P, = 0
gpu_max_INT_MULP, = 0.0490739
gpu_max_INT_DIVP, = 0
gpu_max_FP_MULP, = 0.27375
gpu_max_FP_DIVP, = 0
gpu_max_FP_SQRTP, = 0
gpu_max_FP_LGP, = 0
gpu_max_FP_SINP, = 0
gpu_max_FP_EXP, = 0.149041
gpu_max_DP_MULP, = 0
gpu_max_DP_DIVP, = 0
gpu_max_TENSORP, = 0
gpu_max_TEXP, = 0
gpu_max_SCHEDP, = 0.0895262
gpu_max_L2CP, = 0.00411837
gpu_max_MCP, = 0.605019
gpu_max_NOCP, = 0.0726247
gpu_max_DRAMP, = 0
gpu_max_PIPEP, = 0.368482
gpu_max_IDLE_COREP, = 37.0457
gpu_max_CONSTP = 32.3252
gpu_max_STATICP = 0.283776
gpu_max_TOT_INST, = 1432
gpu_max_FP_INT, = 1306
gpu_max_IC_H, = 0
gpu_max_IC_M, = 0
gpu_max_DC_RH, = 0
gpu_max_DC_RM, = 0
gpu_max_DC_WH, = 0
gpu_max_DC_WM, = 112
gpu_max_TC_H, = 0
gpu_max_TC_M, = 0
gpu_max_CC_H, = 0
gpu_max_CC_M, = 0
gpu_max_SHRD_ACC, = 0
gpu_max_REG_RD, = 0
gpu_max_REG_WR, = 0
gpu_max_NON_REG_OPs, = 0
gpu_max_INT_ACC, = 125657
gpu_max_FPU_ACC, = 3593.29
gpu_max_DPU_ACC, = 0
gpu_max_INT_MUL24_ACC, = 0
gpu_max_INT_MUL32_ACC, = 0
gpu_max_INT_MUL_ACC, = 320.433
gpu_max_INT_DIV_ACC, = 0
gpu_max_FP_MUL_ACC, = 1787.48
gpu_max_FP_DIV_ACC, = 0
gpu_max_FP_SQRT_ACC, = 0
gpu_max_FP_LG_ACC, = 0
gpu_max_FP_SIN_ACC, = 0
gpu_max_FP_EXP_ACC, = 973.175
gpu_max_DP_MUL_ACC, = 0
gpu_max_DP_DIV_ACC, = 0
gpu_max_TENSOR_ACC, = 0
gpu_max_TEX_ACC, = 0
gpu_max_MEM_RD, = 0
gpu_max_MEM_WR, = 0
gpu_max_MEM_PRE, = 0
gpu_max_L2_RH, = 0
gpu_max_L2_RM, = 0
gpu_max_L2_WH, = 0
gpu_max_L2_WM, = 8
gpu_max_NOC_A, = 213
gpu_max_PIPE_A, = 0.0112708
gpu_max_IDLE_CORE_N, = 131
gpu_max_constant_power = 0

Kernel Minimum Power Data:
kernel_min_power = 70.4826
gpu_min_IBP, = 0
gpu_min_ICP, = 0
gpu_min_DCP, = 0
gpu_min_TCP, = 0
gpu_min_CCP, = 0
gpu_min_SHRDP, = 0
gpu_min_RFP, = 0
gpu_min_INTP, = 0
gpu_min_FPUP, = 0
gpu_min_DPUP, = 0
gpu_min_INT_MUL24P, = 0
gpu_min_INT_MUL32P, = 0
gpu_min_INT_MULP, = 0
gpu_min_INT_DIVP, = 0
gpu_min_FP_MULP, = 0
gpu_min_FP_DIVP, = 0
gpu_min_FP_SQRTP, = 0
gpu_min_FP_LGP, = 0
gpu_min_FP_SINP, = 0
gpu_min_FP_EXP, = 0
gpu_min_DP_MULP, = 0
gpu_min_DP_DIVP, = 0
gpu_min_TENSORP, = 0
gpu_min_TEXP, = 0
gpu_min_SCHEDP, = 0
gpu_min_L2CP, = 0
gpu_min_MCP, = 0.55022
gpu_min_NOCP, = 0
gpu_min_DRAMP, = 0
gpu_min_PIPEP, = 0.278638
gpu_min_IDLE_COREP, = 37.3285
gpu_min_CONSTP = 32.3252
gpu_min_STATICP = 0
gpu_min_TOT_INST, = 0
gpu_min_FP_INT, = 0
gpu_min_IC_H, = 0
gpu_min_IC_M, = 0
gpu_min_DC_RH, = 0
gpu_min_DC_RM, = 0
gpu_min_DC_WH, = 0
gpu_min_DC_WM, = 0
gpu_min_TC_H, = 0
gpu_min_TC_M, = 0
gpu_min_CC_H, = 0
gpu_min_CC_M, = 0
gpu_min_SHRD_ACC, = 0
gpu_min_REG_RD, = 0
gpu_min_REG_WR, = 0
gpu_min_NON_REG_OPs, = 0
gpu_min_INT_ACC, = 0
gpu_min_FPU_ACC, = 0
gpu_min_DPU_ACC, = 0
gpu_min_INT_MUL24_ACC, = 0
gpu_min_INT_MUL32_ACC, = 0
gpu_min_INT_MUL_ACC, = 0
gpu_min_INT_DIV_ACC, = 0
gpu_min_FP_MUL_ACC, = 0
gpu_min_FP_DIV_ACC, = 0
gpu_min_FP_SQRT_ACC, = 0
gpu_min_FP_LG_ACC, = 0
gpu_min_FP_SIN_ACC, = 0
gpu_min_FP_EXP_ACC, = 0
gpu_min_DP_MUL_ACC, = 0
gpu_min_DP_DIV_ACC, = 0
gpu_min_TENSOR_ACC, = 0
gpu_min_TEX_ACC, = 0
gpu_min_MEM_RD, = 0
gpu_min_MEM_WR, = 0
gpu_min_MEM_PRE, = 0
gpu_min_L2_RH, = 0
gpu_min_L2_RM, = 0
gpu_min_L2_WH, = 0
gpu_min_L2_WM, = 0
gpu_min_NOC_A, = 0
gpu_min_PIPE_A, = 0.00852273
gpu_min_IDLE_CORE_N, = 132
gpu_min_constant_power = 0

Accumulative Power Statistics Over Previous Kernels:
gpu_tot_avg_power = 80.9293
gpu_tot_max_power = 154.291
gpu_tot_min_power = 60.8126


kernel_name = nvjet_sm90_tst_64x8_64x16_4x1_v_bz_splitK_TNT 
kernel_launch_uid = 35 

Kernel Average Power Data:
kernel_avg_power = 98.3479
gpu_avg_IBP, = 0.432472
gpu_avg_ICP, = 0
gpu_avg_DCP, = 0
gpu_avg_TCP, = 0
gpu_avg_CCP, = 0.00199983
gpu_avg_SHRDP, = 0.453778
gpu_avg_RFP, = 0
gpu_avg_INTP, = 8.3087
gpu_avg_FPUP, = 0
gpu_avg_DPUP, = 0
gpu_avg_INT_MUL24P, = 0
gpu_avg_INT_MUL32P, = 0
gpu_avg_INT_MULP, = 0.75971
gpu_avg_INT_DIVP, = 0
gpu_avg_FP_MULP, = 0
gpu_avg_FP_DIVP, = 0
gpu_avg_FP_SQRTP, = 0
gpu_avg_FP_LGP, = 0
gpu_avg_FP_SINP, = 0
gpu_avg_FP_EXP, = 0
gpu_avg_DP_MULP, = 0
gpu_avg_DP_DIVP, = 0
gpu_avg_TENSORP, = 0
gpu_avg_TEXP, = 0
gpu_avg_SCHEDP, = 1.23317
gpu_avg_L2CP, = 2.2369
gpu_avg_MCP, = 0.550435
gpu_avg_NOCP, = 14.7487
gpu_avg_DRAMP, = 0
gpu_avg_PIPEP, = 1.30865
gpu_avg_IDLE_COREP, = 28.7718
gpu_avg_CONSTP = 32.3252
gpu_avg_STATICP = 7.21633
gpu_avg_TOT_INST, = 18578.3
gpu_avg_FP_INT, = 17989.4
gpu_avg_IC_H, = 0
gpu_avg_IC_M, = 0
gpu_avg_DC_RH, = 0
gpu_avg_DC_RM, = 0
gpu_avg_DC_WH, = 0
gpu_avg_DC_WM, = 0
gpu_avg_TC_H, = 0
gpu_avg_TC_M, = 0
gpu_avg_CC_H, = 91.5789
gpu_avg_CC_M, = 0
gpu_avg_SHRD_ACC, = 1017.63
gpu_avg_REG_RD, = 0
gpu_avg_REG_WR, = 0
gpu_avg_NON_REG_OPs, = 0
gpu_avg_INT_ACC, = 4.54273e+06
gpu_avg_FPU_ACC, = 0
gpu_avg_DPU_ACC, = 0
gpu_avg_INT_MUL24_ACC, = 0
gpu_avg_INT_MUL32_ACC, = 0
gpu_avg_INT_MUL_ACC, = 4960.6
gpu_avg_INT_DIV_ACC, = 0
gpu_avg_FP_MUL_ACC, = 0
gpu_avg_FP_DIV_ACC, = 0
gpu_avg_FP_SQRT_ACC, = 0
gpu_avg_FP_LG_ACC, = 0
gpu_avg_FP_SIN_ACC, = 0
gpu_avg_FP_EXP_ACC, = 0
gpu_avg_DP_MUL_ACC, = 0
gpu_avg_DP_DIV_ACC, = 0
gpu_avg_TENSOR_ACC, = 0
gpu_avg_TEX_ACC, = 0
gpu_avg_MEM_RD, = 0
gpu_avg_MEM_WR, = 0
gpu_avg_MEM_PRE, = 0
gpu_avg_L2_RH, = 7697.68
gpu_avg_L2_RM, = 6664.21
gpu_avg_L2_WH, = 20
gpu_avg_L2_WM, = 0.842105
gpu_avg_NOC_A, = 43256.2
gpu_avg_PIPE_A, = 0.0400278
gpu_avg_IDLE_CORE_N, = 101.742
gpu_avg_constant_power = 0
gpu_avg_threads_per_warp = 19.2084
gpu_tot_TOT_INST, = 352988
gpu_tot_FP_INT, = 341798
gpu_tot_IC_H, = 0
gpu_tot_IC_M, = 0
gpu_tot_DC_RH, = 0
gpu_tot_DC_RM, = 0
gpu_tot_DC_WH, = 0
gpu_tot_DC_WM, = 0
gpu_tot_TC_H, = 0
gpu_tot_TC_M, = 0
gpu_tot_CC_H, = 1740
gpu_tot_CC_M, = 0
gpu_tot_SHRD_ACC, = 19335
gpu_tot_REG_RD, = 0
gpu_tot_REG_WR, = 0
gpu_tot_NON_REG_OPs, = 0
gpu_tot_INT_ACC, = 8.63118e+07
gpu_tot_FPU_ACC, = 0
gpu_tot_DPU_ACC, = 0
gpu_tot_INT_MUL24_ACC, = 0
gpu_tot_INT_MUL32_ACC, = 0
gpu_tot_INT_MUL_ACC, = 94251.5
gpu_tot_INT_DIV_ACC, = 0
gpu_tot_FP_MUL_ACC, = 0
gpu_tot_FP_DIV_ACC, = 0
gpu_tot_FP_SQRT_ACC, = 0
gpu_tot_FP_LG_ACC, = 0
gpu_tot_FP_SIN_ACC, = 0
gpu_tot_FP_EXP_ACC, = 0
gpu_tot_DP_MUL_ACC, = 0
gpu_tot_DP_DIV_ACC, = 0
gpu_tot_TENSOR_ACC, = 0
gpu_tot_TEX_ACC, = 0
gpu_tot_MEM_RD, = 0
gpu_tot_MEM_WR, = 0
gpu_tot_MEM_PRE, = 0
gpu_tot_L2_RH, = 146256
gpu_tot_L2_RM, = 126620
gpu_tot_L2_WH, = 380
gpu_tot_L2_WM, = 16
gpu_tot_NOC_A, = 821868
gpu_tot_PIPE_A, = 0.760529
gpu_tot_IDLE_CORE_N, = 1933.1
gpu_tot_constant_power = 0

Kernel Maximum Power Data:
kernel_max_power = 133.315
gpu_max_IBP, = 0.71795
gpu_max_ICP, = 0
gpu_max_DCP, = 0
gpu_max_TCP, = 0
gpu_max_CCP, = 0
gpu_max_SHRDP, = 0.879346
gpu_max_RFP, = 0
gpu_max_INTP, = 14.6555
gpu_max_FPUP, = 0
gpu_max_DPUP, = 0
gpu_max_INT_MUL24P, = 0
gpu_max_INT_MUL32P, = 0
gpu_max_INT_MULP, = 0.722571
gpu_max_INT_DIVP, = 0
gpu_max_FP_MULP, = 0
gpu_max_FP_DIVP, = 0
gpu_max_FP_SQRTP, = 0
gpu_max_FP_LGP, = 0
gpu_max_FP_SINP, = 0
gpu_max_FP_EXP, = 0
gpu_max_DP_MULP, = 0
gpu_max_DP_DIVP, = 0
gpu_max_TENSORP, = 0
gpu_max_TEXP, = 0
gpu_max_SCHEDP, = 2.06027
gpu_max_L2CP, = 6.00817
gpu_max_MCP, = 0.55022
gpu_max_NOCP, = 38.1603
gpu_max_DRAMP, = 0
gpu_max_PIPEP, = 1.95186
gpu_max_IDLE_COREP, = 23.7545
gpu_max_CONSTP = 32.3252
gpu_max_STATICP = 11.5291
gpu_max_TOT_INST, = 30842
gpu_max_FP_INT, = 30055
gpu_max_IC_H, = 0
gpu_max_IC_M, = 0
gpu_max_DC_RH, = 0
gpu_max_DC_RM, = 0
gpu_max_DC_WH, = 0
gpu_max_DC_WM, = 0
gpu_max_TC_H, = 0
gpu_max_TC_M, = 0
gpu_max_CC_H, = 0
gpu_max_CC_M, = 0
gpu_max_SHRD_ACC, = 1972
gpu_max_REG_RD, = 0
gpu_max_REG_WR, = 0
gpu_max_NON_REG_OPs, = 0
gpu_max_INT_ACC, = 8.01277e+06
gpu_max_FPU_ACC, = 0
gpu_max_DPU_ACC, = 0
gpu_max_INT_MUL24_ACC, = 0
gpu_max_INT_MUL32_ACC, = 0
gpu_max_INT_MUL_ACC, = 4718.1
gpu_max_INT_DIV_ACC, = 0
gpu_max_FP_MUL_ACC, = 0
gpu_max_FP_DIV_ACC, = 0
gpu_max_FP_SQRT_ACC, = 0
gpu_max_FP_LG_ACC, = 0
gpu_max_FP_SIN_ACC, = 0
gpu_max_FP_EXP_ACC, = 0
gpu_max_DP_MUL_ACC, = 0
gpu_max_DP_DIV_ACC, = 0
gpu_max_TENSOR_ACC, = 0
gpu_max_TEX_ACC, = 0
gpu_max_MEM_RD, = 0
gpu_max_MEM_WR, = 0
gpu_max_MEM_PRE, = 0
gpu_max_L2_RH, = 20928
gpu_max_L2_RM, = 17322
gpu_max_L2_WH, = 0
gpu_max_L2_WM, = 0
gpu_max_NOC_A, = 111920
gpu_max_PIPE_A, = 0.0597018
gpu_max_IDLE_CORE_N, = 84
gpu_max_constant_power = 0

Kernel Minimum Power Data:
kernel_min_power = 70.4826
gpu_min_IBP, = 0
gpu_min_ICP, = 0
gpu_min_DCP, = 0
gpu_min_TCP, = 0
gpu_min_CCP, = 0
gpu_min_SHRDP, = 0
gpu_min_RFP, = 0
gpu_min_INTP, = 0
gpu_min_FPUP, = 0
gpu_min_DPUP, = 0
gpu_min_INT_MUL24P, = 0
gpu_min_INT_MUL32P, = 0
gpu_min_INT_MULP, = 0
gpu_min_INT_DIVP, = 0
gpu_min_FP_MULP, = 0
gpu_min_FP_DIVP, = 0
gpu_min_FP_SQRTP, = 0
gpu_min_FP_LGP, = 0
gpu_min_FP_SINP, = 0
gpu_min_FP_EXP, = 0
gpu_min_DP_MULP, = 0
gpu_min_DP_DIVP, = 0
gpu_min_TENSORP, = 0
gpu_min_TEXP, = 0
gpu_min_SCHEDP, = 0
gpu_min_L2CP, = 0
gpu_min_MCP, = 0.55022
gpu_min_NOCP, = 0
gpu_min_DRAMP, = 0
gpu_min_PIPEP, = 0.278638
gpu_min_IDLE_COREP, = 37.3285
gpu_min_CONSTP = 32.3252
gpu_min_STATICP = 0
gpu_min_TOT_INST, = 0
gpu_min_FP_INT, = 0
gpu_min_IC_H, = 0
gpu_min_IC_M, = 0
gpu_min_DC_RH, = 0
gpu_min_DC_RM, = 0
gpu_min_DC_WH, = 0
gpu_min_DC_WM, = 0
gpu_min_TC_H, = 0
gpu_min_TC_M, = 0
gpu_min_CC_H, = 0
gpu_min_CC_M, = 0
gpu_min_SHRD_ACC, = 0
gpu_min_REG_RD, = 0
gpu_min_REG_WR, = 0
gpu_min_NON_REG_OPs, = 0
gpu_min_INT_ACC, = 0
gpu_min_FPU_ACC, = 0
gpu_min_DPU_ACC, = 0
gpu_min_INT_MUL24_ACC, = 0
gpu_min_INT_MUL32_ACC, = 0
gpu_min_INT_MUL_ACC, = 0
gpu_min_INT_DIV_ACC, = 0
gpu_min_FP_MUL_ACC, = 0
gpu_min_FP_DIV_ACC, = 0
gpu_min_FP_SQRT_ACC, = 0
gpu_min_FP_LG_ACC, = 0
gpu_min_FP_SIN_ACC, = 0
gpu_min_FP_EXP_ACC, = 0
gpu_min_DP_MUL_ACC, = 0
gpu_min_DP_DIV_ACC, = 0
gpu_min_TENSOR_ACC, = 0
gpu_min_TEX_ACC, = 0
gpu_min_MEM_RD, = 0
gpu_min_MEM_WR, = 0
gpu_min_MEM_PRE, = 0
gpu_min_L2_RH, = 0
gpu_min_L2_RM, = 0
gpu_min_L2_WH, = 0
gpu_min_L2_WM, = 0
gpu_min_NOC_A, = 0
gpu_min_PIPE_A, = 0.00852273
gpu_min_IDLE_CORE_N, = 132
gpu_min_constant_power = 0

Accumulative Power Statistics Over Previous Kernels:
gpu_tot_avg_power = 81.6033
gpu_tot_max_power = 154.291
gpu_tot_min_power = 60.8126


kernel_name = _ZN8cublasLt19splitKreduce_kernelILi32ELi16Eif13__nv_bfloat16fS1_Lb0EfS1_S1_Lb1ELb0ELb0ELb0EEEvNS_18cublasSplitKParamsIT4_EEPKT2_PKT8_PT7_PT3_PKS3_SG_PKT9_S7_PSH_PvlPS3_PiSM_SM_SG_SG_SG_SG_SG_ 
kernel_launch_uid = 36 

Kernel Average Power Data:
kernel_avg_power = 71.7064
gpu_avg_IBP, = 0.0542617
gpu_avg_ICP, = 0
gpu_avg_DCP, = 0.0478611
gpu_avg_TCP, = 0
gpu_avg_CCP, = 0.00550297
gpu_avg_SHRDP, = 0
gpu_avg_RFP, = 0
gpu_avg_INTP, = 0.386847
gpu_avg_FPUP, = 0.0265744
gpu_avg_DPUP, = 0
gpu_avg_INT_MUL24P, = 0
gpu_avg_INT_MUL32P, = 0
gpu_avg_INT_MULP, = 0.0789695
gpu_avg_INT_DIVP, = 0
gpu_avg_FP_MULP, = 0.00307091
gpu_avg_FP_DIVP, = 0
gpu_avg_FP_SQRTP, = 0
gpu_avg_FP_LGP, = 0
gpu_avg_FP_SINP, = 0
gpu_avg_FP_EXP, = 0
gpu_avg_DP_MULP, = 0
gpu_avg_DP_DIVP, = 0
gpu_avg_TENSORP, = 0
gpu_avg_TEXP, = 0
gpu_avg_SCHEDP, = 0.149953
gpu_avg_L2CP, = 0.0119748
gpu_avg_MCP, = 0.56119
gpu_avg_NOCP, = 0.0435578
gpu_avg_DRAMP, = 0
gpu_avg_PIPEP, = 0.669725
gpu_avg_IDLE_COREP, = 35.4541
gpu_avg_CONSTP = 32.3252
gpu_avg_STATICP = 1.88756
gpu_avg_TOT_INST, = 2331
gpu_avg_FP_INT, = 2187.5
gpu_avg_IC_H, = 0
gpu_avg_IC_M, = 0
gpu_avg_DC_RH, = 0
gpu_avg_DC_RM, = 42
gpu_avg_DC_WH, = 0
gpu_avg_DC_WM, = 1.25
gpu_avg_TC_H, = 0
gpu_avg_TC_M, = 0
gpu_avg_CC_H, = 252
gpu_avg_CC_M, = 0
gpu_avg_SHRD_ACC, = 0
gpu_avg_REG_RD, = 0
gpu_avg_REG_WR, = 0
gpu_avg_NON_REG_OPs, = 0
gpu_avg_INT_ACC, = 211506
gpu_avg_FPU_ACC, = 355.939
gpu_avg_DPU_ACC, = 0
gpu_avg_INT_MUL24_ACC, = 0
gpu_avg_INT_MUL32_ACC, = 0
gpu_avg_INT_MUL_ACC, = 515.639
gpu_avg_INT_DIV_ACC, = 0
gpu_avg_FP_MUL_ACC, = 20.0518
gpu_avg_FP_DIV_ACC, = 0
gpu_avg_FP_SQRT_ACC, = 0
gpu_avg_FP_LG_ACC, = 0
gpu_avg_FP_SIN_ACC, = 0
gpu_avg_FP_EXP_ACC, = 0
gpu_avg_DP_MUL_ACC, = 0
gpu_avg_DP_DIV_ACC, = 0
gpu_avg_TENSOR_ACC, = 0
gpu_avg_TEX_ACC, = 0
gpu_avg_MEM_RD, = 0
gpu_avg_MEM_WR, = 0
gpu_avg_MEM_PRE, = 0
gpu_avg_L2_RH, = 42
gpu_avg_L2_RM, = 0
gpu_avg_L2_WH, = 0.5
gpu_avg_L2_WM, = 0
gpu_avg_NOC_A, = 127.75
gpu_avg_PIPE_A, = 0.020485
gpu_avg_IDLE_CORE_N, = 125.372
gpu_avg_constant_power = 0
gpu_avg_threads_per_warp = 7.50556
gpu_tot_TOT_INST, = 18648
gpu_tot_FP_INT, = 17500
gpu_tot_IC_H, = 0
gpu_tot_IC_M, = 0
gpu_tot_DC_RH, = 0
gpu_tot_DC_RM, = 336
gpu_tot_DC_WH, = 0
gpu_tot_DC_WM, = 10
gpu_tot_TC_H, = 0
gpu_tot_TC_M, = 0
gpu_tot_CC_H, = 2016
gpu_tot_CC_M, = 0
gpu_tot_SHRD_ACC, = 0
gpu_tot_REG_RD, = 0
gpu_tot_REG_WR, = 0
gpu_tot_NON_REG_OPs, = 0
gpu_tot_INT_ACC, = 1.69205e+06
gpu_tot_FPU_ACC, = 2847.51
gpu_tot_DPU_ACC, = 0
gpu_tot_INT_MUL24_ACC, = 0
gpu_tot_INT_MUL32_ACC, = 0
gpu_tot_INT_MUL_ACC, = 4125.11
gpu_tot_INT_DIV_ACC, = 0
gpu_tot_FP_MUL_ACC, = 160.415
gpu_tot_FP_DIV_ACC, = 0
gpu_tot_FP_SQRT_ACC, = 0
gpu_tot_FP_LG_ACC, = 0
gpu_tot_FP_SIN_ACC, = 0
gpu_tot_FP_EXP_ACC, = 0
gpu_tot_DP_MUL_ACC, = 0
gpu_tot_DP_DIV_ACC, = 0
gpu_tot_TENSOR_ACC, = 0
gpu_tot_TEX_ACC, = 0
gpu_tot_MEM_RD, = 0
gpu_tot_MEM_WR, = 0
gpu_tot_MEM_PRE, = 0
gpu_tot_L2_RH, = 336
gpu_tot_L2_RM, = 0
gpu_tot_L2_WH, = 4
gpu_tot_L2_WM, = 0
gpu_tot_NOC_A, = 1022
gpu_tot_PIPE_A, = 0.16388
gpu_tot_IDLE_CORE_N, = 1002.97
gpu_tot_constant_power = 0

Kernel Maximum Power Data:
kernel_max_power = 77.2465
gpu_max_IBP, = 0.41454
gpu_max_ICP, = 0
gpu_max_DCP, = 0.124068
gpu_max_TCP, = 0
gpu_max_CCP, = 0.0421895
gpu_max_SHRDP, = 0
gpu_max_RFP, = 0
gpu_max_INTP, = 2.94741
gpu_max_FPUP, = 0.0708651
gpu_max_DPUP, = 0
gpu_max_INT_MUL24P, = 0
gpu_max_INT_MUL32P, = 0
gpu_max_INT_MULP, = 0.552787
gpu_max_INT_DIVP, = 0
gpu_max_FP_MULP, = 0.0122836
gpu_max_FP_DIVP, = 0
gpu_max_FP_SQRTP, = 0
gpu_max_FP_LGP, = 0
gpu_max_FP_SINP, = 0
gpu_max_FP_EXP, = 0
gpu_max_DP_MULP, = 0
gpu_max_DP_DIVP, = 0
gpu_max_TENSORP, = 0
gpu_max_TEXP, = 0
gpu_max_SCHEDP, = 1.14972
gpu_max_L2CP, = 0
gpu_max_MCP, = 0.580804
gpu_max_NOCP, = 0.0381876
gpu_max_DRAMP, = 0
gpu_max_PIPEP, = 1.41605
gpu_max_IDLE_COREP, = 30.2813
gpu_max_CONSTP = 32.3252
gpu_max_STATICP = 7.291
gpu_max_TOT_INST, = 17808
gpu_max_FP_INT, = 16772
gpu_max_IC_H, = 0
gpu_max_IC_M, = 0
gpu_max_DC_RH, = 0
gpu_max_DC_RM, = 112
gpu_max_DC_WH, = 0
gpu_max_DC_WM, = 0
gpu_max_TC_H, = 0
gpu_max_TC_M, = 0
gpu_max_CC_H, = 1932
gpu_max_CC_M, = 0
gpu_max_SHRD_ACC, = 0
gpu_max_REG_RD, = 0
gpu_max_REG_WR, = 0
gpu_max_NON_REG_OPs, = 0
gpu_max_INT_ACC, = 1.61148e+06
gpu_max_FPU_ACC, = 949.17
gpu_max_DPU_ACC, = 0
gpu_max_INT_MUL24_ACC, = 0
gpu_max_INT_MUL32_ACC, = 0
gpu_max_INT_MUL_ACC, = 3609.47
gpu_max_INT_DIV_ACC, = 0
gpu_max_FP_MUL_ACC, = 80.2073
gpu_max_FP_DIV_ACC, = 0
gpu_max_FP_SQRT_ACC, = 0
gpu_max_FP_LG_ACC, = 0
gpu_max_FP_SIN_ACC, = 0
gpu_max_FP_EXP_ACC, = 0
gpu_max_DP_MUL_ACC, = 0
gpu_max_DP_DIV_ACC, = 0
gpu_max_TENSOR_ACC, = 0
gpu_max_TEX_ACC, = 0
gpu_max_MEM_RD, = 0
gpu_max_MEM_WR, = 0
gpu_max_MEM_PRE, = 0
gpu_max_L2_RH, = 0
gpu_max_L2_RM, = 0
gpu_max_L2_WH, = 0
gpu_max_L2_WM, = 0
gpu_max_NOC_A, = 112
gpu_max_PIPE_A, = 0.043313
gpu_max_IDLE_CORE_N, = 107.08
gpu_max_constant_power = 0

Kernel Minimum Power Data:
kernel_min_power = 70.7767
gpu_min_IBP, = 0
gpu_min_ICP, = 0
gpu_min_DCP, = 0
gpu_min_TCP, = 0
gpu_min_CCP, = 0
gpu_min_SHRDP, = 0
gpu_min_RFP, = 0
gpu_min_INTP, = 0
gpu_min_FPUP, = 0
gpu_min_DPUP, = 0
gpu_min_INT_MUL24P, = 0
gpu_min_INT_MUL32P, = 0
gpu_min_INT_MULP, = 0
gpu_min_INT_DIVP, = 0
gpu_min_FP_MULP, = 0
gpu_min_FP_DIVP, = 0
gpu_min_FP_SQRTP, = 0
gpu_min_FP_LGP, = 0
gpu_min_FP_SINP, = 0
gpu_min_FP_EXP, = 0
gpu_min_DP_MULP, = 0
gpu_min_DP_DIVP, = 0
gpu_min_TENSORP, = 0
gpu_min_TEXP, = 0
gpu_min_SCHEDP, = 0
gpu_min_L2CP, = 0
gpu_min_MCP, = 0.55022
gpu_min_NOCP, = 0
gpu_min_DRAMP, = 0
gpu_min_PIPEP, = 0.572757
gpu_min_IDLE_COREP, = 37.3285
gpu_min_CONSTP = 32.3252
gpu_min_STATICP = 0
gpu_min_TOT_INST, = 0
gpu_min_FP_INT, = 0
gpu_min_IC_H, = 0
gpu_min_IC_M, = 0
gpu_min_DC_RH, = 0
gpu_min_DC_RM, = 0
gpu_min_DC_WH, = 0
gpu_min_DC_WM, = 0
gpu_min_TC_H, = 0
gpu_min_TC_M, = 0
gpu_min_CC_H, = 0
gpu_min_CC_M, = 0
gpu_min_SHRD_ACC, = 0
gpu_min_REG_RD, = 0
gpu_min_REG_WR, = 0
gpu_min_NON_REG_OPs, = 0
gpu_min_INT_ACC, = 0
gpu_min_FPU_ACC, = 0
gpu_min_DPU_ACC, = 0
gpu_min_INT_MUL24_ACC, = 0
gpu_min_INT_MUL32_ACC, = 0
gpu_min_INT_MUL_ACC, = 0
gpu_min_INT_DIV_ACC, = 0
gpu_min_FP_MUL_ACC, = 0
gpu_min_FP_DIV_ACC, = 0
gpu_min_FP_SQRT_ACC, = 0
gpu_min_FP_LG_ACC, = 0
gpu_min_FP_SIN_ACC, = 0
gpu_min_FP_EXP_ACC, = 0
gpu_min_DP_MUL_ACC, = 0
gpu_min_DP_DIV_ACC, = 0
gpu_min_TENSOR_ACC, = 0
gpu_min_TEX_ACC, = 0
gpu_min_MEM_RD, = 0
gpu_min_MEM_WR, = 0
gpu_min_MEM_PRE, = 0
gpu_min_L2_RH, = 0
gpu_min_L2_RM, = 0
gpu_min_L2_WH, = 0
gpu_min_L2_WM, = 0
gpu_min_NOC_A, = 0
gpu_min_PIPE_A, = 0.017519
gpu_min_IDLE_CORE_N, = 132
gpu_min_constant_power = 0

Accumulative Power Statistics Over Previous Kernels:
gpu_tot_avg_power = 81.4447
gpu_tot_max_power = 154.291
gpu_tot_min_power = 60.8126


kernel_name = _ZN4vllm25fused_add_rms_norm_kernelIN3c108BFloat16ELi8ELb1EEENSt9enable_ifIXaagtT0_Li0Esr4vllm12_typeConvertIT_EE6existsEvE4typeEPS4_lS7_PKS4_fiil 
kernel_launch_uid = 37 

Kernel Average Power Data:
kernel_avg_power = 70.843
gpu_avg_IBP, = 0.00497944
gpu_avg_ICP, = 0
gpu_avg_DCP, = 0.0353538
gpu_avg_TCP, = 0
gpu_avg_CCP, = 0.000134994
gpu_avg_SHRDP, = 0.00166205
gpu_avg_RFP, = 0
gpu_avg_INTP, = 0.0691721
gpu_avg_FPUP, = 0.0175257
gpu_avg_DPUP, = 0
gpu_avg_INT_MUL24P, = 0
gpu_avg_INT_MUL32P, = 0
gpu_avg_INT_MULP, = 0.00978145
gpu_avg_INT_DIVP, = 0
gpu_avg_FP_MULP, = 0.00377508
gpu_avg_FP_DIVP, = 0
gpu_avg_FP_SQRTP, = 2.71615e-06
gpu_avg_FP_LGP, = 0
gpu_avg_FP_SINP, = 0
gpu_avg_FP_EXP, = 5.0406e-06
gpu_avg_DP_MULP, = 0
gpu_avg_DP_DIVP, = 0
gpu_avg_TENSORP, = 0
gpu_avg_TEXP, = 0
gpu_avg_SCHEDP, = 0.0138595
gpu_avg_L2CP, = 0.0131611
gpu_avg_MCP, = 0.556965
gpu_avg_NOCP, = 0.0291986
gpu_avg_DRAMP, = 0
gpu_avg_PIPEP, = 0.467622
gpu_avg_IDLE_COREP, = 36.854
gpu_avg_CONSTP = 32.3252
gpu_avg_STATICP = 0.440589
gpu_avg_TOT_INST, = 213.909
gpu_avg_FP_INT, = 202.182
gpu_avg_IC_H, = 0
gpu_avg_IC_M, = 0
gpu_avg_DC_RH, = 10.1818
gpu_avg_DC_RM, = 10.1818
gpu_avg_DC_WH, = 10.1818
gpu_avg_DC_WM, = 4.18182
gpu_avg_TC_H, = 0
gpu_avg_TC_M, = 0
gpu_avg_CC_H, = 6.18182
gpu_avg_CC_M, = 0
gpu_avg_SHRD_ACC, = 3.72727
gpu_avg_REG_RD, = 0
gpu_avg_REG_WR, = 0
gpu_avg_NON_REG_OPs, = 0
gpu_avg_INT_ACC, = 37819.4
gpu_avg_FPU_ACC, = 234.74
gpu_avg_DPU_ACC, = 0
gpu_avg_INT_MUL24_ACC, = 0
gpu_avg_INT_MUL32_ACC, = 0
gpu_avg_INT_MUL_ACC, = 63.869
gpu_avg_INT_DIV_ACC, = 0
gpu_avg_FP_MUL_ACC, = 24.6497
gpu_avg_FP_DIV_ACC, = 0
gpu_avg_FP_SQRT_ACC, = 0.0177354
gpu_avg_FP_LG_ACC, = 0
gpu_avg_FP_SIN_ACC, = 0
gpu_avg_FP_EXP_ACC, = 0.0329131
gpu_avg_DP_MUL_ACC, = 0
gpu_avg_DP_DIV_ACC, = 0
gpu_avg_TENSOR_ACC, = 0
gpu_avg_TEX_ACC, = 0
gpu_avg_MEM_RD, = 0
gpu_avg_MEM_WR, = 0
gpu_avg_MEM_PRE, = 0
gpu_avg_L2_RH, = 7.90909
gpu_avg_L2_RM, = 7.36364
gpu_avg_L2_WH, = 10.1818
gpu_avg_L2_WM, = 0
gpu_avg_NOC_A, = 85.6364
gpu_avg_PIPE_A, = 0.0143032
gpu_avg_IDLE_CORE_N, = 130.322
gpu_avg_constant_power = 0
gpu_avg_threads_per_warp = 11.7472
gpu_tot_TOT_INST, = 2353
gpu_tot_FP_INT, = 2224
gpu_tot_IC_H, = 0
gpu_tot_IC_M, = 0
gpu_tot_DC_RH, = 112
gpu_tot_DC_RM, = 112
gpu_tot_DC_WH, = 112
gpu_tot_DC_WM, = 46
gpu_tot_TC_H, = 0
gpu_tot_TC_M, = 0
gpu_tot_CC_H, = 68
gpu_tot_CC_M, = 0
gpu_tot_SHRD_ACC, = 41
gpu_tot_REG_RD, = 0
gpu_tot_REG_WR, = 0
gpu_tot_NON_REG_OPs, = 0
gpu_tot_INT_ACC, = 416013
gpu_tot_FPU_ACC, = 2582.14
gpu_tot_DPU_ACC, = 0
gpu_tot_INT_MUL24_ACC, = 0
gpu_tot_INT_MUL32_ACC, = 0
gpu_tot_INT_MUL_ACC, = 702.558
gpu_tot_INT_DIV_ACC, = 0
gpu_tot_FP_MUL_ACC, = 271.147
gpu_tot_FP_DIV_ACC, = 0
gpu_tot_FP_SQRT_ACC, = 0.195089
gpu_tot_FP_LG_ACC, = 0
gpu_tot_FP_SIN_ACC, = 0
gpu_tot_FP_EXP_ACC, = 0.362044
gpu_tot_DP_MUL_ACC, = 0
gpu_tot_DP_DIV_ACC, = 0
gpu_tot_TENSOR_ACC, = 0
gpu_tot_TEX_ACC, = 0
gpu_tot_MEM_RD, = 0
gpu_tot_MEM_WR, = 0
gpu_tot_MEM_PRE, = 0
gpu_tot_L2_RH, = 87
gpu_tot_L2_RM, = 81
gpu_tot_L2_WH, = 112
gpu_tot_L2_WM, = 0
gpu_tot_NOC_A, = 942
gpu_tot_PIPE_A, = 0.157335
gpu_tot_IDLE_CORE_N, = 1433.54
gpu_tot_constant_power = 0

Kernel Maximum Power Data:
kernel_max_power = 71.4867
gpu_max_IBP, = 0.0157361
gpu_max_ICP, = 0
gpu_max_DCP, = 0.164712
gpu_max_TCP, = 0
gpu_max_CCP, = 2.18372e-05
gpu_max_SHRDP, = 0.010702
gpu_max_RFP, = 0
gpu_max_INTP, = 0.273249
gpu_max_FPUP, = 0.133821
gpu_max_DPUP, = 0
gpu_max_INT_MUL24P, = 0
gpu_max_INT_MUL32P, = 0
gpu_max_INT_MULP, = 0.0152298
gpu_max_INT_DIVP, = 0
gpu_max_FP_MULP, = 0.00701923
gpu_max_FP_DIVP, = 0
gpu_max_FP_SQRTP, = 0
gpu_max_FP_LGP, = 0
gpu_max_FP_SINP, = 0
gpu_max_FP_EXP, = 0
gpu_max_DP_MULP, = 0
gpu_max_DP_DIVP, = 0
gpu_max_TENSORP, = 0
gpu_max_TEXP, = 0
gpu_max_SCHEDP, = 0.0438034
gpu_max_L2CP, = 0.0241423
gpu_max_MCP, = 0.575237
gpu_max_NOCP, = 0.0995606
gpu_max_DRAMP, = 0
gpu_max_PIPEP, = 0.489275
gpu_max_IDLE_COREP, = 37.0457
gpu_max_CONSTP = 32.3252
gpu_max_STATICP = 0.263248
gpu_max_TOT_INST, = 676
gpu_max_FP_INT, = 639
gpu_max_IC_H, = 0
gpu_max_IC_M, = 0
gpu_max_DC_RH, = 56
gpu_max_DC_RM, = 56
gpu_max_DC_WH, = 16
gpu_max_DC_WM, = 0
gpu_max_TC_H, = 0
gpu_max_TC_M, = 0
gpu_max_CC_H, = 1
gpu_max_CC_M, = 0
gpu_max_SHRD_ACC, = 24
gpu_max_REG_RD, = 0
gpu_max_REG_WR, = 0
gpu_max_NON_REG_OPs, = 0
gpu_max_INT_ACC, = 149397
gpu_max_FPU_ACC, = 1792.41
gpu_max_DPU_ACC, = 0
gpu_max_INT_MUL24_ACC, = 0
gpu_max_INT_MUL32_ACC, = 0
gpu_max_INT_MUL_ACC, = 99.4447
gpu_max_INT_DIV_ACC, = 0
gpu_max_FP_MUL_ACC, = 45.8327
gpu_max_FP_DIV_ACC, = 0
gpu_max_FP_SQRT_ACC, = 0
gpu_max_FP_LG_ACC, = 0
gpu_max_FP_SIN_ACC, = 0
gpu_max_FP_EXP_ACC, = 0
gpu_max_DP_MUL_ACC, = 0
gpu_max_DP_DIV_ACC, = 0
gpu_max_TENSOR_ACC, = 0
gpu_max_TEX_ACC, = 0
gpu_max_MEM_RD, = 0
gpu_max_MEM_WR, = 0
gpu_max_MEM_PRE, = 0
gpu_max_L2_RH, = 87
gpu_max_L2_RM, = 25
gpu_max_L2_WH, = 0
gpu_max_L2_WM, = 0
gpu_max_NOC_A, = 292
gpu_max_PIPE_A, = 0.0149655
gpu_max_IDLE_CORE_N, = 131
gpu_max_constant_power = 0

Kernel Minimum Power Data:
kernel_min_power = 70.5778
gpu_min_IBP, = 0
gpu_min_ICP, = 0
gpu_min_DCP, = 0.0491521
gpu_min_TCP, = 0
gpu_min_CCP, = 0
gpu_min_SHRDP, = 0
gpu_min_RFP, = 0
gpu_min_INTP, = 0
gpu_min_FPUP, = 0
gpu_min_DPUP, = 0
gpu_min_INT_MUL24P, = 0
gpu_min_INT_MUL32P, = 0
gpu_min_INT_MULP, = 0
gpu_min_INT_DIVP, = 0
gpu_min_FP_MULP, = 0
gpu_min_FP_DIVP, = 0
gpu_min_FP_SQRTP, = 0
gpu_min_FP_LGP, = 0
gpu_min_FP_SINP, = 0
gpu_min_FP_EXP, = 0
gpu_min_DP_MULP, = 0
gpu_min_DP_DIVP, = 0
gpu_min_TENSORP, = 0
gpu_min_TEXP, = 0
gpu_min_SCHEDP, = 0
gpu_min_L2CP, = 0.0598177
gpu_min_MCP, = 0.572727
gpu_min_NOCP, = 0.0538718
gpu_min_DRAMP, = 0
gpu_min_PIPEP, = 0.456658
gpu_min_IDLE_COREP, = 33.3773
gpu_min_CONSTP = 32.3252
gpu_min_STATICP = 3.68299
gpu_min_TOT_INST, = 0
gpu_min_FP_INT, = 0
gpu_min_IC_H, = 0
gpu_min_IC_M, = 0
gpu_min_DC_RH, = 0
gpu_min_DC_RM, = 0
gpu_min_DC_WH, = 0
gpu_min_DC_WM, = 46
gpu_min_TC_H, = 0
gpu_min_TC_M, = 0
gpu_min_CC_H, = 0
gpu_min_CC_M, = 0
gpu_min_SHRD_ACC, = 0
gpu_min_REG_RD, = 0
gpu_min_REG_WR, = 0
gpu_min_NON_REG_OPs, = 0
gpu_min_INT_ACC, = 0
gpu_min_FPU_ACC, = 0
gpu_min_DPU_ACC, = 0
gpu_min_INT_MUL24_ACC, = 0
gpu_min_INT_MUL32_ACC, = 0
gpu_min_INT_MUL_ACC, = 0
gpu_min_INT_DIV_ACC, = 0
gpu_min_FP_MUL_ACC, = 0
gpu_min_FP_DIV_ACC, = 0
gpu_min_FP_SQRT_ACC, = 0
gpu_min_FP_LG_ACC, = 0
gpu_min_FP_SIN_ACC, = 0
gpu_min_FP_EXP_ACC, = 0
gpu_min_DP_MUL_ACC, = 0
gpu_min_DP_DIV_ACC, = 0
gpu_min_TENSOR_ACC, = 0
gpu_min_TEX_ACC, = 0
gpu_min_MEM_RD, = 0
gpu_min_MEM_WR, = 0
gpu_min_MEM_PRE, = 0
gpu_min_L2_RH, = 0
gpu_min_L2_RM, = 0
gpu_min_L2_WH, = 56
gpu_min_L2_WM, = 0
gpu_min_NOC_A, = 158
gpu_min_PIPE_A, = 0.0139679
gpu_min_IDLE_CORE_N, = 118.028
gpu_min_constant_power = 0

Accumulative Power Statistics Over Previous Kernels:
gpu_tot_avg_power = 81.216
gpu_tot_max_power = 154.291
gpu_tot_min_power = 60.8126


kernel_name = nvjet_sm90_tst_64x8_64x16_4x1_v_bz_bias_TNT 
kernel_launch_uid = 38 

Kernel Average Power Data:
kernel_avg_power = 80.1237
gpu_avg_IBP, = 0.165683
gpu_avg_ICP, = 0
gpu_avg_DCP, = 0
gpu_avg_TCP, = 0
gpu_avg_CCP, = 0.00138042
gpu_avg_SHRDP, = 0.14384
gpu_avg_RFP, = 0
gpu_avg_INTP, = 3.18259
gpu_avg_FPUP, = 0.054595
gpu_avg_DPUP, = 0
gpu_avg_INT_MUL24P, = 0
gpu_avg_INT_MUL32P, = 0
gpu_avg_INT_MULP, = 0.314367
gpu_avg_INT_DIVP, = 0
gpu_avg_FP_MULP, = 0
gpu_avg_FP_DIVP, = 0
gpu_avg_FP_SQRTP, = 0
gpu_avg_FP_LGP, = 0
gpu_avg_FP_SINP, = 0
gpu_avg_FP_EXP, = 0
gpu_avg_DP_MULP, = 0
gpu_avg_DP_DIVP, = 0
gpu_avg_TENSORP, = 0
gpu_avg_TEXP, = 0
gpu_avg_SCHEDP, = 0.474654
gpu_avg_L2CP, = 0.370412
gpu_avg_MCP, = 0.550368
gpu_avg_NOCP, = 4.74851
gpu_avg_DRAMP, = 0
gpu_avg_PIPEP, = 0.821832
gpu_avg_IDLE_COREP, = 34.3533
gpu_avg_CONSTP = 32.3252
gpu_avg_STATICP = 2.61695
gpu_avg_TOT_INST, = 7117.5
gpu_avg_FP_INT, = 6924.21
gpu_avg_IC_H, = 0
gpu_avg_IC_M, = 0
gpu_avg_DC_RH, = 0
gpu_avg_DC_RM, = 0
gpu_avg_DC_WH, = 0
gpu_avg_DC_WM, = 0
gpu_avg_TC_H, = 0
gpu_avg_TC_M, = 0
gpu_avg_CC_H, = 63.2143
gpu_avg_CC_M, = 0
gpu_avg_SHRD_ACC, = 322.571
gpu_avg_REG_RD, = 0
gpu_avg_REG_WR, = 0
gpu_avg_NON_REG_OPs, = 0
gpu_avg_INT_ACC, = 1.74006e+06
gpu_avg_FPU_ACC, = 731.248
gpu_avg_DPU_ACC, = 0
gpu_avg_INT_MUL24_ACC, = 0
gpu_avg_INT_MUL32_ACC, = 0
gpu_avg_INT_MUL_ACC, = 2052.69
gpu_avg_INT_DIV_ACC, = 0
gpu_avg_FP_MUL_ACC, = 0
gpu_avg_FP_DIV_ACC, = 0
gpu_avg_FP_SQRT_ACC, = 0
gpu_avg_FP_LG_ACC, = 0
gpu_avg_FP_SIN_ACC, = 0
gpu_avg_FP_EXP_ACC, = 0
gpu_avg_DP_MUL_ACC, = 0
gpu_avg_DP_DIV_ACC, = 0
gpu_avg_TENSOR_ACC, = 0
gpu_avg_TEX_ACC, = 0
gpu_avg_MEM_RD, = 0
gpu_avg_MEM_WR, = 0
gpu_avg_MEM_PRE, = 0
gpu_avg_L2_RH, = 1112.29
gpu_avg_L2_RM, = 3508.86
gpu_avg_L2_WH, = 4
gpu_avg_L2_WM, = 1.71429
gpu_avg_NOC_A, = 13926.9
gpu_avg_PIPE_A, = 0.0251375
gpu_avg_IDLE_CORE_N, = 121.479
gpu_avg_constant_power = 0
gpu_avg_threads_per_warp = 16.1269
gpu_tot_TOT_INST, = 99645
gpu_tot_FP_INT, = 96939
gpu_tot_IC_H, = 0
gpu_tot_IC_M, = 0
gpu_tot_DC_RH, = 0
gpu_tot_DC_RM, = 0
gpu_tot_DC_WH, = 0
gpu_tot_DC_WM, = 0
gpu_tot_TC_H, = 0
gpu_tot_TC_M, = 0
gpu_tot_CC_H, = 885
gpu_tot_CC_M, = 0
gpu_tot_SHRD_ACC, = 4516
gpu_tot_REG_RD, = 0
gpu_tot_REG_WR, = 0
gpu_tot_NON_REG_OPs, = 0
gpu_tot_INT_ACC, = 2.43609e+07
gpu_tot_FPU_ACC, = 10237.5
gpu_tot_DPU_ACC, = 0
gpu_tot_INT_MUL24_ACC, = 0
gpu_tot_INT_MUL32_ACC, = 0
gpu_tot_INT_MUL_ACC, = 28737.7
gpu_tot_INT_DIV_ACC, = 0
gpu_tot_FP_MUL_ACC, = 0
gpu_tot_FP_DIV_ACC, = 0
gpu_tot_FP_SQRT_ACC, = 0
gpu_tot_FP_LG_ACC, = 0
gpu_tot_FP_SIN_ACC, = 0
gpu_tot_FP_EXP_ACC, = 0
gpu_tot_DP_MUL_ACC, = 0
gpu_tot_DP_DIV_ACC, = 0
gpu_tot_TENSOR_ACC, = 0
gpu_tot_TEX_ACC, = 0
gpu_tot_MEM_RD, = 0
gpu_tot_MEM_WR, = 0
gpu_tot_MEM_PRE, = 0
gpu_tot_L2_RH, = 15572
gpu_tot_L2_RM, = 49124
gpu_tot_L2_WH, = 56
gpu_tot_L2_WM, = 24
gpu_tot_NOC_A, = 194976
gpu_tot_PIPE_A, = 0.351925
gpu_tot_IDLE_CORE_N, = 1700.71
gpu_tot_constant_power = 0

Kernel Maximum Power Data:
kernel_max_power = 97.5535
gpu_max_IBP, = 0.297287
gpu_max_ICP, = 0
gpu_max_DCP, = 0
gpu_max_TCP, = 0
gpu_max_CCP, = 0
gpu_max_SHRDP, = 0.322397
gpu_max_RFP, = 0
gpu_max_INTP, = 6.19142
gpu_max_FPUP, = 0
gpu_max_DPUP, = 0
gpu_max_INT_MUL24P, = 0
gpu_max_INT_MUL32P, = 0
gpu_max_INT_MULP, = 0.175425
gpu_max_INT_DIVP, = 0
gpu_max_FP_MULP, = 0
gpu_max_FP_DIVP, = 0
gpu_max_FP_SQRTP, = 0
gpu_max_FP_LGP, = 0
gpu_max_FP_SINP, = 0
gpu_max_FP_EXP, = 0
gpu_max_DP_MULP, = 0
gpu_max_DP_DIVP, = 0
gpu_max_TENSORP, = 0
gpu_max_TEXP, = 0
gpu_max_SCHEDP, = 0.852624
gpu_max_L2CP, = 1.41204
gpu_max_MCP, = 0.55022
gpu_max_NOCP, = 17.9434
gpu_max_DRAMP, = 0
gpu_max_PIPEP, = 1.09584
gpu_max_IDLE_COREP, = 31.6727
gpu_max_CONSTP = 32.3252
gpu_max_STATICP = 4.71495
gpu_max_TOT_INST, = 12771
gpu_max_FP_INT, = 12438
gpu_max_IC_H, = 0
gpu_max_IC_M, = 0
gpu_max_DC_RH, = 0
gpu_max_DC_RM, = 0
gpu_max_DC_WH, = 0
gpu_max_DC_WM, = 0
gpu_max_TC_H, = 0
gpu_max_TC_M, = 0
gpu_max_CC_H, = 0
gpu_max_CC_M, = 0
gpu_max_SHRD_ACC, = 723
gpu_max_REG_RD, = 0
gpu_max_REG_WR, = 0
gpu_max_NON_REG_OPs, = 0
gpu_max_INT_ACC, = 3.38512e+06
gpu_max_FPU_ACC, = 0
gpu_max_DPU_ACC, = 0
gpu_max_INT_MUL24_ACC, = 0
gpu_max_INT_MUL32_ACC, = 0
gpu_max_INT_MUL_ACC, = 1145.46
gpu_max_INT_DIV_ACC, = 0
gpu_max_FP_MUL_ACC, = 0
gpu_max_FP_DIV_ACC, = 0
gpu_max_FP_SQRT_ACC, = 0
gpu_max_FP_LG_ACC, = 0
gpu_max_FP_SIN_ACC, = 0
gpu_max_FP_EXP_ACC, = 0
gpu_max_DP_MUL_ACC, = 0
gpu_max_DP_DIV_ACC, = 0
gpu_max_TENSOR_ACC, = 0
gpu_max_TEX_ACC, = 0
gpu_max_MEM_RD, = 0
gpu_max_MEM_WR, = 0
gpu_max_MEM_PRE, = 0
gpu_max_L2_RH, = 4303
gpu_max_L2_RM, = 13518
gpu_max_L2_WH, = 0
gpu_max_L2_WM, = 0
gpu_max_NOC_A, = 52626
gpu_max_PIPE_A, = 0.0335185
gpu_max_IDLE_CORE_N, = 112
gpu_max_constant_power = 0

Kernel Minimum Power Data:
kernel_min_power = 70.6606
gpu_min_IBP, = 0
gpu_min_ICP, = 0
gpu_min_DCP, = 0
gpu_min_TCP, = 0
gpu_min_CCP, = 0
gpu_min_SHRDP, = 0
gpu_min_RFP, = 0
gpu_min_INTP, = 0
gpu_min_FPUP, = 0
gpu_min_DPUP, = 0
gpu_min_INT_MUL24P, = 0
gpu_min_INT_MUL32P, = 0
gpu_min_INT_MULP, = 0
gpu_min_INT_DIVP, = 0
gpu_min_FP_MULP, = 0
gpu_min_FP_DIVP, = 0
gpu_min_FP_SQRTP, = 0
gpu_min_FP_LGP, = 0
gpu_min_FP_SINP, = 0
gpu_min_FP_EXP, = 0
gpu_min_DP_MULP, = 0
gpu_min_DP_DIVP, = 0
gpu_min_TENSORP, = 0
gpu_min_TEXP, = 0
gpu_min_SCHEDP, = 0
gpu_min_L2CP, = 0
gpu_min_MCP, = 0.55022
gpu_min_NOCP, = 0
gpu_min_DRAMP, = 0
gpu_min_PIPEP, = 0.456658
gpu_min_IDLE_COREP, = 37.3285
gpu_min_CONSTP = 32.3252
gpu_min_STATICP = 0
gpu_min_TOT_INST, = 0
gpu_min_FP_INT, = 0
gpu_min_IC_H, = 0
gpu_min_IC_M, = 0
gpu_min_DC_RH, = 0
gpu_min_DC_RM, = 0
gpu_min_DC_WH, = 0
gpu_min_DC_WM, = 0
gpu_min_TC_H, = 0
gpu_min_TC_M, = 0
gpu_min_CC_H, = 0
gpu_min_CC_M, = 0
gpu_min_SHRD_ACC, = 0
gpu_min_REG_RD, = 0
gpu_min_REG_WR, = 0
gpu_min_NON_REG_OPs, = 0
gpu_min_INT_ACC, = 0
gpu_min_FPU_ACC, = 0
gpu_min_DPU_ACC, = 0
gpu_min_INT_MUL24_ACC, = 0
gpu_min_INT_MUL32_ACC, = 0
gpu_min_INT_MUL_ACC, = 0
gpu_min_INT_DIV_ACC, = 0
gpu_min_FP_MUL_ACC, = 0
gpu_min_FP_DIV_ACC, = 0
gpu_min_FP_SQRT_ACC, = 0
gpu_min_FP_LG_ACC, = 0
gpu_min_FP_SIN_ACC, = 0
gpu_min_FP_EXP_ACC, = 0
gpu_min_DP_MUL_ACC, = 0
gpu_min_DP_DIV_ACC, = 0
gpu_min_TENSOR_ACC, = 0
gpu_min_TEX_ACC, = 0
gpu_min_MEM_RD, = 0
gpu_min_MEM_WR, = 0
gpu_min_MEM_PRE, = 0
gpu_min_L2_RH, = 0
gpu_min_L2_RM, = 0
gpu_min_L2_WH, = 0
gpu_min_L2_WM, = 0
gpu_min_NOC_A, = 0
gpu_min_PIPE_A, = 0.0139679
gpu_min_IDLE_CORE_N, = 132
gpu_min_constant_power = 0

Accumulative Power Statistics Over Previous Kernels:
gpu_tot_avg_power = 81.1868
gpu_tot_max_power = 154.291
gpu_tot_min_power = 60.8126


kernel_name = _ZN4vllm23rotary_embedding_kernelIN3c108BFloat16ES2_Lb1EEEvPKlPT_S6_PKT0_illliiilb 
kernel_launch_uid = 39 

Kernel Average Power Data:
kernel_avg_power = 70.8518
gpu_avg_IBP, = 0.00487151
gpu_avg_ICP, = 0
gpu_avg_DCP, = 0.0130766
gpu_avg_TCP, = 0
gpu_avg_CCP, = 0.000142934
gpu_avg_SHRDP, = 0
gpu_avg_RFP, = 0
gpu_avg_INTP, = 0.0625108
gpu_avg_FPUP, = 0.0124244
gpu_avg_DPUP, = 0
gpu_avg_INT_MUL24P, = 0
gpu_avg_INT_MUL32P, = 0
gpu_avg_INT_MULP, = 0.0309725
gpu_avg_INT_DIVP, = 0
gpu_avg_FP_MULP, = 0.00255245
gpu_avg_FP_DIVP, = 0
gpu_avg_FP_SQRTP, = 0
gpu_avg_FP_LGP, = 0
gpu_avg_FP_SINP, = 0
gpu_avg_FP_EXP, = 0.00258079
gpu_avg_DP_MULP, = 0
gpu_avg_DP_DIVP, = 0
gpu_avg_TENSORP, = 0
gpu_avg_TEXP, = 0
gpu_avg_SCHEDP, = 0.0131117
gpu_avg_L2CP, = 0.011692
gpu_avg_MCP, = 0.551815
gpu_avg_NOCP, = 0.0153432
gpu_avg_DRAMP, = 0
gpu_avg_PIPEP, = 0.47339
gpu_avg_IDLE_COREP, = 37.0743
gpu_avg_CONSTP = 32.3252
gpu_avg_STATICP = 0.257738
gpu_avg_TOT_INST, = 209.273
gpu_avg_FP_INT, = 191.273
gpu_avg_IC_H, = 0
gpu_avg_IC_M, = 0
gpu_avg_DC_RH, = 6.63636
gpu_avg_DC_RM, = 0.363636
gpu_avg_DC_WH, = 5.81818
gpu_avg_DC_WM, = 0
gpu_avg_TC_H, = 0
gpu_avg_TC_M, = 0
gpu_avg_CC_H, = 6.54545
gpu_avg_CC_M, = 0
gpu_avg_SHRD_ACC, = 0
gpu_avg_REG_RD, = 0
gpu_avg_REG_WR, = 0
gpu_avg_NON_REG_OPs, = 0
gpu_avg_INT_ACC, = 34177.4
gpu_avg_FPU_ACC, = 166.413
gpu_avg_DPU_ACC, = 0
gpu_avg_INT_MUL24_ACC, = 0
gpu_avg_INT_MUL32_ACC, = 0
gpu_avg_INT_MUL_ACC, = 202.238
gpu_avg_INT_DIV_ACC, = 0
gpu_avg_FP_MUL_ACC, = 16.6664
gpu_avg_FP_DIV_ACC, = 0
gpu_avg_FP_SQRT_ACC, = 0
gpu_avg_FP_LG_ACC, = 0
gpu_avg_FP_SIN_ACC, = 0
gpu_avg_FP_EXP_ACC, = 16.8515
gpu_avg_DP_MUL_ACC, = 0
gpu_avg_DP_DIV_ACC, = 0
gpu_avg_TENSOR_ACC, = 0
gpu_avg_TEX_ACC, = 0
gpu_avg_MEM_RD, = 0
gpu_avg_MEM_WR, = 0
gpu_avg_MEM_PRE, = 0
gpu_avg_L2_RH, = 5.81818
gpu_avg_L2_RM, = 0.454545
gpu_avg_L2_WH, = 9.45455
gpu_avg_L2_WM, = 0
gpu_avg_NOC_A, = 45
gpu_avg_PIPE_A, = 0.0144796
gpu_avg_IDLE_CORE_N, = 131.101
gpu_avg_constant_power = 0
gpu_avg_threads_per_warp = 17.0166
gpu_tot_TOT_INST, = 2302
gpu_tot_FP_INT, = 2104
gpu_tot_IC_H, = 0
gpu_tot_IC_M, = 0
gpu_tot_DC_RH, = 73
gpu_tot_DC_RM, = 4
gpu_tot_DC_WH, = 64
gpu_tot_DC_WM, = 0
gpu_tot_TC_H, = 0
gpu_tot_TC_M, = 0
gpu_tot_CC_H, = 72
gpu_tot_CC_M, = 0
gpu_tot_SHRD_ACC, = 0
gpu_tot_REG_RD, = 0
gpu_tot_REG_WR, = 0
gpu_tot_NON_REG_OPs, = 0
gpu_tot_INT_ACC, = 375951
gpu_tot_FPU_ACC, = 1830.54
gpu_tot_DPU_ACC, = 0
gpu_tot_INT_MUL24_ACC, = 0
gpu_tot_INT_MUL32_ACC, = 0
gpu_tot_INT_MUL_ACC, = 2224.62
gpu_tot_INT_DIV_ACC, = 0
gpu_tot_FP_MUL_ACC, = 183.331
gpu_tot_FP_DIV_ACC, = 0
gpu_tot_FP_SQRT_ACC, = 0
gpu_tot_FP_LG_ACC, = 0
gpu_tot_FP_SIN_ACC, = 0
gpu_tot_FP_EXP_ACC, = 185.367
gpu_tot_DP_MUL_ACC, = 0
gpu_tot_DP_DIV_ACC, = 0
gpu_tot_TENSOR_ACC, = 0
gpu_tot_TEX_ACC, = 0
gpu_tot_MEM_RD, = 0
gpu_tot_MEM_WR, = 0
gpu_tot_MEM_PRE, = 0
gpu_tot_L2_RH, = 64
gpu_tot_L2_RM, = 5
gpu_tot_L2_WH, = 104
gpu_tot_L2_WM, = 0
gpu_tot_NOC_A, = 495
gpu_tot_PIPE_A, = 0.159276
gpu_tot_IDLE_CORE_N, = 1442.11
gpu_tot_constant_power = 0

Kernel Maximum Power Data:
kernel_max_power = 71.4433
gpu_max_IBP, = 0.0186226
gpu_max_ICP, = 0
gpu_max_DCP, = 0.10229
gpu_max_TCP, = 0
gpu_max_CCP, = 0
gpu_max_SHRDP, = 0
gpu_max_RFP, = 0
gpu_max_INTP, = 0.32177
gpu_max_FPUP, = 0.0253089
gpu_max_DPUP, = 0
gpu_max_INT_MUL24P, = 0
gpu_max_INT_MUL32P, = 0
gpu_max_INT_MULP, = 0.173733
gpu_max_INT_DIVP, = 0
gpu_max_FP_MULP, = 0
gpu_max_FP_DIVP, = 0
gpu_max_FP_SQRTP, = 0
gpu_max_FP_LGP, = 0
gpu_max_FP_SINP, = 0
gpu_max_FP_EXP, = 0.0159686
gpu_max_DP_MULP, = 0
gpu_max_DP_DIVP, = 0
gpu_max_TENSORP, = 0
gpu_max_TEXP, = 0
gpu_max_SCHEDP, = 0.0516181
gpu_max_L2CP, = 0
gpu_max_MCP, = 0.562936
gpu_max_NOCP, = 0.0204577
gpu_max_DRAMP, = 0
gpu_max_PIPEP, = 0.505099
gpu_max_IDLE_COREP, = 37.0457
gpu_max_CONSTP = 32.3252
gpu_max_STATICP = 0.274534
gpu_max_TOT_INST, = 800
gpu_max_FP_INT, = 753
gpu_max_IC_H, = 0
gpu_max_IC_M, = 0
gpu_max_DC_RH, = 52
gpu_max_DC_RM, = 8
gpu_max_DC_WH, = 0
gpu_max_DC_WM, = 0
gpu_max_TC_H, = 0
gpu_max_TC_M, = 0
gpu_max_CC_H, = 0
gpu_max_CC_M, = 0
gpu_max_SHRD_ACC, = 0
gpu_max_REG_RD, = 0
gpu_max_REG_WR, = 0
gpu_max_NON_REG_OPs, = 0
gpu_max_INT_ACC, = 175925
gpu_max_FPU_ACC, = 338.989
gpu_max_DPU_ACC, = 0
gpu_max_INT_MUL24_ACC, = 0
gpu_max_INT_MUL32_ACC, = 0
gpu_max_INT_MUL_ACC, = 1134.41
gpu_max_INT_DIV_ACC, = 0
gpu_max_FP_MUL_ACC, = 0
gpu_max_FP_DIV_ACC, = 0
gpu_max_FP_SQRT_ACC, = 0
gpu_max_FP_LG_ACC, = 0
gpu_max_FP_SIN_ACC, = 0
gpu_max_FP_EXP_ACC, = 104.269
gpu_max_DP_MUL_ACC, = 0
gpu_max_DP_DIV_ACC, = 0
gpu_max_TENSOR_ACC, = 0
gpu_max_TEX_ACC, = 0
gpu_max_MEM_RD, = 0
gpu_max_MEM_WR, = 0
gpu_max_MEM_PRE, = 0
gpu_max_L2_RH, = 0
gpu_max_L2_RM, = 0
gpu_max_L2_WH, = 0
gpu_max_L2_WM, = 0
gpu_max_NOC_A, = 60
gpu_max_PIPE_A, = 0.0154495
gpu_max_IDLE_CORE_N, = 131
gpu_max_constant_power = 0

Kernel Minimum Power Data:
kernel_min_power = 70.6645
gpu_min_IBP, = 0
gpu_min_ICP, = 0
gpu_min_DCP, = 0
gpu_min_TCP, = 0
gpu_min_CCP, = 0
gpu_min_SHRDP, = 0
gpu_min_RFP, = 0
gpu_min_INTP, = 0
gpu_min_FPUP, = 0
gpu_min_DPUP, = 0
gpu_min_INT_MUL24P, = 0
gpu_min_INT_MUL32P, = 0
gpu_min_INT_MULP, = 0
gpu_min_INT_DIVP, = 0
gpu_min_FP_MULP, = 0
gpu_min_FP_DIVP, = 0
gpu_min_FP_SQRTP, = 0
gpu_min_FP_LGP, = 0
gpu_min_FP_SINP, = 0
gpu_min_FP_EXP, = 0
gpu_min_DP_MULP, = 0
gpu_min_DP_DIVP, = 0
gpu_min_TENSORP, = 0
gpu_min_TEXP, = 0
gpu_min_SCHEDP, = 0
gpu_min_L2CP, = 0
gpu_min_MCP, = 0.55022
gpu_min_NOCP, = 0
gpu_min_DRAMP, = 0
gpu_min_PIPEP, = 0.460528
gpu_min_IDLE_COREP, = 37.3285
gpu_min_CONSTP = 32.3252
gpu_min_STATICP = 0
gpu_min_TOT_INST, = 0
gpu_min_FP_INT, = 0
gpu_min_IC_H, = 0
gpu_min_IC_M, = 0
gpu_min_DC_RH, = 0
gpu_min_DC_RM, = 0
gpu_min_DC_WH, = 0
gpu_min_DC_WM, = 0
gpu_min_TC_H, = 0
gpu_min_TC_M, = 0
gpu_min_CC_H, = 0
gpu_min_CC_M, = 0
gpu_min_SHRD_ACC, = 0
gpu_min_REG_RD, = 0
gpu_min_REG_WR, = 0
gpu_min_NON_REG_OPs, = 0
gpu_min_INT_ACC, = 0
gpu_min_FPU_ACC, = 0
gpu_min_DPU_ACC, = 0
gpu_min_INT_MUL24_ACC, = 0
gpu_min_INT_MUL32_ACC, = 0
gpu_min_INT_MUL_ACC, = 0
gpu_min_INT_DIV_ACC, = 0
gpu_min_FP_MUL_ACC, = 0
gpu_min_FP_DIV_ACC, = 0
gpu_min_FP_SQRT_ACC, = 0
gpu_min_FP_LG_ACC, = 0
gpu_min_FP_SIN_ACC, = 0
gpu_min_FP_EXP_ACC, = 0
gpu_min_DP_MUL_ACC, = 0
gpu_min_DP_DIV_ACC, = 0
gpu_min_TENSOR_ACC, = 0
gpu_min_TEX_ACC, = 0
gpu_min_MEM_RD, = 0
gpu_min_MEM_WR, = 0
gpu_min_MEM_PRE, = 0
gpu_min_L2_RH, = 0
gpu_min_L2_RM, = 0
gpu_min_L2_WH, = 0
gpu_min_L2_WM, = 0
gpu_min_NOC_A, = 0
gpu_min_PIPE_A, = 0.0140862
gpu_min_IDLE_CORE_N, = 132
gpu_min_constant_power = 0

Accumulative Power Statistics Over Previous Kernels:
gpu_tot_avg_power = 80.9743
gpu_tot_max_power = 154.291
gpu_tot_min_power = 60.8126


kernel_name = _ZN4vllm30reshape_and_cache_flash_kernelI13__nv_bfloat16S1_LNS_18Fp8KVCacheDataTypeE0EEEvPKT_S5_PT0_S7_PKlllllliiiPKfSB_i 
kernel_launch_uid = 40 

Kernel Average Power Data:
kernel_avg_power = 70.6982
gpu_avg_IBP, = 0.00143291
gpu_avg_ICP, = 0
gpu_avg_DCP, = 0.00327186
gpu_avg_TCP, = 0
gpu_avg_CCP, = 4.36744e-05
gpu_avg_SHRDP, = 0
gpu_avg_RFP, = 0
gpu_avg_INTP, = 0.0236845
gpu_avg_FPUP, = 0.00112484
gpu_avg_DPUP, = 0
gpu_avg_INT_MUL24P, = 0
gpu_avg_INT_MUL32P, = 0
gpu_avg_INT_MULP, = 0.00739556
gpu_avg_INT_DIVP, = 0
gpu_avg_FP_MULP, = 0
gpu_avg_FP_DIVP, = 0
gpu_avg_FP_SQRTP, = 0
gpu_avg_FP_LGP, = 0
gpu_avg_FP_SINP, = 0
gpu_avg_FP_EXP, = 0.000788574
gpu_avg_DP_MULP, = 0
gpu_avg_DP_DIVP, = 0
gpu_avg_TENSORP, = 0
gpu_avg_TEXP, = 0
gpu_avg_SCHEDP, = 0.00405206
gpu_avg_L2CP, = 0.00119359
gpu_avg_MCP, = 0.551091
gpu_avg_NOCP, = 0.00223519
gpu_avg_DRAMP, = 0
gpu_avg_PIPEP, = 0.460538
gpu_avg_IDLE_COREP, = 37.2344
gpu_avg_CONSTP = 32.3252
gpu_avg_STATICP = 0.081812
gpu_avg_TOT_INST, = 61.5556
gpu_avg_FP_INT, = 59.1111
gpu_avg_IC_H, = 0
gpu_avg_IC_M, = 0
gpu_avg_DC_RH, = 0.333333
gpu_avg_DC_RM, = 1.55556
gpu_avg_DC_WH, = 0
gpu_avg_DC_WM, = 0.888889
gpu_avg_TC_H, = 0
gpu_avg_TC_M, = 0
gpu_avg_CC_H, = 2
gpu_avg_CC_M, = 0
gpu_avg_SHRD_ACC, = 0
gpu_avg_REG_RD, = 0
gpu_avg_REG_WR, = 0
gpu_avg_NON_REG_OPs, = 0
gpu_avg_INT_ACC, = 12949.4
gpu_avg_FPU_ACC, = 15.0662
gpu_avg_DPU_ACC, = 0
gpu_avg_INT_MUL24_ACC, = 0
gpu_avg_INT_MUL32_ACC, = 0
gpu_avg_INT_MUL_ACC, = 48.29
gpu_avg_INT_DIV_ACC, = 0
gpu_avg_FP_MUL_ACC, = 0
gpu_avg_FP_DIV_ACC, = 0
gpu_avg_FP_SQRT_ACC, = 0
gpu_avg_FP_LG_ACC, = 0
gpu_avg_FP_SIN_ACC, = 0
gpu_avg_FP_EXP_ACC, = 5.14907
gpu_avg_DP_MUL_ACC, = 0
gpu_avg_DP_DIV_ACC, = 0
gpu_avg_TENSOR_ACC, = 0
gpu_avg_TEX_ACC, = 0
gpu_avg_MEM_RD, = 0
gpu_avg_MEM_WR, = 0
gpu_avg_MEM_PRE, = 0
gpu_avg_L2_RH, = 0.888889
gpu_avg_L2_RM, = 0.111111
gpu_avg_L2_WH, = 0.888889
gpu_avg_L2_WM, = 0
gpu_avg_NOC_A, = 6.55556
gpu_avg_PIPE_A, = 0.0140865
gpu_avg_IDLE_CORE_N, = 131.667
gpu_avg_constant_power = 0
gpu_avg_threads_per_warp = 9.06671
gpu_tot_TOT_INST, = 554
gpu_tot_FP_INT, = 532
gpu_tot_IC_H, = 0
gpu_tot_IC_M, = 0
gpu_tot_DC_RH, = 3
gpu_tot_DC_RM, = 14
gpu_tot_DC_WH, = 0
gpu_tot_DC_WM, = 8
gpu_tot_TC_H, = 0
gpu_tot_TC_M, = 0
gpu_tot_CC_H, = 18
gpu_tot_CC_M, = 0
gpu_tot_SHRD_ACC, = 0
gpu_tot_REG_RD, = 0
gpu_tot_REG_WR, = 0
gpu_tot_NON_REG_OPs, = 0
gpu_tot_INT_ACC, = 116544
gpu_tot_FPU_ACC, = 135.596
gpu_tot_DPU_ACC, = 0
gpu_tot_INT_MUL24_ACC, = 0
gpu_tot_INT_MUL32_ACC, = 0
gpu_tot_INT_MUL_ACC, = 434.61
gpu_tot_INT_DIV_ACC, = 0
gpu_tot_FP_MUL_ACC, = 0
gpu_tot_FP_DIV_ACC, = 0
gpu_tot_FP_SQRT_ACC, = 0
gpu_tot_FP_LG_ACC, = 0
gpu_tot_FP_SIN_ACC, = 0
gpu_tot_FP_EXP_ACC, = 46.3417
gpu_tot_DP_MUL_ACC, = 0
gpu_tot_DP_DIV_ACC, = 0
gpu_tot_TENSOR_ACC, = 0
gpu_tot_TEX_ACC, = 0
gpu_tot_MEM_RD, = 0
gpu_tot_MEM_WR, = 0
gpu_tot_MEM_PRE, = 0
gpu_tot_L2_RH, = 8
gpu_tot_L2_RM, = 1
gpu_tot_L2_WH, = 8
gpu_tot_L2_WM, = 0
gpu_tot_NOC_A, = 59
gpu_tot_PIPE_A, = 0.126779
gpu_tot_IDLE_CORE_N, = 1185
gpu_tot_constant_power = 0

Kernel Maximum Power Data:
kernel_max_power = 70.9692
gpu_max_IBP, = 0.010289
gpu_max_ICP, = 0
gpu_max_DCP, = 0
gpu_max_TCP, = 0
gpu_max_CCP, = 0.000262046
gpu_max_SHRDP, = 0
gpu_max_RFP, = 0
gpu_max_INTP, = 0.185529
gpu_max_FPUP, = 0.0101236
gpu_max_DPUP, = 0
gpu_max_INT_MUL24P, = 0
gpu_max_INT_MUL32P, = 0
gpu_max_INT_MULP, = 0.0564068
gpu_max_INT_DIVP, = 0
gpu_max_FP_MULP, = 0
gpu_max_FP_DIVP, = 0
gpu_max_FP_SQRTP, = 0
gpu_max_FP_LGP, = 0
gpu_max_FP_SINP, = 0
gpu_max_FP_EXP, = 0.00709717
gpu_max_DP_MULP, = 0
gpu_max_DP_DIVP, = 0
gpu_max_TENSORP, = 0
gpu_max_TEXP, = 0
gpu_max_SCHEDP, = 0.0292023
gpu_max_L2CP, = 1.77471e-05
gpu_max_MCP, = 0.550248
gpu_max_NOCP, = 0.000681922
gpu_max_DRAMP, = 0
gpu_max_PIPEP, = 0.473901
gpu_max_IDLE_COREP, = 37.0457
gpu_max_CONSTP = 32.3252
gpu_max_STATICP = 0.274534
gpu_max_TOT_INST, = 442
gpu_max_FP_INT, = 426
gpu_max_IC_H, = 0
gpu_max_IC_M, = 0
gpu_max_DC_RH, = 0
gpu_max_DC_RM, = 0
gpu_max_DC_WH, = 0
gpu_max_DC_WM, = 0
gpu_max_TC_H, = 0
gpu_max_TC_M, = 0
gpu_max_CC_H, = 12
gpu_max_CC_M, = 0
gpu_max_SHRD_ACC, = 0
gpu_max_REG_RD, = 0
gpu_max_REG_WR, = 0
gpu_max_NON_REG_OPs, = 0
gpu_max_INT_ACC, = 101437
gpu_max_FPU_ACC, = 135.596
gpu_max_DPU_ACC, = 0
gpu_max_INT_MUL24_ACC, = 0
gpu_max_INT_MUL32_ACC, = 0
gpu_max_INT_MUL_ACC, = 368.314
gpu_max_INT_DIV_ACC, = 0
gpu_max_FP_MUL_ACC, = 0
gpu_max_FP_DIV_ACC, = 0
gpu_max_FP_SQRT_ACC, = 0
gpu_max_FP_LG_ACC, = 0
gpu_max_FP_SIN_ACC, = 0
gpu_max_FP_EXP_ACC, = 46.3417
gpu_max_DP_MUL_ACC, = 0
gpu_max_DP_DIV_ACC, = 0
gpu_max_TENSOR_ACC, = 0
gpu_max_TEX_ACC, = 0
gpu_max_MEM_RD, = 0
gpu_max_MEM_WR, = 0
gpu_max_MEM_PRE, = 0
gpu_max_L2_RH, = 0
gpu_max_L2_RM, = 1
gpu_max_L2_WH, = 0
gpu_max_L2_WM, = 0
gpu_max_NOC_A, = 2
gpu_max_PIPE_A, = 0.0144952
gpu_max_IDLE_CORE_N, = 131
gpu_max_constant_power = 0

Kernel Minimum Power Data:
kernel_min_power = 70.6603
gpu_min_IBP, = 0.00167604
gpu_min_ICP, = 0
gpu_min_DCP, = 0.0262722
gpu_min_TCP, = 0
gpu_min_CCP, = 4.36744e-05
gpu_min_SHRDP, = 0
gpu_min_RFP, = 0
gpu_min_INTP, = 0.0206143
gpu_min_FPUP, = 0
gpu_min_DPUP, = 0
gpu_min_INT_MUL24P, = 0
gpu_min_INT_MUL32P, = 0
gpu_min_INT_MULP, = 0.00338441
gpu_min_INT_DIVP, = 0
gpu_min_FP_MULP, = 0
gpu_min_FP_DIVP, = 0
gpu_min_FP_SQRTP, = 0
gpu_min_FP_LGP, = 0
gpu_min_FP_SINP, = 0
gpu_min_FP_EXP, = 0
gpu_min_DP_MULP, = 0
gpu_min_DP_DIVP, = 0
gpu_min_TENSORP, = 0
gpu_min_TEXP, = 0
gpu_min_SCHEDP, = 0.00479849
gpu_min_L2CP, = 0.00217919
gpu_min_MCP, = 0.557859
gpu_min_NOCP, = 0.0163661
gpu_min_DRAMP, = 0
gpu_min_PIPEP, = 0.451516
gpu_min_IDLE_COREP, = 37.0457
gpu_min_CONSTP = 32.3252
gpu_min_STATICP = 0.204659
gpu_min_TOT_INST, = 72
gpu_min_FP_INT, = 70
gpu_min_IC_H, = 0
gpu_min_IC_M, = 0
gpu_min_DC_RH, = 0
gpu_min_DC_RM, = 16
gpu_min_DC_WH, = 0
gpu_min_DC_WM, = 8
gpu_min_TC_H, = 0
gpu_min_TC_M, = 0
gpu_min_CC_H, = 2
gpu_min_CC_M, = 0
gpu_min_SHRD_ACC, = 0
gpu_min_REG_RD, = 0
gpu_min_REG_WR, = 0
gpu_min_NON_REG_OPs, = 0
gpu_min_INT_ACC, = 11270.7
gpu_min_FPU_ACC, = 0
gpu_min_DPU_ACC, = 0
gpu_min_INT_MUL24_ACC, = 0
gpu_min_INT_MUL32_ACC, = 0
gpu_min_INT_MUL_ACC, = 22.0988
gpu_min_INT_DIV_ACC, = 0
gpu_min_FP_MUL_ACC, = 0
gpu_min_FP_DIV_ACC, = 0
gpu_min_FP_SQRT_ACC, = 0
gpu_min_FP_LG_ACC, = 0
gpu_min_FP_SIN_ACC, = 0
gpu_min_FP_EXP_ACC, = 0
gpu_min_DP_MUL_ACC, = 0
gpu_min_DP_DIV_ACC, = 0
gpu_min_TENSOR_ACC, = 0
gpu_min_TEX_ACC, = 0
gpu_min_MEM_RD, = 0
gpu_min_MEM_WR, = 0
gpu_min_MEM_PRE, = 0
gpu_min_L2_RH, = 8
gpu_min_L2_RM, = 0
gpu_min_L2_WH, = 0
gpu_min_L2_WM, = 0
gpu_min_NOC_A, = 48
gpu_min_PIPE_A, = 0.0138106
gpu_min_IDLE_CORE_N, = 131
gpu_min_constant_power = 0

Accumulative Power Statistics Over Previous Kernels:
gpu_tot_avg_power = 80.8043
gpu_tot_max_power = 154.291
gpu_tot_min_power = 60.8126


kernel_name = _ZN7cutlass13device_kernelIN5flash20enable_sm90_or_laterINS1_16FlashAttnFwdSm90INS1_25CollectiveMainloopFwdSm90ILi2EN4cute5tupleIJNS5_1CILi1EEES8_S8_EEENS6_IJNS7_ILi64EEENS7_ILi192EEESA_EEELi64ENS_10bfloat16_tEfNS_4arch4Sm90ELb0ELb0ELb0ELb1ELb1ELb0ELb0ELb1ELb1ELb1ELb0ELb0ESD_Li1EEENS1_21CollectiveEpilogueFwdINS6_IJSA_SA_SB_EEES9_SD_SF_Li128ELb1ELb1ELb0ELb0ELi1EEENS1_36VarlenDynamicPersistentTileSchedulerILi64ELi192ELi128ELi128ELb0ELb1ELb1ELb0ELb0ELb1EEEEEEEEEvNT_6ParamsE 
kernel_launch_uid = 41 

Kernel Average Power Data:
kernel_avg_power = 73.2854
gpu_avg_IBP, = 0.114973
gpu_avg_ICP, = 0
gpu_avg_DCP, = 0.0403494
gpu_avg_TCP, = 0
gpu_avg_CCP, = 0.00156396
gpu_avg_SHRDP, = 0.0901175
gpu_avg_RFP, = 0
gpu_avg_INTP, = 1.85099
gpu_avg_FPUP, = 0.174752
gpu_avg_DPUP, = 0
gpu_avg_INT_MUL24P, = 0
gpu_avg_INT_MUL32P, = 0
gpu_avg_INT_MULP, = 0.122947
gpu_avg_INT_DIVP, = 0
gpu_avg_FP_MULP, = 0.0225644
gpu_avg_FP_DIVP, = 0
gpu_avg_FP_SQRTP, = 0
gpu_avg_FP_LGP, = 0.000391793
gpu_avg_FP_SINP, = 0
gpu_avg_FP_EXP, = 0.0661874
gpu_avg_DP_MULP, = 0
gpu_avg_DP_DIVP, = 0
gpu_avg_TENSORP, = 0
gpu_avg_TEXP, = 0
gpu_avg_SCHEDP, = 0.330469
gpu_avg_L2CP, = 0.00641222
gpu_avg_MCP, = 0.559158
gpu_avg_NOCP, = 0.115229
gpu_avg_DRAMP, = 0
gpu_avg_PIPEP, = 0.454414
gpu_avg_IDLE_COREP, = 33.9034
gpu_avg_CONSTP = 32.3252
gpu_avg_STATICP = 3.10626
gpu_avg_TOT_INST, = 4939.05
gpu_avg_FP_INT, = 4820.86
gpu_avg_IC_H, = 0
gpu_avg_IC_M, = 0
gpu_avg_DC_RH, = 3.2381
gpu_avg_DC_RM, = 28.0952
gpu_avg_DC_WH, = 0
gpu_avg_DC_WM, = 3.19048
gpu_avg_TC_H, = 0
gpu_avg_TC_M, = 0
gpu_avg_CC_H, = 71.619
gpu_avg_CC_M, = 0
gpu_avg_SHRD_ACC, = 202.095
gpu_avg_REG_RD, = 0
gpu_avg_REG_WR, = 0
gpu_avg_NON_REG_OPs, = 0
gpu_avg_INT_ACC, = 1.01202e+06
gpu_avg_FPU_ACC, = 2340.64
gpu_avg_DPU_ACC, = 0
gpu_avg_INT_MUL24_ACC, = 0
gpu_avg_INT_MUL32_ACC, = 0
gpu_avg_INT_MUL_ACC, = 802.792
gpu_avg_INT_DIV_ACC, = 0
gpu_avg_FP_MUL_ACC, = 147.337
gpu_avg_FP_DIV_ACC, = 0
gpu_avg_FP_SQRT_ACC, = 0
gpu_avg_FP_LG_ACC, = 2.55825
gpu_avg_FP_SIN_ACC, = 0
gpu_avg_FP_EXP_ACC, = 432.177
gpu_avg_DP_MUL_ACC, = 0
gpu_avg_DP_DIV_ACC, = 0
gpu_avg_TENSOR_ACC, = 0
gpu_avg_TEX_ACC, = 0
gpu_avg_MEM_RD, = 0
gpu_avg_MEM_WR, = 0
gpu_avg_MEM_PRE, = 0
gpu_avg_L2_RH, = 19.9048
gpu_avg_L2_RM, = 25.0952
gpu_avg_L2_WH, = 0.142857
gpu_avg_L2_WM, = 0.761905
gpu_avg_NOC_A, = 337.952
gpu_avg_PIPE_A, = 0.0138992
gpu_avg_IDLE_CORE_N, = 119.888
gpu_avg_constant_power = 0
gpu_avg_threads_per_warp = 22.6966
gpu_tot_TOT_INST, = 103720
gpu_tot_FP_INT, = 101238
gpu_tot_IC_H, = 0
gpu_tot_IC_M, = 0
gpu_tot_DC_RH, = 68
gpu_tot_DC_RM, = 590
gpu_tot_DC_WH, = 0
gpu_tot_DC_WM, = 67
gpu_tot_TC_H, = 0
gpu_tot_TC_M, = 0
gpu_tot_CC_H, = 1504
gpu_tot_CC_M, = 0
gpu_tot_SHRD_ACC, = 4244
gpu_tot_REG_RD, = 0
gpu_tot_REG_WR, = 0
gpu_tot_NON_REG_OPs, = 0
gpu_tot_INT_ACC, = 2.12524e+07
gpu_tot_FPU_ACC, = 49153.4
gpu_tot_DPU_ACC, = 0
gpu_tot_INT_MUL24_ACC, = 0
gpu_tot_INT_MUL32_ACC, = 0
gpu_tot_INT_MUL_ACC, = 16858.6
gpu_tot_INT_DIV_ACC, = 0
gpu_tot_FP_MUL_ACC, = 3094.07
gpu_tot_FP_DIV_ACC, = 0
gpu_tot_FP_SQRT_ACC, = 0
gpu_tot_FP_LG_ACC, = 53.7233
gpu_tot_FP_SIN_ACC, = 0
gpu_tot_FP_EXP_ACC, = 9075.72
gpu_tot_DP_MUL_ACC, = 0
gpu_tot_DP_DIV_ACC, = 0
gpu_tot_TENSOR_ACC, = 0
gpu_tot_TEX_ACC, = 0
gpu_tot_MEM_RD, = 0
gpu_tot_MEM_WR, = 0
gpu_tot_MEM_PRE, = 0
gpu_tot_L2_RH, = 418
gpu_tot_L2_RM, = 527
gpu_tot_L2_WH, = 3
gpu_tot_L2_WM, = 16
gpu_tot_NOC_A, = 7097
gpu_tot_PIPE_A, = 0.291883
gpu_tot_IDLE_CORE_N, = 2517.65
gpu_tot_constant_power = 0

Kernel Maximum Power Data:
kernel_max_power = 93.997
gpu_max_IBP, = 1.08803
gpu_max_ICP, = 0
gpu_max_DCP, = 0.126283
gpu_max_TCP, = 0
gpu_max_CCP, = 0.00248944
gpu_max_SHRDP, = 1.09339
gpu_max_RFP, = 0
gpu_max_INTP, = 18.6002
gpu_max_FPUP, = 0
gpu_max_DPUP, = 0
gpu_max_INT_MUL24P, = 0
gpu_max_INT_MUL32P, = 0
gpu_max_INT_MULP, = 0.0663132
gpu_max_INT_DIVP, = 0
gpu_max_FP_MULP, = 0
gpu_max_FP_DIVP, = 0
gpu_max_FP_SQRTP, = 0
gpu_max_FP_LGP, = 0
gpu_max_FP_SINP, = 0
gpu_max_FP_EXP, = 0
gpu_max_DP_MULP, = 0
gpu_max_DP_DIVP, = 0
gpu_max_TENSORP, = 0
gpu_max_TEXP, = 0
gpu_max_SCHEDP, = 3.15713
gpu_max_L2CP, = 0
gpu_max_MCP, = 0.576997
gpu_max_NOCP, = 0.0388695
gpu_max_DRAMP, = 0
gpu_max_PIPEP, = 2.93138
gpu_max_IDLE_COREP, = 5.09025
gpu_max_CONSTP = 32.3252
gpu_max_STATICP = 28.9004
gpu_max_TOT_INST, = 46740
gpu_max_FP_INT, = 46056
gpu_max_IC_H, = 0
gpu_max_IC_M, = 0
gpu_max_DC_RH, = 0
gpu_max_DC_RM, = 114
gpu_max_DC_WH, = 0
gpu_max_DC_WM, = 0
gpu_max_TC_H, = 0
gpu_max_TC_M, = 0
gpu_max_CC_H, = 114
gpu_max_CC_M, = 0
gpu_max_SHRD_ACC, = 2452
gpu_max_REG_RD, = 0
gpu_max_REG_WR, = 0
gpu_max_NON_REG_OPs, = 0
gpu_max_INT_ACC, = 1.01696e+07
gpu_max_FPU_ACC, = 0
gpu_max_DPU_ACC, = 0
gpu_max_INT_MUL24_ACC, = 0
gpu_max_INT_MUL32_ACC, = 0
gpu_max_INT_MUL_ACC, = 432.999
gpu_max_INT_DIV_ACC, = 0
gpu_max_FP_MUL_ACC, = 0
gpu_max_FP_DIV_ACC, = 0
gpu_max_FP_SQRT_ACC, = 0
gpu_max_FP_LG_ACC, = 0
gpu_max_FP_SIN_ACC, = 0
gpu_max_FP_EXP_ACC, = 0
gpu_max_DP_MUL_ACC, = 0
gpu_max_DP_DIV_ACC, = 0
gpu_max_TENSOR_ACC, = 0
gpu_max_TEX_ACC, = 0
gpu_max_MEM_RD, = 0
gpu_max_MEM_WR, = 0
gpu_max_MEM_PRE, = 0
gpu_max_L2_RH, = 0
gpu_max_L2_RM, = 0
gpu_max_L2_WH, = 0
gpu_max_L2_WM, = 0
gpu_max_NOC_A, = 114
gpu_max_PIPE_A, = 0.0896625
gpu_max_IDLE_CORE_N, = 18
gpu_max_constant_power = 0

Kernel Minimum Power Data:
kernel_min_power = 70.5491
gpu_min_IBP, = 0.0111736
gpu_min_ICP, = 0
gpu_min_DCP, = 0
gpu_min_TCP, = 0
gpu_min_CCP, = 0.000174698
gpu_min_SHRDP, = 0
gpu_min_RFP, = 0
gpu_min_INTP, = 0.136844
gpu_min_FPUP, = 0
gpu_min_DPUP, = 0
gpu_min_INT_MUL24P, = 0
gpu_min_INT_MUL32P, = 0
gpu_min_INT_MULP, = 0.132838
gpu_min_INT_DIVP, = 0
gpu_min_FP_MULP, = 0
gpu_min_FP_DIVP, = 0
gpu_min_FP_SQRTP, = 0
gpu_min_FP_LGP, = 0
gpu_min_FP_SINP, = 0
gpu_min_FP_EXP, = 0
gpu_min_DP_MULP, = 0
gpu_min_DP_DIVP, = 0
gpu_min_TENSORP, = 0
gpu_min_TEXP, = 0
gpu_min_SCHEDP, = 0.032904
gpu_min_L2CP, = 1.77471e-05
gpu_min_MCP, = 0.550239
gpu_min_NOCP, = 0.00136384
gpu_min_DRAMP, = 0
gpu_min_PIPEP, = 0.0883786
gpu_min_IDLE_COREP, = 36.7629
gpu_min_CONSTP = 32.3252
gpu_min_STATICP = 0.507024
gpu_min_TOT_INST, = 480
gpu_min_FP_INT, = 480
gpu_min_IC_H, = 0
gpu_min_IC_M, = 0
gpu_min_DC_RH, = 0
gpu_min_DC_RM, = 0
gpu_min_DC_WH, = 0
gpu_min_DC_WM, = 0
gpu_min_TC_H, = 0
gpu_min_TC_M, = 0
gpu_min_CC_H, = 8
gpu_min_CC_M, = 0
gpu_min_SHRD_ACC, = 0
gpu_min_REG_RD, = 0
gpu_min_REG_WR, = 0
gpu_min_NON_REG_OPs, = 0
gpu_min_INT_ACC, = 74818.5
gpu_min_FPU_ACC, = 0
gpu_min_DPU_ACC, = 0
gpu_min_INT_MUL24_ACC, = 0
gpu_min_INT_MUL32_ACC, = 0
gpu_min_INT_MUL_ACC, = 867.379
gpu_min_INT_DIV_ACC, = 0
gpu_min_FP_MUL_ACC, = 0
gpu_min_FP_DIV_ACC, = 0
gpu_min_FP_SQRT_ACC, = 0
gpu_min_FP_LG_ACC, = 0
gpu_min_FP_SIN_ACC, = 0
gpu_min_FP_EXP_ACC, = 0
gpu_min_DP_MUL_ACC, = 0
gpu_min_DP_DIV_ACC, = 0
gpu_min_TENSOR_ACC, = 0
gpu_min_TEX_ACC, = 0
gpu_min_MEM_RD, = 0
gpu_min_MEM_WR, = 0
gpu_min_MEM_PRE, = 0
gpu_min_L2_RH, = 0
gpu_min_L2_RM, = 1
gpu_min_L2_WH, = 0
gpu_min_L2_WM, = 0
gpu_min_NOC_A, = 4
gpu_min_PIPE_A, = 0.00270325
gpu_min_IDLE_CORE_N, = 130
gpu_min_constant_power = 0

Accumulative Power Statistics Over Previous Kernels:
gpu_tot_avg_power = 80.5249
gpu_tot_max_power = 154.291
gpu_tot_min_power = 60.8126


kernel_name = _ZN2at6native29vectorized_elementwise_kernelILi4ENS0_11FillFunctorIiEESt5arrayIPcLm1EEEEviT0_T1_ 
kernel_launch_uid = 42 

Kernel Average Power Data:
kernel_avg_power = 70.2756
gpu_avg_IBP, = 0.000957736
gpu_avg_ICP, = 0
gpu_avg_DCP, = 0.000152646
gpu_avg_TCP, = 0
gpu_avg_CCP, = 3.74352e-05
gpu_avg_SHRDP, = 0.00178366
gpu_avg_RFP, = 0
gpu_avg_INTP, = 0.00809848
gpu_avg_FPUP, = 0
gpu_avg_DPUP, = 0
gpu_avg_INT_MUL24P, = 0
gpu_avg_INT_MUL32P, = 0
gpu_avg_INT_MULP, = 0.000344988
gpu_avg_INT_DIVP, = 0
gpu_avg_FP_MULP, = 0
gpu_avg_FP_DIVP, = 0
gpu_avg_FP_SQRTP, = 0
gpu_avg_FP_LGP, = 0
gpu_avg_FP_SINP, = 0
gpu_avg_FP_EXP, = 0
gpu_avg_DP_MULP, = 0
gpu_avg_DP_DIVP, = 0
gpu_avg_TENSORP, = 0
gpu_avg_TEXP, = 0
gpu_avg_SCHEDP, = 0.00266365
gpu_avg_L2CP, = 0.0047508
gpu_avg_MCP, = 0.550294
gpu_avg_NOCP, = 0.00594246
gpu_avg_DRAMP, = 0
gpu_avg_PIPEP, = 0.0638926
gpu_avg_IDLE_COREP, = 37.2673
gpu_avg_CONSTP = 32.3252
gpu_avg_STATICP = 0.0441631
gpu_avg_TOT_INST, = 41.1429
gpu_avg_FP_INT, = 38.8571
gpu_avg_IC_H, = 0
gpu_avg_IC_M, = 0
gpu_avg_DC_RH, = 0
gpu_avg_DC_RM, = 0
gpu_avg_DC_WH, = 0
gpu_avg_DC_WM, = 0.142857
gpu_avg_TC_H, = 0
gpu_avg_TC_M, = 0
gpu_avg_CC_H, = 1.71429
gpu_avg_CC_M, = 0
gpu_avg_SHRD_ACC, = 4
gpu_avg_REG_RD, = 0
gpu_avg_REG_WR, = 0
gpu_avg_NON_REG_OPs, = 0
gpu_avg_INT_ACC, = 4427.79
gpu_avg_FPU_ACC, = 0
gpu_avg_DPU_ACC, = 0
gpu_avg_INT_MUL24_ACC, = 0
gpu_avg_INT_MUL32_ACC, = 0
gpu_avg_INT_MUL_ACC, = 2.25263
gpu_avg_INT_DIV_ACC, = 0
gpu_avg_FP_MUL_ACC, = 0
gpu_avg_FP_DIV_ACC, = 0
gpu_avg_FP_SQRT_ACC, = 0
gpu_avg_FP_LG_ACC, = 0
gpu_avg_FP_SIN_ACC, = 0
gpu_avg_FP_EXP_ACC, = 0
gpu_avg_DP_MUL_ACC, = 0
gpu_avg_DP_DIV_ACC, = 0
gpu_avg_TENSOR_ACC, = 0
gpu_avg_TEX_ACC, = 0
gpu_avg_MEM_RD, = 0
gpu_avg_MEM_WR, = 0
gpu_avg_MEM_PRE, = 0
gpu_avg_L2_RH, = 0
gpu_avg_L2_RM, = 0
gpu_avg_L2_WH, = 1.14286
gpu_avg_L2_WM, = 6.85714
gpu_avg_NOC_A, = 17.4286
gpu_avg_PIPE_A, = 0.00195429
gpu_avg_IDLE_CORE_N, = 131.784
gpu_avg_constant_power = 0
gpu_avg_threads_per_warp = 6.02371
gpu_tot_TOT_INST, = 288
gpu_tot_FP_INT, = 272
gpu_tot_IC_H, = 0
gpu_tot_IC_M, = 0
gpu_tot_DC_RH, = 0
gpu_tot_DC_RM, = 0
gpu_tot_DC_WH, = 0
gpu_tot_DC_WM, = 1
gpu_tot_TC_H, = 0
gpu_tot_TC_M, = 0
gpu_tot_CC_H, = 12
gpu_tot_CC_M, = 0
gpu_tot_SHRD_ACC, = 28
gpu_tot_REG_RD, = 0
gpu_tot_REG_WR, = 0
gpu_tot_NON_REG_OPs, = 0
gpu_tot_INT_ACC, = 30994.5
gpu_tot_FPU_ACC, = 0
gpu_tot_DPU_ACC, = 0
gpu_tot_INT_MUL24_ACC, = 0
gpu_tot_INT_MUL32_ACC, = 0
gpu_tot_INT_MUL_ACC, = 15.7684
gpu_tot_INT_DIV_ACC, = 0
gpu_tot_FP_MUL_ACC, = 0
gpu_tot_FP_DIV_ACC, = 0
gpu_tot_FP_SQRT_ACC, = 0
gpu_tot_FP_LG_ACC, = 0
gpu_tot_FP_SIN_ACC, = 0
gpu_tot_FP_EXP_ACC, = 0
gpu_tot_DP_MUL_ACC, = 0
gpu_tot_DP_DIV_ACC, = 0
gpu_tot_TENSOR_ACC, = 0
gpu_tot_TEX_ACC, = 0
gpu_tot_MEM_RD, = 0
gpu_tot_MEM_WR, = 0
gpu_tot_MEM_PRE, = 0
gpu_tot_L2_RH, = 0
gpu_tot_L2_RM, = 0
gpu_tot_L2_WH, = 8
gpu_tot_L2_WM, = 48
gpu_tot_NOC_A, = 122
gpu_tot_PIPE_A, = 0.01368
gpu_tot_IDLE_CORE_N, = 922.486
gpu_tot_constant_power = 0

Kernel Maximum Power Data:
kernel_max_power = 70.3146
gpu_max_IBP, = 0.00391076
gpu_max_ICP, = 0
gpu_max_DCP, = 0
gpu_max_TCP, = 0
gpu_max_CCP, = 0
gpu_max_SHRDP, = 0.0124856
gpu_max_RFP, = 0
gpu_max_INTP, = 0.028564
gpu_max_FPUP, = 0
gpu_max_DPUP, = 0
gpu_max_INT_MUL24P, = 0
gpu_max_INT_MUL32P, = 0
gpu_max_INT_MULP, = 0.000141017
gpu_max_INT_DIVP, = 0
gpu_max_FP_MULP, = 0
gpu_max_FP_DIVP, = 0
gpu_max_FP_SQRTP, = 0
gpu_max_FP_LGP, = 0
gpu_max_FP_SINP, = 0
gpu_max_FP_EXP, = 0
gpu_max_DP_MULP, = 0
gpu_max_DP_DIVP, = 0
gpu_max_TENSORP, = 0
gpu_max_TEXP, = 0
gpu_max_SCHEDP, = 0.0115164
gpu_max_L2CP, = 0.0332556
gpu_max_MCP, = 0.55022
gpu_max_NOCP, = 0.0409153
gpu_max_DRAMP, = 0
gpu_max_PIPEP, = 0.0700233
gpu_max_IDLE_COREP, = 37.0355
gpu_max_CONSTP = 32.3252
gpu_max_STATICP = 0.202824
gpu_max_TOT_INST, = 168
gpu_max_FP_INT, = 168
gpu_max_IC_H, = 0
gpu_max_IC_M, = 0
gpu_max_DC_RH, = 0
gpu_max_DC_RM, = 0
gpu_max_DC_WH, = 0
gpu_max_DC_WM, = 0
gpu_max_TC_H, = 0
gpu_max_TC_M, = 0
gpu_max_CC_H, = 0
gpu_max_CC_M, = 0
gpu_max_SHRD_ACC, = 28
gpu_max_REG_RD, = 0
gpu_max_REG_WR, = 0
gpu_max_NON_REG_OPs, = 0
gpu_max_INT_ACC, = 15617.2
gpu_max_FPU_ACC, = 0
gpu_max_DPU_ACC, = 0
gpu_max_INT_MUL24_ACC, = 0
gpu_max_INT_MUL32_ACC, = 0
gpu_max_INT_MUL_ACC, = 0.920784
gpu_max_INT_DIV_ACC, = 0
gpu_max_FP_MUL_ACC, = 0
gpu_max_FP_DIV_ACC, = 0
gpu_max_FP_SQRT_ACC, = 0
gpu_max_FP_LG_ACC, = 0
gpu_max_FP_SIN_ACC, = 0
gpu_max_FP_EXP_ACC, = 0
gpu_max_DP_MUL_ACC, = 0
gpu_max_DP_DIV_ACC, = 0
gpu_max_TENSOR_ACC, = 0
gpu_max_TEX_ACC, = 0
gpu_max_MEM_RD, = 0
gpu_max_MEM_WR, = 0
gpu_max_MEM_PRE, = 0
gpu_max_L2_RH, = 0
gpu_max_L2_RM, = 0
gpu_max_L2_WH, = 8
gpu_max_L2_WM, = 48
gpu_max_NOC_A, = 120
gpu_max_PIPE_A, = 0.00214181
gpu_max_IDLE_CORE_N, = 130.964
gpu_max_constant_power = 0

Kernel Minimum Power Data:
kernel_min_power = 70.2659
gpu_min_IBP, = 0
gpu_min_ICP, = 0
gpu_min_DCP, = 0
gpu_min_TCP, = 0
gpu_min_CCP, = 0
gpu_min_SHRDP, = 0
gpu_min_RFP, = 0
gpu_min_INTP, = 0
gpu_min_FPUP, = 0
gpu_min_DPUP, = 0
gpu_min_INT_MUL24P, = 0
gpu_min_INT_MUL32P, = 0
gpu_min_INT_MULP, = 0
gpu_min_INT_DIVP, = 0
gpu_min_FP_MULP, = 0
gpu_min_FP_DIVP, = 0
gpu_min_FP_SQRTP, = 0
gpu_min_FP_LGP, = 0
gpu_min_FP_SINP, = 0
gpu_min_FP_EXP, = 0
gpu_min_DP_MULP, = 0
gpu_min_DP_DIVP, = 0
gpu_min_TENSORP, = 0
gpu_min_TEXP, = 0
gpu_min_SCHEDP, = 0
gpu_min_L2CP, = 0
gpu_min_MCP, = 0.55022
gpu_min_NOCP, = 0
gpu_min_DRAMP, = 0
gpu_min_PIPEP, = 0.0619195
gpu_min_IDLE_COREP, = 37.3285
gpu_min_CONSTP = 32.3252
gpu_min_STATICP = 0
gpu_min_TOT_INST, = 0
gpu_min_FP_INT, = 0
gpu_min_IC_H, = 0
gpu_min_IC_M, = 0
gpu_min_DC_RH, = 0
gpu_min_DC_RM, = 0
gpu_min_DC_WH, = 0
gpu_min_DC_WM, = 0
gpu_min_TC_H, = 0
gpu_min_TC_M, = 0
gpu_min_CC_H, = 0
gpu_min_CC_M, = 0
gpu_min_SHRD_ACC, = 0
gpu_min_REG_RD, = 0
gpu_min_REG_WR, = 0
gpu_min_NON_REG_OPs, = 0
gpu_min_INT_ACC, = 0
gpu_min_FPU_ACC, = 0
gpu_min_DPU_ACC, = 0
gpu_min_INT_MUL24_ACC, = 0
gpu_min_INT_MUL32_ACC, = 0
gpu_min_INT_MUL_ACC, = 0
gpu_min_INT_DIV_ACC, = 0
gpu_min_FP_MUL_ACC, = 0
gpu_min_FP_DIV_ACC, = 0
gpu_min_FP_SQRT_ACC, = 0
gpu_min_FP_LG_ACC, = 0
gpu_min_FP_SIN_ACC, = 0
gpu_min_FP_EXP_ACC, = 0
gpu_min_DP_MUL_ACC, = 0
gpu_min_DP_DIV_ACC, = 0
gpu_min_TENSOR_ACC, = 0
gpu_min_TEX_ACC, = 0
gpu_min_MEM_RD, = 0
gpu_min_MEM_WR, = 0
gpu_min_MEM_PRE, = 0
gpu_min_L2_RH, = 0
gpu_min_L2_RM, = 0
gpu_min_L2_WH, = 0
gpu_min_L2_WM, = 0
gpu_min_NOC_A, = 0
gpu_min_PIPE_A, = 0.00189394
gpu_min_IDLE_CORE_N, = 132
gpu_min_constant_power = 0

Accumulative Power Statistics Over Previous Kernels:
gpu_tot_avg_power = 80.3994
gpu_tot_max_power = 154.291
gpu_tot_min_power = 60.8126


kernel_name = nvjet_sm90_tst_64x8_64x16_4x1_v_bz_TNT 
kernel_launch_uid = 43 

Kernel Average Power Data:
kernel_avg_power = 78.0543
gpu_avg_IBP, = 0.13948
gpu_avg_ICP, = 0
gpu_avg_DCP, = 0
gpu_avg_TCP, = 0
gpu_avg_CCP, = 0.000974275
gpu_avg_SHRDP, = 0.126503
gpu_avg_RFP, = 0
gpu_avg_INTP, = 2.69619
gpu_avg_FPUP, = 0.0142119
gpu_avg_DPUP, = 0
gpu_avg_INT_MUL24P, = 0
gpu_avg_INT_MUL32P, = 0
gpu_avg_INT_MULP, = 0.246281
gpu_avg_INT_DIVP, = 0
gpu_avg_FP_MULP, = 0
gpu_avg_FP_DIVP, = 0
gpu_avg_FP_SQRTP, = 0
gpu_avg_FP_LGP, = 0
gpu_avg_FP_SINP, = 0
gpu_avg_FP_EXP, = 0
gpu_avg_DP_MULP, = 0
gpu_avg_DP_DIVP, = 0
gpu_avg_TENSORP, = 0
gpu_avg_TEXP, = 0
gpu_avg_SCHEDP, = 0.400247
gpu_avg_L2CP, = 0.23085
gpu_avg_MCP, = 0.550325
gpu_avg_NOCP, = 3.96839
gpu_avg_DRAMP, = 0
gpu_avg_PIPEP, = 0.355566
gpu_avg_IDLE_COREP, = 34.9634
gpu_avg_CONSTP = 32.3252
gpu_avg_STATICP = 2.03671
gpu_avg_TOT_INST, = 5991.85
gpu_avg_FP_INT, = 5838.77
gpu_avg_IC_H, = 0
gpu_avg_IC_M, = 0
gpu_avg_DC_RH, = 0
gpu_avg_DC_RM, = 0
gpu_avg_DC_WH, = 0
gpu_avg_DC_WM, = 0
gpu_avg_TC_H, = 0
gpu_avg_TC_M, = 0
gpu_avg_CC_H, = 44.6154
gpu_avg_CC_M, = 0
gpu_avg_SHRD_ACC, = 283.692
gpu_avg_REG_RD, = 0
gpu_avg_REG_WR, = 0
gpu_avg_NON_REG_OPs, = 0
gpu_avg_INT_ACC, = 1.47412e+06
gpu_avg_FPU_ACC, = 190.356
gpu_avg_DPU_ACC, = 0
gpu_avg_INT_MUL24_ACC, = 0
gpu_avg_INT_MUL32_ACC, = 0
gpu_avg_INT_MUL_ACC, = 1608.11
gpu_avg_INT_DIV_ACC, = 0
gpu_avg_FP_MUL_ACC, = 0
gpu_avg_FP_DIV_ACC, = 0
gpu_avg_FP_SQRT_ACC, = 0
gpu_avg_FP_LG_ACC, = 0
gpu_avg_FP_SIN_ACC, = 0
gpu_avg_FP_EXP_ACC, = 0
gpu_avg_DP_MUL_ACC, = 0
gpu_avg_DP_DIV_ACC, = 0
gpu_avg_TENSOR_ACC, = 0
gpu_avg_TEX_ACC, = 0
gpu_avg_MEM_RD, = 0
gpu_avg_MEM_WR, = 0
gpu_avg_MEM_PRE, = 0
gpu_avg_L2_RH, = 636.923
gpu_avg_L2_RM, = 3227.08
gpu_avg_L2_WH, = 0.0769231
gpu_avg_L2_WM, = 0
gpu_avg_NOC_A, = 11638.8
gpu_avg_PIPE_A, = 0.0108757
gpu_avg_IDLE_CORE_N, = 123.636
gpu_avg_constant_power = 0
gpu_avg_threads_per_warp = 15.0909
gpu_tot_TOT_INST, = 77894
gpu_tot_FP_INT, = 75904
gpu_tot_IC_H, = 0
gpu_tot_IC_M, = 0
gpu_tot_DC_RH, = 0
gpu_tot_DC_RM, = 0
gpu_tot_DC_WH, = 0
gpu_tot_DC_WM, = 0
gpu_tot_TC_H, = 0
gpu_tot_TC_M, = 0
gpu_tot_CC_H, = 580
gpu_tot_CC_M, = 0
gpu_tot_SHRD_ACC, = 3688
gpu_tot_REG_RD, = 0
gpu_tot_REG_WR, = 0
gpu_tot_NON_REG_OPs, = 0
gpu_tot_INT_ACC, = 1.91636e+07
gpu_tot_FPU_ACC, = 2474.62
gpu_tot_DPU_ACC, = 0
gpu_tot_INT_MUL24_ACC, = 0
gpu_tot_INT_MUL32_ACC, = 0
gpu_tot_INT_MUL_ACC, = 20905.5
gpu_tot_INT_DIV_ACC, = 0
gpu_tot_FP_MUL_ACC, = 0
gpu_tot_FP_DIV_ACC, = 0
gpu_tot_FP_SQRT_ACC, = 0
gpu_tot_FP_LG_ACC, = 0
gpu_tot_FP_SIN_ACC, = 0
gpu_tot_FP_EXP_ACC, = 0
gpu_tot_DP_MUL_ACC, = 0
gpu_tot_DP_DIV_ACC, = 0
gpu_tot_TENSOR_ACC, = 0
gpu_tot_TEX_ACC, = 0
gpu_tot_MEM_RD, = 0
gpu_tot_MEM_WR, = 0
gpu_tot_MEM_PRE, = 0
gpu_tot_L2_RH, = 8280
gpu_tot_L2_RM, = 41952
gpu_tot_L2_WH, = 1
gpu_tot_L2_WM, = 0
gpu_tot_NOC_A, = 151305
gpu_tot_PIPE_A, = 0.141384
gpu_tot_IDLE_CORE_N, = 1607.27
gpu_tot_constant_power = 0

Kernel Maximum Power Data:
kernel_max_power = 91.1567
gpu_max_IBP, = 0.250125
gpu_max_ICP, = 0
gpu_max_DCP, = 0
gpu_max_TCP, = 0
gpu_max_CCP, = 0
gpu_max_SHRDP, = 0.251051
gpu_max_RFP, = 0
gpu_max_INTP, = 5.34141
gpu_max_FPUP, = 0
gpu_max_DPUP, = 0
gpu_max_INT_MUL24P, = 0
gpu_max_INT_MUL32P, = 0
gpu_max_INT_MULP, = 0.13594
gpu_max_INT_DIVP, = 0
gpu_max_FP_MULP, = 0
gpu_max_FP_DIVP, = 0
gpu_max_FP_SQRTP, = 0
gpu_max_FP_LGP, = 0
gpu_max_FP_SINP, = 0
gpu_max_FP_EXP, = 0
gpu_max_DP_MULP, = 0
gpu_max_DP_DIVP, = 0
gpu_max_TENSORP, = 0
gpu_max_TEXP, = 0
gpu_max_SCHEDP, = 0.717169
gpu_max_L2CP, = 0.805073
gpu_max_MCP, = 0.55022
gpu_max_NOCP, = 13.618
gpu_max_DRAMP, = 0
gpu_max_PIPEP, = 0.586746
gpu_max_IDLE_COREP, = 32.8038
gpu_max_CONSTP = 32.3252
gpu_max_STATICP = 3.77196
gpu_max_TOT_INST, = 10745
gpu_max_FP_INT, = 10462
gpu_max_IC_H, = 0
gpu_max_IC_M, = 0
gpu_max_DC_RH, = 0
gpu_max_DC_RM, = 0
gpu_max_DC_WH, = 0
gpu_max_DC_WM, = 0
gpu_max_TC_H, = 0
gpu_max_TC_M, = 0
gpu_max_CC_H, = 0
gpu_max_CC_M, = 0
gpu_max_SHRD_ACC, = 563
gpu_max_REG_RD, = 0
gpu_max_REG_WR, = 0
gpu_max_NON_REG_OPs, = 0
gpu_max_INT_ACC, = 2.92038e+06
gpu_max_FPU_ACC, = 0
gpu_max_DPU_ACC, = 0
gpu_max_INT_MUL24_ACC, = 0
gpu_max_INT_MUL32_ACC, = 0
gpu_max_INT_MUL_ACC, = 887.636
gpu_max_INT_DIV_ACC, = 0
gpu_max_FP_MUL_ACC, = 0
gpu_max_FP_DIV_ACC, = 0
gpu_max_FP_SQRT_ACC, = 0
gpu_max_FP_LG_ACC, = 0
gpu_max_FP_SIN_ACC, = 0
gpu_max_FP_EXP_ACC, = 0
gpu_max_DP_MUL_ACC, = 0
gpu_max_DP_DIV_ACC, = 0
gpu_max_TENSOR_ACC, = 0
gpu_max_TEX_ACC, = 0
gpu_max_MEM_RD, = 0
gpu_max_MEM_WR, = 0
gpu_max_MEM_PRE, = 0
gpu_max_L2_RH, = 2226
gpu_max_L2_RM, = 11197
gpu_max_L2_WH, = 0
gpu_max_L2_WM, = 0
gpu_max_NOC_A, = 39940
gpu_max_PIPE_A, = 0.0179469
gpu_max_IDLE_CORE_N, = 116
gpu_max_constant_power = 0

Kernel Minimum Power Data:
kernel_min_power = 70.2632
gpu_min_IBP, = 0
gpu_min_ICP, = 0
gpu_min_DCP, = 0
gpu_min_TCP, = 0
gpu_min_CCP, = 0
gpu_min_SHRDP, = 0
gpu_min_RFP, = 0
gpu_min_INTP, = 0
gpu_min_FPUP, = 0
gpu_min_DPUP, = 0
gpu_min_INT_MUL24P, = 0
gpu_min_INT_MUL32P, = 0
gpu_min_INT_MULP, = 0
gpu_min_INT_DIVP, = 0
gpu_min_FP_MULP, = 0
gpu_min_FP_DIVP, = 0
gpu_min_FP_SQRTP, = 0
gpu_min_FP_LGP, = 0
gpu_min_FP_SINP, = 0
gpu_min_FP_EXP, = 0
gpu_min_DP_MULP, = 0
gpu_min_DP_DIVP, = 0
gpu_min_TENSORP, = 0
gpu_min_TEXP, = 0
gpu_min_SCHEDP, = 0
gpu_min_L2CP, = 0.00106817
gpu_min_MCP, = 0.55022
gpu_min_NOCP, = 0.000340961
gpu_min_DRAMP, = 0
gpu_min_PIPEP, = 0.0619195
gpu_min_IDLE_COREP, = 37.268
gpu_min_CONSTP = 32.3252
gpu_min_STATICP = 0.0564111
gpu_min_TOT_INST, = 0
gpu_min_FP_INT, = 0
gpu_min_IC_H, = 0
gpu_min_IC_M, = 0
gpu_min_DC_RH, = 0
gpu_min_DC_RM, = 0
gpu_min_DC_WH, = 0
gpu_min_DC_WM, = 0
gpu_min_TC_H, = 0
gpu_min_TC_M, = 0
gpu_min_CC_H, = 0
gpu_min_CC_M, = 0
gpu_min_SHRD_ACC, = 0
gpu_min_REG_RD, = 0
gpu_min_REG_WR, = 0
gpu_min_NON_REG_OPs, = 0
gpu_min_INT_ACC, = 0
gpu_min_FPU_ACC, = 0
gpu_min_DPU_ACC, = 0
gpu_min_INT_MUL24_ACC, = 0
gpu_min_INT_MUL32_ACC, = 0
gpu_min_INT_MUL_ACC, = 0
gpu_min_INT_DIV_ACC, = 0
gpu_min_FP_MUL_ACC, = 0
gpu_min_FP_DIV_ACC, = 0
gpu_min_FP_SQRT_ACC, = 0
gpu_min_FP_LG_ACC, = 0
gpu_min_FP_SIN_ACC, = 0
gpu_min_FP_EXP_ACC, = 0
gpu_min_DP_MUL_ACC, = 0
gpu_min_DP_DIV_ACC, = 0
gpu_min_TENSOR_ACC, = 0
gpu_min_TEX_ACC, = 0
gpu_min_MEM_RD, = 0
gpu_min_MEM_WR, = 0
gpu_min_MEM_PRE, = 0
gpu_min_L2_RH, = 0
gpu_min_L2_RM, = 0
gpu_min_L2_WH, = 1
gpu_min_L2_WM, = 0
gpu_min_NOC_A, = 1
gpu_min_PIPE_A, = 0.00189394
gpu_min_IDLE_CORE_N, = 131.786
gpu_min_constant_power = 0

Accumulative Power Statistics Over Previous Kernels:
gpu_tot_avg_power = 80.3473
gpu_tot_max_power = 154.291
gpu_tot_min_power = 60.8126


kernel_name = _ZN4vllm25fused_add_rms_norm_kernelIN3c108BFloat16ELi8ELb1EEENSt9enable_ifIXaagtT0_Li0Esr4vllm12_typeConvertIT_EE6existsEvE4typeEPS4_lS7_PKS4_fiil 
kernel_launch_uid = 44 

Kernel Average Power Data:
kernel_avg_power = 70.4468
gpu_avg_IBP, = 0.00664067
gpu_avg_ICP, = 0
gpu_avg_DCP, = 0.0308854
gpu_avg_TCP, = 0
gpu_avg_CCP, = 0.000134994
gpu_avg_SHRDP, = 0.00324303
gpu_avg_RFP, = 0
gpu_avg_INTP, = 0.0912617
gpu_avg_FPUP, = 0.0200566
gpu_avg_DPUP, = 0
gpu_avg_INT_MUL24P, = 0
gpu_avg_INT_MUL32P, = 0
gpu_avg_INT_MULP, = 0.0166528
gpu_avg_INT_DIVP, = 0
gpu_avg_FP_MULP, = 0.00377508
gpu_avg_FP_DIVP, = 0
gpu_avg_FP_SQRTP, = 2.71615e-06
gpu_avg_FP_LGP, = 0
gpu_avg_FP_SINP, = 0
gpu_avg_FP_EXP, = 5.0406e-06
gpu_avg_DP_MULP, = 0
gpu_avg_DP_DIVP, = 0
gpu_avg_TENSORP, = 0
gpu_avg_TEXP, = 0
gpu_avg_SCHEDP, = 0.0184649
gpu_avg_L2CP, = 0.0137398
gpu_avg_MCP, = 0.554919
gpu_avg_NOCP, = 0.026285
gpu_avg_DRAMP, = 0
gpu_avg_PIPEP, = 0.0154991
gpu_avg_IDLE_COREP, = 37.0693
gpu_avg_CONSTP = 32.3252
gpu_avg_STATICP = 0.250704
gpu_avg_TOT_INST, = 285.273
gpu_avg_FP_INT, = 269.364
gpu_avg_IC_H, = 0
gpu_avg_IC_M, = 0
gpu_avg_DC_RH, = 10.1818
gpu_avg_DC_RM, = 10.1818
gpu_avg_DC_WH, = 10.1818
gpu_avg_DC_WM, = 0
gpu_avg_TC_H, = 0
gpu_avg_TC_M, = 0
gpu_avg_CC_H, = 6.18182
gpu_avg_CC_M, = 0
gpu_avg_SHRD_ACC, = 7.27273
gpu_avg_REG_RD, = 0
gpu_avg_REG_WR, = 0
gpu_avg_NON_REG_OPs, = 0
gpu_avg_INT_ACC, = 49896.7
gpu_avg_FPU_ACC, = 268.639
gpu_avg_DPU_ACC, = 0
gpu_avg_INT_MUL24_ACC, = 0
gpu_avg_INT_MUL32_ACC, = 0
gpu_avg_INT_MUL_ACC, = 108.736
gpu_avg_INT_DIV_ACC, = 0
gpu_avg_FP_MUL_ACC, = 24.6497
gpu_avg_FP_DIV_ACC, = 0
gpu_avg_FP_SQRT_ACC, = 0.0177354
gpu_avg_FP_LG_ACC, = 0
gpu_avg_FP_SIN_ACC, = 0
gpu_avg_FP_EXP_ACC, = 0.0329131
gpu_avg_DP_MUL_ACC, = 0
gpu_avg_DP_DIV_ACC, = 0
gpu_avg_TENSOR_ACC, = 0
gpu_avg_TEX_ACC, = 0
gpu_avg_MEM_RD, = 0
gpu_avg_MEM_WR, = 0
gpu_avg_MEM_PRE, = 0
gpu_avg_L2_RH, = 10.1818
gpu_avg_L2_RM, = 5.09091
gpu_avg_L2_WH, = 10.1818
gpu_avg_L2_WM, = 0
gpu_avg_NOC_A, = 77.0909
gpu_avg_PIPE_A, = 0.000474071
gpu_avg_IDLE_CORE_N, = 131.083
gpu_avg_constant_power = 0
gpu_avg_threads_per_warp = 14.72
gpu_tot_TOT_INST, = 3138
gpu_tot_FP_INT, = 2963
gpu_tot_IC_H, = 0
gpu_tot_IC_M, = 0
gpu_tot_DC_RH, = 112
gpu_tot_DC_RM, = 112
gpu_tot_DC_WH, = 112
gpu_tot_DC_WM, = 0
gpu_tot_TC_H, = 0
gpu_tot_TC_M, = 0
gpu_tot_CC_H, = 68
gpu_tot_CC_M, = 0
gpu_tot_SHRD_ACC, = 80
gpu_tot_REG_RD, = 0
gpu_tot_REG_WR, = 0
gpu_tot_NON_REG_OPs, = 0
gpu_tot_INT_ACC, = 548864
gpu_tot_FPU_ACC, = 2955.03
gpu_tot_DPU_ACC, = 0
gpu_tot_INT_MUL24_ACC, = 0
gpu_tot_INT_MUL32_ACC, = 0
gpu_tot_INT_MUL_ACC, = 1196.1
gpu_tot_INT_DIV_ACC, = 0
gpu_tot_FP_MUL_ACC, = 271.147
gpu_tot_FP_DIV_ACC, = 0
gpu_tot_FP_SQRT_ACC, = 0.195089
gpu_tot_FP_LG_ACC, = 0
gpu_tot_FP_SIN_ACC, = 0
gpu_tot_FP_EXP_ACC, = 0.362044
gpu_tot_DP_MUL_ACC, = 0
gpu_tot_DP_DIV_ACC, = 0
gpu_tot_TENSOR_ACC, = 0
gpu_tot_TEX_ACC, = 0
gpu_tot_MEM_RD, = 0
gpu_tot_MEM_WR, = 0
gpu_tot_MEM_PRE, = 0
gpu_tot_L2_RH, = 112
gpu_tot_L2_RM, = 56
gpu_tot_L2_WH, = 112
gpu_tot_L2_WM, = 0
gpu_tot_NOC_A, = 848
gpu_tot_PIPE_A, = 0.00521478
gpu_tot_IDLE_CORE_N, = 1441.92
gpu_tot_constant_power = 0

Kernel Maximum Power Data:
kernel_max_power = 71.144
gpu_max_IBP, = 0.0188554
gpu_max_ICP, = 0
gpu_max_DCP, = 0.162649
gpu_max_TCP, = 0
gpu_max_CCP, = 0.000131023
gpu_max_SHRDP, = 0.010702
gpu_max_RFP, = 0
gpu_max_INTP, = 0.346934
gpu_max_FPUP, = 0.126228
gpu_max_DPUP, = 0
gpu_max_INT_MUL24P, = 0
gpu_max_INT_MUL32P, = 0
gpu_max_INT_MULP, = 0.0293315
gpu_max_INT_DIVP, = 0
gpu_max_FP_MULP, = 0.00372896
gpu_max_FP_DIVP, = 0
gpu_max_FP_SQRTP, = 0
gpu_max_FP_LGP, = 0
gpu_max_FP_SINP, = 0
gpu_max_FP_EXP, = 0
gpu_max_DP_MULP, = 0
gpu_max_DP_DIVP, = 0
gpu_max_TENSORP, = 0
gpu_max_TEXP, = 0
gpu_max_SCHEDP, = 0.0527834
gpu_max_L2CP, = 0.0305086
gpu_max_MCP, = 0.574947
gpu_max_NOCP, = 0.113199
gpu_max_DRAMP, = 0
gpu_max_PIPEP, = 0.0398607
gpu_max_IDLE_COREP, = 37.0457
gpu_max_CONSTP = 32.3252
gpu_max_STATICP = 0.263248
gpu_max_TOT_INST, = 810
gpu_max_FP_INT, = 770
gpu_max_IC_H, = 0
gpu_max_IC_M, = 0
gpu_max_DC_RH, = 56
gpu_max_DC_RM, = 56
gpu_max_DC_WH, = 0
gpu_max_DC_WM, = 0
gpu_max_TC_H, = 0
gpu_max_TC_M, = 0
gpu_max_CC_H, = 6
gpu_max_CC_M, = 0
gpu_max_SHRD_ACC, = 24
gpu_max_REG_RD, = 0
gpu_max_REG_WR, = 0
gpu_max_NON_REG_OPs, = 0
gpu_max_INT_ACC, = 189684
gpu_max_FPU_ACC, = 1690.71
gpu_max_DPU_ACC, = 0
gpu_max_INT_MUL24_ACC, = 0
gpu_max_INT_MUL32_ACC, = 0
gpu_max_INT_MUL_ACC, = 191.523
gpu_max_INT_DIV_ACC, = 0
gpu_max_FP_MUL_ACC, = 24.3486
gpu_max_FP_DIV_ACC, = 0
gpu_max_FP_SQRT_ACC, = 0
gpu_max_FP_LG_ACC, = 0
gpu_max_FP_SIN_ACC, = 0
gpu_max_FP_EXP_ACC, = 0
gpu_max_DP_MUL_ACC, = 0
gpu_max_DP_DIV_ACC, = 0
gpu_max_TENSOR_ACC, = 0
gpu_max_TEX_ACC, = 0
gpu_max_MEM_RD, = 0
gpu_max_MEM_WR, = 0
gpu_max_MEM_PRE, = 0
gpu_max_L2_RH, = 112
gpu_max_L2_RM, = 0
gpu_max_L2_WH, = 0
gpu_max_L2_WM, = 0
gpu_max_NOC_A, = 332
gpu_max_PIPE_A, = 0.00121922
gpu_max_IDLE_CORE_N, = 131
gpu_max_constant_power = 0

Kernel Minimum Power Data:
kernel_min_power = 70.2039
gpu_min_IBP, = 0
gpu_min_ICP, = 0
gpu_min_DCP, = 0
gpu_min_TCP, = 0
gpu_min_CCP, = 0
gpu_min_SHRDP, = 0
gpu_min_RFP, = 0
gpu_min_INTP, = 0
gpu_min_FPUP, = 0
gpu_min_DPUP, = 0
gpu_min_INT_MUL24P, = 0
gpu_min_INT_MUL32P, = 0
gpu_min_INT_MULP, = 0
gpu_min_INT_DIVP, = 0
gpu_min_FP_MULP, = 0
gpu_min_FP_DIVP, = 0
gpu_min_FP_SQRTP, = 0
gpu_min_FP_LGP, = 0
gpu_min_FP_SINP, = 0
gpu_min_FP_EXP, = 0
gpu_min_DP_MULP, = 0
gpu_min_DP_DIVP, = 0
gpu_min_TENSORP, = 0
gpu_min_TEXP, = 0
gpu_min_SCHEDP, = 0
gpu_min_L2CP, = 0
gpu_min_MCP, = 0.55022
gpu_min_NOCP, = 0
gpu_min_DRAMP, = 0
gpu_min_PIPEP, = 0
gpu_min_IDLE_COREP, = 37.3285
gpu_min_CONSTP = 32.3252
gpu_min_STATICP = 0
gpu_min_TOT_INST, = 0
gpu_min_FP_INT, = 0
gpu_min_IC_H, = 0
gpu_min_IC_M, = 0
gpu_min_DC_RH, = 0
gpu_min_DC_RM, = 0
gpu_min_DC_WH, = 0
gpu_min_DC_WM, = 0
gpu_min_TC_H, = 0
gpu_min_TC_M, = 0
gpu_min_CC_H, = 0
gpu_min_CC_M, = 0
gpu_min_SHRD_ACC, = 0
gpu_min_REG_RD, = 0
gpu_min_REG_WR, = 0
gpu_min_NON_REG_OPs, = 0
gpu_min_INT_ACC, = 0
gpu_min_FPU_ACC, = 0
gpu_min_DPU_ACC, = 0
gpu_min_INT_MUL24_ACC, = 0
gpu_min_INT_MUL32_ACC, = 0
gpu_min_INT_MUL_ACC, = 0
gpu_min_INT_DIV_ACC, = 0
gpu_min_FP_MUL_ACC, = 0
gpu_min_FP_DIV_ACC, = 0
gpu_min_FP_SQRT_ACC, = 0
gpu_min_FP_LG_ACC, = 0
gpu_min_FP_SIN_ACC, = 0
gpu_min_FP_EXP_ACC, = 0
gpu_min_DP_MUL_ACC, = 0
gpu_min_DP_DIV_ACC, = 0
gpu_min_TENSOR_ACC, = 0
gpu_min_TEX_ACC, = 0
gpu_min_MEM_RD, = 0
gpu_min_MEM_WR, = 0
gpu_min_MEM_PRE, = 0
gpu_min_L2_RH, = 0
gpu_min_L2_RM, = 0
gpu_min_L2_WH, = 0
gpu_min_L2_WM, = 0
gpu_min_NOC_A, = 0
gpu_min_PIPE_A, = 0
gpu_min_IDLE_CORE_N, = 132
gpu_min_constant_power = 0

Accumulative Power Statistics Over Previous Kernels:
gpu_tot_avg_power = 80.1646
gpu_tot_max_power = 154.291
gpu_tot_min_power = 60.8126


kernel_name = nvjet_sm90_tst_128x8_64x12_4x1_v_bz_TNT 
kernel_launch_uid = 45 

Kernel Average Power Data:
kernel_avg_power = 110.102
gpu_avg_IBP, = 0.448162
gpu_avg_ICP, = 0
gpu_avg_DCP, = 0
gpu_avg_TCP, = 0
gpu_avg_CCP, = 0.00261572
gpu_avg_SHRDP, = 0.32517
gpu_avg_RFP, = 0
gpu_avg_INTP, = 8.97186
gpu_avg_FPUP, = 0.0836296
gpu_avg_DPUP, = 0
gpu_avg_INT_MUL24P, = 0
gpu_avg_INT_MUL32P, = 0
gpu_avg_INT_MULP, = 0.686839
gpu_avg_INT_DIVP, = 0
gpu_avg_FP_MULP, = 0
gpu_avg_FP_DIVP, = 0
gpu_avg_FP_SQRTP, = 0
gpu_avg_FP_LGP, = 0
gpu_avg_FP_SINP, = 0
gpu_avg_FP_EXP, = 0
gpu_avg_DP_MULP, = 0
gpu_avg_DP_DIVP, = 0
gpu_avg_TENSORP, = 0
gpu_avg_TEXP, = 0
gpu_avg_SCHEDP, = 1.27751
gpu_avg_L2CP, = 4.18129
gpu_avg_MCP, = 0.550501
gpu_avg_NOCP, = 24.3024
gpu_avg_DRAMP, = 0
gpu_avg_PIPEP, = 1.10898
gpu_avg_IDLE_COREP, = 23.3437
gpu_avg_CONSTP = 32.3252
gpu_avg_STATICP = 12.4941
gpu_avg_TOT_INST, = 19252.3
gpu_avg_FP_INT, = 18636.2
gpu_avg_IC_H, = 0
gpu_avg_IC_M, = 0
gpu_avg_DC_RH, = 0
gpu_avg_DC_RM, = 0
gpu_avg_DC_WH, = 0
gpu_avg_DC_WM, = 0
gpu_avg_TC_H, = 0
gpu_avg_TC_M, = 0
gpu_avg_CC_H, = 119.783
gpu_avg_CC_M, = 0
gpu_avg_SHRD_ACC, = 729.217
gpu_avg_REG_RD, = 0
gpu_avg_REG_WR, = 0
gpu_avg_NON_REG_OPs, = 0
gpu_avg_INT_ACC, = 4.9053e+06
gpu_avg_FPU_ACC, = 1120.14
gpu_avg_DPU_ACC, = 0
gpu_avg_INT_MUL24_ACC, = 0
gpu_avg_INT_MUL32_ACC, = 0
gpu_avg_INT_MUL_ACC, = 4484.78
gpu_avg_INT_DIV_ACC, = 0
gpu_avg_FP_MUL_ACC, = 0
gpu_avg_FP_DIV_ACC, = 0
gpu_avg_FP_SQRT_ACC, = 0
gpu_avg_FP_LG_ACC, = 0
gpu_avg_FP_SIN_ACC, = 0
gpu_avg_FP_EXP_ACC, = 0
gpu_avg_DP_MUL_ACC, = 0
gpu_avg_DP_DIV_ACC, = 0
gpu_avg_TENSOR_ACC, = 0
gpu_avg_TEX_ACC, = 0
gpu_avg_MEM_RD, = 0
gpu_avg_MEM_WR, = 0
gpu_avg_MEM_PRE, = 0
gpu_avg_L2_RH, = 14689.4
gpu_avg_L2_RM, = 9011.3
gpu_avg_L2_WH, = 10.087
gpu_avg_L2_WM, = 17.913
gpu_avg_NOC_A, = 71276.3
gpu_avg_PIPE_A, = 0.0339205
gpu_avg_IDLE_CORE_N, = 82.5475
gpu_avg_constant_power = 0
gpu_avg_threads_per_warp = 21.3756
gpu_tot_TOT_INST, = 442804
gpu_tot_FP_INT, = 428632
gpu_tot_IC_H, = 0
gpu_tot_IC_M, = 0
gpu_tot_DC_RH, = 0
gpu_tot_DC_RM, = 0
gpu_tot_DC_WH, = 0
gpu_tot_DC_WM, = 0
gpu_tot_TC_H, = 0
gpu_tot_TC_M, = 0
gpu_tot_CC_H, = 2755
gpu_tot_CC_M, = 0
gpu_tot_SHRD_ACC, = 16772
gpu_tot_REG_RD, = 0
gpu_tot_REG_WR, = 0
gpu_tot_NON_REG_OPs, = 0
gpu_tot_INT_ACC, = 1.12822e+08
gpu_tot_FPU_ACC, = 25763.2
gpu_tot_DPU_ACC, = 0
gpu_tot_INT_MUL24_ACC, = 0
gpu_tot_INT_MUL32_ACC, = 0
gpu_tot_INT_MUL_ACC, = 103150
gpu_tot_INT_DIV_ACC, = 0
gpu_tot_FP_MUL_ACC, = 0
gpu_tot_FP_DIV_ACC, = 0
gpu_tot_FP_SQRT_ACC, = 0
gpu_tot_FP_LG_ACC, = 0
gpu_tot_FP_SIN_ACC, = 0
gpu_tot_FP_EXP_ACC, = 0
gpu_tot_DP_MUL_ACC, = 0
gpu_tot_DP_DIV_ACC, = 0
gpu_tot_TENSOR_ACC, = 0
gpu_tot_TEX_ACC, = 0
gpu_tot_MEM_RD, = 0
gpu_tot_MEM_WR, = 0
gpu_tot_MEM_PRE, = 0
gpu_tot_L2_RH, = 337856
gpu_tot_L2_RM, = 207260
gpu_tot_L2_WH, = 232
gpu_tot_L2_WM, = 412
gpu_tot_NOC_A, = 1.63935e+06
gpu_tot_PIPE_A, = 0.780171
gpu_tot_IDLE_CORE_N, = 1898.59
gpu_tot_constant_power = 0

Kernel Maximum Power Data:
kernel_max_power = 145.361
gpu_max_IBP, = 0.539638
gpu_max_ICP, = 0
gpu_max_DCP, = 0
gpu_max_TCP, = 0
gpu_max_CCP, = 0
gpu_max_SHRDP, = 0.482035
gpu_max_RFP, = 0
gpu_max_INTP, = 11.6607
gpu_max_FPUP, = 0
gpu_max_DPUP, = 0
gpu_max_INT_MUL24P, = 0
gpu_max_INT_MUL32P, = 0
gpu_max_INT_MULP, = 0.23296
gpu_max_INT_DIVP, = 0
gpu_max_FP_MULP, = 0
gpu_max_FP_DIVP, = 0
gpu_max_FP_SQRTP, = 0
gpu_max_FP_LGP, = 0
gpu_max_FP_SINP, = 0
gpu_max_FP_EXP, = 0
gpu_max_DP_MULP, = 0
gpu_max_DP_DIVP, = 0
gpu_max_TENSORP, = 0
gpu_max_TEXP, = 0
gpu_max_SCHEDP, = 1.54402
gpu_max_L2CP, = 8.92878
gpu_max_MCP, = 0.55022
gpu_max_NOCP, = 53.715
gpu_max_DRAMP, = 0
gpu_max_PIPEP, = 1.29178
gpu_max_IDLE_COREP, = 15.8363
gpu_max_CONSTP = 32.3252
gpu_max_STATICP = 18.2543
gpu_max_TOT_INST, = 23182
gpu_max_FP_INT, = 22524
gpu_max_IC_H, = 0
gpu_max_IC_M, = 0
gpu_max_DC_RH, = 0
gpu_max_DC_RM, = 0
gpu_max_DC_WH, = 0
gpu_max_DC_WM, = 0
gpu_max_TC_H, = 0
gpu_max_TC_M, = 0
gpu_max_CC_H, = 0
gpu_max_CC_M, = 0
gpu_max_SHRD_ACC, = 1081
gpu_max_REG_RD, = 0
gpu_max_REG_WR, = 0
gpu_max_NON_REG_OPs, = 0
gpu_max_INT_ACC, = 6.3754e+06
gpu_max_FPU_ACC, = 0
gpu_max_DPU_ACC, = 0
gpu_max_INT_MUL24_ACC, = 0
gpu_max_INT_MUL32_ACC, = 0
gpu_max_INT_MUL_ACC, = 1521.14
gpu_max_INT_DIV_ACC, = 0
gpu_max_FP_MUL_ACC, = 0
gpu_max_FP_DIV_ACC, = 0
gpu_max_FP_SQRT_ACC, = 0
gpu_max_FP_LG_ACC, = 0
gpu_max_FP_SIN_ACC, = 0
gpu_max_FP_EXP_ACC, = 0
gpu_max_DP_MUL_ACC, = 0
gpu_max_DP_DIV_ACC, = 0
gpu_max_TENSOR_ACC, = 0
gpu_max_TEX_ACC, = 0
gpu_max_MEM_RD, = 0
gpu_max_MEM_WR, = 0
gpu_max_MEM_PRE, = 0
gpu_max_L2_RH, = 31669
gpu_max_L2_RM, = 17028
gpu_max_L2_WH, = 0
gpu_max_L2_WM, = 0
gpu_max_NOC_A, = 157540
gpu_max_PIPE_A, = 0.0395118
gpu_max_IDLE_CORE_N, = 56
gpu_max_constant_power = 0

Kernel Minimum Power Data:
kernel_min_power = 70.2039
gpu_min_IBP, = 0
gpu_min_ICP, = 0
gpu_min_DCP, = 0
gpu_min_TCP, = 0
gpu_min_CCP, = 0
gpu_min_SHRDP, = 0
gpu_min_RFP, = 0
gpu_min_INTP, = 0
gpu_min_FPUP, = 0
gpu_min_DPUP, = 0
gpu_min_INT_MUL24P, = 0
gpu_min_INT_MUL32P, = 0
gpu_min_INT_MULP, = 0
gpu_min_INT_DIVP, = 0
gpu_min_FP_MULP, = 0
gpu_min_FP_DIVP, = 0
gpu_min_FP_SQRTP, = 0
gpu_min_FP_LGP, = 0
gpu_min_FP_SINP, = 0
gpu_min_FP_EXP, = 0
gpu_min_DP_MULP, = 0
gpu_min_DP_DIVP, = 0
gpu_min_TENSORP, = 0
gpu_min_TEXP, = 0
gpu_min_SCHEDP, = 0
gpu_min_L2CP, = 0
gpu_min_MCP, = 0.55022
gpu_min_NOCP, = 0
gpu_min_DRAMP, = 0
gpu_min_PIPEP, = 0
gpu_min_IDLE_COREP, = 37.3285
gpu_min_CONSTP = 32.3252
gpu_min_STATICP = 0
gpu_min_TOT_INST, = 0
gpu_min_FP_INT, = 0
gpu_min_IC_H, = 0
gpu_min_IC_M, = 0
gpu_min_DC_RH, = 0
gpu_min_DC_RM, = 0
gpu_min_DC_WH, = 0
gpu_min_DC_WM, = 0
gpu_min_TC_H, = 0
gpu_min_TC_M, = 0
gpu_min_CC_H, = 0
gpu_min_CC_M, = 0
gpu_min_SHRD_ACC, = 0
gpu_min_REG_RD, = 0
gpu_min_REG_WR, = 0
gpu_min_NON_REG_OPs, = 0
gpu_min_INT_ACC, = 0
gpu_min_FPU_ACC, = 0
gpu_min_DPU_ACC, = 0
gpu_min_INT_MUL24_ACC, = 0
gpu_min_INT_MUL32_ACC, = 0
gpu_min_INT_MUL_ACC, = 0
gpu_min_INT_DIV_ACC, = 0
gpu_min_FP_MUL_ACC, = 0
gpu_min_FP_DIV_ACC, = 0
gpu_min_FP_SQRT_ACC, = 0
gpu_min_FP_LG_ACC, = 0
gpu_min_FP_SIN_ACC, = 0
gpu_min_FP_EXP_ACC, = 0
gpu_min_DP_MUL_ACC, = 0
gpu_min_DP_DIV_ACC, = 0
gpu_min_TENSOR_ACC, = 0
gpu_min_TEX_ACC, = 0
gpu_min_MEM_RD, = 0
gpu_min_MEM_WR, = 0
gpu_min_MEM_PRE, = 0
gpu_min_L2_RH, = 0
gpu_min_L2_RM, = 0
gpu_min_L2_WH, = 0
gpu_min_L2_WM, = 0
gpu_min_NOC_A, = 0
gpu_min_PIPE_A, = 0
gpu_min_IDLE_CORE_N, = 132
gpu_min_constant_power = 0

Accumulative Power Statistics Over Previous Kernels:
gpu_tot_avg_power = 81.277
gpu_tot_max_power = 154.291
gpu_tot_min_power = 60.8126


kernel_name = _ZN4vllm18act_and_mul_kernelIN3c108BFloat16E14__nv_bfloat162XadL_ZNS_11silu_kernelIS2_EET_RKS5_fEEXadL_ZNS_18packed_silu_kernelIS3_EES5_S7_fEELb1ELb1ELb0ELb0EEEvPS5_PS6_ifff 
kernel_launch_uid = 46 

Kernel Average Power Data:
kernel_avg_power = 71.1191
gpu_avg_IBP, = 0.00973033
gpu_avg_ICP, = 0
gpu_avg_DCP, = 0.0831952
gpu_avg_TCP, = 0
gpu_avg_CCP, = 0.000138302
gpu_avg_SHRDP, = 0
gpu_avg_RFP, = 0
gpu_avg_INTP, = 0.0638897
gpu_avg_FPUP, = 0.064116
gpu_avg_DPUP, = 0
gpu_avg_INT_MUL24P, = 0
gpu_avg_INT_MUL32P, = 0
gpu_avg_INT_MULP, = 0.0223277
gpu_avg_INT_DIVP, = 0
gpu_avg_FP_MULP, = 0.0722395
gpu_avg_FP_DIVP, = 0
gpu_avg_FP_SQRTP, = 0
gpu_avg_FP_LGP, = 0
gpu_avg_FP_SINP, = 0
gpu_avg_FP_EXP, = 0.0449487
gpu_avg_DP_MULP, = 0
gpu_avg_DP_DIVP, = 0
gpu_avg_TENSORP, = 0
gpu_avg_TEXP, = 0
gpu_avg_SCHEDP, = 0.026049
gpu_avg_L2CP, = 0.030169
gpu_avg_MCP, = 0.574412
gpu_avg_NOCP, = 0.0772561
gpu_avg_DRAMP, = 0
gpu_avg_PIPEP, = 0.397203
gpu_avg_IDLE_COREP, = 37.179
gpu_avg_CONSTP = 32.3252
gpu_avg_STATICP = 0.149173
gpu_avg_TOT_INST, = 418
gpu_avg_FP_INT, = 380
gpu_avg_IC_H, = 0
gpu_avg_IC_M, = 0
gpu_avg_DC_RH, = 0
gpu_avg_DC_RM, = 50.6667
gpu_avg_DC_WH, = 0
gpu_avg_DC_WM, = 25.3333
gpu_avg_TC_H, = 0
gpu_avg_TC_M, = 0
gpu_avg_CC_H, = 6.33333
gpu_avg_CC_M, = 0
gpu_avg_SHRD_ACC, = 0
gpu_avg_REG_RD, = 0
gpu_avg_REG_WR, = 0
gpu_avg_NON_REG_OPs, = 0
gpu_avg_INT_ACC, = 34931.3
gpu_avg_FPU_ACC, = 858.773
gpu_avg_DPU_ACC, = 0
gpu_avg_INT_MUL24_ACC, = 0
gpu_avg_INT_MUL32_ACC, = 0
gpu_avg_INT_MUL_ACC, = 145.791
gpu_avg_INT_DIV_ACC, = 0
gpu_avg_FP_MUL_ACC, = 471.695
gpu_avg_FP_DIV_ACC, = 0
gpu_avg_FP_SQRT_ACC, = 0
gpu_avg_FP_LG_ACC, = 0
gpu_avg_FP_SIN_ACC, = 0
gpu_avg_FP_EXP_ACC, = 293.497
gpu_avg_DP_MUL_ACC, = 0
gpu_avg_DP_DIV_ACC, = 0
gpu_avg_TENSOR_ACC, = 0
gpu_avg_TEX_ACC, = 0
gpu_avg_MEM_RD, = 0
gpu_avg_MEM_WR, = 0
gpu_avg_MEM_PRE, = 0
gpu_avg_L2_RH, = 36
gpu_avg_L2_RM, = 14.6667
gpu_avg_L2_WH, = 14
gpu_avg_L2_WM, = 10
gpu_avg_NOC_A, = 226.583
gpu_avg_PIPE_A, = 0.0121493
gpu_avg_IDLE_CORE_N, = 131.471
gpu_avg_constant_power = 0
gpu_avg_threads_per_warp = 16
gpu_tot_TOT_INST, = 5016
gpu_tot_FP_INT, = 4560
gpu_tot_IC_H, = 0
gpu_tot_IC_M, = 0
gpu_tot_DC_RH, = 0
gpu_tot_DC_RM, = 608
gpu_tot_DC_WH, = 0
gpu_tot_DC_WM, = 304
gpu_tot_TC_H, = 0
gpu_tot_TC_M, = 0
gpu_tot_CC_H, = 76
gpu_tot_CC_M, = 0
gpu_tot_SHRD_ACC, = 0
gpu_tot_REG_RD, = 0
gpu_tot_REG_WR, = 0
gpu_tot_NON_REG_OPs, = 0
gpu_tot_INT_ACC, = 419175
gpu_tot_FPU_ACC, = 10305.3
gpu_tot_DPU_ACC, = 0
gpu_tot_INT_MUL24_ACC, = 0
gpu_tot_INT_MUL32_ACC, = 0
gpu_tot_INT_MUL_ACC, = 1749.49
gpu_tot_INT_DIV_ACC, = 0
gpu_tot_FP_MUL_ACC, = 5660.34
gpu_tot_FP_DIV_ACC, = 0
gpu_tot_FP_SQRT_ACC, = 0
gpu_tot_FP_LG_ACC, = 0
gpu_tot_FP_SIN_ACC, = 0
gpu_tot_FP_EXP_ACC, = 3521.97
gpu_tot_DP_MUL_ACC, = 0
gpu_tot_DP_DIV_ACC, = 0
gpu_tot_TENSOR_ACC, = 0
gpu_tot_TEX_ACC, = 0
gpu_tot_MEM_RD, = 0
gpu_tot_MEM_WR, = 0
gpu_tot_MEM_PRE, = 0
gpu_tot_L2_RH, = 432
gpu_tot_L2_RM, = 176
gpu_tot_L2_WH, = 168
gpu_tot_L2_WM, = 120
gpu_tot_NOC_A, = 2719
gpu_tot_PIPE_A, = 0.145791
gpu_tot_IDLE_CORE_N, = 1577.66
gpu_tot_constant_power = 0

Kernel Maximum Power Data:
kernel_max_power = 72.0599
gpu_max_IBP, = 0.032031
gpu_max_ICP, = 0
gpu_max_DCP, = 0.136771
gpu_max_TCP, = 0
gpu_max_CCP, = 0
gpu_max_SHRDP, = 0
gpu_max_RFP, = 0
gpu_max_INTP, = 0.219301
gpu_max_FPUP, = 0.279664
gpu_max_DPUP, = 0
gpu_max_INT_MUL24P, = 0
gpu_max_INT_MUL32P, = 0
gpu_max_INT_MULP, = 0.0462536
gpu_max_INT_DIVP, = 0
gpu_max_FP_MULP, = 0.260589
gpu_max_FP_DIVP, = 0
gpu_max_FP_SQRTP, = 0
gpu_max_FP_LGP, = 0
gpu_max_FP_SINP, = 0
gpu_max_FP_EXP, = 0.163235
gpu_max_DP_MULP, = 0
gpu_max_DP_DIVP, = 0
gpu_max_TENSORP, = 0
gpu_max_TEXP, = 0
gpu_max_SCHEDP, = 0.08651
gpu_max_L2CP, = 0.0170908
gpu_max_MCP, = 0.612847
gpu_max_NOCP, = 0.0927414
gpu_max_DRAMP, = 0
gpu_max_PIPEP, = 0.458141
gpu_max_IDLE_COREP, = 37.0457
gpu_max_CONSTP = 32.3252
gpu_max_STATICP = 0.283776
gpu_max_TOT_INST, = 1376
gpu_max_FP_INT, = 1262
gpu_max_IC_H, = 0
gpu_max_IC_M, = 0
gpu_max_DC_RH, = 0
gpu_max_DC_RM, = 0
gpu_max_DC_WH, = 0
gpu_max_DC_WM, = 128
gpu_max_TC_H, = 0
gpu_max_TC_M, = 0
gpu_max_CC_H, = 0
gpu_max_CC_M, = 0
gpu_max_SHRD_ACC, = 0
gpu_max_REG_RD, = 0
gpu_max_REG_WR, = 0
gpu_max_NON_REG_OPs, = 0
gpu_max_INT_ACC, = 119901
gpu_max_FPU_ACC, = 3745.83
gpu_max_DPU_ACC, = 0
gpu_max_INT_MUL24_ACC, = 0
gpu_max_INT_MUL32_ACC, = 0
gpu_max_INT_MUL_ACC, = 302.017
gpu_max_INT_DIV_ACC, = 0
gpu_max_FP_MUL_ACC, = 1701.54
gpu_max_FP_DIV_ACC, = 0
gpu_max_FP_SQRT_ACC, = 0
gpu_max_FP_LG_ACC, = 0
gpu_max_FP_SIN_ACC, = 0
gpu_max_FP_EXP_ACC, = 1065.86
gpu_max_DP_MUL_ACC, = 0
gpu_max_DP_DIV_ACC, = 0
gpu_max_TENSOR_ACC, = 0
gpu_max_TEX_ACC, = 0
gpu_max_MEM_RD, = 0
gpu_max_MEM_WR, = 0
gpu_max_MEM_PRE, = 0
gpu_max_L2_RH, = 0
gpu_max_L2_RM, = 0
gpu_max_L2_WH, = 16
gpu_max_L2_WM, = 0
gpu_max_NOC_A, = 272
gpu_max_PIPE_A, = 0.0140132
gpu_max_IDLE_CORE_N, = 131
gpu_max_constant_power = 0

Kernel Minimum Power Data:
kernel_min_power = 70.5755
gpu_min_IBP, = 0
gpu_min_ICP, = 0
gpu_min_DCP, = 0
gpu_min_TCP, = 0
gpu_min_CCP, = 0
gpu_min_SHRDP, = 0
gpu_min_RFP, = 0
gpu_min_INTP, = 0
gpu_min_FPUP, = 0
gpu_min_DPUP, = 0
gpu_min_INT_MUL24P, = 0
gpu_min_INT_MUL32P, = 0
gpu_min_INT_MULP, = 0
gpu_min_INT_DIVP, = 0
gpu_min_FP_MULP, = 0
gpu_min_FP_DIVP, = 0
gpu_min_FP_SQRTP, = 0
gpu_min_FP_LGP, = 0
gpu_min_FP_SINP, = 0
gpu_min_FP_EXP, = 0
gpu_min_DP_MULP, = 0
gpu_min_DP_DIVP, = 0
gpu_min_TENSORP, = 0
gpu_min_TEXP, = 0
gpu_min_SCHEDP, = 0
gpu_min_L2CP, = 0
gpu_min_MCP, = 0.55022
gpu_min_NOCP, = 0
gpu_min_DRAMP, = 0
gpu_min_PIPEP, = 0.371517
gpu_min_IDLE_COREP, = 37.3285
gpu_min_CONSTP = 32.3252
gpu_min_STATICP = 0
gpu_min_TOT_INST, = 0
gpu_min_FP_INT, = 0
gpu_min_IC_H, = 0
gpu_min_IC_M, = 0
gpu_min_DC_RH, = 0
gpu_min_DC_RM, = 0
gpu_min_DC_WH, = 0
gpu_min_DC_WM, = 0
gpu_min_TC_H, = 0
gpu_min_TC_M, = 0
gpu_min_CC_H, = 0
gpu_min_CC_M, = 0
gpu_min_SHRD_ACC, = 0
gpu_min_REG_RD, = 0
gpu_min_REG_WR, = 0
gpu_min_NON_REG_OPs, = 0
gpu_min_INT_ACC, = 0
gpu_min_FPU_ACC, = 0
gpu_min_DPU_ACC, = 0
gpu_min_INT_MUL24_ACC, = 0
gpu_min_INT_MUL32_ACC, = 0
gpu_min_INT_MUL_ACC, = 0
gpu_min_INT_DIV_ACC, = 0
gpu_min_FP_MUL_ACC, = 0
gpu_min_FP_DIV_ACC, = 0
gpu_min_FP_SQRT_ACC, = 0
gpu_min_FP_LG_ACC, = 0
gpu_min_FP_SIN_ACC, = 0
gpu_min_FP_EXP_ACC, = 0
gpu_min_DP_MUL_ACC, = 0
gpu_min_DP_DIV_ACC, = 0
gpu_min_TENSOR_ACC, = 0
gpu_min_TEX_ACC, = 0
gpu_min_MEM_RD, = 0
gpu_min_MEM_WR, = 0
gpu_min_MEM_PRE, = 0
gpu_min_L2_RH, = 0
gpu_min_L2_RM, = 0
gpu_min_L2_WH, = 0
gpu_min_L2_WM, = 0
gpu_min_NOC_A, = 0
gpu_min_PIPE_A, = 0.0113636
gpu_min_IDLE_CORE_N, = 132
gpu_min_constant_power = 0

Accumulative Power Statistics Over Previous Kernels:
gpu_tot_avg_power = 81.0838
gpu_tot_max_power = 154.291
gpu_tot_min_power = 60.8126


kernel_name = nvjet_sm90_tst_64x8_64x16_4x1_v_bz_splitK_TNT 
kernel_launch_uid = 47 

Kernel Average Power Data:
kernel_avg_power = 100.727
gpu_avg_IBP, = 0.454561
gpu_avg_ICP, = 0
gpu_avg_DCP, = 0
gpu_avg_TCP, = 0
gpu_avg_CCP, = 0.00211093
gpu_avg_SHRDP, = 0.468682
gpu_avg_RFP, = 0
gpu_avg_INTP, = 8.77029
gpu_avg_FPUP, = 0
gpu_avg_DPUP, = 0
gpu_avg_INT_MUL24P, = 0
gpu_avg_INT_MUL32P, = 0
gpu_avg_INT_MULP, = 0.801917
gpu_avg_INT_DIVP, = 0
gpu_avg_FP_MULP, = 0
gpu_avg_FP_DIVP, = 0
gpu_avg_FP_SQRTP, = 0
gpu_avg_FP_LGP, = 0
gpu_avg_FP_SINP, = 0
gpu_avg_FP_EXP, = 0
gpu_avg_DP_MULP, = 0
gpu_avg_DP_DIVP, = 0
gpu_avg_TENSORP, = 0
gpu_avg_TEXP, = 0
gpu_avg_SCHEDP, = 1.29514
gpu_avg_L2CP, = 2.97476
gpu_avg_MCP, = 0.550447
gpu_avg_NOCP, = 15.5676
gpu_avg_DRAMP, = 0
gpu_avg_PIPEP, = 1.45547
gpu_avg_IDLE_COREP, = 29.2062
gpu_avg_CONSTP = 32.3252
gpu_avg_STATICP = 6.85492
gpu_avg_TOT_INST, = 19527.2
gpu_avg_FP_INT, = 18893.3
gpu_avg_IC_H, = 0
gpu_avg_IC_M, = 0
gpu_avg_DC_RH, = 0
gpu_avg_DC_RM, = 0
gpu_avg_DC_WH, = 0
gpu_avg_DC_WM, = 0
gpu_avg_TC_H, = 0
gpu_avg_TC_M, = 0
gpu_avg_CC_H, = 96.6667
gpu_avg_CC_M, = 0
gpu_avg_SHRD_ACC, = 1051.06
gpu_avg_REG_RD, = 0
gpu_avg_REG_WR, = 0
gpu_avg_NON_REG_OPs, = 0
gpu_avg_INT_ACC, = 4.7951e+06
gpu_avg_FPU_ACC, = 0
gpu_avg_DPU_ACC, = 0
gpu_avg_INT_MUL24_ACC, = 0
gpu_avg_INT_MUL32_ACC, = 0
gpu_avg_INT_MUL_ACC, = 5236.19
gpu_avg_INT_DIV_ACC, = 0
gpu_avg_FP_MUL_ACC, = 0
gpu_avg_FP_DIV_ACC, = 0
gpu_avg_FP_SQRT_ACC, = 0
gpu_avg_FP_LG_ACC, = 0
gpu_avg_FP_SIN_ACC, = 0
gpu_avg_FP_EXP_ACC, = 0
gpu_avg_DP_MUL_ACC, = 0
gpu_avg_DP_DIV_ACC, = 0
gpu_avg_TENSOR_ACC, = 0
gpu_avg_TEX_ACC, = 0
gpu_avg_MEM_RD, = 0
gpu_avg_MEM_WR, = 0
gpu_avg_MEM_PRE, = 0
gpu_avg_L2_RH, = 10543.3
gpu_avg_L2_RM, = 4622.89
gpu_avg_L2_WH, = 18.4444
gpu_avg_L2_WM, = 2
gpu_avg_NOC_A, = 45657.9
gpu_avg_PIPE_A, = 0.0445187
gpu_avg_IDLE_CORE_N, = 103.278
gpu_avg_constant_power = 0
gpu_avg_threads_per_warp = 18.7051
gpu_tot_TOT_INST, = 351490
gpu_tot_FP_INT, = 340080
gpu_tot_IC_H, = 0
gpu_tot_IC_M, = 0
gpu_tot_DC_RH, = 0
gpu_tot_DC_RM, = 0
gpu_tot_DC_WH, = 0
gpu_tot_DC_WM, = 0
gpu_tot_TC_H, = 0
gpu_tot_TC_M, = 0
gpu_tot_CC_H, = 1740
gpu_tot_CC_M, = 0
gpu_tot_SHRD_ACC, = 18919
gpu_tot_REG_RD, = 0
gpu_tot_REG_WR, = 0
gpu_tot_NON_REG_OPs, = 0
gpu_tot_INT_ACC, = 8.63118e+07
gpu_tot_FPU_ACC, = 0
gpu_tot_DPU_ACC, = 0
gpu_tot_INT_MUL24_ACC, = 0
gpu_tot_INT_MUL32_ACC, = 0
gpu_tot_INT_MUL_ACC, = 94251.5
gpu_tot_INT_DIV_ACC, = 0
gpu_tot_FP_MUL_ACC, = 0
gpu_tot_FP_DIV_ACC, = 0
gpu_tot_FP_SQRT_ACC, = 0
gpu_tot_FP_LG_ACC, = 0
gpu_tot_FP_SIN_ACC, = 0
gpu_tot_FP_EXP_ACC, = 0
gpu_tot_DP_MUL_ACC, = 0
gpu_tot_DP_DIV_ACC, = 0
gpu_tot_TENSOR_ACC, = 0
gpu_tot_TEX_ACC, = 0
gpu_tot_MEM_RD, = 0
gpu_tot_MEM_WR, = 0
gpu_tot_MEM_PRE, = 0
gpu_tot_L2_RH, = 189780
gpu_tot_L2_RM, = 83212
gpu_tot_L2_WH, = 332
gpu_tot_L2_WM, = 36
gpu_tot_NOC_A, = 821843
gpu_tot_PIPE_A, = 0.801336
gpu_tot_IDLE_CORE_N, = 1859
gpu_tot_constant_power = 0

Kernel Maximum Power Data:
kernel_max_power = 141.705
gpu_max_IBP, = 0.801007
gpu_max_ICP, = 0
gpu_max_DCP, = 0
gpu_max_TCP, = 0
gpu_max_CCP, = 0
gpu_max_SHRDP, = 0.935978
gpu_max_RFP, = 0
gpu_max_INTP, = 16.553
gpu_max_FPUP, = 0
gpu_max_DPUP, = 0
gpu_max_INT_MUL24P, = 0
gpu_max_INT_MUL32P, = 0
gpu_max_INT_MULP, = 0.833128
gpu_max_INT_DIVP, = 0
gpu_max_FP_MULP, = 0
gpu_max_FP_DIVP, = 0
gpu_max_FP_SQRTP, = 0
gpu_max_FP_LGP, = 0
gpu_max_FP_SINP, = 0
gpu_max_FP_EXP, = 0
gpu_max_DP_MULP, = 0
gpu_max_DP_DIVP, = 0
gpu_max_TENSORP, = 0
gpu_max_TEXP, = 0
gpu_max_SCHEDP, = 2.2945
gpu_max_L2CP, = 8.16412
gpu_max_MCP, = 0.55022
gpu_max_NOCP, = 41.7145
gpu_max_DRAMP, = 0
gpu_max_PIPEP, = 2.24949
gpu_max_IDLE_COREP, = 23.7545
gpu_max_CONSTP = 32.3252
gpu_max_STATICP = 11.5291
gpu_max_TOT_INST, = 34410
gpu_max_FP_INT, = 33472
gpu_max_IC_H, = 0
gpu_max_IC_M, = 0
gpu_max_DC_RH, = 0
gpu_max_DC_RM, = 0
gpu_max_DC_WH, = 0
gpu_max_DC_WM, = 0
gpu_max_TC_H, = 0
gpu_max_TC_M, = 0
gpu_max_CC_H, = 0
gpu_max_CC_M, = 0
gpu_max_SHRD_ACC, = 2099
gpu_max_REG_RD, = 0
gpu_max_REG_WR, = 0
gpu_max_NON_REG_OPs, = 0
gpu_max_INT_ACC, = 9.05022e+06
gpu_max_FPU_ACC, = 0
gpu_max_DPU_ACC, = 0
gpu_max_INT_MUL24_ACC, = 0
gpu_max_INT_MUL32_ACC, = 0
gpu_max_INT_MUL_ACC, = 5439.99
gpu_max_INT_DIV_ACC, = 0
gpu_max_FP_MUL_ACC, = 0
gpu_max_FP_DIV_ACC, = 0
gpu_max_FP_SQRT_ACC, = 0
gpu_max_FP_LG_ACC, = 0
gpu_max_FP_SIN_ACC, = 0
gpu_max_FP_EXP_ACC, = 0
gpu_max_DP_MUL_ACC, = 0
gpu_max_DP_DIV_ACC, = 0
gpu_max_TENSOR_ACC, = 0
gpu_max_TEX_ACC, = 0
gpu_max_MEM_RD, = 0
gpu_max_MEM_WR, = 0
gpu_max_MEM_PRE, = 0
gpu_max_L2_RH, = 29205
gpu_max_L2_RM, = 11761
gpu_max_L2_WH, = 0
gpu_max_L2_WM, = 0
gpu_max_NOC_A, = 122344
gpu_max_PIPE_A, = 0.0688053
gpu_max_IDLE_CORE_N, = 84
gpu_max_constant_power = 0

Kernel Minimum Power Data:
kernel_min_power = 70.5755
gpu_min_IBP, = 0
gpu_min_ICP, = 0
gpu_min_DCP, = 0
gpu_min_TCP, = 0
gpu_min_CCP, = 0
gpu_min_SHRDP, = 0
gpu_min_RFP, = 0
gpu_min_INTP, = 0
gpu_min_FPUP, = 0
gpu_min_DPUP, = 0
gpu_min_INT_MUL24P, = 0
gpu_min_INT_MUL32P, = 0
gpu_min_INT_MULP, = 0
gpu_min_INT_DIVP, = 0
gpu_min_FP_MULP, = 0
gpu_min_FP_DIVP, = 0
gpu_min_FP_SQRTP, = 0
gpu_min_FP_LGP, = 0
gpu_min_FP_SINP, = 0
gpu_min_FP_EXP, = 0
gpu_min_DP_MULP, = 0
gpu_min_DP_DIVP, = 0
gpu_min_TENSORP, = 0
gpu_min_TEXP, = 0
gpu_min_SCHEDP, = 0
gpu_min_L2CP, = 0
gpu_min_MCP, = 0.55022
gpu_min_NOCP, = 0
gpu_min_DRAMP, = 0
gpu_min_PIPEP, = 0.371517
gpu_min_IDLE_COREP, = 37.3285
gpu_min_CONSTP = 32.3252
gpu_min_STATICP = 0
gpu_min_TOT_INST, = 0
gpu_min_FP_INT, = 0
gpu_min_IC_H, = 0
gpu_min_IC_M, = 0
gpu_min_DC_RH, = 0
gpu_min_DC_RM, = 0
gpu_min_DC_WH, = 0
gpu_min_DC_WM, = 0
gpu_min_TC_H, = 0
gpu_min_TC_M, = 0
gpu_min_CC_H, = 0
gpu_min_CC_M, = 0
gpu_min_SHRD_ACC, = 0
gpu_min_REG_RD, = 0
gpu_min_REG_WR, = 0
gpu_min_NON_REG_OPs, = 0
gpu_min_INT_ACC, = 0
gpu_min_FPU_ACC, = 0
gpu_min_DPU_ACC, = 0
gpu_min_INT_MUL24_ACC, = 0
gpu_min_INT_MUL32_ACC, = 0
gpu_min_INT_MUL_ACC, = 0
gpu_min_INT_DIV_ACC, = 0
gpu_min_FP_MUL_ACC, = 0
gpu_min_FP_DIV_ACC, = 0
gpu_min_FP_SQRT_ACC, = 0
gpu_min_FP_LG_ACC, = 0
gpu_min_FP_SIN_ACC, = 0
gpu_min_FP_EXP_ACC, = 0
gpu_min_DP_MUL_ACC, = 0
gpu_min_DP_DIV_ACC, = 0
gpu_min_TENSOR_ACC, = 0
gpu_min_TEX_ACC, = 0
gpu_min_MEM_RD, = 0
gpu_min_MEM_WR, = 0
gpu_min_MEM_PRE, = 0
gpu_min_L2_RH, = 0
gpu_min_L2_RM, = 0
gpu_min_L2_WH, = 0
gpu_min_L2_WM, = 0
gpu_min_NOC_A, = 0
gpu_min_PIPE_A, = 0.0113636
gpu_min_IDLE_CORE_N, = 132
gpu_min_constant_power = 0

Accumulative Power Statistics Over Previous Kernels:
gpu_tot_avg_power = 81.6286
gpu_tot_max_power = 154.291
gpu_tot_min_power = 60.8126


kernel_name = _ZN8cublasLt19splitKreduce_kernelILi32ELi16Eif13__nv_bfloat16fS1_Lb0EfS1_S1_Lb1ELb0ELb0ELb0EEEvNS_18cublasSplitKParamsIT4_EEPKT2_PKT8_PT7_PT3_PKS3_SG_PKT9_S7_PSH_PvlPS3_PiSM_SM_SG_SG_SG_SG_SG_ 
kernel_launch_uid = 48 

Kernel Average Power Data:
kernel_avg_power = 71.7098
gpu_avg_IBP, = 0.0542617
gpu_avg_ICP, = 0
gpu_avg_DCP, = 0.0465254
gpu_avg_TCP, = 0
gpu_avg_CCP, = 0.00550297
gpu_avg_SHRDP, = 0
gpu_avg_RFP, = 0
gpu_avg_INTP, = 0.38586
gpu_avg_FPUP, = 0.0265744
gpu_avg_DPUP, = 0
gpu_avg_INT_MUL24P, = 0
gpu_avg_INT_MUL32P, = 0
gpu_avg_INT_MULP, = 0.0789695
gpu_avg_INT_DIVP, = 0
gpu_avg_FP_MULP, = 0.00307091
gpu_avg_FP_DIVP, = 0
gpu_avg_FP_SQRTP, = 0
gpu_avg_FP_LGP, = 0
gpu_avg_FP_SINP, = 0
gpu_avg_FP_EXP, = 0
gpu_avg_DP_MULP, = 0
gpu_avg_DP_DIVP, = 0
gpu_avg_TENSORP, = 0
gpu_avg_TEXP, = 0
gpu_avg_SCHEDP, = 0.149953
gpu_avg_L2CP, = 0.0119748
gpu_avg_MCP, = 0.560579
gpu_avg_NOCP, = 0.0431316
gpu_avg_DRAMP, = 0
gpu_avg_PIPEP, = 0.677586
gpu_avg_IDLE_COREP, = 35.4827
gpu_avg_CONSTP = 32.3252
gpu_avg_STATICP = 1.85783
gpu_avg_TOT_INST, = 2331
gpu_avg_FP_INT, = 2187.5
gpu_avg_IC_H, = 0
gpu_avg_IC_M, = 0
gpu_avg_DC_RH, = 0
gpu_avg_DC_RM, = 42
gpu_avg_DC_WH, = 0
gpu_avg_DC_WM, = 0
gpu_avg_TC_H, = 0
gpu_avg_TC_M, = 0
gpu_avg_CC_H, = 252
gpu_avg_CC_M, = 0
gpu_avg_SHRD_ACC, = 0
gpu_avg_REG_RD, = 0
gpu_avg_REG_WR, = 0
gpu_avg_NON_REG_OPs, = 0
gpu_avg_INT_ACC, = 210967
gpu_avg_FPU_ACC, = 355.939
gpu_avg_DPU_ACC, = 0
gpu_avg_INT_MUL24_ACC, = 0
gpu_avg_INT_MUL32_ACC, = 0
gpu_avg_INT_MUL_ACC, = 515.639
gpu_avg_INT_DIV_ACC, = 0
gpu_avg_FP_MUL_ACC, = 20.0518
gpu_avg_FP_DIV_ACC, = 0
gpu_avg_FP_SQRT_ACC, = 0
gpu_avg_FP_LG_ACC, = 0
gpu_avg_FP_SIN_ACC, = 0
gpu_avg_FP_EXP_ACC, = 0
gpu_avg_DP_MUL_ACC, = 0
gpu_avg_DP_DIV_ACC, = 0
gpu_avg_TENSOR_ACC, = 0
gpu_avg_TEX_ACC, = 0
gpu_avg_MEM_RD, = 0
gpu_avg_MEM_WR, = 0
gpu_avg_MEM_PRE, = 0
gpu_avg_L2_RH, = 42
gpu_avg_L2_RM, = 0
gpu_avg_L2_WH, = 0.5
gpu_avg_L2_WM, = 0
gpu_avg_NOC_A, = 126.5
gpu_avg_PIPE_A, = 0.0207254
gpu_avg_IDLE_CORE_N, = 125.473
gpu_avg_constant_power = 0
gpu_avg_threads_per_warp = 7.49747
gpu_tot_TOT_INST, = 18648
gpu_tot_FP_INT, = 17500
gpu_tot_IC_H, = 0
gpu_tot_IC_M, = 0
gpu_tot_DC_RH, = 0
gpu_tot_DC_RM, = 336
gpu_tot_DC_WH, = 0
gpu_tot_DC_WM, = 0
gpu_tot_TC_H, = 0
gpu_tot_TC_M, = 0
gpu_tot_CC_H, = 2016
gpu_tot_CC_M, = 0
gpu_tot_SHRD_ACC, = 0
gpu_tot_REG_RD, = 0
gpu_tot_REG_WR, = 0
gpu_tot_NON_REG_OPs, = 0
gpu_tot_INT_ACC, = 1.68773e+06
gpu_tot_FPU_ACC, = 2847.51
gpu_tot_DPU_ACC, = 0
gpu_tot_INT_MUL24_ACC, = 0
gpu_tot_INT_MUL32_ACC, = 0
gpu_tot_INT_MUL_ACC, = 4125.11
gpu_tot_INT_DIV_ACC, = 0
gpu_tot_FP_MUL_ACC, = 160.415
gpu_tot_FP_DIV_ACC, = 0
gpu_tot_FP_SQRT_ACC, = 0
gpu_tot_FP_LG_ACC, = 0
gpu_tot_FP_SIN_ACC, = 0
gpu_tot_FP_EXP_ACC, = 0
gpu_tot_DP_MUL_ACC, = 0
gpu_tot_DP_DIV_ACC, = 0
gpu_tot_TENSOR_ACC, = 0
gpu_tot_TEX_ACC, = 0
gpu_tot_MEM_RD, = 0
gpu_tot_MEM_WR, = 0
gpu_tot_MEM_PRE, = 0
gpu_tot_L2_RH, = 336
gpu_tot_L2_RM, = 0
gpu_tot_L2_WH, = 4
gpu_tot_L2_WM, = 0
gpu_tot_NOC_A, = 1012
gpu_tot_PIPE_A, = 0.165803
gpu_tot_IDLE_CORE_N, = 1003.78
gpu_tot_constant_power = 0

Kernel Maximum Power Data:
kernel_max_power = 77.2717
gpu_max_IBP, = 0.41454
gpu_max_ICP, = 0
gpu_max_DCP, = 0.124068
gpu_max_TCP, = 0
gpu_max_CCP, = 0.0421895
gpu_max_SHRDP, = 0
gpu_max_RFP, = 0
gpu_max_INTP, = 2.94741
gpu_max_FPUP, = 0.0708651
gpu_max_DPUP, = 0
gpu_max_INT_MUL24P, = 0
gpu_max_INT_MUL32P, = 0
gpu_max_INT_MULP, = 0.552787
gpu_max_INT_DIVP, = 0
gpu_max_FP_MULP, = 0.0122836
gpu_max_FP_DIVP, = 0
gpu_max_FP_SQRTP, = 0
gpu_max_FP_LGP, = 0
gpu_max_FP_SINP, = 0
gpu_max_FP_EXP, = 0
gpu_max_DP_MULP, = 0
gpu_max_DP_DIVP, = 0
gpu_max_TENSORP, = 0
gpu_max_TEXP, = 0
gpu_max_SCHEDP, = 1.14972
gpu_max_L2CP, = 0
gpu_max_MCP, = 0.580804
gpu_max_NOCP, = 0.0381876
gpu_max_DRAMP, = 0
gpu_max_PIPEP, = 1.4495
gpu_max_IDLE_COREP, = 30.5189
gpu_max_CONSTP = 32.3252
gpu_max_STATICP = 7.04524
gpu_max_TOT_INST, = 17808
gpu_max_FP_INT, = 16772
gpu_max_IC_H, = 0
gpu_max_IC_M, = 0
gpu_max_DC_RH, = 0
gpu_max_DC_RM, = 112
gpu_max_DC_WH, = 0
gpu_max_DC_WM, = 0
gpu_max_TC_H, = 0
gpu_max_TC_M, = 0
gpu_max_CC_H, = 1932
gpu_max_CC_M, = 0
gpu_max_SHRD_ACC, = 0
gpu_max_REG_RD, = 0
gpu_max_REG_WR, = 0
gpu_max_NON_REG_OPs, = 0
gpu_max_INT_ACC, = 1.61148e+06
gpu_max_FPU_ACC, = 949.17
gpu_max_DPU_ACC, = 0
gpu_max_INT_MUL24_ACC, = 0
gpu_max_INT_MUL32_ACC, = 0
gpu_max_INT_MUL_ACC, = 3609.47
gpu_max_INT_DIV_ACC, = 0
gpu_max_FP_MUL_ACC, = 80.2073
gpu_max_FP_DIV_ACC, = 0
gpu_max_FP_SQRT_ACC, = 0
gpu_max_FP_LG_ACC, = 0
gpu_max_FP_SIN_ACC, = 0
gpu_max_FP_EXP_ACC, = 0
gpu_max_DP_MUL_ACC, = 0
gpu_max_DP_DIV_ACC, = 0
gpu_max_TENSOR_ACC, = 0
gpu_max_TEX_ACC, = 0
gpu_max_MEM_RD, = 0
gpu_max_MEM_WR, = 0
gpu_max_MEM_PRE, = 0
gpu_max_L2_RH, = 0
gpu_max_L2_RM, = 0
gpu_max_L2_WH, = 0
gpu_max_L2_WM, = 0
gpu_max_NOC_A, = 112
gpu_max_PIPE_A, = 0.0443361
gpu_max_IDLE_CORE_N, = 107.92
gpu_max_constant_power = 0

Kernel Minimum Power Data:
kernel_min_power = 70.7767
gpu_min_IBP, = 0
gpu_min_ICP, = 0
gpu_min_DCP, = 0
gpu_min_TCP, = 0
gpu_min_CCP, = 0
gpu_min_SHRDP, = 0
gpu_min_RFP, = 0
gpu_min_INTP, = 0
gpu_min_FPUP, = 0
gpu_min_DPUP, = 0
gpu_min_INT_MUL24P, = 0
gpu_min_INT_MUL32P, = 0
gpu_min_INT_MULP, = 0
gpu_min_INT_DIVP, = 0
gpu_min_FP_MULP, = 0
gpu_min_FP_DIVP, = 0
gpu_min_FP_SQRTP, = 0
gpu_min_FP_LGP, = 0
gpu_min_FP_SINP, = 0
gpu_min_FP_EXP, = 0
gpu_min_DP_MULP, = 0
gpu_min_DP_DIVP, = 0
gpu_min_TENSORP, = 0
gpu_min_TEXP, = 0
gpu_min_SCHEDP, = 0
gpu_min_L2CP, = 0
gpu_min_MCP, = 0.55022
gpu_min_NOCP, = 0
gpu_min_DRAMP, = 0
gpu_min_PIPEP, = 0.572757
gpu_min_IDLE_COREP, = 37.3285
gpu_min_CONSTP = 32.3252
gpu_min_STATICP = 0
gpu_min_TOT_INST, = 0
gpu_min_FP_INT, = 0
gpu_min_IC_H, = 0
gpu_min_IC_M, = 0
gpu_min_DC_RH, = 0
gpu_min_DC_RM, = 0
gpu_min_DC_WH, = 0
gpu_min_DC_WM, = 0
gpu_min_TC_H, = 0
gpu_min_TC_M, = 0
gpu_min_CC_H, = 0
gpu_min_CC_M, = 0
gpu_min_SHRD_ACC, = 0
gpu_min_REG_RD, = 0
gpu_min_REG_WR, = 0
gpu_min_NON_REG_OPs, = 0
gpu_min_INT_ACC, = 0
gpu_min_FPU_ACC, = 0
gpu_min_DPU_ACC, = 0
gpu_min_INT_MUL24_ACC, = 0
gpu_min_INT_MUL32_ACC, = 0
gpu_min_INT_MUL_ACC, = 0
gpu_min_INT_DIV_ACC, = 0
gpu_min_FP_MUL_ACC, = 0
gpu_min_FP_DIV_ACC, = 0
gpu_min_FP_SQRT_ACC, = 0
gpu_min_FP_LG_ACC, = 0
gpu_min_FP_SIN_ACC, = 0
gpu_min_FP_EXP_ACC, = 0
gpu_min_DP_MUL_ACC, = 0
gpu_min_DP_DIV_ACC, = 0
gpu_min_TENSOR_ACC, = 0
gpu_min_TEX_ACC, = 0
gpu_min_MEM_RD, = 0
gpu_min_MEM_WR, = 0
gpu_min_MEM_PRE, = 0
gpu_min_L2_RH, = 0
gpu_min_L2_RM, = 0
gpu_min_L2_WH, = 0
gpu_min_L2_WM, = 0
gpu_min_NOC_A, = 0
gpu_min_PIPE_A, = 0.017519
gpu_min_IDLE_CORE_N, = 132
gpu_min_constant_power = 0

Accumulative Power Statistics Over Previous Kernels:
gpu_tot_avg_power = 81.5078
gpu_tot_max_power = 154.291
gpu_tot_min_power = 60.8126


kernel_name = _ZN4vllm25fused_add_rms_norm_kernelIN3c108BFloat16ELi8ELb1EEENSt9enable_ifIXaagtT0_Li0Esr4vllm12_typeConvertIT_EE6existsEvE4typeEPS4_lS7_PKS4_fiil 
kernel_launch_uid = 49 

Kernel Average Power Data:
kernel_avg_power = 70.8503
gpu_avg_IBP, = 0.00497944
gpu_avg_ICP, = 0
gpu_avg_DCP, = 0.0363252
gpu_avg_TCP, = 0
gpu_avg_CCP, = 0.000134994
gpu_avg_SHRDP, = 0.00166205
gpu_avg_RFP, = 0
gpu_avg_INTP, = 0.0698898
gpu_avg_FPUP, = 0.0175257
gpu_avg_DPUP, = 0
gpu_avg_INT_MUL24P, = 0
gpu_avg_INT_MUL32P, = 0
gpu_avg_INT_MULP, = 0.00978145
gpu_avg_INT_DIVP, = 0
gpu_avg_FP_MULP, = 0.00377508
gpu_avg_FP_DIVP, = 0
gpu_avg_FP_SQRTP, = 2.71615e-06
gpu_avg_FP_LGP, = 0
gpu_avg_FP_SINP, = 0
gpu_avg_FP_EXP, = 5.0406e-06
gpu_avg_DP_MULP, = 0
gpu_avg_DP_DIVP, = 0
gpu_avg_TENSORP, = 0
gpu_avg_TEXP, = 0
gpu_avg_SCHEDP, = 0.0138595
gpu_avg_L2CP, = 0.0177732
gpu_avg_MCP, = 0.55741
gpu_avg_NOCP, = 0.0305005
gpu_avg_DRAMP, = 0
gpu_avg_PIPEP, = 0.498241
gpu_avg_IDLE_COREP, = 36.8324
gpu_avg_CONSTP = 32.3252
gpu_avg_STATICP = 0.430782
gpu_avg_TOT_INST, = 213.909
gpu_avg_FP_INT, = 202.182
gpu_avg_IC_H, = 0
gpu_avg_IC_M, = 0
gpu_avg_DC_RH, = 10.1818
gpu_avg_DC_RM, = 10.1818
gpu_avg_DC_WH, = 10.1818
gpu_avg_DC_WM, = 5.09091
gpu_avg_TC_H, = 0
gpu_avg_TC_M, = 0
gpu_avg_CC_H, = 6.18182
gpu_avg_CC_M, = 0
gpu_avg_SHRD_ACC, = 3.72727
gpu_avg_REG_RD, = 0
gpu_avg_REG_WR, = 0
gpu_avg_NON_REG_OPs, = 0
gpu_avg_INT_ACC, = 38211.8
gpu_avg_FPU_ACC, = 234.74
gpu_avg_DPU_ACC, = 0
gpu_avg_INT_MUL24_ACC, = 0
gpu_avg_INT_MUL32_ACC, = 0
gpu_avg_INT_MUL_ACC, = 63.869
gpu_avg_INT_DIV_ACC, = 0
gpu_avg_FP_MUL_ACC, = 24.6497
gpu_avg_FP_DIV_ACC, = 0
gpu_avg_FP_SQRT_ACC, = 0.0177354
gpu_avg_FP_LG_ACC, = 0
gpu_avg_FP_SIN_ACC, = 0
gpu_avg_FP_EXP_ACC, = 0.0329131
gpu_avg_DP_MUL_ACC, = 0
gpu_avg_DP_DIV_ACC, = 0
gpu_avg_TENSOR_ACC, = 0
gpu_avg_TEX_ACC, = 0
gpu_avg_MEM_RD, = 0
gpu_avg_MEM_WR, = 0
gpu_avg_MEM_PRE, = 0
gpu_avg_L2_RH, = 13.8182
gpu_avg_L2_RM, = 1.45455
gpu_avg_L2_WH, = 13.0909
gpu_avg_L2_WM, = 0
gpu_avg_NOC_A, = 89.4545
gpu_avg_PIPE_A, = 0.0152397
gpu_avg_IDLE_CORE_N, = 130.246
gpu_avg_constant_power = 0
gpu_avg_threads_per_warp = 14.8252
gpu_tot_TOT_INST, = 2353
gpu_tot_FP_INT, = 2224
gpu_tot_IC_H, = 0
gpu_tot_IC_M, = 0
gpu_tot_DC_RH, = 112
gpu_tot_DC_RM, = 112
gpu_tot_DC_WH, = 112
gpu_tot_DC_WM, = 56
gpu_tot_TC_H, = 0
gpu_tot_TC_M, = 0
gpu_tot_CC_H, = 68
gpu_tot_CC_M, = 0
gpu_tot_SHRD_ACC, = 41
gpu_tot_REG_RD, = 0
gpu_tot_REG_WR, = 0
gpu_tot_NON_REG_OPs, = 0
gpu_tot_INT_ACC, = 420330
gpu_tot_FPU_ACC, = 2582.14
gpu_tot_DPU_ACC, = 0
gpu_tot_INT_MUL24_ACC, = 0
gpu_tot_INT_MUL32_ACC, = 0
gpu_tot_INT_MUL_ACC, = 702.558
gpu_tot_INT_DIV_ACC, = 0
gpu_tot_FP_MUL_ACC, = 271.147
gpu_tot_FP_DIV_ACC, = 0
gpu_tot_FP_SQRT_ACC, = 0.195089
gpu_tot_FP_LG_ACC, = 0
gpu_tot_FP_SIN_ACC, = 0
gpu_tot_FP_EXP_ACC, = 0.362044
gpu_tot_DP_MUL_ACC, = 0
gpu_tot_DP_DIV_ACC, = 0
gpu_tot_TENSOR_ACC, = 0
gpu_tot_TEX_ACC, = 0
gpu_tot_MEM_RD, = 0
gpu_tot_MEM_WR, = 0
gpu_tot_MEM_PRE, = 0
gpu_tot_L2_RH, = 152
gpu_tot_L2_RM, = 16
gpu_tot_L2_WH, = 144
gpu_tot_L2_WM, = 0
gpu_tot_NOC_A, = 984
gpu_tot_PIPE_A, = 0.167637
gpu_tot_IDLE_CORE_N, = 1432.7
gpu_tot_constant_power = 0

Kernel Maximum Power Data:
kernel_max_power = 71.5564
gpu_max_IBP, = 0.0159224
gpu_max_ICP, = 0
gpu_max_DCP, = 0.164712
gpu_max_TCP, = 0
gpu_max_CCP, = 2.18372e-05
gpu_max_SHRDP, = 0.010702
gpu_max_RFP, = 0
gpu_max_INTP, = 0.289477
gpu_max_FPUP, = 0.13129
gpu_max_DPUP, = 0
gpu_max_INT_MUL24P, = 0
gpu_max_INT_MUL32P, = 0
gpu_max_INT_MULP, = 0.016358
gpu_max_INT_DIVP, = 0
gpu_max_FP_MULP, = 0.00438702
gpu_max_FP_DIVP, = 0
gpu_max_FP_SQRTP, = 0
gpu_max_FP_LGP, = 0
gpu_max_FP_SINP, = 0
gpu_max_FP_EXP, = 0
gpu_max_DP_MULP, = 0
gpu_max_DP_DIVP, = 0
gpu_max_TENSORP, = 0
gpu_max_TEXP, = 0
gpu_max_SCHEDP, = 0.044626
gpu_max_L2CP, = 0.0305086
gpu_max_MCP, = 0.575237
gpu_max_NOCP, = 0.125474
gpu_max_DRAMP, = 0
gpu_max_PIPEP, = 0.513514
gpu_max_IDLE_COREP, = 37.0457
gpu_max_CONSTP = 32.3252
gpu_max_STATICP = 0.263248
gpu_max_TOT_INST, = 684
gpu_max_FP_INT, = 651
gpu_max_IC_H, = 0
gpu_max_IC_M, = 0
gpu_max_DC_RH, = 56
gpu_max_DC_RM, = 56
gpu_max_DC_WH, = 16
gpu_max_DC_WM, = 0
gpu_max_TC_H, = 0
gpu_max_TC_M, = 0
gpu_max_CC_H, = 1
gpu_max_CC_M, = 0
gpu_max_SHRD_ACC, = 24
gpu_max_REG_RD, = 0
gpu_max_REG_WR, = 0
gpu_max_NON_REG_OPs, = 0
gpu_max_INT_ACC, = 158270
gpu_max_FPU_ACC, = 1758.51
gpu_max_DPU_ACC, = 0
gpu_max_INT_MUL24_ACC, = 0
gpu_max_INT_MUL32_ACC, = 0
gpu_max_INT_MUL_ACC, = 106.811
gpu_max_INT_DIV_ACC, = 0
gpu_max_FP_MUL_ACC, = 28.6455
gpu_max_FP_DIV_ACC, = 0
gpu_max_FP_SQRT_ACC, = 0
gpu_max_FP_LG_ACC, = 0
gpu_max_FP_SIN_ACC, = 0
gpu_max_FP_EXP_ACC, = 0
gpu_max_DP_MUL_ACC, = 0
gpu_max_DP_DIV_ACC, = 0
gpu_max_TENSOR_ACC, = 0
gpu_max_TEX_ACC, = 0
gpu_max_MEM_RD, = 0
gpu_max_MEM_WR, = 0
gpu_max_MEM_PRE, = 0
gpu_max_L2_RH, = 112
gpu_max_L2_RM, = 0
gpu_max_L2_WH, = 0
gpu_max_L2_WM, = 0
gpu_max_NOC_A, = 368
gpu_max_PIPE_A, = 0.0157069
gpu_max_IDLE_CORE_N, = 131
gpu_max_constant_power = 0

Kernel Minimum Power Data:
kernel_min_power = 70.2859
gpu_min_IBP, = 0
gpu_min_ICP, = 0
gpu_min_DCP, = 0.0598374
gpu_min_TCP, = 0
gpu_min_CCP, = 0
gpu_min_SHRDP, = 0
gpu_min_RFP, = 0
gpu_min_INTP, = 0.00789484
gpu_min_FPUP, = 0
gpu_min_DPUP, = 0
gpu_min_INT_MUL24P, = 0
gpu_min_INT_MUL32P, = 0
gpu_min_INT_MULP, = 0
gpu_min_INT_DIVP, = 0
gpu_min_FP_MULP, = 0
gpu_min_FP_DIVP, = 0
gpu_min_FP_SQRTP, = 0
gpu_min_FP_LGP, = 0
gpu_min_FP_SINP, = 0
gpu_min_FP_EXP, = 0
gpu_min_DP_MULP, = 0
gpu_min_DP_DIVP, = 0
gpu_min_TENSORP, = 0
gpu_min_TEXP, = 0
gpu_min_SCHEDP, = 0
gpu_min_L2CP, = 0.0598177
gpu_min_MCP, = 0.577619
gpu_min_NOCP, = 0.0572814
gpu_min_DRAMP, = 0
gpu_min_PIPEP, = 0.496876
gpu_min_IDLE_COREP, = 33.1313
gpu_min_CONSTP = 32.3252
gpu_min_STATICP = 3.57002
gpu_min_TOT_INST, = 0
gpu_min_FP_INT, = 0
gpu_min_IC_H, = 0
gpu_min_IC_M, = 0
gpu_min_DC_RH, = 0
gpu_min_DC_RM, = 0
gpu_min_DC_WH, = 0
gpu_min_DC_WM, = 56
gpu_min_TC_H, = 0
gpu_min_TC_M, = 0
gpu_min_CC_H, = 0
gpu_min_CC_M, = 0
gpu_min_SHRD_ACC, = 0
gpu_min_REG_RD, = 0
gpu_min_REG_WR, = 0
gpu_min_NON_REG_OPs, = 0
gpu_min_INT_ACC, = 4316.45
gpu_min_FPU_ACC, = 0
gpu_min_DPU_ACC, = 0
gpu_min_INT_MUL24_ACC, = 0
gpu_min_INT_MUL32_ACC, = 0
gpu_min_INT_MUL_ACC, = 0
gpu_min_INT_DIV_ACC, = 0
gpu_min_FP_MUL_ACC, = 0
gpu_min_FP_DIV_ACC, = 0
gpu_min_FP_SQRT_ACC, = 0
gpu_min_FP_LG_ACC, = 0
gpu_min_FP_SIN_ACC, = 0
gpu_min_FP_EXP_ACC, = 0
gpu_min_DP_MUL_ACC, = 0
gpu_min_DP_DIV_ACC, = 0
gpu_min_TENSOR_ACC, = 0
gpu_min_TEX_ACC, = 0
gpu_min_MEM_RD, = 0
gpu_min_MEM_WR, = 0
gpu_min_MEM_PRE, = 0
gpu_min_L2_RH, = 0
gpu_min_L2_RM, = 0
gpu_min_L2_WH, = 56
gpu_min_L2_WM, = 0
gpu_min_NOC_A, = 168
gpu_min_PIPE_A, = 0.015198
gpu_min_IDLE_CORE_N, = 117.158
gpu_min_constant_power = 0

Accumulative Power Statistics Over Previous Kernels:
gpu_tot_avg_power = 81.3323
gpu_tot_max_power = 154.291
gpu_tot_min_power = 60.8126


kernel_name = nvjet_sm90_tst_64x8_64x16_4x1_v_bz_bias_TNT 
kernel_launch_uid = 50 

Kernel Average Power Data:
kernel_avg_power = 80.8415
gpu_avg_IBP, = 0.166332
gpu_avg_ICP, = 0
gpu_avg_DCP, = 0
gpu_avg_TCP, = 0
gpu_avg_CCP, = 0.00138042
gpu_avg_SHRDP, = 0.143458
gpu_avg_RFP, = 0
gpu_avg_INTP, = 3.19193
gpu_avg_FPUP, = 0.0585721
gpu_avg_DPUP, = 0
gpu_avg_INT_MUL24P, = 0
gpu_avg_INT_MUL32P, = 0
gpu_avg_INT_MULP, = 0.316059
gpu_avg_INT_DIVP, = 0
gpu_avg_FP_MULP, = 0
gpu_avg_FP_DIVP, = 0
gpu_avg_FP_SQRTP, = 0
gpu_avg_FP_LGP, = 0
gpu_avg_FP_SINP, = 0
gpu_avg_FP_EXP, = 0
gpu_avg_DP_MULP, = 0
gpu_avg_DP_DIVP, = 0
gpu_avg_TENSORP, = 0
gpu_avg_TEXP, = 0
gpu_avg_SCHEDP, = 0.476025
gpu_avg_L2CP, = 1.10197
gpu_avg_MCP, = 0.550368
gpu_avg_NOCP, = 4.7492
gpu_avg_DRAMP, = 0
gpu_avg_PIPEP, = 0.800576
gpu_avg_IDLE_COREP, = 34.3163
gpu_avg_CONSTP = 32.3252
gpu_avg_STATICP = 2.64411
gpu_avg_TOT_INST, = 7145.36
gpu_avg_FP_INT, = 6944.21
gpu_avg_IC_H, = 0
gpu_avg_IC_M, = 0
gpu_avg_DC_RH, = 0
gpu_avg_DC_RM, = 0
gpu_avg_DC_WH, = 0
gpu_avg_DC_WM, = 0
gpu_avg_TC_H, = 0
gpu_avg_TC_M, = 0
gpu_avg_CC_H, = 63.2143
gpu_avg_CC_M, = 0
gpu_avg_SHRD_ACC, = 321.714
gpu_avg_REG_RD, = 0
gpu_avg_REG_WR, = 0
gpu_avg_NON_REG_OPs, = 0
gpu_avg_INT_ACC, = 1.74517e+06
gpu_avg_FPU_ACC, = 784.518
gpu_avg_DPU_ACC, = 0
gpu_avg_INT_MUL24_ACC, = 0
gpu_avg_INT_MUL32_ACC, = 0
gpu_avg_INT_MUL_ACC, = 2063.74
gpu_avg_INT_DIV_ACC, = 0
gpu_avg_FP_MUL_ACC, = 0
gpu_avg_FP_DIV_ACC, = 0
gpu_avg_FP_SQRT_ACC, = 0
gpu_avg_FP_LG_ACC, = 0
gpu_avg_FP_SIN_ACC, = 0
gpu_avg_FP_EXP_ACC, = 0
gpu_avg_DP_MUL_ACC, = 0
gpu_avg_DP_DIV_ACC, = 0
gpu_avg_TENSOR_ACC, = 0
gpu_avg_TEX_ACC, = 0
gpu_avg_MEM_RD, = 0
gpu_avg_MEM_WR, = 0
gpu_avg_MEM_PRE, = 0
gpu_avg_L2_RH, = 3989.71
gpu_avg_L2_RM, = 631.429
gpu_avg_L2_WH, = 3.71429
gpu_avg_L2_WM, = 0
gpu_avg_NOC_A, = 13928.9
gpu_avg_PIPE_A, = 0.0244873
gpu_avg_IDLE_CORE_N, = 121.348
gpu_avg_constant_power = 0
gpu_avg_threads_per_warp = 16.2707
gpu_tot_TOT_INST, = 100035
gpu_tot_FP_INT, = 97219
gpu_tot_IC_H, = 0
gpu_tot_IC_M, = 0
gpu_tot_DC_RH, = 0
gpu_tot_DC_RM, = 0
gpu_tot_DC_WH, = 0
gpu_tot_DC_WM, = 0
gpu_tot_TC_H, = 0
gpu_tot_TC_M, = 0
gpu_tot_CC_H, = 885
gpu_tot_CC_M, = 0
gpu_tot_SHRD_ACC, = 4504
gpu_tot_REG_RD, = 0
gpu_tot_REG_WR, = 0
gpu_tot_NON_REG_OPs, = 0
gpu_tot_INT_ACC, = 2.44323e+07
gpu_tot_FPU_ACC, = 10983.3
gpu_tot_DPU_ACC, = 0
gpu_tot_INT_MUL24_ACC, = 0
gpu_tot_INT_MUL32_ACC, = 0
gpu_tot_INT_MUL_ACC, = 28892.4
gpu_tot_INT_DIV_ACC, = 0
gpu_tot_FP_MUL_ACC, = 0
gpu_tot_FP_DIV_ACC, = 0
gpu_tot_FP_SQRT_ACC, = 0
gpu_tot_FP_LG_ACC, = 0
gpu_tot_FP_SIN_ACC, = 0
gpu_tot_FP_EXP_ACC, = 0
gpu_tot_DP_MUL_ACC, = 0
gpu_tot_DP_DIV_ACC, = 0
gpu_tot_TENSOR_ACC, = 0
gpu_tot_TEX_ACC, = 0
gpu_tot_MEM_RD, = 0
gpu_tot_MEM_WR, = 0
gpu_tot_MEM_PRE, = 0
gpu_tot_L2_RH, = 55856
gpu_tot_L2_RM, = 8840
gpu_tot_L2_WH, = 52
gpu_tot_L2_WM, = 0
gpu_tot_NOC_A, = 195004
gpu_tot_PIPE_A, = 0.342822
gpu_tot_IDLE_CORE_N, = 1698.88
gpu_tot_constant_power = 0

Kernel Maximum Power Data:
kernel_max_power = 99.3264
gpu_max_IBP, = 0.300523
gpu_max_ICP, = 0
gpu_max_DCP, = 0
gpu_max_TCP, = 0
gpu_max_CCP, = 0
gpu_max_SHRDP, = 0.354057
gpu_max_RFP, = 0
gpu_max_INTP, = 6.38791
gpu_max_FPUP, = 0
gpu_max_DPUP, = 0
gpu_max_INT_MUL24P, = 0
gpu_max_INT_MUL32P, = 0
gpu_max_INT_MULP, = 0.156811
gpu_max_INT_DIVP, = 0
gpu_max_FP_MULP, = 0
gpu_max_FP_DIVP, = 0
gpu_max_FP_SQRTP, = 0
gpu_max_FP_LGP, = 0
gpu_max_FP_SINP, = 0
gpu_max_FP_EXP, = 0
gpu_max_DP_MULP, = 0
gpu_max_DP_DIVP, = 0
gpu_max_TENSORP, = 0
gpu_max_TEXP, = 0
gpu_max_SCHEDP, = 0.858245
gpu_max_L2CP, = 4.01217
gpu_max_MCP, = 0.55022
gpu_max_NOCP, = 16.9512
gpu_max_DRAMP, = 0
gpu_max_PIPEP, = 1.04239
gpu_max_IDLE_COREP, = 31.6727
gpu_max_CONSTP = 32.3252
gpu_max_STATICP = 4.71495
gpu_max_TOT_INST, = 12910
gpu_max_FP_INT, = 12520
gpu_max_IC_H, = 0
gpu_max_IC_M, = 0
gpu_max_DC_RH, = 0
gpu_max_DC_RM, = 0
gpu_max_DC_WH, = 0
gpu_max_DC_WM, = 0
gpu_max_TC_H, = 0
gpu_max_TC_M, = 0
gpu_max_CC_H, = 0
gpu_max_CC_M, = 0
gpu_max_SHRD_ACC, = 794
gpu_max_REG_RD, = 0
gpu_max_REG_WR, = 0
gpu_max_NON_REG_OPs, = 0
gpu_max_INT_ACC, = 3.49255e+06
gpu_max_FPU_ACC, = 0
gpu_max_DPU_ACC, = 0
gpu_max_INT_MUL24_ACC, = 0
gpu_max_INT_MUL32_ACC, = 0
gpu_max_INT_MUL_ACC, = 1023.91
gpu_max_INT_DIV_ACC, = 0
gpu_max_FP_MUL_ACC, = 0
gpu_max_FP_DIV_ACC, = 0
gpu_max_FP_SQRT_ACC, = 0
gpu_max_FP_LG_ACC, = 0
gpu_max_FP_SIN_ACC, = 0
gpu_max_FP_EXP_ACC, = 0
gpu_max_DP_MUL_ACC, = 0
gpu_max_DP_DIV_ACC, = 0
gpu_max_TENSOR_ACC, = 0
gpu_max_TEX_ACC, = 0
gpu_max_MEM_RD, = 0
gpu_max_MEM_WR, = 0
gpu_max_MEM_PRE, = 0
gpu_max_L2_RH, = 14576
gpu_max_L2_RM, = 2349
gpu_max_L2_WH, = 0
gpu_max_L2_WM, = 0
gpu_max_NOC_A, = 49716
gpu_max_PIPE_A, = 0.0318838
gpu_max_IDLE_CORE_N, = 112
gpu_max_constant_power = 0

Kernel Minimum Power Data:
kernel_min_power = 70.6838
gpu_min_IBP, = 0
gpu_min_ICP, = 0
gpu_min_DCP, = 0
gpu_min_TCP, = 0
gpu_min_CCP, = 0
gpu_min_SHRDP, = 0
gpu_min_RFP, = 0
gpu_min_INTP, = 0
gpu_min_FPUP, = 0
gpu_min_DPUP, = 0
gpu_min_INT_MUL24P, = 0
gpu_min_INT_MUL32P, = 0
gpu_min_INT_MULP, = 0
gpu_min_INT_DIVP, = 0
gpu_min_FP_MULP, = 0
gpu_min_FP_DIVP, = 0
gpu_min_FP_SQRTP, = 0
gpu_min_FP_LGP, = 0
gpu_min_FP_SINP, = 0
gpu_min_FP_EXP, = 0
gpu_min_DP_MULP, = 0
gpu_min_DP_DIVP, = 0
gpu_min_TENSORP, = 0
gpu_min_TEXP, = 0
gpu_min_SCHEDP, = 0
gpu_min_L2CP, = 0
gpu_min_MCP, = 0.55022
gpu_min_NOCP, = 0
gpu_min_DRAMP, = 0
gpu_min_PIPEP, = 0.479875
gpu_min_IDLE_COREP, = 37.3285
gpu_min_CONSTP = 32.3252
gpu_min_STATICP = 0
gpu_min_TOT_INST, = 0
gpu_min_FP_INT, = 0
gpu_min_IC_H, = 0
gpu_min_IC_M, = 0
gpu_min_DC_RH, = 0
gpu_min_DC_RM, = 0
gpu_min_DC_WH, = 0
gpu_min_DC_WM, = 0
gpu_min_TC_H, = 0
gpu_min_TC_M, = 0
gpu_min_CC_H, = 0
gpu_min_CC_M, = 0
gpu_min_SHRD_ACC, = 0
gpu_min_REG_RD, = 0
gpu_min_REG_WR, = 0
gpu_min_NON_REG_OPs, = 0
gpu_min_INT_ACC, = 0
gpu_min_FPU_ACC, = 0
gpu_min_DPU_ACC, = 0
gpu_min_INT_MUL24_ACC, = 0
gpu_min_INT_MUL32_ACC, = 0
gpu_min_INT_MUL_ACC, = 0
gpu_min_INT_DIV_ACC, = 0
gpu_min_FP_MUL_ACC, = 0
gpu_min_FP_DIV_ACC, = 0
gpu_min_FP_SQRT_ACC, = 0
gpu_min_FP_LG_ACC, = 0
gpu_min_FP_SIN_ACC, = 0
gpu_min_FP_EXP_ACC, = 0
gpu_min_DP_MUL_ACC, = 0
gpu_min_DP_DIV_ACC, = 0
gpu_min_TENSOR_ACC, = 0
gpu_min_TEX_ACC, = 0
gpu_min_MEM_RD, = 0
gpu_min_MEM_WR, = 0
gpu_min_MEM_PRE, = 0
gpu_min_L2_RH, = 0
gpu_min_L2_RM, = 0
gpu_min_L2_WH, = 0
gpu_min_L2_WM, = 0
gpu_min_NOC_A, = 0
gpu_min_PIPE_A, = 0.014678
gpu_min_IDLE_CORE_N, = 132
gpu_min_constant_power = 0

Accumulative Power Statistics Over Previous Kernels:
gpu_tot_avg_power = 81.3222
gpu_tot_max_power = 154.291
gpu_tot_min_power = 60.8126


kernel_name = _ZN4vllm23rotary_embedding_kernelIN3c108BFloat16ES2_Lb1EEEvPKlPT_S6_PKT0_illliiilb 
kernel_launch_uid = 51 

Kernel Average Power Data:
kernel_avg_power = 70.7502
gpu_avg_IBP, = 0.00401445
gpu_avg_ICP, = 0
gpu_avg_DCP, = 0.0129828
gpu_avg_TCP, = 0
gpu_avg_CCP, = 0.000142934
gpu_avg_SHRDP, = 0
gpu_avg_RFP, = 0
gpu_avg_INTP, = 0.0506286
gpu_avg_FPUP, = 0.0073626
gpu_avg_DPUP, = 0
gpu_avg_INT_MUL24P, = 0
gpu_avg_INT_MUL32P, = 0
gpu_avg_INT_MULP, = 0.0288187
gpu_avg_INT_DIVP, = 0
gpu_avg_FP_MULP, = 0.00255245
gpu_avg_FP_DIVP, = 0
gpu_avg_FP_SQRTP, = 0
gpu_avg_FP_LGP, = 0
gpu_avg_FP_SINP, = 0
gpu_avg_FP_EXP, = 0.00258079
gpu_avg_DP_MULP, = 0
gpu_avg_DP_DIVP, = 0
gpu_avg_TENSORP, = 0
gpu_avg_TEXP, = 0
gpu_avg_SCHEDP, = 0.0109742
gpu_avg_L2CP, = 0.00890488
gpu_avg_MCP, = 0.551801
gpu_avg_NOCP, = 0.0129875
gpu_avg_DRAMP, = 0
gpu_avg_PIPEP, = 0.412516
gpu_avg_IDLE_COREP, = 37.1446
gpu_avg_CONSTP = 32.3252
gpu_avg_STATICP = 0.174123
gpu_avg_TOT_INST, = 172.455
gpu_avg_FP_INT, = 160.091
gpu_avg_IC_H, = 0
gpu_avg_IC_M, = 0
gpu_avg_DC_RH, = 6.63636
gpu_avg_DC_RM, = 0.363636
gpu_avg_DC_WH, = 5.09091
gpu_avg_DC_WM, = 0
gpu_avg_TC_H, = 0
gpu_avg_TC_M, = 0
gpu_avg_CC_H, = 6.54545
gpu_avg_CC_M, = 0
gpu_avg_SHRD_ACC, = 0
gpu_avg_REG_RD, = 0
gpu_avg_REG_WR, = 0
gpu_avg_NON_REG_OPs, = 0
gpu_avg_INT_ACC, = 27680.9
gpu_avg_FPU_ACC, = 98.6151
gpu_avg_DPU_ACC, = 0
gpu_avg_INT_MUL24_ACC, = 0
gpu_avg_INT_MUL32_ACC, = 0
gpu_avg_INT_MUL_ACC, = 188.175
gpu_avg_INT_DIV_ACC, = 0
gpu_avg_FP_MUL_ACC, = 16.6664
gpu_avg_FP_DIV_ACC, = 0
gpu_avg_FP_SQRT_ACC, = 0
gpu_avg_FP_LG_ACC, = 0
gpu_avg_FP_SIN_ACC, = 0
gpu_avg_FP_EXP_ACC, = 16.8515
gpu_avg_DP_MUL_ACC, = 0
gpu_avg_DP_DIV_ACC, = 0
gpu_avg_TENSOR_ACC, = 0
gpu_avg_TEX_ACC, = 0
gpu_avg_MEM_RD, = 0
gpu_avg_MEM_WR, = 0
gpu_avg_MEM_PRE, = 0
gpu_avg_L2_RH, = 5.09091
gpu_avg_L2_RM, = 1.18182
gpu_avg_L2_WH, = 5.09091
gpu_avg_L2_WM, = 4
gpu_avg_NOC_A, = 38.0909
gpu_avg_PIPE_A, = 0.0126177
gpu_avg_IDLE_CORE_N, = 131.35
gpu_avg_constant_power = 0
gpu_avg_threads_per_warp = 14.0256
gpu_tot_TOT_INST, = 1897
gpu_tot_FP_INT, = 1761
gpu_tot_IC_H, = 0
gpu_tot_IC_M, = 0
gpu_tot_DC_RH, = 73
gpu_tot_DC_RM, = 4
gpu_tot_DC_WH, = 56
gpu_tot_DC_WM, = 0
gpu_tot_TC_H, = 0
gpu_tot_TC_M, = 0
gpu_tot_CC_H, = 72
gpu_tot_CC_M, = 0
gpu_tot_SHRD_ACC, = 0
gpu_tot_REG_RD, = 0
gpu_tot_REG_WR, = 0
gpu_tot_NON_REG_OPs, = 0
gpu_tot_INT_ACC, = 304490
gpu_tot_FPU_ACC, = 1084.77
gpu_tot_DPU_ACC, = 0
gpu_tot_INT_MUL24_ACC, = 0
gpu_tot_INT_MUL32_ACC, = 0
gpu_tot_INT_MUL_ACC, = 2069.92
gpu_tot_INT_DIV_ACC, = 0
gpu_tot_FP_MUL_ACC, = 183.331
gpu_tot_FP_DIV_ACC, = 0
gpu_tot_FP_SQRT_ACC, = 0
gpu_tot_FP_LG_ACC, = 0
gpu_tot_FP_SIN_ACC, = 0
gpu_tot_FP_EXP_ACC, = 185.367
gpu_tot_DP_MUL_ACC, = 0
gpu_tot_DP_DIV_ACC, = 0
gpu_tot_TENSOR_ACC, = 0
gpu_tot_TEX_ACC, = 0
gpu_tot_MEM_RD, = 0
gpu_tot_MEM_WR, = 0
gpu_tot_MEM_PRE, = 0
gpu_tot_L2_RH, = 56
gpu_tot_L2_RM, = 13
gpu_tot_L2_WH, = 56
gpu_tot_L2_WM, = 44
gpu_tot_NOC_A, = 419
gpu_tot_PIPE_A, = 0.138795
gpu_tot_IDLE_CORE_N, = 1444.85
gpu_tot_constant_power = 0

Kernel Maximum Power Data:
kernel_max_power = 71.1351
gpu_max_IBP, = 0.0127565
gpu_max_ICP, = 0
gpu_max_DCP, = 0.10229
gpu_max_TCP, = 0
gpu_max_CCP, = 0
gpu_max_SHRDP, = 0
gpu_max_RFP, = 0
gpu_max_INTP, = 0.196878
gpu_max_FPUP, = 0
gpu_max_DPUP, = 0
gpu_max_INT_MUL24P, = 0
gpu_max_INT_MUL32P, = 0
gpu_max_INT_MULP, = 0.137633
gpu_max_INT_DIVP, = 0
gpu_max_FP_MULP, = 0
gpu_max_FP_DIVP, = 0
gpu_max_FP_SQRTP, = 0
gpu_max_FP_LGP, = 0
gpu_max_FP_SINP, = 0
gpu_max_FP_EXP, = 0
gpu_max_DP_MULP, = 0
gpu_max_DP_DIVP, = 0
gpu_max_TENSORP, = 0
gpu_max_TEXP, = 0
gpu_max_SCHEDP, = 0.0346863
gpu_max_L2CP, = 0.00558995
gpu_max_MCP, = 0.562936
gpu_max_NOCP, = 0.0340961
gpu_max_DRAMP, = 0
gpu_max_PIPEP, = 0.432657
gpu_max_IDLE_COREP, = 37.0457
gpu_max_CONSTP = 32.3252
gpu_max_STATICP = 0.24463
gpu_max_TOT_INST, = 548
gpu_max_FP_INT, = 506
gpu_max_IC_H, = 0
gpu_max_IC_M, = 0
gpu_max_DC_RH, = 52
gpu_max_DC_RM, = 8
gpu_max_DC_WH, = 0
gpu_max_DC_WM, = 0
gpu_max_TC_H, = 0
gpu_max_TC_M, = 0
gpu_max_CC_H, = 0
gpu_max_CC_M, = 0
gpu_max_SHRD_ACC, = 0
gpu_max_REG_RD, = 0
gpu_max_REG_WR, = 0
gpu_max_NON_REG_OPs, = 0
gpu_max_INT_ACC, = 107642
gpu_max_FPU_ACC, = 0
gpu_max_DPU_ACC, = 0
gpu_max_INT_MUL24_ACC, = 0
gpu_max_INT_MUL32_ACC, = 0
gpu_max_INT_MUL_ACC, = 898.686
gpu_max_INT_DIV_ACC, = 0
gpu_max_FP_MUL_ACC, = 0
gpu_max_FP_DIV_ACC, = 0
gpu_max_FP_SQRT_ACC, = 0
gpu_max_FP_LG_ACC, = 0
gpu_max_FP_SIN_ACC, = 0
gpu_max_FP_EXP_ACC, = 0
gpu_max_DP_MUL_ACC, = 0
gpu_max_DP_DIV_ACC, = 0
gpu_max_TENSOR_ACC, = 0
gpu_max_TEX_ACC, = 0
gpu_max_MEM_RD, = 0
gpu_max_MEM_WR, = 0
gpu_max_MEM_PRE, = 0
gpu_max_L2_RH, = 20
gpu_max_L2_RM, = 8
gpu_max_L2_WH, = 0
gpu_max_L2_WM, = 0
gpu_max_NOC_A, = 100
gpu_max_PIPE_A, = 0.0132337
gpu_max_IDLE_CORE_N, = 131
gpu_max_constant_power = 0

Kernel Minimum Power Data:
kernel_min_power = 70.5947
gpu_min_IBP, = 0
gpu_min_ICP, = 0
gpu_min_DCP, = 0
gpu_min_TCP, = 0
gpu_min_CCP, = 0
gpu_min_SHRDP, = 0
gpu_min_RFP, = 0
gpu_min_INTP, = 0
gpu_min_FPUP, = 0
gpu_min_DPUP, = 0
gpu_min_INT_MUL24P, = 0
gpu_min_INT_MUL32P, = 0
gpu_min_INT_MULP, = 0
gpu_min_INT_DIVP, = 0
gpu_min_FP_MULP, = 0
gpu_min_FP_DIVP, = 0
gpu_min_FP_SQRTP, = 0
gpu_min_FP_LGP, = 0
gpu_min_FP_SINP, = 0
gpu_min_FP_EXP, = 0
gpu_min_DP_MULP, = 0
gpu_min_DP_DIVP, = 0
gpu_min_TENSORP, = 0
gpu_min_TEXP, = 0
gpu_min_SCHEDP, = 0
gpu_min_L2CP, = 0.022651
gpu_min_MCP, = 0.55022
gpu_min_NOCP, = 0.0150023
gpu_min_DRAMP, = 0
gpu_min_PIPEP, = 0.402475
gpu_min_IDLE_COREP, = 36.6017
gpu_min_CONSTP = 32.3252
gpu_min_STATICP = 0.677448
gpu_min_TOT_INST, = 0
gpu_min_FP_INT, = 0
gpu_min_IC_H, = 0
gpu_min_IC_M, = 0
gpu_min_DC_RH, = 0
gpu_min_DC_RM, = 0
gpu_min_DC_WH, = 0
gpu_min_DC_WM, = 0
gpu_min_TC_H, = 0
gpu_min_TC_M, = 0
gpu_min_CC_H, = 0
gpu_min_CC_M, = 0
gpu_min_SHRD_ACC, = 0
gpu_min_REG_RD, = 0
gpu_min_REG_WR, = 0
gpu_min_NON_REG_OPs, = 0
gpu_min_INT_ACC, = 0
gpu_min_FPU_ACC, = 0
gpu_min_DPU_ACC, = 0
gpu_min_INT_MUL24_ACC, = 0
gpu_min_INT_MUL32_ACC, = 0
gpu_min_INT_MUL_ACC, = 0
gpu_min_INT_DIV_ACC, = 0
gpu_min_FP_MUL_ACC, = 0
gpu_min_FP_DIV_ACC, = 0
gpu_min_FP_SQRT_ACC, = 0
gpu_min_FP_LG_ACC, = 0
gpu_min_FP_SIN_ACC, = 0
gpu_min_FP_EXP_ACC, = 0
gpu_min_DP_MUL_ACC, = 0
gpu_min_DP_DIV_ACC, = 0
gpu_min_TENSOR_ACC, = 0
gpu_min_TEX_ACC, = 0
gpu_min_MEM_RD, = 0
gpu_min_MEM_WR, = 0
gpu_min_MEM_PRE, = 0
gpu_min_L2_RH, = 0
gpu_min_L2_RM, = 0
gpu_min_L2_WH, = 0
gpu_min_L2_WM, = 44
gpu_min_NOC_A, = 44
gpu_min_PIPE_A, = 0.0123105
gpu_min_IDLE_CORE_N, = 129.43
gpu_min_constant_power = 0

Accumulative Power Statistics Over Previous Kernels:
gpu_tot_avg_power = 81.1544
gpu_tot_max_power = 154.291
gpu_tot_min_power = 60.8126


kernel_name = _ZN4vllm30reshape_and_cache_flash_kernelI13__nv_bfloat16S1_LNS_18Fp8KVCacheDataTypeE0EEEvPKT_S5_PT0_S7_PKlllllliiiPKfSB_i 
kernel_launch_uid = 52 

Kernel Average Power Data:
kernel_avg_power = 70.6421
gpu_avg_IBP, = 0.0013385
gpu_avg_ICP, = 0
gpu_avg_DCP, = 0.00390265
gpu_avg_TCP, = 0
gpu_avg_CCP, = 3.93069e-05
gpu_avg_SHRDP, = 0
gpu_avg_RFP, = 0
gpu_avg_INTP, = 0.0214915
gpu_avg_FPUP, = 0.00101236
gpu_avg_DPUP, = 0
gpu_avg_INT_MUL24P, = 0
gpu_avg_INT_MUL32P, = 0
gpu_avg_INT_MULP, = 0.00676882
gpu_avg_INT_DIVP, = 0
gpu_avg_FP_MULP, = 0
gpu_avg_FP_DIVP, = 0
gpu_avg_FP_SQRTP, = 0
gpu_avg_FP_LGP, = 0
gpu_avg_FP_SINP, = 0
gpu_avg_FP_EXP, = 0.000709717
gpu_avg_DP_MULP, = 0
gpu_avg_DP_DIVP, = 0
gpu_avg_TENSORP, = 0
gpu_avg_TEXP, = 0
gpu_avg_SCHEDP, = 0.00379081
gpu_avg_L2CP, = 0.00211582
gpu_avg_MCP, = 0.55141
gpu_avg_NOCP, = 0.00409153
gpu_avg_DRAMP, = 0
gpu_avg_PIPEP, = 0.40554
gpu_avg_IDLE_COREP, = 37.2155
gpu_avg_CONSTP = 32.3252
gpu_avg_STATICP = 0.0991214
gpu_avg_TOT_INST, = 57.5
gpu_avg_FP_INT, = 55.3
gpu_avg_IC_H, = 0
gpu_avg_IC_M, = 0
gpu_avg_DC_RH, = 0.3
gpu_avg_DC_RM, = 1.4
gpu_avg_DC_WH, = 0.8
gpu_avg_DC_WM, = 1.6
gpu_avg_TC_H, = 0
gpu_avg_TC_M, = 0
gpu_avg_CC_H, = 1.8
gpu_avg_CC_M, = 0
gpu_avg_SHRD_ACC, = 0
gpu_avg_REG_RD, = 0
gpu_avg_REG_WR, = 0
gpu_avg_NON_REG_OPs, = 0
gpu_avg_INT_ACC, = 11750.3
gpu_avg_FPU_ACC, = 13.5596
gpu_avg_DPU_ACC, = 0
gpu_avg_INT_MUL24_ACC, = 0
gpu_avg_INT_MUL32_ACC, = 0
gpu_avg_INT_MUL_ACC, = 44.1977
gpu_avg_INT_DIV_ACC, = 0
gpu_avg_FP_MUL_ACC, = 0
gpu_avg_FP_DIV_ACC, = 0
gpu_avg_FP_SQRT_ACC, = 0
gpu_avg_FP_LG_ACC, = 0
gpu_avg_FP_SIN_ACC, = 0
gpu_avg_FP_EXP_ACC, = 4.63417
gpu_avg_DP_MUL_ACC, = 0
gpu_avg_DP_DIV_ACC, = 0
gpu_avg_TENSOR_ACC, = 0
gpu_avg_TEX_ACC, = 0
gpu_avg_MEM_RD, = 0
gpu_avg_MEM_WR, = 0
gpu_avg_MEM_PRE, = 0
gpu_avg_L2_RH, = 1.6
gpu_avg_L2_RM, = 0.1
gpu_avg_L2_WH, = 0.8
gpu_avg_L2_WM, = 1.6
gpu_avg_NOC_A, = 12
gpu_avg_PIPE_A, = 0.0124043
gpu_avg_IDLE_CORE_N, = 131.6
gpu_avg_constant_power = 0
gpu_avg_threads_per_warp = 11.3672
gpu_tot_TOT_INST, = 575
gpu_tot_FP_INT, = 553
gpu_tot_IC_H, = 0
gpu_tot_IC_M, = 0
gpu_tot_DC_RH, = 3
gpu_tot_DC_RM, = 14
gpu_tot_DC_WH, = 8
gpu_tot_DC_WM, = 16
gpu_tot_TC_H, = 0
gpu_tot_TC_M, = 0
gpu_tot_CC_H, = 18
gpu_tot_CC_M, = 0
gpu_tot_SHRD_ACC, = 0
gpu_tot_REG_RD, = 0
gpu_tot_REG_WR, = 0
gpu_tot_NON_REG_OPs, = 0
gpu_tot_INT_ACC, = 117503
gpu_tot_FPU_ACC, = 135.596
gpu_tot_DPU_ACC, = 0
gpu_tot_INT_MUL24_ACC, = 0
gpu_tot_INT_MUL32_ACC, = 0
gpu_tot_INT_MUL_ACC, = 441.977
gpu_tot_INT_DIV_ACC, = 0
gpu_tot_FP_MUL_ACC, = 0
gpu_tot_FP_DIV_ACC, = 0
gpu_tot_FP_SQRT_ACC, = 0
gpu_tot_FP_LG_ACC, = 0
gpu_tot_FP_SIN_ACC, = 0
gpu_tot_FP_EXP_ACC, = 46.3417
gpu_tot_DP_MUL_ACC, = 0
gpu_tot_DP_DIV_ACC, = 0
gpu_tot_TENSOR_ACC, = 0
gpu_tot_TEX_ACC, = 0
gpu_tot_MEM_RD, = 0
gpu_tot_MEM_WR, = 0
gpu_tot_MEM_PRE, = 0
gpu_tot_L2_RH, = 16
gpu_tot_L2_RM, = 1
gpu_tot_L2_WH, = 8
gpu_tot_L2_WM, = 16
gpu_tot_NOC_A, = 120
gpu_tot_PIPE_A, = 0.124043
gpu_tot_IDLE_CORE_N, = 1316
gpu_tot_constant_power = 0

Kernel Maximum Power Data:
kernel_max_power = 70.9051
gpu_max_IBP, = 0.00931132
gpu_max_ICP, = 0
gpu_max_DCP, = 0
gpu_max_TCP, = 0
gpu_max_CCP, = 0.000262046
gpu_max_SHRDP, = 0
gpu_max_RFP, = 0
gpu_max_INTP, = 0.171055
gpu_max_FPUP, = 0.0101236
gpu_max_DPUP, = 0
gpu_max_INT_MUL24P, = 0
gpu_max_INT_MUL32P, = 0
gpu_max_INT_MULP, = 0.0541505
gpu_max_INT_DIVP, = 0
gpu_max_FP_MULP, = 0
gpu_max_FP_DIVP, = 0
gpu_max_FP_SQRTP, = 0
gpu_max_FP_LGP, = 0
gpu_max_FP_SINP, = 0
gpu_max_FP_EXP, = 0.00709717
gpu_max_DP_MULP, = 0
gpu_max_DP_DIVP, = 0
gpu_max_TENSORP, = 0
gpu_max_TEXP, = 0
gpu_max_SCHEDP, = 0.0264603
gpu_max_L2CP, = 1.77471e-05
gpu_max_MCP, = 0.550248
gpu_max_NOCP, = 0.000681922
gpu_max_DRAMP, = 0
gpu_max_PIPEP, = 0.425571
gpu_max_IDLE_COREP, = 37.0457
gpu_max_CONSTP = 32.3252
gpu_max_STATICP = 0.279155
gpu_max_TOT_INST, = 400
gpu_max_FP_INT, = 386
gpu_max_IC_H, = 0
gpu_max_IC_M, = 0
gpu_max_DC_RH, = 0
gpu_max_DC_RM, = 0
gpu_max_DC_WH, = 0
gpu_max_DC_WM, = 0
gpu_max_TC_H, = 0
gpu_max_TC_M, = 0
gpu_max_CC_H, = 12
gpu_max_CC_M, = 0
gpu_max_SHRD_ACC, = 0
gpu_max_REG_RD, = 0
gpu_max_REG_WR, = 0
gpu_max_NON_REG_OPs, = 0
gpu_max_INT_ACC, = 93523.1
gpu_max_FPU_ACC, = 135.596
gpu_max_DPU_ACC, = 0
gpu_max_INT_MUL24_ACC, = 0
gpu_max_INT_MUL32_ACC, = 0
gpu_max_INT_MUL_ACC, = 353.581
gpu_max_INT_DIV_ACC, = 0
gpu_max_FP_MUL_ACC, = 0
gpu_max_FP_DIV_ACC, = 0
gpu_max_FP_SQRT_ACC, = 0
gpu_max_FP_LG_ACC, = 0
gpu_max_FP_SIN_ACC, = 0
gpu_max_FP_EXP_ACC, = 46.3417
gpu_max_DP_MUL_ACC, = 0
gpu_max_DP_DIV_ACC, = 0
gpu_max_TENSOR_ACC, = 0
gpu_max_TEX_ACC, = 0
gpu_max_MEM_RD, = 0
gpu_max_MEM_WR, = 0
gpu_max_MEM_PRE, = 0
gpu_max_L2_RH, = 0
gpu_max_L2_RM, = 1
gpu_max_L2_WH, = 0
gpu_max_L2_WM, = 0
gpu_max_NOC_A, = 2
gpu_max_PIPE_A, = 0.013017
gpu_max_IDLE_CORE_N, = 131
gpu_max_constant_power = 0

Kernel Minimum Power Data:
kernel_min_power = 70.6064
gpu_min_IBP, = 0
gpu_min_ICP, = 0
gpu_min_DCP, = 0
gpu_min_TCP, = 0
gpu_min_CCP, = 0
gpu_min_SHRDP, = 0
gpu_min_RFP, = 0
gpu_min_INTP, = 0
gpu_min_FPUP, = 0
gpu_min_DPUP, = 0
gpu_min_INT_MUL24P, = 0
gpu_min_INT_MUL32P, = 0
gpu_min_INT_MULP, = 0
gpu_min_INT_DIVP, = 0
gpu_min_FP_MULP, = 0
gpu_min_FP_DIVP, = 0
gpu_min_FP_SQRTP, = 0
gpu_min_FP_LGP, = 0
gpu_min_FP_SINP, = 0
gpu_min_FP_EXP, = 0
gpu_min_DP_MULP, = 0
gpu_min_DP_DIVP, = 0
gpu_min_TENSORP, = 0
gpu_min_TEXP, = 0
gpu_min_SCHEDP, = 0
gpu_min_L2CP, = 0
gpu_min_MCP, = 0.55022
gpu_min_NOCP, = 0
gpu_min_DRAMP, = 0
gpu_min_PIPEP, = 0.402475
gpu_min_IDLE_COREP, = 37.3285
gpu_min_CONSTP = 32.3252
gpu_min_STATICP = 0
gpu_min_TOT_INST, = 0
gpu_min_FP_INT, = 0
gpu_min_IC_H, = 0
gpu_min_IC_M, = 0
gpu_min_DC_RH, = 0
gpu_min_DC_RM, = 0
gpu_min_DC_WH, = 0
gpu_min_DC_WM, = 0
gpu_min_TC_H, = 0
gpu_min_TC_M, = 0
gpu_min_CC_H, = 0
gpu_min_CC_M, = 0
gpu_min_SHRD_ACC, = 0
gpu_min_REG_RD, = 0
gpu_min_REG_WR, = 0
gpu_min_NON_REG_OPs, = 0
gpu_min_INT_ACC, = 0
gpu_min_FPU_ACC, = 0
gpu_min_DPU_ACC, = 0
gpu_min_INT_MUL24_ACC, = 0
gpu_min_INT_MUL32_ACC, = 0
gpu_min_INT_MUL_ACC, = 0
gpu_min_INT_DIV_ACC, = 0
gpu_min_FP_MUL_ACC, = 0
gpu_min_FP_DIV_ACC, = 0
gpu_min_FP_SQRT_ACC, = 0
gpu_min_FP_LG_ACC, = 0
gpu_min_FP_SIN_ACC, = 0
gpu_min_FP_EXP_ACC, = 0
gpu_min_DP_MUL_ACC, = 0
gpu_min_DP_DIV_ACC, = 0
gpu_min_TENSOR_ACC, = 0
gpu_min_TEX_ACC, = 0
gpu_min_MEM_RD, = 0
gpu_min_MEM_WR, = 0
gpu_min_MEM_PRE, = 0
gpu_min_L2_RH, = 0
gpu_min_L2_RM, = 0
gpu_min_L2_WH, = 0
gpu_min_L2_WM, = 0
gpu_min_NOC_A, = 0
gpu_min_PIPE_A, = 0.0123105
gpu_min_IDLE_CORE_N, = 132
gpu_min_constant_power = 0

Accumulative Power Statistics Over Previous Kernels:
gpu_tot_avg_power = 81.0049
gpu_tot_max_power = 154.291
gpu_tot_min_power = 60.8126


kernel_name = _ZN7cutlass13device_kernelIN5flash20enable_sm90_or_laterINS1_16FlashAttnFwdSm90INS1_25CollectiveMainloopFwdSm90ILi2EN4cute5tupleIJNS5_1CILi1EEES8_S8_EEENS6_IJNS7_ILi64EEENS7_ILi192EEESA_EEELi64ENS_10bfloat16_tEfNS_4arch4Sm90ELb0ELb0ELb0ELb1ELb1ELb0ELb0ELb1ELb1ELb1ELb0ELb0ESD_Li1EEENS1_21CollectiveEpilogueFwdINS6_IJSA_SA_SB_EEES9_SD_SF_Li128ELb1ELb1ELb0ELb0ELi1EEENS1_36VarlenDynamicPersistentTileSchedulerILi64ELi192ELi128ELi128ELb0ELb1ELb1ELb0ELb0ELb1EEEEEEEEEvNT_6ParamsE 
kernel_launch_uid = 53 

Kernel Average Power Data:
kernel_avg_power = 73.3465
gpu_avg_IBP, = 0.120698
gpu_avg_ICP, = 0
gpu_avg_DCP, = 0.0393907
gpu_avg_TCP, = 0
gpu_avg_CCP, = 0.00164216
gpu_avg_SHRDP, = 0.0946234
gpu_avg_RFP, = 0
gpu_avg_INTP, = 1.94346
gpu_avg_FPUP, = 0.18349
gpu_avg_DPUP, = 0
gpu_avg_INT_MUL24P, = 0
gpu_avg_INT_MUL32P, = 0
gpu_avg_INT_MULP, = 0.12909
gpu_avg_INT_DIVP, = 0
gpu_avg_FP_MULP, = 0.0237091
gpu_avg_FP_DIVP, = 0
gpu_avg_FP_SQRTP, = 0
gpu_avg_FP_LGP, = 0.000419072
gpu_avg_FP_SINP, = 0
gpu_avg_FP_EXP, = 0.069519
gpu_avg_DP_MULP, = 0
gpu_avg_DP_DIVP, = 0
gpu_avg_TENSORP, = 0
gpu_avg_TEXP, = 0
gpu_avg_SCHEDP, = 0.346924
gpu_avg_L2CP, = 0.0102708
gpu_avg_MCP, = 0.558133
gpu_avg_NOCP, = 0.119814
gpu_avg_DRAMP, = 0
gpu_avg_PIPEP, = 0.443353
gpu_avg_IDLE_COREP, = 33.7419
gpu_avg_CONSTP = 32.3252
gpu_avg_STATICP = 3.1949
gpu_avg_TOT_INST, = 5185
gpu_avg_FP_INT, = 5060.9
gpu_avg_IC_H, = 0
gpu_avg_IC_M, = 0
gpu_avg_DC_RH, = 3.4
gpu_avg_DC_RM, = 29.9
gpu_avg_DC_WH, = 0
gpu_avg_DC_WM, = 0.15
gpu_avg_TC_H, = 0
gpu_avg_TC_M, = 0
gpu_avg_CC_H, = 75.2
gpu_avg_CC_M, = 0
gpu_avg_SHRD_ACC, = 212.2
gpu_avg_REG_RD, = 0
gpu_avg_REG_WR, = 0
gpu_avg_NON_REG_OPs, = 0
gpu_avg_INT_ACC, = 1.06257e+06
gpu_avg_FPU_ACC, = 2457.67
gpu_avg_DPU_ACC, = 0
gpu_avg_INT_MUL24_ACC, = 0
gpu_avg_INT_MUL32_ACC, = 0
gpu_avg_INT_MUL_ACC, = 842.909
gpu_avg_INT_DIV_ACC, = 0
gpu_avg_FP_MUL_ACC, = 154.811
gpu_avg_FP_DIV_ACC, = 0
gpu_avg_FP_SQRT_ACC, = 0
gpu_avg_FP_LG_ACC, = 2.73637
gpu_avg_FP_SIN_ACC, = 0
gpu_avg_FP_EXP_ACC, = 453.931
gpu_avg_DP_MUL_ACC, = 0
gpu_avg_DP_DIV_ACC, = 0
gpu_avg_TENSOR_ACC, = 0
gpu_avg_TEX_ACC, = 0
gpu_avg_MEM_RD, = 0
gpu_avg_MEM_WR, = 0
gpu_avg_MEM_PRE, = 0
gpu_avg_L2_RH, = 36.6
gpu_avg_L2_RM, = 11.05
gpu_avg_L2_WH, = 0.05
gpu_avg_L2_WM, = 0.1
gpu_avg_NOC_A, = 351.4
gpu_avg_PIPE_A, = 0.0135609
gpu_avg_IDLE_CORE_N, = 119.317
gpu_avg_constant_power = 0
gpu_avg_threads_per_warp = 20.8211
gpu_tot_TOT_INST, = 103700
gpu_tot_FP_INT, = 101218
gpu_tot_IC_H, = 0
gpu_tot_IC_M, = 0
gpu_tot_DC_RH, = 68
gpu_tot_DC_RM, = 598
gpu_tot_DC_WH, = 0
gpu_tot_DC_WM, = 3
gpu_tot_TC_H, = 0
gpu_tot_TC_M, = 0
gpu_tot_CC_H, = 1504
gpu_tot_CC_M, = 0
gpu_tot_SHRD_ACC, = 4244
gpu_tot_REG_RD, = 0
gpu_tot_REG_WR, = 0
gpu_tot_NON_REG_OPs, = 0
gpu_tot_INT_ACC, = 2.12515e+07
gpu_tot_FPU_ACC, = 49153.4
gpu_tot_DPU_ACC, = 0
gpu_tot_INT_MUL24_ACC, = 0
gpu_tot_INT_MUL32_ACC, = 0
gpu_tot_INT_MUL_ACC, = 16858.2
gpu_tot_INT_DIV_ACC, = 0
gpu_tot_FP_MUL_ACC, = 3096.22
gpu_tot_FP_DIV_ACC, = 0
gpu_tot_FP_SQRT_ACC, = 0
gpu_tot_FP_LG_ACC, = 54.7274
gpu_tot_FP_SIN_ACC, = 0
gpu_tot_FP_EXP_ACC, = 9078.62
gpu_tot_DP_MUL_ACC, = 0
gpu_tot_DP_DIV_ACC, = 0
gpu_tot_TENSOR_ACC, = 0
gpu_tot_TEX_ACC, = 0
gpu_tot_MEM_RD, = 0
gpu_tot_MEM_WR, = 0
gpu_tot_MEM_PRE, = 0
gpu_tot_L2_RH, = 732
gpu_tot_L2_RM, = 221
gpu_tot_L2_WH, = 1
gpu_tot_L2_WM, = 2
gpu_tot_NOC_A, = 7028
gpu_tot_PIPE_A, = 0.271218
gpu_tot_IDLE_CORE_N, = 2386.34
gpu_tot_constant_power = 0

Kernel Maximum Power Data:
kernel_max_power = 103.824
gpu_max_IBP, = 1.59754
gpu_max_ICP, = 0
gpu_max_DCP, = 0.126283
gpu_max_TCP, = 0
gpu_max_CCP, = 0.022405
gpu_max_SHRDP, = 1.11836
gpu_max_RFP, = 0
gpu_max_INTP, = 27.6004
gpu_max_FPUP, = 0
gpu_max_DPUP, = 0
gpu_max_INT_MUL24P, = 0
gpu_max_INT_MUL32P, = 0
gpu_max_INT_MULP, = 0.0663132
gpu_max_INT_DIVP, = 0
gpu_max_FP_MULP, = 0
gpu_max_FP_DIVP, = 0
gpu_max_FP_SQRTP, = 0
gpu_max_FP_LGP, = 0
gpu_max_FP_SINP, = 0
gpu_max_FP_EXP, = 0
gpu_max_DP_MULP, = 0
gpu_max_DP_DIVP, = 0
gpu_max_TENSORP, = 0
gpu_max_TEXP, = 0
gpu_max_SCHEDP, = 4.65756
gpu_max_L2CP, = 0
gpu_max_MCP, = 0.57914
gpu_max_NOCP, = 0.0388695
gpu_max_DRAMP, = 0
gpu_max_PIPEP, = 3.67305
gpu_max_IDLE_COREP, = 5.41263
gpu_max_CONSTP = 32.3252
gpu_max_STATICP = 26.6065
gpu_max_TOT_INST, = 68628
gpu_max_FP_INT, = 67944
gpu_max_IC_H, = 0
gpu_max_IC_M, = 0
gpu_max_DC_RH, = 0
gpu_max_DC_RM, = 114
gpu_max_DC_WH, = 0
gpu_max_DC_WM, = 0
gpu_max_TC_H, = 0
gpu_max_TC_M, = 0
gpu_max_CC_H, = 1026
gpu_max_CC_M, = 0
gpu_max_SHRD_ACC, = 2508
gpu_max_REG_RD, = 0
gpu_max_REG_WR, = 0
gpu_max_NON_REG_OPs, = 0
gpu_max_INT_ACC, = 1.50903e+07
gpu_max_FPU_ACC, = 0
gpu_max_DPU_ACC, = 0
gpu_max_INT_MUL24_ACC, = 0
gpu_max_INT_MUL32_ACC, = 0
gpu_max_INT_MUL_ACC, = 432.999
gpu_max_INT_DIV_ACC, = 0
gpu_max_FP_MUL_ACC, = 0
gpu_max_FP_DIV_ACC, = 0
gpu_max_FP_SQRT_ACC, = 0
gpu_max_FP_LG_ACC, = 0
gpu_max_FP_SIN_ACC, = 0
gpu_max_FP_EXP_ACC, = 0
gpu_max_DP_MUL_ACC, = 0
gpu_max_DP_DIV_ACC, = 0
gpu_max_TENSOR_ACC, = 0
gpu_max_TEX_ACC, = 0
gpu_max_MEM_RD, = 0
gpu_max_MEM_WR, = 0
gpu_max_MEM_PRE, = 0
gpu_max_L2_RH, = 0
gpu_max_L2_RM, = 0
gpu_max_L2_WH, = 0
gpu_max_L2_WM, = 0
gpu_max_NOC_A, = 114
gpu_max_PIPE_A, = 0.112348
gpu_max_IDLE_CORE_N, = 19.14
gpu_max_constant_power = 0

Kernel Minimum Power Data:
kernel_min_power = 70.5715
gpu_min_IBP, = 0.0100562
gpu_min_ICP, = 0
gpu_min_DCP, = 0
gpu_min_TCP, = 0
gpu_min_CCP, = 0
gpu_min_SHRDP, = 0.00356733
gpu_min_RFP, = 0
gpu_min_INTP, = 0.177195
gpu_min_FPUP, = 0
gpu_min_DPUP, = 0
gpu_min_INT_MUL24P, = 0
gpu_min_INT_MUL32P, = 0
gpu_min_INT_MULP, = 0.0592271
gpu_min_INT_DIVP, = 0
gpu_min_FP_MULP, = 0
gpu_min_FP_DIVP, = 0
gpu_min_FP_SQRTP, = 0
gpu_min_FP_LGP, = 0
gpu_min_FP_SINP, = 0
gpu_min_FP_EXP, = 0
gpu_min_DP_MULP, = 0
gpu_min_DP_DIVP, = 0
gpu_min_TENSORP, = 0
gpu_min_TEXP, = 0
gpu_min_SCHEDP, = 0.0290652
gpu_min_L2CP, = 0
gpu_min_MCP, = 0.55022
gpu_min_NOCP, = 0.087286
gpu_min_DRAMP, = 0
gpu_min_PIPEP, = 0.0863469
gpu_min_IDLE_COREP, = 36.7629
gpu_min_CONSTP = 32.3252
gpu_min_STATICP = 0.480377
gpu_min_TOT_INST, = 432
gpu_min_FP_INT, = 424
gpu_min_IC_H, = 0
gpu_min_IC_M, = 0
gpu_min_DC_RH, = 0
gpu_min_DC_RM, = 0
gpu_min_DC_WH, = 0
gpu_min_DC_WM, = 0
gpu_min_TC_H, = 0
gpu_min_TC_M, = 0
gpu_min_CC_H, = 0
gpu_min_CC_M, = 0
gpu_min_SHRD_ACC, = 8
gpu_min_REG_RD, = 0
gpu_min_REG_WR, = 0
gpu_min_NON_REG_OPs, = 0
gpu_min_INT_ACC, = 96880.4
gpu_min_FPU_ACC, = 0
gpu_min_DPU_ACC, = 0
gpu_min_INT_MUL24_ACC, = 0
gpu_min_INT_MUL32_ACC, = 0
gpu_min_INT_MUL_ACC, = 386.729
gpu_min_INT_DIV_ACC, = 0
gpu_min_FP_MUL_ACC, = 0
gpu_min_FP_DIV_ACC, = 0
gpu_min_FP_SQRT_ACC, = 0
gpu_min_FP_LG_ACC, = 0
gpu_min_FP_SIN_ACC, = 0
gpu_min_FP_EXP_ACC, = 0
gpu_min_DP_MUL_ACC, = 0
gpu_min_DP_DIV_ACC, = 0
gpu_min_TENSOR_ACC, = 0
gpu_min_TEX_ACC, = 0
gpu_min_MEM_RD, = 0
gpu_min_MEM_WR, = 0
gpu_min_MEM_PRE, = 0
gpu_min_L2_RH, = 0
gpu_min_L2_RM, = 0
gpu_min_L2_WH, = 0
gpu_min_L2_WM, = 0
gpu_min_NOC_A, = 256
gpu_min_PIPE_A, = 0.0026411
gpu_min_IDLE_CORE_N, = 130
gpu_min_constant_power = 0

Accumulative Power Statistics Over Previous Kernels:
gpu_tot_avg_power = 80.793
gpu_tot_max_power = 154.291
gpu_tot_min_power = 60.8126


kernel_name = _ZN2at6native29vectorized_elementwise_kernelILi4ENS0_11FillFunctorIiEESt5arrayIPcLm1EEEEviT0_T1_ 
kernel_launch_uid = 54 

Kernel Average Power Data:
kernel_avg_power = 70.2909
gpu_avg_IBP, = 0.000957736
gpu_avg_ICP, = 0
gpu_avg_DCP, = 0.00870085
gpu_avg_TCP, = 0
gpu_avg_CCP, = 3.74352e-05
gpu_avg_SHRDP, = 0.00178366
gpu_avg_RFP, = 0
gpu_avg_INTP, = 0.00809848
gpu_avg_FPUP, = 0
gpu_avg_DPUP, = 0
gpu_avg_INT_MUL24P, = 0
gpu_avg_INT_MUL32P, = 0
gpu_avg_INT_MULP, = 0.000344988
gpu_avg_INT_DIVP, = 0
gpu_avg_FP_MULP, = 0
gpu_avg_FP_DIVP, = 0
gpu_avg_FP_SQRTP, = 0
gpu_avg_FP_LGP, = 0
gpu_avg_FP_SINP, = 0
gpu_avg_FP_EXP, = 0
gpu_avg_DP_MULP, = 0
gpu_avg_DP_DIVP, = 0
gpu_avg_TENSORP, = 0
gpu_avg_TEXP, = 0
gpu_avg_SCHEDP, = 0.00266365
gpu_avg_L2CP, = 0.00569944
gpu_avg_MCP, = 0.554208
gpu_avg_NOCP, = 0.00828048
gpu_avg_DRAMP, = 0
gpu_avg_PIPEP, = 0.0638926
gpu_avg_IDLE_COREP, = 37.2662
gpu_avg_CONSTP = 32.3252
gpu_avg_STATICP = 0.0448321
gpu_avg_TOT_INST, = 41.1429
gpu_avg_FP_INT, = 38.8571
gpu_avg_IC_H, = 0
gpu_avg_IC_M, = 0
gpu_avg_DC_RH, = 0
gpu_avg_DC_RM, = 0
gpu_avg_DC_WH, = 0
gpu_avg_DC_WM, = 8.14286
gpu_avg_TC_H, = 0
gpu_avg_TC_M, = 0
gpu_avg_CC_H, = 1.71429
gpu_avg_CC_M, = 0
gpu_avg_SHRD_ACC, = 4
gpu_avg_REG_RD, = 0
gpu_avg_REG_WR, = 0
gpu_avg_NON_REG_OPs, = 0
gpu_avg_INT_ACC, = 4427.79
gpu_avg_FPU_ACC, = 0
gpu_avg_DPU_ACC, = 0
gpu_avg_INT_MUL24_ACC, = 0
gpu_avg_INT_MUL32_ACC, = 0
gpu_avg_INT_MUL_ACC, = 2.25263
gpu_avg_INT_DIV_ACC, = 0
gpu_avg_FP_MUL_ACC, = 0
gpu_avg_FP_DIV_ACC, = 0
gpu_avg_FP_SQRT_ACC, = 0
gpu_avg_FP_LG_ACC, = 0
gpu_avg_FP_SIN_ACC, = 0
gpu_avg_FP_EXP_ACC, = 0
gpu_avg_DP_MUL_ACC, = 0
gpu_avg_DP_DIV_ACC, = 0
gpu_avg_TENSOR_ACC, = 0
gpu_avg_TEX_ACC, = 0
gpu_avg_MEM_RD, = 0
gpu_avg_MEM_WR, = 0
gpu_avg_MEM_PRE, = 0
gpu_avg_L2_RH, = 0
gpu_avg_L2_RM, = 0
gpu_avg_L2_WH, = 2.85714
gpu_avg_L2_WM, = 5.14286
gpu_avg_NOC_A, = 24.2857
gpu_avg_PIPE_A, = 0.00195429
gpu_avg_IDLE_CORE_N, = 131.78
gpu_avg_constant_power = 0
gpu_avg_threads_per_warp = 6.02371
gpu_tot_TOT_INST, = 288
gpu_tot_FP_INT, = 272
gpu_tot_IC_H, = 0
gpu_tot_IC_M, = 0
gpu_tot_DC_RH, = 0
gpu_tot_DC_RM, = 0
gpu_tot_DC_WH, = 0
gpu_tot_DC_WM, = 57
gpu_tot_TC_H, = 0
gpu_tot_TC_M, = 0
gpu_tot_CC_H, = 12
gpu_tot_CC_M, = 0
gpu_tot_SHRD_ACC, = 28
gpu_tot_REG_RD, = 0
gpu_tot_REG_WR, = 0
gpu_tot_NON_REG_OPs, = 0
gpu_tot_INT_ACC, = 30994.5
gpu_tot_FPU_ACC, = 0
gpu_tot_DPU_ACC, = 0
gpu_tot_INT_MUL24_ACC, = 0
gpu_tot_INT_MUL32_ACC, = 0
gpu_tot_INT_MUL_ACC, = 15.7684
gpu_tot_INT_DIV_ACC, = 0
gpu_tot_FP_MUL_ACC, = 0
gpu_tot_FP_DIV_ACC, = 0
gpu_tot_FP_SQRT_ACC, = 0
gpu_tot_FP_LG_ACC, = 0
gpu_tot_FP_SIN_ACC, = 0
gpu_tot_FP_EXP_ACC, = 0
gpu_tot_DP_MUL_ACC, = 0
gpu_tot_DP_DIV_ACC, = 0
gpu_tot_TENSOR_ACC, = 0
gpu_tot_TEX_ACC, = 0
gpu_tot_MEM_RD, = 0
gpu_tot_MEM_WR, = 0
gpu_tot_MEM_PRE, = 0
gpu_tot_L2_RH, = 0
gpu_tot_L2_RM, = 0
gpu_tot_L2_WH, = 20
gpu_tot_L2_WM, = 36
gpu_tot_NOC_A, = 170
gpu_tot_PIPE_A, = 0.01368
gpu_tot_IDLE_CORE_N, = 922.458
gpu_tot_constant_power = 0

Kernel Maximum Power Data:
kernel_max_power = 70.4198
gpu_max_IBP, = 0.00391076
gpu_max_ICP, = 0
gpu_max_DCP, = 0.0598374
gpu_max_TCP, = 0
gpu_max_CCP, = 0
gpu_max_SHRDP, = 0.0124856
gpu_max_RFP, = 0
gpu_max_INTP, = 0.028564
gpu_max_FPUP, = 0
gpu_max_DPUP, = 0
gpu_max_INT_MUL24P, = 0
gpu_max_INT_MUL32P, = 0
gpu_max_INT_MULP, = 0.000141017
gpu_max_INT_DIVP, = 0
gpu_max_FP_MULP, = 0
gpu_max_FP_DIVP, = 0
gpu_max_FP_SQRTP, = 0
gpu_max_FP_LGP, = 0
gpu_max_FP_SINP, = 0
gpu_max_FP_EXP, = 0
gpu_max_DP_MULP, = 0
gpu_max_DP_DIVP, = 0
gpu_max_TENSORP, = 0
gpu_max_TEXP, = 0
gpu_max_SCHEDP, = 0.0115164
gpu_max_L2CP, = 0.0398961
gpu_max_MCP, = 0.577619
gpu_max_NOCP, = 0.0572814
gpu_max_DRAMP, = 0
gpu_max_PIPEP, = 0.0700233
gpu_max_IDLE_COREP, = 37.0191
gpu_max_CONSTP = 32.3252
gpu_max_STATICP = 0.214179
gpu_max_TOT_INST, = 168
gpu_max_FP_INT, = 168
gpu_max_IC_H, = 0
gpu_max_IC_M, = 0
gpu_max_DC_RH, = 0
gpu_max_DC_RM, = 0
gpu_max_DC_WH, = 0
gpu_max_DC_WM, = 56
gpu_max_TC_H, = 0
gpu_max_TC_M, = 0
gpu_max_CC_H, = 0
gpu_max_CC_M, = 0
gpu_max_SHRD_ACC, = 28
gpu_max_REG_RD, = 0
gpu_max_REG_WR, = 0
gpu_max_NON_REG_OPs, = 0
gpu_max_INT_ACC, = 15617.2
gpu_max_FPU_ACC, = 0
gpu_max_DPU_ACC, = 0
gpu_max_INT_MUL24_ACC, = 0
gpu_max_INT_MUL32_ACC, = 0
gpu_max_INT_MUL_ACC, = 0.920784
gpu_max_INT_DIV_ACC, = 0
gpu_max_FP_MUL_ACC, = 0
gpu_max_FP_DIV_ACC, = 0
gpu_max_FP_SQRT_ACC, = 0
gpu_max_FP_LG_ACC, = 0
gpu_max_FP_SIN_ACC, = 0
gpu_max_FP_EXP_ACC, = 0
gpu_max_DP_MUL_ACC, = 0
gpu_max_DP_DIV_ACC, = 0
gpu_max_TENSOR_ACC, = 0
gpu_max_TEX_ACC, = 0
gpu_max_MEM_RD, = 0
gpu_max_MEM_WR, = 0
gpu_max_MEM_PRE, = 0
gpu_max_L2_RH, = 0
gpu_max_L2_RM, = 0
gpu_max_L2_WH, = 20
gpu_max_L2_WM, = 36
gpu_max_NOC_A, = 168
gpu_max_PIPE_A, = 0.00214181
gpu_max_IDLE_CORE_N, = 130.906
gpu_max_constant_power = 0

Kernel Minimum Power Data:
kernel_min_power = 70.2659
gpu_min_IBP, = 0
gpu_min_ICP, = 0
gpu_min_DCP, = 0
gpu_min_TCP, = 0
gpu_min_CCP, = 0
gpu_min_SHRDP, = 0
gpu_min_RFP, = 0
gpu_min_INTP, = 0
gpu_min_FPUP, = 0
gpu_min_DPUP, = 0
gpu_min_INT_MUL24P, = 0
gpu_min_INT_MUL32P, = 0
gpu_min_INT_MULP, = 0
gpu_min_INT_DIVP, = 0
gpu_min_FP_MULP, = 0
gpu_min_FP_DIVP, = 0
gpu_min_FP_SQRTP, = 0
gpu_min_FP_LGP, = 0
gpu_min_FP_SINP, = 0
gpu_min_FP_EXP, = 0
gpu_min_DP_MULP, = 0
gpu_min_DP_DIVP, = 0
gpu_min_TENSORP, = 0
gpu_min_TEXP, = 0
gpu_min_SCHEDP, = 0
gpu_min_L2CP, = 0
gpu_min_MCP, = 0.55022
gpu_min_NOCP, = 0
gpu_min_DRAMP, = 0
gpu_min_PIPEP, = 0.0619195
gpu_min_IDLE_COREP, = 37.3285
gpu_min_CONSTP = 32.3252
gpu_min_STATICP = 0
gpu_min_TOT_INST, = 0
gpu_min_FP_INT, = 0
gpu_min_IC_H, = 0
gpu_min_IC_M, = 0
gpu_min_DC_RH, = 0
gpu_min_DC_RM, = 0
gpu_min_DC_WH, = 0
gpu_min_DC_WM, = 0
gpu_min_TC_H, = 0
gpu_min_TC_M, = 0
gpu_min_CC_H, = 0
gpu_min_CC_M, = 0
gpu_min_SHRD_ACC, = 0
gpu_min_REG_RD, = 0
gpu_min_REG_WR, = 0
gpu_min_NON_REG_OPs, = 0
gpu_min_INT_ACC, = 0
gpu_min_FPU_ACC, = 0
gpu_min_DPU_ACC, = 0
gpu_min_INT_MUL24_ACC, = 0
gpu_min_INT_MUL32_ACC, = 0
gpu_min_INT_MUL_ACC, = 0
gpu_min_INT_DIV_ACC, = 0
gpu_min_FP_MUL_ACC, = 0
gpu_min_FP_DIV_ACC, = 0
gpu_min_FP_SQRT_ACC, = 0
gpu_min_FP_LG_ACC, = 0
gpu_min_FP_SIN_ACC, = 0
gpu_min_FP_EXP_ACC, = 0
gpu_min_DP_MUL_ACC, = 0
gpu_min_DP_DIV_ACC, = 0
gpu_min_TENSOR_ACC, = 0
gpu_min_TEX_ACC, = 0
gpu_min_MEM_RD, = 0
gpu_min_MEM_WR, = 0
gpu_min_MEM_PRE, = 0
gpu_min_L2_RH, = 0
gpu_min_L2_RM, = 0
gpu_min_L2_WH, = 0
gpu_min_L2_WM, = 0
gpu_min_NOC_A, = 0
gpu_min_PIPE_A, = 0.00189394
gpu_min_IDLE_CORE_N, = 132
gpu_min_constant_power = 0

Accumulative Power Statistics Over Previous Kernels:
gpu_tot_avg_power = 80.6923
gpu_tot_max_power = 154.291
gpu_tot_min_power = 60.8126


kernel_name = nvjet_sm90_tst_64x8_64x16_4x1_v_bz_TNT 
kernel_launch_uid = 55 

Kernel Average Power Data:
kernel_avg_power = 78.5737
gpu_avg_IBP, = 0.138814
gpu_avg_ICP, = 0
gpu_avg_DCP, = 0
gpu_avg_TCP, = 0
gpu_avg_CCP, = 0.000974275
gpu_avg_SHRDP, = 0.124685
gpu_avg_RFP, = 0
gpu_avg_INTP, = 2.68964
gpu_avg_FPUP, = 0.0146013
gpu_avg_DPUP, = 0
gpu_avg_INT_MUL24P, = 0
gpu_avg_INT_MUL32P, = 0
gpu_avg_INT_MULP, = 0.244198
gpu_avg_INT_DIVP, = 0
gpu_avg_FP_MULP, = 0
gpu_avg_FP_DIVP, = 0
gpu_avg_FP_SQRTP, = 0
gpu_avg_FP_LGP, = 0
gpu_avg_FP_SINP, = 0
gpu_avg_FP_EXP, = 0
gpu_avg_DP_MULP, = 0
gpu_avg_DP_DIVP, = 0
gpu_avg_TENSORP, = 0
gpu_avg_TEXP, = 0
gpu_avg_SCHEDP, = 0.39885
gpu_avg_L2CP, = 0.767497
gpu_avg_MCP, = 0.550325
gpu_avg_NOCP, = 3.96776
gpu_avg_DRAMP, = 0
gpu_avg_PIPEP, = 0.354697
gpu_avg_IDLE_COREP, = 34.9731
gpu_avg_CONSTP = 32.3252
gpu_avg_STATICP = 2.02331
gpu_avg_TOT_INST, = 5963.23
gpu_avg_FP_INT, = 5818.38
gpu_avg_IC_H, = 0
gpu_avg_IC_M, = 0
gpu_avg_DC_RH, = 0
gpu_avg_DC_RM, = 0
gpu_avg_DC_WH, = 0
gpu_avg_DC_WM, = 0
gpu_avg_TC_H, = 0
gpu_avg_TC_M, = 0
gpu_avg_CC_H, = 44.6154
gpu_avg_CC_M, = 0
gpu_avg_SHRD_ACC, = 279.615
gpu_avg_REG_RD, = 0
gpu_avg_REG_WR, = 0
gpu_avg_NON_REG_OPs, = 0
gpu_avg_INT_ACC, = 1.47055e+06
gpu_avg_FPU_ACC, = 195.571
gpu_avg_DPU_ACC, = 0
gpu_avg_INT_MUL24_ACC, = 0
gpu_avg_INT_MUL32_ACC, = 0
gpu_avg_INT_MUL_ACC, = 1594.52
gpu_avg_INT_DIV_ACC, = 0
gpu_avg_FP_MUL_ACC, = 0
gpu_avg_FP_DIV_ACC, = 0
gpu_avg_FP_SQRT_ACC, = 0
gpu_avg_FP_LG_ACC, = 0
gpu_avg_FP_SIN_ACC, = 0
gpu_avg_FP_EXP_ACC, = 0
gpu_avg_DP_MUL_ACC, = 0
gpu_avg_DP_DIV_ACC, = 0
gpu_avg_TENSOR_ACC, = 0
gpu_avg_TEX_ACC, = 0
gpu_avg_MEM_RD, = 0
gpu_avg_MEM_WR, = 0
gpu_avg_MEM_PRE, = 0
gpu_avg_L2_RH, = 2744
gpu_avg_L2_RM, = 1124.31
gpu_avg_L2_WH, = 0.0769231
gpu_avg_L2_WM, = 0
gpu_avg_NOC_A, = 11637
gpu_avg_PIPE_A, = 0.0108492
gpu_avg_IDLE_CORE_N, = 123.671
gpu_avg_constant_power = 0
gpu_avg_threads_per_warp = 15.1174
gpu_tot_TOT_INST, = 77522
gpu_tot_FP_INT, = 75639
gpu_tot_IC_H, = 0
gpu_tot_IC_M, = 0
gpu_tot_DC_RH, = 0
gpu_tot_DC_RM, = 0
gpu_tot_DC_WH, = 0
gpu_tot_DC_WM, = 0
gpu_tot_TC_H, = 0
gpu_tot_TC_M, = 0
gpu_tot_CC_H, = 580
gpu_tot_CC_M, = 0
gpu_tot_SHRD_ACC, = 3635
gpu_tot_REG_RD, = 0
gpu_tot_REG_WR, = 0
gpu_tot_NON_REG_OPs, = 0
gpu_tot_INT_ACC, = 1.91171e+07
gpu_tot_FPU_ACC, = 2542.42
gpu_tot_DPU_ACC, = 0
gpu_tot_INT_MUL24_ACC, = 0
gpu_tot_INT_MUL32_ACC, = 0
gpu_tot_INT_MUL_ACC, = 20728.7
gpu_tot_INT_DIV_ACC, = 0
gpu_tot_FP_MUL_ACC, = 0
gpu_tot_FP_DIV_ACC, = 0
gpu_tot_FP_SQRT_ACC, = 0
gpu_tot_FP_LG_ACC, = 0
gpu_tot_FP_SIN_ACC, = 0
gpu_tot_FP_EXP_ACC, = 0
gpu_tot_DP_MUL_ACC, = 0
gpu_tot_DP_DIV_ACC, = 0
gpu_tot_TENSOR_ACC, = 0
gpu_tot_TEX_ACC, = 0
gpu_tot_MEM_RD, = 0
gpu_tot_MEM_WR, = 0
gpu_tot_MEM_PRE, = 0
gpu_tot_L2_RH, = 35672
gpu_tot_L2_RM, = 14616
gpu_tot_L2_WH, = 1
gpu_tot_L2_WM, = 0
gpu_tot_NOC_A, = 151281
gpu_tot_PIPE_A, = 0.141039
gpu_tot_IDLE_CORE_N, = 1607.72
gpu_tot_constant_power = 0

Kernel Maximum Power Data:
kernel_max_power = 92.3109
gpu_max_IBP, = 0.244027
gpu_max_ICP, = 0
gpu_max_DCP, = 0
gpu_max_TCP, = 0
gpu_max_CCP, = 0
gpu_max_SHRDP, = 0.261307
gpu_max_RFP, = 0
gpu_max_INTP, = 5.2607
gpu_max_FPUP, = 0
gpu_max_DPUP, = 0
gpu_max_INT_MUL24P, = 0
gpu_max_INT_MUL32P, = 0
gpu_max_INT_MULP, = 0.132556
gpu_max_INT_DIVP, = 0
gpu_max_FP_MULP, = 0
gpu_max_FP_DIVP, = 0
gpu_max_FP_SQRTP, = 0
gpu_max_FP_LGP, = 0
gpu_max_FP_SINP, = 0
gpu_max_FP_EXP, = 0
gpu_max_DP_MULP, = 0
gpu_max_DP_DIVP, = 0
gpu_max_TENSORP, = 0
gpu_max_TEXP, = 0
gpu_max_SCHEDP, = 0.702088
gpu_max_L2CP, = 2.63148
gpu_max_MCP, = 0.55022
gpu_max_NOCP, = 13.052
gpu_max_DRAMP, = 0
gpu_max_PIPEP, = 0.575538
gpu_max_IDLE_COREP, = 32.8038
gpu_max_CONSTP = 32.3252
gpu_max_STATICP = 3.77196
gpu_max_TOT_INST, = 10483
gpu_max_FP_INT, = 10242
gpu_max_IC_H, = 0
gpu_max_IC_M, = 0
gpu_max_DC_RH, = 0
gpu_max_DC_RM, = 0
gpu_max_DC_WH, = 0
gpu_max_DC_WM, = 0
gpu_max_TC_H, = 0
gpu_max_TC_M, = 0
gpu_max_CC_H, = 0
gpu_max_CC_M, = 0
gpu_max_SHRD_ACC, = 586
gpu_max_REG_RD, = 0
gpu_max_REG_WR, = 0
gpu_max_NON_REG_OPs, = 0
gpu_max_INT_ACC, = 2.87626e+06
gpu_max_FPU_ACC, = 0
gpu_max_DPU_ACC, = 0
gpu_max_INT_MUL24_ACC, = 0
gpu_max_INT_MUL32_ACC, = 0
gpu_max_INT_MUL_ACC, = 865.537
gpu_max_INT_DIV_ACC, = 0
gpu_max_FP_MUL_ACC, = 0
gpu_max_FP_DIV_ACC, = 0
gpu_max_FP_SQRT_ACC, = 0
gpu_max_FP_LG_ACC, = 0
gpu_max_FP_SIN_ACC, = 0
gpu_max_FP_EXP_ACC, = 0
gpu_max_DP_MUL_ACC, = 0
gpu_max_DP_DIV_ACC, = 0
gpu_max_TENSOR_ACC, = 0
gpu_max_TEX_ACC, = 0
gpu_max_MEM_RD, = 0
gpu_max_MEM_WR, = 0
gpu_max_MEM_PRE, = 0
gpu_max_L2_RH, = 9412
gpu_max_L2_RM, = 3813
gpu_max_L2_WH, = 0
gpu_max_L2_WM, = 0
gpu_max_NOC_A, = 38280
gpu_max_PIPE_A, = 0.017604
gpu_max_IDLE_CORE_N, = 116
gpu_max_constant_power = 0

Kernel Minimum Power Data:
kernel_min_power = 70.2626
gpu_min_IBP, = 0
gpu_min_ICP, = 0
gpu_min_DCP, = 0
gpu_min_TCP, = 0
gpu_min_CCP, = 0
gpu_min_SHRDP, = 0
gpu_min_RFP, = 0
gpu_min_INTP, = 0
gpu_min_FPUP, = 0
gpu_min_DPUP, = 0
gpu_min_INT_MUL24P, = 0
gpu_min_INT_MUL32P, = 0
gpu_min_INT_MULP, = 0
gpu_min_INT_DIVP, = 0
gpu_min_FP_MULP, = 0
gpu_min_FP_DIVP, = 0
gpu_min_FP_SQRTP, = 0
gpu_min_FP_LGP, = 0
gpu_min_FP_SINP, = 0
gpu_min_FP_EXP, = 0
gpu_min_DP_MULP, = 0
gpu_min_DP_DIVP, = 0
gpu_min_TENSORP, = 0
gpu_min_TEXP, = 0
gpu_min_SCHEDP, = 0
gpu_min_L2CP, = 0.00106817
gpu_min_MCP, = 0.55022
gpu_min_NOCP, = 0.000340961
gpu_min_DRAMP, = 0
gpu_min_PIPEP, = 0.0619195
gpu_min_IDLE_COREP, = 37.2595
gpu_min_CONSTP = 32.3252
gpu_min_STATICP = 0.0643187
gpu_min_TOT_INST, = 0
gpu_min_FP_INT, = 0
gpu_min_IC_H, = 0
gpu_min_IC_M, = 0
gpu_min_DC_RH, = 0
gpu_min_DC_RM, = 0
gpu_min_DC_WH, = 0
gpu_min_DC_WM, = 0
gpu_min_TC_H, = 0
gpu_min_TC_M, = 0
gpu_min_CC_H, = 0
gpu_min_CC_M, = 0
gpu_min_SHRD_ACC, = 0
gpu_min_REG_RD, = 0
gpu_min_REG_WR, = 0
gpu_min_NON_REG_OPs, = 0
gpu_min_INT_ACC, = 0
gpu_min_FPU_ACC, = 0
gpu_min_DPU_ACC, = 0
gpu_min_INT_MUL24_ACC, = 0
gpu_min_INT_MUL32_ACC, = 0
gpu_min_INT_MUL_ACC, = 0
gpu_min_INT_DIV_ACC, = 0
gpu_min_FP_MUL_ACC, = 0
gpu_min_FP_DIV_ACC, = 0
gpu_min_FP_SQRT_ACC, = 0
gpu_min_FP_LG_ACC, = 0
gpu_min_FP_SIN_ACC, = 0
gpu_min_FP_EXP_ACC, = 0
gpu_min_DP_MUL_ACC, = 0
gpu_min_DP_DIV_ACC, = 0
gpu_min_TENSOR_ACC, = 0
gpu_min_TEX_ACC, = 0
gpu_min_MEM_RD, = 0
gpu_min_MEM_WR, = 0
gpu_min_MEM_PRE, = 0
gpu_min_L2_RH, = 0
gpu_min_L2_RM, = 0
gpu_min_L2_WH, = 1
gpu_min_L2_WM, = 0
gpu_min_NOC_A, = 1
gpu_min_PIPE_A, = 0.00189394
gpu_min_IDLE_CORE_N, = 131.756
gpu_min_constant_power = 0

Accumulative Power Statistics Over Previous Kernels:
gpu_tot_avg_power = 80.6553
gpu_tot_max_power = 154.291
gpu_tot_min_power = 60.8126


kernel_name = _ZN4vllm25fused_add_rms_norm_kernelIN3c108BFloat16ELi8ELb1EEENSt9enable_ifIXaagtT0_Li0Esr4vllm12_typeConvertIT_EE6existsEvE4typeEPS4_lS7_PKS4_fiil 
kernel_launch_uid = 56 

Kernel Average Power Data:
kernel_avg_power = 70.4568
gpu_avg_IBP, = 0.00753794
gpu_avg_ICP, = 0
gpu_avg_DCP, = 0.0304165
gpu_avg_TCP, = 0
gpu_avg_CCP, = 0.000134994
gpu_avg_SHRDP, = 0.00591852
gpu_avg_RFP, = 0
gpu_avg_INTP, = 0.098997
gpu_avg_FPUP, = 0.0195965
gpu_avg_DPUP, = 0
gpu_avg_INT_MUL24P, = 0
gpu_avg_INT_MUL32P, = 0
gpu_avg_INT_MULP, = 0.0191142
gpu_avg_INT_DIVP, = 0
gpu_avg_FP_MULP, = 0.00377508
gpu_avg_FP_DIVP, = 0
gpu_avg_FP_SQRTP, = 2.71615e-06
gpu_avg_FP_LGP, = 0
gpu_avg_FP_SINP, = 0
gpu_avg_FP_EXP, = 5.0406e-06
gpu_avg_DP_MULP, = 0
gpu_avg_DP_DIVP, = 0
gpu_avg_TENSORP, = 0
gpu_avg_TEXP, = 0
gpu_avg_SCHEDP, = 0.0211134
gpu_avg_L2CP, = 0.0137398
gpu_avg_MCP, = 0.554851
gpu_avg_NOCP, = 0.0244252
gpu_avg_DRAMP, = 0
gpu_avg_PIPEP, = 0.0168024
gpu_avg_IDLE_COREP, = 37.041
gpu_avg_CONSTP = 32.3252
gpu_avg_STATICP = 0.274193
gpu_avg_TOT_INST, = 323.818
gpu_avg_FP_INT, = 308
gpu_avg_IC_H, = 0
gpu_avg_IC_M, = 0
gpu_avg_DC_RH, = 10.1818
gpu_avg_DC_RM, = 10.1818
gpu_avg_DC_WH, = 6.54545
gpu_avg_DC_WM, = 0
gpu_avg_TC_H, = 0
gpu_avg_TC_M, = 0
gpu_avg_CC_H, = 6.18182
gpu_avg_CC_M, = 0
gpu_avg_SHRD_ACC, = 13.2727
gpu_avg_REG_RD, = 0
gpu_avg_REG_WR, = 0
gpu_avg_NON_REG_OPs, = 0
gpu_avg_INT_ACC, = 54126
gpu_avg_FPU_ACC, = 262.476
gpu_avg_DPU_ACC, = 0
gpu_avg_INT_MUL24_ACC, = 0
gpu_avg_INT_MUL32_ACC, = 0
gpu_avg_INT_MUL_ACC, = 124.808
gpu_avg_INT_DIV_ACC, = 0
gpu_avg_FP_MUL_ACC, = 24.6497
gpu_avg_FP_DIV_ACC, = 0
gpu_avg_FP_SQRT_ACC, = 0.0177354
gpu_avg_FP_LG_ACC, = 0
gpu_avg_FP_SIN_ACC, = 0
gpu_avg_FP_EXP_ACC, = 0.0329131
gpu_avg_DP_MUL_ACC, = 0
gpu_avg_DP_DIV_ACC, = 0
gpu_avg_TENSOR_ACC, = 0
gpu_avg_TEX_ACC, = 0
gpu_avg_MEM_RD, = 0
gpu_avg_MEM_WR, = 0
gpu_avg_MEM_PRE, = 0
gpu_avg_L2_RH, = 10.1818
gpu_avg_L2_RM, = 5.09091
gpu_avg_L2_WH, = 10.1818
gpu_avg_L2_WM, = 0
gpu_avg_NOC_A, = 71.6364
gpu_avg_PIPE_A, = 0.000513936
gpu_avg_IDLE_CORE_N, = 130.983
gpu_avg_constant_power = 0
gpu_avg_threads_per_warp = 11.3678
gpu_tot_TOT_INST, = 3562
gpu_tot_FP_INT, = 3388
gpu_tot_IC_H, = 0
gpu_tot_IC_M, = 0
gpu_tot_DC_RH, = 112
gpu_tot_DC_RM, = 112
gpu_tot_DC_WH, = 72
gpu_tot_DC_WM, = 0
gpu_tot_TC_H, = 0
gpu_tot_TC_M, = 0
gpu_tot_CC_H, = 68
gpu_tot_CC_M, = 0
gpu_tot_SHRD_ACC, = 146
gpu_tot_REG_RD, = 0
gpu_tot_REG_WR, = 0
gpu_tot_NON_REG_OPs, = 0
gpu_tot_INT_ACC, = 595386
gpu_tot_FPU_ACC, = 2887.24
gpu_tot_DPU_ACC, = 0
gpu_tot_INT_MUL24_ACC, = 0
gpu_tot_INT_MUL32_ACC, = 0
gpu_tot_INT_MUL_ACC, = 1372.89
gpu_tot_INT_DIV_ACC, = 0
gpu_tot_FP_MUL_ACC, = 271.147
gpu_tot_FP_DIV_ACC, = 0
gpu_tot_FP_SQRT_ACC, = 0.195089
gpu_tot_FP_LG_ACC, = 0
gpu_tot_FP_SIN_ACC, = 0
gpu_tot_FP_EXP_ACC, = 0.362044
gpu_tot_DP_MUL_ACC, = 0
gpu_tot_DP_DIV_ACC, = 0
gpu_tot_TENSOR_ACC, = 0
gpu_tot_TEX_ACC, = 0
gpu_tot_MEM_RD, = 0
gpu_tot_MEM_WR, = 0
gpu_tot_MEM_PRE, = 0
gpu_tot_L2_RH, = 112
gpu_tot_L2_RM, = 56
gpu_tot_L2_WH, = 112
gpu_tot_L2_WM, = 0
gpu_tot_NOC_A, = 788
gpu_tot_PIPE_A, = 0.00565329
gpu_tot_IDLE_CORE_N, = 1440.82
gpu_tot_constant_power = 0

Kernel Maximum Power Data:
kernel_max_power = 71.348
gpu_max_IBP, = 0.0322172
gpu_max_ICP, = 0
gpu_max_DCP, = 0.162649
gpu_max_TCP, = 0
gpu_max_CCP, = 0.000807976
gpu_max_SHRDP, = 0.010702
gpu_max_RFP, = 0
gpu_max_INTP, = 0.543867
gpu_max_FPUP, = 0.122432
gpu_max_DPUP, = 0
gpu_max_INT_MUL24P, = 0
gpu_max_INT_MUL32P, = 0
gpu_max_INT_MULP, = 0.0518943
gpu_max_INT_DIVP, = 0
gpu_max_FP_MULP, = 0.00153546
gpu_max_FP_DIVP, = 0
gpu_max_FP_SQRTP, = 0
gpu_max_FP_LGP, = 0
gpu_max_FP_SINP, = 0
gpu_max_FP_EXP, = 0
gpu_max_DP_MULP, = 0
gpu_max_DP_DIVP, = 0
gpu_max_TENSORP, = 0
gpu_max_TEXP, = 0
gpu_max_SCHEDP, = 0.0913085
gpu_max_L2CP, = 0
gpu_max_MCP, = 0.57502
gpu_max_NOCP, = 0.0381876
gpu_max_DRAMP, = 0
gpu_max_PIPEP, = 0.0734211
gpu_max_IDLE_COREP, = 37.0457
gpu_max_CONSTP = 32.3252
gpu_max_STATICP = 0.273024
gpu_max_TOT_INST, = 1384
gpu_max_FP_INT, = 1332
gpu_max_IC_H, = 0
gpu_max_IC_M, = 0
gpu_max_DC_RH, = 56
gpu_max_DC_RM, = 56
gpu_max_DC_WH, = 0
gpu_max_DC_WM, = 0
gpu_max_TC_H, = 0
gpu_max_TC_M, = 0
gpu_max_CC_H, = 37
gpu_max_CC_M, = 0
gpu_max_SHRD_ACC, = 24
gpu_max_REG_RD, = 0
gpu_max_REG_WR, = 0
gpu_max_NON_REG_OPs, = 0
gpu_max_INT_ACC, = 297356
gpu_max_FPU_ACC, = 1639.86
gpu_max_DPU_ACC, = 0
gpu_max_INT_MUL24_ACC, = 0
gpu_max_INT_MUL32_ACC, = 0
gpu_max_INT_MUL_ACC, = 338.849
gpu_max_INT_DIV_ACC, = 0
gpu_max_FP_MUL_ACC, = 10.0259
gpu_max_FP_DIV_ACC, = 0
gpu_max_FP_SQRT_ACC, = 0
gpu_max_FP_LG_ACC, = 0
gpu_max_FP_SIN_ACC, = 0
gpu_max_FP_EXP_ACC, = 0
gpu_max_DP_MUL_ACC, = 0
gpu_max_DP_DIV_ACC, = 0
gpu_max_TENSOR_ACC, = 0
gpu_max_TEX_ACC, = 0
gpu_max_MEM_RD, = 0
gpu_max_MEM_WR, = 0
gpu_max_MEM_PRE, = 0
gpu_max_L2_RH, = 0
gpu_max_L2_RM, = 0
gpu_max_L2_WH, = 0
gpu_max_L2_WM, = 0
gpu_max_NOC_A, = 112
gpu_max_PIPE_A, = 0.00224574
gpu_max_IDLE_CORE_N, = 131
gpu_max_constant_power = 0

Kernel Minimum Power Data:
kernel_min_power = 70.2039
gpu_min_IBP, = 0
gpu_min_ICP, = 0
gpu_min_DCP, = 0
gpu_min_TCP, = 0
gpu_min_CCP, = 0
gpu_min_SHRDP, = 0
gpu_min_RFP, = 0
gpu_min_INTP, = 0
gpu_min_FPUP, = 0
gpu_min_DPUP, = 0
gpu_min_INT_MUL24P, = 0
gpu_min_INT_MUL32P, = 0
gpu_min_INT_MULP, = 0
gpu_min_INT_DIVP, = 0
gpu_min_FP_MULP, = 0
gpu_min_FP_DIVP, = 0
gpu_min_FP_SQRTP, = 0
gpu_min_FP_LGP, = 0
gpu_min_FP_SINP, = 0
gpu_min_FP_EXP, = 0
gpu_min_DP_MULP, = 0
gpu_min_DP_DIVP, = 0
gpu_min_TENSORP, = 0
gpu_min_TEXP, = 0
gpu_min_SCHEDP, = 0
gpu_min_L2CP, = 0
gpu_min_MCP, = 0.55022
gpu_min_NOCP, = 0
gpu_min_DRAMP, = 0
gpu_min_PIPEP, = 0
gpu_min_IDLE_COREP, = 37.3285
gpu_min_CONSTP = 32.3252
gpu_min_STATICP = 0
gpu_min_TOT_INST, = 0
gpu_min_FP_INT, = 0
gpu_min_IC_H, = 0
gpu_min_IC_M, = 0
gpu_min_DC_RH, = 0
gpu_min_DC_RM, = 0
gpu_min_DC_WH, = 0
gpu_min_DC_WM, = 0
gpu_min_TC_H, = 0
gpu_min_TC_M, = 0
gpu_min_CC_H, = 0
gpu_min_CC_M, = 0
gpu_min_SHRD_ACC, = 0
gpu_min_REG_RD, = 0
gpu_min_REG_WR, = 0
gpu_min_NON_REG_OPs, = 0
gpu_min_INT_ACC, = 0
gpu_min_FPU_ACC, = 0
gpu_min_DPU_ACC, = 0
gpu_min_INT_MUL24_ACC, = 0
gpu_min_INT_MUL32_ACC, = 0
gpu_min_INT_MUL_ACC, = 0
gpu_min_INT_DIV_ACC, = 0
gpu_min_FP_MUL_ACC, = 0
gpu_min_FP_DIV_ACC, = 0
gpu_min_FP_SQRT_ACC, = 0
gpu_min_FP_LG_ACC, = 0
gpu_min_FP_SIN_ACC, = 0
gpu_min_FP_EXP_ACC, = 0
gpu_min_DP_MUL_ACC, = 0
gpu_min_DP_DIV_ACC, = 0
gpu_min_TENSOR_ACC, = 0
gpu_min_TEX_ACC, = 0
gpu_min_MEM_RD, = 0
gpu_min_MEM_WR, = 0
gpu_min_MEM_PRE, = 0
gpu_min_L2_RH, = 0
gpu_min_L2_RM, = 0
gpu_min_L2_WH, = 0
gpu_min_L2_WM, = 0
gpu_min_NOC_A, = 0
gpu_min_PIPE_A, = 0
gpu_min_IDLE_CORE_N, = 132
gpu_min_constant_power = 0

Accumulative Power Statistics Over Previous Kernels:
gpu_tot_avg_power = 80.5065
gpu_tot_max_power = 154.291
gpu_tot_min_power = 60.8126


kernel_name = nvjet_sm90_tst_128x8_64x12_4x1_v_bz_TNT 
kernel_launch_uid = 57 

Kernel Average Power Data:
kernel_avg_power = 110.073
gpu_avg_IBP, = 0.447654
gpu_avg_ICP, = 0
gpu_avg_DCP, = 0.000224251
gpu_avg_TCP, = 0
gpu_avg_CCP, = 0.00261572
gpu_avg_SHRDP, = 0.324898
gpu_avg_RFP, = 0
gpu_avg_INTP, = 8.96446
gpu_avg_FPUP, = 0.0823091
gpu_avg_DPUP, = 0
gpu_avg_INT_MUL24P, = 0
gpu_avg_INT_MUL32P, = 0
gpu_avg_INT_MULP, = 0.685294
gpu_avg_INT_DIVP, = 0
gpu_avg_FP_MULP, = 0
gpu_avg_FP_DIVP, = 0
gpu_avg_FP_SQRTP, = 0
gpu_avg_FP_LGP, = 0
gpu_avg_FP_SINP, = 0
gpu_avg_FP_EXP, = 0
gpu_avg_DP_MULP, = 0
gpu_avg_DP_DIVP, = 0
gpu_avg_TENSORP, = 0
gpu_avg_TEXP, = 0
gpu_avg_SCHEDP, = 1.27613
gpu_avg_L2CP, = 4.1456
gpu_avg_MCP, = 0.550534
gpu_avg_NOCP, = 24.3024
gpu_avg_DRAMP, = 0
gpu_avg_PIPEP, = 1.08919
gpu_avg_IDLE_COREP, = 23.4726
gpu_avg_CONSTP = 32.3252
gpu_avg_STATICP = 12.4037
gpu_avg_TOT_INST, = 19230.5
gpu_avg_FP_INT, = 18616
gpu_avg_IC_H, = 0
gpu_avg_IC_M, = 0
gpu_avg_DC_RH, = 0
gpu_avg_DC_RM, = 0
gpu_avg_DC_WH, = 1.73913
gpu_avg_DC_WM, = 0
gpu_avg_TC_H, = 0
gpu_avg_TC_M, = 0
gpu_avg_CC_H, = 119.783
gpu_avg_CC_M, = 0
gpu_avg_SHRD_ACC, = 728.609
gpu_avg_REG_RD, = 0
gpu_avg_REG_WR, = 0
gpu_avg_NON_REG_OPs, = 0
gpu_avg_INT_ACC, = 4.90126e+06
gpu_avg_FPU_ACC, = 1102.45
gpu_avg_DPU_ACC, = 0
gpu_avg_INT_MUL24_ACC, = 0
gpu_avg_INT_MUL32_ACC, = 0
gpu_avg_INT_MUL_ACC, = 4474.69
gpu_avg_INT_DIV_ACC, = 0
gpu_avg_FP_MUL_ACC, = 0
gpu_avg_FP_DIV_ACC, = 0
gpu_avg_FP_SQRT_ACC, = 0
gpu_avg_FP_LG_ACC, = 0
gpu_avg_FP_SIN_ACC, = 0
gpu_avg_FP_EXP_ACC, = 0
gpu_avg_DP_MUL_ACC, = 0
gpu_avg_DP_DIV_ACC, = 0
gpu_avg_TENSOR_ACC, = 0
gpu_avg_TEX_ACC, = 0
gpu_avg_MEM_RD, = 0
gpu_avg_MEM_WR, = 0
gpu_avg_MEM_PRE, = 0
gpu_avg_L2_RH, = 14551.1
gpu_avg_L2_RM, = 9149.91
gpu_avg_L2_WH, = 11.6522
gpu_avg_L2_WM, = 13.7391
gpu_avg_NOC_A, = 71276.3
gpu_avg_PIPE_A, = 0.0333153
gpu_avg_IDLE_CORE_N, = 83.003
gpu_avg_constant_power = 0
gpu_avg_threads_per_warp = 21.2766
gpu_tot_TOT_INST, = 442302
gpu_tot_FP_INT, = 428168
gpu_tot_IC_H, = 0
gpu_tot_IC_M, = 0
gpu_tot_DC_RH, = 0
gpu_tot_DC_RM, = 0
gpu_tot_DC_WH, = 40
gpu_tot_DC_WM, = 0
gpu_tot_TC_H, = 0
gpu_tot_TC_M, = 0
gpu_tot_CC_H, = 2755
gpu_tot_CC_M, = 0
gpu_tot_SHRD_ACC, = 16758
gpu_tot_REG_RD, = 0
gpu_tot_REG_WR, = 0
gpu_tot_NON_REG_OPs, = 0
gpu_tot_INT_ACC, = 1.12729e+08
gpu_tot_FPU_ACC, = 25356.4
gpu_tot_DPU_ACC, = 0
gpu_tot_INT_MUL24_ACC, = 0
gpu_tot_INT_MUL32_ACC, = 0
gpu_tot_INT_MUL_ACC, = 102918
gpu_tot_INT_DIV_ACC, = 0
gpu_tot_FP_MUL_ACC, = 0
gpu_tot_FP_DIV_ACC, = 0
gpu_tot_FP_SQRT_ACC, = 0
gpu_tot_FP_LG_ACC, = 0
gpu_tot_FP_SIN_ACC, = 0
gpu_tot_FP_EXP_ACC, = 0
gpu_tot_DP_MUL_ACC, = 0
gpu_tot_DP_DIV_ACC, = 0
gpu_tot_TENSOR_ACC, = 0
gpu_tot_TEX_ACC, = 0
gpu_tot_MEM_RD, = 0
gpu_tot_MEM_WR, = 0
gpu_tot_MEM_PRE, = 0
gpu_tot_L2_RH, = 334675
gpu_tot_L2_RM, = 210448
gpu_tot_L2_WH, = 268
gpu_tot_L2_WM, = 316
gpu_tot_NOC_A, = 1.63936e+06
gpu_tot_PIPE_A, = 0.766251
gpu_tot_IDLE_CORE_N, = 1909.07
gpu_tot_constant_power = 0

Kernel Maximum Power Data:
kernel_max_power = 146.75
gpu_max_IBP, = 0.507956
gpu_max_ICP, = 0
gpu_max_DCP, = 0
gpu_max_TCP, = 0
gpu_max_CCP, = 0
gpu_max_SHRDP, = 0.482927
gpu_max_RFP, = 0
gpu_max_INTP, = 10.8361
gpu_max_FPUP, = 0
gpu_max_DPUP, = 0
gpu_max_INT_MUL24P, = 0
gpu_max_INT_MUL32P, = 0
gpu_max_INT_MULP, = 0.274137
gpu_max_INT_DIVP, = 0
gpu_max_FP_MULP, = 0
gpu_max_FP_DIVP, = 0
gpu_max_FP_SQRTP, = 0
gpu_max_FP_LGP, = 0
gpu_max_FP_SINP, = 0
gpu_max_FP_EXP, = 0
gpu_max_DP_MULP, = 0
gpu_max_DP_DIVP, = 0
gpu_max_TENSORP, = 0
gpu_max_TEXP, = 0
gpu_max_SCHEDP, = 1.45593
gpu_max_L2CP, = 9.98689
gpu_max_MCP, = 0.55022
gpu_max_NOCP, = 55.0181
gpu_max_DRAMP, = 0
gpu_max_PIPEP, = 1.22178
gpu_max_IDLE_COREP, = 15.8363
gpu_max_CONSTP = 32.3252
gpu_max_STATICP = 18.2543
gpu_max_TOT_INST, = 21821
gpu_max_FP_INT, = 21239
gpu_max_IC_H, = 0
gpu_max_IC_M, = 0
gpu_max_DC_RH, = 0
gpu_max_DC_RM, = 0
gpu_max_DC_WH, = 0
gpu_max_DC_WM, = 0
gpu_max_TC_H, = 0
gpu_max_TC_M, = 0
gpu_max_CC_H, = 0
gpu_max_CC_M, = 0
gpu_max_SHRD_ACC, = 1083
gpu_max_REG_RD, = 0
gpu_max_REG_WR, = 0
gpu_max_NON_REG_OPs, = 0
gpu_max_INT_ACC, = 5.92457e+06
gpu_max_FPU_ACC, = 0
gpu_max_DPU_ACC, = 0
gpu_max_INT_MUL24_ACC, = 0
gpu_max_INT_MUL32_ACC, = 0
gpu_max_INT_MUL_ACC, = 1790
gpu_max_INT_DIV_ACC, = 0
gpu_max_FP_MUL_ACC, = 0
gpu_max_FP_DIV_ACC, = 0
gpu_max_FP_SQRT_ACC, = 0
gpu_max_FP_LG_ACC, = 0
gpu_max_FP_SIN_ACC, = 0
gpu_max_FP_EXP_ACC, = 0
gpu_max_DP_MUL_ACC, = 0
gpu_max_DP_DIV_ACC, = 0
gpu_max_TENSOR_ACC, = 0
gpu_max_TEX_ACC, = 0
gpu_max_MEM_RD, = 0
gpu_max_MEM_WR, = 0
gpu_max_MEM_PRE, = 0
gpu_max_L2_RH, = 35433
gpu_max_L2_RM, = 18876
gpu_max_L2_WH, = 0
gpu_max_L2_WM, = 0
gpu_max_NOC_A, = 161362
gpu_max_PIPE_A, = 0.0373708
gpu_max_IDLE_CORE_N, = 56
gpu_max_constant_power = 0

Kernel Minimum Power Data:
kernel_min_power = 70.2039
gpu_min_IBP, = 0
gpu_min_ICP, = 0
gpu_min_DCP, = 0
gpu_min_TCP, = 0
gpu_min_CCP, = 0
gpu_min_SHRDP, = 0
gpu_min_RFP, = 0
gpu_min_INTP, = 0
gpu_min_FPUP, = 0
gpu_min_DPUP, = 0
gpu_min_INT_MUL24P, = 0
gpu_min_INT_MUL32P, = 0
gpu_min_INT_MULP, = 0
gpu_min_INT_DIVP, = 0
gpu_min_FP_MULP, = 0
gpu_min_FP_DIVP, = 0
gpu_min_FP_SQRTP, = 0
gpu_min_FP_LGP, = 0
gpu_min_FP_SINP, = 0
gpu_min_FP_EXP, = 0
gpu_min_DP_MULP, = 0
gpu_min_DP_DIVP, = 0
gpu_min_TENSORP, = 0
gpu_min_TEXP, = 0
gpu_min_SCHEDP, = 0
gpu_min_L2CP, = 0
gpu_min_MCP, = 0.55022
gpu_min_NOCP, = 0
gpu_min_DRAMP, = 0
gpu_min_PIPEP, = 0
gpu_min_IDLE_COREP, = 37.3285
gpu_min_CONSTP = 32.3252
gpu_min_STATICP = 0
gpu_min_TOT_INST, = 0
gpu_min_FP_INT, = 0
gpu_min_IC_H, = 0
gpu_min_IC_M, = 0
gpu_min_DC_RH, = 0
gpu_min_DC_RM, = 0
gpu_min_DC_WH, = 0
gpu_min_DC_WM, = 0
gpu_min_TC_H, = 0
gpu_min_TC_M, = 0
gpu_min_CC_H, = 0
gpu_min_CC_M, = 0
gpu_min_SHRD_ACC, = 0
gpu_min_REG_RD, = 0
gpu_min_REG_WR, = 0
gpu_min_NON_REG_OPs, = 0
gpu_min_INT_ACC, = 0
gpu_min_FPU_ACC, = 0
gpu_min_DPU_ACC, = 0
gpu_min_INT_MUL24_ACC, = 0
gpu_min_INT_MUL32_ACC, = 0
gpu_min_INT_MUL_ACC, = 0
gpu_min_INT_DIV_ACC, = 0
gpu_min_FP_MUL_ACC, = 0
gpu_min_FP_DIV_ACC, = 0
gpu_min_FP_SQRT_ACC, = 0
gpu_min_FP_LG_ACC, = 0
gpu_min_FP_SIN_ACC, = 0
gpu_min_FP_EXP_ACC, = 0
gpu_min_DP_MUL_ACC, = 0
gpu_min_DP_DIV_ACC, = 0
gpu_min_TENSOR_ACC, = 0
gpu_min_TEX_ACC, = 0
gpu_min_MEM_RD, = 0
gpu_min_MEM_WR, = 0
gpu_min_MEM_PRE, = 0
gpu_min_L2_RH, = 0
gpu_min_L2_RM, = 0
gpu_min_L2_WH, = 0
gpu_min_L2_WM, = 0
gpu_min_NOC_A, = 0
gpu_min_PIPE_A, = 0
gpu_min_IDLE_CORE_N, = 132
gpu_min_constant_power = 0

Accumulative Power Statistics Over Previous Kernels:
gpu_tot_avg_power = 81.3817
gpu_tot_max_power = 154.291
gpu_tot_min_power = 60.8126


kernel_name = _ZN4vllm18act_and_mul_kernelIN3c108BFloat16E14__nv_bfloat162XadL_ZNS_11silu_kernelIS2_EET_RKS5_fEEXadL_ZNS_18packed_silu_kernelIS3_EES5_S7_fEELb1ELb1ELb0ELb0EEEvPS5_PS6_ifff 
kernel_launch_uid = 58 

Kernel Average Power Data:
kernel_avg_power = 71.0322
gpu_avg_IBP, = 0.0107216
gpu_avg_ICP, = 0
gpu_avg_DCP, = 0.0831952
gpu_avg_TCP, = 0
gpu_avg_CCP, = 0.000138302
gpu_avg_SHRDP, = 0.000520235
gpu_avg_RFP, = 0
gpu_avg_INTP, = 0.0780712
gpu_avg_FPUP, = 0.0666469
gpu_avg_DPUP, = 0
gpu_avg_INT_MUL24P, = 0
gpu_avg_INT_MUL32P, = 0
gpu_avg_INT_MULP, = 0.025289
gpu_avg_INT_DIVP, = 0
gpu_avg_FP_MULP, = 0.0722395
gpu_avg_FP_DIVP, = 0
gpu_avg_FP_SQRTP, = 0
gpu_avg_FP_LGP, = 0
gpu_avg_FP_SINP, = 0
gpu_avg_FP_EXP, = 0.0449487
gpu_avg_DP_MULP, = 0
gpu_avg_DP_DIVP, = 0
gpu_avg_TENSORP, = 0
gpu_avg_TEXP, = 0
gpu_avg_SCHEDP, = 0.028751
gpu_avg_L2CP, = 0.0402882
gpu_avg_MCP, = 0.574412
gpu_avg_NOCP, = 0.0793302
gpu_avg_DRAMP, = 0
gpu_avg_PIPEP, = 0.271555
gpu_avg_IDLE_COREP, = 37.1072
gpu_avg_CONSTP = 32.3252
gpu_avg_STATICP = 0.223709
gpu_avg_TOT_INST, = 460.583
gpu_avg_FP_INT, = 419.417
gpu_avg_IC_H, = 0
gpu_avg_IC_M, = 0
gpu_avg_DC_RH, = 0
gpu_avg_DC_RM, = 50.6667
gpu_avg_DC_WH, = 0
gpu_avg_DC_WM, = 25.3333
gpu_avg_TC_H, = 0
gpu_avg_TC_M, = 0
gpu_avg_CC_H, = 6.33333
gpu_avg_CC_M, = 0
gpu_avg_SHRD_ACC, = 1.16667
gpu_avg_REG_RD, = 0
gpu_avg_REG_WR, = 0
gpu_avg_NON_REG_OPs, = 0
gpu_avg_INT_ACC, = 42684.9
gpu_avg_FPU_ACC, = 892.672
gpu_avg_DPU_ACC, = 0
gpu_avg_INT_MUL24_ACC, = 0
gpu_avg_INT_MUL32_ACC, = 0
gpu_avg_INT_MUL_ACC, = 165.127
gpu_avg_INT_DIV_ACC, = 0
gpu_avg_FP_MUL_ACC, = 471.695
gpu_avg_FP_DIV_ACC, = 0
gpu_avg_FP_SQRT_ACC, = 0
gpu_avg_FP_LG_ACC, = 0
gpu_avg_FP_SIN_ACC, = 0
gpu_avg_FP_EXP_ACC, = 293.497
gpu_avg_DP_MUL_ACC, = 0
gpu_avg_DP_DIV_ACC, = 0
gpu_avg_TENSOR_ACC, = 0
gpu_avg_TEX_ACC, = 0
gpu_avg_MEM_RD, = 0
gpu_avg_MEM_WR, = 0
gpu_avg_MEM_PRE, = 0
gpu_avg_L2_RH, = 50.6667
gpu_avg_L2_RM, = 0
gpu_avg_L2_WH, = 21.5833
gpu_avg_L2_WM, = 6.66667
gpu_avg_NOC_A, = 232.667
gpu_avg_PIPE_A, = 0.00830607
gpu_avg_IDLE_CORE_N, = 131.217
gpu_avg_constant_power = 0
gpu_avg_threads_per_warp = 18.575
gpu_tot_TOT_INST, = 5527
gpu_tot_FP_INT, = 5033
gpu_tot_IC_H, = 0
gpu_tot_IC_M, = 0
gpu_tot_DC_RH, = 0
gpu_tot_DC_RM, = 608
gpu_tot_DC_WH, = 0
gpu_tot_DC_WM, = 304
gpu_tot_TC_H, = 0
gpu_tot_TC_M, = 0
gpu_tot_CC_H, = 76
gpu_tot_CC_M, = 0
gpu_tot_SHRD_ACC, = 14
gpu_tot_REG_RD, = 0
gpu_tot_REG_WR, = 0
gpu_tot_NON_REG_OPs, = 0
gpu_tot_INT_ACC, = 512219
gpu_tot_FPU_ACC, = 10712.1
gpu_tot_DPU_ACC, = 0
gpu_tot_INT_MUL24_ACC, = 0
gpu_tot_INT_MUL32_ACC, = 0
gpu_tot_INT_MUL_ACC, = 1981.53
gpu_tot_INT_DIV_ACC, = 0
gpu_tot_FP_MUL_ACC, = 5660.34
gpu_tot_FP_DIV_ACC, = 0
gpu_tot_FP_SQRT_ACC, = 0
gpu_tot_FP_LG_ACC, = 0
gpu_tot_FP_SIN_ACC, = 0
gpu_tot_FP_EXP_ACC, = 3521.97
gpu_tot_DP_MUL_ACC, = 0
gpu_tot_DP_DIV_ACC, = 0
gpu_tot_TENSOR_ACC, = 0
gpu_tot_TEX_ACC, = 0
gpu_tot_MEM_RD, = 0
gpu_tot_MEM_WR, = 0
gpu_tot_MEM_PRE, = 0
gpu_tot_L2_RH, = 608
gpu_tot_L2_RM, = 0
gpu_tot_L2_WH, = 259
gpu_tot_L2_WM, = 80
gpu_tot_NOC_A, = 2792
gpu_tot_PIPE_A, = 0.0996728
gpu_tot_IDLE_CORE_N, = 1574.61
gpu_tot_constant_power = 0

Kernel Maximum Power Data:
kernel_max_power = 71.8767
gpu_max_IBP, = 0.0335208
gpu_max_ICP, = 0
gpu_max_DCP, = 0.102578
gpu_max_TCP, = 0
gpu_max_CCP, = 0
gpu_max_SHRDP, = 0
gpu_max_RFP, = 0
gpu_max_INTP, = 0.234214
gpu_max_FPUP, = 0.270806
gpu_max_DPUP, = 0
gpu_max_INT_MUL24P, = 0
gpu_max_INT_MUL32P, = 0
gpu_max_INT_MULP, = 0.0490739
gpu_max_INT_DIVP, = 0
gpu_max_FP_MULP, = 0.274627
gpu_max_FP_DIVP, = 0
gpu_max_FP_SQRTP, = 0
gpu_max_FP_LGP, = 0
gpu_max_FP_SINP, = 0
gpu_max_FP_EXP, = 0.154363
gpu_max_DP_MULP, = 0
gpu_max_DP_DIVP, = 0
gpu_max_TENSORP, = 0
gpu_max_TEXP, = 0
gpu_max_SCHEDP, = 0.090006
gpu_max_L2CP, = 0.0181589
gpu_max_MCP, = 0.59719
gpu_max_NOCP, = 0.0627368
gpu_max_DRAMP, = 0
gpu_max_PIPEP, = 0.334705
gpu_max_IDLE_COREP, = 37.0457
gpu_max_CONSTP = 32.3252
gpu_max_STATICP = 0.283776
gpu_max_TOT_INST, = 1440
gpu_max_FP_INT, = 1313
gpu_max_IC_H, = 0
gpu_max_IC_M, = 0
gpu_max_DC_RH, = 0
gpu_max_DC_RM, = 0
gpu_max_DC_WH, = 0
gpu_max_DC_WM, = 96
gpu_max_TC_H, = 0
gpu_max_TC_M, = 0
gpu_max_CC_H, = 0
gpu_max_CC_M, = 0
gpu_max_SHRD_ACC, = 0
gpu_max_REG_RD, = 0
gpu_max_REG_WR, = 0
gpu_max_NON_REG_OPs, = 0
gpu_max_INT_ACC, = 128055
gpu_max_FPU_ACC, = 3627.19
gpu_max_DPU_ACC, = 0
gpu_max_INT_MUL24_ACC, = 0
gpu_max_INT_MUL32_ACC, = 0
gpu_max_INT_MUL_ACC, = 320.433
gpu_max_INT_DIV_ACC, = 0
gpu_max_FP_MUL_ACC, = 1793.21
gpu_max_FP_DIV_ACC, = 0
gpu_max_FP_SQRT_ACC, = 0
gpu_max_FP_LG_ACC, = 0
gpu_max_FP_SIN_ACC, = 0
gpu_max_FP_EXP_ACC, = 1007.93
gpu_max_DP_MUL_ACC, = 0
gpu_max_DP_DIV_ACC, = 0
gpu_max_TENSOR_ACC, = 0
gpu_max_TEX_ACC, = 0
gpu_max_MEM_RD, = 0
gpu_max_MEM_WR, = 0
gpu_max_MEM_PRE, = 0
gpu_max_L2_RH, = 0
gpu_max_L2_RM, = 0
gpu_max_L2_WH, = 17
gpu_max_L2_WM, = 0
gpu_max_NOC_A, = 184
gpu_max_PIPE_A, = 0.0102377
gpu_max_IDLE_CORE_N, = 131
gpu_max_constant_power = 0

Kernel Minimum Power Data:
kernel_min_power = 70.4478
gpu_min_IBP, = 0
gpu_min_ICP, = 0
gpu_min_DCP, = 0
gpu_min_TCP, = 0
gpu_min_CCP, = 0
gpu_min_SHRDP, = 0
gpu_min_RFP, = 0
gpu_min_INTP, = 0
gpu_min_FPUP, = 0
gpu_min_DPUP, = 0
gpu_min_INT_MUL24P, = 0
gpu_min_INT_MUL32P, = 0
gpu_min_INT_MULP, = 0
gpu_min_INT_DIVP, = 0
gpu_min_FP_MULP, = 0
gpu_min_FP_DIVP, = 0
gpu_min_FP_SQRTP, = 0
gpu_min_FP_LGP, = 0
gpu_min_FP_SINP, = 0
gpu_min_FP_EXP, = 0
gpu_min_DP_MULP, = 0
gpu_min_DP_DIVP, = 0
gpu_min_TENSORP, = 0
gpu_min_TEXP, = 0
gpu_min_SCHEDP, = 0
gpu_min_L2CP, = 0
gpu_min_MCP, = 0.55022
gpu_min_NOCP, = 0
gpu_min_DRAMP, = 0
gpu_min_PIPEP, = 0.24381
gpu_min_IDLE_COREP, = 37.3285
gpu_min_CONSTP = 32.3252
gpu_min_STATICP = 0
gpu_min_TOT_INST, = 0
gpu_min_FP_INT, = 0
gpu_min_IC_H, = 0
gpu_min_IC_M, = 0
gpu_min_DC_RH, = 0
gpu_min_DC_RM, = 0
gpu_min_DC_WH, = 0
gpu_min_DC_WM, = 0
gpu_min_TC_H, = 0
gpu_min_TC_M, = 0
gpu_min_CC_H, = 0
gpu_min_CC_M, = 0
gpu_min_SHRD_ACC, = 0
gpu_min_REG_RD, = 0
gpu_min_REG_WR, = 0
gpu_min_NON_REG_OPs, = 0
gpu_min_INT_ACC, = 0
gpu_min_FPU_ACC, = 0
gpu_min_DPU_ACC, = 0
gpu_min_INT_MUL24_ACC, = 0
gpu_min_INT_MUL32_ACC, = 0
gpu_min_INT_MUL_ACC, = 0
gpu_min_INT_DIV_ACC, = 0
gpu_min_FP_MUL_ACC, = 0
gpu_min_FP_DIV_ACC, = 0
gpu_min_FP_SQRT_ACC, = 0
gpu_min_FP_LG_ACC, = 0
gpu_min_FP_SIN_ACC, = 0
gpu_min_FP_EXP_ACC, = 0
gpu_min_DP_MUL_ACC, = 0
gpu_min_DP_DIV_ACC, = 0
gpu_min_TENSOR_ACC, = 0
gpu_min_TEX_ACC, = 0
gpu_min_MEM_RD, = 0
gpu_min_MEM_WR, = 0
gpu_min_MEM_PRE, = 0
gpu_min_L2_RH, = 0
gpu_min_L2_RM, = 0
gpu_min_L2_WH, = 0
gpu_min_L2_WM, = 0
gpu_min_NOC_A, = 0
gpu_min_PIPE_A, = 0.00745743
gpu_min_IDLE_CORE_N, = 132
gpu_min_constant_power = 0

Accumulative Power Statistics Over Previous Kernels:
gpu_tot_avg_power = 81.2243
gpu_tot_max_power = 154.291
gpu_tot_min_power = 60.8126


kernel_name = nvjet_sm90_tst_64x8_64x16_4x1_v_bz_splitK_TNT 
kernel_launch_uid = 59 

Kernel Average Power Data:
kernel_avg_power = 100.254
gpu_avg_IBP, = 0.454046
gpu_avg_ICP, = 0
gpu_avg_DCP, = 0
gpu_avg_TCP, = 0
gpu_avg_CCP, = 0.00211093
gpu_avg_SHRDP, = 0.467518
gpu_avg_RFP, = 0
gpu_avg_INTP, = 8.76585
gpu_avg_FPUP, = 0
gpu_avg_DPUP, = 0
gpu_avg_INT_MUL24P, = 0
gpu_avg_INT_MUL32P, = 0
gpu_avg_INT_MULP, = 0.800475
gpu_avg_INT_DIVP, = 0
gpu_avg_FP_MULP, = 0
gpu_avg_FP_DIVP, = 0
gpu_avg_FP_SQRTP, = 0
gpu_avg_FP_LGP, = 0
gpu_avg_FP_SINP, = 0
gpu_avg_FP_EXP, = 0
gpu_avg_DP_MULP, = 0
gpu_avg_DP_DIVP, = 0
gpu_avg_TENSORP, = 0
gpu_avg_TEXP, = 0
gpu_avg_SCHEDP, = 1.29341
gpu_avg_L2CP, = 2.69201
gpu_avg_MCP, = 0.550447
gpu_avg_NOCP, = 15.566
gpu_avg_DRAMP, = 0
gpu_avg_PIPEP, = 1.31997
gpu_avg_IDLE_COREP, = 28.7635
gpu_avg_CONSTP = 32.3252
gpu_avg_STATICP = 7.25351
gpu_avg_TOT_INST, = 19505.1
gpu_avg_FP_INT, = 18868.1
gpu_avg_IC_H, = 0
gpu_avg_IC_M, = 0
gpu_avg_DC_RH, = 0
gpu_avg_DC_RM, = 0
gpu_avg_DC_WH, = 0
gpu_avg_DC_WM, = 0
gpu_avg_TC_H, = 0
gpu_avg_TC_M, = 0
gpu_avg_CC_H, = 96.6667
gpu_avg_CC_M, = 0
gpu_avg_SHRD_ACC, = 1048.44
gpu_avg_REG_RD, = 0
gpu_avg_REG_WR, = 0
gpu_avg_NON_REG_OPs, = 0
gpu_avg_INT_ACC, = 4.79267e+06
gpu_avg_FPU_ACC, = 0
gpu_avg_DPU_ACC, = 0
gpu_avg_INT_MUL24_ACC, = 0
gpu_avg_INT_MUL32_ACC, = 0
gpu_avg_INT_MUL_ACC, = 5226.78
gpu_avg_INT_DIV_ACC, = 0
gpu_avg_FP_MUL_ACC, = 0
gpu_avg_FP_DIV_ACC, = 0
gpu_avg_FP_SQRT_ACC, = 0
gpu_avg_FP_LG_ACC, = 0
gpu_avg_FP_SIN_ACC, = 0
gpu_avg_FP_EXP_ACC, = 0
gpu_avg_DP_MUL_ACC, = 0
gpu_avg_DP_DIV_ACC, = 0
gpu_avg_TENSOR_ACC, = 0
gpu_avg_TEX_ACC, = 0
gpu_avg_MEM_RD, = 0
gpu_avg_MEM_WR, = 0
gpu_avg_MEM_PRE, = 0
gpu_avg_L2_RH, = 9446
gpu_avg_L2_RM, = 5716
gpu_avg_L2_WH, = 15.9444
gpu_avg_L2_WM, = 0.888889
gpu_avg_NOC_A, = 45653.3
gpu_avg_PIPE_A, = 0.040374
gpu_avg_IDLE_CORE_N, = 101.713
gpu_avg_constant_power = 0
gpu_avg_threads_per_warp = 18.7979
gpu_tot_TOT_INST, = 351092
gpu_tot_FP_INT, = 339626
gpu_tot_IC_H, = 0
gpu_tot_IC_M, = 0
gpu_tot_DC_RH, = 0
gpu_tot_DC_RM, = 0
gpu_tot_DC_WH, = 0
gpu_tot_DC_WM, = 0
gpu_tot_TC_H, = 0
gpu_tot_TC_M, = 0
gpu_tot_CC_H, = 1740
gpu_tot_CC_M, = 0
gpu_tot_SHRD_ACC, = 18872
gpu_tot_REG_RD, = 0
gpu_tot_REG_WR, = 0
gpu_tot_NON_REG_OPs, = 0
gpu_tot_INT_ACC, = 8.62681e+07
gpu_tot_FPU_ACC, = 0
gpu_tot_DPU_ACC, = 0
gpu_tot_INT_MUL24_ACC, = 0
gpu_tot_INT_MUL32_ACC, = 0
gpu_tot_INT_MUL_ACC, = 94082.1
gpu_tot_INT_DIV_ACC, = 0
gpu_tot_FP_MUL_ACC, = 0
gpu_tot_FP_DIV_ACC, = 0
gpu_tot_FP_SQRT_ACC, = 0
gpu_tot_FP_LG_ACC, = 0
gpu_tot_FP_SIN_ACC, = 0
gpu_tot_FP_EXP_ACC, = 0
gpu_tot_DP_MUL_ACC, = 0
gpu_tot_DP_DIV_ACC, = 0
gpu_tot_TENSOR_ACC, = 0
gpu_tot_TEX_ACC, = 0
gpu_tot_MEM_RD, = 0
gpu_tot_MEM_WR, = 0
gpu_tot_MEM_PRE, = 0
gpu_tot_L2_RH, = 170028
gpu_tot_L2_RM, = 102888
gpu_tot_L2_WH, = 287
gpu_tot_L2_WM, = 16
gpu_tot_NOC_A, = 821760
gpu_tot_PIPE_A, = 0.726731
gpu_tot_IDLE_CORE_N, = 1830.83
gpu_tot_constant_power = 0

Kernel Maximum Power Data:
kernel_max_power = 136.494
gpu_max_IBP, = 0.702446
gpu_max_ICP, = 0
gpu_max_DCP, = 0
gpu_max_TCP, = 0
gpu_max_CCP, = 0
gpu_max_SHRDP, = 0.841443
gpu_max_RFP, = 0
gpu_max_INTP, = 14.4318
gpu_max_FPUP, = 0
gpu_max_DPUP, = 0
gpu_max_INT_MUL24P, = 0
gpu_max_INT_MUL32P, = 0
gpu_max_INT_MULP, = 0.817899
gpu_max_INT_DIVP, = 0
gpu_max_FP_MULP, = 0
gpu_max_FP_DIVP, = 0
gpu_max_FP_SQRTP, = 0
gpu_max_FP_LGP, = 0
gpu_max_FP_SINP, = 0
gpu_max_FP_EXP, = 0
gpu_max_DP_MULP, = 0
gpu_max_DP_DIVP, = 0
gpu_max_TENSORP, = 0
gpu_max_TEXP, = 0
gpu_max_SCHEDP, = 2.01276
gpu_max_L2CP, = 6.78801
gpu_max_MCP, = 0.55022
gpu_max_NOCP, = 40.8512
gpu_max_DRAMP, = 0
gpu_max_PIPEP, = 1.88944
gpu_max_IDLE_COREP, = 23.7545
gpu_max_CONSTP = 32.3252
gpu_max_STATICP = 11.5291
gpu_max_TOT_INST, = 30176
gpu_max_FP_INT, = 29362
gpu_max_IC_H, = 0
gpu_max_IC_M, = 0
gpu_max_DC_RH, = 0
gpu_max_DC_RM, = 0
gpu_max_DC_WH, = 0
gpu_max_DC_WM, = 0
gpu_max_TC_H, = 0
gpu_max_TC_M, = 0
gpu_max_CC_H, = 0
gpu_max_CC_M, = 0
gpu_max_SHRD_ACC, = 1887
gpu_max_REG_RD, = 0
gpu_max_REG_WR, = 0
gpu_max_NON_REG_OPs, = 0
gpu_max_INT_ACC, = 7.89047e+06
gpu_max_FPU_ACC, = 0
gpu_max_DPU_ACC, = 0
gpu_max_INT_MUL24_ACC, = 0
gpu_max_INT_MUL32_ACC, = 0
gpu_max_INT_MUL_ACC, = 5340.55
gpu_max_INT_DIV_ACC, = 0
gpu_max_FP_MUL_ACC, = 0
gpu_max_FP_DIV_ACC, = 0
gpu_max_FP_SQRT_ACC, = 0
gpu_max_FP_LG_ACC, = 0
gpu_max_FP_SIN_ACC, = 0
gpu_max_FP_EXP_ACC, = 0
gpu_max_DP_MUL_ACC, = 0
gpu_max_DP_DIV_ACC, = 0
gpu_max_TENSOR_ACC, = 0
gpu_max_TEX_ACC, = 0
gpu_max_MEM_RD, = 0
gpu_max_MEM_WR, = 0
gpu_max_MEM_PRE, = 0
gpu_max_L2_RH, = 24066
gpu_max_L2_RM, = 13099
gpu_max_L2_WH, = 0
gpu_max_L2_WM, = 0
gpu_max_NOC_A, = 119812
gpu_max_PIPE_A, = 0.0577924
gpu_max_IDLE_CORE_N, = 84
gpu_max_constant_power = 0

Kernel Minimum Power Data:
kernel_min_power = 70.4478
gpu_min_IBP, = 0
gpu_min_ICP, = 0
gpu_min_DCP, = 0
gpu_min_TCP, = 0
gpu_min_CCP, = 0
gpu_min_SHRDP, = 0
gpu_min_RFP, = 0
gpu_min_INTP, = 0
gpu_min_FPUP, = 0
gpu_min_DPUP, = 0
gpu_min_INT_MUL24P, = 0
gpu_min_INT_MUL32P, = 0
gpu_min_INT_MULP, = 0
gpu_min_INT_DIVP, = 0
gpu_min_FP_MULP, = 0
gpu_min_FP_DIVP, = 0
gpu_min_FP_SQRTP, = 0
gpu_min_FP_LGP, = 0
gpu_min_FP_SINP, = 0
gpu_min_FP_EXP, = 0
gpu_min_DP_MULP, = 0
gpu_min_DP_DIVP, = 0
gpu_min_TENSORP, = 0
gpu_min_TEXP, = 0
gpu_min_SCHEDP, = 0
gpu_min_L2CP, = 0
gpu_min_MCP, = 0.55022
gpu_min_NOCP, = 0
gpu_min_DRAMP, = 0
gpu_min_PIPEP, = 0.24381
gpu_min_IDLE_COREP, = 37.3285
gpu_min_CONSTP = 32.3252
gpu_min_STATICP = 0
gpu_min_TOT_INST, = 0
gpu_min_FP_INT, = 0
gpu_min_IC_H, = 0
gpu_min_IC_M, = 0
gpu_min_DC_RH, = 0
gpu_min_DC_RM, = 0
gpu_min_DC_WH, = 0
gpu_min_DC_WM, = 0
gpu_min_TC_H, = 0
gpu_min_TC_M, = 0
gpu_min_CC_H, = 0
gpu_min_CC_M, = 0
gpu_min_SHRD_ACC, = 0
gpu_min_REG_RD, = 0
gpu_min_REG_WR, = 0
gpu_min_NON_REG_OPs, = 0
gpu_min_INT_ACC, = 0
gpu_min_FPU_ACC, = 0
gpu_min_DPU_ACC, = 0
gpu_min_INT_MUL24_ACC, = 0
gpu_min_INT_MUL32_ACC, = 0
gpu_min_INT_MUL_ACC, = 0
gpu_min_INT_DIV_ACC, = 0
gpu_min_FP_MUL_ACC, = 0
gpu_min_FP_DIV_ACC, = 0
gpu_min_FP_SQRT_ACC, = 0
gpu_min_FP_LG_ACC, = 0
gpu_min_FP_SIN_ACC, = 0
gpu_min_FP_EXP_ACC, = 0
gpu_min_DP_MUL_ACC, = 0
gpu_min_DP_DIV_ACC, = 0
gpu_min_TENSOR_ACC, = 0
gpu_min_TEX_ACC, = 0
gpu_min_MEM_RD, = 0
gpu_min_MEM_WR, = 0
gpu_min_MEM_PRE, = 0
gpu_min_L2_RH, = 0
gpu_min_L2_RM, = 0
gpu_min_L2_WH, = 0
gpu_min_L2_WM, = 0
gpu_min_NOC_A, = 0
gpu_min_PIPE_A, = 0.00745743
gpu_min_IDLE_CORE_N, = 132
gpu_min_constant_power = 0

Accumulative Power Statistics Over Previous Kernels:
gpu_tot_avg_power = 81.6487
gpu_tot_max_power = 154.291
gpu_tot_min_power = 60.8126


kernel_name = _ZN8cublasLt19splitKreduce_kernelILi32ELi16Eif13__nv_bfloat16fS1_Lb0EfS1_S1_Lb1ELb0ELb0ELb0EEEvNS_18cublasSplitKParamsIT4_EEPKT2_PKT8_PT7_PT3_PKS3_SG_PKT9_S7_PSH_PvlPS3_PiSM_SM_SG_SG_SG_SG_SG_ 
kernel_launch_uid = 60 

Kernel Average Power Data:
kernel_avg_power = 71.5005
gpu_avg_IBP, = 0.0489258
gpu_avg_ICP, = 0
gpu_avg_DCP, = 0.0480045
gpu_avg_TCP, = 0
gpu_avg_CCP, = 0.00489153
gpu_avg_SHRDP, = 0.000842286
gpu_avg_RFP, = 0
gpu_avg_INTP, = 0.352734
gpu_avg_FPUP, = 0.0236217
gpu_avg_DPUP, = 0
gpu_avg_INT_MUL24P, = 0
gpu_avg_INT_MUL32P, = 0
gpu_avg_INT_MULP, = 0.0730781
gpu_avg_INT_DIVP, = 0
gpu_avg_FP_MULP, = 0.0027297
gpu_avg_FP_DIVP, = 0
gpu_avg_FP_SQRTP, = 0
gpu_avg_FP_LGP, = 0
gpu_avg_FP_SINP, = 0
gpu_avg_FP_EXP, = 0
gpu_avg_DP_MULP, = 0
gpu_avg_DP_DIVP, = 0
gpu_avg_TENSORP, = 0
gpu_avg_TEXP, = 0
gpu_avg_SCHEDP, = 0.135272
gpu_avg_L2CP, = 0.0178425
gpu_avg_MCP, = 0.562472
gpu_avg_NOCP, = 0.0460676
gpu_avg_DRAMP, = 0
gpu_avg_PIPEP, = 0.554802
gpu_avg_IDLE_COREP, = 35.1512
gpu_avg_CONSTP = 32.3252
gpu_avg_STATICP = 2.15277
gpu_avg_TOT_INST, = 2101.78
gpu_avg_FP_INT, = 1973.33
gpu_avg_IC_H, = 0
gpu_avg_IC_M, = 0
gpu_avg_DC_RH, = 0
gpu_avg_DC_RM, = 37.3333
gpu_avg_DC_WH, = 0
gpu_avg_DC_WM, = 6.22222
gpu_avg_TC_H, = 0
gpu_avg_TC_M, = 0
gpu_avg_CC_H, = 224
gpu_avg_CC_M, = 0
gpu_avg_SHRD_ACC, = 1.88889
gpu_avg_REG_RD, = 0
gpu_avg_REG_WR, = 0
gpu_avg_NON_REG_OPs, = 0
gpu_avg_INT_ACC, = 192855
gpu_avg_FPU_ACC, = 316.39
gpu_avg_DPU_ACC, = 0
gpu_avg_INT_MUL24_ACC, = 0
gpu_avg_INT_MUL32_ACC, = 0
gpu_avg_INT_MUL_ACC, = 477.171
gpu_avg_INT_DIV_ACC, = 0
gpu_avg_FP_MUL_ACC, = 17.8238
gpu_avg_FP_DIV_ACC, = 0
gpu_avg_FP_SQRT_ACC, = 0
gpu_avg_FP_LG_ACC, = 0
gpu_avg_FP_SIN_ACC, = 0
gpu_avg_FP_EXP_ACC, = 0
gpu_avg_DP_MUL_ACC, = 0
gpu_avg_DP_DIV_ACC, = 0
gpu_avg_TENSOR_ACC, = 0
gpu_avg_TEX_ACC, = 0
gpu_avg_MEM_RD, = 0
gpu_avg_MEM_WR, = 0
gpu_avg_MEM_PRE, = 0
gpu_avg_L2_RH, = 31.1111
gpu_avg_L2_RM, = 6.22222
gpu_avg_L2_WH, = 8.66667
gpu_avg_L2_WM, = 0
gpu_avg_NOC_A, = 135.111
gpu_avg_PIPE_A, = 0.0169698
gpu_avg_IDLE_CORE_N, = 124.301
gpu_avg_constant_power = 0
gpu_avg_threads_per_warp = 12.9748
gpu_tot_TOT_INST, = 18916
gpu_tot_FP_INT, = 17760
gpu_tot_IC_H, = 0
gpu_tot_IC_M, = 0
gpu_tot_DC_RH, = 0
gpu_tot_DC_RM, = 336
gpu_tot_DC_WH, = 0
gpu_tot_DC_WM, = 56
gpu_tot_TC_H, = 0
gpu_tot_TC_M, = 0
gpu_tot_CC_H, = 2016
gpu_tot_CC_M, = 0
gpu_tot_SHRD_ACC, = 17
gpu_tot_REG_RD, = 0
gpu_tot_REG_WR, = 0
gpu_tot_NON_REG_OPs, = 0
gpu_tot_INT_ACC, = 1.73569e+06
gpu_tot_FPU_ACC, = 2847.51
gpu_tot_DPU_ACC, = 0
gpu_tot_INT_MUL24_ACC, = 0
gpu_tot_INT_MUL32_ACC, = 0
gpu_tot_INT_MUL_ACC, = 4294.54
gpu_tot_INT_DIV_ACC, = 0
gpu_tot_FP_MUL_ACC, = 160.415
gpu_tot_FP_DIV_ACC, = 0
gpu_tot_FP_SQRT_ACC, = 0
gpu_tot_FP_LG_ACC, = 0
gpu_tot_FP_SIN_ACC, = 0
gpu_tot_FP_EXP_ACC, = 0
gpu_tot_DP_MUL_ACC, = 0
gpu_tot_DP_DIV_ACC, = 0
gpu_tot_TENSOR_ACC, = 0
gpu_tot_TEX_ACC, = 0
gpu_tot_MEM_RD, = 0
gpu_tot_MEM_WR, = 0
gpu_tot_MEM_PRE, = 0
gpu_tot_L2_RH, = 280
gpu_tot_L2_RM, = 56
gpu_tot_L2_WH, = 78
gpu_tot_L2_WM, = 0
gpu_tot_NOC_A, = 1216
gpu_tot_PIPE_A, = 0.152728
gpu_tot_IDLE_CORE_N, = 1118.71
gpu_tot_constant_power = 0

Kernel Maximum Power Data:
kernel_max_power = 75.9813
gpu_max_IBP, = 0.380507
gpu_max_ICP, = 0
gpu_max_DCP, = 0
gpu_max_TCP, = 0
gpu_max_CCP, = 0.0343062
gpu_max_SHRDP, = 0
gpu_max_RFP, = 0
gpu_max_INTP, = 2.4667
gpu_max_FPUP, = 0.011389
gpu_max_DPUP, = 0
gpu_max_INT_MUL24P, = 0
gpu_max_INT_MUL32P, = 0
gpu_max_INT_MULP, = 0.510482
gpu_max_INT_DIVP, = 0
gpu_max_FP_MULP, = 0
gpu_max_FP_DIVP, = 0
gpu_max_FP_SQRTP, = 0
gpu_max_FP_LGP, = 0
gpu_max_FP_SINP, = 0
gpu_max_FP_EXP, = 0
gpu_max_DP_MULP, = 0
gpu_max_DP_DIVP, = 0
gpu_max_TENSORP, = 0
gpu_max_TEXP, = 0
gpu_max_SCHEDP, = 1.05889
gpu_max_L2CP, = 0
gpu_max_MCP, = 0.553912
gpu_max_NOCP, = 0
gpu_max_DRAMP, = 0
gpu_max_PIPEP, = 1.21821
gpu_max_IDLE_COREP, = 34.6363
gpu_max_CONSTP = 32.3252
gpu_max_STATICP = 2.78533
gpu_max_TOT_INST, = 16346
gpu_max_FP_INT, = 15447
gpu_max_IC_H, = 0
gpu_max_IC_M, = 0
gpu_max_DC_RH, = 0
gpu_max_DC_RM, = 0
gpu_max_DC_WH, = 0
gpu_max_DC_WM, = 0
gpu_max_TC_H, = 0
gpu_max_TC_M, = 0
gpu_max_CC_H, = 1571
gpu_max_CC_M, = 0
gpu_max_SHRD_ACC, = 0
gpu_max_REG_RD, = 0
gpu_max_REG_WR, = 0
gpu_max_NON_REG_OPs, = 0
gpu_max_INT_ACC, = 1.34865e+06
gpu_max_FPU_ACC, = 152.545
gpu_max_DPU_ACC, = 0
gpu_max_INT_MUL24_ACC, = 0
gpu_max_INT_MUL32_ACC, = 0
gpu_max_INT_MUL_ACC, = 3333.24
gpu_max_INT_DIV_ACC, = 0
gpu_max_FP_MUL_ACC, = 0
gpu_max_FP_DIV_ACC, = 0
gpu_max_FP_SQRT_ACC, = 0
gpu_max_FP_LG_ACC, = 0
gpu_max_FP_SIN_ACC, = 0
gpu_max_FP_EXP_ACC, = 0
gpu_max_DP_MUL_ACC, = 0
gpu_max_DP_DIV_ACC, = 0
gpu_max_TENSOR_ACC, = 0
gpu_max_TEX_ACC, = 0
gpu_max_MEM_RD, = 0
gpu_max_MEM_WR, = 0
gpu_max_MEM_PRE, = 0
gpu_max_L2_RH, = 0
gpu_max_L2_RM, = 0
gpu_max_L2_WH, = 0
gpu_max_L2_WM, = 0
gpu_max_NOC_A, = 0
gpu_max_PIPE_A, = 0.0372616
gpu_max_IDLE_CORE_N, = 122.48
gpu_max_constant_power = 0

Kernel Minimum Power Data:
kernel_min_power = 70.6645
gpu_min_IBP, = 0
gpu_min_ICP, = 0
gpu_min_DCP, = 0
gpu_min_TCP, = 0
gpu_min_CCP, = 0
gpu_min_SHRDP, = 0
gpu_min_RFP, = 0
gpu_min_INTP, = 0
gpu_min_FPUP, = 0
gpu_min_DPUP, = 0
gpu_min_INT_MUL24P, = 0
gpu_min_INT_MUL32P, = 0
gpu_min_INT_MULP, = 0
gpu_min_INT_DIVP, = 0
gpu_min_FP_MULP, = 0
gpu_min_FP_DIVP, = 0
gpu_min_FP_SQRTP, = 0
gpu_min_FP_LGP, = 0
gpu_min_FP_SINP, = 0
gpu_min_FP_EXP, = 0
gpu_min_DP_MULP, = 0
gpu_min_DP_DIVP, = 0
gpu_min_TENSORP, = 0
gpu_min_TEXP, = 0
gpu_min_SCHEDP, = 0
gpu_min_L2CP, = 0
gpu_min_MCP, = 0.55022
gpu_min_NOCP, = 0
gpu_min_DRAMP, = 0
gpu_min_PIPEP, = 0.460528
gpu_min_IDLE_COREP, = 37.3285
gpu_min_CONSTP = 32.3252
gpu_min_STATICP = 0
gpu_min_TOT_INST, = 0
gpu_min_FP_INT, = 0
gpu_min_IC_H, = 0
gpu_min_IC_M, = 0
gpu_min_DC_RH, = 0
gpu_min_DC_RM, = 0
gpu_min_DC_WH, = 0
gpu_min_DC_WM, = 0
gpu_min_TC_H, = 0
gpu_min_TC_M, = 0
gpu_min_CC_H, = 0
gpu_min_CC_M, = 0
gpu_min_SHRD_ACC, = 0
gpu_min_REG_RD, = 0
gpu_min_REG_WR, = 0
gpu_min_NON_REG_OPs, = 0
gpu_min_INT_ACC, = 0
gpu_min_FPU_ACC, = 0
gpu_min_DPU_ACC, = 0
gpu_min_INT_MUL24_ACC, = 0
gpu_min_INT_MUL32_ACC, = 0
gpu_min_INT_MUL_ACC, = 0
gpu_min_INT_DIV_ACC, = 0
gpu_min_FP_MUL_ACC, = 0
gpu_min_FP_DIV_ACC, = 0
gpu_min_FP_SQRT_ACC, = 0
gpu_min_FP_LG_ACC, = 0
gpu_min_FP_SIN_ACC, = 0
gpu_min_FP_EXP_ACC, = 0
gpu_min_DP_MUL_ACC, = 0
gpu_min_DP_DIV_ACC, = 0
gpu_min_TENSOR_ACC, = 0
gpu_min_TEX_ACC, = 0
gpu_min_MEM_RD, = 0
gpu_min_MEM_WR, = 0
gpu_min_MEM_PRE, = 0
gpu_min_L2_RH, = 0
gpu_min_L2_RM, = 0
gpu_min_L2_WH, = 0
gpu_min_L2_WM, = 0
gpu_min_NOC_A, = 0
gpu_min_PIPE_A, = 0.0140862
gpu_min_IDLE_CORE_N, = 132
gpu_min_constant_power = 0

Accumulative Power Statistics Over Previous Kernels:
gpu_tot_avg_power = 81.5368
gpu_tot_max_power = 154.291
gpu_tot_min_power = 60.8126


kernel_name = _ZN4vllm25fused_add_rms_norm_kernelIN3c108BFloat16ELi8ELb1EEENSt9enable_ifIXaagtT0_Li0Esr4vllm12_typeConvertIT_EE6existsEvE4typeEPS4_lS7_PKS4_fiil 
kernel_launch_uid = 61 

Kernel Average Power Data:
kernel_avg_power = 70.7813
gpu_avg_IBP, = 0.00497944
gpu_avg_ICP, = 0
gpu_avg_DCP, = 0.0308854
gpu_avg_TCP, = 0
gpu_avg_CCP, = 0.000134994
gpu_avg_SHRDP, = 0.00166205
gpu_avg_RFP, = 0
gpu_avg_INTP, = 0.0691721
gpu_avg_FPUP, = 0.0175257
gpu_avg_DPUP, = 0
gpu_avg_INT_MUL24P, = 0
gpu_avg_INT_MUL32P, = 0
gpu_avg_INT_MULP, = 0.00978145
gpu_avg_INT_DIVP, = 0
gpu_avg_FP_MULP, = 0.00377508
gpu_avg_FP_DIVP, = 0
gpu_avg_FP_SQRTP, = 2.71615e-06
gpu_avg_FP_LGP, = 0
gpu_avg_FP_SINP, = 0
gpu_avg_FP_EXP, = 5.0406e-06
gpu_avg_DP_MULP, = 0
gpu_avg_DP_DIVP, = 0
gpu_avg_TENSORP, = 0
gpu_avg_TEXP, = 0
gpu_avg_SCHEDP, = 0.0138595
gpu_avg_L2CP, = 0.0148871
gpu_avg_MCP, = 0.554919
gpu_avg_NOCP, = 0.026285
gpu_avg_DRAMP, = 0
gpu_avg_PIPEP, = 0.401829
gpu_avg_IDLE_COREP, = 37.0329
gpu_avg_CONSTP = 32.3252
gpu_avg_STATICP = 0.273475
gpu_avg_TOT_INST, = 213.909
gpu_avg_FP_INT, = 202.182
gpu_avg_IC_H, = 0
gpu_avg_IC_M, = 0
gpu_avg_DC_RH, = 10.1818
gpu_avg_DC_RM, = 10.1818
gpu_avg_DC_WH, = 10.1818
gpu_avg_DC_WM, = 0
gpu_avg_TC_H, = 0
gpu_avg_TC_M, = 0
gpu_avg_CC_H, = 6.18182
gpu_avg_CC_M, = 0
gpu_avg_SHRD_ACC, = 3.72727
gpu_avg_REG_RD, = 0
gpu_avg_REG_WR, = 0
gpu_avg_NON_REG_OPs, = 0
gpu_avg_INT_ACC, = 37819.4
gpu_avg_FPU_ACC, = 234.74
gpu_avg_DPU_ACC, = 0
gpu_avg_INT_MUL24_ACC, = 0
gpu_avg_INT_MUL32_ACC, = 0
gpu_avg_INT_MUL_ACC, = 63.869
gpu_avg_INT_DIV_ACC, = 0
gpu_avg_FP_MUL_ACC, = 24.6497
gpu_avg_FP_DIV_ACC, = 0
gpu_avg_FP_SQRT_ACC, = 0.0177354
gpu_avg_FP_LG_ACC, = 0
gpu_avg_FP_SIN_ACC, = 0
gpu_avg_FP_EXP_ACC, = 0.0329131
gpu_avg_DP_MUL_ACC, = 0
gpu_avg_DP_DIV_ACC, = 0
gpu_avg_TENSOR_ACC, = 0
gpu_avg_TEX_ACC, = 0
gpu_avg_MEM_RD, = 0
gpu_avg_MEM_WR, = 0
gpu_avg_MEM_PRE, = 0
gpu_avg_L2_RH, = 11.6364
gpu_avg_L2_RM, = 3.63636
gpu_avg_L2_WH, = 10.9091
gpu_avg_L2_WM, = 0
gpu_avg_NOC_A, = 77.0909
gpu_avg_PIPE_A, = 0.0122908
gpu_avg_IDLE_CORE_N, = 130.955
gpu_avg_constant_power = 0
gpu_avg_threads_per_warp = 11.6585
gpu_tot_TOT_INST, = 2353
gpu_tot_FP_INT, = 2224
gpu_tot_IC_H, = 0
gpu_tot_IC_M, = 0
gpu_tot_DC_RH, = 112
gpu_tot_DC_RM, = 112
gpu_tot_DC_WH, = 112
gpu_tot_DC_WM, = 0
gpu_tot_TC_H, = 0
gpu_tot_TC_M, = 0
gpu_tot_CC_H, = 68
gpu_tot_CC_M, = 0
gpu_tot_SHRD_ACC, = 41
gpu_tot_REG_RD, = 0
gpu_tot_REG_WR, = 0
gpu_tot_NON_REG_OPs, = 0
gpu_tot_INT_ACC, = 416013
gpu_tot_FPU_ACC, = 2582.14
gpu_tot_DPU_ACC, = 0
gpu_tot_INT_MUL24_ACC, = 0
gpu_tot_INT_MUL32_ACC, = 0
gpu_tot_INT_MUL_ACC, = 702.558
gpu_tot_INT_DIV_ACC, = 0
gpu_tot_FP_MUL_ACC, = 271.147
gpu_tot_FP_DIV_ACC, = 0
gpu_tot_FP_SQRT_ACC, = 0.195089
gpu_tot_FP_LG_ACC, = 0
gpu_tot_FP_SIN_ACC, = 0
gpu_tot_FP_EXP_ACC, = 0.362044
gpu_tot_DP_MUL_ACC, = 0
gpu_tot_DP_DIV_ACC, = 0
gpu_tot_TENSOR_ACC, = 0
gpu_tot_TEX_ACC, = 0
gpu_tot_MEM_RD, = 0
gpu_tot_MEM_WR, = 0
gpu_tot_MEM_PRE, = 0
gpu_tot_L2_RH, = 128
gpu_tot_L2_RM, = 40
gpu_tot_L2_WH, = 120
gpu_tot_L2_WM, = 0
gpu_tot_NOC_A, = 848
gpu_tot_PIPE_A, = 0.135199
gpu_tot_IDLE_CORE_N, = 1440.5
gpu_tot_constant_power = 0

Kernel Maximum Power Data:
kernel_max_power = 71.4411
gpu_max_IBP, = 0.0161551
gpu_max_ICP, = 0
gpu_max_DCP, = 0.165228
gpu_max_TCP, = 0
gpu_max_CCP, = 4.36744e-05
gpu_max_SHRDP, = 0.010702
gpu_max_RFP, = 0
gpu_max_INTP, = 0.250003
gpu_max_FPUP, = 0.145843
gpu_max_DPUP, = 0
gpu_max_INT_MUL24P, = 0
gpu_max_INT_MUL32P, = 0
gpu_max_INT_MULP, = 0.0157939
gpu_max_INT_DIVP, = 0
gpu_max_FP_MULP, = 0.0127223
gpu_max_FP_DIVP, = 0
gpu_max_FP_SQRTP, = 0
gpu_max_FP_LGP, = 0
gpu_max_FP_SINP, = 0
gpu_max_FP_EXP, = 0
gpu_max_DP_MULP, = 0
gpu_max_DP_DIVP, = 0
gpu_max_TENSORP, = 0
gpu_max_TEXP, = 0
gpu_max_SCHEDP, = 0.0445574
gpu_max_L2CP, = 0.0305086
gpu_max_MCP, = 0.575314
gpu_max_NOCP, = 0.121382
gpu_max_DRAMP, = 0
gpu_max_PIPEP, = 0.423511
gpu_max_IDLE_COREP, = 37.0457
gpu_max_CONSTP = 32.3252
gpu_max_STATICP = 0.25836
gpu_max_TOT_INST, = 694
gpu_max_FP_INT, = 650
gpu_max_IC_H, = 0
gpu_max_IC_M, = 0
gpu_max_DC_RH, = 56
gpu_max_DC_RM, = 56
gpu_max_DC_WH, = 20
gpu_max_DC_WM, = 0
gpu_max_TC_H, = 0
gpu_max_TC_M, = 0
gpu_max_CC_H, = 2
gpu_max_CC_M, = 0
gpu_max_SHRD_ACC, = 24
gpu_max_REG_RD, = 0
gpu_max_REG_WR, = 0
gpu_max_NON_REG_OPs, = 0
gpu_max_INT_ACC, = 136688
gpu_max_FPU_ACC, = 1953.43
gpu_max_DPU_ACC, = 0
gpu_max_INT_MUL24_ACC, = 0
gpu_max_INT_MUL32_ACC, = 0
gpu_max_INT_MUL_ACC, = 103.128
gpu_max_INT_DIV_ACC, = 0
gpu_max_FP_MUL_ACC, = 83.0718
gpu_max_FP_DIV_ACC, = 0
gpu_max_FP_SQRT_ACC, = 0
gpu_max_FP_LG_ACC, = 0
gpu_max_FP_SIN_ACC, = 0
gpu_max_FP_EXP_ACC, = 0
gpu_max_DP_MUL_ACC, = 0
gpu_max_DP_DIV_ACC, = 0
gpu_max_TENSOR_ACC, = 0
gpu_max_TEX_ACC, = 0
gpu_max_MEM_RD, = 0
gpu_max_MEM_WR, = 0
gpu_max_MEM_PRE, = 0
gpu_max_L2_RH, = 112
gpu_max_L2_RM, = 0
gpu_max_L2_WH, = 0
gpu_max_L2_WM, = 0
gpu_max_NOC_A, = 356
gpu_max_PIPE_A, = 0.012954
gpu_max_IDLE_CORE_N, = 131
gpu_max_constant_power = 0

Kernel Minimum Power Data:
kernel_min_power = 70.54
gpu_min_IBP, = 0
gpu_min_ICP, = 0
gpu_min_DCP, = 0
gpu_min_TCP, = 0
gpu_min_CCP, = 0
gpu_min_SHRDP, = 0
gpu_min_RFP, = 0
gpu_min_INTP, = 0
gpu_min_FPUP, = 0
gpu_min_DPUP, = 0
gpu_min_INT_MUL24P, = 0
gpu_min_INT_MUL32P, = 0
gpu_min_INT_MULP, = 0
gpu_min_INT_DIVP, = 0
gpu_min_FP_MULP, = 0
gpu_min_FP_DIVP, = 0
gpu_min_FP_SQRTP, = 0
gpu_min_FP_LGP, = 0
gpu_min_FP_SINP, = 0
gpu_min_FP_EXP, = 0
gpu_min_DP_MULP, = 0
gpu_min_DP_DIVP, = 0
gpu_min_TENSORP, = 0
gpu_min_TEXP, = 0
gpu_min_SCHEDP, = 0
gpu_min_L2CP, = 0.0598177
gpu_min_MCP, = 0.55022
gpu_min_NOCP, = 0.0190938
gpu_min_DRAMP, = 0
gpu_min_PIPEP, = 0.390865
gpu_min_IDLE_COREP, = 35.3586
gpu_min_CONSTP = 32.3252
gpu_min_STATICP = 1.83622
gpu_min_TOT_INST, = 0
gpu_min_FP_INT, = 0
gpu_min_IC_H, = 0
gpu_min_IC_M, = 0
gpu_min_DC_RH, = 0
gpu_min_DC_RM, = 0
gpu_min_DC_WH, = 0
gpu_min_DC_WM, = 0
gpu_min_TC_H, = 0
gpu_min_TC_M, = 0
gpu_min_CC_H, = 0
gpu_min_CC_M, = 0
gpu_min_SHRD_ACC, = 0
gpu_min_REG_RD, = 0
gpu_min_REG_WR, = 0
gpu_min_NON_REG_OPs, = 0
gpu_min_INT_ACC, = 0
gpu_min_FPU_ACC, = 0
gpu_min_DPU_ACC, = 0
gpu_min_INT_MUL24_ACC, = 0
gpu_min_INT_MUL32_ACC, = 0
gpu_min_INT_MUL_ACC, = 0
gpu_min_INT_DIV_ACC, = 0
gpu_min_FP_MUL_ACC, = 0
gpu_min_FP_DIV_ACC, = 0
gpu_min_FP_SQRT_ACC, = 0
gpu_min_FP_LG_ACC, = 0
gpu_min_FP_SIN_ACC, = 0
gpu_min_FP_EXP_ACC, = 0
gpu_min_DP_MUL_ACC, = 0
gpu_min_DP_DIV_ACC, = 0
gpu_min_TENSOR_ACC, = 0
gpu_min_TEX_ACC, = 0
gpu_min_MEM_RD, = 0
gpu_min_MEM_WR, = 0
gpu_min_MEM_PRE, = 0
gpu_min_L2_RH, = 0
gpu_min_L2_RM, = 0
gpu_min_L2_WH, = 56
gpu_min_L2_WM, = 0
gpu_min_NOC_A, = 56
gpu_min_PIPE_A, = 0.0119554
gpu_min_IDLE_CORE_N, = 125.034
gpu_min_constant_power = 0

Accumulative Power Statistics Over Previous Kernels:
gpu_tot_avg_power = 81.3937
gpu_tot_max_power = 154.291
gpu_tot_min_power = 60.8126


kernel_name = nvjet_sm90_tst_64x8_64x16_4x1_v_bz_bias_TNT 
kernel_launch_uid = 62 

Kernel Average Power Data:
kernel_avg_power = 80.5913
gpu_avg_IBP, = 0.166505
gpu_avg_ICP, = 0
gpu_avg_DCP, = 0
gpu_avg_TCP, = 0
gpu_avg_CCP, = 0.00138042
gpu_avg_SHRDP, = 0.144604
gpu_avg_RFP, = 0
gpu_avg_INTP, = 3.19193
gpu_avg_FPUP, = 0.0585721
gpu_avg_DPUP, = 0
gpu_avg_INT_MUL24P, = 0
gpu_avg_INT_MUL32P, = 0
gpu_avg_INT_MULP, = 0.316059
gpu_avg_INT_DIVP, = 0
gpu_avg_FP_MULP, = 0
gpu_avg_FP_DIVP, = 0
gpu_avg_FP_SQRTP, = 0
gpu_avg_FP_LGP, = 0
gpu_avg_FP_SINP, = 0
gpu_avg_FP_EXP, = 0
gpu_avg_DP_MULP, = 0
gpu_avg_DP_DIVP, = 0
gpu_avg_TENSORP, = 0
gpu_avg_TEXP, = 0
gpu_avg_SCHEDP, = 0.47724
gpu_avg_L2CP, = 0.895823
gpu_avg_MCP, = 0.550368
gpu_avg_NOCP, = 4.75056
gpu_avg_DRAMP, = 0
gpu_avg_PIPEP, = 0.754145
gpu_avg_IDLE_COREP, = 34.3302
gpu_avg_CONSTP = 32.3252
gpu_avg_STATICP = 2.62864
gpu_avg_TOT_INST, = 7152.79
gpu_avg_FP_INT, = 6961.93
gpu_avg_IC_H, = 0
gpu_avg_IC_M, = 0
gpu_avg_DC_RH, = 0
gpu_avg_DC_RM, = 0
gpu_avg_DC_WH, = 0
gpu_avg_DC_WM, = 0
gpu_avg_TC_H, = 0
gpu_avg_TC_M, = 0
gpu_avg_CC_H, = 63.2143
gpu_avg_CC_M, = 0
gpu_avg_SHRD_ACC, = 324.286
gpu_avg_REG_RD, = 0
gpu_avg_REG_WR, = 0
gpu_avg_NON_REG_OPs, = 0
gpu_avg_INT_ACC, = 1.74517e+06
gpu_avg_FPU_ACC, = 784.518
gpu_avg_DPU_ACC, = 0
gpu_avg_INT_MUL24_ACC, = 0
gpu_avg_INT_MUL32_ACC, = 0
gpu_avg_INT_MUL_ACC, = 2063.74
gpu_avg_INT_DIV_ACC, = 0
gpu_avg_FP_MUL_ACC, = 0
gpu_avg_FP_DIV_ACC, = 0
gpu_avg_FP_SQRT_ACC, = 0
gpu_avg_FP_LG_ACC, = 0
gpu_avg_FP_SIN_ACC, = 0
gpu_avg_FP_EXP_ACC, = 0
gpu_avg_DP_MUL_ACC, = 0
gpu_avg_DP_DIV_ACC, = 0
gpu_avg_TENSOR_ACC, = 0
gpu_avg_TEX_ACC, = 0
gpu_avg_MEM_RD, = 0
gpu_avg_MEM_WR, = 0
gpu_avg_MEM_PRE, = 0
gpu_avg_L2_RH, = 3163.43
gpu_avg_L2_RM, = 1457.71
gpu_avg_L2_WH, = 7.71429
gpu_avg_L2_WM, = 0
gpu_avg_NOC_A, = 13932.9
gpu_avg_PIPE_A, = 0.0230671
gpu_avg_IDLE_CORE_N, = 121.398
gpu_avg_constant_power = 0
gpu_avg_threads_per_warp = 16.3403
gpu_tot_TOT_INST, = 100139
gpu_tot_FP_INT, = 97467
gpu_tot_IC_H, = 0
gpu_tot_IC_M, = 0
gpu_tot_DC_RH, = 0
gpu_tot_DC_RM, = 0
gpu_tot_DC_WH, = 0
gpu_tot_DC_WM, = 0
gpu_tot_TC_H, = 0
gpu_tot_TC_M, = 0
gpu_tot_CC_H, = 885
gpu_tot_CC_M, = 0
gpu_tot_SHRD_ACC, = 4540
gpu_tot_REG_RD, = 0
gpu_tot_REG_WR, = 0
gpu_tot_NON_REG_OPs, = 0
gpu_tot_INT_ACC, = 2.44323e+07
gpu_tot_FPU_ACC, = 10983.3
gpu_tot_DPU_ACC, = 0
gpu_tot_INT_MUL24_ACC, = 0
gpu_tot_INT_MUL32_ACC, = 0
gpu_tot_INT_MUL_ACC, = 28892.4
gpu_tot_INT_DIV_ACC, = 0
gpu_tot_FP_MUL_ACC, = 0
gpu_tot_FP_DIV_ACC, = 0
gpu_tot_FP_SQRT_ACC, = 0
gpu_tot_FP_LG_ACC, = 0
gpu_tot_FP_SIN_ACC, = 0
gpu_tot_FP_EXP_ACC, = 0
gpu_tot_DP_MUL_ACC, = 0
gpu_tot_DP_DIV_ACC, = 0
gpu_tot_TENSOR_ACC, = 0
gpu_tot_TEX_ACC, = 0
gpu_tot_MEM_RD, = 0
gpu_tot_MEM_WR, = 0
gpu_tot_MEM_PRE, = 0
gpu_tot_L2_RH, = 44288
gpu_tot_L2_RM, = 20408
gpu_tot_L2_WH, = 108
gpu_tot_L2_WM, = 0
gpu_tot_NOC_A, = 195060
gpu_tot_PIPE_A, = 0.32294
gpu_tot_IDLE_CORE_N, = 1699.57
gpu_tot_constant_power = 0

Kernel Maximum Power Data:
kernel_max_power = 98.8627
gpu_max_IBP, = 0.298218
gpu_max_ICP, = 0
gpu_max_DCP, = 0
gpu_max_TCP, = 0
gpu_max_CCP, = 0
gpu_max_SHRDP, = 0.32641
gpu_max_RFP, = 0
gpu_max_INTP, = 6.35896
gpu_max_FPUP, = 0
gpu_max_DPUP, = 0
gpu_max_INT_MUL24P, = 0
gpu_max_INT_MUL32P, = 0
gpu_max_INT_MULP, = 0.158503
gpu_max_INT_DIVP, = 0
gpu_max_FP_MULP, = 0
gpu_max_FP_DIVP, = 0
gpu_max_FP_SQRTP, = 0
gpu_max_FP_LGP, = 0
gpu_max_FP_SINP, = 0
gpu_max_FP_EXP, = 0
gpu_max_DP_MULP, = 0
gpu_max_DP_DIVP, = 0
gpu_max_TENSORP, = 0
gpu_max_TEXP, = 0
gpu_max_SCHEDP, = 0.855366
gpu_max_L2CP, = 3.23443
gpu_max_MCP, = 0.55022
gpu_max_NOCP, = 17.3447
gpu_max_DRAMP, = 0
gpu_max_PIPEP, = 1.02304
gpu_max_IDLE_COREP, = 31.6727
gpu_max_CONSTP = 32.3252
gpu_max_STATICP = 4.71495
gpu_max_TOT_INST, = 12811
gpu_max_FP_INT, = 12478
gpu_max_IC_H, = 0
gpu_max_IC_M, = 0
gpu_max_DC_RH, = 0
gpu_max_DC_RM, = 0
gpu_max_DC_WH, = 0
gpu_max_DC_WM, = 0
gpu_max_TC_H, = 0
gpu_max_TC_M, = 0
gpu_max_CC_H, = 0
gpu_max_CC_M, = 0
gpu_max_SHRD_ACC, = 732
gpu_max_REG_RD, = 0
gpu_max_REG_WR, = 0
gpu_max_NON_REG_OPs, = 0
gpu_max_INT_ACC, = 3.47672e+06
gpu_max_FPU_ACC, = 0
gpu_max_DPU_ACC, = 0
gpu_max_INT_MUL24_ACC, = 0
gpu_max_INT_MUL32_ACC, = 0
gpu_max_INT_MUL_ACC, = 1034.96
gpu_max_INT_DIV_ACC, = 0
gpu_max_FP_MUL_ACC, = 0
gpu_max_FP_DIV_ACC, = 0
gpu_max_FP_SQRT_ACC, = 0
gpu_max_FP_LG_ACC, = 0
gpu_max_FP_SIN_ACC, = 0
gpu_max_FP_EXP_ACC, = 0
gpu_max_DP_MUL_ACC, = 0
gpu_max_DP_DIV_ACC, = 0
gpu_max_TENSOR_ACC, = 0
gpu_max_TEX_ACC, = 0
gpu_max_MEM_RD, = 0
gpu_max_MEM_WR, = 0
gpu_max_MEM_PRE, = 0
gpu_max_L2_RH, = 11520
gpu_max_L2_RM, = 5432
gpu_max_L2_WH, = 0
gpu_max_L2_WM, = 0
gpu_max_NOC_A, = 50870
gpu_max_PIPE_A, = 0.0312917
gpu_max_IDLE_CORE_N, = 112
gpu_max_constant_power = 0

Kernel Minimum Power Data:
kernel_min_power = 70.5948
gpu_min_IBP, = 0
gpu_min_ICP, = 0
gpu_min_DCP, = 0
gpu_min_TCP, = 0
gpu_min_CCP, = 0
gpu_min_SHRDP, = 0
gpu_min_RFP, = 0
gpu_min_INTP, = 0
gpu_min_FPUP, = 0
gpu_min_DPUP, = 0
gpu_min_INT_MUL24P, = 0
gpu_min_INT_MUL32P, = 0
gpu_min_INT_MULP, = 0
gpu_min_INT_DIVP, = 0
gpu_min_FP_MULP, = 0
gpu_min_FP_DIVP, = 0
gpu_min_FP_SQRTP, = 0
gpu_min_FP_LGP, = 0
gpu_min_FP_SINP, = 0
gpu_min_FP_EXP, = 0
gpu_min_DP_MULP, = 0
gpu_min_DP_DIVP, = 0
gpu_min_TENSORP, = 0
gpu_min_TEXP, = 0
gpu_min_SCHEDP, = 0
gpu_min_L2CP, = 0
gpu_min_MCP, = 0.55022
gpu_min_NOCP, = 0
gpu_min_DRAMP, = 0
gpu_min_PIPEP, = 0.390865
gpu_min_IDLE_COREP, = 37.3285
gpu_min_CONSTP = 32.3252
gpu_min_STATICP = 0
gpu_min_TOT_INST, = 0
gpu_min_FP_INT, = 0
gpu_min_IC_H, = 0
gpu_min_IC_M, = 0
gpu_min_DC_RH, = 0
gpu_min_DC_RM, = 0
gpu_min_DC_WH, = 0
gpu_min_DC_WM, = 0
gpu_min_TC_H, = 0
gpu_min_TC_M, = 0
gpu_min_CC_H, = 0
gpu_min_CC_M, = 0
gpu_min_SHRD_ACC, = 0
gpu_min_REG_RD, = 0
gpu_min_REG_WR, = 0
gpu_min_NON_REG_OPs, = 0
gpu_min_INT_ACC, = 0
gpu_min_FPU_ACC, = 0
gpu_min_DPU_ACC, = 0
gpu_min_INT_MUL24_ACC, = 0
gpu_min_INT_MUL32_ACC, = 0
gpu_min_INT_MUL_ACC, = 0
gpu_min_INT_DIV_ACC, = 0
gpu_min_FP_MUL_ACC, = 0
gpu_min_FP_DIV_ACC, = 0
gpu_min_FP_SQRT_ACC, = 0
gpu_min_FP_LG_ACC, = 0
gpu_min_FP_SIN_ACC, = 0
gpu_min_FP_EXP_ACC, = 0
gpu_min_DP_MUL_ACC, = 0
gpu_min_DP_DIV_ACC, = 0
gpu_min_TENSOR_ACC, = 0
gpu_min_TEX_ACC, = 0
gpu_min_MEM_RD, = 0
gpu_min_MEM_WR, = 0
gpu_min_MEM_PRE, = 0
gpu_min_L2_RH, = 0
gpu_min_L2_RM, = 0
gpu_min_L2_WH, = 0
gpu_min_L2_WM, = 0
gpu_min_NOC_A, = 0
gpu_min_PIPE_A, = 0.0119554
gpu_min_IDLE_CORE_N, = 132
gpu_min_constant_power = 0

Accumulative Power Statistics Over Previous Kernels:
gpu_tot_avg_power = 81.3804
gpu_tot_max_power = 154.291
gpu_tot_min_power = 60.8126


kernel_name = _ZN4vllm23rotary_embedding_kernelIN3c108BFloat16ES2_Lb1EEEvPKlPT_S6_PKT0_illliiilb 
kernel_launch_uid = 63 

Kernel Average Power Data:
kernel_avg_power = 70.7613
gpu_avg_IBP, = 0.00401657
gpu_avg_ICP, = 0
gpu_avg_DCP, = 0.0130766
gpu_avg_TCP, = 0
gpu_avg_CCP, = 0.000142934
gpu_avg_SHRDP, = 0
gpu_avg_RFP, = 0
gpu_avg_INTP, = 0.0506286
gpu_avg_FPUP, = 0.0073626
gpu_avg_DPUP, = 0
gpu_avg_INT_MUL24P, = 0
gpu_avg_INT_MUL32P, = 0
gpu_avg_INT_MULP, = 0.0288187
gpu_avg_INT_DIVP, = 0
gpu_avg_FP_MULP, = 0.00255245
gpu_avg_FP_DIVP, = 0
gpu_avg_FP_SQRTP, = 0
gpu_avg_FP_LGP, = 0
gpu_avg_FP_SINP, = 0
gpu_avg_FP_EXP, = 0.00258079
gpu_avg_DP_MULP, = 0
gpu_avg_DP_DIVP, = 0
gpu_avg_TENSORP, = 0
gpu_avg_TEXP, = 0
gpu_avg_SCHEDP, = 0.0109804
gpu_avg_L2CP, = 0.00899618
gpu_avg_MCP, = 0.551815
gpu_avg_NOCP, = 0.0127395
gpu_avg_DRAMP, = 0
gpu_avg_PIPEP, = 0.419143
gpu_avg_IDLE_COREP, = 37.1933
gpu_avg_CONSTP = 32.3252
gpu_avg_STATICP = 0.129853
gpu_avg_TOT_INST, = 172.545
gpu_avg_FP_INT, = 160.182
gpu_avg_IC_H, = 0
gpu_avg_IC_M, = 0
gpu_avg_DC_RH, = 6.63636
gpu_avg_DC_RM, = 0.363636
gpu_avg_DC_WH, = 5.81818
gpu_avg_DC_WM, = 0
gpu_avg_TC_H, = 0
gpu_avg_TC_M, = 0
gpu_avg_CC_H, = 6.54545
gpu_avg_CC_M, = 0
gpu_avg_SHRD_ACC, = 0
gpu_avg_REG_RD, = 0
gpu_avg_REG_WR, = 0
gpu_avg_NON_REG_OPs, = 0
gpu_avg_INT_ACC, = 27680.9
gpu_avg_FPU_ACC, = 98.6151
gpu_avg_DPU_ACC, = 0
gpu_avg_INT_MUL24_ACC, = 0
gpu_avg_INT_MUL32_ACC, = 0
gpu_avg_INT_MUL_ACC, = 188.175
gpu_avg_INT_DIV_ACC, = 0
gpu_avg_FP_MUL_ACC, = 16.6664
gpu_avg_FP_DIV_ACC, = 0
gpu_avg_FP_SQRT_ACC, = 0
gpu_avg_FP_LG_ACC, = 0
gpu_avg_FP_SIN_ACC, = 0
gpu_avg_FP_EXP_ACC, = 16.8515
gpu_avg_DP_MUL_ACC, = 0
gpu_avg_DP_DIV_ACC, = 0
gpu_avg_TENSOR_ACC, = 0
gpu_avg_TEX_ACC, = 0
gpu_avg_MEM_RD, = 0
gpu_avg_MEM_WR, = 0
gpu_avg_MEM_PRE, = 0
gpu_avg_L2_RH, = 5.90909
gpu_avg_L2_RM, = 0.363636
gpu_avg_L2_WH, = 6.90909
gpu_avg_L2_WM, = 0
gpu_avg_NOC_A, = 37.3636
gpu_avg_PIPE_A, = 0.0128204
gpu_avg_IDLE_CORE_N, = 131.522
gpu_avg_constant_power = 0
gpu_avg_threads_per_warp = 14.2875
gpu_tot_TOT_INST, = 1898
gpu_tot_FP_INT, = 1762
gpu_tot_IC_H, = 0
gpu_tot_IC_M, = 0
gpu_tot_DC_RH, = 73
gpu_tot_DC_RM, = 4
gpu_tot_DC_WH, = 64
gpu_tot_DC_WM, = 0
gpu_tot_TC_H, = 0
gpu_tot_TC_M, = 0
gpu_tot_CC_H, = 72
gpu_tot_CC_M, = 0
gpu_tot_SHRD_ACC, = 0
gpu_tot_REG_RD, = 0
gpu_tot_REG_WR, = 0
gpu_tot_NON_REG_OPs, = 0
gpu_tot_INT_ACC, = 304490
gpu_tot_FPU_ACC, = 1084.77
gpu_tot_DPU_ACC, = 0
gpu_tot_INT_MUL24_ACC, = 0
gpu_tot_INT_MUL32_ACC, = 0
gpu_tot_INT_MUL_ACC, = 2069.92
gpu_tot_INT_DIV_ACC, = 0
gpu_tot_FP_MUL_ACC, = 183.331
gpu_tot_FP_DIV_ACC, = 0
gpu_tot_FP_SQRT_ACC, = 0
gpu_tot_FP_LG_ACC, = 0
gpu_tot_FP_SIN_ACC, = 0
gpu_tot_FP_EXP_ACC, = 185.367
gpu_tot_DP_MUL_ACC, = 0
gpu_tot_DP_DIV_ACC, = 0
gpu_tot_TENSOR_ACC, = 0
gpu_tot_TEX_ACC, = 0
gpu_tot_MEM_RD, = 0
gpu_tot_MEM_WR, = 0
gpu_tot_MEM_PRE, = 0
gpu_tot_L2_RH, = 65
gpu_tot_L2_RM, = 4
gpu_tot_L2_WH, = 76
gpu_tot_L2_WM, = 0
gpu_tot_NOC_A, = 411
gpu_tot_PIPE_A, = 0.141024
gpu_tot_IDLE_CORE_N, = 1446.74
gpu_tot_constant_power = 0

Kernel Maximum Power Data:
kernel_max_power = 71.4268
gpu_max_IBP, = 0.0226731
gpu_max_ICP, = 0
gpu_max_DCP, = 0.0475518
gpu_max_TCP, = 0
gpu_max_CCP, = 0.000567767
gpu_max_SHRDP, = 0
gpu_max_RFP, = 0
gpu_max_INTP, = 0.374402
gpu_max_FPUP, = 0.0354325
gpu_max_DPUP, = 0
gpu_max_INT_MUL24P, = 0
gpu_max_INT_MUL32P, = 0
gpu_max_INT_MULP, = 0.190655
gpu_max_INT_DIVP, = 0
gpu_max_FP_MULP, = 0
gpu_max_FP_DIVP, = 0
gpu_max_FP_SQRTP, = 0
gpu_max_FP_LGP, = 0
gpu_max_FP_SINP, = 0
gpu_max_FP_EXP, = 0.0248401
gpu_max_DP_MULP, = 0
gpu_max_DP_DIVP, = 0
gpu_max_TENSORP, = 0
gpu_max_TEXP, = 0
gpu_max_SCHEDP, = 0.0625175
gpu_max_L2CP, = 0
gpu_max_MCP, = 0.556222
gpu_max_NOCP, = 0.0095469
gpu_max_DRAMP, = 0
gpu_max_PIPEP, = 0.456953
gpu_max_IDLE_COREP, = 37.0457
gpu_max_CONSTP = 32.3252
gpu_max_STATICP = 0.274534
gpu_max_TOT_INST, = 974
gpu_max_FP_INT, = 912
gpu_max_IC_H, = 0
gpu_max_IC_M, = 0
gpu_max_DC_RH, = 24
gpu_max_DC_RM, = 4
gpu_max_DC_WH, = 0
gpu_max_DC_WM, = 0
gpu_max_TC_H, = 0
gpu_max_TC_M, = 0
gpu_max_CC_H, = 26
gpu_max_CC_M, = 0
gpu_max_SHRD_ACC, = 0
gpu_max_REG_RD, = 0
gpu_max_REG_WR, = 0
gpu_max_NON_REG_OPs, = 0
gpu_max_INT_ACC, = 204702
gpu_max_FPU_ACC, = 474.585
gpu_max_DPU_ACC, = 0
gpu_max_INT_MUL24_ACC, = 0
gpu_max_INT_MUL32_ACC, = 0
gpu_max_INT_MUL_ACC, = 1244.9
gpu_max_INT_DIV_ACC, = 0
gpu_max_FP_MUL_ACC, = 0
gpu_max_FP_DIV_ACC, = 0
gpu_max_FP_SQRT_ACC, = 0
gpu_max_FP_LG_ACC, = 0
gpu_max_FP_SIN_ACC, = 0
gpu_max_FP_EXP_ACC, = 162.196
gpu_max_DP_MUL_ACC, = 0
gpu_max_DP_DIV_ACC, = 0
gpu_max_TENSOR_ACC, = 0
gpu_max_TEX_ACC, = 0
gpu_max_MEM_RD, = 0
gpu_max_MEM_WR, = 0
gpu_max_MEM_PRE, = 0
gpu_max_L2_RH, = 0
gpu_max_L2_RM, = 0
gpu_max_L2_WH, = 0
gpu_max_L2_WM, = 0
gpu_max_NOC_A, = 28
gpu_max_PIPE_A, = 0.0139769
gpu_max_IDLE_CORE_N, = 131
gpu_max_constant_power = 0

Kernel Minimum Power Data:
kernel_min_power = 70.618
gpu_min_IBP, = 0
gpu_min_ICP, = 0
gpu_min_DCP, = 0
gpu_min_TCP, = 0
gpu_min_CCP, = 0
gpu_min_SHRDP, = 0
gpu_min_RFP, = 0
gpu_min_INTP, = 0
gpu_min_FPUP, = 0
gpu_min_DPUP, = 0
gpu_min_INT_MUL24P, = 0
gpu_min_INT_MUL32P, = 0
gpu_min_INT_MULP, = 0
gpu_min_INT_DIVP, = 0
gpu_min_FP_MULP, = 0
gpu_min_FP_DIVP, = 0
gpu_min_FP_SQRTP, = 0
gpu_min_FP_LGP, = 0
gpu_min_FP_SINP, = 0
gpu_min_FP_EXP, = 0
gpu_min_DP_MULP, = 0
gpu_min_DP_DIVP, = 0
gpu_min_TENSORP, = 0
gpu_min_TEXP, = 0
gpu_min_SCHEDP, = 0
gpu_min_L2CP, = 0
gpu_min_MCP, = 0.55022
gpu_min_NOCP, = 0
gpu_min_DRAMP, = 0
gpu_min_PIPEP, = 0.414088
gpu_min_IDLE_COREP, = 37.3285
gpu_min_CONSTP = 32.3252
gpu_min_STATICP = 0
gpu_min_TOT_INST, = 0
gpu_min_FP_INT, = 0
gpu_min_IC_H, = 0
gpu_min_IC_M, = 0
gpu_min_DC_RH, = 0
gpu_min_DC_RM, = 0
gpu_min_DC_WH, = 0
gpu_min_DC_WM, = 0
gpu_min_TC_H, = 0
gpu_min_TC_M, = 0
gpu_min_CC_H, = 0
gpu_min_CC_M, = 0
gpu_min_SHRD_ACC, = 0
gpu_min_REG_RD, = 0
gpu_min_REG_WR, = 0
gpu_min_NON_REG_OPs, = 0
gpu_min_INT_ACC, = 0
gpu_min_FPU_ACC, = 0
gpu_min_DPU_ACC, = 0
gpu_min_INT_MUL24_ACC, = 0
gpu_min_INT_MUL32_ACC, = 0
gpu_min_INT_MUL_ACC, = 0
gpu_min_INT_DIV_ACC, = 0
gpu_min_FP_MUL_ACC, = 0
gpu_min_FP_DIV_ACC, = 0
gpu_min_FP_SQRT_ACC, = 0
gpu_min_FP_LG_ACC, = 0
gpu_min_FP_SIN_ACC, = 0
gpu_min_FP_EXP_ACC, = 0
gpu_min_DP_MUL_ACC, = 0
gpu_min_DP_DIV_ACC, = 0
gpu_min_TENSOR_ACC, = 0
gpu_min_TEX_ACC, = 0
gpu_min_MEM_RD, = 0
gpu_min_MEM_WR, = 0
gpu_min_MEM_PRE, = 0
gpu_min_L2_RH, = 0
gpu_min_L2_RM, = 0
gpu_min_L2_WH, = 0
gpu_min_L2_WM, = 0
gpu_min_NOC_A, = 0
gpu_min_PIPE_A, = 0.0126657
gpu_min_IDLE_CORE_N, = 132
gpu_min_constant_power = 0

Accumulative Power Statistics Over Previous Kernels:
gpu_tot_avg_power = 81.2433
gpu_tot_max_power = 154.291
gpu_tot_min_power = 60.8126


kernel_name = _ZN4vllm30reshape_and_cache_flash_kernelI13__nv_bfloat16S1_LNS_18Fp8KVCacheDataTypeE0EEEvPKT_S5_PT0_S7_PKlllllliiiPKfSB_i 
kernel_launch_uid = 64 

Kernel Average Power Data:
kernel_avg_power = 70.6426
gpu_avg_IBP, = 0.00148464
gpu_avg_ICP, = 0
gpu_avg_DCP, = 0.00422166
gpu_avg_TCP, = 0
gpu_avg_CCP, = 4.36744e-05
gpu_avg_SHRDP, = 0
gpu_avg_RFP, = 0
gpu_avg_INTP, = 0.0238795
gpu_avg_FPUP, = 0.00112484
gpu_avg_DPUP, = 0
gpu_avg_INT_MUL24P, = 0
gpu_avg_INT_MUL32P, = 0
gpu_avg_INT_MULP, = 0.00752091
gpu_avg_INT_DIVP, = 0
gpu_avg_FP_MULP, = 0
gpu_avg_FP_DIVP, = 0
gpu_avg_FP_SQRTP, = 0
gpu_avg_FP_LGP, = 0
gpu_avg_FP_SINP, = 0
gpu_avg_FP_EXP, = 0.000788574
gpu_avg_DP_MULP, = 0
gpu_avg_DP_DIVP, = 0
gpu_avg_TENSORP, = 0
gpu_avg_TEXP, = 0
gpu_avg_SCHEDP, = 0.00420439
gpu_avg_L2CP, = 0.00102933
gpu_avg_MCP, = 0.551526
gpu_avg_NOCP, = 0.00344749
gpu_avg_DRAMP, = 0
gpu_avg_PIPEP, = 0.401979
gpu_avg_IDLE_COREP, = 37.2343
gpu_avg_CONSTP = 32.3252
gpu_avg_STATICP = 0.0818632
gpu_avg_TOT_INST, = 63.7778
gpu_avg_FP_INT, = 61.3333
gpu_avg_IC_H, = 0
gpu_avg_IC_M, = 0
gpu_avg_DC_RH, = 0.333333
gpu_avg_DC_RM, = 1.55556
gpu_avg_DC_WH, = 0
gpu_avg_DC_WM, = 1.77778
gpu_avg_TC_H, = 0
gpu_avg_TC_M, = 0
gpu_avg_CC_H, = 2
gpu_avg_CC_M, = 0
gpu_avg_SHRD_ACC, = 0
gpu_avg_REG_RD, = 0
gpu_avg_REG_WR, = 0
gpu_avg_NON_REG_OPs, = 0
gpu_avg_INT_ACC, = 13055.9
gpu_avg_FPU_ACC, = 15.0662
gpu_avg_DPU_ACC, = 0
gpu_avg_INT_MUL24_ACC, = 0
gpu_avg_INT_MUL32_ACC, = 0
gpu_avg_INT_MUL_ACC, = 49.1085
gpu_avg_INT_DIV_ACC, = 0
gpu_avg_FP_MUL_ACC, = 0
gpu_avg_FP_DIV_ACC, = 0
gpu_avg_FP_SQRT_ACC, = 0
gpu_avg_FP_LG_ACC, = 0
gpu_avg_FP_SIN_ACC, = 0
gpu_avg_FP_EXP_ACC, = 5.14907
gpu_avg_DP_MUL_ACC, = 0
gpu_avg_DP_DIV_ACC, = 0
gpu_avg_TENSOR_ACC, = 0
gpu_avg_TEX_ACC, = 0
gpu_avg_MEM_RD, = 0
gpu_avg_MEM_WR, = 0
gpu_avg_MEM_PRE, = 0
gpu_avg_L2_RH, = 1.88889
gpu_avg_L2_RM, = 0
gpu_avg_L2_WH, = 0
gpu_avg_L2_WM, = 1
gpu_avg_NOC_A, = 10.1111
gpu_avg_PIPE_A, = 0.0122954
gpu_avg_IDLE_CORE_N, = 131.667
gpu_avg_constant_power = 0
gpu_avg_threads_per_warp = 9.19161
gpu_tot_TOT_INST, = 574
gpu_tot_FP_INT, = 552
gpu_tot_IC_H, = 0
gpu_tot_IC_M, = 0
gpu_tot_DC_RH, = 3
gpu_tot_DC_RM, = 14
gpu_tot_DC_WH, = 0
gpu_tot_DC_WM, = 16
gpu_tot_TC_H, = 0
gpu_tot_TC_M, = 0
gpu_tot_CC_H, = 18
gpu_tot_CC_M, = 0
gpu_tot_SHRD_ACC, = 0
gpu_tot_REG_RD, = 0
gpu_tot_REG_WR, = 0
gpu_tot_NON_REG_OPs, = 0
gpu_tot_INT_ACC, = 117503
gpu_tot_FPU_ACC, = 135.596
gpu_tot_DPU_ACC, = 0
gpu_tot_INT_MUL24_ACC, = 0
gpu_tot_INT_MUL32_ACC, = 0
gpu_tot_INT_MUL_ACC, = 441.977
gpu_tot_INT_DIV_ACC, = 0
gpu_tot_FP_MUL_ACC, = 0
gpu_tot_FP_DIV_ACC, = 0
gpu_tot_FP_SQRT_ACC, = 0
gpu_tot_FP_LG_ACC, = 0
gpu_tot_FP_SIN_ACC, = 0
gpu_tot_FP_EXP_ACC, = 46.3417
gpu_tot_DP_MUL_ACC, = 0
gpu_tot_DP_DIV_ACC, = 0
gpu_tot_TENSOR_ACC, = 0
gpu_tot_TEX_ACC, = 0
gpu_tot_MEM_RD, = 0
gpu_tot_MEM_WR, = 0
gpu_tot_MEM_PRE, = 0
gpu_tot_L2_RH, = 17
gpu_tot_L2_RM, = 0
gpu_tot_L2_WH, = 0
gpu_tot_L2_WM, = 9
gpu_tot_NOC_A, = 91
gpu_tot_PIPE_A, = 0.110658
gpu_tot_IDLE_CORE_N, = 1185
gpu_tot_constant_power = 0

Kernel Maximum Power Data:
kernel_max_power = 70.9101
gpu_max_IBP, = 0.0100562
gpu_max_ICP, = 0
gpu_max_DCP, = 0.0031746
gpu_max_TCP, = 0
gpu_max_CCP, = 0.000349395
gpu_max_SHRDP, = 0
gpu_max_RFP, = 0
gpu_max_INTP, = 0.173686
gpu_max_FPUP, = 0.0101236
gpu_max_DPUP, = 0
gpu_max_INT_MUL24P, = 0
gpu_max_INT_MUL32P, = 0
gpu_max_INT_MULP, = 0.0597912
gpu_max_INT_DIVP, = 0
gpu_max_FP_MULP, = 0
gpu_max_FP_DIVP, = 0
gpu_max_FP_SQRTP, = 0
gpu_max_FP_LGP, = 0
gpu_max_FP_SINP, = 0
gpu_max_FP_EXP, = 0.00709717
gpu_max_DP_MULP, = 0
gpu_max_DP_DIVP, = 0
gpu_max_TENSORP, = 0
gpu_max_TEXP, = 0
gpu_max_SCHEDP, = 0.0283797
gpu_max_L2CP, = 0.000272398
gpu_max_MCP, = 0.550419
gpu_max_NOCP, = 0.00102288
gpu_max_DRAMP, = 0
gpu_max_PIPEP, = 0.415594
gpu_max_IDLE_COREP, = 37.0463
gpu_max_CONSTP = 32.3252
gpu_max_STATICP = 0.278597
gpu_max_TOT_INST, = 432
gpu_max_FP_INT, = 414
gpu_max_IC_H, = 0
gpu_max_IC_M, = 0
gpu_max_DC_RH, = 3
gpu_max_DC_RM, = -2
gpu_max_DC_WH, = 0
gpu_max_DC_WM, = 0
gpu_max_TC_H, = 0
gpu_max_TC_M, = 0
gpu_max_CC_H, = 16
gpu_max_CC_M, = 0
gpu_max_SHRD_ACC, = 0
gpu_max_REG_RD, = 0
gpu_max_REG_WR, = 0
gpu_max_NON_REG_OPs, = 0
gpu_max_INT_ACC, = 94962
gpu_max_FPU_ACC, = 135.596
gpu_max_DPU_ACC, = 0
gpu_max_INT_MUL24_ACC, = 0
gpu_max_INT_MUL32_ACC, = 0
gpu_max_INT_MUL_ACC, = 390.413
gpu_max_INT_DIV_ACC, = 0
gpu_max_FP_MUL_ACC, = 0
gpu_max_FP_DIV_ACC, = 0
gpu_max_FP_SQRT_ACC, = 0
gpu_max_FP_LG_ACC, = 0
gpu_max_FP_SIN_ACC, = 0
gpu_max_FP_EXP_ACC, = 46.3417
gpu_max_DP_MUL_ACC, = 0
gpu_max_DP_DIV_ACC, = 0
gpu_max_TENSOR_ACC, = 0
gpu_max_TEX_ACC, = 0
gpu_max_MEM_RD, = 0
gpu_max_MEM_WR, = 0
gpu_max_MEM_PRE, = 0
gpu_max_L2_RH, = 1
gpu_max_L2_RM, = 0
gpu_max_L2_WH, = 0
gpu_max_L2_WM, = 0
gpu_max_NOC_A, = 3
gpu_max_PIPE_A, = 0.0127118
gpu_max_IDLE_CORE_N, = 131.002
gpu_max_constant_power = 0

Kernel Minimum Power Data:
kernel_min_power = 70.6039
gpu_min_IBP, = 0.000465566
gpu_min_ICP, = 0
gpu_min_DCP, = 0.0085482
gpu_min_TCP, = 0
gpu_min_CCP, = 0
gpu_min_SHRDP, = 0
gpu_min_RFP, = 0
gpu_min_INTP, = 0.00175441
gpu_min_FPUP, = 0
gpu_min_DPUP, = 0
gpu_min_INT_MUL24P, = 0
gpu_min_INT_MUL32P, = 0
gpu_min_INT_MULP, = 0.00112814
gpu_min_INT_DIVP, = 0
gpu_min_FP_MULP, = 0
gpu_min_FP_DIVP, = 0
gpu_min_FP_SQRTP, = 0
gpu_min_FP_LGP, = 0
gpu_min_FP_SINP, = 0
gpu_min_FP_EXP, = 0
gpu_min_DP_MULP, = 0
gpu_min_DP_DIVP, = 0
gpu_min_TENSORP, = 0
gpu_min_TEXP, = 0
gpu_min_SCHEDP, = 0.001371
gpu_min_L2CP, = 0.00681235
gpu_min_MCP, = 0.554134
gpu_min_NOCP, = 0.0136384
gpu_min_DRAMP, = 0
gpu_min_PIPEP, = 0.391639
gpu_min_IDLE_COREP, = 37.0457
gpu_min_CONSTP = 32.3252
gpu_min_STATICP = 0.253512
gpu_min_TOT_INST, = 20
gpu_min_FP_INT, = 20
gpu_min_IC_H, = 0
gpu_min_IC_M, = 0
gpu_min_DC_RH, = 0
gpu_min_DC_RM, = 0
gpu_min_DC_WH, = 0
gpu_min_DC_WM, = 8
gpu_min_TC_H, = 0
gpu_min_TC_M, = 0
gpu_min_CC_H, = 0
gpu_min_CC_M, = 0
gpu_min_SHRD_ACC, = 0
gpu_min_REG_RD, = 0
gpu_min_REG_WR, = 0
gpu_min_NON_REG_OPs, = 0
gpu_min_INT_ACC, = 959.212
gpu_min_FPU_ACC, = 0
gpu_min_DPU_ACC, = 0
gpu_min_INT_MUL24_ACC, = 0
gpu_min_INT_MUL32_ACC, = 0
gpu_min_INT_MUL_ACC, = 7.36628
gpu_min_INT_DIV_ACC, = 0
gpu_min_FP_MUL_ACC, = 0
gpu_min_FP_DIV_ACC, = 0
gpu_min_FP_SQRT_ACC, = 0
gpu_min_FP_LG_ACC, = 0
gpu_min_FP_SIN_ACC, = 0
gpu_min_FP_EXP_ACC, = 0
gpu_min_DP_MUL_ACC, = 0
gpu_min_DP_DIV_ACC, = 0
gpu_min_TENSOR_ACC, = 0
gpu_min_TEX_ACC, = 0
gpu_min_MEM_RD, = 0
gpu_min_MEM_WR, = 0
gpu_min_MEM_PRE, = 0
gpu_min_L2_RH, = 8
gpu_min_L2_RM, = 0
gpu_min_L2_WH, = 0
gpu_min_L2_WM, = 9
gpu_min_NOC_A, = 40
gpu_min_PIPE_A, = 0.0119791
gpu_min_IDLE_CORE_N, = 131
gpu_min_constant_power = 0

Accumulative Power Statistics Over Previous Kernels:
gpu_tot_avg_power = 81.1325
gpu_tot_max_power = 154.291
gpu_tot_min_power = 60.8126


kernel_name = _ZN7cutlass13device_kernelIN5flash20enable_sm90_or_laterINS1_16FlashAttnFwdSm90INS1_25CollectiveMainloopFwdSm90ILi2EN4cute5tupleIJNS5_1CILi1EEES8_S8_EEENS6_IJNS7_ILi64EEENS7_ILi192EEESA_EEELi64ENS_10bfloat16_tEfNS_4arch4Sm90ELb0ELb0ELb0ELb1ELb1ELb0ELb0ELb1ELb1ELb1ELb0ELb0ESD_Li1EEENS1_21CollectiveEpilogueFwdINS6_IJSA_SA_SB_EEES9_SD_SF_Li128ELb1ELb1ELb0ELb0ELi1EEENS1_36VarlenDynamicPersistentTileSchedulerILi64ELi192ELi128ELi128ELb0ELb1ELb1ELb0ELb0ELb1EEEEEEEEEvNT_6ParamsE 
kernel_launch_uid = 65 

Kernel Average Power Data:
kernel_avg_power = 73.3777
gpu_avg_IBP, = 0.120894
gpu_avg_ICP, = 0
gpu_avg_DCP, = 0.0419395
gpu_avg_TCP, = 0
gpu_avg_CCP, = 0.00164216
gpu_avg_SHRDP, = 0.0952477
gpu_avg_RFP, = 0
gpu_avg_INTP, = 1.94489
gpu_avg_FPUP, = 0.18349
gpu_avg_DPUP, = 0
gpu_avg_INT_MUL24P, = 0
gpu_avg_INT_MUL32P, = 0
gpu_avg_INT_MULP, = 0.12915
gpu_avg_INT_DIVP, = 0
gpu_avg_FP_MULP, = 0.0237338
gpu_avg_FP_DIVP, = 0
gpu_avg_FP_SQRTP, = 0
gpu_avg_FP_LGP, = 0.000430606
gpu_avg_FP_SINP, = 0
gpu_avg_FP_EXP, = 0.0695522
gpu_avg_DP_MULP, = 0
gpu_avg_DP_DIVP, = 0
gpu_avg_TENSORP, = 0
gpu_avg_TEXP, = 0
gpu_avg_SCHEDP, = 0.3475
gpu_avg_L2CP, = 0.0132325
gpu_avg_MCP, = 0.55941
gpu_avg_NOCP, = 0.122217
gpu_avg_DRAMP, = 0
gpu_avg_PIPEP, = 0.462138
gpu_avg_IDLE_COREP, = 33.7468
gpu_avg_CONSTP = 32.3252
gpu_avg_STATICP = 3.19025
gpu_avg_TOT_INST, = 5193.4
gpu_avg_FP_INT, = 5069.3
gpu_avg_IC_H, = 0
gpu_avg_IC_M, = 0
gpu_avg_DC_RH, = 3.4
gpu_avg_DC_RM, = 29.5
gpu_avg_DC_WH, = 0
gpu_avg_DC_WM, = 2.95
gpu_avg_TC_H, = 0
gpu_avg_TC_M, = 0
gpu_avg_CC_H, = 75.2
gpu_avg_CC_M, = 0
gpu_avg_SHRD_ACC, = 213.6
gpu_avg_REG_RD, = 0
gpu_avg_REG_WR, = 0
gpu_avg_NON_REG_OPs, = 0
gpu_avg_INT_ACC, = 1.06336e+06
gpu_avg_FPU_ACC, = 2457.67
gpu_avg_DPU_ACC, = 0
gpu_avg_INT_MUL24_ACC, = 0
gpu_avg_INT_MUL32_ACC, = 0
gpu_avg_INT_MUL_ACC, = 843.3
gpu_avg_INT_DIV_ACC, = 0
gpu_avg_FP_MUL_ACC, = 154.972
gpu_avg_FP_DIV_ACC, = 0
gpu_avg_FP_SQRT_ACC, = 0
gpu_avg_FP_LG_ACC, = 2.81169
gpu_avg_FP_SIN_ACC, = 0
gpu_avg_FP_EXP_ACC, = 454.148
gpu_avg_DP_MUL_ACC, = 0
gpu_avg_DP_DIV_ACC, = 0
gpu_avg_TENSOR_ACC, = 0
gpu_avg_TEX_ACC, = 0
gpu_avg_MEM_RD, = 0
gpu_avg_MEM_WR, = 0
gpu_avg_MEM_PRE, = 0
gpu_avg_L2_RH, = 47.25
gpu_avg_L2_RM, = 1.2
gpu_avg_L2_WH, = 0.15
gpu_avg_L2_WM, = 0.35
gpu_avg_NOC_A, = 358.45
gpu_avg_PIPE_A, = 0.0141355
gpu_avg_IDLE_CORE_N, = 119.334
gpu_avg_constant_power = 0
gpu_avg_threads_per_warp = 20.6838
gpu_tot_TOT_INST, = 103868
gpu_tot_FP_INT, = 101386
gpu_tot_IC_H, = 0
gpu_tot_IC_M, = 0
gpu_tot_DC_RH, = 68
gpu_tot_DC_RM, = 590
gpu_tot_DC_WH, = 0
gpu_tot_DC_WM, = 59
gpu_tot_TC_H, = 0
gpu_tot_TC_M, = 0
gpu_tot_CC_H, = 1504
gpu_tot_CC_M, = 0
gpu_tot_SHRD_ACC, = 4272
gpu_tot_REG_RD, = 0
gpu_tot_REG_WR, = 0
gpu_tot_NON_REG_OPs, = 0
gpu_tot_INT_ACC, = 2.12671e+07
gpu_tot_FPU_ACC, = 49153.4
gpu_tot_DPU_ACC, = 0
gpu_tot_INT_MUL24_ACC, = 0
gpu_tot_INT_MUL32_ACC, = 0
gpu_tot_INT_MUL_ACC, = 16866
gpu_tot_INT_DIV_ACC, = 0
gpu_tot_FP_MUL_ACC, = 3099.44
gpu_tot_FP_DIV_ACC, = 0
gpu_tot_FP_SQRT_ACC, = 0
gpu_tot_FP_LG_ACC, = 56.2337
gpu_tot_FP_SIN_ACC, = 0
gpu_tot_FP_EXP_ACC, = 9082.96
gpu_tot_DP_MUL_ACC, = 0
gpu_tot_DP_DIV_ACC, = 0
gpu_tot_TENSOR_ACC, = 0
gpu_tot_TEX_ACC, = 0
gpu_tot_MEM_RD, = 0
gpu_tot_MEM_WR, = 0
gpu_tot_MEM_PRE, = 0
gpu_tot_L2_RH, = 945
gpu_tot_L2_RM, = 24
gpu_tot_L2_WH, = 3
gpu_tot_L2_WM, = 7
gpu_tot_NOC_A, = 7169
gpu_tot_PIPE_A, = 0.28271
gpu_tot_IDLE_CORE_N, = 2386.69
gpu_tot_constant_power = 0

Kernel Maximum Power Data:
kernel_max_power = 103.934
gpu_max_IBP, = 1.59754
gpu_max_ICP, = 0
gpu_max_DCP, = 0.126283
gpu_max_TCP, = 0
gpu_max_CCP, = 0.022405
gpu_max_SHRDP, = 1.11836
gpu_max_RFP, = 0
gpu_max_INTP, = 27.6004
gpu_max_FPUP, = 0
gpu_max_DPUP, = 0
gpu_max_INT_MUL24P, = 0
gpu_max_INT_MUL32P, = 0
gpu_max_INT_MULP, = 0.0663132
gpu_max_INT_DIVP, = 0
gpu_max_FP_MULP, = 0
gpu_max_FP_DIVP, = 0
gpu_max_FP_SQRTP, = 0
gpu_max_FP_LGP, = 0
gpu_max_FP_SINP, = 0
gpu_max_FP_EXP, = 0
gpu_max_DP_MULP, = 0
gpu_max_DP_DIVP, = 0
gpu_max_TENSORP, = 0
gpu_max_TEXP, = 0
gpu_max_SCHEDP, = 4.65756
gpu_max_L2CP, = 0
gpu_max_MCP, = 0.57914
gpu_max_NOCP, = 0.0388695
gpu_max_DRAMP, = 0
gpu_max_PIPEP, = 3.70754
gpu_max_IDLE_COREP, = 5.86397
gpu_max_CONSTP = 32.3252
gpu_max_STATICP = 26.2302
gpu_max_TOT_INST, = 68628
gpu_max_FP_INT, = 67944
gpu_max_IC_H, = 0
gpu_max_IC_M, = 0
gpu_max_DC_RH, = 0
gpu_max_DC_RM, = 114
gpu_max_DC_WH, = 0
gpu_max_DC_WM, = 0
gpu_max_TC_H, = 0
gpu_max_TC_M, = 0
gpu_max_CC_H, = 1026
gpu_max_CC_M, = 0
gpu_max_SHRD_ACC, = 2508
gpu_max_REG_RD, = 0
gpu_max_REG_WR, = 0
gpu_max_NON_REG_OPs, = 0
gpu_max_INT_ACC, = 1.50903e+07
gpu_max_FPU_ACC, = 0
gpu_max_DPU_ACC, = 0
gpu_max_INT_MUL24_ACC, = 0
gpu_max_INT_MUL32_ACC, = 0
gpu_max_INT_MUL_ACC, = 432.999
gpu_max_INT_DIV_ACC, = 0
gpu_max_FP_MUL_ACC, = 0
gpu_max_FP_DIV_ACC, = 0
gpu_max_FP_SQRT_ACC, = 0
gpu_max_FP_LG_ACC, = 0
gpu_max_FP_SIN_ACC, = 0
gpu_max_FP_EXP_ACC, = 0
gpu_max_DP_MUL_ACC, = 0
gpu_max_DP_DIV_ACC, = 0
gpu_max_TENSOR_ACC, = 0
gpu_max_TEX_ACC, = 0
gpu_max_MEM_RD, = 0
gpu_max_MEM_WR, = 0
gpu_max_MEM_PRE, = 0
gpu_max_L2_RH, = 0
gpu_max_L2_RM, = 0
gpu_max_L2_WH, = 0
gpu_max_L2_WM, = 0
gpu_max_NOC_A, = 114
gpu_max_PIPE_A, = 0.113403
gpu_max_IDLE_CORE_N, = 20.736
gpu_max_constant_power = 0

Kernel Minimum Power Data:
kernel_min_power = 70.5948
gpu_min_IBP, = 0
gpu_min_ICP, = 0
gpu_min_DCP, = 0
gpu_min_TCP, = 0
gpu_min_CCP, = 0
gpu_min_SHRDP, = 0
gpu_min_RFP, = 0
gpu_min_INTP, = 0
gpu_min_FPUP, = 0
gpu_min_DPUP, = 0
gpu_min_INT_MUL24P, = 0
gpu_min_INT_MUL32P, = 0
gpu_min_INT_MULP, = 0
gpu_min_INT_DIVP, = 0
gpu_min_FP_MULP, = 0
gpu_min_FP_DIVP, = 0
gpu_min_FP_SQRTP, = 0
gpu_min_FP_LGP, = 0
gpu_min_FP_SINP, = 0
gpu_min_FP_EXP, = 0
gpu_min_DP_MULP, = 0
gpu_min_DP_DIVP, = 0
gpu_min_TENSORP, = 0
gpu_min_TEXP, = 0
gpu_min_SCHEDP, = 0
gpu_min_L2CP, = 0
gpu_min_MCP, = 0.55022
gpu_min_NOCP, = 0
gpu_min_DRAMP, = 0
gpu_min_PIPEP, = 0.390865
gpu_min_IDLE_COREP, = 37.3285
gpu_min_CONSTP = 32.3252
gpu_min_STATICP = 0
gpu_min_TOT_INST, = 0
gpu_min_FP_INT, = 0
gpu_min_IC_H, = 0
gpu_min_IC_M, = 0
gpu_min_DC_RH, = 0
gpu_min_DC_RM, = 0
gpu_min_DC_WH, = 0
gpu_min_DC_WM, = 0
gpu_min_TC_H, = 0
gpu_min_TC_M, = 0
gpu_min_CC_H, = 0
gpu_min_CC_M, = 0
gpu_min_SHRD_ACC, = 0
gpu_min_REG_RD, = 0
gpu_min_REG_WR, = 0
gpu_min_NON_REG_OPs, = 0
gpu_min_INT_ACC, = 0
gpu_min_FPU_ACC, = 0
gpu_min_DPU_ACC, = 0
gpu_min_INT_MUL24_ACC, = 0
gpu_min_INT_MUL32_ACC, = 0
gpu_min_INT_MUL_ACC, = 0
gpu_min_INT_DIV_ACC, = 0
gpu_min_FP_MUL_ACC, = 0
gpu_min_FP_DIV_ACC, = 0
gpu_min_FP_SQRT_ACC, = 0
gpu_min_FP_LG_ACC, = 0
gpu_min_FP_SIN_ACC, = 0
gpu_min_FP_EXP_ACC, = 0
gpu_min_DP_MUL_ACC, = 0
gpu_min_DP_DIV_ACC, = 0
gpu_min_TENSOR_ACC, = 0
gpu_min_TEX_ACC, = 0
gpu_min_MEM_RD, = 0
gpu_min_MEM_WR, = 0
gpu_min_MEM_PRE, = 0
gpu_min_L2_RH, = 0
gpu_min_L2_RM, = 0
gpu_min_L2_WH, = 0
gpu_min_L2_WM, = 0
gpu_min_NOC_A, = 0
gpu_min_PIPE_A, = 0.0119554
gpu_min_IDLE_CORE_N, = 132
gpu_min_constant_power = 0

Accumulative Power Statistics Over Previous Kernels:
gpu_tot_avg_power = 80.9564
gpu_tot_max_power = 154.291
gpu_tot_min_power = 60.8126


kernel_name = _ZN2at6native29vectorized_elementwise_kernelILi4ENS0_11FillFunctorIiEESt5arrayIPcLm1EEEEviT0_T1_ 
kernel_launch_uid = 66 

Kernel Average Power Data:
kernel_avg_power = 70.3043
gpu_avg_IBP, = 0
gpu_avg_ICP, = 0
gpu_avg_DCP, = 0
gpu_avg_TCP, = 0
gpu_avg_CCP, = 0
gpu_avg_SHRDP, = 0
gpu_avg_RFP, = 0
gpu_avg_INTP, = 0
gpu_avg_FPUP, = 0
gpu_avg_DPUP, = 0
gpu_avg_INT_MUL24P, = 0
gpu_avg_INT_MUL32P, = 0
gpu_avg_INT_MULP, = 0
gpu_avg_INT_DIVP, = 0
gpu_avg_FP_MULP, = 0
gpu_avg_FP_DIVP, = 0
gpu_avg_FP_SQRTP, = 0
gpu_avg_FP_LGP, = 0
gpu_avg_FP_SINP, = 0
gpu_avg_FP_EXP, = 0
gpu_avg_DP_MULP, = 0
gpu_avg_DP_DIVP, = 0
gpu_avg_TENSORP, = 0
gpu_avg_TEXP, = 0
gpu_avg_SCHEDP, = 0
gpu_avg_L2CP, = 0.00480476
gpu_avg_MCP, = 0.55022
gpu_avg_NOCP, = 0.0031823
gpu_avg_DRAMP, = 0
gpu_avg_PIPEP, = 0.0928792
gpu_avg_IDLE_COREP, = 37.321
gpu_avg_CONSTP = 32.3252
gpu_avg_STATICP = 0.00702944
gpu_avg_TOT_INST, = 0
gpu_avg_FP_INT, = 0
gpu_avg_IC_H, = 0
gpu_avg_IC_M, = 0
gpu_avg_DC_RH, = 0
gpu_avg_DC_RM, = 0
gpu_avg_DC_WH, = 0
gpu_avg_DC_WM, = 0
gpu_avg_TC_H, = 0
gpu_avg_TC_M, = 0
gpu_avg_CC_H, = 0
gpu_avg_CC_M, = 0
gpu_avg_SHRD_ACC, = 0
gpu_avg_REG_RD, = 0
gpu_avg_REG_WR, = 0
gpu_avg_NON_REG_OPs, = 0
gpu_avg_INT_ACC, = 0
gpu_avg_FPU_ACC, = 0
gpu_avg_DPU_ACC, = 0
gpu_avg_INT_MUL24_ACC, = 0
gpu_avg_INT_MUL32_ACC, = 0
gpu_avg_INT_MUL_ACC, = 0
gpu_avg_INT_DIV_ACC, = 0
gpu_avg_FP_MUL_ACC, = 0
gpu_avg_FP_DIV_ACC, = 0
gpu_avg_FP_SQRT_ACC, = 0
gpu_avg_FP_LG_ACC, = 0
gpu_avg_FP_SIN_ACC, = 0
gpu_avg_FP_EXP_ACC, = 0
gpu_avg_DP_MUL_ACC, = 0
gpu_avg_DP_DIV_ACC, = 0
gpu_avg_TENSOR_ACC, = 0
gpu_avg_TEX_ACC, = 0
gpu_avg_MEM_RD, = 0
gpu_avg_MEM_WR, = 0
gpu_avg_MEM_PRE, = 0
gpu_avg_L2_RH, = 0
gpu_avg_L2_RM, = 0
gpu_avg_L2_WH, = 0
gpu_avg_L2_WM, = 9.33333
gpu_avg_NOC_A, = 9.33333
gpu_avg_PIPE_A, = 0.00284091
gpu_avg_IDLE_CORE_N, = 131.973
gpu_avg_constant_power = 0
gpu_avg_threads_per_warp = 0
gpu_tot_TOT_INST, = 0
gpu_tot_FP_INT, = 0
gpu_tot_IC_H, = 0
gpu_tot_IC_M, = 0
gpu_tot_DC_RH, = 0
gpu_tot_DC_RM, = 0
gpu_tot_DC_WH, = 0
gpu_tot_DC_WM, = 0
gpu_tot_TC_H, = 0
gpu_tot_TC_M, = 0
gpu_tot_CC_H, = 0
gpu_tot_CC_M, = 0
gpu_tot_SHRD_ACC, = 0
gpu_tot_REG_RD, = 0
gpu_tot_REG_WR, = 0
gpu_tot_NON_REG_OPs, = 0
gpu_tot_INT_ACC, = 0
gpu_tot_FPU_ACC, = 0
gpu_tot_DPU_ACC, = 0
gpu_tot_INT_MUL24_ACC, = 0
gpu_tot_INT_MUL32_ACC, = 0
gpu_tot_INT_MUL_ACC, = 0
gpu_tot_INT_DIV_ACC, = 0
gpu_tot_FP_MUL_ACC, = 0
gpu_tot_FP_DIV_ACC, = 0
gpu_tot_FP_SQRT_ACC, = 0
gpu_tot_FP_LG_ACC, = 0
gpu_tot_FP_SIN_ACC, = 0
gpu_tot_FP_EXP_ACC, = 0
gpu_tot_DP_MUL_ACC, = 0
gpu_tot_DP_DIV_ACC, = 0
gpu_tot_TENSOR_ACC, = 0
gpu_tot_TEX_ACC, = 0
gpu_tot_MEM_RD, = 0
gpu_tot_MEM_WR, = 0
gpu_tot_MEM_PRE, = 0
gpu_tot_L2_RH, = 0
gpu_tot_L2_RM, = 0
gpu_tot_L2_WH, = 0
gpu_tot_L2_WM, = 56
gpu_tot_NOC_A, = 56
gpu_tot_PIPE_A, = 0.0170454
gpu_tot_IDLE_CORE_N, = 791.84
gpu_tot_constant_power = 0

Kernel Maximum Power Data:
kernel_max_power = 70.3417
gpu_max_IBP, = 0
gpu_max_ICP, = 0
gpu_max_DCP, = 0
gpu_max_TCP, = 0
gpu_max_CCP, = 0
gpu_max_SHRDP, = 0
gpu_max_RFP, = 0
gpu_max_INTP, = 0
gpu_max_FPUP, = 0
gpu_max_DPUP, = 0
gpu_max_INT_MUL24P, = 0
gpu_max_INT_MUL32P, = 0
gpu_max_INT_MULP, = 0
gpu_max_INT_DIVP, = 0
gpu_max_FP_MULP, = 0
gpu_max_FP_DIVP, = 0
gpu_max_FP_SQRTP, = 0
gpu_max_FP_LGP, = 0
gpu_max_FP_SINP, = 0
gpu_max_FP_EXP, = 0
gpu_max_DP_MULP, = 0
gpu_max_DP_DIVP, = 0
gpu_max_TENSORP, = 0
gpu_max_TEXP, = 0
gpu_max_SCHEDP, = 0
gpu_max_L2CP, = 0.0288286
gpu_max_MCP, = 0.55022
gpu_max_NOCP, = 0.0190938
gpu_max_DRAMP, = 0
gpu_max_PIPEP, = 0.0928792
gpu_max_IDLE_COREP, = 37.2833
gpu_max_CONSTP = 32.3252
gpu_max_STATICP = 0.0421766
gpu_max_TOT_INST, = 0
gpu_max_FP_INT, = 0
gpu_max_IC_H, = 0
gpu_max_IC_M, = 0
gpu_max_DC_RH, = 0
gpu_max_DC_RM, = 0
gpu_max_DC_WH, = 0
gpu_max_DC_WM, = 0
gpu_max_TC_H, = 0
gpu_max_TC_M, = 0
gpu_max_CC_H, = 0
gpu_max_CC_M, = 0
gpu_max_SHRD_ACC, = 0
gpu_max_REG_RD, = 0
gpu_max_REG_WR, = 0
gpu_max_NON_REG_OPs, = 0
gpu_max_INT_ACC, = 0
gpu_max_FPU_ACC, = 0
gpu_max_DPU_ACC, = 0
gpu_max_INT_MUL24_ACC, = 0
gpu_max_INT_MUL32_ACC, = 0
gpu_max_INT_MUL_ACC, = 0
gpu_max_INT_DIV_ACC, = 0
gpu_max_FP_MUL_ACC, = 0
gpu_max_FP_DIV_ACC, = 0
gpu_max_FP_SQRT_ACC, = 0
gpu_max_FP_LG_ACC, = 0
gpu_max_FP_SIN_ACC, = 0
gpu_max_FP_EXP_ACC, = 0
gpu_max_DP_MUL_ACC, = 0
gpu_max_DP_DIV_ACC, = 0
gpu_max_TENSOR_ACC, = 0
gpu_max_TEX_ACC, = 0
gpu_max_MEM_RD, = 0
gpu_max_MEM_WR, = 0
gpu_max_MEM_PRE, = 0
gpu_max_L2_RH, = 0
gpu_max_L2_RM, = 0
gpu_max_L2_WH, = 0
gpu_max_L2_WM, = 56
gpu_max_NOC_A, = 56
gpu_max_PIPE_A, = 0.00284091
gpu_max_IDLE_CORE_N, = 131.84
gpu_max_constant_power = 0

Kernel Minimum Power Data:
kernel_min_power = 70.2968
gpu_min_IBP, = 0
gpu_min_ICP, = 0
gpu_min_DCP, = 0
gpu_min_TCP, = 0
gpu_min_CCP, = 0
gpu_min_SHRDP, = 0
gpu_min_RFP, = 0
gpu_min_INTP, = 0
gpu_min_FPUP, = 0
gpu_min_DPUP, = 0
gpu_min_INT_MUL24P, = 0
gpu_min_INT_MUL32P, = 0
gpu_min_INT_MULP, = 0
gpu_min_INT_DIVP, = 0
gpu_min_FP_MULP, = 0
gpu_min_FP_DIVP, = 0
gpu_min_FP_SQRTP, = 0
gpu_min_FP_LGP, = 0
gpu_min_FP_SINP, = 0
gpu_min_FP_EXP, = 0
gpu_min_DP_MULP, = 0
gpu_min_DP_DIVP, = 0
gpu_min_TENSORP, = 0
gpu_min_TEXP, = 0
gpu_min_SCHEDP, = 0
gpu_min_L2CP, = 0
gpu_min_MCP, = 0.55022
gpu_min_NOCP, = 0
gpu_min_DRAMP, = 0
gpu_min_PIPEP, = 0.0928792
gpu_min_IDLE_COREP, = 37.3285
gpu_min_CONSTP = 32.3252
gpu_min_STATICP = 0
gpu_min_TOT_INST, = 0
gpu_min_FP_INT, = 0
gpu_min_IC_H, = 0
gpu_min_IC_M, = 0
gpu_min_DC_RH, = 0
gpu_min_DC_RM, = 0
gpu_min_DC_WH, = 0
gpu_min_DC_WM, = 0
gpu_min_TC_H, = 0
gpu_min_TC_M, = 0
gpu_min_CC_H, = 0
gpu_min_CC_M, = 0
gpu_min_SHRD_ACC, = 0
gpu_min_REG_RD, = 0
gpu_min_REG_WR, = 0
gpu_min_NON_REG_OPs, = 0
gpu_min_INT_ACC, = 0
gpu_min_FPU_ACC, = 0
gpu_min_DPU_ACC, = 0
gpu_min_INT_MUL24_ACC, = 0
gpu_min_INT_MUL32_ACC, = 0
gpu_min_INT_MUL_ACC, = 0
gpu_min_INT_DIV_ACC, = 0
gpu_min_FP_MUL_ACC, = 0
gpu_min_FP_DIV_ACC, = 0
gpu_min_FP_SQRT_ACC, = 0
gpu_min_FP_LG_ACC, = 0
gpu_min_FP_SIN_ACC, = 0
gpu_min_FP_EXP_ACC, = 0
gpu_min_DP_MUL_ACC, = 0
gpu_min_DP_DIV_ACC, = 0
gpu_min_TENSOR_ACC, = 0
gpu_min_TEX_ACC, = 0
gpu_min_MEM_RD, = 0
gpu_min_MEM_WR, = 0
gpu_min_MEM_PRE, = 0
gpu_min_L2_RH, = 0
gpu_min_L2_RM, = 0
gpu_min_L2_WH, = 0
gpu_min_L2_WM, = 0
gpu_min_NOC_A, = 0
gpu_min_PIPE_A, = 0.00284091
gpu_min_IDLE_CORE_N, = 132
gpu_min_constant_power = 0

Accumulative Power Statistics Over Previous Kernels:
gpu_tot_avg_power = 80.8844
gpu_tot_max_power = 154.291
gpu_tot_min_power = 60.8126


kernel_name = nvjet_sm90_tst_64x8_64x16_4x1_v_bz_TNT 
kernel_launch_uid = 67 

Kernel Average Power Data:
kernel_avg_power = 78.7338
gpu_avg_IBP, = 0.135603
gpu_avg_ICP, = 0
gpu_avg_DCP, = 8.21942e-05
gpu_avg_TCP, = 0
gpu_avg_CCP, = 0.000994432
gpu_avg_SHRDP, = 0.123279
gpu_avg_RFP, = 0
gpu_avg_INTP, = 2.64491
gpu_avg_FPUP, = 0.0102209
gpu_avg_DPUP, = 0
gpu_avg_INT_MUL24P, = 0
gpu_avg_INT_MUL32P, = 0
gpu_avg_INT_MULP, = 0.232137
gpu_avg_INT_DIVP, = 0
gpu_avg_FP_MULP, = 0
gpu_avg_FP_DIVP, = 0
gpu_avg_FP_SQRTP, = 0
gpu_avg_FP_LGP, = 0
gpu_avg_FP_SINP, = 0
gpu_avg_FP_EXP, = 0
gpu_avg_DP_MULP, = 0
gpu_avg_DP_DIVP, = 0
gpu_avg_TENSORP, = 0
gpu_avg_TEXP, = 0
gpu_avg_SCHEDP, = 0.389606
gpu_avg_L2CP, = 0.966283
gpu_avg_MCP, = 0.550365
gpu_avg_NOCP, = 3.96572
gpu_avg_DRAMP, = 0
gpu_avg_PIPEP, = 0.364482
gpu_avg_IDLE_COREP, = 35.1486
gpu_avg_CONSTP = 32.3252
gpu_avg_STATICP = 1.87635
gpu_avg_TOT_INST, = 5825.31
gpu_avg_FP_INT, = 5683.54
gpu_avg_IC_H, = 0
gpu_avg_IC_M, = 0
gpu_avg_DC_RH, = 0
gpu_avg_DC_RM, = 0
gpu_avg_DC_WH, = 0
gpu_avg_DC_WM, = 0.0769231
gpu_avg_TC_H, = 0
gpu_avg_TC_M, = 0
gpu_avg_CC_H, = 45.5385
gpu_avg_CC_M, = 0
gpu_avg_SHRD_ACC, = 276.462
gpu_avg_REG_RD, = 0
gpu_avg_REG_WR, = 0
gpu_avg_NON_REG_OPs, = 0
gpu_avg_INT_ACC, = 1.44609e+06
gpu_avg_FPU_ACC, = 136.9
gpu_avg_DPU_ACC, = 0
gpu_avg_INT_MUL24_ACC, = 0
gpu_avg_INT_MUL32_ACC, = 0
gpu_avg_INT_MUL_ACC, = 1515.76
gpu_avg_INT_DIV_ACC, = 0
gpu_avg_FP_MUL_ACC, = 0
gpu_avg_FP_DIV_ACC, = 0
gpu_avg_FP_SQRT_ACC, = 0
gpu_avg_FP_LG_ACC, = 0
gpu_avg_FP_SIN_ACC, = 0
gpu_avg_FP_EXP_ACC, = 0
gpu_avg_DP_MUL_ACC, = 0
gpu_avg_DP_DIV_ACC, = 0
gpu_avg_TENSOR_ACC, = 0
gpu_avg_TEX_ACC, = 0
gpu_avg_MEM_RD, = 0
gpu_avg_MEM_WR, = 0
gpu_avg_MEM_PRE, = 0
gpu_avg_L2_RH, = 3524.92
gpu_avg_L2_RM, = 339.077
gpu_avg_L2_WH, = 0.0769231
gpu_avg_L2_WM, = 0
gpu_avg_NOC_A, = 11631
gpu_avg_PIPE_A, = 0.0111484
gpu_avg_IDLE_CORE_N, = 124.291
gpu_avg_constant_power = 0
gpu_avg_threads_per_warp = 16.7039
gpu_tot_TOT_INST, = 75729
gpu_tot_FP_INT, = 73886
gpu_tot_IC_H, = 0
gpu_tot_IC_M, = 0
gpu_tot_DC_RH, = 0
gpu_tot_DC_RM, = 0
gpu_tot_DC_WH, = 0
gpu_tot_DC_WM, = 1
gpu_tot_TC_H, = 0
gpu_tot_TC_M, = 0
gpu_tot_CC_H, = 592
gpu_tot_CC_M, = 0
gpu_tot_SHRD_ACC, = 3594
gpu_tot_REG_RD, = 0
gpu_tot_REG_WR, = 0
gpu_tot_NON_REG_OPs, = 0
gpu_tot_INT_ACC, = 1.87991e+07
gpu_tot_FPU_ACC, = 1779.69
gpu_tot_DPU_ACC, = 0
gpu_tot_INT_MUL24_ACC, = 0
gpu_tot_INT_MUL32_ACC, = 0
gpu_tot_INT_MUL_ACC, = 19704.9
gpu_tot_INT_DIV_ACC, = 0
gpu_tot_FP_MUL_ACC, = 0
gpu_tot_FP_DIV_ACC, = 0
gpu_tot_FP_SQRT_ACC, = 0
gpu_tot_FP_LG_ACC, = 0
gpu_tot_FP_SIN_ACC, = 0
gpu_tot_FP_EXP_ACC, = 0
gpu_tot_DP_MUL_ACC, = 0
gpu_tot_DP_DIV_ACC, = 0
gpu_tot_TENSOR_ACC, = 0
gpu_tot_TEX_ACC, = 0
gpu_tot_MEM_RD, = 0
gpu_tot_MEM_WR, = 0
gpu_tot_MEM_PRE, = 0
gpu_tot_L2_RH, = 45824
gpu_tot_L2_RM, = 4408
gpu_tot_L2_WH, = 1
gpu_tot_L2_WM, = 0
gpu_tot_NOC_A, = 151203
gpu_tot_PIPE_A, = 0.14493
gpu_tot_IDLE_CORE_N, = 1615.79
gpu_tot_constant_power = 0

Kernel Maximum Power Data:
kernel_max_power = 92.8341
gpu_max_IBP, = 0.245121
gpu_max_ICP, = 0
gpu_max_DCP, = 0
gpu_max_TCP, = 0
gpu_max_CCP, = 0
gpu_max_SHRDP, = 0.252834
gpu_max_RFP, = 0
gpu_max_INTP, = 5.2834
gpu_max_FPUP, = 0
gpu_max_DPUP, = 0
gpu_max_INT_MUL24P, = 0
gpu_max_INT_MUL32P, = 0
gpu_max_INT_MULP, = 0.121839
gpu_max_INT_DIVP, = 0
gpu_max_FP_MULP, = 0
gpu_max_FP_DIVP, = 0
gpu_max_FP_SQRTP, = 0
gpu_max_FP_LGP, = 0
gpu_max_FP_SINP, = 0
gpu_max_FP_EXP, = 0
gpu_max_DP_MULP, = 0
gpu_max_DP_DIVP, = 0
gpu_max_TENSORP, = 0
gpu_max_TEXP, = 0
gpu_max_SCHEDP, = 0.702979
gpu_max_L2CP, = 3.148
gpu_max_MCP, = 0.55022
gpu_max_NOCP, = 13.0499
gpu_max_DRAMP, = 0
gpu_max_PIPEP, = 0.57874
gpu_max_IDLE_COREP, = 32.8038
gpu_max_CONSTP = 32.3252
gpu_max_STATICP = 3.77196
gpu_max_TOT_INST, = 10530
gpu_max_FP_INT, = 10255
gpu_max_IC_H, = 0
gpu_max_IC_M, = 0
gpu_max_DC_RH, = 0
gpu_max_DC_RM, = 0
gpu_max_DC_WH, = 0
gpu_max_DC_WM, = 0
gpu_max_TC_H, = 0
gpu_max_TC_M, = 0
gpu_max_CC_H, = 0
gpu_max_CC_M, = 0
gpu_max_SHRD_ACC, = 567
gpu_max_REG_RD, = 0
gpu_max_REG_WR, = 0
gpu_max_NON_REG_OPs, = 0
gpu_max_INT_ACC, = 2.88867e+06
gpu_max_FPU_ACC, = 0
gpu_max_DPU_ACC, = 0
gpu_max_INT_MUL24_ACC, = 0
gpu_max_INT_MUL32_ACC, = 0
gpu_max_INT_MUL_ACC, = 795.558
gpu_max_INT_DIV_ACC, = 0
gpu_max_FP_MUL_ACC, = 0
gpu_max_FP_DIV_ACC, = 0
gpu_max_FP_SQRT_ACC, = 0
gpu_max_FP_LG_ACC, = 0
gpu_max_FP_SIN_ACC, = 0
gpu_max_FP_EXP_ACC, = 0
gpu_max_DP_MUL_ACC, = 0
gpu_max_DP_DIV_ACC, = 0
gpu_max_TENSOR_ACC, = 0
gpu_max_TEX_ACC, = 0
gpu_max_MEM_RD, = 0
gpu_max_MEM_WR, = 0
gpu_max_MEM_PRE, = 0
gpu_max_L2_RH, = 11471
gpu_max_L2_RM, = 1314
gpu_max_L2_WH, = 0
gpu_max_L2_WM, = 0
gpu_max_NOC_A, = 38274
gpu_max_PIPE_A, = 0.017702
gpu_max_IDLE_CORE_N, = 116
gpu_max_constant_power = 0

Kernel Minimum Power Data:
kernel_min_power = 70.2968
gpu_min_IBP, = 0
gpu_min_ICP, = 0
gpu_min_DCP, = 0
gpu_min_TCP, = 0
gpu_min_CCP, = 0
gpu_min_SHRDP, = 0
gpu_min_RFP, = 0
gpu_min_INTP, = 0
gpu_min_FPUP, = 0
gpu_min_DPUP, = 0
gpu_min_INT_MUL24P, = 0
gpu_min_INT_MUL32P, = 0
gpu_min_INT_MULP, = 0
gpu_min_INT_DIVP, = 0
gpu_min_FP_MULP, = 0
gpu_min_FP_DIVP, = 0
gpu_min_FP_SQRTP, = 0
gpu_min_FP_LGP, = 0
gpu_min_FP_SINP, = 0
gpu_min_FP_EXP, = 0
gpu_min_DP_MULP, = 0
gpu_min_DP_DIVP, = 0
gpu_min_TENSORP, = 0
gpu_min_TEXP, = 0
gpu_min_SCHEDP, = 0
gpu_min_L2CP, = 0
gpu_min_MCP, = 0.55022
gpu_min_NOCP, = 0
gpu_min_DRAMP, = 0
gpu_min_PIPEP, = 0.0928792
gpu_min_IDLE_COREP, = 37.3285
gpu_min_CONSTP = 32.3252
gpu_min_STATICP = 0
gpu_min_TOT_INST, = 0
gpu_min_FP_INT, = 0
gpu_min_IC_H, = 0
gpu_min_IC_M, = 0
gpu_min_DC_RH, = 0
gpu_min_DC_RM, = 0
gpu_min_DC_WH, = 0
gpu_min_DC_WM, = 0
gpu_min_TC_H, = 0
gpu_min_TC_M, = 0
gpu_min_CC_H, = 0
gpu_min_CC_M, = 0
gpu_min_SHRD_ACC, = 0
gpu_min_REG_RD, = 0
gpu_min_REG_WR, = 0
gpu_min_NON_REG_OPs, = 0
gpu_min_INT_ACC, = 0
gpu_min_FPU_ACC, = 0
gpu_min_DPU_ACC, = 0
gpu_min_INT_MUL24_ACC, = 0
gpu_min_INT_MUL32_ACC, = 0
gpu_min_INT_MUL_ACC, = 0
gpu_min_INT_DIV_ACC, = 0
gpu_min_FP_MUL_ACC, = 0
gpu_min_FP_DIV_ACC, = 0
gpu_min_FP_SQRT_ACC, = 0
gpu_min_FP_LG_ACC, = 0
gpu_min_FP_SIN_ACC, = 0
gpu_min_FP_EXP_ACC, = 0
gpu_min_DP_MUL_ACC, = 0
gpu_min_DP_DIV_ACC, = 0
gpu_min_TENSOR_ACC, = 0
gpu_min_TEX_ACC, = 0
gpu_min_MEM_RD, = 0
gpu_min_MEM_WR, = 0
gpu_min_MEM_PRE, = 0
gpu_min_L2_RH, = 0
gpu_min_L2_RM, = 0
gpu_min_L2_WH, = 0
gpu_min_L2_WM, = 0
gpu_min_NOC_A, = 0
gpu_min_PIPE_A, = 0.00284091
gpu_min_IDLE_CORE_N, = 132
gpu_min_constant_power = 0

Accumulative Power Statistics Over Previous Kernels:
gpu_tot_avg_power = 80.8533
gpu_tot_max_power = 154.291
gpu_tot_min_power = 60.8126


kernel_name = _ZN4vllm25fused_add_rms_norm_kernelIN3c108BFloat16ELi8ELb1EEENSt9enable_ifIXaagtT0_Li0Esr4vllm12_typeConvertIT_EE6existsEvE4typeEPS4_lS7_PKS4_fiil 
kernel_launch_uid = 68 

Kernel Average Power Data:
kernel_avg_power = 70.5705
gpu_avg_IBP, = 0.011582
gpu_avg_ICP, = 0
gpu_avg_DCP, = 0.0307448
gpu_avg_TCP, = 0
gpu_avg_CCP, = 0.000134994
gpu_avg_SHRDP, = 0.0074995
gpu_avg_RFP, = 0
gpu_avg_INTP, = 0.15442
gpu_avg_FPUP, = 0.0247733
gpu_avg_DPUP, = 0
gpu_avg_INT_MUL24P, = 0
gpu_avg_INT_MUL32P, = 0
gpu_avg_INT_MULP, = 0.0335749
gpu_avg_INT_DIVP, = 0
gpu_avg_FP_MULP, = 0.00377508
gpu_avg_FP_DIVP, = 0
gpu_avg_FP_SQRTP, = 2.71615e-06
gpu_avg_FP_LGP, = 0
gpu_avg_FP_SINP, = 0
gpu_avg_FP_EXP, = 5.0406e-06
gpu_avg_DP_MULP, = 0
gpu_avg_DP_DIVP, = 0
gpu_avg_TENSORP, = 0
gpu_avg_TEXP, = 0
gpu_avg_SCHEDP, = 0.0320751
gpu_avg_L2CP, = 0.014851
gpu_avg_MCP, = 0.554899
gpu_avg_NOCP, = 0.0285167
gpu_avg_DRAMP, = 0
gpu_avg_PIPEP, = 0.0278309
gpu_avg_IDLE_COREP, = 36.9762
gpu_avg_CONSTP = 32.3252
gpu_avg_STATICP = 0.34442
gpu_avg_TOT_INST, = 497.545
gpu_avg_FP_INT, = 467.909
gpu_avg_IC_H, = 0
gpu_avg_IC_M, = 0
gpu_avg_DC_RH, = 10.1818
gpu_avg_DC_RM, = 10.1818
gpu_avg_DC_WH, = 9.09091
gpu_avg_DC_WM, = 0
gpu_avg_TC_H, = 0
gpu_avg_TC_M, = 0
gpu_avg_CC_H, = 6.18182
gpu_avg_CC_M, = 0
gpu_avg_SHRD_ACC, = 16.8182
gpu_avg_REG_RD, = 0
gpu_avg_REG_WR, = 0
gpu_avg_NON_REG_OPs, = 0
gpu_avg_INT_ACC, = 84428.3
gpu_avg_FPU_ACC, = 331.815
gpu_avg_DPU_ACC, = 0
gpu_avg_INT_MUL24_ACC, = 0
gpu_avg_INT_MUL32_ACC, = 0
gpu_avg_INT_MUL_ACC, = 219.23
gpu_avg_INT_DIV_ACC, = 0
gpu_avg_FP_MUL_ACC, = 24.6497
gpu_avg_FP_DIV_ACC, = 0
gpu_avg_FP_SQRT_ACC, = 0.0177354
gpu_avg_FP_LG_ACC, = 0
gpu_avg_FP_SIN_ACC, = 0
gpu_avg_FP_EXP_ACC, = 0.0329131
gpu_avg_DP_MUL_ACC, = 0
gpu_avg_DP_DIV_ACC, = 0
gpu_avg_TENSOR_ACC, = 0
gpu_avg_TEX_ACC, = 0
gpu_avg_MEM_RD, = 0
gpu_avg_MEM_WR, = 0
gpu_avg_MEM_PRE, = 0
gpu_avg_L2_RH, = 14.5455
gpu_avg_L2_RM, = 0.727273
gpu_avg_L2_WH, = 10.1818
gpu_avg_L2_WM, = 0
gpu_avg_NOC_A, = 83.6364
gpu_avg_PIPE_A, = 0.000851268
gpu_avg_IDLE_CORE_N, = 130.754
gpu_avg_constant_power = 0
gpu_avg_threads_per_warp = 14.8595
gpu_tot_TOT_INST, = 5473
gpu_tot_FP_INT, = 5147
gpu_tot_IC_H, = 0
gpu_tot_IC_M, = 0
gpu_tot_DC_RH, = 112
gpu_tot_DC_RM, = 112
gpu_tot_DC_WH, = 100
gpu_tot_DC_WM, = 0
gpu_tot_TC_H, = 0
gpu_tot_TC_M, = 0
gpu_tot_CC_H, = 68
gpu_tot_CC_M, = 0
gpu_tot_SHRD_ACC, = 185
gpu_tot_REG_RD, = 0
gpu_tot_REG_WR, = 0
gpu_tot_NON_REG_OPs, = 0
gpu_tot_INT_ACC, = 928712
gpu_tot_FPU_ACC, = 3649.96
gpu_tot_DPU_ACC, = 0
gpu_tot_INT_MUL24_ACC, = 0
gpu_tot_INT_MUL32_ACC, = 0
gpu_tot_INT_MUL_ACC, = 2411.53
gpu_tot_INT_DIV_ACC, = 0
gpu_tot_FP_MUL_ACC, = 271.147
gpu_tot_FP_DIV_ACC, = 0
gpu_tot_FP_SQRT_ACC, = 0.195089
gpu_tot_FP_LG_ACC, = 0
gpu_tot_FP_SIN_ACC, = 0
gpu_tot_FP_EXP_ACC, = 0.362044
gpu_tot_DP_MUL_ACC, = 0
gpu_tot_DP_DIV_ACC, = 0
gpu_tot_TENSOR_ACC, = 0
gpu_tot_TEX_ACC, = 0
gpu_tot_MEM_RD, = 0
gpu_tot_MEM_WR, = 0
gpu_tot_MEM_PRE, = 0
gpu_tot_L2_RH, = 160
gpu_tot_L2_RM, = 8
gpu_tot_L2_WH, = 112
gpu_tot_L2_WM, = 0
gpu_tot_NOC_A, = 920
gpu_tot_PIPE_A, = 0.00936394
gpu_tot_IDLE_CORE_N, = 1438.3
gpu_tot_constant_power = 0

Kernel Maximum Power Data:
kernel_max_power = 72.123
gpu_max_IBP, = 0.0726283
gpu_max_ICP, = 0
gpu_max_DCP, = 0
gpu_max_TCP, = 0
gpu_max_CCP, = 0
gpu_max_SHRDP, = 0.0642119
gpu_max_RFP, = 0
gpu_max_INTP, = 0.937732
gpu_max_FPUP, = 0.0797232
gpu_max_DPUP, = 0
gpu_max_INT_MUL24P, = 0
gpu_max_INT_MUL32P, = 0
gpu_max_INT_MULP, = 0.261728
gpu_max_INT_DIVP, = 0
gpu_max_FP_MULP, = 0
gpu_max_FP_DIVP, = 0
gpu_max_FP_SQRTP, = 0
gpu_max_FP_LGP, = 0
gpu_max_FP_SINP, = 0
gpu_max_FP_EXP, = 0
gpu_max_DP_MULP, = 0
gpu_max_DP_DIVP, = 0
gpu_max_TENSORP, = 0
gpu_max_TEXP, = 0
gpu_max_SCHEDP, = 0.200371
gpu_max_L2CP, = 0.0598177
gpu_max_MCP, = 0.55022
gpu_max_NOCP, = 0.0572814
gpu_max_DRAMP, = 0
gpu_max_PIPEP, = 0.18553
gpu_max_IDLE_COREP, = 34.6013
gpu_max_CONSTP = 32.3252
gpu_max_STATICP = 2.72732
gpu_max_TOT_INST, = 3120
gpu_max_FP_INT, = 2923
gpu_max_IC_H, = 0
gpu_max_IC_M, = 0
gpu_max_DC_RH, = 0
gpu_max_DC_RM, = 0
gpu_max_DC_WH, = 0
gpu_max_DC_WM, = 0
gpu_max_TC_H, = 0
gpu_max_TC_M, = 0
gpu_max_CC_H, = 0
gpu_max_CC_M, = 0
gpu_max_SHRD_ACC, = 144
gpu_max_REG_RD, = 0
gpu_max_REG_WR, = 0
gpu_max_NON_REG_OPs, = 0
gpu_max_INT_ACC, = 512699
gpu_max_FPU_ACC, = 1067.82
gpu_max_DPU_ACC, = 0
gpu_max_INT_MUL24_ACC, = 0
gpu_max_INT_MUL32_ACC, = 0
gpu_max_INT_MUL_ACC, = 1708.98
gpu_max_INT_DIV_ACC, = 0
gpu_max_FP_MUL_ACC, = 0
gpu_max_FP_DIV_ACC, = 0
gpu_max_FP_SQRT_ACC, = 0
gpu_max_FP_LG_ACC, = 0
gpu_max_FP_SIN_ACC, = 0
gpu_max_FP_EXP_ACC, = 0
gpu_max_DP_MUL_ACC, = 0
gpu_max_DP_DIV_ACC, = 0
gpu_max_TENSOR_ACC, = 0
gpu_max_TEX_ACC, = 0
gpu_max_MEM_RD, = 0
gpu_max_MEM_WR, = 0
gpu_max_MEM_PRE, = 0
gpu_max_L2_RH, = 0
gpu_max_L2_RM, = 0
gpu_max_L2_WH, = 56
gpu_max_L2_WM, = 0
gpu_max_NOC_A, = 168
gpu_max_PIPE_A, = 0.00567484
gpu_max_IDLE_CORE_N, = 122.356
gpu_max_constant_power = 0

Kernel Minimum Power Data:
kernel_min_power = 70.2039
gpu_min_IBP, = 0
gpu_min_ICP, = 0
gpu_min_DCP, = 0
gpu_min_TCP, = 0
gpu_min_CCP, = 0
gpu_min_SHRDP, = 0
gpu_min_RFP, = 0
gpu_min_INTP, = 0
gpu_min_FPUP, = 0
gpu_min_DPUP, = 0
gpu_min_INT_MUL24P, = 0
gpu_min_INT_MUL32P, = 0
gpu_min_INT_MULP, = 0
gpu_min_INT_DIVP, = 0
gpu_min_FP_MULP, = 0
gpu_min_FP_DIVP, = 0
gpu_min_FP_SQRTP, = 0
gpu_min_FP_LGP, = 0
gpu_min_FP_SINP, = 0
gpu_min_FP_EXP, = 0
gpu_min_DP_MULP, = 0
gpu_min_DP_DIVP, = 0
gpu_min_TENSORP, = 0
gpu_min_TEXP, = 0
gpu_min_SCHEDP, = 0
gpu_min_L2CP, = 0
gpu_min_MCP, = 0.55022
gpu_min_NOCP, = 0
gpu_min_DRAMP, = 0
gpu_min_PIPEP, = 0
gpu_min_IDLE_COREP, = 37.3285
gpu_min_CONSTP = 32.3252
gpu_min_STATICP = 0
gpu_min_TOT_INST, = 0
gpu_min_FP_INT, = 0
gpu_min_IC_H, = 0
gpu_min_IC_M, = 0
gpu_min_DC_RH, = 0
gpu_min_DC_RM, = 0
gpu_min_DC_WH, = 0
gpu_min_DC_WM, = 0
gpu_min_TC_H, = 0
gpu_min_TC_M, = 0
gpu_min_CC_H, = 0
gpu_min_CC_M, = 0
gpu_min_SHRD_ACC, = 0
gpu_min_REG_RD, = 0
gpu_min_REG_WR, = 0
gpu_min_NON_REG_OPs, = 0
gpu_min_INT_ACC, = 0
gpu_min_FPU_ACC, = 0
gpu_min_DPU_ACC, = 0
gpu_min_INT_MUL24_ACC, = 0
gpu_min_INT_MUL32_ACC, = 0
gpu_min_INT_MUL_ACC, = 0
gpu_min_INT_DIV_ACC, = 0
gpu_min_FP_MUL_ACC, = 0
gpu_min_FP_DIV_ACC, = 0
gpu_min_FP_SQRT_ACC, = 0
gpu_min_FP_LG_ACC, = 0
gpu_min_FP_SIN_ACC, = 0
gpu_min_FP_EXP_ACC, = 0
gpu_min_DP_MUL_ACC, = 0
gpu_min_DP_DIV_ACC, = 0
gpu_min_TENSOR_ACC, = 0
gpu_min_TEX_ACC, = 0
gpu_min_MEM_RD, = 0
gpu_min_MEM_WR, = 0
gpu_min_MEM_PRE, = 0
gpu_min_L2_RH, = 0
gpu_min_L2_RM, = 0
gpu_min_L2_WH, = 0
gpu_min_L2_WM, = 0
gpu_min_NOC_A, = 0
gpu_min_PIPE_A, = 0
gpu_min_IDLE_CORE_N, = 132
gpu_min_constant_power = 0

Accumulative Power Statistics Over Previous Kernels:
gpu_tot_avg_power = 80.7292
gpu_tot_max_power = 154.291
gpu_tot_min_power = 60.8126


kernel_name = nvjet_sm90_tst_128x8_64x12_4x1_v_bz_TNT 
kernel_launch_uid = 69 

Kernel Average Power Data:
kernel_avg_power = 108.84
gpu_avg_IBP, = 0.428713
gpu_avg_ICP, = 0
gpu_avg_DCP, = 6.44722e-05
gpu_avg_TCP, = 0
gpu_avg_CCP, = 0.00250673
gpu_avg_SHRDP, = 0.310692
gpu_avg_RFP, = 0
gpu_avg_INTP, = 8.58948
gpu_avg_FPUP, = 0.0795123
gpu_avg_DPUP, = 0
gpu_avg_INT_MUL24P, = 0
gpu_avg_INT_MUL32P, = 0
gpu_avg_INT_MULP, = 0.655282
gpu_avg_INT_DIVP, = 0
gpu_avg_FP_MULP, = 0
gpu_avg_FP_DIVP, = 0
gpu_avg_FP_SQRTP, = 0
gpu_avg_FP_LGP, = 0
gpu_avg_FP_SINP, = 0
gpu_avg_FP_EXP, = 0
gpu_avg_DP_MULP, = 0
gpu_avg_DP_DIVP, = 0
gpu_avg_TENSORP, = 0
gpu_avg_TEXP, = 0
gpu_avg_SCHEDP, = 1.22196
gpu_avg_L2CP, = 4.50048
gpu_avg_MCP, = 0.550499
gpu_avg_NOCP, = 23.2877
gpu_avg_DRAMP, = 0
gpu_avg_PIPEP, = 1.03691
gpu_avg_IDLE_COREP, = 22.473
gpu_avg_CONSTP = 32.3252
gpu_avg_STATICP = 13.3775
gpu_avg_TOT_INST, = 18416.8
gpu_avg_FP_INT, = 17825.8
gpu_avg_IC_H, = 0
gpu_avg_IC_M, = 0
gpu_avg_DC_RH, = 0
gpu_avg_DC_RM, = 0
gpu_avg_DC_WH, = 0.5
gpu_avg_DC_WM, = 0
gpu_avg_TC_H, = 0
gpu_avg_TC_M, = 0
gpu_avg_CC_H, = 114.792
gpu_avg_CC_M, = 0
gpu_avg_SHRD_ACC, = 696.75
gpu_avg_REG_RD, = 0
gpu_avg_REG_WR, = 0
gpu_avg_NON_REG_OPs, = 0
gpu_avg_INT_ACC, = 4.69624e+06
gpu_avg_FPU_ACC, = 1064.99
gpu_avg_DPU_ACC, = 0
gpu_avg_INT_MUL24_ACC, = 0
gpu_avg_INT_MUL32_ACC, = 0
gpu_avg_INT_MUL_ACC, = 4278.73
gpu_avg_INT_DIV_ACC, = 0
gpu_avg_FP_MUL_ACC, = 0
gpu_avg_FP_DIV_ACC, = 0
gpu_avg_FP_SQRT_ACC, = 0
gpu_avg_FP_LG_ACC, = 0
gpu_avg_FP_SIN_ACC, = 0
gpu_avg_FP_EXP_ACC, = 0
gpu_avg_DP_MUL_ACC, = 0
gpu_avg_DP_DIV_ACC, = 0
gpu_avg_TENSOR_ACC, = 0
gpu_avg_TEX_ACC, = 0
gpu_avg_MEM_RD, = 0
gpu_avg_MEM_WR, = 0
gpu_avg_MEM_PRE, = 0
gpu_avg_L2_RH, = 16033.8
gpu_avg_L2_RM, = 6678.33
gpu_avg_L2_WH, = 5.33333
gpu_avg_L2_WM, = 16.8333
gpu_avg_NOC_A, = 68300.3
gpu_avg_PIPE_A, = 0.0317162
gpu_avg_IDLE_CORE_N, = 79.4684
gpu_avg_constant_power = 0
gpu_avg_threads_per_warp = 21.6305
gpu_tot_TOT_INST, = 442004
gpu_tot_FP_INT, = 427820
gpu_tot_IC_H, = 0
gpu_tot_IC_M, = 0
gpu_tot_DC_RH, = 0
gpu_tot_DC_RM, = 0
gpu_tot_DC_WH, = 12
gpu_tot_DC_WM, = 0
gpu_tot_TC_H, = 0
gpu_tot_TC_M, = 0
gpu_tot_CC_H, = 2755
gpu_tot_CC_M, = 0
gpu_tot_SHRD_ACC, = 16722
gpu_tot_REG_RD, = 0
gpu_tot_REG_WR, = 0
gpu_tot_NON_REG_OPs, = 0
gpu_tot_INT_ACC, = 1.1271e+08
gpu_tot_FPU_ACC, = 25559.8
gpu_tot_DPU_ACC, = 0
gpu_tot_INT_MUL24_ACC, = 0
gpu_tot_INT_MUL32_ACC, = 0
gpu_tot_INT_MUL_ACC, = 102690
gpu_tot_INT_DIV_ACC, = 0
gpu_tot_FP_MUL_ACC, = 0
gpu_tot_FP_DIV_ACC, = 0
gpu_tot_FP_SQRT_ACC, = 0
gpu_tot_FP_LG_ACC, = 0
gpu_tot_FP_SIN_ACC, = 0
gpu_tot_FP_EXP_ACC, = 0
gpu_tot_DP_MUL_ACC, = 0
gpu_tot_DP_DIV_ACC, = 0
gpu_tot_TENSOR_ACC, = 0
gpu_tot_TEX_ACC, = 0
gpu_tot_MEM_RD, = 0
gpu_tot_MEM_WR, = 0
gpu_tot_MEM_PRE, = 0
gpu_tot_L2_RH, = 384812
gpu_tot_L2_RM, = 160280
gpu_tot_L2_WH, = 128
gpu_tot_L2_WM, = 404
gpu_tot_NOC_A, = 1.63921e+06
gpu_tot_PIPE_A, = 0.761189
gpu_tot_IDLE_CORE_N, = 1907.24
gpu_tot_constant_power = 0

Kernel Maximum Power Data:
kernel_max_power = 142.046
gpu_max_IBP, = 0.535378
gpu_max_ICP, = 0
gpu_max_DCP, = 0
gpu_max_TCP, = 0
gpu_max_CCP, = 0
gpu_max_SHRDP, = 0.418269
gpu_max_RFP, = 0
gpu_max_INTP, = 11.7607
gpu_max_FPUP, = 0
gpu_max_DPUP, = 0
gpu_max_INT_MUL24P, = 0
gpu_max_INT_MUL32P, = 0
gpu_max_INT_MULP, = 0.200244
gpu_max_INT_DIVP, = 0
gpu_max_FP_MULP, = 0
gpu_max_FP_DIVP, = 0
gpu_max_FP_SQRTP, = 0
gpu_max_FP_LGP, = 0
gpu_max_FP_SINP, = 0
gpu_max_FP_EXP, = 0
gpu_max_DP_MULP, = 0
gpu_max_DP_DIVP, = 0
gpu_max_TENSORP, = 0
gpu_max_TEXP, = 0
gpu_max_SCHEDP, = 1.51948
gpu_max_L2CP, = 10.1058
gpu_max_MCP, = 0.55022
gpu_max_NOCP, = 48.901
gpu_max_DRAMP, = 0
gpu_max_PIPEP, = 1.30168
gpu_max_IDLE_COREP, = 15.8363
gpu_max_CONSTP = 32.3252
gpu_max_STATICP = 18.5919
gpu_max_TOT_INST, = 22999
gpu_max_FP_INT, = 22166
gpu_max_IC_H, = 0
gpu_max_IC_M, = 0
gpu_max_DC_RH, = 0
gpu_max_DC_RM, = 0
gpu_max_DC_WH, = 0
gpu_max_DC_WM, = 0
gpu_max_TC_H, = 0
gpu_max_TC_M, = 0
gpu_max_CC_H, = 0
gpu_max_CC_M, = 0
gpu_max_SHRD_ACC, = 938
gpu_max_REG_RD, = 0
gpu_max_REG_WR, = 0
gpu_max_NON_REG_OPs, = 0
gpu_max_INT_ACC, = 6.43008e+06
gpu_max_FPU_ACC, = 0
gpu_max_DPU_ACC, = 0
gpu_max_INT_MUL24_ACC, = 0
gpu_max_INT_MUL32_ACC, = 0
gpu_max_INT_MUL_ACC, = 1307.51
gpu_max_INT_DIV_ACC, = 0
gpu_max_FP_MUL_ACC, = 0
gpu_max_FP_DIV_ACC, = 0
gpu_max_FP_SQRT_ACC, = 0
gpu_max_FP_LG_ACC, = 0
gpu_max_FP_SIN_ACC, = 0
gpu_max_FP_EXP_ACC, = 0
gpu_max_DP_MUL_ACC, = 0
gpu_max_DP_DIV_ACC, = 0
gpu_max_TENSOR_ACC, = 0
gpu_max_TEX_ACC, = 0
gpu_max_MEM_RD, = 0
gpu_max_MEM_WR, = 0
gpu_max_MEM_PRE, = 0
gpu_max_L2_RH, = 36292
gpu_max_L2_RM, = 12393
gpu_max_L2_WH, = 0
gpu_max_L2_WM, = 0
gpu_max_NOC_A, = 143421
gpu_max_PIPE_A, = 0.0398147
gpu_max_IDLE_CORE_N, = 56
gpu_max_constant_power = 0

Kernel Minimum Power Data:
kernel_min_power = 70.2039
gpu_min_IBP, = 0
gpu_min_ICP, = 0
gpu_min_DCP, = 0
gpu_min_TCP, = 0
gpu_min_CCP, = 0
gpu_min_SHRDP, = 0
gpu_min_RFP, = 0
gpu_min_INTP, = 0
gpu_min_FPUP, = 0
gpu_min_DPUP, = 0
gpu_min_INT_MUL24P, = 0
gpu_min_INT_MUL32P, = 0
gpu_min_INT_MULP, = 0
gpu_min_INT_DIVP, = 0
gpu_min_FP_MULP, = 0
gpu_min_FP_DIVP, = 0
gpu_min_FP_SQRTP, = 0
gpu_min_FP_LGP, = 0
gpu_min_FP_SINP, = 0
gpu_min_FP_EXP, = 0
gpu_min_DP_MULP, = 0
gpu_min_DP_DIVP, = 0
gpu_min_TENSORP, = 0
gpu_min_TEXP, = 0
gpu_min_SCHEDP, = 0
gpu_min_L2CP, = 0
gpu_min_MCP, = 0.55022
gpu_min_NOCP, = 0
gpu_min_DRAMP, = 0
gpu_min_PIPEP, = 0
gpu_min_IDLE_COREP, = 37.3285
gpu_min_CONSTP = 32.3252
gpu_min_STATICP = 0
gpu_min_TOT_INST, = 0
gpu_min_FP_INT, = 0
gpu_min_IC_H, = 0
gpu_min_IC_M, = 0
gpu_min_DC_RH, = 0
gpu_min_DC_RM, = 0
gpu_min_DC_WH, = 0
gpu_min_DC_WM, = 0
gpu_min_TC_H, = 0
gpu_min_TC_M, = 0
gpu_min_CC_H, = 0
gpu_min_CC_M, = 0
gpu_min_SHRD_ACC, = 0
gpu_min_REG_RD, = 0
gpu_min_REG_WR, = 0
gpu_min_NON_REG_OPs, = 0
gpu_min_INT_ACC, = 0
gpu_min_FPU_ACC, = 0
gpu_min_DPU_ACC, = 0
gpu_min_INT_MUL24_ACC, = 0
gpu_min_INT_MUL32_ACC, = 0
gpu_min_INT_MUL_ACC, = 0
gpu_min_INT_DIV_ACC, = 0
gpu_min_FP_MUL_ACC, = 0
gpu_min_FP_DIV_ACC, = 0
gpu_min_FP_SQRT_ACC, = 0
gpu_min_FP_LG_ACC, = 0
gpu_min_FP_SIN_ACC, = 0
gpu_min_FP_EXP_ACC, = 0
gpu_min_DP_MUL_ACC, = 0
gpu_min_DP_DIV_ACC, = 0
gpu_min_TENSOR_ACC, = 0
gpu_min_TEX_ACC, = 0
gpu_min_MEM_RD, = 0
gpu_min_MEM_WR, = 0
gpu_min_MEM_PRE, = 0
gpu_min_L2_RH, = 0
gpu_min_L2_RM, = 0
gpu_min_L2_WH, = 0
gpu_min_L2_WM, = 0
gpu_min_NOC_A, = 0
gpu_min_PIPE_A, = 0
gpu_min_IDLE_CORE_N, = 132
gpu_min_constant_power = 0

Accumulative Power Statistics Over Previous Kernels:
gpu_tot_avg_power = 81.4507
gpu_tot_max_power = 154.291
gpu_tot_min_power = 60.8126


kernel_name = _ZN4vllm18act_and_mul_kernelIN3c108BFloat16E14__nv_bfloat162XadL_ZNS_11silu_kernelIS2_EET_RKS5_fEEXadL_ZNS_18packed_silu_kernelIS3_EES5_S7_fEELb1ELb1ELb0ELb0EEEvPS5_PS6_ifff 
kernel_launch_uid = 70 

Kernel Average Power Data:
kernel_avg_power = 71.1394
gpu_avg_IBP, = 0.010999
gpu_avg_ICP, = 0
gpu_avg_DCP, = 0.0831952
gpu_avg_TCP, = 0
gpu_avg_CCP, = 0.000138302
gpu_avg_SHRDP, = 0.000260118
gpu_avg_RFP, = 0
gpu_avg_INTP, = 0.0809952
gpu_avg_FPUP, = 0.0653814
gpu_avg_DPUP, = 0
gpu_avg_INT_MUL24P, = 0
gpu_avg_INT_MUL32P, = 0
gpu_avg_INT_MULP, = 0.0282034
gpu_avg_INT_DIVP, = 0
gpu_avg_FP_MULP, = 0.0722395
gpu_avg_FP_DIVP, = 0
gpu_avg_FP_SQRTP, = 0
gpu_avg_FP_LGP, = 0
gpu_avg_FP_SINP, = 0
gpu_avg_FP_EXP, = 0.0449487
gpu_avg_DP_MULP, = 0
gpu_avg_DP_DIVP, = 0
gpu_avg_TENSORP, = 0
gpu_avg_TEXP, = 0
gpu_avg_SCHEDP, = 0.0296535
gpu_avg_L2CP, = 0.0358664
gpu_avg_MCP, = 0.574412
gpu_avg_NOCP, = 0.0812339
gpu_avg_DRAMP, = 0
gpu_avg_PIPEP, = 0.377423
gpu_avg_IDLE_COREP, = 37.0395
gpu_avg_CONSTP = 32.3252
gpu_avg_STATICP = 0.289736
gpu_avg_TOT_INST, = 472.5
gpu_avg_FP_INT, = 432.583
gpu_avg_IC_H, = 0
gpu_avg_IC_M, = 0
gpu_avg_DC_RH, = 0
gpu_avg_DC_RM, = 50.6667
gpu_avg_DC_WH, = 0
gpu_avg_DC_WM, = 25.3333
gpu_avg_TC_H, = 0
gpu_avg_TC_M, = 0
gpu_avg_CC_H, = 6.33333
gpu_avg_CC_M, = 0
gpu_avg_SHRD_ACC, = 0.583333
gpu_avg_REG_RD, = 0
gpu_avg_REG_WR, = 0
gpu_avg_NON_REG_OPs, = 0
gpu_avg_INT_ACC, = 44283.6
gpu_avg_FPU_ACC, = 875.722
gpu_avg_DPU_ACC, = 0
gpu_avg_INT_MUL24_ACC, = 0
gpu_avg_INT_MUL32_ACC, = 0
gpu_avg_INT_MUL_ACC, = 184.157
gpu_avg_INT_DIV_ACC, = 0
gpu_avg_FP_MUL_ACC, = 471.695
gpu_avg_FP_DIV_ACC, = 0
gpu_avg_FP_SQRT_ACC, = 0
gpu_avg_FP_LG_ACC, = 0
gpu_avg_FP_SIN_ACC, = 0
gpu_avg_FP_EXP_ACC, = 293.497
gpu_avg_DP_MUL_ACC, = 0
gpu_avg_DP_DIV_ACC, = 0
gpu_avg_TENSOR_ACC, = 0
gpu_avg_TEX_ACC, = 0
gpu_avg_MEM_RD, = 0
gpu_avg_MEM_WR, = 0
gpu_avg_MEM_PRE, = 0
gpu_avg_L2_RH, = 49.1667
gpu_avg_L2_RM, = 1.5
gpu_avg_L2_WH, = 12.5
gpu_avg_L2_WM, = 17.6667
gpu_avg_NOC_A, = 238.25
gpu_avg_PIPE_A, = 0.0115443
gpu_avg_IDLE_CORE_N, = 130.978
gpu_avg_constant_power = 0
gpu_avg_threads_per_warp = 18.4189
gpu_tot_TOT_INST, = 5670
gpu_tot_FP_INT, = 5191
gpu_tot_IC_H, = 0
gpu_tot_IC_M, = 0
gpu_tot_DC_RH, = 0
gpu_tot_DC_RM, = 608
gpu_tot_DC_WH, = 0
gpu_tot_DC_WM, = 304
gpu_tot_TC_H, = 0
gpu_tot_TC_M, = 0
gpu_tot_CC_H, = 76
gpu_tot_CC_M, = 0
gpu_tot_SHRD_ACC, = 7
gpu_tot_REG_RD, = 0
gpu_tot_REG_WR, = 0
gpu_tot_NON_REG_OPs, = 0
gpu_tot_INT_ACC, = 531403
gpu_tot_FPU_ACC, = 10508.7
gpu_tot_DPU_ACC, = 0
gpu_tot_INT_MUL24_ACC, = 0
gpu_tot_INT_MUL32_ACC, = 0
gpu_tot_INT_MUL_ACC, = 2209.88
gpu_tot_INT_DIV_ACC, = 0
gpu_tot_FP_MUL_ACC, = 5660.34
gpu_tot_FP_DIV_ACC, = 0
gpu_tot_FP_SQRT_ACC, = 0
gpu_tot_FP_LG_ACC, = 0
gpu_tot_FP_SIN_ACC, = 0
gpu_tot_FP_EXP_ACC, = 3521.97
gpu_tot_DP_MUL_ACC, = 0
gpu_tot_DP_DIV_ACC, = 0
gpu_tot_TENSOR_ACC, = 0
gpu_tot_TEX_ACC, = 0
gpu_tot_MEM_RD, = 0
gpu_tot_MEM_WR, = 0
gpu_tot_MEM_PRE, = 0
gpu_tot_L2_RH, = 590
gpu_tot_L2_RM, = 18
gpu_tot_L2_WH, = 150
gpu_tot_L2_WM, = 212
gpu_tot_NOC_A, = 2859
gpu_tot_PIPE_A, = 0.138531
gpu_tot_IDLE_CORE_N, = 1571.74
gpu_tot_constant_power = 0

Kernel Maximum Power Data:
kernel_max_power = 71.9716
gpu_max_IBP, = 0.0329621
gpu_max_ICP, = 0
gpu_max_DCP, = 0.119675
gpu_max_TCP, = 0
gpu_max_CCP, = 0
gpu_max_SHRDP, = 0
gpu_max_RFP, = 0
gpu_max_INTP, = 0.225442
gpu_max_FPUP, = 0.263213
gpu_max_DPUP, = 0
gpu_max_INT_MUL24P, = 0
gpu_max_INT_MUL32P, = 0
gpu_max_INT_MULP, = 0.0473817
gpu_max_INT_DIVP, = 0
gpu_max_FP_MULP, = 0.272434
gpu_max_FP_DIVP, = 0
gpu_max_FP_SQRTP, = 0
gpu_max_FP_LGP, = 0
gpu_max_FP_SINP, = 0
gpu_max_FP_EXP, = 0.150815
gpu_max_DP_MULP, = 0
gpu_max_DP_DIVP, = 0
gpu_max_TENSORP, = 0
gpu_max_TEXP, = 0
gpu_max_SCHEDP, = 0.0887721
gpu_max_L2CP, = 0.00257398
gpu_max_MCP, = 0.605019
gpu_max_NOCP, = 0.0716018
gpu_max_DRAMP, = 0
gpu_max_PIPEP, = 0.43703
gpu_max_IDLE_COREP, = 37.0457
gpu_max_CONSTP = 32.3252
gpu_max_STATICP = 0.283776
gpu_max_TOT_INST, = 1416
gpu_max_FP_INT, = 1295
gpu_max_IC_H, = 0
gpu_max_IC_M, = 0
gpu_max_DC_RH, = 0
gpu_max_DC_RM, = 0
gpu_max_DC_WH, = 0
gpu_max_DC_WM, = 112
gpu_max_TC_H, = 0
gpu_max_TC_M, = 0
gpu_max_CC_H, = 0
gpu_max_CC_M, = 0
gpu_max_SHRD_ACC, = 0
gpu_max_REG_RD, = 0
gpu_max_REG_WR, = 0
gpu_max_NON_REG_OPs, = 0
gpu_max_INT_ACC, = 123259
gpu_max_FPU_ACC, = 3525.49
gpu_max_DPU_ACC, = 0
gpu_max_INT_MUL24_ACC, = 0
gpu_max_INT_MUL32_ACC, = 0
gpu_max_INT_MUL_ACC, = 309.384
gpu_max_INT_DIV_ACC, = 0
gpu_max_FP_MUL_ACC, = 1778.88
gpu_max_FP_DIV_ACC, = 0
gpu_max_FP_SQRT_ACC, = 0
gpu_max_FP_LG_ACC, = 0
gpu_max_FP_SIN_ACC, = 0
gpu_max_FP_EXP_ACC, = 984.76
gpu_max_DP_MUL_ACC, = 0
gpu_max_DP_DIV_ACC, = 0
gpu_max_TENSOR_ACC, = 0
gpu_max_TEX_ACC, = 0
gpu_max_MEM_RD, = 0
gpu_max_MEM_WR, = 0
gpu_max_MEM_PRE, = 0
gpu_max_L2_RH, = 0
gpu_max_L2_RM, = 0
gpu_max_L2_WH, = 0
gpu_max_L2_WM, = 5
gpu_max_NOC_A, = 210
gpu_max_PIPE_A, = 0.0133675
gpu_max_IDLE_CORE_N, = 131
gpu_max_constant_power = 0

Kernel Minimum Power Data:
kernel_min_power = 70.5522
gpu_min_IBP, = 0
gpu_min_ICP, = 0
gpu_min_DCP, = 0
gpu_min_TCP, = 0
gpu_min_CCP, = 0
gpu_min_SHRDP, = 0
gpu_min_RFP, = 0
gpu_min_INTP, = 0
gpu_min_FPUP, = 0
gpu_min_DPUP, = 0
gpu_min_INT_MUL24P, = 0
gpu_min_INT_MUL32P, = 0
gpu_min_INT_MULP, = 0
gpu_min_INT_DIVP, = 0
gpu_min_FP_MULP, = 0
gpu_min_FP_DIVP, = 0
gpu_min_FP_SQRTP, = 0
gpu_min_FP_LGP, = 0
gpu_min_FP_SINP, = 0
gpu_min_FP_EXP, = 0
gpu_min_DP_MULP, = 0
gpu_min_DP_DIVP, = 0
gpu_min_TENSORP, = 0
gpu_min_TEXP, = 0
gpu_min_SCHEDP, = 0
gpu_min_L2CP, = 0
gpu_min_MCP, = 0.55022
gpu_min_NOCP, = 0
gpu_min_DRAMP, = 0
gpu_min_PIPEP, = 0.348299
gpu_min_IDLE_COREP, = 37.3285
gpu_min_CONSTP = 32.3252
gpu_min_STATICP = 0
gpu_min_TOT_INST, = 0
gpu_min_FP_INT, = 0
gpu_min_IC_H, = 0
gpu_min_IC_M, = 0
gpu_min_DC_RH, = 0
gpu_min_DC_RM, = 0
gpu_min_DC_WH, = 0
gpu_min_DC_WM, = 0
gpu_min_TC_H, = 0
gpu_min_TC_M, = 0
gpu_min_CC_H, = 0
gpu_min_CC_M, = 0
gpu_min_SHRD_ACC, = 0
gpu_min_REG_RD, = 0
gpu_min_REG_WR, = 0
gpu_min_NON_REG_OPs, = 0
gpu_min_INT_ACC, = 0
gpu_min_FPU_ACC, = 0
gpu_min_DPU_ACC, = 0
gpu_min_INT_MUL24_ACC, = 0
gpu_min_INT_MUL32_ACC, = 0
gpu_min_INT_MUL_ACC, = 0
gpu_min_INT_DIV_ACC, = 0
gpu_min_FP_MUL_ACC, = 0
gpu_min_FP_DIV_ACC, = 0
gpu_min_FP_SQRT_ACC, = 0
gpu_min_FP_LG_ACC, = 0
gpu_min_FP_SIN_ACC, = 0
gpu_min_FP_EXP_ACC, = 0
gpu_min_DP_MUL_ACC, = 0
gpu_min_DP_DIV_ACC, = 0
gpu_min_TENSOR_ACC, = 0
gpu_min_TEX_ACC, = 0
gpu_min_MEM_RD, = 0
gpu_min_MEM_WR, = 0
gpu_min_MEM_PRE, = 0
gpu_min_L2_RH, = 0
gpu_min_L2_RM, = 0
gpu_min_L2_WH, = 0
gpu_min_L2_WM, = 0
gpu_min_NOC_A, = 0
gpu_min_PIPE_A, = 0.0106535
gpu_min_IDLE_CORE_N, = 132
gpu_min_constant_power = 0

Accumulative Power Statistics Over Previous Kernels:
gpu_tot_avg_power = 81.32
gpu_tot_max_power = 154.291
gpu_tot_min_power = 60.8126


kernel_name = nvjet_sm90_tst_64x8_64x16_4x1_v_bz_splitK_TNT 
kernel_launch_uid = 71 

Kernel Average Power Data:
kernel_avg_power = 98.4502
gpu_avg_IBP, = 0.43161
gpu_avg_ICP, = 0
gpu_avg_DCP, = 0
gpu_avg_TCP, = 0
gpu_avg_CCP, = 0.00199983
gpu_avg_SHRDP, = 0.450868
gpu_avg_RFP, = 0
gpu_avg_INTP, = 8.3087
gpu_avg_FPUP, = 0
gpu_avg_DPUP, = 0
gpu_avg_INT_MUL24P, = 0
gpu_avg_INT_MUL32P, = 0
gpu_avg_INT_MULP, = 0.75971
gpu_avg_INT_DIVP, = 0
gpu_avg_FP_MULP, = 0
gpu_avg_FP_DIVP, = 0
gpu_avg_FP_SQRTP, = 0
gpu_avg_FP_LGP, = 0
gpu_avg_FP_SINP, = 0
gpu_avg_FP_EXP, = 0
gpu_avg_DP_MULP, = 0
gpu_avg_DP_DIVP, = 0
gpu_avg_TENSORP, = 0
gpu_avg_TEXP, = 0
gpu_avg_SCHEDP, = 1.23002
gpu_avg_L2CP, = 2.24883
gpu_avg_MCP, = 0.550435
gpu_avg_NOCP, = 14.7486
gpu_avg_DRAMP, = 0
gpu_avg_PIPEP, = 1.37532
gpu_avg_IDLE_COREP, = 28.8441
gpu_avg_CONSTP = 32.3252
gpu_avg_STATICP = 7.1748
gpu_avg_TOT_INST, = 18541.3
gpu_avg_FP_INT, = 17943.5
gpu_avg_IC_H, = 0
gpu_avg_IC_M, = 0
gpu_avg_DC_RH, = 0
gpu_avg_DC_RM, = 0
gpu_avg_DC_WH, = 0
gpu_avg_DC_WM, = 0
gpu_avg_TC_H, = 0
gpu_avg_TC_M, = 0
gpu_avg_CC_H, = 91.5789
gpu_avg_CC_M, = 0
gpu_avg_SHRD_ACC, = 1011.11
gpu_avg_REG_RD, = 0
gpu_avg_REG_WR, = 0
gpu_avg_NON_REG_OPs, = 0
gpu_avg_INT_ACC, = 4.54273e+06
gpu_avg_FPU_ACC, = 0
gpu_avg_DPU_ACC, = 0
gpu_avg_INT_MUL24_ACC, = 0
gpu_avg_INT_MUL32_ACC, = 0
gpu_avg_INT_MUL_ACC, = 4960.6
gpu_avg_INT_DIV_ACC, = 0
gpu_avg_FP_MUL_ACC, = 0
gpu_avg_FP_DIV_ACC, = 0
gpu_avg_FP_SQRT_ACC, = 0
gpu_avg_FP_LG_ACC, = 0
gpu_avg_FP_SIN_ACC, = 0
gpu_avg_FP_EXP_ACC, = 0
gpu_avg_DP_MUL_ACC, = 0
gpu_avg_DP_DIV_ACC, = 0
gpu_avg_TENSOR_ACC, = 0
gpu_avg_TEX_ACC, = 0
gpu_avg_MEM_RD, = 0
gpu_avg_MEM_WR, = 0
gpu_avg_MEM_PRE, = 0
gpu_avg_L2_RH, = 7746.47
gpu_avg_L2_RM, = 6619.16
gpu_avg_L2_WH, = 19.4737
gpu_avg_L2_WM, = 0.842105
gpu_avg_NOC_A, = 43255.8
gpu_avg_PIPE_A, = 0.0420672
gpu_avg_IDLE_CORE_N, = 101.998
gpu_avg_constant_power = 0
gpu_avg_threads_per_warp = 19.2287
gpu_tot_TOT_INST, = 352285
gpu_tot_FP_INT, = 340926
gpu_tot_IC_H, = 0
gpu_tot_IC_M, = 0
gpu_tot_DC_RH, = 0
gpu_tot_DC_RM, = 0
gpu_tot_DC_WH, = 0
gpu_tot_DC_WM, = 0
gpu_tot_TC_H, = 0
gpu_tot_TC_M, = 0
gpu_tot_CC_H, = 1740
gpu_tot_CC_M, = 0
gpu_tot_SHRD_ACC, = 19211
gpu_tot_REG_RD, = 0
gpu_tot_REG_WR, = 0
gpu_tot_NON_REG_OPs, = 0
gpu_tot_INT_ACC, = 8.63118e+07
gpu_tot_FPU_ACC, = 0
gpu_tot_DPU_ACC, = 0
gpu_tot_INT_MUL24_ACC, = 0
gpu_tot_INT_MUL32_ACC, = 0
gpu_tot_INT_MUL_ACC, = 94251.5
gpu_tot_INT_DIV_ACC, = 0
gpu_tot_FP_MUL_ACC, = 0
gpu_tot_FP_DIV_ACC, = 0
gpu_tot_FP_SQRT_ACC, = 0
gpu_tot_FP_LG_ACC, = 0
gpu_tot_FP_SIN_ACC, = 0
gpu_tot_FP_EXP_ACC, = 0
gpu_tot_DP_MUL_ACC, = 0
gpu_tot_DP_DIV_ACC, = 0
gpu_tot_TENSOR_ACC, = 0
gpu_tot_TEX_ACC, = 0
gpu_tot_MEM_RD, = 0
gpu_tot_MEM_WR, = 0
gpu_tot_MEM_PRE, = 0
gpu_tot_L2_RH, = 147183
gpu_tot_L2_RM, = 125764
gpu_tot_L2_WH, = 370
gpu_tot_L2_WM, = 16
gpu_tot_NOC_A, = 821861
gpu_tot_PIPE_A, = 0.799277
gpu_tot_IDLE_CORE_N, = 1937.96
gpu_tot_constant_power = 0

Kernel Maximum Power Data:
kernel_max_power = 133.255
gpu_max_IBP, = 0.697092
gpu_max_ICP, = 0
gpu_max_DCP, = 0
gpu_max_TCP, = 0
gpu_max_CCP, = 0
gpu_max_SHRDP, = 0.842781
gpu_max_RFP, = 0
gpu_max_INTP, = 14.2663
gpu_max_FPUP, = 0
gpu_max_DPUP, = 0
gpu_max_INT_MUL24P, = 0
gpu_max_INT_MUL32P, = 0
gpu_max_INT_MULP, = 0.787439
gpu_max_INT_DIVP, = 0
gpu_max_FP_MULP, = 0
gpu_max_FP_DIVP, = 0
gpu_max_FP_SQRTP, = 0
gpu_max_FP_LGP, = 0
gpu_max_FP_SINP, = 0
gpu_max_FP_EXP, = 0
gpu_max_DP_MULP, = 0
gpu_max_DP_DIVP, = 0
gpu_max_TENSORP, = 0
gpu_max_TEXP, = 0
gpu_max_SCHEDP, = 1.9994
gpu_max_L2CP, = 5.69779
gpu_max_MCP, = 0.55022
gpu_max_NOCP, = 38.8259
gpu_max_DRAMP, = 0
gpu_max_PIPEP, = 1.97905
gpu_max_IDLE_COREP, = 23.7545
gpu_max_CONSTP = 32.3252
gpu_max_STATICP = 11.5291
gpu_max_TOT_INST, = 29946
gpu_max_FP_INT, = 29167
gpu_max_IC_H, = 0
gpu_max_IC_M, = 0
gpu_max_DC_RH, = 0
gpu_max_DC_RM, = 0
gpu_max_DC_WH, = 0
gpu_max_DC_WM, = 0
gpu_max_TC_H, = 0
gpu_max_TC_M, = 0
gpu_max_CC_H, = 0
gpu_max_CC_M, = 0
gpu_max_SHRD_ACC, = 1890
gpu_max_REG_RD, = 0
gpu_max_REG_WR, = 0
gpu_max_NON_REG_OPs, = 0
gpu_max_INT_ACC, = 7.80001e+06
gpu_max_FPU_ACC, = 0
gpu_max_DPU_ACC, = 0
gpu_max_INT_MUL24_ACC, = 0
gpu_max_INT_MUL32_ACC, = 0
gpu_max_INT_MUL_ACC, = 5141.66
gpu_max_INT_DIV_ACC, = 0
gpu_max_FP_MUL_ACC, = 0
gpu_max_FP_DIV_ACC, = 0
gpu_max_FP_SQRT_ACC, = 0
gpu_max_FP_LG_ACC, = 0
gpu_max_FP_SIN_ACC, = 0
gpu_max_FP_EXP_ACC, = 0
gpu_max_DP_MUL_ACC, = 0
gpu_max_DP_DIV_ACC, = 0
gpu_max_TENSOR_ACC, = 0
gpu_max_TEX_ACC, = 0
gpu_max_MEM_RD, = 0
gpu_max_MEM_WR, = 0
gpu_max_MEM_PRE, = 0
gpu_max_L2_RH, = 19715
gpu_max_L2_RM, = 18451
gpu_max_L2_WH, = 0
gpu_max_L2_WM, = 0
gpu_max_NOC_A, = 113872
gpu_max_PIPE_A, = 0.0605333
gpu_max_IDLE_CORE_N, = 84
gpu_max_constant_power = 0

Kernel Minimum Power Data:
kernel_min_power = 70.5522
gpu_min_IBP, = 0
gpu_min_ICP, = 0
gpu_min_DCP, = 0
gpu_min_TCP, = 0
gpu_min_CCP, = 0
gpu_min_SHRDP, = 0
gpu_min_RFP, = 0
gpu_min_INTP, = 0
gpu_min_FPUP, = 0
gpu_min_DPUP, = 0
gpu_min_INT_MUL24P, = 0
gpu_min_INT_MUL32P, = 0
gpu_min_INT_MULP, = 0
gpu_min_INT_DIVP, = 0
gpu_min_FP_MULP, = 0
gpu_min_FP_DIVP, = 0
gpu_min_FP_SQRTP, = 0
gpu_min_FP_LGP, = 0
gpu_min_FP_SINP, = 0
gpu_min_FP_EXP, = 0
gpu_min_DP_MULP, = 0
gpu_min_DP_DIVP, = 0
gpu_min_TENSORP, = 0
gpu_min_TEXP, = 0
gpu_min_SCHEDP, = 0
gpu_min_L2CP, = 0
gpu_min_MCP, = 0.55022
gpu_min_NOCP, = 0
gpu_min_DRAMP, = 0
gpu_min_PIPEP, = 0.348299
gpu_min_IDLE_COREP, = 37.3285
gpu_min_CONSTP = 32.3252
gpu_min_STATICP = 0
gpu_min_TOT_INST, = 0
gpu_min_FP_INT, = 0
gpu_min_IC_H, = 0
gpu_min_IC_M, = 0
gpu_min_DC_RH, = 0
gpu_min_DC_RM, = 0
gpu_min_DC_WH, = 0
gpu_min_DC_WM, = 0
gpu_min_TC_H, = 0
gpu_min_TC_M, = 0
gpu_min_CC_H, = 0
gpu_min_CC_M, = 0
gpu_min_SHRD_ACC, = 0
gpu_min_REG_RD, = 0
gpu_min_REG_WR, = 0
gpu_min_NON_REG_OPs, = 0
gpu_min_INT_ACC, = 0
gpu_min_FPU_ACC, = 0
gpu_min_DPU_ACC, = 0
gpu_min_INT_MUL24_ACC, = 0
gpu_min_INT_MUL32_ACC, = 0
gpu_min_INT_MUL_ACC, = 0
gpu_min_INT_DIV_ACC, = 0
gpu_min_FP_MUL_ACC, = 0
gpu_min_FP_DIV_ACC, = 0
gpu_min_FP_SQRT_ACC, = 0
gpu_min_FP_LG_ACC, = 0
gpu_min_FP_SIN_ACC, = 0
gpu_min_FP_EXP_ACC, = 0
gpu_min_DP_MUL_ACC, = 0
gpu_min_DP_DIV_ACC, = 0
gpu_min_TENSOR_ACC, = 0
gpu_min_TEX_ACC, = 0
gpu_min_MEM_RD, = 0
gpu_min_MEM_WR, = 0
gpu_min_MEM_PRE, = 0
gpu_min_L2_RH, = 0
gpu_min_L2_RM, = 0
gpu_min_L2_WH, = 0
gpu_min_L2_WM, = 0
gpu_min_NOC_A, = 0
gpu_min_PIPE_A, = 0.0106535
gpu_min_IDLE_CORE_N, = 132
gpu_min_constant_power = 0

Accumulative Power Statistics Over Previous Kernels:
gpu_tot_avg_power = 81.657
gpu_tot_max_power = 154.291
gpu_tot_min_power = 60.8126


kernel_name = _ZN8cublasLt19splitKreduce_kernelILi32ELi16Eif13__nv_bfloat16fS1_Lb0EfS1_S1_Lb1ELb0ELb0ELb0EEEvNS_18cublasSplitKParamsIT4_EEPKT2_PKT8_PT7_PT3_PKS3_SG_PKT9_S7_PSH_PvlPS3_PiSM_SM_SG_SG_SG_SG_SG_ 
kernel_launch_uid = 72 

Kernel Average Power Data:
kernel_avg_power = 71.7567
gpu_avg_IBP, = 0.0526323
gpu_avg_ICP, = 0
gpu_avg_DCP, = 0.0465254
gpu_avg_TCP, = 0
gpu_avg_CCP, = 0.00535011
gpu_avg_SHRDP, = 0
gpu_avg_RFP, = 0
gpu_avg_INTP, = 0.374566
gpu_avg_FPUP, = 0.0132872
gpu_avg_DPUP, = 0
gpu_avg_INT_MUL24P, = 0
gpu_avg_INT_MUL32P, = 0
gpu_avg_INT_MULP, = 0.075021
gpu_avg_INT_DIVP, = 0
gpu_avg_FP_MULP, = 0.00153546
gpu_avg_FP_DIVP, = 0
gpu_avg_FP_SQRTP, = 0
gpu_avg_FP_LGP, = 0
gpu_avg_FP_SINP, = 0
gpu_avg_FP_EXP, = 0
gpu_avg_DP_MULP, = 0
gpu_avg_DP_DIVP, = 0
gpu_avg_TENSORP, = 0
gpu_avg_TEXP, = 0
gpu_avg_SCHEDP, = 0.145874
gpu_avg_L2CP, = 0.0070181
gpu_avg_MCP, = 0.560562
gpu_avg_NOCP, = 0.0248901
gpu_avg_DRAMP, = 0
gpu_avg_PIPEP, = 0.740532
gpu_avg_IDLE_COREP, = 35.6307
gpu_avg_CONSTP = 32.3252
gpu_avg_STATICP = 1.75297
gpu_avg_TOT_INST, = 2261
gpu_avg_FP_INT, = 2128
gpu_avg_IC_H, = 0
gpu_avg_IC_M, = 0
gpu_avg_DC_RH, = 0
gpu_avg_DC_RM, = 42
gpu_avg_DC_WH, = 0
gpu_avg_DC_WM, = 0
gpu_avg_TC_H, = 0
gpu_avg_TC_M, = 0
gpu_avg_CC_H, = 245
gpu_avg_CC_M, = 0
gpu_avg_SHRD_ACC, = 0
gpu_avg_REG_RD, = 0
gpu_avg_REG_WR, = 0
gpu_avg_NON_REG_OPs, = 0
gpu_avg_INT_ACC, = 204792
gpu_avg_FPU_ACC, = 177.969
gpu_avg_DPU_ACC, = 0
gpu_avg_INT_MUL24_ACC, = 0
gpu_avg_INT_MUL32_ACC, = 0
gpu_avg_INT_MUL_ACC, = 489.857
gpu_avg_INT_DIV_ACC, = 0
gpu_avg_FP_MUL_ACC, = 10.0259
gpu_avg_FP_DIV_ACC, = 0
gpu_avg_FP_SQRT_ACC, = 0
gpu_avg_FP_LG_ACC, = 0
gpu_avg_FP_SIN_ACC, = 0
gpu_avg_FP_EXP_ACC, = 0
gpu_avg_DP_MUL_ACC, = 0
gpu_avg_DP_DIV_ACC, = 0
gpu_avg_TENSOR_ACC, = 0
gpu_avg_TEX_ACC, = 0
gpu_avg_MEM_RD, = 0
gpu_avg_MEM_WR, = 0
gpu_avg_MEM_PRE, = 0
gpu_avg_L2_RH, = 14
gpu_avg_L2_RM, = 0
gpu_avg_L2_WH, = 3
gpu_avg_L2_WM, = 0
gpu_avg_NOC_A, = 73
gpu_avg_PIPE_A, = 0.0226507
gpu_avg_IDLE_CORE_N, = 125.996
gpu_avg_constant_power = 0
gpu_avg_threads_per_warp = 7.95
gpu_tot_TOT_INST, = 18088
gpu_tot_FP_INT, = 17024
gpu_tot_IC_H, = 0
gpu_tot_IC_M, = 0
gpu_tot_DC_RH, = 0
gpu_tot_DC_RM, = 336
gpu_tot_DC_WH, = 0
gpu_tot_DC_WM, = 0
gpu_tot_TC_H, = 0
gpu_tot_TC_M, = 0
gpu_tot_CC_H, = 1960
gpu_tot_CC_M, = 0
gpu_tot_SHRD_ACC, = 0
gpu_tot_REG_RD, = 0
gpu_tot_REG_WR, = 0
gpu_tot_NON_REG_OPs, = 0
gpu_tot_INT_ACC, = 1.63833e+06
gpu_tot_FPU_ACC, = 1423.75
gpu_tot_DPU_ACC, = 0
gpu_tot_INT_MUL24_ACC, = 0
gpu_tot_INT_MUL32_ACC, = 0
gpu_tot_INT_MUL_ACC, = 3918.86
gpu_tot_INT_DIV_ACC, = 0
gpu_tot_FP_MUL_ACC, = 80.2073
gpu_tot_FP_DIV_ACC, = 0
gpu_tot_FP_SQRT_ACC, = 0
gpu_tot_FP_LG_ACC, = 0
gpu_tot_FP_SIN_ACC, = 0
gpu_tot_FP_EXP_ACC, = 0
gpu_tot_DP_MUL_ACC, = 0
gpu_tot_DP_DIV_ACC, = 0
gpu_tot_TENSOR_ACC, = 0
gpu_tot_TEX_ACC, = 0
gpu_tot_MEM_RD, = 0
gpu_tot_MEM_WR, = 0
gpu_tot_MEM_PRE, = 0
gpu_tot_L2_RH, = 112
gpu_tot_L2_RM, = 0
gpu_tot_L2_WH, = 24
gpu_tot_L2_WM, = 0
gpu_tot_NOC_A, = 584
gpu_tot_PIPE_A, = 0.181206
gpu_tot_IDLE_CORE_N, = 1007.97
gpu_tot_constant_power = 0

Kernel Maximum Power Data:
kernel_max_power = 77.2909
gpu_max_IBP, = 0.41454
gpu_max_ICP, = 0
gpu_max_DCP, = 0.124068
gpu_max_TCP, = 0
gpu_max_CCP, = 0.0421895
gpu_max_SHRDP, = 0
gpu_max_RFP, = 0
gpu_max_INTP, = 2.94741
gpu_max_FPUP, = 0.0708651
gpu_max_DPUP, = 0
gpu_max_INT_MUL24P, = 0
gpu_max_INT_MUL32P, = 0
gpu_max_INT_MULP, = 0.552787
gpu_max_INT_DIVP, = 0
gpu_max_FP_MULP, = 0.0122836
gpu_max_FP_DIVP, = 0
gpu_max_FP_SQRTP, = 0
gpu_max_FP_LGP, = 0
gpu_max_FP_SINP, = 0
gpu_max_FP_EXP, = 0
gpu_max_DP_MULP, = 0
gpu_max_DP_DIVP, = 0
gpu_max_TENSORP, = 0
gpu_max_TEXP, = 0
gpu_max_SCHEDP, = 1.14972
gpu_max_L2CP, = 0
gpu_max_MCP, = 0.580804
gpu_max_NOCP, = 0.0381876
gpu_max_DRAMP, = 0
gpu_max_PIPEP, = 1.51799
gpu_max_IDLE_COREP, = 31.9441
gpu_max_CONSTP = 32.3252
gpu_max_STATICP = 5.57065
gpu_max_TOT_INST, = 17808
gpu_max_FP_INT, = 16772
gpu_max_IC_H, = 0
gpu_max_IC_M, = 0
gpu_max_DC_RH, = 0
gpu_max_DC_RM, = 112
gpu_max_DC_WH, = 0
gpu_max_DC_WM, = 0
gpu_max_TC_H, = 0
gpu_max_TC_M, = 0
gpu_max_CC_H, = 1932
gpu_max_CC_M, = 0
gpu_max_SHRD_ACC, = 0
gpu_max_REG_RD, = 0
gpu_max_REG_WR, = 0
gpu_max_NON_REG_OPs, = 0
gpu_max_INT_ACC, = 1.61148e+06
gpu_max_FPU_ACC, = 949.17
gpu_max_DPU_ACC, = 0
gpu_max_INT_MUL24_ACC, = 0
gpu_max_INT_MUL32_ACC, = 0
gpu_max_INT_MUL_ACC, = 3609.47
gpu_max_INT_DIV_ACC, = 0
gpu_max_FP_MUL_ACC, = 80.2073
gpu_max_FP_DIV_ACC, = 0
gpu_max_FP_SQRT_ACC, = 0
gpu_max_FP_LG_ACC, = 0
gpu_max_FP_SIN_ACC, = 0
gpu_max_FP_EXP_ACC, = 0
gpu_max_DP_MUL_ACC, = 0
gpu_max_DP_DIV_ACC, = 0
gpu_max_TENSOR_ACC, = 0
gpu_max_TEX_ACC, = 0
gpu_max_MEM_RD, = 0
gpu_max_MEM_WR, = 0
gpu_max_MEM_PRE, = 0
gpu_max_L2_RH, = 0
gpu_max_L2_RM, = 0
gpu_max_L2_WH, = 0
gpu_max_L2_WM, = 0
gpu_max_NOC_A, = 112
gpu_max_PIPE_A, = 0.0464308
gpu_max_IDLE_CORE_N, = 112.96
gpu_max_constant_power = 0

Kernel Minimum Power Data:
kernel_min_power = 70.8464
gpu_min_IBP, = 0
gpu_min_ICP, = 0
gpu_min_DCP, = 0
gpu_min_TCP, = 0
gpu_min_CCP, = 0
gpu_min_SHRDP, = 0
gpu_min_RFP, = 0
gpu_min_INTP, = 0
gpu_min_FPUP, = 0
gpu_min_DPUP, = 0
gpu_min_INT_MUL24P, = 0
gpu_min_INT_MUL32P, = 0
gpu_min_INT_MULP, = 0
gpu_min_INT_DIVP, = 0
gpu_min_FP_MULP, = 0
gpu_min_FP_DIVP, = 0
gpu_min_FP_SQRTP, = 0
gpu_min_FP_LGP, = 0
gpu_min_FP_SINP, = 0
gpu_min_FP_EXP, = 0
gpu_min_DP_MULP, = 0
gpu_min_DP_DIVP, = 0
gpu_min_TENSORP, = 0
gpu_min_TEXP, = 0
gpu_min_SCHEDP, = 0
gpu_min_L2CP, = 0
gpu_min_MCP, = 0.55022
gpu_min_NOCP, = 0
gpu_min_DRAMP, = 0
gpu_min_PIPEP, = 0.642412
gpu_min_IDLE_COREP, = 37.3285
gpu_min_CONSTP = 32.3252
gpu_min_STATICP = 0
gpu_min_TOT_INST, = 0
gpu_min_FP_INT, = 0
gpu_min_IC_H, = 0
gpu_min_IC_M, = 0
gpu_min_DC_RH, = 0
gpu_min_DC_RM, = 0
gpu_min_DC_WH, = 0
gpu_min_DC_WM, = 0
gpu_min_TC_H, = 0
gpu_min_TC_M, = 0
gpu_min_CC_H, = 0
gpu_min_CC_M, = 0
gpu_min_SHRD_ACC, = 0
gpu_min_REG_RD, = 0
gpu_min_REG_WR, = 0
gpu_min_NON_REG_OPs, = 0
gpu_min_INT_ACC, = 0
gpu_min_FPU_ACC, = 0
gpu_min_DPU_ACC, = 0
gpu_min_INT_MUL24_ACC, = 0
gpu_min_INT_MUL32_ACC, = 0
gpu_min_INT_MUL_ACC, = 0
gpu_min_INT_DIV_ACC, = 0
gpu_min_FP_MUL_ACC, = 0
gpu_min_FP_DIV_ACC, = 0
gpu_min_FP_SQRT_ACC, = 0
gpu_min_FP_LG_ACC, = 0
gpu_min_FP_SIN_ACC, = 0
gpu_min_FP_EXP_ACC, = 0
gpu_min_DP_MUL_ACC, = 0
gpu_min_DP_DIV_ACC, = 0
gpu_min_TENSOR_ACC, = 0
gpu_min_TEX_ACC, = 0
gpu_min_MEM_RD, = 0
gpu_min_MEM_WR, = 0
gpu_min_MEM_PRE, = 0
gpu_min_L2_RH, = 0
gpu_min_L2_RM, = 0
gpu_min_L2_WH, = 0
gpu_min_L2_WM, = 0
gpu_min_NOC_A, = 0
gpu_min_PIPE_A, = 0.0196495
gpu_min_IDLE_CORE_N, = 132
gpu_min_constant_power = 0

Accumulative Power Statistics Over Previous Kernels:
gpu_tot_avg_power = 81.5757
gpu_tot_max_power = 154.291
gpu_tot_min_power = 60.8126


kernel_name = _ZN4vllm25fused_add_rms_norm_kernelIN3c108BFloat16ELi8ELb1EEENSt9enable_ifIXaagtT0_Li0Esr4vllm12_typeConvertIT_EE6existsEvE4typeEPS4_lS7_PKS4_fiil 
kernel_launch_uid = 73 

Kernel Average Power Data:
kernel_avg_power = 70.9591
gpu_avg_IBP, = 0.00587037
gpu_avg_ICP, = 0
gpu_avg_DCP, = 0.0356688
gpu_avg_TCP, = 0
gpu_avg_CCP, = 0.000246165
gpu_avg_SHRDP, = 0.00166205
gpu_avg_RFP, = 0
gpu_avg_INTP, = 0.0752726
gpu_avg_FPUP, = 0.0255786
gpu_avg_DPUP, = 0
gpu_avg_INT_MUL24P, = 0
gpu_avg_INT_MUL32P, = 0
gpu_avg_INT_MULP, = 0.0114224
gpu_avg_INT_DIVP, = 0
gpu_avg_FP_MULP, = 0.00317685
gpu_avg_FP_DIVP, = 0
gpu_avg_FP_SQRTP, = 2.71615e-06
gpu_avg_FP_LGP, = 0
gpu_avg_FP_SINP, = 0
gpu_avg_FP_EXP, = 5.0406e-06
gpu_avg_DP_MULP, = 0
gpu_avg_DP_DIVP, = 0
gpu_avg_TENSORP, = 0
gpu_avg_TEXP, = 0
gpu_avg_SCHEDP, = 0.0160594
gpu_avg_L2CP, = 0.0165453
gpu_avg_MCP, = 0.557326
gpu_avg_NOCP, = 0.0394895
gpu_avg_DRAMP, = 0
gpu_avg_PIPEP, = 0.551313
gpu_avg_IDLE_COREP, = 36.7077
gpu_avg_CONSTP = 32.3252
gpu_avg_STATICP = 0.586485
gpu_avg_TOT_INST, = 252.182
gpu_avg_FP_INT, = 234.273
gpu_avg_IC_H, = 0
gpu_avg_IC_M, = 0
gpu_avg_DC_RH, = 10.1818
gpu_avg_DC_RM, = 10.1818
gpu_avg_DC_WH, = 5.09091
gpu_avg_DC_WM, = 5.09091
gpu_avg_TC_H, = 0
gpu_avg_TC_M, = 0
gpu_avg_CC_H, = 11.2727
gpu_avg_CC_M, = 0
gpu_avg_SHRD_ACC, = 3.72727
gpu_avg_REG_RD, = 0
gpu_avg_REG_WR, = 0
gpu_avg_NON_REG_OPs, = 0
gpu_avg_INT_ACC, = 41154.8
gpu_avg_FPU_ACC, = 342.601
gpu_avg_DPU_ACC, = 0
gpu_avg_INT_MUL24_ACC, = 0
gpu_avg_INT_MUL32_ACC, = 0
gpu_avg_INT_MUL_ACC, = 74.5835
gpu_avg_INT_DIV_ACC, = 0
gpu_avg_FP_MUL_ACC, = 20.7435
gpu_avg_FP_DIV_ACC, = 0
gpu_avg_FP_SQRT_ACC, = 0.0177354
gpu_avg_FP_LG_ACC, = 0
gpu_avg_FP_SIN_ACC, = 0
gpu_avg_FP_EXP_ACC, = 0.0329131
gpu_avg_DP_MUL_ACC, = 0
gpu_avg_DP_DIV_ACC, = 0
gpu_avg_TENSOR_ACC, = 0
gpu_avg_TEX_ACC, = 0
gpu_avg_MEM_RD, = 0
gpu_avg_MEM_WR, = 0
gpu_avg_MEM_PRE, = 0
gpu_avg_L2_RH, = 22.5455
gpu_avg_L2_RM, = 13.0909
gpu_avg_L2_WH, = 8.90909
gpu_avg_L2_WM, = 1.27273
gpu_avg_NOC_A, = 115.818
gpu_avg_PIPE_A, = 0.0168631
gpu_avg_IDLE_CORE_N, = 129.805
gpu_avg_constant_power = 0
gpu_avg_threads_per_warp = 14.4165
gpu_tot_TOT_INST, = 2774
gpu_tot_FP_INT, = 2577
gpu_tot_IC_H, = 0
gpu_tot_IC_M, = 0
gpu_tot_DC_RH, = 112
gpu_tot_DC_RM, = 112
gpu_tot_DC_WH, = 56
gpu_tot_DC_WM, = 56
gpu_tot_TC_H, = 0
gpu_tot_TC_M, = 0
gpu_tot_CC_H, = 124
gpu_tot_CC_M, = 0
gpu_tot_SHRD_ACC, = 41
gpu_tot_REG_RD, = 0
gpu_tot_REG_WR, = 0
gpu_tot_NON_REG_OPs, = 0
gpu_tot_INT_ACC, = 452703
gpu_tot_FPU_ACC, = 3768.61
gpu_tot_DPU_ACC, = 0
gpu_tot_INT_MUL24_ACC, = 0
gpu_tot_INT_MUL32_ACC, = 0
gpu_tot_INT_MUL_ACC, = 820.419
gpu_tot_INT_DIV_ACC, = 0
gpu_tot_FP_MUL_ACC, = 228.179
gpu_tot_FP_DIV_ACC, = 0
gpu_tot_FP_SQRT_ACC, = 0.195089
gpu_tot_FP_LG_ACC, = 0
gpu_tot_FP_SIN_ACC, = 0
gpu_tot_FP_EXP_ACC, = 0.362044
gpu_tot_DP_MUL_ACC, = 0
gpu_tot_DP_DIV_ACC, = 0
gpu_tot_TENSOR_ACC, = 0
gpu_tot_TEX_ACC, = 0
gpu_tot_MEM_RD, = 0
gpu_tot_MEM_WR, = 0
gpu_tot_MEM_PRE, = 0
gpu_tot_L2_RH, = 248
gpu_tot_L2_RM, = 144
gpu_tot_L2_WH, = 98
gpu_tot_L2_WM, = 14
gpu_tot_NOC_A, = 1274
gpu_tot_PIPE_A, = 0.185494
gpu_tot_IDLE_CORE_N, = 1427.85
gpu_tot_constant_power = 0

Kernel Maximum Power Data:
kernel_max_power = 71.6273
gpu_max_IBP, = 0.0206246
gpu_max_ICP, = 0
gpu_max_DCP, = 0.162649
gpu_max_TCP, = 0
gpu_max_CCP, = 0.000349395
gpu_max_SHRDP, = 0.010702
gpu_max_RFP, = 0
gpu_max_INTP, = 0.369742
gpu_max_FPUP, = 0.122432
gpu_max_DPUP, = 0
gpu_max_INT_MUL24P, = 0
gpu_max_INT_MUL32P, = 0
gpu_max_INT_MULP, = 0.0380746
gpu_max_INT_DIVP, = 0
gpu_max_FP_MULP, = 0.000438702
gpu_max_FP_DIVP, = 0
gpu_max_FP_SQRTP, = 0
gpu_max_FP_LGP, = 0
gpu_max_FP_SINP, = 0
gpu_max_FP_EXP, = 0
gpu_max_DP_MULP, = 0
gpu_max_DP_DIVP, = 0
gpu_max_TENSORP, = 0
gpu_max_TEXP, = 0
gpu_max_SCHEDP, = 0.0582674
gpu_max_L2CP, = 0.00347473
gpu_max_MCP, = 0.574971
gpu_max_NOCP, = 0.043643
gpu_max_DRAMP, = 0
gpu_max_PIPEP, = 0.582897
gpu_max_IDLE_COREP, = 37.0457
gpu_max_CONSTP = 32.3252
gpu_max_STATICP = 0.268136
gpu_max_TOT_INST, = 886
gpu_max_FP_INT, = 850
gpu_max_IC_H, = 0
gpu_max_IC_M, = 0
gpu_max_DC_RH, = 56
gpu_max_DC_RM, = 56
gpu_max_DC_WH, = 0
gpu_max_DC_WM, = 0
gpu_max_TC_H, = 0
gpu_max_TC_M, = 0
gpu_max_CC_H, = 16
gpu_max_CC_M, = 0
gpu_max_SHRD_ACC, = 24
gpu_max_REG_RD, = 0
gpu_max_REG_WR, = 0
gpu_max_NON_REG_OPs, = 0
gpu_max_INT_ACC, = 202154
gpu_max_FPU_ACC, = 1639.86
gpu_max_DPU_ACC, = 0
gpu_max_INT_MUL24_ACC, = 0
gpu_max_INT_MUL32_ACC, = 0
gpu_max_INT_MUL_ACC, = 248.612
gpu_max_INT_DIV_ACC, = 0
gpu_max_FP_MUL_ACC, = 2.86455
gpu_max_FP_DIV_ACC, = 0
gpu_max_FP_SQRT_ACC, = 0
gpu_max_FP_LG_ACC, = 0
gpu_max_FP_SIN_ACC, = 0
gpu_max_FP_EXP_ACC, = 0
gpu_max_DP_MUL_ACC, = 0
gpu_max_DP_DIV_ACC, = 0
gpu_max_TENSOR_ACC, = 0
gpu_max_TEX_ACC, = 0
gpu_max_MEM_RD, = 0
gpu_max_MEM_WR, = 0
gpu_max_MEM_PRE, = 0
gpu_max_L2_RH, = 8
gpu_max_L2_RM, = 73
gpu_max_L2_WH, = 0
gpu_max_L2_WM, = 0
gpu_max_NOC_A, = 128
gpu_max_PIPE_A, = 0.0178291
gpu_max_IDLE_CORE_N, = 131
gpu_max_constant_power = 0

Kernel Minimum Power Data:
kernel_min_power = 70.7419
gpu_min_IBP, = 0
gpu_min_ICP, = 0
gpu_min_DCP, = 0
gpu_min_TCP, = 0
gpu_min_CCP, = 0
gpu_min_SHRDP, = 0
gpu_min_RFP, = 0
gpu_min_INTP, = 0
gpu_min_FPUP, = 0
gpu_min_DPUP, = 0
gpu_min_INT_MUL24P, = 0
gpu_min_INT_MUL32P, = 0
gpu_min_INT_MULP, = 0
gpu_min_INT_DIVP, = 0
gpu_min_FP_MULP, = 0
gpu_min_FP_DIVP, = 0
gpu_min_FP_SQRTP, = 0
gpu_min_FP_LGP, = 0
gpu_min_FP_SINP, = 0
gpu_min_FP_EXP, = 0
gpu_min_DP_MULP, = 0
gpu_min_DP_DIVP, = 0
gpu_min_TENSORP, = 0
gpu_min_TEXP, = 0
gpu_min_SCHEDP, = 0
gpu_min_L2CP, = 0
gpu_min_MCP, = 0.55022
gpu_min_NOCP, = 0
gpu_min_DRAMP, = 0
gpu_min_PIPEP, = 0.537928
gpu_min_IDLE_COREP, = 37.3285
gpu_min_CONSTP = 32.3252
gpu_min_STATICP = 0
gpu_min_TOT_INST, = 0
gpu_min_FP_INT, = 0
gpu_min_IC_H, = 0
gpu_min_IC_M, = 0
gpu_min_DC_RH, = 0
gpu_min_DC_RM, = 0
gpu_min_DC_WH, = 0
gpu_min_DC_WM, = 0
gpu_min_TC_H, = 0
gpu_min_TC_M, = 0
gpu_min_CC_H, = 0
gpu_min_CC_M, = 0
gpu_min_SHRD_ACC, = 0
gpu_min_REG_RD, = 0
gpu_min_REG_WR, = 0
gpu_min_NON_REG_OPs, = 0
gpu_min_INT_ACC, = 0
gpu_min_FPU_ACC, = 0
gpu_min_DPU_ACC, = 0
gpu_min_INT_MUL24_ACC, = 0
gpu_min_INT_MUL32_ACC, = 0
gpu_min_INT_MUL_ACC, = 0
gpu_min_INT_DIV_ACC, = 0
gpu_min_FP_MUL_ACC, = 0
gpu_min_FP_DIV_ACC, = 0
gpu_min_FP_SQRT_ACC, = 0
gpu_min_FP_LG_ACC, = 0
gpu_min_FP_SIN_ACC, = 0
gpu_min_FP_EXP_ACC, = 0
gpu_min_DP_MUL_ACC, = 0
gpu_min_DP_DIV_ACC, = 0
gpu_min_TENSOR_ACC, = 0
gpu_min_TEX_ACC, = 0
gpu_min_MEM_RD, = 0
gpu_min_MEM_WR, = 0
gpu_min_MEM_PRE, = 0
gpu_min_L2_RH, = 0
gpu_min_L2_RM, = 0
gpu_min_L2_WH, = 0
gpu_min_L2_WM, = 0
gpu_min_NOC_A, = 0
gpu_min_PIPE_A, = 0.0164537
gpu_min_IDLE_CORE_N, = 132
gpu_min_constant_power = 0

Accumulative Power Statistics Over Previous Kernels:
gpu_tot_avg_power = 81.4571
gpu_tot_max_power = 154.291
gpu_tot_min_power = 60.8126


kernel_name = nvjet_sm90_tst_64x8_64x16_4x1_v_bz_bias_TNT 
kernel_launch_uid = 74 

Kernel Average Power Data:
kernel_avg_power = 79.6151
gpu_avg_IBP, = 0.155588
gpu_avg_ICP, = 0
gpu_avg_DCP, = 0.000481392
gpu_avg_TCP, = 0
gpu_avg_CCP, = 0.00128839
gpu_avg_SHRDP, = 0.134845
gpu_avg_RFP, = 0
gpu_avg_INTP, = 2.98121
gpu_avg_FPUP, = 0.0558484
gpu_avg_DPUP, = 0
gpu_avg_INT_MUL24P, = 0
gpu_avg_INT_MUL32P, = 0
gpu_avg_INT_MULP, = 0.295891
gpu_avg_INT_DIVP, = 0
gpu_avg_FP_MULP, = 0.00125761
gpu_avg_FP_DIVP, = 0
gpu_avg_FP_SQRTP, = 0
gpu_avg_FP_LGP, = 0
gpu_avg_FP_SINP, = 0
gpu_avg_FP_EXP, = 0
gpu_avg_DP_MULP, = 0
gpu_avg_DP_DIVP, = 0
gpu_avg_TENSORP, = 0
gpu_avg_TEXP, = 0
gpu_avg_SCHEDP, = 0.446274
gpu_avg_L2CP, = 0.37054
gpu_avg_MCP, = 0.550429
gpu_avg_NOCP, = 4.43708
gpu_avg_DRAMP, = 0
gpu_avg_PIPEP, = 0.856238
gpu_avg_IDLE_COREP, = 34.4422
gpu_avg_CONSTP = 32.3252
gpu_avg_STATICP = 2.56076
gpu_avg_TOT_INST, = 6683.8
gpu_avg_FP_INT, = 6510.2
gpu_avg_IC_H, = 0
gpu_avg_IC_M, = 0
gpu_avg_DC_RH, = 0
gpu_avg_DC_RM, = 0
gpu_avg_DC_WH, = 3.73333
gpu_avg_DC_WM, = 0
gpu_avg_TC_H, = 0
gpu_avg_TC_M, = 0
gpu_avg_CC_H, = 59
gpu_avg_CC_M, = 0
gpu_avg_SHRD_ACC, = 302.4
gpu_avg_REG_RD, = 0
gpu_avg_REG_WR, = 0
gpu_avg_NON_REG_OPs, = 0
gpu_avg_INT_ACC, = 1.62996e+06
gpu_avg_FPU_ACC, = 748.036
gpu_avg_DPU_ACC, = 0
gpu_avg_INT_MUL24_ACC, = 0
gpu_avg_INT_MUL32_ACC, = 0
gpu_avg_INT_MUL_ACC, = 1932.05
gpu_avg_INT_DIV_ACC, = 0
gpu_avg_FP_MUL_ACC, = 8.2117
gpu_avg_FP_DIV_ACC, = 0
gpu_avg_FP_SQRT_ACC, = 0
gpu_avg_FP_LG_ACC, = 0
gpu_avg_FP_SIN_ACC, = 0
gpu_avg_FP_EXP_ACC, = 0
gpu_avg_DP_MUL_ACC, = 0
gpu_avg_DP_DIV_ACC, = 0
gpu_avg_TENSOR_ACC, = 0
gpu_avg_TEX_ACC, = 0
gpu_avg_MEM_RD, = 0
gpu_avg_MEM_WR, = 0
gpu_avg_MEM_PRE, = 0
gpu_avg_L2_RH, = 1125.33
gpu_avg_L2_RM, = 3187.73
gpu_avg_L2_WH, = 5.73333
gpu_avg_L2_WM, = 2.53333
gpu_avg_NOC_A, = 13013.5
gpu_avg_PIPE_A, = 0.0261899
gpu_avg_IDLE_CORE_N, = 121.793
gpu_avg_constant_power = 0
gpu_avg_threads_per_warp = 18.7626
gpu_tot_TOT_INST, = 100257
gpu_tot_FP_INT, = 97653
gpu_tot_IC_H, = 0
gpu_tot_IC_M, = 0
gpu_tot_DC_RH, = 0
gpu_tot_DC_RM, = 0
gpu_tot_DC_WH, = 56
gpu_tot_DC_WM, = 0
gpu_tot_TC_H, = 0
gpu_tot_TC_M, = 0
gpu_tot_CC_H, = 885
gpu_tot_CC_M, = 0
gpu_tot_SHRD_ACC, = 4536
gpu_tot_REG_RD, = 0
gpu_tot_REG_WR, = 0
gpu_tot_NON_REG_OPs, = 0
gpu_tot_INT_ACC, = 2.44493e+07
gpu_tot_FPU_ACC, = 11220.5
gpu_tot_DPU_ACC, = 0
gpu_tot_INT_MUL24_ACC, = 0
gpu_tot_INT_MUL32_ACC, = 0
gpu_tot_INT_MUL_ACC, = 28980.8
gpu_tot_INT_DIV_ACC, = 0
gpu_tot_FP_MUL_ACC, = 123.175
gpu_tot_FP_DIV_ACC, = 0
gpu_tot_FP_SQRT_ACC, = 0
gpu_tot_FP_LG_ACC, = 0
gpu_tot_FP_SIN_ACC, = 0
gpu_tot_FP_EXP_ACC, = 0
gpu_tot_DP_MUL_ACC, = 0
gpu_tot_DP_DIV_ACC, = 0
gpu_tot_TENSOR_ACC, = 0
gpu_tot_TEX_ACC, = 0
gpu_tot_MEM_RD, = 0
gpu_tot_MEM_WR, = 0
gpu_tot_MEM_PRE, = 0
gpu_tot_L2_RH, = 16880
gpu_tot_L2_RM, = 47816
gpu_tot_L2_WH, = 86
gpu_tot_L2_WM, = 38
gpu_tot_NOC_A, = 195202
gpu_tot_PIPE_A, = 0.392848
gpu_tot_IDLE_CORE_N, = 1826.9
gpu_tot_constant_power = 0

Kernel Maximum Power Data:
kernel_max_power = 97.4387
gpu_max_IBP, = 0.295588
gpu_max_ICP, = 0
gpu_max_DCP, = 0
gpu_max_TCP, = 0
gpu_max_CCP, = 0
gpu_max_SHRDP, = 0.362084
gpu_max_RFP, = 0
gpu_max_INTP, = 6.33078
gpu_max_FPUP, = 0
gpu_max_DPUP, = 0
gpu_max_INT_MUL24P, = 0
gpu_max_INT_MUL32P, = 0
gpu_max_INT_MULP, = 0.133684
gpu_max_INT_DIVP, = 0
gpu_max_FP_MULP, = 0
gpu_max_FP_DIVP, = 0
gpu_max_FP_SQRTP, = 0
gpu_max_FP_LGP, = 0
gpu_max_FP_SINP, = 0
gpu_max_FP_EXP, = 0
gpu_max_DP_MULP, = 0
gpu_max_DP_DIVP, = 0
gpu_max_TENSORP, = 0
gpu_max_TEXP, = 0
gpu_max_SCHEDP, = 0.846591
gpu_max_L2CP, = 1.41206
gpu_max_MCP, = 0.55022
gpu_max_NOCP, = 17.5806
gpu_max_DRAMP, = 0
gpu_max_PIPEP, = 1.12544
gpu_max_IDLE_COREP, = 31.6727
gpu_max_CONSTP = 32.3252
gpu_max_STATICP = 4.80377
gpu_max_TOT_INST, = 12698
gpu_max_FP_INT, = 12350
gpu_max_IC_H, = 0
gpu_max_IC_M, = 0
gpu_max_DC_RH, = 0
gpu_max_DC_RM, = 0
gpu_max_DC_WH, = 0
gpu_max_DC_WM, = 0
gpu_max_TC_H, = 0
gpu_max_TC_M, = 0
gpu_max_CC_H, = 0
gpu_max_CC_M, = 0
gpu_max_SHRD_ACC, = 812
gpu_max_REG_RD, = 0
gpu_max_REG_WR, = 0
gpu_max_NON_REG_OPs, = 0
gpu_max_INT_ACC, = 3.46132e+06
gpu_max_FPU_ACC, = 0
gpu_max_DPU_ACC, = 0
gpu_max_INT_MUL24_ACC, = 0
gpu_max_INT_MUL32_ACC, = 0
gpu_max_INT_MUL_ACC, = 872.904
gpu_max_INT_DIV_ACC, = 0
gpu_max_FP_MUL_ACC, = 0
gpu_max_FP_DIV_ACC, = 0
gpu_max_FP_SQRT_ACC, = 0
gpu_max_FP_LG_ACC, = 0
gpu_max_FP_SIN_ACC, = 0
gpu_max_FP_EXP_ACC, = 0
gpu_max_DP_MUL_ACC, = 0
gpu_max_DP_DIV_ACC, = 0
gpu_max_TENSOR_ACC, = 0
gpu_max_TEX_ACC, = 0
gpu_max_MEM_RD, = 0
gpu_max_MEM_WR, = 0
gpu_max_MEM_PRE, = 0
gpu_max_L2_RH, = 4375
gpu_max_L2_RM, = 12414
gpu_max_L2_WH, = 0
gpu_max_L2_WM, = 0
gpu_max_NOC_A, = 51562
gpu_max_PIPE_A, = 0.0344239
gpu_max_IDLE_CORE_N, = 112
gpu_max_constant_power = 0

Kernel Minimum Power Data:
kernel_min_power = 70.7419
gpu_min_IBP, = 0
gpu_min_ICP, = 0
gpu_min_DCP, = 0
gpu_min_TCP, = 0
gpu_min_CCP, = 0
gpu_min_SHRDP, = 0
gpu_min_RFP, = 0
gpu_min_INTP, = 0
gpu_min_FPUP, = 0
gpu_min_DPUP, = 0
gpu_min_INT_MUL24P, = 0
gpu_min_INT_MUL32P, = 0
gpu_min_INT_MULP, = 0
gpu_min_INT_DIVP, = 0
gpu_min_FP_MULP, = 0
gpu_min_FP_DIVP, = 0
gpu_min_FP_SQRTP, = 0
gpu_min_FP_LGP, = 0
gpu_min_FP_SINP, = 0
gpu_min_FP_EXP, = 0
gpu_min_DP_MULP, = 0
gpu_min_DP_DIVP, = 0
gpu_min_TENSORP, = 0
gpu_min_TEXP, = 0
gpu_min_SCHEDP, = 0
gpu_min_L2CP, = 0
gpu_min_MCP, = 0.55022
gpu_min_NOCP, = 0
gpu_min_DRAMP, = 0
gpu_min_PIPEP, = 0.537928
gpu_min_IDLE_COREP, = 37.3285
gpu_min_CONSTP = 32.3252
gpu_min_STATICP = 0
gpu_min_TOT_INST, = 0
gpu_min_FP_INT, = 0
gpu_min_IC_H, = 0
gpu_min_IC_M, = 0
gpu_min_DC_RH, = 0
gpu_min_DC_RM, = 0
gpu_min_DC_WH, = 0
gpu_min_DC_WM, = 0
gpu_min_TC_H, = 0
gpu_min_TC_M, = 0
gpu_min_CC_H, = 0
gpu_min_CC_M, = 0
gpu_min_SHRD_ACC, = 0
gpu_min_REG_RD, = 0
gpu_min_REG_WR, = 0
gpu_min_NON_REG_OPs, = 0
gpu_min_INT_ACC, = 0
gpu_min_FPU_ACC, = 0
gpu_min_DPU_ACC, = 0
gpu_min_INT_MUL24_ACC, = 0
gpu_min_INT_MUL32_ACC, = 0
gpu_min_INT_MUL_ACC, = 0
gpu_min_INT_DIV_ACC, = 0
gpu_min_FP_MUL_ACC, = 0
gpu_min_FP_DIV_ACC, = 0
gpu_min_FP_SQRT_ACC, = 0
gpu_min_FP_LG_ACC, = 0
gpu_min_FP_SIN_ACC, = 0
gpu_min_FP_EXP_ACC, = 0
gpu_min_DP_MUL_ACC, = 0
gpu_min_DP_DIV_ACC, = 0
gpu_min_TENSOR_ACC, = 0
gpu_min_TEX_ACC, = 0
gpu_min_MEM_RD, = 0
gpu_min_MEM_WR, = 0
gpu_min_MEM_PRE, = 0
gpu_min_L2_RH, = 0
gpu_min_L2_RM, = 0
gpu_min_L2_WH, = 0
gpu_min_L2_WM, = 0
gpu_min_NOC_A, = 0
gpu_min_PIPE_A, = 0.0164537
gpu_min_IDLE_CORE_N, = 132
gpu_min_constant_power = 0

Accumulative Power Statistics Over Previous Kernels:
gpu_tot_avg_power = 81.4295
gpu_tot_max_power = 154.291
gpu_tot_min_power = 60.8126


kernel_name = _ZN4vllm23rotary_embedding_kernelIN3c108BFloat16ES2_Lb1EEEvPKlPT_S6_PKT0_illliiilb 
kernel_launch_uid = 75 

Kernel Average Power Data:
kernel_avg_power = 70.8596
gpu_avg_IBP, = 0.00436701
gpu_avg_ICP, = 0
gpu_avg_DCP, = 0.0142811
gpu_avg_TCP, = 0
gpu_avg_CCP, = 0.000157228
gpu_avg_SHRDP, = 0
gpu_avg_RFP, = 0
gpu_avg_INTP, = 0.0556915
gpu_avg_FPUP, = 0.00759268
gpu_avg_DPUP, = 0
gpu_avg_INT_MUL24P, = 0
gpu_avg_INT_MUL32P, = 0
gpu_avg_INT_MULP, = 0.0313622
gpu_avg_INT_DIVP, = 0
gpu_avg_FP_MULP, = 0.00245673
gpu_avg_FP_DIVP, = 0
gpu_avg_FP_SQRTP, = 0
gpu_avg_FP_LGP, = 0
gpu_avg_FP_SINP, = 0
gpu_avg_FP_EXP, = 0.00283887
gpu_avg_DP_MULP, = 0
gpu_avg_DP_DIVP, = 0
gpu_avg_TENSORP, = 0
gpu_avg_TEXP, = 0
gpu_avg_SCHEDP, = 0.0119551
gpu_avg_L2CP, = 0.00772199
gpu_avg_MCP, = 0.551959
gpu_avg_NOCP, = 0.0123769
gpu_avg_DRAMP, = 0
gpu_avg_PIPEP, = 0.506259
gpu_avg_IDLE_COREP, = 37.2155
gpu_avg_CONSTP = 32.3252
gpu_avg_STATICP = 0.109905
gpu_avg_TOT_INST, = 187.6
gpu_avg_FP_INT, = 174.4
gpu_avg_IC_H, = 0
gpu_avg_IC_M, = 0
gpu_avg_DC_RH, = 7.3
gpu_avg_DC_RM, = 0.4
gpu_avg_DC_WH, = 5.6
gpu_avg_DC_WM, = 0
gpu_avg_TC_H, = 0
gpu_avg_TC_M, = 0
gpu_avg_CC_H, = 7.2
gpu_avg_CC_M, = 0
gpu_avg_SHRD_ACC, = 0
gpu_avg_REG_RD, = 0
gpu_avg_REG_WR, = 0
gpu_avg_NON_REG_OPs, = 0
gpu_avg_INT_ACC, = 30449
gpu_avg_FPU_ACC, = 101.697
gpu_avg_DPU_ACC, = 0
gpu_avg_INT_MUL24_ACC, = 0
gpu_avg_INT_MUL32_ACC, = 0
gpu_avg_INT_MUL_ACC, = 204.782
gpu_avg_INT_DIV_ACC, = 0
gpu_avg_FP_MUL_ACC, = 16.0415
gpu_avg_FP_DIV_ACC, = 0
gpu_avg_FP_SQRT_ACC, = 0
gpu_avg_FP_LG_ACC, = 0
gpu_avg_FP_SIN_ACC, = 0
gpu_avg_FP_EXP_ACC, = 18.5367
gpu_avg_DP_MUL_ACC, = 0
gpu_avg_DP_DIV_ACC, = 0
gpu_avg_TENSOR_ACC, = 0
gpu_avg_TEX_ACC, = 0
gpu_avg_MEM_RD, = 0
gpu_avg_MEM_WR, = 0
gpu_avg_MEM_PRE, = 0
gpu_avg_L2_RH, = 5.6
gpu_avg_L2_RM, = 0.5
gpu_avg_L2_WH, = 5.6
gpu_avg_L2_WM, = 0.4
gpu_avg_NOC_A, = 36.3
gpu_avg_PIPE_A, = 0.015485
gpu_avg_IDLE_CORE_N, = 131.6
gpu_avg_constant_power = 0
gpu_avg_threads_per_warp = 12.4658
gpu_tot_TOT_INST, = 1876
gpu_tot_FP_INT, = 1744
gpu_tot_IC_H, = 0
gpu_tot_IC_M, = 0
gpu_tot_DC_RH, = 73
gpu_tot_DC_RM, = 4
gpu_tot_DC_WH, = 56
gpu_tot_DC_WM, = 0
gpu_tot_TC_H, = 0
gpu_tot_TC_M, = 0
gpu_tot_CC_H, = 72
gpu_tot_CC_M, = 0
gpu_tot_SHRD_ACC, = 0
gpu_tot_REG_RD, = 0
gpu_tot_REG_WR, = 0
gpu_tot_NON_REG_OPs, = 0
gpu_tot_INT_ACC, = 304490
gpu_tot_FPU_ACC, = 1016.97
gpu_tot_DPU_ACC, = 0
gpu_tot_INT_MUL24_ACC, = 0
gpu_tot_INT_MUL32_ACC, = 0
gpu_tot_INT_MUL_ACC, = 2047.82
gpu_tot_INT_DIV_ACC, = 0
gpu_tot_FP_MUL_ACC, = 160.415
gpu_tot_FP_DIV_ACC, = 0
gpu_tot_FP_SQRT_ACC, = 0
gpu_tot_FP_LG_ACC, = 0
gpu_tot_FP_SIN_ACC, = 0
gpu_tot_FP_EXP_ACC, = 185.367
gpu_tot_DP_MUL_ACC, = 0
gpu_tot_DP_DIV_ACC, = 0
gpu_tot_TENSOR_ACC, = 0
gpu_tot_TEX_ACC, = 0
gpu_tot_MEM_RD, = 0
gpu_tot_MEM_WR, = 0
gpu_tot_MEM_PRE, = 0
gpu_tot_L2_RH, = 56
gpu_tot_L2_RM, = 5
gpu_tot_L2_WH, = 56
gpu_tot_L2_WM, = 4
gpu_tot_NOC_A, = 363
gpu_tot_PIPE_A, = 0.15485
gpu_tot_IDLE_CORE_N, = 1316
gpu_tot_constant_power = 0

Kernel Maximum Power Data:
kernel_max_power = 71.4767
gpu_max_IBP, = 0.0219747
gpu_max_ICP, = 0
gpu_max_DCP, = 0.0215604
gpu_max_TCP, = 0
gpu_max_CCP, = 0.000611441
gpu_max_SHRDP, = 0
gpu_max_RFP, = 0
gpu_max_INTP, = 0.388437
gpu_max_FPUP, = 0.0354325
gpu_max_DPUP, = 0
gpu_max_INT_MUL24P, = 0
gpu_max_INT_MUL32P, = 0
gpu_max_INT_MULP, = 0.170349
gpu_max_INT_DIVP, = 0
gpu_max_FP_MULP, = 0
gpu_max_FP_DIVP, = 0
gpu_max_FP_SQRTP, = 0
gpu_max_FP_LGP, = 0
gpu_max_FP_SINP, = 0
gpu_max_FP_EXP, = 0.0248401
gpu_max_DP_MULP, = 0
gpu_max_DP_DIVP, = 0
gpu_max_TENSORP, = 0
gpu_max_TEXP, = 0
gpu_max_SCHEDP, = 0.0615578
gpu_max_L2CP, = 0
gpu_max_MCP, = 0.552791
gpu_max_NOCP, = 0.00477345
gpu_max_DRAMP, = 0
gpu_max_PIPEP, = 0.548905
gpu_max_IDLE_COREP, = 37.0457
gpu_max_CONSTP = 32.3252
gpu_max_STATICP = 0.274534
gpu_max_TOT_INST, = 944
gpu_max_FP_INT, = 898
gpu_max_IC_H, = 0
gpu_max_IC_M, = 0
gpu_max_DC_RH, = 12
gpu_max_DC_RM, = 0
gpu_max_DC_WH, = 0
gpu_max_DC_WM, = 0
gpu_max_TC_H, = 0
gpu_max_TC_M, = 0
gpu_max_CC_H, = 28
gpu_max_CC_M, = 0
gpu_max_SHRD_ACC, = 0
gpu_max_REG_RD, = 0
gpu_max_REG_WR, = 0
gpu_max_NON_REG_OPs, = 0
gpu_max_INT_ACC, = 212375
gpu_max_FPU_ACC, = 474.585
gpu_max_DPU_ACC, = 0
gpu_max_INT_MUL24_ACC, = 0
gpu_max_INT_MUL32_ACC, = 0
gpu_max_INT_MUL_ACC, = 1112.31
gpu_max_INT_DIV_ACC, = 0
gpu_max_FP_MUL_ACC, = 0
gpu_max_FP_DIV_ACC, = 0
gpu_max_FP_SQRT_ACC, = 0
gpu_max_FP_LG_ACC, = 0
gpu_max_FP_SIN_ACC, = 0
gpu_max_FP_EXP_ACC, = 162.196
gpu_max_DP_MUL_ACC, = 0
gpu_max_DP_DIV_ACC, = 0
gpu_max_TENSOR_ACC, = 0
gpu_max_TEX_ACC, = 0
gpu_max_MEM_RD, = 0
gpu_max_MEM_WR, = 0
gpu_max_MEM_PRE, = 0
gpu_max_L2_RH, = 0
gpu_max_L2_RM, = 0
gpu_max_L2_WH, = 0
gpu_max_L2_WM, = 0
gpu_max_NOC_A, = 14
gpu_max_PIPE_A, = 0.0167894
gpu_max_IDLE_CORE_N, = 131
gpu_max_constant_power = 0

Kernel Minimum Power Data:
kernel_min_power = 70.6993
gpu_min_IBP, = 0
gpu_min_ICP, = 0
gpu_min_DCP, = 0
gpu_min_TCP, = 0
gpu_min_CCP, = 0
gpu_min_SHRDP, = 0
gpu_min_RFP, = 0
gpu_min_INTP, = 0
gpu_min_FPUP, = 0
gpu_min_DPUP, = 0
gpu_min_INT_MUL24P, = 0
gpu_min_INT_MUL32P, = 0
gpu_min_INT_MULP, = 0
gpu_min_INT_DIVP, = 0
gpu_min_FP_MULP, = 0
gpu_min_FP_DIVP, = 0
gpu_min_FP_SQRTP, = 0
gpu_min_FP_LGP, = 0
gpu_min_FP_SINP, = 0
gpu_min_FP_EXP, = 0
gpu_min_DP_MULP, = 0
gpu_min_DP_DIVP, = 0
gpu_min_TENSORP, = 0
gpu_min_TEXP, = 0
gpu_min_SCHEDP, = 0
gpu_min_L2CP, = 0
gpu_min_MCP, = 0.55022
gpu_min_NOCP, = 0
gpu_min_DRAMP, = 0
gpu_min_PIPEP, = 0.495356
gpu_min_IDLE_COREP, = 37.3285
gpu_min_CONSTP = 32.3252
gpu_min_STATICP = 0
gpu_min_TOT_INST, = 0
gpu_min_FP_INT, = 0
gpu_min_IC_H, = 0
gpu_min_IC_M, = 0
gpu_min_DC_RH, = 0
gpu_min_DC_RM, = 0
gpu_min_DC_WH, = 0
gpu_min_DC_WM, = 0
gpu_min_TC_H, = 0
gpu_min_TC_M, = 0
gpu_min_CC_H, = 0
gpu_min_CC_M, = 0
gpu_min_SHRD_ACC, = 0
gpu_min_REG_RD, = 0
gpu_min_REG_WR, = 0
gpu_min_NON_REG_OPs, = 0
gpu_min_INT_ACC, = 0
gpu_min_FPU_ACC, = 0
gpu_min_DPU_ACC, = 0
gpu_min_INT_MUL24_ACC, = 0
gpu_min_INT_MUL32_ACC, = 0
gpu_min_INT_MUL_ACC, = 0
gpu_min_INT_DIV_ACC, = 0
gpu_min_FP_MUL_ACC, = 0
gpu_min_FP_DIV_ACC, = 0
gpu_min_FP_SQRT_ACC, = 0
gpu_min_FP_LG_ACC, = 0
gpu_min_FP_SIN_ACC, = 0
gpu_min_FP_EXP_ACC, = 0
gpu_min_DP_MUL_ACC, = 0
gpu_min_DP_DIV_ACC, = 0
gpu_min_TENSOR_ACC, = 0
gpu_min_TEX_ACC, = 0
gpu_min_MEM_RD, = 0
gpu_min_MEM_WR, = 0
gpu_min_MEM_PRE, = 0
gpu_min_L2_RH, = 0
gpu_min_L2_RM, = 0
gpu_min_L2_WH, = 0
gpu_min_L2_WM, = 0
gpu_min_NOC_A, = 0
gpu_min_PIPE_A, = 0.0151515
gpu_min_IDLE_CORE_N, = 132
gpu_min_constant_power = 0

Accumulative Power Statistics Over Previous Kernels:
gpu_tot_avg_power = 81.3248
gpu_tot_max_power = 154.291
gpu_tot_min_power = 60.8126


kernel_name = _ZN4vllm30reshape_and_cache_flash_kernelI13__nv_bfloat16S1_LNS_18Fp8KVCacheDataTypeE0EEEvPKT_S5_PT0_S7_PKlllllliiiPKfSB_i 
kernel_launch_uid = 76 

Kernel Average Power Data:
kernel_avg_power = 70.7342
gpu_avg_IBP, = 0.00138739
gpu_avg_ICP, = 0
gpu_avg_DCP, = 0.00390265
gpu_avg_TCP, = 0
gpu_avg_CCP, = 3.93069e-05
gpu_avg_SHRDP, = 0
gpu_avg_RFP, = 0
gpu_avg_INTP, = 0.0214915
gpu_avg_FPUP, = 0.00151854
gpu_avg_DPUP, = 0
gpu_avg_INT_MUL24P, = 0
gpu_avg_INT_MUL32P, = 0
gpu_avg_INT_MULP, = 0.00710726
gpu_avg_INT_DIVP, = 0
gpu_avg_FP_MULP, = 0.000350961
gpu_avg_FP_DIVP, = 0
gpu_avg_FP_SQRTP, = 0
gpu_avg_FP_LGP, = 0
gpu_avg_FP_SINP, = 0
gpu_avg_FP_EXP, = 0.000709717
gpu_avg_DP_MULP, = 0
gpu_avg_DP_DIVP, = 0
gpu_avg_TENSORP, = 0
gpu_avg_TEXP, = 0
gpu_avg_SCHEDP, = 0.00390734
gpu_avg_L2CP, = 0.00192191
gpu_avg_MCP, = 0.55141
gpu_avg_NOCP, = 0.00446659
gpu_avg_DRAMP, = 0
gpu_avg_PIPEP, = 0.498563
gpu_avg_IDLE_COREP, = 37.2155
gpu_avg_CONSTP = 32.3252
gpu_avg_STATICP = 0.0967369
gpu_avg_TOT_INST, = 59.6
gpu_avg_FP_INT, = 57
gpu_avg_IC_H, = 0
gpu_avg_IC_M, = 0
gpu_avg_DC_RH, = 0.3
gpu_avg_DC_RM, = 1.4
gpu_avg_DC_WH, = 0.8
gpu_avg_DC_WM, = 1.6
gpu_avg_TC_H, = 0
gpu_avg_TC_M, = 0
gpu_avg_CC_H, = 1.8
gpu_avg_CC_M, = 0
gpu_avg_SHRD_ACC, = 0
gpu_avg_REG_RD, = 0
gpu_avg_REG_WR, = 0
gpu_avg_NON_REG_OPs, = 0
gpu_avg_INT_ACC, = 11750.3
gpu_avg_FPU_ACC, = 20.3394
gpu_avg_DPU_ACC, = 0
gpu_avg_INT_MUL24_ACC, = 0
gpu_avg_INT_MUL32_ACC, = 0
gpu_avg_INT_MUL_ACC, = 46.4075
gpu_avg_INT_DIV_ACC, = 0
gpu_avg_FP_MUL_ACC, = 2.29164
gpu_avg_FP_DIV_ACC, = 0
gpu_avg_FP_SQRT_ACC, = 0
gpu_avg_FP_LG_ACC, = 0
gpu_avg_FP_SIN_ACC, = 0
gpu_avg_FP_EXP_ACC, = 4.63417
gpu_avg_DP_MUL_ACC, = 0
gpu_avg_DP_DIV_ACC, = 0
gpu_avg_TENSOR_ACC, = 0
gpu_avg_TEX_ACC, = 0
gpu_avg_MEM_RD, = 0
gpu_avg_MEM_WR, = 0
gpu_avg_MEM_PRE, = 0
gpu_avg_L2_RH, = 2.4
gpu_avg_L2_RM, = 0.1
gpu_avg_L2_WH, = 0.8
gpu_avg_L2_WM, = 0.8
gpu_avg_NOC_A, = 13.1
gpu_avg_PIPE_A, = 0.0152496
gpu_avg_IDLE_CORE_N, = 131.6
gpu_avg_constant_power = 0
gpu_avg_threads_per_warp = 13.4566
gpu_tot_TOT_INST, = 596
gpu_tot_FP_INT, = 570
gpu_tot_IC_H, = 0
gpu_tot_IC_M, = 0
gpu_tot_DC_RH, = 3
gpu_tot_DC_RM, = 14
gpu_tot_DC_WH, = 8
gpu_tot_DC_WM, = 16
gpu_tot_TC_H, = 0
gpu_tot_TC_M, = 0
gpu_tot_CC_H, = 18
gpu_tot_CC_M, = 0
gpu_tot_SHRD_ACC, = 0
gpu_tot_REG_RD, = 0
gpu_tot_REG_WR, = 0
gpu_tot_NON_REG_OPs, = 0
gpu_tot_INT_ACC, = 117503
gpu_tot_FPU_ACC, = 203.394
gpu_tot_DPU_ACC, = 0
gpu_tot_INT_MUL24_ACC, = 0
gpu_tot_INT_MUL32_ACC, = 0
gpu_tot_INT_MUL_ACC, = 464.075
gpu_tot_INT_DIV_ACC, = 0
gpu_tot_FP_MUL_ACC, = 22.9164
gpu_tot_FP_DIV_ACC, = 0
gpu_tot_FP_SQRT_ACC, = 0
gpu_tot_FP_LG_ACC, = 0
gpu_tot_FP_SIN_ACC, = 0
gpu_tot_FP_EXP_ACC, = 46.3417
gpu_tot_DP_MUL_ACC, = 0
gpu_tot_DP_DIV_ACC, = 0
gpu_tot_TENSOR_ACC, = 0
gpu_tot_TEX_ACC, = 0
gpu_tot_MEM_RD, = 0
gpu_tot_MEM_WR, = 0
gpu_tot_MEM_PRE, = 0
gpu_tot_L2_RH, = 24
gpu_tot_L2_RM, = 1
gpu_tot_L2_WH, = 8
gpu_tot_L2_WM, = 8
gpu_tot_NOC_A, = 131
gpu_tot_PIPE_A, = 0.152496
gpu_tot_IDLE_CORE_N, = 1316
gpu_tot_constant_power = 0

Kernel Maximum Power Data:
kernel_max_power = 70.8834
gpu_max_IBP, = 0.00605236
gpu_max_ICP, = 0
gpu_max_DCP, = 0.0174102
gpu_max_TCP, = 0
gpu_max_CCP, = 0.000218372
gpu_max_SHRDP, = 0
gpu_max_RFP, = 0
gpu_max_INTP, = 0.126756
gpu_max_FPUP, = 0
gpu_max_DPUP, = 0
gpu_max_INT_MUL24P, = 0
gpu_max_INT_MUL32P, = 0
gpu_max_INT_MULP, = 0.0215756
gpu_max_INT_DIVP, = 0
gpu_max_FP_MULP, = 0
gpu_max_FP_DIVP, = 0
gpu_max_FP_SQRTP, = 0
gpu_max_FP_LGP, = 0
gpu_max_FP_SINP, = 0
gpu_max_FP_EXP, = 0
gpu_max_DP_MULP, = 0
gpu_max_DP_DIVP, = 0
gpu_max_TENSORP, = 0
gpu_max_TEXP, = 0
gpu_max_SCHEDP, = 0.0175488
gpu_max_L2CP, = 0.00217919
gpu_max_MCP, = 0.556018
gpu_max_NOCP, = 0.0136384
gpu_max_DRAMP, = 0
gpu_max_PIPEP, = 0.510851
gpu_max_IDLE_COREP, = 37.0457
gpu_max_CONSTP = 32.3252
gpu_max_STATICP = 0.240189
gpu_max_TOT_INST, = 260
gpu_max_FP_INT, = 256
gpu_max_IC_H, = 0
gpu_max_IC_M, = 0
gpu_max_DC_RH, = 0
gpu_max_DC_RM, = 8
gpu_max_DC_WH, = 0
gpu_max_DC_WM, = 8
gpu_max_TC_H, = 0
gpu_max_TC_M, = 0
gpu_max_CC_H, = 10
gpu_max_CC_M, = 0
gpu_max_SHRD_ACC, = 0
gpu_max_REG_RD, = 0
gpu_max_REG_WR, = 0
gpu_max_NON_REG_OPs, = 0
gpu_max_INT_ACC, = 69303
gpu_max_FPU_ACC, = 0
gpu_max_DPU_ACC, = 0
gpu_max_INT_MUL24_ACC, = 0
gpu_max_INT_MUL32_ACC, = 0
gpu_max_INT_MUL_ACC, = 140.88
gpu_max_INT_DIV_ACC, = 0
gpu_max_FP_MUL_ACC, = 0
gpu_max_FP_DIV_ACC, = 0
gpu_max_FP_SQRT_ACC, = 0
gpu_max_FP_LG_ACC, = 0
gpu_max_FP_SIN_ACC, = 0
gpu_max_FP_EXP_ACC, = 0
gpu_max_DP_MUL_ACC, = 0
gpu_max_DP_DIV_ACC, = 0
gpu_max_TENSOR_ACC, = 0
gpu_max_TEX_ACC, = 0
gpu_max_MEM_RD, = 0
gpu_max_MEM_WR, = 0
gpu_max_MEM_PRE, = 0
gpu_max_L2_RH, = 8
gpu_max_L2_RM, = 0
gpu_max_L2_WH, = 0
gpu_max_L2_WM, = 0
gpu_max_NOC_A, = 40
gpu_max_PIPE_A, = 0.0156255
gpu_max_IDLE_CORE_N, = 131
gpu_max_constant_power = 0

Kernel Minimum Power Data:
kernel_min_power = 70.6422
gpu_min_IBP, = 0.000884576
gpu_min_ICP, = 0
gpu_min_DCP, = 0.0174102
gpu_min_TCP, = 0
gpu_min_CCP, = 0
gpu_min_SHRDP, = 0
gpu_min_RFP, = 0
gpu_min_INTP, = 0.00394742
gpu_min_FPUP, = 0
gpu_min_DPUP, = 0
gpu_min_INT_MUL24P, = 0
gpu_min_INT_MUL32P, = 0
gpu_min_INT_MULP, = 0.00211525
gpu_min_INT_DIVP, = 0
gpu_min_FP_MULP, = 0
gpu_min_FP_DIVP, = 0
gpu_min_FP_SQRTP, = 0
gpu_min_FP_LGP, = 0
gpu_min_FP_SINP, = 0
gpu_min_FP_EXP, = 0
gpu_min_DP_MULP, = 0
gpu_min_DP_DIVP, = 0
gpu_min_TENSORP, = 0
gpu_min_TEXP, = 0
gpu_min_SCHEDP, = 0.0024678
gpu_min_L2CP, = 0.00629755
gpu_min_MCP, = 0.555994
gpu_min_NOCP, = 0.0163661
gpu_min_DRAMP, = 0
gpu_min_PIPEP, = 0.496703
gpu_min_IDLE_COREP, = 37.0457
gpu_min_CONSTP = 32.3252
gpu_min_STATICP = 0.16913
gpu_min_TOT_INST, = 38
gpu_min_FP_INT, = 36
gpu_min_IC_H, = 0
gpu_min_IC_M, = 0
gpu_min_DC_RH, = 0
gpu_min_DC_RM, = 8
gpu_min_DC_WH, = 0
gpu_min_DC_WM, = 8
gpu_min_TC_H, = 0
gpu_min_TC_M, = 0
gpu_min_CC_H, = 0
gpu_min_CC_M, = 0
gpu_min_SHRD_ACC, = 0
gpu_min_REG_RD, = 0
gpu_min_REG_WR, = 0
gpu_min_NON_REG_OPs, = 0
gpu_min_INT_ACC, = 2158.23
gpu_min_FPU_ACC, = 0
gpu_min_DPU_ACC, = 0
gpu_min_INT_MUL24_ACC, = 0
gpu_min_INT_MUL32_ACC, = 0
gpu_min_INT_MUL_ACC, = 13.8118
gpu_min_INT_DIV_ACC, = 0
gpu_min_FP_MUL_ACC, = 0
gpu_min_FP_DIV_ACC, = 0
gpu_min_FP_SQRT_ACC, = 0
gpu_min_FP_LG_ACC, = 0
gpu_min_FP_SIN_ACC, = 0
gpu_min_FP_EXP_ACC, = 0
gpu_min_DP_MUL_ACC, = 0
gpu_min_DP_DIV_ACC, = 0
gpu_min_TENSOR_ACC, = 0
gpu_min_TEX_ACC, = 0
gpu_min_MEM_RD, = 0
gpu_min_MEM_WR, = 0
gpu_min_MEM_PRE, = 0
gpu_min_L2_RH, = 8
gpu_min_L2_RM, = 0
gpu_min_L2_WH, = 0
gpu_min_L2_WM, = 8
gpu_min_NOC_A, = 48
gpu_min_PIPE_A, = 0.0151927
gpu_min_IDLE_CORE_N, = 131
gpu_min_constant_power = 0

Accumulative Power Statistics Over Previous Kernels:
gpu_tot_avg_power = 81.221
gpu_tot_max_power = 154.291
gpu_tot_min_power = 60.8126


kernel_name = _ZN7cutlass13device_kernelIN5flash20enable_sm90_or_laterINS1_16FlashAttnFwdSm90INS1_25CollectiveMainloopFwdSm90ILi2EN4cute5tupleIJNS5_1CILi1EEES8_S8_EEENS6_IJNS7_ILi64EEENS7_ILi192EEESA_EEELi64ENS_10bfloat16_tEfNS_4arch4Sm90ELb0ELb0ELb0ELb1ELb1ELb0ELb0ELb1ELb1ELb1ELb0ELb0ESD_Li1EEENS1_21CollectiveEpilogueFwdINS6_IJSA_SA_SB_EEES9_SD_SF_Li128ELb1ELb1ELb0ELb0ELi1EEENS1_36VarlenDynamicPersistentTileSchedulerILi64ELi192ELi128ELi128ELb0ELb1ELb1ELb0ELb0ELb1EEEEEEEEEvNT_6ParamsE 
kernel_launch_uid = 77 

Kernel Average Power Data:
kernel_avg_power = 73.2456
gpu_avg_IBP, = 0.115115
gpu_avg_ICP, = 0
gpu_avg_DCP, = 0.0399424
gpu_avg_TCP, = 0
gpu_avg_CCP, = 0.00156396
gpu_avg_SHRDP, = 0.0906271
gpu_avg_RFP, = 0
gpu_avg_INTP, = 1.85228
gpu_avg_FPUP, = 0.174752
gpu_avg_DPUP, = 0
gpu_avg_INT_MUL24P, = 0
gpu_avg_INT_MUL32P, = 0
gpu_avg_INT_MULP, = 0.123047
gpu_avg_INT_DIVP, = 0
gpu_avg_FP_MULP, = 0.0225644
gpu_avg_FP_DIVP, = 0
gpu_avg_FP_SQRTP, = 0
gpu_avg_FP_LGP, = 0.000391793
gpu_avg_FP_SINP, = 0
gpu_avg_FP_EXP, = 0.0661874
gpu_avg_DP_MULP, = 0
gpu_avg_DP_DIVP, = 0
gpu_avg_TENSORP, = 0
gpu_avg_TEXP, = 0
gpu_avg_SCHEDP, = 0.330887
gpu_avg_L2CP, = 0.00742448
gpu_avg_MCP, = 0.558972
gpu_avg_NOCP, = 0.117696
gpu_avg_DRAMP, = 0
gpu_avg_PIPEP, = 0.456358
gpu_avg_IDLE_COREP, = 33.8972
gpu_avg_CONSTP = 32.3252
gpu_avg_STATICP = 3.06535
gpu_avg_TOT_INST, = 4945.14
gpu_avg_FP_INT, = 4826.95
gpu_avg_IC_H, = 0
gpu_avg_IC_M, = 0
gpu_avg_DC_RH, = 3.2381
gpu_avg_DC_RM, = 28.0952
gpu_avg_DC_WH, = 0
gpu_avg_DC_WM, = 2.80952
gpu_avg_TC_H, = 0
gpu_avg_TC_M, = 0
gpu_avg_CC_H, = 71.619
gpu_avg_CC_M, = 0
gpu_avg_SHRD_ACC, = 203.238
gpu_avg_REG_RD, = 0
gpu_avg_REG_WR, = 0
gpu_avg_NON_REG_OPs, = 0
gpu_avg_INT_ACC, = 1.01272e+06
gpu_avg_FPU_ACC, = 2340.64
gpu_avg_DPU_ACC, = 0
gpu_avg_INT_MUL24_ACC, = 0
gpu_avg_INT_MUL32_ACC, = 0
gpu_avg_INT_MUL_ACC, = 803.45
gpu_avg_INT_DIV_ACC, = 0
gpu_avg_FP_MUL_ACC, = 147.337
gpu_avg_FP_DIV_ACC, = 0
gpu_avg_FP_SQRT_ACC, = 0
gpu_avg_FP_LG_ACC, = 2.55825
gpu_avg_FP_SIN_ACC, = 0
gpu_avg_FP_EXP_ACC, = 432.177
gpu_avg_DP_MUL_ACC, = 0
gpu_avg_DP_DIV_ACC, = 0
gpu_avg_TENSOR_ACC, = 0
gpu_avg_TEX_ACC, = 0
gpu_avg_MEM_RD, = 0
gpu_avg_MEM_WR, = 0
gpu_avg_MEM_PRE, = 0
gpu_avg_L2_RH, = 19.3333
gpu_avg_L2_RM, = 27.5714
gpu_avg_L2_WH, = 0.047619
gpu_avg_L2_WM, = 3.14286
gpu_avg_NOC_A, = 345.19
gpu_avg_PIPE_A, = 0.0139587
gpu_avg_IDLE_CORE_N, = 119.866
gpu_avg_constant_power = 0
gpu_avg_threads_per_warp = 20.662
gpu_tot_TOT_INST, = 103848
gpu_tot_FP_INT, = 101366
gpu_tot_IC_H, = 0
gpu_tot_IC_M, = 0
gpu_tot_DC_RH, = 68
gpu_tot_DC_RM, = 590
gpu_tot_DC_WH, = 0
gpu_tot_DC_WM, = 59
gpu_tot_TC_H, = 0
gpu_tot_TC_M, = 0
gpu_tot_CC_H, = 1504
gpu_tot_CC_M, = 0
gpu_tot_SHRD_ACC, = 4268
gpu_tot_REG_RD, = 0
gpu_tot_REG_WR, = 0
gpu_tot_NON_REG_OPs, = 0
gpu_tot_INT_ACC, = 2.12672e+07
gpu_tot_FPU_ACC, = 49153.4
gpu_tot_DPU_ACC, = 0
gpu_tot_INT_MUL24_ACC, = 0
gpu_tot_INT_MUL32_ACC, = 0
gpu_tot_INT_MUL_ACC, = 16872.5
gpu_tot_INT_DIV_ACC, = 0
gpu_tot_FP_MUL_ACC, = 3094.07
gpu_tot_FP_DIV_ACC, = 0
gpu_tot_FP_SQRT_ACC, = 0
gpu_tot_FP_LG_ACC, = 53.7233
gpu_tot_FP_SIN_ACC, = 0
gpu_tot_FP_EXP_ACC, = 9075.72
gpu_tot_DP_MUL_ACC, = 0
gpu_tot_DP_DIV_ACC, = 0
gpu_tot_TENSOR_ACC, = 0
gpu_tot_TEX_ACC, = 0
gpu_tot_MEM_RD, = 0
gpu_tot_MEM_WR, = 0
gpu_tot_MEM_PRE, = 0
gpu_tot_L2_RH, = 406
gpu_tot_L2_RM, = 579
gpu_tot_L2_WH, = 1
gpu_tot_L2_WM, = 66
gpu_tot_NOC_A, = 7249
gpu_tot_PIPE_A, = 0.293132
gpu_tot_IDLE_CORE_N, = 2517.19
gpu_tot_constant_power = 0

Kernel Maximum Power Data:
kernel_max_power = 104.729
gpu_max_IBP, = 1.59754
gpu_max_ICP, = 0
gpu_max_DCP, = 0
gpu_max_TCP, = 0
gpu_max_CCP, = 0.022405
gpu_max_SHRDP, = 1.11836
gpu_max_RFP, = 0
gpu_max_INTP, = 27.5337
gpu_max_FPUP, = 0
gpu_max_DPUP, = 0
gpu_max_INT_MUL24P, = 0
gpu_max_INT_MUL32P, = 0
gpu_max_INT_MULP, = 0.0663132
gpu_max_INT_DIVP, = 0
gpu_max_FP_MULP, = 0
gpu_max_FP_DIVP, = 0
gpu_max_FP_SQRTP, = 0
gpu_max_FP_LGP, = 0
gpu_max_FP_SINP, = 0
gpu_max_FP_EXP, = 0
gpu_max_DP_MULP, = 0
gpu_max_DP_DIVP, = 0
gpu_max_TENSORP, = 0
gpu_max_TEXP, = 0
gpu_max_SCHEDP, = 4.65756
gpu_max_L2CP, = 0
gpu_max_MCP, = 0.552631
gpu_max_NOCP, = 0
gpu_max_DRAMP, = 0
gpu_max_PIPEP, = 3.7426
gpu_max_IDLE_COREP, = 11.9892
gpu_max_CONSTP = 32.3252
gpu_max_STATICP = 21.1239
gpu_max_TOT_INST, = 68628
gpu_max_FP_INT, = 67944
gpu_max_IC_H, = 0
gpu_max_IC_M, = 0
gpu_max_DC_RH, = 0
gpu_max_DC_RM, = 0
gpu_max_DC_WH, = 0
gpu_max_DC_WM, = 0
gpu_max_TC_H, = 0
gpu_max_TC_M, = 0
gpu_max_CC_H, = 1026
gpu_max_CC_M, = 0
gpu_max_SHRD_ACC, = 2508
gpu_max_REG_RD, = 0
gpu_max_REG_WR, = 0
gpu_max_NON_REG_OPs, = 0
gpu_max_INT_ACC, = 1.50539e+07
gpu_max_FPU_ACC, = 0
gpu_max_DPU_ACC, = 0
gpu_max_INT_MUL24_ACC, = 0
gpu_max_INT_MUL32_ACC, = 0
gpu_max_INT_MUL_ACC, = 432.999
gpu_max_INT_DIV_ACC, = 0
gpu_max_FP_MUL_ACC, = 0
gpu_max_FP_DIV_ACC, = 0
gpu_max_FP_SQRT_ACC, = 0
gpu_max_FP_LG_ACC, = 0
gpu_max_FP_SIN_ACC, = 0
gpu_max_FP_EXP_ACC, = 0
gpu_max_DP_MUL_ACC, = 0
gpu_max_DP_DIV_ACC, = 0
gpu_max_TENSOR_ACC, = 0
gpu_max_TEX_ACC, = 0
gpu_max_MEM_RD, = 0
gpu_max_MEM_WR, = 0
gpu_max_MEM_PRE, = 0
gpu_max_L2_RH, = 0
gpu_max_L2_RM, = 0
gpu_max_L2_WH, = 0
gpu_max_L2_WM, = 0
gpu_max_NOC_A, = 0
gpu_max_PIPE_A, = 0.114475
gpu_max_IDLE_CORE_N, = 42.396
gpu_max_constant_power = 0

Kernel Minimum Power Data:
kernel_min_power = 70.24
gpu_min_IBP, = 0.00670415
gpu_min_ICP, = 0
gpu_min_DCP, = 0.0063492
gpu_min_TCP, = 0
gpu_min_CCP, = 0
gpu_min_SHRDP, = 0.00356733
gpu_min_RFP, = 0
gpu_min_INTP, = 0.0570183
gpu_min_FPUP, = 0
gpu_min_DPUP, = 0
gpu_min_INT_MUL24P, = 0
gpu_min_INT_MUL32P, = 0
gpu_min_INT_MULP, = 0.0434332
gpu_min_INT_DIVP, = 0
gpu_min_FP_MULP, = 0
gpu_min_FP_DIVP, = 0
gpu_min_FP_SQRTP, = 0
gpu_min_FP_LGP, = 0
gpu_min_FP_SINP, = 0
gpu_min_FP_EXP, = 0
gpu_min_DP_MULP, = 0
gpu_min_DP_DIVP, = 0
gpu_min_TENSORP, = 0
gpu_min_TEXP, = 0
gpu_min_SCHEDP, = 0.0197424
gpu_min_L2CP, = 1.77471e-05
gpu_min_MCP, = 0.550542
gpu_min_NOCP, = 0.000681922
gpu_min_DRAMP, = 0
gpu_min_PIPEP, = 0.0722602
gpu_min_IDLE_COREP, = 36.7629
gpu_min_CONSTP = 32.3252
gpu_min_STATICP = 0.391554
gpu_min_TOT_INST, = 288
gpu_min_FP_INT, = 288
gpu_min_IC_H, = 0
gpu_min_IC_M, = 0
gpu_min_DC_RH, = 6
gpu_min_DC_RM, = -4
gpu_min_DC_WH, = 0
gpu_min_DC_WM, = 0
gpu_min_TC_H, = 0
gpu_min_TC_M, = 0
gpu_min_CC_H, = 0
gpu_min_CC_M, = 0
gpu_min_SHRD_ACC, = 8
gpu_min_REG_RD, = 0
gpu_min_REG_WR, = 0
gpu_min_NON_REG_OPs, = 0
gpu_min_INT_ACC, = 31174.4
gpu_min_FPU_ACC, = 0
gpu_min_DPU_ACC, = 0
gpu_min_INT_MUL24_ACC, = 0
gpu_min_INT_MUL32_ACC, = 0
gpu_min_INT_MUL_ACC, = 283.602
gpu_min_INT_DIV_ACC, = 0
gpu_min_FP_MUL_ACC, = 0
gpu_min_FP_DIV_ACC, = 0
gpu_min_FP_SQRT_ACC, = 0
gpu_min_FP_LG_ACC, = 0
gpu_min_FP_SIN_ACC, = 0
gpu_min_FP_EXP_ACC, = 0
gpu_min_DP_MUL_ACC, = 0
gpu_min_DP_DIV_ACC, = 0
gpu_min_TENSOR_ACC, = 0
gpu_min_TEX_ACC, = 0
gpu_min_MEM_RD, = 0
gpu_min_MEM_WR, = 0
gpu_min_MEM_PRE, = 0
gpu_min_L2_RH, = 0
gpu_min_L2_RM, = 1
gpu_min_L2_WH, = 0
gpu_min_L2_WM, = 0
gpu_min_NOC_A, = 2
gpu_min_PIPE_A, = 0.00221023
gpu_min_IDLE_CORE_N, = 130
gpu_min_constant_power = 0

Accumulative Power Statistics Over Previous Kernels:
gpu_tot_avg_power = 81.0601
gpu_tot_max_power = 154.291
gpu_tot_min_power = 60.8126


kernel_name = _ZN2at6native29vectorized_elementwise_kernelILi4ENS0_11FillFunctorIiEESt5arrayIPcLm1EEEEviT0_T1_ 
kernel_launch_uid = 78 

Kernel Average Power Data:
kernel_avg_power = 70.2628
gpu_avg_IBP, = 7.75944e-05
gpu_avg_ICP, = 0
gpu_avg_DCP, = 0
gpu_avg_TCP, = 0
gpu_avg_CCP, = 0
gpu_avg_SHRDP, = 0.000297277
gpu_avg_RFP, = 0
gpu_avg_INTP, = 9.13755e-06
gpu_avg_FPUP, = 0
gpu_avg_DPUP, = 0
gpu_avg_INT_MUL24P, = 0
gpu_avg_INT_MUL32P, = 0
gpu_avg_INT_MULP, = 1.17514e-05
gpu_avg_INT_DIVP, = 0
gpu_avg_FP_MULP, = 0
gpu_avg_FP_DIVP, = 0
gpu_avg_FP_SQRTP, = 0
gpu_avg_FP_LGP, = 0
gpu_avg_FP_SINP, = 0
gpu_avg_FP_EXP, = 0
gpu_avg_DP_MULP, = 0
gpu_avg_DP_DIVP, = 0
gpu_avg_TENSORP, = 0
gpu_avg_TEXP, = 0
gpu_avg_SCHEDP, = 0.0002285
gpu_avg_L2CP, = 0
gpu_avg_MCP, = 0.55022
gpu_avg_NOCP, = 0
gpu_avg_DRAMP, = 0
gpu_avg_PIPEP, = 0.0638661
gpu_avg_IDLE_COREP, = 37.319
gpu_avg_CONSTP = 32.3252
gpu_avg_STATICP = 0.00389973
gpu_avg_TOT_INST, = 3.33333
gpu_avg_FP_INT, = 3.33333
gpu_avg_IC_H, = 0
gpu_avg_IC_M, = 0
gpu_avg_DC_RH, = 0
gpu_avg_DC_RM, = 0
gpu_avg_DC_WH, = 0
gpu_avg_DC_WM, = 0
gpu_avg_TC_H, = 0
gpu_avg_TC_M, = 0
gpu_avg_CC_H, = 0
gpu_avg_CC_M, = 0
gpu_avg_SHRD_ACC, = 0.666667
gpu_avg_REG_RD, = 0
gpu_avg_REG_WR, = 0
gpu_avg_NON_REG_OPs, = 0
gpu_avg_INT_ACC, = 4.99589
gpu_avg_FPU_ACC, = 0
gpu_avg_DPU_ACC, = 0
gpu_avg_INT_MUL24_ACC, = 0
gpu_avg_INT_MUL32_ACC, = 0
gpu_avg_INT_MUL_ACC, = 0.076732
gpu_avg_INT_DIV_ACC, = 0
gpu_avg_FP_MUL_ACC, = 0
gpu_avg_FP_DIV_ACC, = 0
gpu_avg_FP_SQRT_ACC, = 0
gpu_avg_FP_LG_ACC, = 0
gpu_avg_FP_SIN_ACC, = 0
gpu_avg_FP_EXP_ACC, = 0
gpu_avg_DP_MUL_ACC, = 0
gpu_avg_DP_DIV_ACC, = 0
gpu_avg_TENSOR_ACC, = 0
gpu_avg_TEX_ACC, = 0
gpu_avg_MEM_RD, = 0
gpu_avg_MEM_WR, = 0
gpu_avg_MEM_PRE, = 0
gpu_avg_L2_RH, = 0
gpu_avg_L2_RM, = 0
gpu_avg_L2_WH, = 0
gpu_avg_L2_WM, = 0
gpu_avg_NOC_A, = 0
gpu_avg_PIPE_A, = 0.00195348
gpu_avg_IDLE_CORE_N, = 131.966
gpu_avg_constant_power = 0
gpu_avg_threads_per_warp = 0.166667
gpu_tot_TOT_INST, = 20
gpu_tot_FP_INT, = 20
gpu_tot_IC_H, = 0
gpu_tot_IC_M, = 0
gpu_tot_DC_RH, = 0
gpu_tot_DC_RM, = 0
gpu_tot_DC_WH, = 0
gpu_tot_DC_WM, = 0
gpu_tot_TC_H, = 0
gpu_tot_TC_M, = 0
gpu_tot_CC_H, = 0
gpu_tot_CC_M, = 0
gpu_tot_SHRD_ACC, = 4
gpu_tot_REG_RD, = 0
gpu_tot_REG_WR, = 0
gpu_tot_NON_REG_OPs, = 0
gpu_tot_INT_ACC, = 29.9754
gpu_tot_FPU_ACC, = 0
gpu_tot_DPU_ACC, = 0
gpu_tot_INT_MUL24_ACC, = 0
gpu_tot_INT_MUL32_ACC, = 0
gpu_tot_INT_MUL_ACC, = 0.460392
gpu_tot_INT_DIV_ACC, = 0
gpu_tot_FP_MUL_ACC, = 0
gpu_tot_FP_DIV_ACC, = 0
gpu_tot_FP_SQRT_ACC, = 0
gpu_tot_FP_LG_ACC, = 0
gpu_tot_FP_SIN_ACC, = 0
gpu_tot_FP_EXP_ACC, = 0
gpu_tot_DP_MUL_ACC, = 0
gpu_tot_DP_DIV_ACC, = 0
gpu_tot_TENSOR_ACC, = 0
gpu_tot_TEX_ACC, = 0
gpu_tot_MEM_RD, = 0
gpu_tot_MEM_WR, = 0
gpu_tot_MEM_PRE, = 0
gpu_tot_L2_RH, = 0
gpu_tot_L2_RM, = 0
gpu_tot_L2_WH, = 0
gpu_tot_L2_WM, = 0
gpu_tot_NOC_A, = 0
gpu_tot_PIPE_A, = 0.0117209
gpu_tot_IDLE_CORE_N, = 791.798
gpu_tot_constant_power = 0

Kernel Maximum Power Data:
kernel_max_power = 70.2678
gpu_max_IBP, = 0
gpu_max_ICP, = 0
gpu_max_DCP, = 0
gpu_max_TCP, = 0
gpu_max_CCP, = 0
gpu_max_SHRDP, = 0
gpu_max_RFP, = 0
gpu_max_INTP, = 0
gpu_max_FPUP, = 0
gpu_max_DPUP, = 0
gpu_max_INT_MUL24P, = 0
gpu_max_INT_MUL32P, = 0
gpu_max_INT_MULP, = 0
gpu_max_INT_DIVP, = 0
gpu_max_FP_MULP, = 0
gpu_max_FP_DIVP, = 0
gpu_max_FP_SQRTP, = 0
gpu_max_FP_LGP, = 0
gpu_max_FP_SINP, = 0
gpu_max_FP_EXP, = 0
gpu_max_DP_MULP, = 0
gpu_max_DP_DIVP, = 0
gpu_max_TENSORP, = 0
gpu_max_TEXP, = 0
gpu_max_SCHEDP, = 0
gpu_max_L2CP, = 0
gpu_max_MCP, = 0.55022
gpu_max_NOCP, = 0
gpu_max_DRAMP, = 0
gpu_max_PIPEP, = 0.0638545
gpu_max_IDLE_COREP, = 37.3285
gpu_max_CONSTP = 32.3252
gpu_max_STATICP = 0
gpu_max_TOT_INST, = 0
gpu_max_FP_INT, = 0
gpu_max_IC_H, = 0
gpu_max_IC_M, = 0
gpu_max_DC_RH, = 0
gpu_max_DC_RM, = 0
gpu_max_DC_WH, = 0
gpu_max_DC_WM, = 0
gpu_max_TC_H, = 0
gpu_max_TC_M, = 0
gpu_max_CC_H, = 0
gpu_max_CC_M, = 0
gpu_max_SHRD_ACC, = 0
gpu_max_REG_RD, = 0
gpu_max_REG_WR, = 0
gpu_max_NON_REG_OPs, = 0
gpu_max_INT_ACC, = 0
gpu_max_FPU_ACC, = 0
gpu_max_DPU_ACC, = 0
gpu_max_INT_MUL24_ACC, = 0
gpu_max_INT_MUL32_ACC, = 0
gpu_max_INT_MUL_ACC, = 0
gpu_max_INT_DIV_ACC, = 0
gpu_max_FP_MUL_ACC, = 0
gpu_max_FP_DIV_ACC, = 0
gpu_max_FP_SQRT_ACC, = 0
gpu_max_FP_LG_ACC, = 0
gpu_max_FP_SIN_ACC, = 0
gpu_max_FP_EXP_ACC, = 0
gpu_max_DP_MUL_ACC, = 0
gpu_max_DP_DIV_ACC, = 0
gpu_max_TENSOR_ACC, = 0
gpu_max_TEX_ACC, = 0
gpu_max_MEM_RD, = 0
gpu_max_MEM_WR, = 0
gpu_max_MEM_PRE, = 0
gpu_max_L2_RH, = 0
gpu_max_L2_RM, = 0
gpu_max_L2_WH, = 0
gpu_max_L2_WM, = 0
gpu_max_NOC_A, = 0
gpu_max_PIPE_A, = 0.00195312
gpu_max_IDLE_CORE_N, = 132
gpu_max_constant_power = 0

Kernel Minimum Power Data:
kernel_min_power = 70.2379
gpu_min_IBP, = 0.000465566
gpu_min_ICP, = 0
gpu_min_DCP, = 0
gpu_min_TCP, = 0
gpu_min_CCP, = 0
gpu_min_SHRDP, = 0.00178366
gpu_min_RFP, = 0
gpu_min_INTP, = 5.48253e-05
gpu_min_FPUP, = 0
gpu_min_DPUP, = 0
gpu_min_INT_MUL24P, = 0
gpu_min_INT_MUL32P, = 0
gpu_min_INT_MULP, = 7.05085e-05
gpu_min_INT_DIVP, = 0
gpu_min_FP_MULP, = 0
gpu_min_FP_DIVP, = 0
gpu_min_FP_SQRTP, = 0
gpu_min_FP_LGP, = 0
gpu_min_FP_SINP, = 0
gpu_min_FP_EXP, = 0
gpu_min_DP_MULP, = 0
gpu_min_DP_DIVP, = 0
gpu_min_TENSORP, = 0
gpu_min_TEXP, = 0
gpu_min_SCHEDP, = 0.001371
gpu_min_L2CP, = 0
gpu_min_MCP, = 0.55022
gpu_min_NOCP, = 0
gpu_min_DRAMP, = 0
gpu_min_PIPEP, = 0.0639242
gpu_min_IDLE_COREP, = 37.2714
gpu_min_CONSTP = 32.3252
gpu_min_STATICP = 0.0233984
gpu_min_TOT_INST, = 20
gpu_min_FP_INT, = 20
gpu_min_IC_H, = 0
gpu_min_IC_M, = 0
gpu_min_DC_RH, = 0
gpu_min_DC_RM, = 0
gpu_min_DC_WH, = 0
gpu_min_DC_WM, = 0
gpu_min_TC_H, = 0
gpu_min_TC_M, = 0
gpu_min_CC_H, = 0
gpu_min_CC_M, = 0
gpu_min_SHRD_ACC, = 4
gpu_min_REG_RD, = 0
gpu_min_REG_WR, = 0
gpu_min_NON_REG_OPs, = 0
gpu_min_INT_ACC, = 29.9754
gpu_min_FPU_ACC, = 0
gpu_min_DPU_ACC, = 0
gpu_min_INT_MUL24_ACC, = 0
gpu_min_INT_MUL32_ACC, = 0
gpu_min_INT_MUL_ACC, = 0.460392
gpu_min_INT_DIV_ACC, = 0
gpu_min_FP_MUL_ACC, = 0
gpu_min_FP_DIV_ACC, = 0
gpu_min_FP_SQRT_ACC, = 0
gpu_min_FP_LG_ACC, = 0
gpu_min_FP_SIN_ACC, = 0
gpu_min_FP_EXP_ACC, = 0
gpu_min_DP_MUL_ACC, = 0
gpu_min_DP_DIV_ACC, = 0
gpu_min_TENSOR_ACC, = 0
gpu_min_TEX_ACC, = 0
gpu_min_MEM_RD, = 0
gpu_min_MEM_WR, = 0
gpu_min_MEM_PRE, = 0
gpu_min_L2_RH, = 0
gpu_min_L2_RM, = 0
gpu_min_L2_WH, = 0
gpu_min_L2_WM, = 0
gpu_min_NOC_A, = 0
gpu_min_PIPE_A, = 0.00195526
gpu_min_IDLE_CORE_N, = 131.798
gpu_min_constant_power = 0

Accumulative Power Statistics Over Previous Kernels:
gpu_tot_avg_power = 80.9982
gpu_tot_max_power = 154.291
gpu_tot_min_power = 60.8126


kernel_name = nvjet_sm90_tst_64x8_64x16_4x1_v_bz_TNT 
kernel_launch_uid = 79 

Kernel Average Power Data:
kernel_avg_power = 77.6637
gpu_avg_IBP, = 0.131105
gpu_avg_ICP, = 0
gpu_avg_DCP, = 7.63232e-05
gpu_avg_TCP, = 0
gpu_avg_CCP, = 0.000923401
gpu_avg_SHRDP, = 0.119283
gpu_avg_RFP, = 0
gpu_avg_INTP, = 2.52297
gpu_avg_FPUP, = 0.0151854
gpu_avg_DPUP, = 0
gpu_avg_INT_MUL24P, = 0
gpu_avg_INT_MUL32P, = 0
gpu_avg_INT_MULP, = 0.234251
gpu_avg_INT_DIVP, = 0
gpu_avg_FP_MULP, = 0
gpu_avg_FP_DIVP, = 0
gpu_avg_FP_SQRTP, = 0
gpu_avg_FP_LGP, = 0
gpu_avg_FP_SINP, = 0
gpu_avg_FP_EXP, = 0
gpu_avg_DP_MULP, = 0
gpu_avg_DP_DIVP, = 0
gpu_avg_TENSORP, = 0
gpu_avg_TEXP, = 0
gpu_avg_SCHEDP, = 0.376559
gpu_avg_L2CP, = 0.318633
gpu_avg_MCP, = 0.550354
gpu_avg_NOCP, = 3.68625
gpu_avg_DRAMP, = 0
gpu_avg_PIPEP, = 0.338802
gpu_avg_IDLE_COREP, = 35.017
gpu_avg_CONSTP = 32.3252
gpu_avg_STATICP = 2.02701
gpu_avg_TOT_INST, = 5632.07
gpu_avg_FP_INT, = 5493.21
gpu_avg_IC_H, = 0
gpu_avg_IC_M, = 0
gpu_avg_DC_RH, = 0
gpu_avg_DC_RM, = 0
gpu_avg_DC_WH, = 0
gpu_avg_DC_WM, = 0.0714286
gpu_avg_TC_H, = 0
gpu_avg_TC_M, = 0
gpu_avg_CC_H, = 42.2857
gpu_avg_CC_M, = 0
gpu_avg_SHRD_ACC, = 267.5
gpu_avg_REG_RD, = 0
gpu_avg_REG_WR, = 0
gpu_avg_NON_REG_OPs, = 0
gpu_avg_INT_ACC, = 1.37942e+06
gpu_avg_FPU_ACC, = 203.394
gpu_avg_DPU_ACC, = 0
gpu_avg_INT_MUL24_ACC, = 0
gpu_avg_INT_MUL32_ACC, = 0
gpu_avg_INT_MUL_ACC, = 1529.56
gpu_avg_INT_DIV_ACC, = 0
gpu_avg_FP_MUL_ACC, = 0
gpu_avg_FP_DIV_ACC, = 0
gpu_avg_FP_SQRT_ACC, = 0
gpu_avg_FP_LG_ACC, = 0
gpu_avg_FP_SIN_ACC, = 0
gpu_avg_FP_EXP_ACC, = 0
gpu_avg_DP_MUL_ACC, = 0
gpu_avg_DP_DIV_ACC, = 0
gpu_avg_TENSOR_ACC, = 0
gpu_avg_TEX_ACC, = 0
gpu_avg_MEM_RD, = 0
gpu_avg_MEM_WR, = 0
gpu_avg_MEM_PRE, = 0
gpu_avg_L2_RH, = 987.714
gpu_avg_L2_RM, = 2600.29
gpu_avg_L2_WH, = 3.21429
gpu_avg_L2_WM, = 0
gpu_avg_NOC_A, = 10811.4
gpu_avg_PIPE_A, = 0.010363
gpu_avg_IDLE_CORE_N, = 123.826
gpu_avg_constant_power = 0
gpu_avg_threads_per_warp = 17.5888
gpu_tot_TOT_INST, = 78849
gpu_tot_FP_INT, = 76905
gpu_tot_IC_H, = 0
gpu_tot_IC_M, = 0
gpu_tot_DC_RH, = 0
gpu_tot_DC_RM, = 0
gpu_tot_DC_WH, = 0
gpu_tot_DC_WM, = 1
gpu_tot_TC_H, = 0
gpu_tot_TC_M, = 0
gpu_tot_CC_H, = 592
gpu_tot_CC_M, = 0
gpu_tot_SHRD_ACC, = 3745
gpu_tot_REG_RD, = 0
gpu_tot_REG_WR, = 0
gpu_tot_NON_REG_OPs, = 0
gpu_tot_INT_ACC, = 1.93118e+07
gpu_tot_FPU_ACC, = 2847.51
gpu_tot_DPU_ACC, = 0
gpu_tot_INT_MUL24_ACC, = 0
gpu_tot_INT_MUL32_ACC, = 0
gpu_tot_INT_MUL_ACC, = 21413.9
gpu_tot_INT_DIV_ACC, = 0
gpu_tot_FP_MUL_ACC, = 0
gpu_tot_FP_DIV_ACC, = 0
gpu_tot_FP_SQRT_ACC, = 0
gpu_tot_FP_LG_ACC, = 0
gpu_tot_FP_SIN_ACC, = 0
gpu_tot_FP_EXP_ACC, = 0
gpu_tot_DP_MUL_ACC, = 0
gpu_tot_DP_DIV_ACC, = 0
gpu_tot_TENSOR_ACC, = 0
gpu_tot_TEX_ACC, = 0
gpu_tot_MEM_RD, = 0
gpu_tot_MEM_WR, = 0
gpu_tot_MEM_PRE, = 0
gpu_tot_L2_RH, = 13828
gpu_tot_L2_RM, = 36404
gpu_tot_L2_WH, = 45
gpu_tot_L2_WM, = 0
gpu_tot_NOC_A, = 151359
gpu_tot_PIPE_A, = 0.145081
gpu_tot_IDLE_CORE_N, = 1733.57
gpu_tot_constant_power = 0

Kernel Maximum Power Data:
kernel_max_power = 91.646
gpu_max_IBP, = 0.243258
gpu_max_ICP, = 0
gpu_max_DCP, = 0
gpu_max_TCP, = 0
gpu_max_CCP, = 0
gpu_max_SHRDP, = 0.288954
gpu_max_RFP, = 0
gpu_max_INTP, = 5.25182
gpu_max_FPUP, = 0
gpu_max_DPUP, = 0
gpu_max_INT_MUL24P, = 0
gpu_max_INT_MUL32P, = 0
gpu_max_INT_MULP, = 0.0953275
gpu_max_INT_DIVP, = 0
gpu_max_FP_MULP, = 0
gpu_max_FP_DIVP, = 0
gpu_max_FP_SQRTP, = 0
gpu_max_FP_LGP, = 0
gpu_max_FP_SINP, = 0
gpu_max_FP_EXP, = 0
gpu_max_DP_MULP, = 0
gpu_max_DP_DIVP, = 0
gpu_max_TENSORP, = 0
gpu_max_TEXP, = 0
gpu_max_SCHEDP, = 0.697084
gpu_max_L2CP, = 1.13597
gpu_max_MCP, = 0.55022
gpu_max_NOCP, = 13.8403
gpu_max_DRAMP, = 0
gpu_max_PIPEP, = 0.57103
gpu_max_IDLE_COREP, = 32.8038
gpu_max_CONSTP = 32.3252
gpu_max_STATICP = 3.84302
gpu_max_TOT_INST, = 10450
gpu_max_FP_INT, = 10169
gpu_max_IC_H, = 0
gpu_max_IC_M, = 0
gpu_max_DC_RH, = 0
gpu_max_DC_RM, = 0
gpu_max_DC_WH, = 0
gpu_max_DC_WM, = 0
gpu_max_TC_H, = 0
gpu_max_TC_M, = 0
gpu_max_CC_H, = 0
gpu_max_CC_M, = 0
gpu_max_SHRD_ACC, = 648
gpu_max_REG_RD, = 0
gpu_max_REG_WR, = 0
gpu_max_NON_REG_OPs, = 0
gpu_max_INT_ACC, = 2.8714e+06
gpu_max_FPU_ACC, = 0
gpu_max_DPU_ACC, = 0
gpu_max_INT_MUL24_ACC, = 0
gpu_max_INT_MUL32_ACC, = 0
gpu_max_INT_MUL_ACC, = 622.45
gpu_max_INT_DIV_ACC, = 0
gpu_max_FP_MUL_ACC, = 0
gpu_max_FP_DIV_ACC, = 0
gpu_max_FP_SQRT_ACC, = 0
gpu_max_FP_LG_ACC, = 0
gpu_max_FP_SIN_ACC, = 0
gpu_max_FP_EXP_ACC, = 0
gpu_max_DP_MUL_ACC, = 0
gpu_max_DP_DIV_ACC, = 0
gpu_max_TENSOR_ACC, = 0
gpu_max_TEX_ACC, = 0
gpu_max_MEM_RD, = 0
gpu_max_MEM_WR, = 0
gpu_max_MEM_PRE, = 0
gpu_max_L2_RH, = 3553
gpu_max_L2_RM, = 9474
gpu_max_L2_WH, = 0
gpu_max_L2_WM, = 0
gpu_max_NOC_A, = 40592
gpu_max_PIPE_A, = 0.0174662
gpu_max_IDLE_CORE_N, = 116
gpu_max_constant_power = 0

Kernel Minimum Power Data:
kernel_min_power = 70.2678
gpu_min_IBP, = 0
gpu_min_ICP, = 0
gpu_min_DCP, = 0
gpu_min_TCP, = 0
gpu_min_CCP, = 0
gpu_min_SHRDP, = 0
gpu_min_RFP, = 0
gpu_min_INTP, = 0
gpu_min_FPUP, = 0
gpu_min_DPUP, = 0
gpu_min_INT_MUL24P, = 0
gpu_min_INT_MUL32P, = 0
gpu_min_INT_MULP, = 0
gpu_min_INT_DIVP, = 0
gpu_min_FP_MULP, = 0
gpu_min_FP_DIVP, = 0
gpu_min_FP_SQRTP, = 0
gpu_min_FP_LGP, = 0
gpu_min_FP_SINP, = 0
gpu_min_FP_EXP, = 0
gpu_min_DP_MULP, = 0
gpu_min_DP_DIVP, = 0
gpu_min_TENSORP, = 0
gpu_min_TEXP, = 0
gpu_min_SCHEDP, = 0
gpu_min_L2CP, = 0
gpu_min_MCP, = 0.55022
gpu_min_NOCP, = 0
gpu_min_DRAMP, = 0
gpu_min_PIPEP, = 0.0638545
gpu_min_IDLE_COREP, = 37.3285
gpu_min_CONSTP = 32.3252
gpu_min_STATICP = 0
gpu_min_TOT_INST, = 0
gpu_min_FP_INT, = 0
gpu_min_IC_H, = 0
gpu_min_IC_M, = 0
gpu_min_DC_RH, = 0
gpu_min_DC_RM, = 0
gpu_min_DC_WH, = 0
gpu_min_DC_WM, = 0
gpu_min_TC_H, = 0
gpu_min_TC_M, = 0
gpu_min_CC_H, = 0
gpu_min_CC_M, = 0
gpu_min_SHRD_ACC, = 0
gpu_min_REG_RD, = 0
gpu_min_REG_WR, = 0
gpu_min_NON_REG_OPs, = 0
gpu_min_INT_ACC, = 0
gpu_min_FPU_ACC, = 0
gpu_min_DPU_ACC, = 0
gpu_min_INT_MUL24_ACC, = 0
gpu_min_INT_MUL32_ACC, = 0
gpu_min_INT_MUL_ACC, = 0
gpu_min_INT_DIV_ACC, = 0
gpu_min_FP_MUL_ACC, = 0
gpu_min_FP_DIV_ACC, = 0
gpu_min_FP_SQRT_ACC, = 0
gpu_min_FP_LG_ACC, = 0
gpu_min_FP_SIN_ACC, = 0
gpu_min_FP_EXP_ACC, = 0
gpu_min_DP_MUL_ACC, = 0
gpu_min_DP_DIV_ACC, = 0
gpu_min_TENSOR_ACC, = 0
gpu_min_TEX_ACC, = 0
gpu_min_MEM_RD, = 0
gpu_min_MEM_WR, = 0
gpu_min_MEM_PRE, = 0
gpu_min_L2_RH, = 0
gpu_min_L2_RM, = 0
gpu_min_L2_WH, = 0
gpu_min_L2_WM, = 0
gpu_min_NOC_A, = 0
gpu_min_PIPE_A, = 0.00195312
gpu_min_IDLE_CORE_N, = 132
gpu_min_constant_power = 0

Accumulative Power Statistics Over Previous Kernels:
gpu_tot_avg_power = 80.9542
gpu_tot_max_power = 154.291
gpu_tot_min_power = 60.8126


kernel_name = _ZN4vllm25fused_add_rms_norm_kernelIN3c108BFloat16ELi8ELb1EEENSt9enable_ifIXaagtT0_Li0Esr4vllm12_typeConvertIT_EE6existsEvE4typeEPS4_lS7_PKS4_fiil 
kernel_launch_uid = 80 

Kernel Average Power Data:
kernel_avg_power = 70.3963
gpu_avg_IBP, = 0.00510261
gpu_avg_ICP, = 0
gpu_avg_DCP, = 0.0332519
gpu_avg_TCP, = 0
gpu_avg_CCP, = 0.000148493
gpu_avg_SHRDP, = 0.00182826
gpu_avg_RFP, = 0
gpu_avg_INTP, = 0.072098
gpu_avg_FPUP, = 0.0175067
gpu_avg_DPUP, = 0
gpu_avg_INT_MUL24P, = 0
gpu_avg_INT_MUL32P, = 0
gpu_avg_INT_MULP, = 0.00918021
gpu_avg_INT_DIVP, = 0
gpu_avg_FP_MULP, = 0.00200295
gpu_avg_FP_DIVP, = 0
gpu_avg_FP_SQRTP, = 2.98777e-06
gpu_avg_FP_LGP, = 0
gpu_avg_FP_SINP, = 0
gpu_avg_FP_EXP, = 5.54466e-06
gpu_avg_DP_MULP, = 0
gpu_avg_DP_DIVP, = 0
gpu_avg_TENSORP, = 0
gpu_avg_TEXP, = 0
gpu_avg_SCHEDP, = 0.0142789
gpu_avg_L2CP, = 0.0104138
gpu_avg_MCP, = 0.555284
gpu_avg_NOCP, = 0.019503
gpu_avg_DRAMP, = 0
gpu_avg_PIPEP, = 0.0130857
gpu_avg_IDLE_COREP, = 37.209
gpu_avg_CONSTP = 32.3252
gpu_avg_STATICP = 0.108355
gpu_avg_TOT_INST, = 219.2
gpu_avg_FP_INT, = 208.3
gpu_avg_IC_H, = 0
gpu_avg_IC_M, = 0
gpu_avg_DC_RH, = 11.2
gpu_avg_DC_RM, = 11.2
gpu_avg_DC_WH, = 5.6
gpu_avg_DC_WM, = 0
gpu_avg_TC_H, = 0
gpu_avg_TC_M, = 0
gpu_avg_CC_H, = 6.8
gpu_avg_CC_M, = 0
gpu_avg_SHRD_ACC, = 4.1
gpu_avg_REG_RD, = 0
gpu_avg_REG_WR, = 0
gpu_avg_NON_REG_OPs, = 0
gpu_avg_INT_ACC, = 39419.1
gpu_avg_FPU_ACC, = 234.485
gpu_avg_DPU_ACC, = 0
gpu_avg_INT_MUL24_ACC, = 0
gpu_avg_INT_MUL32_ACC, = 0
gpu_avg_INT_MUL_ACC, = 59.9431
gpu_avg_INT_DIV_ACC, = 0
gpu_avg_FP_MUL_ACC, = 13.0784
gpu_avg_FP_DIV_ACC, = 0
gpu_avg_FP_SQRT_ACC, = 0.0195089
gpu_avg_FP_LG_ACC, = 0
gpu_avg_FP_SIN_ACC, = 0
gpu_avg_FP_EXP_ACC, = 0.0362044
gpu_avg_DP_MUL_ACC, = 0
gpu_avg_DP_DIV_ACC, = 0
gpu_avg_TENSOR_ACC, = 0
gpu_avg_TEX_ACC, = 0
gpu_avg_MEM_RD, = 0
gpu_avg_MEM_WR, = 0
gpu_avg_MEM_PRE, = 0
gpu_avg_L2_RH, = 11.2
gpu_avg_L2_RM, = 5.6
gpu_avg_L2_WH, = 6.8
gpu_avg_L2_WM, = 0
gpu_avg_NOC_A, = 57.2
gpu_avg_PIPE_A, = 0.000400255
gpu_avg_IDLE_CORE_N, = 131.578
gpu_avg_constant_power = 0
gpu_avg_threads_per_warp = 9.81829
gpu_tot_TOT_INST, = 2192
gpu_tot_FP_INT, = 2083
gpu_tot_IC_H, = 0
gpu_tot_IC_M, = 0
gpu_tot_DC_RH, = 112
gpu_tot_DC_RM, = 112
gpu_tot_DC_WH, = 56
gpu_tot_DC_WM, = 0
gpu_tot_TC_H, = 0
gpu_tot_TC_M, = 0
gpu_tot_CC_H, = 68
gpu_tot_CC_M, = 0
gpu_tot_SHRD_ACC, = 41
gpu_tot_REG_RD, = 0
gpu_tot_REG_WR, = 0
gpu_tot_NON_REG_OPs, = 0
gpu_tot_INT_ACC, = 394191
gpu_tot_FPU_ACC, = 2344.85
gpu_tot_DPU_ACC, = 0
gpu_tot_INT_MUL24_ACC, = 0
gpu_tot_INT_MUL32_ACC, = 0
gpu_tot_INT_MUL_ACC, = 599.431
gpu_tot_INT_DIV_ACC, = 0
gpu_tot_FP_MUL_ACC, = 130.784
gpu_tot_FP_DIV_ACC, = 0
gpu_tot_FP_SQRT_ACC, = 0.195089
gpu_tot_FP_LG_ACC, = 0
gpu_tot_FP_SIN_ACC, = 0
gpu_tot_FP_EXP_ACC, = 0.362044
gpu_tot_DP_MUL_ACC, = 0
gpu_tot_DP_DIV_ACC, = 0
gpu_tot_TENSOR_ACC, = 0
gpu_tot_TEX_ACC, = 0
gpu_tot_MEM_RD, = 0
gpu_tot_MEM_WR, = 0
gpu_tot_MEM_PRE, = 0
gpu_tot_L2_RH, = 112
gpu_tot_L2_RM, = 56
gpu_tot_L2_WH, = 68
gpu_tot_L2_WM, = 0
gpu_tot_NOC_A, = 572
gpu_tot_PIPE_A, = 0.00400255
gpu_tot_IDLE_CORE_N, = 1315.78
gpu_tot_constant_power = 0

Kernel Maximum Power Data:
kernel_max_power = 71.1108
gpu_max_IBP, = 0.0276546
gpu_max_ICP, = 0
gpu_max_DCP, = 0.120609
gpu_max_TCP, = 0
gpu_max_CCP, = 0.00122288
gpu_max_SHRDP, = 0
gpu_max_RFP, = 0
gpu_max_INTP, = 0.467029
gpu_max_FPUP, = 0.0503015
gpu_max_DPUP, = 0
gpu_max_INT_MUL24P, = 0
gpu_max_INT_MUL32P, = 0
gpu_max_INT_MULP, = 0.0511892
gpu_max_INT_DIVP, = 0
gpu_max_FP_MULP, = 0.00153546
gpu_max_FP_DIVP, = 0
gpu_max_FP_SQRTP, = 0
gpu_max_FP_LGP, = 0
gpu_max_FP_SINP, = 0
gpu_max_FP_EXP, = 0
gpu_max_DP_MULP, = 0
gpu_max_DP_DIVP, = 0
gpu_max_TENSORP, = 0
gpu_max_TEXP, = 0
gpu_max_SCHEDP, = 0.0778727
gpu_max_L2CP, = 0
gpu_max_MCP, = 0.568934
gpu_max_NOCP, = 0.025913
gpu_max_DRAMP, = 0
gpu_max_PIPEP, = 0.0648452
gpu_max_IDLE_COREP, = 37.1068
gpu_max_CONSTP = 32.3252
gpu_max_STATICP = 0.221714
gpu_max_TOT_INST, = 1188
gpu_max_FP_INT, = 1136
gpu_max_IC_H, = 0
gpu_max_IC_M, = 0
gpu_max_DC_RH, = 40
gpu_max_DC_RM, = 44
gpu_max_DC_WH, = 0
gpu_max_DC_WM, = 0
gpu_max_TC_H, = 0
gpu_max_TC_M, = 0
gpu_max_CC_H, = 56
gpu_max_CC_M, = 0
gpu_max_SHRD_ACC, = 0
gpu_max_REG_RD, = 0
gpu_max_REG_WR, = 0
gpu_max_NON_REG_OPs, = 0
gpu_max_INT_ACC, = 255345
gpu_max_FPU_ACC, = 673.741
gpu_max_DPU_ACC, = 0
gpu_max_INT_MUL24_ACC, = 0
gpu_max_INT_MUL32_ACC, = 0
gpu_max_INT_MUL_ACC, = 334.245
gpu_max_INT_DIV_ACC, = 0
gpu_max_FP_MUL_ACC, = 10.0259
gpu_max_FP_DIV_ACC, = 0
gpu_max_FP_SQRT_ACC, = 0
gpu_max_FP_LG_ACC, = 0
gpu_max_FP_SIN_ACC, = 0
gpu_max_FP_EXP_ACC, = 0
gpu_max_DP_MUL_ACC, = 0
gpu_max_DP_DIV_ACC, = 0
gpu_max_TENSOR_ACC, = 0
gpu_max_TEX_ACC, = 0
gpu_max_MEM_RD, = 0
gpu_max_MEM_WR, = 0
gpu_max_MEM_PRE, = 0
gpu_max_L2_RH, = 0
gpu_max_L2_RM, = 0
gpu_max_L2_WH, = 0
gpu_max_L2_WM, = 0
gpu_max_NOC_A, = 76
gpu_max_PIPE_A, = 0.00198343
gpu_max_IDLE_CORE_N, = 131.216
gpu_max_constant_power = 0

Kernel Minimum Power Data:
kernel_min_power = 70.2059
gpu_min_IBP, = 0
gpu_min_ICP, = 0
gpu_min_DCP, = 0
gpu_min_TCP, = 0
gpu_min_CCP, = 0
gpu_min_SHRDP, = 0
gpu_min_RFP, = 0
gpu_min_INTP, = 0
gpu_min_FPUP, = 0
gpu_min_DPUP, = 0
gpu_min_INT_MUL24P, = 0
gpu_min_INT_MUL32P, = 0
gpu_min_INT_MULP, = 0
gpu_min_INT_DIVP, = 0
gpu_min_FP_MULP, = 0
gpu_min_FP_DIVP, = 0
gpu_min_FP_SQRTP, = 0
gpu_min_FP_LGP, = 0
gpu_min_FP_SINP, = 0
gpu_min_FP_EXP, = 0
gpu_min_DP_MULP, = 0
gpu_min_DP_DIVP, = 0
gpu_min_TENSORP, = 0
gpu_min_TEXP, = 0
gpu_min_SCHEDP, = 0
gpu_min_L2CP, = 0
gpu_min_MCP, = 0.55022
gpu_min_NOCP, = 0
gpu_min_DRAMP, = 0
gpu_min_PIPEP, = 0.00193498
gpu_min_IDLE_COREP, = 37.3285
gpu_min_CONSTP = 32.3252
gpu_min_STATICP = 0
gpu_min_TOT_INST, = 0
gpu_min_FP_INT, = 0
gpu_min_IC_H, = 0
gpu_min_IC_M, = 0
gpu_min_DC_RH, = 0
gpu_min_DC_RM, = 0
gpu_min_DC_WH, = 0
gpu_min_DC_WM, = 0
gpu_min_TC_H, = 0
gpu_min_TC_M, = 0
gpu_min_CC_H, = 0
gpu_min_CC_M, = 0
gpu_min_SHRD_ACC, = 0
gpu_min_REG_RD, = 0
gpu_min_REG_WR, = 0
gpu_min_NON_REG_OPs, = 0
gpu_min_INT_ACC, = 0
gpu_min_FPU_ACC, = 0
gpu_min_DPU_ACC, = 0
gpu_min_INT_MUL24_ACC, = 0
gpu_min_INT_MUL32_ACC, = 0
gpu_min_INT_MUL_ACC, = 0
gpu_min_INT_DIV_ACC, = 0
gpu_min_FP_MUL_ACC, = 0
gpu_min_FP_DIV_ACC, = 0
gpu_min_FP_SQRT_ACC, = 0
gpu_min_FP_LG_ACC, = 0
gpu_min_FP_SIN_ACC, = 0
gpu_min_FP_EXP_ACC, = 0
gpu_min_DP_MUL_ACC, = 0
gpu_min_DP_DIV_ACC, = 0
gpu_min_TENSOR_ACC, = 0
gpu_min_TEX_ACC, = 0
gpu_min_MEM_RD, = 0
gpu_min_MEM_WR, = 0
gpu_min_MEM_PRE, = 0
gpu_min_L2_RH, = 0
gpu_min_L2_RM, = 0
gpu_min_L2_WH, = 0
gpu_min_L2_WM, = 0
gpu_min_NOC_A, = 0
gpu_min_PIPE_A, = 5.91856e-05
gpu_min_IDLE_CORE_N, = 132
gpu_min_constant_power = 0

Accumulative Power Statistics Over Previous Kernels:
gpu_tot_avg_power = 80.8556
gpu_tot_max_power = 154.291
gpu_tot_min_power = 60.8126


kernel_name = nvjet_sm90_tst_128x8_64x12_4x1_v_bz_TNT 
kernel_launch_uid = 81 

Kernel Average Power Data:
kernel_avg_power = 108.389
gpu_avg_IBP, = 0.42971
gpu_avg_ICP, = 0
gpu_avg_DCP, = 0.00030087
gpu_avg_TCP, = 0
gpu_avg_CCP, = 0.00250673
gpu_avg_SHRDP, = 0.311955
gpu_avg_RFP, = 0
gpu_avg_INTP, = 8.59969
gpu_avg_FPUP, = 0.0808832
gpu_avg_DPUP, = 0
gpu_avg_INT_MUL24P, = 0
gpu_avg_INT_MUL32P, = 0
gpu_avg_INT_MULP, = 0.658878
gpu_avg_INT_DIVP, = 0
gpu_avg_FP_MULP, = 0.000895683
gpu_avg_FP_DIVP, = 0
gpu_avg_FP_SQRTP, = 0
gpu_avg_FP_LGP, = 0
gpu_avg_FP_SINP, = 0
gpu_avg_FP_EXP, = 0
gpu_avg_DP_MULP, = 0
gpu_avg_DP_DIVP, = 0
gpu_avg_TENSORP, = 0
gpu_avg_TEXP, = 0
gpu_avg_SCHEDP, = 1.22491
gpu_avg_L2CP, = 3.88626
gpu_avg_MCP, = 0.550534
gpu_avg_NOCP, = 23.2932
gpu_avg_DRAMP, = 0
gpu_avg_PIPEP, = 1.07555
gpu_avg_IDLE_COREP, = 23.8923
gpu_avg_CONSTP = 32.3252
gpu_avg_STATICP = 12.0563
gpu_avg_TOT_INST, = 18459.7
gpu_avg_FP_INT, = 17868.8
gpu_avg_IC_H, = 0
gpu_avg_IC_M, = 0
gpu_avg_DC_RH, = 0
gpu_avg_DC_RM, = 0
gpu_avg_DC_WH, = 2.33333
gpu_avg_DC_WM, = 0
gpu_avg_TC_H, = 0
gpu_avg_TC_M, = 0
gpu_avg_CC_H, = 114.792
gpu_avg_CC_M, = 0
gpu_avg_SHRD_ACC, = 699.583
gpu_avg_REG_RD, = 0
gpu_avg_REG_WR, = 0
gpu_avg_NON_REG_OPs, = 0
gpu_avg_INT_ACC, = 4.70183e+06
gpu_avg_FPU_ACC, = 1083.35
gpu_avg_DPU_ACC, = 0
gpu_avg_INT_MUL24_ACC, = 0
gpu_avg_INT_MUL32_ACC, = 0
gpu_avg_INT_MUL_ACC, = 4302.21
gpu_avg_INT_DIV_ACC, = 0
gpu_avg_FP_MUL_ACC, = 5.84845
gpu_avg_FP_DIV_ACC, = 0
gpu_avg_FP_SQRT_ACC, = 0
gpu_avg_FP_LG_ACC, = 0
gpu_avg_FP_SIN_ACC, = 0
gpu_avg_FP_EXP_ACC, = 0
gpu_avg_DP_MUL_ACC, = 0
gpu_avg_DP_DIV_ACC, = 0
gpu_avg_TENSOR_ACC, = 0
gpu_avg_TEX_ACC, = 0
gpu_avg_MEM_RD, = 0
gpu_avg_MEM_WR, = 0
gpu_avg_MEM_PRE, = 0
gpu_avg_L2_RH, = 13601.8
gpu_avg_L2_RM, = 9112.5
gpu_avg_L2_WH, = 9.66667
gpu_avg_L2_WM, = 17.6667
gpu_avg_NOC_A, = 68316.3
gpu_avg_PIPE_A, = 0.032898
gpu_avg_IDLE_CORE_N, = 84.4873
gpu_avg_constant_power = 0
gpu_avg_threads_per_warp = 22.9825
gpu_tot_TOT_INST, = 443032
gpu_tot_FP_INT, = 428852
gpu_tot_IC_H, = 0
gpu_tot_IC_M, = 0
gpu_tot_DC_RH, = 0
gpu_tot_DC_RM, = 0
gpu_tot_DC_WH, = 56
gpu_tot_DC_WM, = 0
gpu_tot_TC_H, = 0
gpu_tot_TC_M, = 0
gpu_tot_CC_H, = 2755
gpu_tot_CC_M, = 0
gpu_tot_SHRD_ACC, = 16790
gpu_tot_REG_RD, = 0
gpu_tot_REG_WR, = 0
gpu_tot_NON_REG_OPs, = 0
gpu_tot_INT_ACC, = 1.12844e+08
gpu_tot_FPU_ACC, = 26000.5
gpu_tot_DPU_ACC, = 0
gpu_tot_INT_MUL24_ACC, = 0
gpu_tot_INT_MUL32_ACC, = 0
gpu_tot_INT_MUL_ACC, = 103253
gpu_tot_INT_DIV_ACC, = 0
gpu_tot_FP_MUL_ACC, = 140.363
gpu_tot_FP_DIV_ACC, = 0
gpu_tot_FP_SQRT_ACC, = 0
gpu_tot_FP_LG_ACC, = 0
gpu_tot_FP_SIN_ACC, = 0
gpu_tot_FP_EXP_ACC, = 0
gpu_tot_DP_MUL_ACC, = 0
gpu_tot_DP_DIV_ACC, = 0
gpu_tot_TENSOR_ACC, = 0
gpu_tot_TEX_ACC, = 0
gpu_tot_MEM_RD, = 0
gpu_tot_MEM_WR, = 0
gpu_tot_MEM_PRE, = 0
gpu_tot_L2_RH, = 326444
gpu_tot_L2_RM, = 218700
gpu_tot_L2_WH, = 232
gpu_tot_L2_WM, = 424
gpu_tot_NOC_A, = 1.63959e+06
gpu_tot_PIPE_A, = 0.789552
gpu_tot_IDLE_CORE_N, = 2027.7
gpu_tot_constant_power = 0

Kernel Maximum Power Data:
kernel_max_power = 160.747
gpu_max_IBP, = 2.71476
gpu_max_ICP, = 0
gpu_max_DCP, = 0
gpu_max_TCP, = 0
gpu_max_CCP, = 0.000414907
gpu_max_SHRDP, = 1.22003
gpu_max_RFP, = 0
gpu_max_INTP, = 53.5715
gpu_max_FPUP, = 0
gpu_max_DPUP, = 0
gpu_max_INT_MUL24P, = 0
gpu_max_INT_MUL32P, = 0
gpu_max_INT_MULP, = 8.87928
gpu_max_INT_DIVP, = 0
gpu_max_FP_MULP, = 0
gpu_max_FP_DIVP, = 0
gpu_max_FP_SQRTP, = 0
gpu_max_FP_LGP, = 0
gpu_max_FP_SINP, = 0
gpu_max_FP_EXP, = 0
gpu_max_DP_MULP, = 0
gpu_max_DP_DIVP, = 0
gpu_max_TENSORP, = 0
gpu_max_TEXP, = 0
gpu_max_SCHEDP, = 7.89935
gpu_max_L2CP, = 0
gpu_max_MCP, = 0.550265
gpu_max_NOCP, = 13.2934
gpu_max_DRAMP, = 0
gpu_max_PIPEP, = 6.53986
gpu_max_IDLE_COREP, = 15.8363
gpu_max_CONSTP = 32.3252
gpu_max_STATICP = 17.9168
gpu_max_TOT_INST, = 116622
gpu_max_FP_INT, = 115235
gpu_max_IC_H, = 0
gpu_max_IC_M, = 0
gpu_max_DC_RH, = 0
gpu_max_DC_RM, = 0
gpu_max_DC_WH, = 0
gpu_max_DC_WM, = 0
gpu_max_TC_H, = 0
gpu_max_TC_M, = 0
gpu_max_CC_H, = 19
gpu_max_CC_M, = 0
gpu_max_SHRD_ACC, = 2736
gpu_max_REG_RD, = 0
gpu_max_REG_WR, = 0
gpu_max_NON_REG_OPs, = 0
gpu_max_INT_ACC, = 2.92899e+07
gpu_max_FPU_ACC, = 0
gpu_max_DPU_ACC, = 0
gpu_max_INT_MUL24_ACC, = 0
gpu_max_INT_MUL32_ACC, = 0
gpu_max_INT_MUL_ACC, = 57978.1
gpu_max_INT_DIV_ACC, = 0
gpu_max_FP_MUL_ACC, = 0
gpu_max_FP_DIV_ACC, = 0
gpu_max_FP_SQRT_ACC, = 0
gpu_max_FP_LG_ACC, = 0
gpu_max_FP_SIN_ACC, = 0
gpu_max_FP_EXP_ACC, = 0
gpu_max_DP_MUL_ACC, = 0
gpu_max_DP_DIV_ACC, = 0
gpu_max_TENSOR_ACC, = 0
gpu_max_TEX_ACC, = 0
gpu_max_MEM_RD, = 0
gpu_max_MEM_WR, = 0
gpu_max_MEM_PRE, = 0
gpu_max_L2_RH, = 0
gpu_max_L2_RM, = 0
gpu_max_L2_WH, = 0
gpu_max_L2_WM, = 0
gpu_max_NOC_A, = 38988
gpu_max_PIPE_A, = 0.200035
gpu_max_IDLE_CORE_N, = 56
gpu_max_constant_power = 0

Kernel Minimum Power Data:
kernel_min_power = 70.2059
gpu_min_IBP, = 0
gpu_min_ICP, = 0
gpu_min_DCP, = 0
gpu_min_TCP, = 0
gpu_min_CCP, = 0
gpu_min_SHRDP, = 0
gpu_min_RFP, = 0
gpu_min_INTP, = 0
gpu_min_FPUP, = 0
gpu_min_DPUP, = 0
gpu_min_INT_MUL24P, = 0
gpu_min_INT_MUL32P, = 0
gpu_min_INT_MULP, = 0
gpu_min_INT_DIVP, = 0
gpu_min_FP_MULP, = 0
gpu_min_FP_DIVP, = 0
gpu_min_FP_SQRTP, = 0
gpu_min_FP_LGP, = 0
gpu_min_FP_SINP, = 0
gpu_min_FP_EXP, = 0
gpu_min_DP_MULP, = 0
gpu_min_DP_DIVP, = 0
gpu_min_TENSORP, = 0
gpu_min_TEXP, = 0
gpu_min_SCHEDP, = 0
gpu_min_L2CP, = 0
gpu_min_MCP, = 0.55022
gpu_min_NOCP, = 0
gpu_min_DRAMP, = 0
gpu_min_PIPEP, = 0.00193498
gpu_min_IDLE_COREP, = 37.3285
gpu_min_CONSTP = 32.3252
gpu_min_STATICP = 0
gpu_min_TOT_INST, = 0
gpu_min_FP_INT, = 0
gpu_min_IC_H, = 0
gpu_min_IC_M, = 0
gpu_min_DC_RH, = 0
gpu_min_DC_RM, = 0
gpu_min_DC_WH, = 0
gpu_min_DC_WM, = 0
gpu_min_TC_H, = 0
gpu_min_TC_M, = 0
gpu_min_CC_H, = 0
gpu_min_CC_M, = 0
gpu_min_SHRD_ACC, = 0
gpu_min_REG_RD, = 0
gpu_min_REG_WR, = 0
gpu_min_NON_REG_OPs, = 0
gpu_min_INT_ACC, = 0
gpu_min_FPU_ACC, = 0
gpu_min_DPU_ACC, = 0
gpu_min_INT_MUL24_ACC, = 0
gpu_min_INT_MUL32_ACC, = 0
gpu_min_INT_MUL_ACC, = 0
gpu_min_INT_DIV_ACC, = 0
gpu_min_FP_MUL_ACC, = 0
gpu_min_FP_DIV_ACC, = 0
gpu_min_FP_SQRT_ACC, = 0
gpu_min_FP_LG_ACC, = 0
gpu_min_FP_SIN_ACC, = 0
gpu_min_FP_EXP_ACC, = 0
gpu_min_DP_MUL_ACC, = 0
gpu_min_DP_DIV_ACC, = 0
gpu_min_TENSOR_ACC, = 0
gpu_min_TEX_ACC, = 0
gpu_min_MEM_RD, = 0
gpu_min_MEM_WR, = 0
gpu_min_MEM_PRE, = 0
gpu_min_L2_RH, = 0
gpu_min_L2_RM, = 0
gpu_min_L2_WH, = 0
gpu_min_L2_WM, = 0
gpu_min_NOC_A, = 0
gpu_min_PIPE_A, = 5.91856e-05
gpu_min_IDLE_CORE_N, = 132
gpu_min_constant_power = 0

Accumulative Power Statistics Over Previous Kernels:
gpu_tot_avg_power = 81.4591
gpu_tot_max_power = 160.747
gpu_tot_min_power = 60.8126


kernel_name = _ZN4vllm18act_and_mul_kernelIN3c108BFloat16E14__nv_bfloat162XadL_ZNS_11silu_kernelIS2_EET_RKS5_fEEXadL_ZNS_18packed_silu_kernelIS3_EES5_S7_fEELb1ELb1ELb0ELb0EEEvPS5_PS6_ifff 
kernel_launch_uid = 82 

Kernel Average Power Data:
kernel_avg_power = 71.1678
gpu_avg_IBP, = 0.00973033
gpu_avg_ICP, = 0
gpu_avg_DCP, = 0.0831952
gpu_avg_TCP, = 0
gpu_avg_CCP, = 0.000138302
gpu_avg_SHRDP, = 0
gpu_avg_RFP, = 0
gpu_avg_INTP, = 0.0638897
gpu_avg_FPUP, = 0.064116
gpu_avg_DPUP, = 0
gpu_avg_INT_MUL24P, = 0
gpu_avg_INT_MUL32P, = 0
gpu_avg_INT_MULP, = 0.0223277
gpu_avg_INT_DIVP, = 0
gpu_avg_FP_MULP, = 0.0722395
gpu_avg_FP_DIVP, = 0
gpu_avg_FP_SQRTP, = 0
gpu_avg_FP_LGP, = 0
gpu_avg_FP_SINP, = 0
gpu_avg_FP_EXP, = 0.0449487
gpu_avg_DP_MULP, = 0
gpu_avg_DP_DIVP, = 0
gpu_avg_TENSORP, = 0
gpu_avg_TEXP, = 0
gpu_avg_SCHEDP, = 0.026049
gpu_avg_L2CP, = 0.0313455
gpu_avg_MCP, = 0.574412
gpu_avg_NOCP, = 0.0773981
gpu_avg_DRAMP, = 0
gpu_avg_PIPEP, = 0.443642
gpu_avg_IDLE_COREP, = 37.1872
gpu_avg_CONSTP = 32.3252
gpu_avg_STATICP = 0.141997
gpu_avg_TOT_INST, = 418
gpu_avg_FP_INT, = 380
gpu_avg_IC_H, = 0
gpu_avg_IC_M, = 0
gpu_avg_DC_RH, = 0
gpu_avg_DC_RM, = 50.6667
gpu_avg_DC_WH, = 0
gpu_avg_DC_WM, = 25.3333
gpu_avg_TC_H, = 0
gpu_avg_TC_M, = 0
gpu_avg_CC_H, = 6.33333
gpu_avg_CC_M, = 0
gpu_avg_SHRD_ACC, = 0
gpu_avg_REG_RD, = 0
gpu_avg_REG_WR, = 0
gpu_avg_NON_REG_OPs, = 0
gpu_avg_INT_ACC, = 34931.3
gpu_avg_FPU_ACC, = 858.773
gpu_avg_DPU_ACC, = 0
gpu_avg_INT_MUL24_ACC, = 0
gpu_avg_INT_MUL32_ACC, = 0
gpu_avg_INT_MUL_ACC, = 145.791
gpu_avg_INT_DIV_ACC, = 0
gpu_avg_FP_MUL_ACC, = 471.695
gpu_avg_FP_DIV_ACC, = 0
gpu_avg_FP_SQRT_ACC, = 0
gpu_avg_FP_LG_ACC, = 0
gpu_avg_FP_SIN_ACC, = 0
gpu_avg_FP_EXP_ACC, = 293.497
gpu_avg_DP_MUL_ACC, = 0
gpu_avg_DP_DIV_ACC, = 0
gpu_avg_TENSOR_ACC, = 0
gpu_avg_TEX_ACC, = 0
gpu_avg_MEM_RD, = 0
gpu_avg_MEM_WR, = 0
gpu_avg_MEM_PRE, = 0
gpu_avg_L2_RH, = 36
gpu_avg_L2_RM, = 14.6667
gpu_avg_L2_WH, = 15.5833
gpu_avg_L2_WM, = 9
gpu_avg_NOC_A, = 227
gpu_avg_PIPE_A, = 0.0135697
gpu_avg_IDLE_CORE_N, = 131.5
gpu_avg_constant_power = 0
gpu_avg_threads_per_warp = 16
gpu_tot_TOT_INST, = 5016
gpu_tot_FP_INT, = 4560
gpu_tot_IC_H, = 0
gpu_tot_IC_M, = 0
gpu_tot_DC_RH, = 0
gpu_tot_DC_RM, = 608
gpu_tot_DC_WH, = 0
gpu_tot_DC_WM, = 304
gpu_tot_TC_H, = 0
gpu_tot_TC_M, = 0
gpu_tot_CC_H, = 76
gpu_tot_CC_M, = 0
gpu_tot_SHRD_ACC, = 0
gpu_tot_REG_RD, = 0
gpu_tot_REG_WR, = 0
gpu_tot_NON_REG_OPs, = 0
gpu_tot_INT_ACC, = 419175
gpu_tot_FPU_ACC, = 10305.3
gpu_tot_DPU_ACC, = 0
gpu_tot_INT_MUL24_ACC, = 0
gpu_tot_INT_MUL32_ACC, = 0
gpu_tot_INT_MUL_ACC, = 1749.49
gpu_tot_INT_DIV_ACC, = 0
gpu_tot_FP_MUL_ACC, = 5660.34
gpu_tot_FP_DIV_ACC, = 0
gpu_tot_FP_SQRT_ACC, = 0
gpu_tot_FP_LG_ACC, = 0
gpu_tot_FP_SIN_ACC, = 0
gpu_tot_FP_EXP_ACC, = 3521.97
gpu_tot_DP_MUL_ACC, = 0
gpu_tot_DP_DIV_ACC, = 0
gpu_tot_TENSOR_ACC, = 0
gpu_tot_TEX_ACC, = 0
gpu_tot_MEM_RD, = 0
gpu_tot_MEM_WR, = 0
gpu_tot_MEM_PRE, = 0
gpu_tot_L2_RH, = 432
gpu_tot_L2_RM, = 176
gpu_tot_L2_WH, = 187
gpu_tot_L2_WM, = 108
gpu_tot_NOC_A, = 2724
gpu_tot_PIPE_A, = 0.162837
gpu_tot_IDLE_CORE_N, = 1578
gpu_tot_constant_power = 0

Kernel Maximum Power Data:
kernel_max_power = 72.1303
gpu_max_IBP, = 0.0289117
gpu_max_ICP, = 0
gpu_max_DCP, = 0.18806
gpu_max_TCP, = 0
gpu_max_CCP, = 0
gpu_max_SHRDP, = 0
gpu_max_RFP, = 0
gpu_max_INTP, = 0.190353
gpu_max_FPUP, = 0.265744
gpu_max_DPUP, = 0
gpu_max_INT_MUL24P, = 0
gpu_max_INT_MUL32P, = 0
gpu_max_INT_MULP, = 0.0423051
gpu_max_INT_DIVP, = 0
gpu_max_FP_MULP, = 0.229441
gpu_max_FP_DIVP, = 0
gpu_max_FP_SQRTP, = 0
gpu_max_FP_LGP, = 0
gpu_max_FP_SINP, = 0
gpu_max_FP_EXP, = 0.13662
gpu_max_DP_MULP, = 0
gpu_max_DP_DIVP, = 0
gpu_max_TENSORP, = 0
gpu_max_TEXP, = 0
gpu_max_SCHEDP, = 0.0778041
gpu_max_L2CP, = 0.048544
gpu_max_MCP, = 0.636333
gpu_max_NOCP, = 0.135021
gpu_max_DRAMP, = 0
gpu_max_PIPEP, = 0.49647
gpu_max_IDLE_COREP, = 37.0457
gpu_max_CONSTP = 32.3252
gpu_max_STATICP = 0.283776
gpu_max_TOT_INST, = 1242
gpu_max_FP_INT, = 1135
gpu_max_IC_H, = 0
gpu_max_IC_M, = 0
gpu_max_DC_RH, = 0
gpu_max_DC_RM, = 0
gpu_max_DC_WH, = 0
gpu_max_DC_WM, = 176
gpu_max_TC_H, = 0
gpu_max_TC_M, = 0
gpu_max_CC_H, = 0
gpu_max_CC_M, = 0
gpu_max_SHRD_ACC, = 0
gpu_max_REG_RD, = 0
gpu_max_REG_WR, = 0
gpu_max_NON_REG_OPs, = 0
gpu_max_INT_ACC, = 104074
gpu_max_FPU_ACC, = 3559.39
gpu_max_DPU_ACC, = 0
gpu_max_INT_MUL24_ACC, = 0
gpu_max_INT_MUL32_ACC, = 0
gpu_max_INT_MUL_ACC, = 276.235
gpu_max_INT_DIV_ACC, = 0
gpu_max_FP_MUL_ACC, = 1498.16
gpu_max_FP_DIV_ACC, = 0
gpu_max_FP_SQRT_ACC, = 0
gpu_max_FP_LG_ACC, = 0
gpu_max_FP_SIN_ACC, = 0
gpu_max_FP_EXP_ACC, = 892.077
gpu_max_DP_MUL_ACC, = 0
gpu_max_DP_DIV_ACC, = 0
gpu_max_TENSOR_ACC, = 0
gpu_max_TEX_ACC, = 0
gpu_max_MEM_RD, = 0
gpu_max_MEM_WR, = 0
gpu_max_MEM_PRE, = 0
gpu_max_L2_RH, = 0
gpu_max_L2_RM, = 0
gpu_max_L2_WH, = 44
gpu_max_L2_WM, = 3
gpu_max_NOC_A, = 396
gpu_max_PIPE_A, = 0.0151856
gpu_max_IDLE_CORE_N, = 131
gpu_max_constant_power = 0

Kernel Minimum Power Data:
kernel_min_power = 70.6219
gpu_min_IBP, = 0
gpu_min_ICP, = 0
gpu_min_DCP, = 0
gpu_min_TCP, = 0
gpu_min_CCP, = 0
gpu_min_SHRDP, = 0
gpu_min_RFP, = 0
gpu_min_INTP, = 0
gpu_min_FPUP, = 0
gpu_min_DPUP, = 0
gpu_min_INT_MUL24P, = 0
gpu_min_INT_MUL32P, = 0
gpu_min_INT_MULP, = 0
gpu_min_INT_DIVP, = 0
gpu_min_FP_MULP, = 0
gpu_min_FP_DIVP, = 0
gpu_min_FP_SQRTP, = 0
gpu_min_FP_LGP, = 0
gpu_min_FP_SINP, = 0
gpu_min_FP_EXP, = 0
gpu_min_DP_MULP, = 0
gpu_min_DP_DIVP, = 0
gpu_min_TENSORP, = 0
gpu_min_TEXP, = 0
gpu_min_SCHEDP, = 0
gpu_min_L2CP, = 0
gpu_min_MCP, = 0.55022
gpu_min_NOCP, = 0
gpu_min_DRAMP, = 0
gpu_min_PIPEP, = 0.417955
gpu_min_IDLE_COREP, = 37.3285
gpu_min_CONSTP = 32.3252
gpu_min_STATICP = 0
gpu_min_TOT_INST, = 0
gpu_min_FP_INT, = 0
gpu_min_IC_H, = 0
gpu_min_IC_M, = 0
gpu_min_DC_RH, = 0
gpu_min_DC_RM, = 0
gpu_min_DC_WH, = 0
gpu_min_DC_WM, = 0
gpu_min_TC_H, = 0
gpu_min_TC_M, = 0
gpu_min_CC_H, = 0
gpu_min_CC_M, = 0
gpu_min_SHRD_ACC, = 0
gpu_min_REG_RD, = 0
gpu_min_REG_WR, = 0
gpu_min_NON_REG_OPs, = 0
gpu_min_INT_ACC, = 0
gpu_min_FPU_ACC, = 0
gpu_min_DPU_ACC, = 0
gpu_min_INT_MUL24_ACC, = 0
gpu_min_INT_MUL32_ACC, = 0
gpu_min_INT_MUL_ACC, = 0
gpu_min_INT_DIV_ACC, = 0
gpu_min_FP_MUL_ACC, = 0
gpu_min_FP_DIV_ACC, = 0
gpu_min_FP_SQRT_ACC, = 0
gpu_min_FP_LG_ACC, = 0
gpu_min_FP_SIN_ACC, = 0
gpu_min_FP_EXP_ACC, = 0
gpu_min_DP_MUL_ACC, = 0
gpu_min_DP_DIV_ACC, = 0
gpu_min_TENSOR_ACC, = 0
gpu_min_TEX_ACC, = 0
gpu_min_MEM_RD, = 0
gpu_min_MEM_WR, = 0
gpu_min_MEM_PRE, = 0
gpu_min_L2_RH, = 0
gpu_min_L2_RM, = 0
gpu_min_L2_WH, = 0
gpu_min_L2_WM, = 0
gpu_min_NOC_A, = 0
gpu_min_PIPE_A, = 0.012784
gpu_min_IDLE_CORE_N, = 132
gpu_min_constant_power = 0

Accumulative Power Statistics Over Previous Kernels:
gpu_tot_avg_power = 81.3476
gpu_tot_max_power = 160.747
gpu_tot_min_power = 60.8126


kernel_name = nvjet_sm90_tst_64x8_64x16_4x1_v_bz_splitK_TNT 
kernel_launch_uid = 83 

Kernel Average Power Data:
kernel_avg_power = 102.522
gpu_avg_IBP, = 0.481958
gpu_avg_ICP, = 0
gpu_avg_DCP, = 0
gpu_avg_TCP, = 0
gpu_avg_CCP, = 0.0022351
gpu_avg_SHRDP, = 0.504279
gpu_avg_RFP, = 0
gpu_avg_INTP, = 9.27664
gpu_avg_FPUP, = 0
gpu_avg_DPUP, = 0
gpu_avg_INT_MUL24P, = 0
gpu_avg_INT_MUL32P, = 0
gpu_avg_INT_MULP, = 0.845936
gpu_avg_INT_DIVP, = 0
gpu_avg_FP_MULP, = 0
gpu_avg_FP_DIVP, = 0
gpu_avg_FP_SQRTP, = 0
gpu_avg_FP_LGP, = 0
gpu_avg_FP_SINP, = 0
gpu_avg_FP_EXP, = 0
gpu_avg_DP_MULP, = 0
gpu_avg_DP_DIVP, = 0
gpu_avg_TENSORP, = 0
gpu_avg_TEXP, = 0
gpu_avg_SCHEDP, = 1.37398
gpu_avg_L2CP, = 3.14588
gpu_avg_MCP, = 0.55046
gpu_avg_NOCP, = 16.48
gpu_avg_DRAMP, = 0
gpu_avg_PIPEP, = 1.55495
gpu_avg_IDLE_COREP, = 28.7867
gpu_avg_CONSTP = 32.3252
gpu_avg_STATICP = 7.1934
gpu_avg_TOT_INST, = 20704.2
gpu_avg_FP_INT, = 20043.5
gpu_avg_IC_H, = 0
gpu_avg_IC_M, = 0
gpu_avg_DC_RH, = 0
gpu_avg_DC_RM, = 0
gpu_avg_DC_WH, = 0
gpu_avg_DC_WM, = 0
gpu_avg_TC_H, = 0
gpu_avg_TC_M, = 0
gpu_avg_CC_H, = 102.353
gpu_avg_CC_M, = 0
gpu_avg_SHRD_ACC, = 1130.88
gpu_avg_REG_RD, = 0
gpu_avg_REG_WR, = 0
gpu_avg_NON_REG_OPs, = 0
gpu_avg_INT_ACC, = 5.07194e+06
gpu_avg_FPU_ACC, = 0
gpu_avg_DPU_ACC, = 0
gpu_avg_INT_MUL24_ACC, = 0
gpu_avg_INT_MUL32_ACC, = 0
gpu_avg_INT_MUL_ACC, = 5523.62
gpu_avg_INT_DIV_ACC, = 0
gpu_avg_FP_MUL_ACC, = 0
gpu_avg_FP_DIV_ACC, = 0
gpu_avg_FP_SQRT_ACC, = 0
gpu_avg_FP_LG_ACC, = 0
gpu_avg_FP_SIN_ACC, = 0
gpu_avg_FP_EXP_ACC, = 0
gpu_avg_DP_MUL_ACC, = 0
gpu_avg_DP_DIV_ACC, = 0
gpu_avg_TENSOR_ACC, = 0
gpu_avg_TEX_ACC, = 0
gpu_avg_MEM_RD, = 0
gpu_avg_MEM_WR, = 0
gpu_avg_MEM_PRE, = 0
gpu_avg_L2_RH, = 11176.7
gpu_avg_L2_RM, = 4881.65
gpu_avg_L2_WH, = 12.8824
gpu_avg_L2_WM, = 1.88235
gpu_avg_NOC_A, = 48333.9
gpu_avg_PIPE_A, = 0.0475613
gpu_avg_IDLE_CORE_N, = 101.795
gpu_avg_constant_power = 0
gpu_avg_threads_per_warp = 18.2127
gpu_tot_TOT_INST, = 351971
gpu_tot_FP_INT, = 340739
gpu_tot_IC_H, = 0
gpu_tot_IC_M, = 0
gpu_tot_DC_RH, = 0
gpu_tot_DC_RM, = 0
gpu_tot_DC_WH, = 0
gpu_tot_DC_WM, = 0
gpu_tot_TC_H, = 0
gpu_tot_TC_M, = 0
gpu_tot_CC_H, = 1740
gpu_tot_CC_M, = 0
gpu_tot_SHRD_ACC, = 19225
gpu_tot_REG_RD, = 0
gpu_tot_REG_WR, = 0
gpu_tot_NON_REG_OPs, = 0
gpu_tot_INT_ACC, = 8.62231e+07
gpu_tot_FPU_ACC, = 0
gpu_tot_DPU_ACC, = 0
gpu_tot_INT_MUL24_ACC, = 0
gpu_tot_INT_MUL32_ACC, = 0
gpu_tot_INT_MUL_ACC, = 93901.6
gpu_tot_INT_DIV_ACC, = 0
gpu_tot_FP_MUL_ACC, = 0
gpu_tot_FP_DIV_ACC, = 0
gpu_tot_FP_SQRT_ACC, = 0
gpu_tot_FP_LG_ACC, = 0
gpu_tot_FP_SIN_ACC, = 0
gpu_tot_FP_EXP_ACC, = 0
gpu_tot_DP_MUL_ACC, = 0
gpu_tot_DP_DIV_ACC, = 0
gpu_tot_TENSOR_ACC, = 0
gpu_tot_TEX_ACC, = 0
gpu_tot_MEM_RD, = 0
gpu_tot_MEM_WR, = 0
gpu_tot_MEM_PRE, = 0
gpu_tot_L2_RH, = 190004
gpu_tot_L2_RM, = 82988
gpu_tot_L2_WH, = 219
gpu_tot_L2_WM, = 32
gpu_tot_NOC_A, = 821677
gpu_tot_PIPE_A, = 0.808542
gpu_tot_IDLE_CORE_N, = 1730.51
gpu_tot_constant_power = 0

Kernel Maximum Power Data:
kernel_max_power = 141.433
gpu_max_IBP, = 0.798423
gpu_max_ICP, = 0
gpu_max_DCP, = 0
gpu_max_TCP, = 0
gpu_max_CCP, = 0
gpu_max_SHRDP, = 0.94445
gpu_max_RFP, = 0
gpu_max_INTP, = 16.5416
gpu_max_FPUP, = 0
gpu_max_DPUP, = 0
gpu_max_INT_MUL24P, = 0
gpu_max_INT_MUL32P, = 0
gpu_max_INT_MULP, = 0.77785
gpu_max_INT_DIVP, = 0
gpu_max_FP_MULP, = 0
gpu_max_FP_DIVP, = 0
gpu_max_FP_SQRTP, = 0
gpu_max_FP_LGP, = 0
gpu_max_FP_SINP, = 0
gpu_max_FP_EXP, = 0
gpu_max_DP_MULP, = 0
gpu_max_DP_DIVP, = 0
gpu_max_TENSORP, = 0
gpu_max_TEXP, = 0
gpu_max_SCHEDP, = 2.28484
gpu_max_L2CP, = 8.13705
gpu_max_MCP, = 0.55022
gpu_max_NOCP, = 41.4915
gpu_max_DRAMP, = 0
gpu_max_PIPEP, = 2.29807
gpu_max_IDLE_COREP, = 23.7545
gpu_max_CONSTP = 32.3252
gpu_max_STATICP = 11.5291
gpu_max_TOT_INST, = 34299
gpu_max_FP_INT, = 33331
gpu_max_IC_H, = 0
gpu_max_IC_M, = 0
gpu_max_DC_RH, = 0
gpu_max_DC_RM, = 0
gpu_max_DC_WH, = 0
gpu_max_DC_WM, = 0
gpu_max_TC_H, = 0
gpu_max_TC_M, = 0
gpu_max_CC_H, = 0
gpu_max_CC_M, = 0
gpu_max_SHRD_ACC, = 2118
gpu_max_REG_RD, = 0
gpu_max_REG_WR, = 0
gpu_max_NON_REG_OPs, = 0
gpu_max_INT_ACC, = 9.04399e+06
gpu_max_FPU_ACC, = 0
gpu_max_DPU_ACC, = 0
gpu_max_INT_MUL24_ACC, = 0
gpu_max_INT_MUL32_ACC, = 0
gpu_max_INT_MUL_ACC, = 5079.05
gpu_max_INT_DIV_ACC, = 0
gpu_max_FP_MUL_ACC, = 0
gpu_max_FP_DIV_ACC, = 0
gpu_max_FP_SQRT_ACC, = 0
gpu_max_FP_LG_ACC, = 0
gpu_max_FP_SIN_ACC, = 0
gpu_max_FP_EXP_ACC, = 0
gpu_max_DP_MUL_ACC, = 0
gpu_max_DP_DIV_ACC, = 0
gpu_max_TENSOR_ACC, = 0
gpu_max_TEX_ACC, = 0
gpu_max_MEM_RD, = 0
gpu_max_MEM_WR, = 0
gpu_max_MEM_PRE, = 0
gpu_max_L2_RH, = 29072
gpu_max_L2_RM, = 12277
gpu_max_L2_WH, = 0
gpu_max_L2_WM, = 0
gpu_max_NOC_A, = 121690
gpu_max_PIPE_A, = 0.0702913
gpu_max_IDLE_CORE_N, = 84
gpu_max_constant_power = 0

Kernel Minimum Power Data:
kernel_min_power = 70.6219
gpu_min_IBP, = 0
gpu_min_ICP, = 0
gpu_min_DCP, = 0
gpu_min_TCP, = 0
gpu_min_CCP, = 0
gpu_min_SHRDP, = 0
gpu_min_RFP, = 0
gpu_min_INTP, = 0
gpu_min_FPUP, = 0
gpu_min_DPUP, = 0
gpu_min_INT_MUL24P, = 0
gpu_min_INT_MUL32P, = 0
gpu_min_INT_MULP, = 0
gpu_min_INT_DIVP, = 0
gpu_min_FP_MULP, = 0
gpu_min_FP_DIVP, = 0
gpu_min_FP_SQRTP, = 0
gpu_min_FP_LGP, = 0
gpu_min_FP_SINP, = 0
gpu_min_FP_EXP, = 0
gpu_min_DP_MULP, = 0
gpu_min_DP_DIVP, = 0
gpu_min_TENSORP, = 0
gpu_min_TEXP, = 0
gpu_min_SCHEDP, = 0
gpu_min_L2CP, = 0
gpu_min_MCP, = 0.55022
gpu_min_NOCP, = 0
gpu_min_DRAMP, = 0
gpu_min_PIPEP, = 0.417955
gpu_min_IDLE_COREP, = 37.3285
gpu_min_CONSTP = 32.3252
gpu_min_STATICP = 0
gpu_min_TOT_INST, = 0
gpu_min_FP_INT, = 0
gpu_min_IC_H, = 0
gpu_min_IC_M, = 0
gpu_min_DC_RH, = 0
gpu_min_DC_RM, = 0
gpu_min_DC_WH, = 0
gpu_min_DC_WM, = 0
gpu_min_TC_H, = 0
gpu_min_TC_M, = 0
gpu_min_CC_H, = 0
gpu_min_CC_M, = 0
gpu_min_SHRD_ACC, = 0
gpu_min_REG_RD, = 0
gpu_min_REG_WR, = 0
gpu_min_NON_REG_OPs, = 0
gpu_min_INT_ACC, = 0
gpu_min_FPU_ACC, = 0
gpu_min_DPU_ACC, = 0
gpu_min_INT_MUL24_ACC, = 0
gpu_min_INT_MUL32_ACC, = 0
gpu_min_INT_MUL_ACC, = 0
gpu_min_INT_DIV_ACC, = 0
gpu_min_FP_MUL_ACC, = 0
gpu_min_FP_DIV_ACC, = 0
gpu_min_FP_SQRT_ACC, = 0
gpu_min_FP_LG_ACC, = 0
gpu_min_FP_SIN_ACC, = 0
gpu_min_FP_EXP_ACC, = 0
gpu_min_DP_MUL_ACC, = 0
gpu_min_DP_DIV_ACC, = 0
gpu_min_TENSOR_ACC, = 0
gpu_min_TEX_ACC, = 0
gpu_min_MEM_RD, = 0
gpu_min_MEM_WR, = 0
gpu_min_MEM_PRE, = 0
gpu_min_L2_RH, = 0
gpu_min_L2_RM, = 0
gpu_min_L2_WH, = 0
gpu_min_L2_WM, = 0
gpu_min_NOC_A, = 0
gpu_min_PIPE_A, = 0.012784
gpu_min_IDLE_CORE_N, = 132
gpu_min_constant_power = 0

Accumulative Power Statistics Over Previous Kernels:
gpu_tot_avg_power = 81.6678
gpu_tot_max_power = 160.747
gpu_tot_min_power = 60.8126


kernel_name = _ZN8cublasLt19splitKreduce_kernelILi32ELi16Eif13__nv_bfloat16fS1_Lb0EfS1_S1_Lb1ELb0ELb0ELb0EEEvNS_18cublasSplitKParamsIT4_EEPKT2_PKT8_PT7_PT3_PKS3_SG_PKT9_S7_PSH_PvlPS3_PiSM_SM_SG_SG_SG_SG_SG_ 
kernel_launch_uid = 84 

Kernel Average Power Data:
kernel_avg_power = 71.6054
gpu_avg_IBP, = 0.0496475
gpu_avg_ICP, = 0
gpu_avg_DCP, = 0.0480045
gpu_avg_TCP, = 0
gpu_avg_CCP, = 0.00489153
gpu_avg_SHRDP, = 0.00153593
gpu_avg_RFP, = 0
gpu_avg_INTP, = 0.361896
gpu_avg_FPUP, = 0.0236217
gpu_avg_DPUP, = 0
gpu_avg_INT_MUL24P, = 0
gpu_avg_INT_MUL32P, = 0
gpu_avg_INT_MULP, = 0.0761492
gpu_avg_INT_DIVP, = 0
gpu_avg_FP_MULP, = 0.0027297
gpu_avg_FP_DIVP, = 0
gpu_avg_FP_SQRTP, = 0
gpu_avg_FP_LGP, = 0
gpu_avg_FP_SINP, = 0
gpu_avg_FP_EXP, = 0
gpu_avg_DP_MULP, = 0
gpu_avg_DP_DIVP, = 0
gpu_avg_TENSORP, = 0
gpu_avg_TEXP, = 0
gpu_avg_SCHEDP, = 0.137313
gpu_avg_L2CP, = 0.0220296
gpu_avg_MCP, = 0.562472
gpu_avg_NOCP, = 0.0481513
gpu_avg_DRAMP, = 0
gpu_avg_PIPEP, = 0.679238
gpu_avg_IDLE_COREP, = 35.1755
gpu_avg_CONSTP = 32.3252
gpu_avg_STATICP = 2.08698
gpu_avg_TOT_INST, = 2132.78
gpu_avg_FP_INT, = 2003.11
gpu_avg_IC_H, = 0
gpu_avg_IC_M, = 0
gpu_avg_DC_RH, = 0
gpu_avg_DC_RM, = 37.3333
gpu_avg_DC_WH, = 0
gpu_avg_DC_WM, = 6.22222
gpu_avg_TC_H, = 0
gpu_avg_TC_M, = 0
gpu_avg_CC_H, = 224
gpu_avg_CC_M, = 0
gpu_avg_SHRD_ACC, = 3.44444
gpu_avg_REG_RD, = 0
gpu_avg_REG_WR, = 0
gpu_avg_NON_REG_OPs, = 0
gpu_avg_INT_ACC, = 197864
gpu_avg_FPU_ACC, = 316.39
gpu_avg_DPU_ACC, = 0
gpu_avg_INT_MUL24_ACC, = 0
gpu_avg_INT_MUL32_ACC, = 0
gpu_avg_INT_MUL_ACC, = 497.224
gpu_avg_INT_DIV_ACC, = 0
gpu_avg_FP_MUL_ACC, = 17.8238
gpu_avg_FP_DIV_ACC, = 0
gpu_avg_FP_SQRT_ACC, = 0
gpu_avg_FP_LG_ACC, = 0
gpu_avg_FP_SIN_ACC, = 0
gpu_avg_FP_EXP_ACC, = 0
gpu_avg_DP_MUL_ACC, = 0
gpu_avg_DP_DIV_ACC, = 0
gpu_avg_TENSOR_ACC, = 0
gpu_avg_TEX_ACC, = 0
gpu_avg_MEM_RD, = 0
gpu_avg_MEM_WR, = 0
gpu_avg_MEM_PRE, = 0
gpu_avg_L2_RH, = 37.3333
gpu_avg_L2_RM, = 0
gpu_avg_L2_WH, = 10.8889
gpu_avg_L2_WM, = 0.444444
gpu_avg_NOC_A, = 141.222
gpu_avg_PIPE_A, = 0.0207759
gpu_avg_IDLE_CORE_N, = 124.387
gpu_avg_constant_power = 0
gpu_avg_threads_per_warp = 13.0202
gpu_tot_TOT_INST, = 19195
gpu_tot_FP_INT, = 18028
gpu_tot_IC_H, = 0
gpu_tot_IC_M, = 0
gpu_tot_DC_RH, = 0
gpu_tot_DC_RM, = 336
gpu_tot_DC_WH, = 0
gpu_tot_DC_WM, = 56
gpu_tot_TC_H, = 0
gpu_tot_TC_M, = 0
gpu_tot_CC_H, = 2016
gpu_tot_CC_M, = 0
gpu_tot_SHRD_ACC, = 31
gpu_tot_REG_RD, = 0
gpu_tot_REG_WR, = 0
gpu_tot_NON_REG_OPs, = 0
gpu_tot_INT_ACC, = 1.78078e+06
gpu_tot_FPU_ACC, = 2847.51
gpu_tot_DPU_ACC, = 0
gpu_tot_INT_MUL24_ACC, = 0
gpu_tot_INT_MUL32_ACC, = 0
gpu_tot_INT_MUL_ACC, = 4475.01
gpu_tot_INT_DIV_ACC, = 0
gpu_tot_FP_MUL_ACC, = 160.415
gpu_tot_FP_DIV_ACC, = 0
gpu_tot_FP_SQRT_ACC, = 0
gpu_tot_FP_LG_ACC, = 0
gpu_tot_FP_SIN_ACC, = 0
gpu_tot_FP_EXP_ACC, = 0
gpu_tot_DP_MUL_ACC, = 0
gpu_tot_DP_DIV_ACC, = 0
gpu_tot_TENSOR_ACC, = 0
gpu_tot_TEX_ACC, = 0
gpu_tot_MEM_RD, = 0
gpu_tot_MEM_WR, = 0
gpu_tot_MEM_PRE, = 0
gpu_tot_L2_RH, = 336
gpu_tot_L2_RM, = 0
gpu_tot_L2_WH, = 98
gpu_tot_L2_WM, = 4
gpu_tot_NOC_A, = 1271
gpu_tot_PIPE_A, = 0.186983
gpu_tot_IDLE_CORE_N, = 1119.48
gpu_tot_constant_power = 0

Kernel Maximum Power Data:
kernel_max_power = 74.3742
gpu_max_IBP, = 0.288465
gpu_max_ICP, = 0
gpu_max_DCP, = 0
gpu_max_TCP, = 0
gpu_max_CCP, = 0.0293492
gpu_max_SHRDP, = 0
gpu_max_RFP, = 0
gpu_max_INTP, = 1.6702
gpu_max_FPUP, = 0
gpu_max_DPUP, = 0
gpu_max_INT_MUL24P, = 0
gpu_max_INT_MUL32P, = 0
gpu_max_INT_MULP, = 0.505405
gpu_max_INT_DIVP, = 0
gpu_max_FP_MULP, = 0
gpu_max_FP_DIVP, = 0
gpu_max_FP_SQRTP, = 0
gpu_max_FP_LGP, = 0
gpu_max_FP_SINP, = 0
gpu_max_FP_EXP, = 0
gpu_max_DP_MULP, = 0
gpu_max_DP_DIVP, = 0
gpu_max_TENSORP, = 0
gpu_max_TEXP, = 0
gpu_max_SCHEDP, = 0.78805
gpu_max_L2CP, = 0
gpu_max_MCP, = 0.553378
gpu_max_NOCP, = 0
gpu_max_DRAMP, = 0
gpu_max_PIPEP, = 1.10205
gpu_max_IDLE_COREP, = 35.2381
gpu_max_CONSTP = 32.3252
gpu_max_STATICP = 1.87396
gpu_max_TOT_INST, = 12392
gpu_max_FP_INT, = 11496
gpu_max_IC_H, = 0
gpu_max_IC_M, = 0
gpu_max_DC_RH, = 0
gpu_max_DC_RM, = 0
gpu_max_DC_WH, = 0
gpu_max_DC_WM, = 0
gpu_max_TC_H, = 0
gpu_max_TC_M, = 0
gpu_max_CC_H, = 1344
gpu_max_CC_M, = 0
gpu_max_SHRD_ACC, = 0
gpu_max_REG_RD, = 0
gpu_max_REG_WR, = 0
gpu_max_NON_REG_OPs, = 0
gpu_max_INT_ACC, = 913169
gpu_max_FPU_ACC, = 0
gpu_max_DPU_ACC, = 0
gpu_max_INT_MUL24_ACC, = 0
gpu_max_INT_MUL32_ACC, = 0
gpu_max_INT_MUL_ACC, = 3300.09
gpu_max_INT_DIV_ACC, = 0
gpu_max_FP_MUL_ACC, = 0
gpu_max_FP_DIV_ACC, = 0
gpu_max_FP_SQRT_ACC, = 0
gpu_max_FP_LG_ACC, = 0
gpu_max_FP_SIN_ACC, = 0
gpu_max_FP_EXP_ACC, = 0
gpu_max_DP_MUL_ACC, = 0
gpu_max_DP_DIV_ACC, = 0
gpu_max_TENSOR_ACC, = 0
gpu_max_TEX_ACC, = 0
gpu_max_MEM_RD, = 0
gpu_max_MEM_WR, = 0
gpu_max_MEM_PRE, = 0
gpu_max_L2_RH, = 0
gpu_max_L2_RM, = 0
gpu_max_L2_WH, = 0
gpu_max_L2_WM, = 0
gpu_max_NOC_A, = 0
gpu_max_PIPE_A, = 0.0337085
gpu_max_IDLE_CORE_N, = 124.608
gpu_max_constant_power = 0

Kernel Minimum Power Data:
kernel_min_power = 70.7922
gpu_min_IBP, = 0
gpu_min_ICP, = 0
gpu_min_DCP, = 0
gpu_min_TCP, = 0
gpu_min_CCP, = 0
gpu_min_SHRDP, = 0
gpu_min_RFP, = 0
gpu_min_INTP, = 0
gpu_min_FPUP, = 0
gpu_min_DPUP, = 0
gpu_min_INT_MUL24P, = 0
gpu_min_INT_MUL32P, = 0
gpu_min_INT_MULP, = 0
gpu_min_INT_DIVP, = 0
gpu_min_FP_MULP, = 0
gpu_min_FP_DIVP, = 0
gpu_min_FP_SQRTP, = 0
gpu_min_FP_LGP, = 0
gpu_min_FP_SINP, = 0
gpu_min_FP_EXP, = 0
gpu_min_DP_MULP, = 0
gpu_min_DP_DIVP, = 0
gpu_min_TENSORP, = 0
gpu_min_TEXP, = 0
gpu_min_SCHEDP, = 0
gpu_min_L2CP, = 0
gpu_min_MCP, = 0.55022
gpu_min_NOCP, = 0
gpu_min_DRAMP, = 0
gpu_min_PIPEP, = 0.588235
gpu_min_IDLE_COREP, = 37.3285
gpu_min_CONSTP = 32.3252
gpu_min_STATICP = 0
gpu_min_TOT_INST, = 0
gpu_min_FP_INT, = 0
gpu_min_IC_H, = 0
gpu_min_IC_M, = 0
gpu_min_DC_RH, = 0
gpu_min_DC_RM, = 0
gpu_min_DC_WH, = 0
gpu_min_DC_WM, = 0
gpu_min_TC_H, = 0
gpu_min_TC_M, = 0
gpu_min_CC_H, = 0
gpu_min_CC_M, = 0
gpu_min_SHRD_ACC, = 0
gpu_min_REG_RD, = 0
gpu_min_REG_WR, = 0
gpu_min_NON_REG_OPs, = 0
gpu_min_INT_ACC, = 0
gpu_min_FPU_ACC, = 0
gpu_min_DPU_ACC, = 0
gpu_min_INT_MUL24_ACC, = 0
gpu_min_INT_MUL32_ACC, = 0
gpu_min_INT_MUL_ACC, = 0
gpu_min_INT_DIV_ACC, = 0
gpu_min_FP_MUL_ACC, = 0
gpu_min_FP_DIV_ACC, = 0
gpu_min_FP_SQRT_ACC, = 0
gpu_min_FP_LG_ACC, = 0
gpu_min_FP_SIN_ACC, = 0
gpu_min_FP_EXP_ACC, = 0
gpu_min_DP_MUL_ACC, = 0
gpu_min_DP_DIV_ACC, = 0
gpu_min_TENSOR_ACC, = 0
gpu_min_TEX_ACC, = 0
gpu_min_MEM_RD, = 0
gpu_min_MEM_WR, = 0
gpu_min_MEM_PRE, = 0
gpu_min_L2_RH, = 0
gpu_min_L2_RM, = 0
gpu_min_L2_WH, = 0
gpu_min_L2_WM, = 0
gpu_min_NOC_A, = 0
gpu_min_PIPE_A, = 0.0179924
gpu_min_IDLE_CORE_N, = 132
gpu_min_constant_power = 0

Accumulative Power Statistics Over Previous Kernels:
gpu_tot_avg_power = 81.5879
gpu_tot_max_power = 160.747
gpu_tot_min_power = 60.8126


kernel_name = _ZN4vllm25fused_add_rms_norm_kernelIN3c108BFloat16ELi8ELb1EEENSt9enable_ifIXaagtT0_Li0Esr4vllm12_typeConvertIT_EE6existsEvE4typeEPS4_lS7_PKS4_fiil 
kernel_launch_uid = 85 

Kernel Average Power Data:
kernel_avg_power = 70.9006
gpu_avg_IBP, = 0.00528883
gpu_avg_ICP, = 0
gpu_avg_DCP, = 0.0336645
gpu_avg_TCP, = 0
gpu_avg_CCP, = 0.000148493
gpu_avg_SHRDP, = 0.00182826
gpu_avg_RFP, = 0
gpu_avg_INTP, = 0.0743787
gpu_avg_FPUP, = 0.018519
gpu_avg_DPUP, = 0
gpu_avg_INT_MUL24P, = 0
gpu_avg_INT_MUL32P, = 0
gpu_avg_INT_MULP, = 0.0100827
gpu_avg_INT_DIVP, = 0
gpu_avg_FP_MULP, = 0.00323131
gpu_avg_FP_DIVP, = 0
gpu_avg_FP_SQRTP, = 2.98777e-06
gpu_avg_FP_LGP, = 0
gpu_avg_FP_SINP, = 0
gpu_avg_FP_EXP, = 5.54466e-06
gpu_avg_DP_MULP, = 0
gpu_avg_DP_DIVP, = 0
gpu_avg_TENSORP, = 0
gpu_avg_TEXP, = 0
gpu_avg_SCHEDP, = 0.0147588
gpu_avg_L2CP, = 0.0161324
gpu_avg_MCP, = 0.555344
gpu_avg_NOCP, = 0.025913
gpu_avg_DRAMP, = 0
gpu_avg_PIPEP, = 0.502547
gpu_avg_IDLE_COREP, = 37.1203
gpu_avg_CONSTP = 32.3252
gpu_avg_STATICP = 0.193264
gpu_avg_TOT_INST, = 227.2
gpu_avg_FP_INT, = 215.3
gpu_avg_IC_H, = 0
gpu_avg_IC_M, = 0
gpu_avg_DC_RH, = 11.2
gpu_avg_DC_RM, = 11.2
gpu_avg_DC_WH, = 8.8
gpu_avg_DC_WM, = 0
gpu_avg_TC_H, = 0
gpu_avg_TC_M, = 0
gpu_avg_CC_H, = 6.8
gpu_avg_CC_M, = 0
gpu_avg_SHRD_ACC, = 4.1
gpu_avg_REG_RD, = 0
gpu_avg_REG_WR, = 0
gpu_avg_NON_REG_OPs, = 0
gpu_avg_INT_ACC, = 40666.1
gpu_avg_FPU_ACC, = 248.045
gpu_avg_DPU_ACC, = 0
gpu_avg_INT_MUL24_ACC, = 0
gpu_avg_INT_MUL32_ACC, = 0
gpu_avg_INT_MUL_ACC, = 65.8361
gpu_avg_INT_DIV_ACC, = 0
gpu_avg_FP_MUL_ACC, = 21.0992
gpu_avg_FP_DIV_ACC, = 0
gpu_avg_FP_SQRT_ACC, = 0.0195089
gpu_avg_FP_LG_ACC, = 0
gpu_avg_FP_SIN_ACC, = 0
gpu_avg_FP_EXP_ACC, = 0.0362044
gpu_avg_DP_MUL_ACC, = 0
gpu_avg_DP_DIV_ACC, = 0
gpu_avg_TENSOR_ACC, = 0
gpu_avg_TEX_ACC, = 0
gpu_avg_MEM_RD, = 0
gpu_avg_MEM_WR, = 0
gpu_avg_MEM_PRE, = 0
gpu_avg_L2_RH, = 15.2
gpu_avg_L2_RM, = 1.6
gpu_avg_L2_WH, = 11.2
gpu_avg_L2_WM, = 0
gpu_avg_NOC_A, = 76
gpu_avg_PIPE_A, = 0.0153715
gpu_avg_IDLE_CORE_N, = 131.264
gpu_avg_constant_power = 0
gpu_avg_threads_per_warp = 10.2304
gpu_tot_TOT_INST, = 2272
gpu_tot_FP_INT, = 2153
gpu_tot_IC_H, = 0
gpu_tot_IC_M, = 0
gpu_tot_DC_RH, = 112
gpu_tot_DC_RM, = 112
gpu_tot_DC_WH, = 88
gpu_tot_DC_WM, = 0
gpu_tot_TC_H, = 0
gpu_tot_TC_M, = 0
gpu_tot_CC_H, = 68
gpu_tot_CC_M, = 0
gpu_tot_SHRD_ACC, = 41
gpu_tot_REG_RD, = 0
gpu_tot_REG_WR, = 0
gpu_tot_NON_REG_OPs, = 0
gpu_tot_INT_ACC, = 406661
gpu_tot_FPU_ACC, = 2480.45
gpu_tot_DPU_ACC, = 0
gpu_tot_INT_MUL24_ACC, = 0
gpu_tot_INT_MUL32_ACC, = 0
gpu_tot_INT_MUL_ACC, = 658.361
gpu_tot_INT_DIV_ACC, = 0
gpu_tot_FP_MUL_ACC, = 210.992
gpu_tot_FP_DIV_ACC, = 0
gpu_tot_FP_SQRT_ACC, = 0.195089
gpu_tot_FP_LG_ACC, = 0
gpu_tot_FP_SIN_ACC, = 0
gpu_tot_FP_EXP_ACC, = 0.362044
gpu_tot_DP_MUL_ACC, = 0
gpu_tot_DP_DIV_ACC, = 0
gpu_tot_TENSOR_ACC, = 0
gpu_tot_TEX_ACC, = 0
gpu_tot_MEM_RD, = 0
gpu_tot_MEM_WR, = 0
gpu_tot_MEM_PRE, = 0
gpu_tot_L2_RH, = 152
gpu_tot_L2_RM, = 16
gpu_tot_L2_WH, = 112
gpu_tot_L2_WM, = 0
gpu_tot_NOC_A, = 760
gpu_tot_PIPE_A, = 0.153715
gpu_tot_IDLE_CORE_N, = 1312.64
gpu_tot_constant_power = 0

Kernel Maximum Power Data:
kernel_max_power = 71.711
gpu_max_IBP, = 0.030029
gpu_max_ICP, = 0
gpu_max_DCP, = 0.160582
gpu_max_TCP, = 0
gpu_max_CCP, = 0.00122288
gpu_max_SHRDP, = 0.00178366
gpu_max_RFP, = 0
gpu_max_INTP, = 0.48948
gpu_max_FPUP, = 0.0782996
gpu_max_DPUP, = 0
gpu_max_INT_MUL24P, = 0
gpu_max_INT_MUL32P, = 0
gpu_max_INT_MULP, = 0.0515241
gpu_max_INT_DIVP, = 0
gpu_max_FP_MULP, = 0.00153546
gpu_max_FP_DIVP, = 0
gpu_max_FP_SQRTP, = 0
gpu_max_FP_LGP, = 0
gpu_max_FP_SINP, = 0
gpu_max_FP_EXP, = 0
gpu_max_DP_MULP, = 0
gpu_max_DP_DIVP, = 0
gpu_max_TENSORP, = 0
gpu_max_TEXP, = 0
gpu_max_SCHEDP, = 0.0848648
gpu_max_L2CP, = 0
gpu_max_MCP, = 0.575136
gpu_max_NOCP, = 0.0354599
gpu_max_DRAMP, = 0
gpu_max_PIPEP, = 0.551579
gpu_max_IDLE_COREP, = 37.0859
gpu_max_CONSTP = 32.3252
gpu_max_STATICP = 0.238449
gpu_max_TOT_INST, = 1290
gpu_max_FP_INT, = 1238
gpu_max_IC_H, = 0
gpu_max_IC_M, = 0
gpu_max_DC_RH, = 53
gpu_max_DC_RM, = 59
gpu_max_DC_WH, = 0
gpu_max_DC_WM, = 0
gpu_max_TC_H, = 0
gpu_max_TC_M, = 0
gpu_max_CC_H, = 56
gpu_max_CC_M, = 0
gpu_max_SHRD_ACC, = 4
gpu_max_REG_RD, = 0
gpu_max_REG_WR, = 0
gpu_max_NON_REG_OPs, = 0
gpu_max_INT_ACC, = 267620
gpu_max_FPU_ACC, = 1048.75
gpu_max_DPU_ACC, = 0
gpu_max_INT_MUL24_ACC, = 0
gpu_max_INT_MUL32_ACC, = 0
gpu_max_INT_MUL_ACC, = 336.432
gpu_max_INT_DIV_ACC, = 0
gpu_max_FP_MUL_ACC, = 10.0259
gpu_max_FP_DIV_ACC, = 0
gpu_max_FP_SQRT_ACC, = 0
gpu_max_FP_LG_ACC, = 0
gpu_max_FP_SIN_ACC, = 0
gpu_max_FP_EXP_ACC, = 0
gpu_max_DP_MUL_ACC, = 0
gpu_max_DP_DIV_ACC, = 0
gpu_max_TENSOR_ACC, = 0
gpu_max_TEX_ACC, = 0
gpu_max_MEM_RD, = 0
gpu_max_MEM_WR, = 0
gpu_max_MEM_PRE, = 0
gpu_max_L2_RH, = 0
gpu_max_L2_RM, = 0
gpu_max_L2_WH, = 0
gpu_max_L2_WM, = 0
gpu_max_NOC_A, = 104
gpu_max_PIPE_A, = 0.0168712
gpu_max_IDLE_CORE_N, = 131.142
gpu_max_constant_power = 0

Kernel Minimum Power Data:
kernel_min_power = 70.6993
gpu_min_IBP, = 0
gpu_min_ICP, = 0
gpu_min_DCP, = 0
gpu_min_TCP, = 0
gpu_min_CCP, = 0
gpu_min_SHRDP, = 0
gpu_min_RFP, = 0
gpu_min_INTP, = 0
gpu_min_FPUP, = 0
gpu_min_DPUP, = 0
gpu_min_INT_MUL24P, = 0
gpu_min_INT_MUL32P, = 0
gpu_min_INT_MULP, = 0
gpu_min_INT_DIVP, = 0
gpu_min_FP_MULP, = 0
gpu_min_FP_DIVP, = 0
gpu_min_FP_SQRTP, = 0
gpu_min_FP_LGP, = 0
gpu_min_FP_SINP, = 0
gpu_min_FP_EXP, = 0
gpu_min_DP_MULP, = 0
gpu_min_DP_DIVP, = 0
gpu_min_TENSORP, = 0
gpu_min_TEXP, = 0
gpu_min_SCHEDP, = 0
gpu_min_L2CP, = 0
gpu_min_MCP, = 0.55022
gpu_min_NOCP, = 0
gpu_min_DRAMP, = 0
gpu_min_PIPEP, = 0.495356
gpu_min_IDLE_COREP, = 37.3285
gpu_min_CONSTP = 32.3252
gpu_min_STATICP = 0
gpu_min_TOT_INST, = 0
gpu_min_FP_INT, = 0
gpu_min_IC_H, = 0
gpu_min_IC_M, = 0
gpu_min_DC_RH, = 0
gpu_min_DC_RM, = 0
gpu_min_DC_WH, = 0
gpu_min_DC_WM, = 0
gpu_min_TC_H, = 0
gpu_min_TC_M, = 0
gpu_min_CC_H, = 0
gpu_min_CC_M, = 0
gpu_min_SHRD_ACC, = 0
gpu_min_REG_RD, = 0
gpu_min_REG_WR, = 0
gpu_min_NON_REG_OPs, = 0
gpu_min_INT_ACC, = 0
gpu_min_FPU_ACC, = 0
gpu_min_DPU_ACC, = 0
gpu_min_INT_MUL24_ACC, = 0
gpu_min_INT_MUL32_ACC, = 0
gpu_min_INT_MUL_ACC, = 0
gpu_min_INT_DIV_ACC, = 0
gpu_min_FP_MUL_ACC, = 0
gpu_min_FP_DIV_ACC, = 0
gpu_min_FP_SQRT_ACC, = 0
gpu_min_FP_LG_ACC, = 0
gpu_min_FP_SIN_ACC, = 0
gpu_min_FP_EXP_ACC, = 0
gpu_min_DP_MUL_ACC, = 0
gpu_min_DP_DIV_ACC, = 0
gpu_min_TENSOR_ACC, = 0
gpu_min_TEX_ACC, = 0
gpu_min_MEM_RD, = 0
gpu_min_MEM_WR, = 0
gpu_min_MEM_PRE, = 0
gpu_min_L2_RH, = 0
gpu_min_L2_RM, = 0
gpu_min_L2_WH, = 0
gpu_min_L2_WM, = 0
gpu_min_NOC_A, = 0
gpu_min_PIPE_A, = 0.0151515
gpu_min_IDLE_CORE_N, = 132
gpu_min_constant_power = 0

Accumulative Power Statistics Over Previous Kernels:
gpu_tot_avg_power = 81.4944
gpu_tot_max_power = 160.747
gpu_tot_min_power = 60.8126


kernel_name = nvjet_sm90_tst_64x8_64x16_4x1_v_bz_bias_TNT 
kernel_launch_uid = 86 

Kernel Average Power Data:
kernel_avg_power = 80.2059
gpu_avg_IBP, = 0.155423
gpu_avg_ICP, = 0
gpu_avg_DCP, = 0.000206311
gpu_avg_TCP, = 0
gpu_avg_CCP, = 0.00128839
gpu_avg_SHRDP, = 0.13431
gpu_avg_RFP, = 0
gpu_avg_INTP, = 2.98027
gpu_avg_FPUP, = 0.0551735
gpu_avg_DPUP, = 0
gpu_avg_INT_MUL24P, = 0
gpu_avg_INT_MUL32P, = 0
gpu_avg_INT_MULP, = 0.29544
gpu_avg_INT_DIVP, = 0
gpu_avg_FP_MULP, = 0.000614182
gpu_avg_FP_DIVP, = 0
gpu_avg_FP_SQRTP, = 0
gpu_avg_FP_LGP, = 0
gpu_avg_FP_SINP, = 0
gpu_avg_FP_EXP, = 0
gpu_avg_DP_MULP, = 0
gpu_avg_DP_DIVP, = 0
gpu_avg_TENSORP, = 0
gpu_avg_TEXP, = 0
gpu_avg_SCHEDP, = 0.445049
gpu_avg_L2CP, = 1.04091
gpu_avg_MCP, = 0.550389
gpu_avg_NOCP, = 4.43595
gpu_avg_DRAMP, = 0
gpu_avg_PIPEP, = 0.781323
gpu_avg_IDLE_COREP, = 34.4572
gpu_avg_CONSTP = 32.3252
gpu_avg_STATICP = 2.54717
gpu_avg_TOT_INST, = 6676.73
gpu_avg_FP_INT, = 6492.33
gpu_avg_IC_H, = 0
gpu_avg_IC_M, = 0
gpu_avg_DC_RH, = 0
gpu_avg_DC_RM, = 0
gpu_avg_DC_WH, = 1.6
gpu_avg_DC_WM, = 0
gpu_avg_TC_H, = 0
gpu_avg_TC_M, = 0
gpu_avg_CC_H, = 59
gpu_avg_CC_M, = 0
gpu_avg_SHRD_ACC, = 301.2
gpu_avg_REG_RD, = 0
gpu_avg_REG_WR, = 0
gpu_avg_NON_REG_OPs, = 0
gpu_avg_INT_ACC, = 1.62944e+06
gpu_avg_FPU_ACC, = 738.997
gpu_avg_DPU_ACC, = 0
gpu_avg_INT_MUL24_ACC, = 0
gpu_avg_INT_MUL32_ACC, = 0
gpu_avg_INT_MUL_ACC, = 1929.1
gpu_avg_INT_DIV_ACC, = 0
gpu_avg_FP_MUL_ACC, = 4.01036
gpu_avg_FP_DIV_ACC, = 0
gpu_avg_FP_SQRT_ACC, = 0
gpu_avg_FP_LG_ACC, = 0
gpu_avg_FP_SIN_ACC, = 0
gpu_avg_FP_EXP_ACC, = 0
gpu_avg_DP_MUL_ACC, = 0
gpu_avg_DP_DIV_ACC, = 0
gpu_avg_TENSOR_ACC, = 0
gpu_avg_TEX_ACC, = 0
gpu_avg_MEM_RD, = 0
gpu_avg_MEM_WR, = 0
gpu_avg_MEM_PRE, = 0
gpu_avg_L2_RH, = 3758.67
gpu_avg_L2_RM, = 554.4
gpu_avg_L2_WH, = 5.6
gpu_avg_L2_WM, = 2.4
gpu_avg_NOC_A, = 13010.1
gpu_avg_PIPE_A, = 0.0238984
gpu_avg_IDLE_CORE_N, = 121.847
gpu_avg_constant_power = 0
gpu_avg_threads_per_warp = 18.6698
gpu_tot_TOT_INST, = 100151
gpu_tot_FP_INT, = 97385
gpu_tot_IC_H, = 0
gpu_tot_IC_M, = 0
gpu_tot_DC_RH, = 0
gpu_tot_DC_RM, = 0
gpu_tot_DC_WH, = 24
gpu_tot_DC_WM, = 0
gpu_tot_TC_H, = 0
gpu_tot_TC_M, = 0
gpu_tot_CC_H, = 885
gpu_tot_CC_M, = 0
gpu_tot_SHRD_ACC, = 4518
gpu_tot_REG_RD, = 0
gpu_tot_REG_WR, = 0
gpu_tot_NON_REG_OPs, = 0
gpu_tot_INT_ACC, = 2.44417e+07
gpu_tot_FPU_ACC, = 11084.9
gpu_tot_DPU_ACC, = 0
gpu_tot_INT_MUL24_ACC, = 0
gpu_tot_INT_MUL32_ACC, = 0
gpu_tot_INT_MUL_ACC, = 28936.6
gpu_tot_INT_DIV_ACC, = 0
gpu_tot_FP_MUL_ACC, = 60.1555
gpu_tot_FP_DIV_ACC, = 0
gpu_tot_FP_SQRT_ACC, = 0
gpu_tot_FP_LG_ACC, = 0
gpu_tot_FP_SIN_ACC, = 0
gpu_tot_FP_EXP_ACC, = 0
gpu_tot_DP_MUL_ACC, = 0
gpu_tot_DP_DIV_ACC, = 0
gpu_tot_TENSOR_ACC, = 0
gpu_tot_TEX_ACC, = 0
gpu_tot_MEM_RD, = 0
gpu_tot_MEM_WR, = 0
gpu_tot_MEM_PRE, = 0
gpu_tot_L2_RH, = 56380
gpu_tot_L2_RM, = 8316
gpu_tot_L2_WH, = 84
gpu_tot_L2_WM, = 36
gpu_tot_NOC_A, = 195152
gpu_tot_PIPE_A, = 0.358476
gpu_tot_IDLE_CORE_N, = 1827.7
gpu_tot_constant_power = 0

Kernel Maximum Power Data:
kernel_max_power = 99.2564
gpu_max_IBP, = 0.298149
gpu_max_ICP, = 0
gpu_max_DCP, = 0
gpu_max_TCP, = 0
gpu_max_CCP, = 0
gpu_max_SHRDP, = 0.336667
gpu_max_RFP, = 0
gpu_max_INTP, = 6.38605
gpu_max_FPUP, = 0
gpu_max_DPUP, = 0
gpu_max_INT_MUL24P, = 0
gpu_max_INT_MUL32P, = 0
gpu_max_INT_MULP, = 0.147786
gpu_max_INT_DIVP, = 0
gpu_max_FP_MULP, = 0
gpu_max_FP_DIVP, = 0
gpu_max_FP_SQRTP, = 0
gpu_max_FP_LGP, = 0
gpu_max_FP_SINP, = 0
gpu_max_FP_EXP, = 0
gpu_max_DP_MULP, = 0
gpu_max_DP_DIVP, = 0
gpu_max_TENSORP, = 0
gpu_max_TEXP, = 0
gpu_max_SCHEDP, = 0.853104
gpu_max_L2CP, = 3.95369
gpu_max_MCP, = 0.55022
gpu_max_NOCP, = 16.9689
gpu_max_DRAMP, = 0
gpu_max_PIPEP, = 1.04894
gpu_max_IDLE_COREP, = 31.6727
gpu_max_CONSTP = 32.3252
gpu_max_STATICP = 4.71495
gpu_max_TOT_INST, = 12808
gpu_max_FP_INT, = 12445
gpu_max_IC_H, = 0
gpu_max_IC_M, = 0
gpu_max_DC_RH, = 0
gpu_max_DC_RM, = 0
gpu_max_DC_WH, = 0
gpu_max_DC_WM, = 0
gpu_max_TC_H, = 0
gpu_max_TC_M, = 0
gpu_max_CC_H, = 0
gpu_max_CC_M, = 0
gpu_max_SHRD_ACC, = 755
gpu_max_REG_RD, = 0
gpu_max_REG_WR, = 0
gpu_max_NON_REG_OPs, = 0
gpu_max_INT_ACC, = 3.49153e+06
gpu_max_FPU_ACC, = 0
gpu_max_DPU_ACC, = 0
gpu_max_INT_MUL24_ACC, = 0
gpu_max_INT_MUL32_ACC, = 0
gpu_max_INT_MUL_ACC, = 964.982
gpu_max_INT_DIV_ACC, = 0
gpu_max_FP_MUL_ACC, = 0
gpu_max_FP_DIV_ACC, = 0
gpu_max_FP_SQRT_ACC, = 0
gpu_max_FP_LG_ACC, = 0
gpu_max_FP_SIN_ACC, = 0
gpu_max_FP_EXP_ACC, = 0
gpu_max_DP_MUL_ACC, = 0
gpu_max_DP_DIV_ACC, = 0
gpu_max_TENSOR_ACC, = 0
gpu_max_TEX_ACC, = 0
gpu_max_MEM_RD, = 0
gpu_max_MEM_WR, = 0
gpu_max_MEM_PRE, = 0
gpu_max_L2_RH, = 14369
gpu_max_L2_RM, = 2231
gpu_max_L2_WH, = 0
gpu_max_L2_WM, = 0
gpu_max_NOC_A, = 49768
gpu_max_PIPE_A, = 0.0320839
gpu_max_IDLE_CORE_N, = 112
gpu_max_constant_power = 0

Kernel Minimum Power Data:
kernel_min_power = 70.6877
gpu_min_IBP, = 0
gpu_min_ICP, = 0
gpu_min_DCP, = 0
gpu_min_TCP, = 0
gpu_min_CCP, = 0
gpu_min_SHRDP, = 0
gpu_min_RFP, = 0
gpu_min_INTP, = 0
gpu_min_FPUP, = 0
gpu_min_DPUP, = 0
gpu_min_INT_MUL24P, = 0
gpu_min_INT_MUL32P, = 0
gpu_min_INT_MULP, = 0
gpu_min_INT_DIVP, = 0
gpu_min_FP_MULP, = 0
gpu_min_FP_DIVP, = 0
gpu_min_FP_SQRTP, = 0
gpu_min_FP_LGP, = 0
gpu_min_FP_SINP, = 0
gpu_min_FP_EXP, = 0
gpu_min_DP_MULP, = 0
gpu_min_DP_DIVP, = 0
gpu_min_TENSORP, = 0
gpu_min_TEXP, = 0
gpu_min_SCHEDP, = 0
gpu_min_L2CP, = 0
gpu_min_MCP, = 0.55022
gpu_min_NOCP, = 0
gpu_min_DRAMP, = 0
gpu_min_PIPEP, = 0.483745
gpu_min_IDLE_COREP, = 37.3285
gpu_min_CONSTP = 32.3252
gpu_min_STATICP = 0
gpu_min_TOT_INST, = 0
gpu_min_FP_INT, = 0
gpu_min_IC_H, = 0
gpu_min_IC_M, = 0
gpu_min_DC_RH, = 0
gpu_min_DC_RM, = 0
gpu_min_DC_WH, = 0
gpu_min_DC_WM, = 0
gpu_min_TC_H, = 0
gpu_min_TC_M, = 0
gpu_min_CC_H, = 0
gpu_min_CC_M, = 0
gpu_min_SHRD_ACC, = 0
gpu_min_REG_RD, = 0
gpu_min_REG_WR, = 0
gpu_min_NON_REG_OPs, = 0
gpu_min_INT_ACC, = 0
gpu_min_FPU_ACC, = 0
gpu_min_DPU_ACC, = 0
gpu_min_INT_MUL24_ACC, = 0
gpu_min_INT_MUL32_ACC, = 0
gpu_min_INT_MUL_ACC, = 0
gpu_min_INT_DIV_ACC, = 0
gpu_min_FP_MUL_ACC, = 0
gpu_min_FP_DIV_ACC, = 0
gpu_min_FP_SQRT_ACC, = 0
gpu_min_FP_LG_ACC, = 0
gpu_min_FP_SIN_ACC, = 0
gpu_min_FP_EXP_ACC, = 0
gpu_min_DP_MUL_ACC, = 0
gpu_min_DP_DIV_ACC, = 0
gpu_min_TENSOR_ACC, = 0
gpu_min_TEX_ACC, = 0
gpu_min_MEM_RD, = 0
gpu_min_MEM_WR, = 0
gpu_min_MEM_PRE, = 0
gpu_min_L2_RH, = 0
gpu_min_L2_RM, = 0
gpu_min_L2_WH, = 0
gpu_min_L2_WM, = 0
gpu_min_NOC_A, = 0
gpu_min_PIPE_A, = 0.0147964
gpu_min_IDLE_CORE_N, = 132
gpu_min_constant_power = 0

Accumulative Power Statistics Over Previous Kernels:
gpu_tot_avg_power = 81.4777
gpu_tot_max_power = 160.747
gpu_tot_min_power = 60.8126


kernel_name = _ZN4vllm23rotary_embedding_kernelIN3c108BFloat16ES2_Lb1EEEvPKlPT_S6_PKT0_illliiilb 
kernel_launch_uid = 87 

Kernel Average Power Data:
kernel_avg_power = 70.7515
gpu_avg_IBP, = 0.00401657
gpu_avg_ICP, = 0
gpu_avg_DCP, = 0.0130766
gpu_avg_TCP, = 0
gpu_avg_CCP, = 0.000142934
gpu_avg_SHRDP, = 0
gpu_avg_RFP, = 0
gpu_avg_INTP, = 0.0506286
gpu_avg_FPUP, = 0.0073626
gpu_avg_DPUP, = 0
gpu_avg_INT_MUL24P, = 0
gpu_avg_INT_MUL32P, = 0
gpu_avg_INT_MULP, = 0.0288187
gpu_avg_INT_DIVP, = 0
gpu_avg_FP_MULP, = 0.00255245
gpu_avg_FP_DIVP, = 0
gpu_avg_FP_SQRTP, = 0
gpu_avg_FP_LGP, = 0
gpu_avg_FP_SINP, = 0
gpu_avg_FP_EXP, = 0.00258079
gpu_avg_DP_MULP, = 0
gpu_avg_DP_DIVP, = 0
gpu_avg_TENSORP, = 0
gpu_avg_TEXP, = 0
gpu_avg_SCHEDP, = 0.0109804
gpu_avg_L2CP, = 0.0072201
gpu_avg_MCP, = 0.551815
gpu_avg_NOCP, = 0.0123676
gpu_avg_DRAMP, = 0
gpu_avg_PIPEP, = 0.411257
gpu_avg_IDLE_COREP, = 37.1986
gpu_avg_CONSTP = 32.3252
gpu_avg_STATICP = 0.124843
gpu_avg_TOT_INST, = 172.545
gpu_avg_FP_INT, = 160.182
gpu_avg_IC_H, = 0
gpu_avg_IC_M, = 0
gpu_avg_DC_RH, = 6.63636
gpu_avg_DC_RM, = 0.363636
gpu_avg_DC_WH, = 5.81818
gpu_avg_DC_WM, = 0
gpu_avg_TC_H, = 0
gpu_avg_TC_M, = 0
gpu_avg_CC_H, = 6.54545
gpu_avg_CC_M, = 0
gpu_avg_SHRD_ACC, = 0
gpu_avg_REG_RD, = 0
gpu_avg_REG_WR, = 0
gpu_avg_NON_REG_OPs, = 0
gpu_avg_INT_ACC, = 27680.9
gpu_avg_FPU_ACC, = 98.6151
gpu_avg_DPU_ACC, = 0
gpu_avg_INT_MUL24_ACC, = 0
gpu_avg_INT_MUL32_ACC, = 0
gpu_avg_INT_MUL_ACC, = 188.175
gpu_avg_INT_DIV_ACC, = 0
gpu_avg_FP_MUL_ACC, = 16.6664
gpu_avg_FP_DIV_ACC, = 0
gpu_avg_FP_SQRT_ACC, = 0
gpu_avg_FP_LG_ACC, = 0
gpu_avg_FP_SIN_ACC, = 0
gpu_avg_FP_EXP_ACC, = 16.8515
gpu_avg_DP_MUL_ACC, = 0
gpu_avg_DP_DIV_ACC, = 0
gpu_avg_TENSOR_ACC, = 0
gpu_avg_TEX_ACC, = 0
gpu_avg_MEM_RD, = 0
gpu_avg_MEM_WR, = 0
gpu_avg_MEM_PRE, = 0
gpu_avg_L2_RH, = 5.09091
gpu_avg_L2_RM, = 1.18182
gpu_avg_L2_WH, = 5.09091
gpu_avg_L2_WM, = 0.727273
gpu_avg_NOC_A, = 36.2727
gpu_avg_PIPE_A, = 0.0125792
gpu_avg_IDLE_CORE_N, = 131.541
gpu_avg_constant_power = 0
gpu_avg_threads_per_warp = 14.2576
gpu_tot_TOT_INST, = 1898
gpu_tot_FP_INT, = 1762
gpu_tot_IC_H, = 0
gpu_tot_IC_M, = 0
gpu_tot_DC_RH, = 73
gpu_tot_DC_RM, = 4
gpu_tot_DC_WH, = 64
gpu_tot_DC_WM, = 0
gpu_tot_TC_H, = 0
gpu_tot_TC_M, = 0
gpu_tot_CC_H, = 72
gpu_tot_CC_M, = 0
gpu_tot_SHRD_ACC, = 0
gpu_tot_REG_RD, = 0
gpu_tot_REG_WR, = 0
gpu_tot_NON_REG_OPs, = 0
gpu_tot_INT_ACC, = 304490
gpu_tot_FPU_ACC, = 1084.77
gpu_tot_DPU_ACC, = 0
gpu_tot_INT_MUL24_ACC, = 0
gpu_tot_INT_MUL32_ACC, = 0
gpu_tot_INT_MUL_ACC, = 2069.92
gpu_tot_INT_DIV_ACC, = 0
gpu_tot_FP_MUL_ACC, = 183.331
gpu_tot_FP_DIV_ACC, = 0
gpu_tot_FP_SQRT_ACC, = 0
gpu_tot_FP_LG_ACC, = 0
gpu_tot_FP_SIN_ACC, = 0
gpu_tot_FP_EXP_ACC, = 185.367
gpu_tot_DP_MUL_ACC, = 0
gpu_tot_DP_DIV_ACC, = 0
gpu_tot_TENSOR_ACC, = 0
gpu_tot_TEX_ACC, = 0
gpu_tot_MEM_RD, = 0
gpu_tot_MEM_WR, = 0
gpu_tot_MEM_PRE, = 0
gpu_tot_L2_RH, = 56
gpu_tot_L2_RM, = 13
gpu_tot_L2_WH, = 56
gpu_tot_L2_WM, = 8
gpu_tot_NOC_A, = 399
gpu_tot_PIPE_A, = 0.138371
gpu_tot_IDLE_CORE_N, = 1446.95
gpu_tot_constant_power = 0

Kernel Maximum Power Data:
kernel_max_power = 71.2843
gpu_max_IBP, = 0.020159
gpu_max_ICP, = 0
gpu_max_DCP, = 0
gpu_max_TCP, = 0
gpu_max_CCP, = 0.000611441
gpu_max_SHRDP, = 0
gpu_max_RFP, = 0
gpu_max_INTP, = 0.354226
gpu_max_FPUP, = 0.0354325
gpu_max_DPUP, = 0
gpu_max_INT_MUL24P, = 0
gpu_max_INT_MUL32P, = 0
gpu_max_INT_MULP, = 0.152298
gpu_max_INT_DIVP, = 0
gpu_max_FP_MULP, = 0
gpu_max_FP_DIVP, = 0
gpu_max_FP_SQRTP, = 0
gpu_max_FP_LGP, = 0
gpu_max_FP_SINP, = 0
gpu_max_FP_EXP, = 0.0248401
gpu_max_DP_MULP, = 0
gpu_max_DP_DIVP, = 0
gpu_max_TENSORP, = 0
gpu_max_TEXP, = 0
gpu_max_SCHEDP, = 0.0567593
gpu_max_L2CP, = 0
gpu_max_MCP, = 0.550286
gpu_max_NOCP, = 0.000681922
gpu_max_DRAMP, = 0
gpu_max_PIPEP, = 0.44352
gpu_max_IDLE_COREP, = 37.0457
gpu_max_CONSTP = 32.3252
gpu_max_STATICP = 0.274534
gpu_max_TOT_INST, = 866
gpu_max_FP_INT, = 828
gpu_max_IC_H, = 0
gpu_max_IC_M, = 0
gpu_max_DC_RH, = 0
gpu_max_DC_RM, = 0
gpu_max_DC_WH, = 0
gpu_max_DC_WM, = 0
gpu_max_TC_H, = 0
gpu_max_TC_M, = 0
gpu_max_CC_H, = 28
gpu_max_CC_M, = 0
gpu_max_SHRD_ACC, = 0
gpu_max_REG_RD, = 0
gpu_max_REG_WR, = 0
gpu_max_NON_REG_OPs, = 0
gpu_max_INT_ACC, = 193671
gpu_max_FPU_ACC, = 474.585
gpu_max_DPU_ACC, = 0
gpu_max_INT_MUL24_ACC, = 0
gpu_max_INT_MUL32_ACC, = 0
gpu_max_INT_MUL_ACC, = 994.447
gpu_max_INT_DIV_ACC, = 0
gpu_max_FP_MUL_ACC, = 0
gpu_max_FP_DIV_ACC, = 0
gpu_max_FP_SQRT_ACC, = 0
gpu_max_FP_LG_ACC, = 0
gpu_max_FP_SIN_ACC, = 0
gpu_max_FP_EXP_ACC, = 162.196
gpu_max_DP_MUL_ACC, = 0
gpu_max_DP_DIV_ACC, = 0
gpu_max_TENSOR_ACC, = 0
gpu_max_TEX_ACC, = 0
gpu_max_MEM_RD, = 0
gpu_max_MEM_WR, = 0
gpu_max_MEM_PRE, = 0
gpu_max_L2_RH, = 0
gpu_max_L2_RM, = 0
gpu_max_L2_WH, = 0
gpu_max_L2_WM, = 0
gpu_max_NOC_A, = 2
gpu_max_PIPE_A, = 0.013566
gpu_max_IDLE_CORE_N, = 131
gpu_max_constant_power = 0

Kernel Minimum Power Data:
kernel_min_power = 70.6103
gpu_min_IBP, = 0
gpu_min_ICP, = 0
gpu_min_DCP, = 0
gpu_min_TCP, = 0
gpu_min_CCP, = 0
gpu_min_SHRDP, = 0
gpu_min_RFP, = 0
gpu_min_INTP, = 0
gpu_min_FPUP, = 0
gpu_min_DPUP, = 0
gpu_min_INT_MUL24P, = 0
gpu_min_INT_MUL32P, = 0
gpu_min_INT_MULP, = 0
gpu_min_INT_DIVP, = 0
gpu_min_FP_MULP, = 0
gpu_min_FP_DIVP, = 0
gpu_min_FP_SQRTP, = 0
gpu_min_FP_LGP, = 0
gpu_min_FP_SINP, = 0
gpu_min_FP_EXP, = 0
gpu_min_DP_MULP, = 0
gpu_min_DP_DIVP, = 0
gpu_min_TENSORP, = 0
gpu_min_TEXP, = 0
gpu_min_SCHEDP, = 0
gpu_min_L2CP, = 0
gpu_min_MCP, = 0.55022
gpu_min_NOCP, = 0
gpu_min_DRAMP, = 0
gpu_min_PIPEP, = 0.406345
gpu_min_IDLE_COREP, = 37.3285
gpu_min_CONSTP = 32.3252
gpu_min_STATICP = 0
gpu_min_TOT_INST, = 0
gpu_min_FP_INT, = 0
gpu_min_IC_H, = 0
gpu_min_IC_M, = 0
gpu_min_DC_RH, = 0
gpu_min_DC_RM, = 0
gpu_min_DC_WH, = 0
gpu_min_DC_WM, = 0
gpu_min_TC_H, = 0
gpu_min_TC_M, = 0
gpu_min_CC_H, = 0
gpu_min_CC_M, = 0
gpu_min_SHRD_ACC, = 0
gpu_min_REG_RD, = 0
gpu_min_REG_WR, = 0
gpu_min_NON_REG_OPs, = 0
gpu_min_INT_ACC, = 0
gpu_min_FPU_ACC, = 0
gpu_min_DPU_ACC, = 0
gpu_min_INT_MUL24_ACC, = 0
gpu_min_INT_MUL32_ACC, = 0
gpu_min_INT_MUL_ACC, = 0
gpu_min_INT_DIV_ACC, = 0
gpu_min_FP_MUL_ACC, = 0
gpu_min_FP_DIV_ACC, = 0
gpu_min_FP_SQRT_ACC, = 0
gpu_min_FP_LG_ACC, = 0
gpu_min_FP_SIN_ACC, = 0
gpu_min_FP_EXP_ACC, = 0
gpu_min_DP_MUL_ACC, = 0
gpu_min_DP_DIV_ACC, = 0
gpu_min_TENSOR_ACC, = 0
gpu_min_TEX_ACC, = 0
gpu_min_MEM_RD, = 0
gpu_min_MEM_WR, = 0
gpu_min_MEM_PRE, = 0
gpu_min_L2_RH, = 0
gpu_min_L2_RM, = 0
gpu_min_L2_WH, = 0
gpu_min_L2_WM, = 0
gpu_min_NOC_A, = 0
gpu_min_PIPE_A, = 0.0124289
gpu_min_IDLE_CORE_N, = 132
gpu_min_constant_power = 0

Accumulative Power Statistics Over Previous Kernels:
gpu_tot_avg_power = 81.3768
gpu_tot_max_power = 160.747
gpu_tot_min_power = 60.8126


kernel_name = _ZN4vllm30reshape_and_cache_flash_kernelI13__nv_bfloat16S1_LNS_18Fp8KVCacheDataTypeE0EEEvPKT_S5_PT0_S7_PKlllllliiiPKfSB_i 
kernel_launch_uid = 88 

Kernel Average Power Data:
kernel_avg_power = 70.6371
gpu_avg_IBP, = 0.00143291
gpu_avg_ICP, = 0
gpu_avg_DCP, = 0.00327186
gpu_avg_TCP, = 0
gpu_avg_CCP, = 4.36744e-05
gpu_avg_SHRDP, = 0
gpu_avg_RFP, = 0
gpu_avg_INTP, = 0.0244643
gpu_avg_FPUP, = 0.00112484
gpu_avg_DPUP, = 0
gpu_avg_INT_MUL24P, = 0
gpu_avg_INT_MUL32P, = 0
gpu_avg_INT_MULP, = 0.00739556
gpu_avg_INT_DIVP, = 0
gpu_avg_FP_MULP, = 0
gpu_avg_FP_DIVP, = 0
gpu_avg_FP_SQRTP, = 0
gpu_avg_FP_LGP, = 0
gpu_avg_FP_SINP, = 0
gpu_avg_FP_EXP, = 0.000788574
gpu_avg_DP_MULP, = 0
gpu_avg_DP_DIVP, = 0
gpu_avg_TENSORP, = 0
gpu_avg_TEXP, = 0
gpu_avg_SCHEDP, = 0.00405206
gpu_avg_L2CP, = 0.00165119
gpu_avg_MCP, = 0.551091
gpu_avg_NOCP, = 0.00253826
gpu_avg_DRAMP, = 0
gpu_avg_PIPEP, = 0.398078
gpu_avg_IDLE_COREP, = 37.2344
gpu_avg_CONSTP = 32.3252
gpu_avg_STATICP = 0.0816129
gpu_avg_TOT_INST, = 61.5556
gpu_avg_FP_INT, = 59.1111
gpu_avg_IC_H, = 0
gpu_avg_IC_M, = 0
gpu_avg_DC_RH, = 0.333333
gpu_avg_DC_RM, = 1.55556
gpu_avg_DC_WH, = 0
gpu_avg_DC_WM, = 0.888889
gpu_avg_TC_H, = 0
gpu_avg_TC_M, = 0
gpu_avg_CC_H, = 2
gpu_avg_CC_M, = 0
gpu_avg_SHRD_ACC, = 0
gpu_avg_REG_RD, = 0
gpu_avg_REG_WR, = 0
gpu_avg_NON_REG_OPs, = 0
gpu_avg_INT_ACC, = 13375.7
gpu_avg_FPU_ACC, = 15.0662
gpu_avg_DPU_ACC, = 0
gpu_avg_INT_MUL24_ACC, = 0
gpu_avg_INT_MUL32_ACC, = 0
gpu_avg_INT_MUL_ACC, = 48.29
gpu_avg_INT_DIV_ACC, = 0
gpu_avg_FP_MUL_ACC, = 0
gpu_avg_FP_DIV_ACC, = 0
gpu_avg_FP_SQRT_ACC, = 0
gpu_avg_FP_LG_ACC, = 0
gpu_avg_FP_SIN_ACC, = 0
gpu_avg_FP_EXP_ACC, = 5.14907
gpu_avg_DP_MUL_ACC, = 0
gpu_avg_DP_DIV_ACC, = 0
gpu_avg_TENSOR_ACC, = 0
gpu_avg_TEX_ACC, = 0
gpu_avg_MEM_RD, = 0
gpu_avg_MEM_WR, = 0
gpu_avg_MEM_PRE, = 0
gpu_avg_L2_RH, = 0.888889
gpu_avg_L2_RM, = 0.111111
gpu_avg_L2_WH, = 0.888889
gpu_avg_L2_WM, = 0.888889
gpu_avg_NOC_A, = 7.44444
gpu_avg_PIPE_A, = 0.012176
gpu_avg_IDLE_CORE_N, = 131.667
gpu_avg_constant_power = 0
gpu_avg_threads_per_warp = 9.14661
gpu_tot_TOT_INST, = 554
gpu_tot_FP_INT, = 532
gpu_tot_IC_H, = 0
gpu_tot_IC_M, = 0
gpu_tot_DC_RH, = 3
gpu_tot_DC_RM, = 14
gpu_tot_DC_WH, = 0
gpu_tot_DC_WM, = 8
gpu_tot_TC_H, = 0
gpu_tot_TC_M, = 0
gpu_tot_CC_H, = 18
gpu_tot_CC_M, = 0
gpu_tot_SHRD_ACC, = 0
gpu_tot_REG_RD, = 0
gpu_tot_REG_WR, = 0
gpu_tot_NON_REG_OPs, = 0
gpu_tot_INT_ACC, = 120381
gpu_tot_FPU_ACC, = 135.596
gpu_tot_DPU_ACC, = 0
gpu_tot_INT_MUL24_ACC, = 0
gpu_tot_INT_MUL32_ACC, = 0
gpu_tot_INT_MUL_ACC, = 434.61
gpu_tot_INT_DIV_ACC, = 0
gpu_tot_FP_MUL_ACC, = 0
gpu_tot_FP_DIV_ACC, = 0
gpu_tot_FP_SQRT_ACC, = 0
gpu_tot_FP_LG_ACC, = 0
gpu_tot_FP_SIN_ACC, = 0
gpu_tot_FP_EXP_ACC, = 46.3417
gpu_tot_DP_MUL_ACC, = 0
gpu_tot_DP_DIV_ACC, = 0
gpu_tot_TENSOR_ACC, = 0
gpu_tot_TEX_ACC, = 0
gpu_tot_MEM_RD, = 0
gpu_tot_MEM_WR, = 0
gpu_tot_MEM_PRE, = 0
gpu_tot_L2_RH, = 8
gpu_tot_L2_RM, = 1
gpu_tot_L2_WH, = 8
gpu_tot_L2_WM, = 8
gpu_tot_NOC_A, = 67
gpu_tot_PIPE_A, = 0.109584
gpu_tot_IDLE_CORE_N, = 1185
gpu_tot_constant_power = 0

Kernel Maximum Power Data:
kernel_max_power = 70.936
gpu_max_IBP, = 0.010289
gpu_max_ICP, = 0
gpu_max_DCP, = 0.00886198
gpu_max_TCP, = 0
gpu_max_CCP, = 0.000262046
gpu_max_SHRDP, = 0
gpu_max_RFP, = 0
gpu_max_INTP, = 0.192546
gpu_max_FPUP, = 0.0101236
gpu_max_DPUP, = 0
gpu_max_INT_MUL24P, = 0
gpu_max_INT_MUL32P, = 0
gpu_max_INT_MULP, = 0.0564068
gpu_max_INT_DIVP, = 0
gpu_max_FP_MULP, = 0
gpu_max_FP_DIVP, = 0
gpu_max_FP_SQRTP, = 0
gpu_max_FP_LGP, = 0
gpu_max_FP_SINP, = 0
gpu_max_FP_EXP, = 0.00709717
gpu_max_DP_MULP, = 0
gpu_max_DP_DIVP, = 0
gpu_max_TENSORP, = 0
gpu_max_TEXP, = 0
gpu_max_SCHEDP, = 0.0292023
gpu_max_L2CP, = 0
gpu_max_MCP, = 0.552108
gpu_max_NOCP, = 0.00340961
gpu_max_DRAMP, = 0
gpu_max_PIPEP, = 0.420218
gpu_max_IDLE_COREP, = 37.0457
gpu_max_CONSTP = 32.3252
gpu_max_STATICP = 0.274534
gpu_max_TOT_INST, = 442
gpu_max_FP_INT, = 426
gpu_max_IC_H, = 0
gpu_max_IC_M, = 0
gpu_max_DC_RH, = 0
gpu_max_DC_RM, = 8
gpu_max_DC_WH, = 0
gpu_max_DC_WM, = 0
gpu_max_TC_H, = 0
gpu_max_TC_M, = 0
gpu_max_CC_H, = 12
gpu_max_CC_M, = 0
gpu_max_SHRD_ACC, = 0
gpu_max_REG_RD, = 0
gpu_max_REG_WR, = 0
gpu_max_NON_REG_OPs, = 0
gpu_max_INT_ACC, = 105273
gpu_max_FPU_ACC, = 135.596
gpu_max_DPU_ACC, = 0
gpu_max_INT_MUL24_ACC, = 0
gpu_max_INT_MUL32_ACC, = 0
gpu_max_INT_MUL_ACC, = 368.314
gpu_max_INT_DIV_ACC, = 0
gpu_max_FP_MUL_ACC, = 0
gpu_max_FP_DIV_ACC, = 0
gpu_max_FP_SQRT_ACC, = 0
gpu_max_FP_LG_ACC, = 0
gpu_max_FP_SIN_ACC, = 0
gpu_max_FP_EXP_ACC, = 46.3417
gpu_max_DP_MUL_ACC, = 0
gpu_max_DP_DIV_ACC, = 0
gpu_max_TENSOR_ACC, = 0
gpu_max_TEX_ACC, = 0
gpu_max_MEM_RD, = 0
gpu_max_MEM_WR, = 0
gpu_max_MEM_PRE, = 0
gpu_max_L2_RH, = 0
gpu_max_L2_RM, = 0
gpu_max_L2_WH, = 0
gpu_max_L2_WM, = 0
gpu_max_NOC_A, = 10
gpu_max_PIPE_A, = 0.0128533
gpu_max_IDLE_CORE_N, = 131
gpu_max_constant_power = 0

Kernel Minimum Power Data:
kernel_min_power = 70.5987
gpu_min_IBP, = 0
gpu_min_ICP, = 0
gpu_min_DCP, = 0
gpu_min_TCP, = 0
gpu_min_CCP, = 0
gpu_min_SHRDP, = 0
gpu_min_RFP, = 0
gpu_min_INTP, = 0
gpu_min_FPUP, = 0
gpu_min_DPUP, = 0
gpu_min_INT_MUL24P, = 0
gpu_min_INT_MUL32P, = 0
gpu_min_INT_MULP, = 0
gpu_min_INT_DIVP, = 0
gpu_min_FP_MULP, = 0
gpu_min_FP_DIVP, = 0
gpu_min_FP_SQRTP, = 0
gpu_min_FP_LGP, = 0
gpu_min_FP_SINP, = 0
gpu_min_FP_EXP, = 0
gpu_min_DP_MULP, = 0
gpu_min_DP_DIVP, = 0
gpu_min_TENSORP, = 0
gpu_min_TEXP, = 0
gpu_min_SCHEDP, = 0
gpu_min_L2CP, = 0
gpu_min_MCP, = 0.55022
gpu_min_NOCP, = 0
gpu_min_DRAMP, = 0
gpu_min_PIPEP, = 0.394737
gpu_min_IDLE_COREP, = 37.3285
gpu_min_CONSTP = 32.3252
gpu_min_STATICP = 0
gpu_min_TOT_INST, = 0
gpu_min_FP_INT, = 0
gpu_min_IC_H, = 0
gpu_min_IC_M, = 0
gpu_min_DC_RH, = 0
gpu_min_DC_RM, = 0
gpu_min_DC_WH, = 0
gpu_min_DC_WM, = 0
gpu_min_TC_H, = 0
gpu_min_TC_M, = 0
gpu_min_CC_H, = 0
gpu_min_CC_M, = 0
gpu_min_SHRD_ACC, = 0
gpu_min_REG_RD, = 0
gpu_min_REG_WR, = 0
gpu_min_NON_REG_OPs, = 0
gpu_min_INT_ACC, = 0
gpu_min_FPU_ACC, = 0
gpu_min_DPU_ACC, = 0
gpu_min_INT_MUL24_ACC, = 0
gpu_min_INT_MUL32_ACC, = 0
gpu_min_INT_MUL_ACC, = 0
gpu_min_INT_DIV_ACC, = 0
gpu_min_FP_MUL_ACC, = 0
gpu_min_FP_DIV_ACC, = 0
gpu_min_FP_SQRT_ACC, = 0
gpu_min_FP_LG_ACC, = 0
gpu_min_FP_SIN_ACC, = 0
gpu_min_FP_EXP_ACC, = 0
gpu_min_DP_MUL_ACC, = 0
gpu_min_DP_DIV_ACC, = 0
gpu_min_TENSOR_ACC, = 0
gpu_min_TEX_ACC, = 0
gpu_min_MEM_RD, = 0
gpu_min_MEM_WR, = 0
gpu_min_MEM_PRE, = 0
gpu_min_L2_RH, = 0
gpu_min_L2_RM, = 0
gpu_min_L2_WH, = 0
gpu_min_L2_WM, = 0
gpu_min_NOC_A, = 0
gpu_min_PIPE_A, = 0.0120739
gpu_min_IDLE_CORE_N, = 132
gpu_min_constant_power = 0

Accumulative Power Statistics Over Previous Kernels:
gpu_tot_avg_power = 81.2947
gpu_tot_max_power = 160.747
gpu_tot_min_power = 60.8126


kernel_name = _ZN7cutlass13device_kernelIN5flash20enable_sm90_or_laterINS1_16FlashAttnFwdSm90INS1_25CollectiveMainloopFwdSm90ILi2EN4cute5tupleIJNS5_1CILi1EEES8_S8_EEENS6_IJNS7_ILi64EEENS7_ILi192EEESA_EEELi64ENS_10bfloat16_tEfNS_4arch4Sm90ELb0ELb0ELb0ELb1ELb1ELb0ELb0ELb1ELb1ELb1ELb0ELb0ESD_Li1EEENS1_21CollectiveEpilogueFwdINS6_IJSA_SA_SB_EEES9_SD_SF_Li128ELb1ELb1ELb0ELb0ELi1EEENS1_36VarlenDynamicPersistentTileSchedulerILi64ELi192ELi128ELi128ELb0ELb1ELb1ELb0ELb0ELb1EEEEEEEEEvNT_6ParamsE 
kernel_launch_uid = 89 

Kernel Average Power Data:
kernel_avg_power = 73.2518
gpu_avg_IBP, = 0.115157
gpu_avg_ICP, = 0
gpu_avg_DCP, = 0.0407714
gpu_avg_TCP, = 0
gpu_avg_CCP, = 0.00156396
gpu_avg_SHRDP, = 0.0907121
gpu_avg_RFP, = 0
gpu_avg_INTP, = 1.85237
gpu_avg_FPUP, = 0.174752
gpu_avg_DPUP, = 0
gpu_avg_INT_MUL24P, = 0
gpu_avg_INT_MUL32P, = 0
gpu_avg_INT_MULP, = 0.123155
gpu_avg_INT_DIVP, = 0
gpu_avg_FP_MULP, = 0.0225409
gpu_avg_FP_DIVP, = 0
gpu_avg_FP_SQRTP, = 0
gpu_avg_FP_LGP, = 0.000380808
gpu_avg_FP_SINP, = 0
gpu_avg_FP_EXP, = 0.0661557
gpu_avg_DP_MULP, = 0
gpu_avg_DP_DIVP, = 0
gpu_avg_TENSORP, = 0
gpu_avg_TEXP, = 0
gpu_avg_SCHEDP, = 0.331011
gpu_avg_L2CP, = 0.0107042
gpu_avg_MCP, = 0.559247
gpu_avg_NOCP, = 0.117696
gpu_avg_DRAMP, = 0
gpu_avg_PIPEP, = 0.434495
gpu_avg_IDLE_COREP, = 33.8962
gpu_avg_CONSTP = 32.3252
gpu_avg_STATICP = 3.08965
gpu_avg_TOT_INST, = 4946.95
gpu_avg_FP_INT, = 4828.76
gpu_avg_IC_H, = 0
gpu_avg_IC_M, = 0
gpu_avg_DC_RH, = 3.2381
gpu_avg_DC_RM, = 28.4762
gpu_avg_DC_WH, = 0
gpu_avg_DC_WM, = 3.19048
gpu_avg_TC_H, = 0
gpu_avg_TC_M, = 0
gpu_avg_CC_H, = 71.619
gpu_avg_CC_M, = 0
gpu_avg_SHRD_ACC, = 203.429
gpu_avg_REG_RD, = 0
gpu_avg_REG_WR, = 0
gpu_avg_NON_REG_OPs, = 0
gpu_avg_INT_ACC, = 1.01277e+06
gpu_avg_FPU_ACC, = 2340.64
gpu_avg_DPU_ACC, = 0
gpu_avg_INT_MUL24_ACC, = 0
gpu_avg_INT_MUL32_ACC, = 0
gpu_avg_INT_MUL_ACC, = 804.152
gpu_avg_INT_DIV_ACC, = 0
gpu_avg_FP_MUL_ACC, = 147.183
gpu_avg_FP_DIV_ACC, = 0
gpu_avg_FP_SQRT_ACC, = 0
gpu_avg_FP_LG_ACC, = 2.48652
gpu_avg_FP_SIN_ACC, = 0
gpu_avg_FP_EXP_ACC, = 431.97
gpu_avg_DP_MUL_ACC, = 0
gpu_avg_DP_DIV_ACC, = 0
gpu_avg_TENSOR_ACC, = 0
gpu_avg_TEX_ACC, = 0
gpu_avg_MEM_RD, = 0
gpu_avg_MEM_WR, = 0
gpu_avg_MEM_PRE, = 0
gpu_avg_L2_RH, = 37.5238
gpu_avg_L2_RM, = 10.5238
gpu_avg_L2_WH, = 0.047619
gpu_avg_L2_WM, = 0.47619
gpu_avg_NOC_A, = 345.19
gpu_avg_PIPE_A, = 0.01329
gpu_avg_IDLE_CORE_N, = 119.863
gpu_avg_constant_power = 0
gpu_avg_threads_per_warp = 22.545
gpu_tot_TOT_INST, = 103886
gpu_tot_FP_INT, = 101404
gpu_tot_IC_H, = 0
gpu_tot_IC_M, = 0
gpu_tot_DC_RH, = 68
gpu_tot_DC_RM, = 598
gpu_tot_DC_WH, = 0
gpu_tot_DC_WM, = 67
gpu_tot_TC_H, = 0
gpu_tot_TC_M, = 0
gpu_tot_CC_H, = 1504
gpu_tot_CC_M, = 0
gpu_tot_SHRD_ACC, = 4272
gpu_tot_REG_RD, = 0
gpu_tot_REG_WR, = 0
gpu_tot_NON_REG_OPs, = 0
gpu_tot_INT_ACC, = 2.12682e+07
gpu_tot_FPU_ACC, = 49153.4
gpu_tot_DPU_ACC, = 0
gpu_tot_INT_MUL24_ACC, = 0
gpu_tot_INT_MUL32_ACC, = 0
gpu_tot_INT_MUL_ACC, = 16887.2
gpu_tot_INT_DIV_ACC, = 0
gpu_tot_FP_MUL_ACC, = 3090.84
gpu_tot_FP_DIV_ACC, = 0
gpu_tot_FP_SQRT_ACC, = 0
gpu_tot_FP_LG_ACC, = 52.217
gpu_tot_FP_SIN_ACC, = 0
gpu_tot_FP_EXP_ACC, = 9071.38
gpu_tot_DP_MUL_ACC, = 0
gpu_tot_DP_DIV_ACC, = 0
gpu_tot_TENSOR_ACC, = 0
gpu_tot_TEX_ACC, = 0
gpu_tot_MEM_RD, = 0
gpu_tot_MEM_WR, = 0
gpu_tot_MEM_PRE, = 0
gpu_tot_L2_RH, = 788
gpu_tot_L2_RM, = 221
gpu_tot_L2_WH, = 1
gpu_tot_L2_WM, = 10
gpu_tot_NOC_A, = 7249
gpu_tot_PIPE_A, = 0.279089
gpu_tot_IDLE_CORE_N, = 2517.12
gpu_tot_constant_power = 0

Kernel Maximum Power Data:
kernel_max_power = 94.2781
gpu_max_IBP, = 1.10395
gpu_max_ICP, = 0
gpu_max_DCP, = 0
gpu_max_TCP, = 0
gpu_max_CCP, = 0.0199155
gpu_max_SHRDP, = 0.305007
gpu_max_RFP, = 0
gpu_max_INTP, = 18.6002
gpu_max_FPUP, = 0
gpu_max_DPUP, = 0
gpu_max_INT_MUL24P, = 0
gpu_max_INT_MUL32P, = 0
gpu_max_INT_MULP, = 0
gpu_max_INT_DIVP, = 0
gpu_max_FP_MULP, = 0
gpu_max_FP_DIVP, = 0
gpu_max_FP_SQRTP, = 0
gpu_max_FP_LGP, = 0
gpu_max_FP_SINP, = 0
gpu_max_FP_EXP, = 0
gpu_max_DP_MULP, = 0
gpu_max_DP_DIVP, = 0
gpu_max_TENSORP, = 0
gpu_max_TEXP, = 0
gpu_max_SCHEDP, = 3.25091
gpu_max_L2CP, = 0
gpu_max_MCP, = 0.552363
gpu_max_NOCP, = 0
gpu_max_DRAMP, = 0
gpu_max_PIPEP, = 2.67562
gpu_max_IDLE_COREP, = 27.9794
gpu_max_CONSTP = 32.3252
gpu_max_STATICP = 7.46548
gpu_max_TOT_INST, = 47424
gpu_max_FP_INT, = 47424
gpu_max_IC_H, = 0
gpu_max_IC_M, = 0
gpu_max_DC_RH, = 0
gpu_max_DC_RM, = 0
gpu_max_DC_WH, = 0
gpu_max_DC_WM, = 0
gpu_max_TC_H, = 0
gpu_max_TC_M, = 0
gpu_max_CC_H, = 912
gpu_max_CC_M, = 0
gpu_max_SHRD_ACC, = 684
gpu_max_REG_RD, = 0
gpu_max_REG_WR, = 0
gpu_max_NON_REG_OPs, = 0
gpu_max_INT_ACC, = 1.01696e+07
gpu_max_FPU_ACC, = 0
gpu_max_DPU_ACC, = 0
gpu_max_INT_MUL24_ACC, = 0
gpu_max_INT_MUL32_ACC, = 0
gpu_max_INT_MUL_ACC, = 0
gpu_max_INT_DIV_ACC, = 0
gpu_max_FP_MUL_ACC, = 0
gpu_max_FP_DIV_ACC, = 0
gpu_max_FP_SQRT_ACC, = 0
gpu_max_FP_LG_ACC, = 0
gpu_max_FP_SIN_ACC, = 0
gpu_max_FP_EXP_ACC, = 0
gpu_max_DP_MUL_ACC, = 0
gpu_max_DP_DIV_ACC, = 0
gpu_max_TENSOR_ACC, = 0
gpu_max_TEX_ACC, = 0
gpu_max_MEM_RD, = 0
gpu_max_MEM_WR, = 0
gpu_max_MEM_PRE, = 0
gpu_max_L2_RH, = 0
gpu_max_L2_RM, = 0
gpu_max_L2_WH, = 0
gpu_max_L2_WM, = 0
gpu_max_NOC_A, = 0
gpu_max_PIPE_A, = 0.0818395
gpu_max_IDLE_CORE_N, = 98.94
gpu_max_constant_power = 0

Kernel Minimum Power Data:
kernel_min_power = 70.5539
gpu_min_IBP, = 0.015643
gpu_min_ICP, = 0
gpu_min_DCP, = 0.0207228
gpu_min_TCP, = 0
gpu_min_CCP, = 0.00139758
gpu_min_SHRDP, = 0.00356733
gpu_min_RFP, = 0
gpu_min_INTP, = 0.196603
gpu_min_FPUP, = 0
gpu_min_DPUP, = 0
gpu_min_INT_MUL24P, = 0
gpu_min_INT_MUL32P, = 0
gpu_min_INT_MULP, = 0.0904624
gpu_min_INT_DIVP, = 0
gpu_min_FP_MULP, = 0
gpu_min_FP_DIVP, = 0
gpu_min_FP_SQRTP, = 0
gpu_min_FP_LGP, = 0
gpu_min_FP_SINP, = 0
gpu_min_FP_EXP, = 0
gpu_min_DP_MULP, = 0
gpu_min_DP_DIVP, = 0
gpu_min_TENSORP, = 0
gpu_min_TEXP, = 0
gpu_min_SCHEDP, = 0.0455171
gpu_min_L2CP, = 0.000272398
gpu_min_MCP, = 0.552363
gpu_min_NOCP, = 0.00204577
gpu_min_DRAMP, = 0
gpu_min_PIPEP, = 0.0922995
gpu_min_IDLE_COREP, = 36.7629
gpu_min_CONSTP = 32.3252
gpu_min_STATICP = 0.444848
gpu_min_TOT_INST, = 672
gpu_min_FP_INT, = 664
gpu_min_IC_H, = 0
gpu_min_IC_M, = 0
gpu_min_DC_RH, = 14
gpu_min_DC_RM, = -4
gpu_min_DC_WH, = 0
gpu_min_DC_WM, = 0
gpu_min_TC_H, = 0
gpu_min_TC_M, = 0
gpu_min_CC_H, = 64
gpu_min_CC_M, = 0
gpu_min_SHRD_ACC, = 8
gpu_min_REG_RD, = 0
gpu_min_REG_WR, = 0
gpu_min_NON_REG_OPs, = 0
gpu_min_INT_ACC, = 107492
gpu_min_FPU_ACC, = 0
gpu_min_DPU_ACC, = 0
gpu_min_INT_MUL24_ACC, = 0
gpu_min_INT_MUL32_ACC, = 0
gpu_min_INT_MUL_ACC, = 590.683
gpu_min_INT_DIV_ACC, = 0
gpu_min_FP_MUL_ACC, = 0
gpu_min_FP_DIV_ACC, = 0
gpu_min_FP_SQRT_ACC, = 0
gpu_min_FP_LG_ACC, = 0
gpu_min_FP_SIN_ACC, = 0
gpu_min_FP_EXP_ACC, = 0
gpu_min_DP_MUL_ACC, = 0
gpu_min_DP_DIV_ACC, = 0
gpu_min_TENSOR_ACC, = 0
gpu_min_TEX_ACC, = 0
gpu_min_MEM_RD, = 0
gpu_min_MEM_WR, = 0
gpu_min_MEM_PRE, = 0
gpu_min_L2_RH, = 1
gpu_min_L2_RM, = 0
gpu_min_L2_WH, = 0
gpu_min_L2_WM, = 0
gpu_min_NOC_A, = 6
gpu_min_PIPE_A, = 0.00282318
gpu_min_IDLE_CORE_N, = 130
gpu_min_constant_power = 0

Accumulative Power Statistics Over Previous Kernels:
gpu_tot_avg_power = 81.1538
gpu_tot_max_power = 160.747
gpu_tot_min_power = 60.8126


kernel_name = _ZN2at6native29vectorized_elementwise_kernelILi4ENS0_11FillFunctorIiEESt5arrayIPcLm1EEEEviT0_T1_ 
kernel_launch_uid = 90 

Kernel Average Power Data:
kernel_avg_power = 70.2732
gpu_avg_IBP, = 7.75944e-06
gpu_avg_ICP, = 0
gpu_avg_DCP, = 0
gpu_avg_TCP, = 0
gpu_avg_CCP, = 0
gpu_avg_SHRDP, = 0
gpu_avg_RFP, = 0
gpu_avg_INTP, = 0
gpu_avg_FPUP, = 0
gpu_avg_DPUP, = 0
gpu_avg_INT_MUL24P, = 0
gpu_avg_INT_MUL32P, = 0
gpu_avg_INT_MULP, = 0
gpu_avg_INT_DIVP, = 0
gpu_avg_FP_MULP, = 0
gpu_avg_FP_DIVP, = 0
gpu_avg_FP_SQRTP, = 0
gpu_avg_FP_LGP, = 0
gpu_avg_FP_SINP, = 0
gpu_avg_FP_EXP, = 0
gpu_avg_DP_MULP, = 0
gpu_avg_DP_DIVP, = 0
gpu_avg_TENSORP, = 0
gpu_avg_TEXP, = 0
gpu_avg_SCHEDP, = 2.285e-05
gpu_avg_L2CP, = 0.0055426
gpu_avg_MCP, = 0.55022
gpu_avg_NOCP, = 0.0031823
gpu_avg_DRAMP, = 0
gpu_avg_PIPEP, = 0.061962
gpu_avg_IDLE_COREP, = 37.3074
gpu_avg_CONSTP = 32.3252
gpu_avg_STATICP = 0.0196819
gpu_avg_TOT_INST, = 0.333333
gpu_avg_FP_INT, = 0.333333
gpu_avg_IC_H, = 0
gpu_avg_IC_M, = 0
gpu_avg_DC_RH, = 0
gpu_avg_DC_RM, = 0
gpu_avg_DC_WH, = 0
gpu_avg_DC_WM, = 0
gpu_avg_TC_H, = 0
gpu_avg_TC_M, = 0
gpu_avg_CC_H, = 0
gpu_avg_CC_M, = 0
gpu_avg_SHRD_ACC, = 0
gpu_avg_REG_RD, = 0
gpu_avg_REG_WR, = 0
gpu_avg_NON_REG_OPs, = 0
gpu_avg_INT_ACC, = 0
gpu_avg_FPU_ACC, = 0
gpu_avg_DPU_ACC, = 0
gpu_avg_INT_MUL24_ACC, = 0
gpu_avg_INT_MUL32_ACC, = 0
gpu_avg_INT_MUL_ACC, = 0
gpu_avg_INT_DIV_ACC, = 0
gpu_avg_FP_MUL_ACC, = 0
gpu_avg_FP_DIV_ACC, = 0
gpu_avg_FP_SQRT_ACC, = 0
gpu_avg_FP_LG_ACC, = 0
gpu_avg_FP_SIN_ACC, = 0
gpu_avg_FP_EXP_ACC, = 0
gpu_avg_DP_MUL_ACC, = 0
gpu_avg_DP_DIV_ACC, = 0
gpu_avg_TENSOR_ACC, = 0
gpu_avg_TEX_ACC, = 0
gpu_avg_MEM_RD, = 0
gpu_avg_MEM_WR, = 0
gpu_avg_MEM_PRE, = 0
gpu_avg_L2_RH, = 0
gpu_avg_L2_RM, = 0
gpu_avg_L2_WH, = 1.33333
gpu_avg_L2_WM, = 8
gpu_avg_NOC_A, = 9.33333
gpu_avg_PIPE_A, = 0.00189524
gpu_avg_IDLE_CORE_N, = 131.925
gpu_avg_constant_power = 0
gpu_avg_threads_per_warp = 0
gpu_tot_TOT_INST, = 2
gpu_tot_FP_INT, = 2
gpu_tot_IC_H, = 0
gpu_tot_IC_M, = 0
gpu_tot_DC_RH, = 0
gpu_tot_DC_RM, = 0
gpu_tot_DC_WH, = 0
gpu_tot_DC_WM, = 0
gpu_tot_TC_H, = 0
gpu_tot_TC_M, = 0
gpu_tot_CC_H, = 0
gpu_tot_CC_M, = 0
gpu_tot_SHRD_ACC, = 0
gpu_tot_REG_RD, = 0
gpu_tot_REG_WR, = 0
gpu_tot_NON_REG_OPs, = 0
gpu_tot_INT_ACC, = 0
gpu_tot_FPU_ACC, = 0
gpu_tot_DPU_ACC, = 0
gpu_tot_INT_MUL24_ACC, = 0
gpu_tot_INT_MUL32_ACC, = 0
gpu_tot_INT_MUL_ACC, = 0
gpu_tot_INT_DIV_ACC, = 0
gpu_tot_FP_MUL_ACC, = 0
gpu_tot_FP_DIV_ACC, = 0
gpu_tot_FP_SQRT_ACC, = 0
gpu_tot_FP_LG_ACC, = 0
gpu_tot_FP_SIN_ACC, = 0
gpu_tot_FP_EXP_ACC, = 0
gpu_tot_DP_MUL_ACC, = 0
gpu_tot_DP_DIV_ACC, = 0
gpu_tot_TENSOR_ACC, = 0
gpu_tot_TEX_ACC, = 0
gpu_tot_MEM_RD, = 0
gpu_tot_MEM_WR, = 0
gpu_tot_MEM_PRE, = 0
gpu_tot_L2_RH, = 0
gpu_tot_L2_RM, = 0
gpu_tot_L2_WH, = 8
gpu_tot_L2_WM, = 48
gpu_tot_NOC_A, = 56
gpu_tot_PIPE_A, = 0.0113714
gpu_tot_IDLE_CORE_N, = 791.552
gpu_tot_constant_power = 0

Kernel Maximum Power Data:
kernel_max_power = 70.3101
gpu_max_IBP, = 4.65566e-05
gpu_max_ICP, = 0
gpu_max_DCP, = 0
gpu_max_TCP, = 0
gpu_max_CCP, = 0
gpu_max_SHRDP, = 0
gpu_max_RFP, = 0
gpu_max_INTP, = 0
gpu_max_FPUP, = 0
gpu_max_DPUP, = 0
gpu_max_INT_MUL24P, = 0
gpu_max_INT_MUL32P, = 0
gpu_max_INT_MULP, = 0
gpu_max_INT_DIVP, = 0
gpu_max_FP_MULP, = 0
gpu_max_FP_DIVP, = 0
gpu_max_FP_SQRTP, = 0
gpu_max_FP_LGP, = 0
gpu_max_FP_SINP, = 0
gpu_max_FP_EXP, = 0
gpu_max_DP_MULP, = 0
gpu_max_DP_DIVP, = 0
gpu_max_TENSORP, = 0
gpu_max_TEXP, = 0
gpu_max_SCHEDP, = 0.0001371
gpu_max_L2CP, = 0.0332556
gpu_max_MCP, = 0.55022
gpu_max_NOCP, = 0.0190938
gpu_max_DRAMP, = 0
gpu_max_PIPEP, = 0.0621749
gpu_max_IDLE_COREP, = 37.2018
gpu_max_CONSTP = 32.3252
gpu_max_STATICP = 0.118091
gpu_max_TOT_INST, = 2
gpu_max_FP_INT, = 2
gpu_max_IC_H, = 0
gpu_max_IC_M, = 0
gpu_max_DC_RH, = 0
gpu_max_DC_RM, = 0
gpu_max_DC_WH, = 0
gpu_max_DC_WM, = 0
gpu_max_TC_H, = 0
gpu_max_TC_M, = 0
gpu_max_CC_H, = 0
gpu_max_CC_M, = 0
gpu_max_SHRD_ACC, = 0
gpu_max_REG_RD, = 0
gpu_max_REG_WR, = 0
gpu_max_NON_REG_OPs, = 0
gpu_max_INT_ACC, = 0
gpu_max_FPU_ACC, = 0
gpu_max_DPU_ACC, = 0
gpu_max_INT_MUL24_ACC, = 0
gpu_max_INT_MUL32_ACC, = 0
gpu_max_INT_MUL_ACC, = 0
gpu_max_INT_DIV_ACC, = 0
gpu_max_FP_MUL_ACC, = 0
gpu_max_FP_DIV_ACC, = 0
gpu_max_FP_SQRT_ACC, = 0
gpu_max_FP_LG_ACC, = 0
gpu_max_FP_SIN_ACC, = 0
gpu_max_FP_EXP_ACC, = 0
gpu_max_DP_MUL_ACC, = 0
gpu_max_DP_DIV_ACC, = 0
gpu_max_TENSOR_ACC, = 0
gpu_max_TEX_ACC, = 0
gpu_max_MEM_RD, = 0
gpu_max_MEM_WR, = 0
gpu_max_MEM_PRE, = 0
gpu_max_L2_RH, = 0
gpu_max_L2_RM, = 0
gpu_max_L2_WH, = 8
gpu_max_L2_WM, = 48
gpu_max_NOC_A, = 56
gpu_max_PIPE_A, = 0.00190175
gpu_max_IDLE_CORE_N, = 131.552
gpu_max_constant_power = 0

Kernel Minimum Power Data:
kernel_min_power = 70.2659
gpu_min_IBP, = 0
gpu_min_ICP, = 0
gpu_min_DCP, = 0
gpu_min_TCP, = 0
gpu_min_CCP, = 0
gpu_min_SHRDP, = 0
gpu_min_RFP, = 0
gpu_min_INTP, = 0
gpu_min_FPUP, = 0
gpu_min_DPUP, = 0
gpu_min_INT_MUL24P, = 0
gpu_min_INT_MUL32P, = 0
gpu_min_INT_MULP, = 0
gpu_min_INT_DIVP, = 0
gpu_min_FP_MULP, = 0
gpu_min_FP_DIVP, = 0
gpu_min_FP_SQRTP, = 0
gpu_min_FP_LGP, = 0
gpu_min_FP_SINP, = 0
gpu_min_FP_EXP, = 0
gpu_min_DP_MULP, = 0
gpu_min_DP_DIVP, = 0
gpu_min_TENSORP, = 0
gpu_min_TEXP, = 0
gpu_min_SCHEDP, = 0
gpu_min_L2CP, = 0
gpu_min_MCP, = 0.55022
gpu_min_NOCP, = 0
gpu_min_DRAMP, = 0
gpu_min_PIPEP, = 0.0619195
gpu_min_IDLE_COREP, = 37.3285
gpu_min_CONSTP = 32.3252
gpu_min_STATICP = 0
gpu_min_TOT_INST, = 0
gpu_min_FP_INT, = 0
gpu_min_IC_H, = 0
gpu_min_IC_M, = 0
gpu_min_DC_RH, = 0
gpu_min_DC_RM, = 0
gpu_min_DC_WH, = 0
gpu_min_DC_WM, = 0
gpu_min_TC_H, = 0
gpu_min_TC_M, = 0
gpu_min_CC_H, = 0
gpu_min_CC_M, = 0
gpu_min_SHRD_ACC, = 0
gpu_min_REG_RD, = 0
gpu_min_REG_WR, = 0
gpu_min_NON_REG_OPs, = 0
gpu_min_INT_ACC, = 0
gpu_min_FPU_ACC, = 0
gpu_min_DPU_ACC, = 0
gpu_min_INT_MUL24_ACC, = 0
gpu_min_INT_MUL32_ACC, = 0
gpu_min_INT_MUL_ACC, = 0
gpu_min_INT_DIV_ACC, = 0
gpu_min_FP_MUL_ACC, = 0
gpu_min_FP_DIV_ACC, = 0
gpu_min_FP_SQRT_ACC, = 0
gpu_min_FP_LG_ACC, = 0
gpu_min_FP_SIN_ACC, = 0
gpu_min_FP_EXP_ACC, = 0
gpu_min_DP_MUL_ACC, = 0
gpu_min_DP_DIV_ACC, = 0
gpu_min_TENSOR_ACC, = 0
gpu_min_TEX_ACC, = 0
gpu_min_MEM_RD, = 0
gpu_min_MEM_WR, = 0
gpu_min_MEM_PRE, = 0
gpu_min_L2_RH, = 0
gpu_min_L2_RM, = 0
gpu_min_L2_WH, = 0
gpu_min_L2_WM, = 0
gpu_min_NOC_A, = 0
gpu_min_PIPE_A, = 0.00189394
gpu_min_IDLE_CORE_N, = 132
gpu_min_constant_power = 0

Accumulative Power Statistics Over Previous Kernels:
gpu_tot_avg_power = 81.0997
gpu_tot_max_power = 160.747
gpu_tot_min_power = 60.8126


kernel_name = nvjet_sm90_tst_64x8_64x16_4x1_v_bz_TNT 
kernel_launch_uid = 91 

Kernel Average Power Data:
kernel_avg_power = 78.0756
gpu_avg_IBP, = 0.130701
gpu_avg_ICP, = 0
gpu_avg_DCP, = 7.63232e-05
gpu_avg_TCP, = 0
gpu_avg_CCP, = 0.000923401
gpu_avg_SHRDP, = 0.11804
gpu_avg_RFP, = 0
gpu_avg_INTP, = 2.51965
gpu_avg_FPUP, = 0.0150046
gpu_avg_DPUP, = 0
gpu_avg_INT_MUL24P, = 0
gpu_avg_INT_MUL32P, = 0
gpu_avg_INT_MULP, = 0.233042
gpu_avg_INT_DIVP, = 0
gpu_avg_FP_MULP, = 0
gpu_avg_FP_DIVP, = 0
gpu_avg_FP_SQRTP, = 0
gpu_avg_FP_LGP, = 0
gpu_avg_FP_SINP, = 0
gpu_avg_FP_EXP, = 0
gpu_avg_DP_MULP, = 0
gpu_avg_DP_DIVP, = 0
gpu_avg_TENSORP, = 0
gpu_avg_TEXP, = 0
gpu_avg_SCHEDP, = 0.374508
gpu_avg_L2CP, = 0.728797
gpu_avg_MCP, = 0.550354
gpu_avg_NOCP, = 3.6852
gpu_avg_DRAMP, = 0
gpu_avg_PIPEP, = 0.33652
gpu_avg_IDLE_COREP, = 35.0318
gpu_avg_CONSTP = 32.3252
gpu_avg_STATICP = 2.0257
gpu_avg_TOT_INST, = 5614.71
gpu_avg_FP_INT, = 5463.29
gpu_avg_IC_H, = 0
gpu_avg_IC_M, = 0
gpu_avg_DC_RH, = 0
gpu_avg_DC_RM, = 0
gpu_avg_DC_WH, = 0
gpu_avg_DC_WM, = 0.0714286
gpu_avg_TC_H, = 0
gpu_avg_TC_M, = 0
gpu_avg_CC_H, = 42.2857
gpu_avg_CC_M, = 0
gpu_avg_SHRD_ACC, = 264.714
gpu_avg_REG_RD, = 0
gpu_avg_REG_WR, = 0
gpu_avg_NON_REG_OPs, = 0
gpu_avg_INT_ACC, = 1.3776e+06
gpu_avg_FPU_ACC, = 200.972
gpu_avg_DPU_ACC, = 0
gpu_avg_INT_MUL24_ACC, = 0
gpu_avg_INT_MUL32_ACC, = 0
gpu_avg_INT_MUL_ACC, = 1521.67
gpu_avg_INT_DIV_ACC, = 0
gpu_avg_FP_MUL_ACC, = 0
gpu_avg_FP_DIV_ACC, = 0
gpu_avg_FP_SQRT_ACC, = 0
gpu_avg_FP_LG_ACC, = 0
gpu_avg_FP_SIN_ACC, = 0
gpu_avg_FP_EXP_ACC, = 0
gpu_avg_DP_MUL_ACC, = 0
gpu_avg_DP_DIV_ACC, = 0
gpu_avg_TENSOR_ACC, = 0
gpu_avg_TEX_ACC, = 0
gpu_avg_MEM_RD, = 0
gpu_avg_MEM_WR, = 0
gpu_avg_MEM_PRE, = 0
gpu_avg_L2_RH, = 2607.71
gpu_avg_L2_RM, = 984.286
gpu_avg_L2_WH, = 0.928571
gpu_avg_L2_WM, = 0
gpu_avg_NOC_A, = 10808.3
gpu_avg_PIPE_A, = 0.0102932
gpu_avg_IDLE_CORE_N, = 123.879
gpu_avg_constant_power = 0
gpu_avg_threads_per_warp = 17.8581
gpu_tot_TOT_INST, = 78606
gpu_tot_FP_INT, = 76486
gpu_tot_IC_H, = 0
gpu_tot_IC_M, = 0
gpu_tot_DC_RH, = 0
gpu_tot_DC_RM, = 0
gpu_tot_DC_WH, = 0
gpu_tot_DC_WM, = 1
gpu_tot_TC_H, = 0
gpu_tot_TC_M, = 0
gpu_tot_CC_H, = 592
gpu_tot_CC_M, = 0
gpu_tot_SHRD_ACC, = 3706
gpu_tot_REG_RD, = 0
gpu_tot_REG_WR, = 0
gpu_tot_NON_REG_OPs, = 0
gpu_tot_INT_ACC, = 1.92864e+07
gpu_tot_FPU_ACC, = 2813.61
gpu_tot_DPU_ACC, = 0
gpu_tot_INT_MUL24_ACC, = 0
gpu_tot_INT_MUL32_ACC, = 0
gpu_tot_INT_MUL_ACC, = 21303.4
gpu_tot_INT_DIV_ACC, = 0
gpu_tot_FP_MUL_ACC, = 0
gpu_tot_FP_DIV_ACC, = 0
gpu_tot_FP_SQRT_ACC, = 0
gpu_tot_FP_LG_ACC, = 0
gpu_tot_FP_SIN_ACC, = 0
gpu_tot_FP_EXP_ACC, = 0
gpu_tot_DP_MUL_ACC, = 0
gpu_tot_DP_DIV_ACC, = 0
gpu_tot_TENSOR_ACC, = 0
gpu_tot_TEX_ACC, = 0
gpu_tot_MEM_RD, = 0
gpu_tot_MEM_WR, = 0
gpu_tot_MEM_PRE, = 0
gpu_tot_L2_RH, = 36508
gpu_tot_L2_RM, = 13780
gpu_tot_L2_WH, = 13
gpu_tot_L2_WM, = 0
gpu_tot_NOC_A, = 151316
gpu_tot_PIPE_A, = 0.144104
gpu_tot_IDLE_CORE_N, = 1734.3
gpu_tot_constant_power = 0

Kernel Maximum Power Data:
kernel_max_power = 92.1658
gpu_max_IBP, = 0.213113
gpu_max_ICP, = 0
gpu_max_DCP, = 0
gpu_max_TCP, = 0
gpu_max_CCP, = 0
gpu_max_SHRDP, = 0.292075
gpu_max_RFP, = 0
gpu_max_INTP, = 4.30806
gpu_max_FPUP, = 0
gpu_max_DPUP, = 0
gpu_max_INT_MUL24P, = 0
gpu_max_INT_MUL32P, = 0
gpu_max_INT_MULP, = 0.139325
gpu_max_INT_DIVP, = 0
gpu_max_FP_MULP, = 0
gpu_max_FP_DIVP, = 0
gpu_max_FP_SQRTP, = 0
gpu_max_FP_LGP, = 0
gpu_max_FP_SINP, = 0
gpu_max_FP_EXP, = 0
gpu_max_DP_MULP, = 0
gpu_max_DP_DIVP, = 0
gpu_max_TENSORP, = 0
gpu_max_TEXP, = 0
gpu_max_SCHEDP, = 0.610026
gpu_max_L2CP, = 2.77646
gpu_max_MCP, = 0.55022
gpu_max_NOCP, = 13.871
gpu_max_DRAMP, = 0
gpu_max_PIPEP, = 0.504559
gpu_max_IDLE_COREP, = 32.8038
gpu_max_CONSTP = 32.3252
gpu_max_STATICP = 3.77196
gpu_max_TOT_INST, = 9155
gpu_max_FP_INT, = 8899
gpu_max_IC_H, = 0
gpu_max_IC_M, = 0
gpu_max_DC_RH, = 0
gpu_max_DC_RM, = 0
gpu_max_DC_WH, = 0
gpu_max_DC_WM, = 0
gpu_max_TC_H, = 0
gpu_max_TC_M, = 0
gpu_max_CC_H, = 0
gpu_max_CC_M, = 0
gpu_max_SHRD_ACC, = 655
gpu_max_REG_RD, = 0
gpu_max_REG_WR, = 0
gpu_max_NON_REG_OPs, = 0
gpu_max_INT_ACC, = 2.3554e+06
gpu_max_FPU_ACC, = 0
gpu_max_DPU_ACC, = 0
gpu_max_INT_MUL24_ACC, = 0
gpu_max_INT_MUL32_ACC, = 0
gpu_max_INT_MUL_ACC, = 909.735
gpu_max_INT_DIV_ACC, = 0
gpu_max_FP_MUL_ACC, = 0
gpu_max_FP_DIV_ACC, = 0
gpu_max_FP_SQRT_ACC, = 0
gpu_max_FP_LG_ACC, = 0
gpu_max_FP_SIN_ACC, = 0
gpu_max_FP_EXP_ACC, = 0
gpu_max_DP_MUL_ACC, = 0
gpu_max_DP_DIV_ACC, = 0
gpu_max_TENSOR_ACC, = 0
gpu_max_TEX_ACC, = 0
gpu_max_MEM_RD, = 0
gpu_max_MEM_WR, = 0
gpu_max_MEM_PRE, = 0
gpu_max_L2_RH, = 9948
gpu_max_L2_RM, = 3755
gpu_max_L2_WH, = 0
gpu_max_L2_WM, = 0
gpu_max_NOC_A, = 40682
gpu_max_PIPE_A, = 0.015433
gpu_max_IDLE_CORE_N, = 116
gpu_max_constant_power = 0

Kernel Minimum Power Data:
kernel_min_power = 70.2659
gpu_min_IBP, = 0
gpu_min_ICP, = 0
gpu_min_DCP, = 0
gpu_min_TCP, = 0
gpu_min_CCP, = 0
gpu_min_SHRDP, = 0
gpu_min_RFP, = 0
gpu_min_INTP, = 0
gpu_min_FPUP, = 0
gpu_min_DPUP, = 0
gpu_min_INT_MUL24P, = 0
gpu_min_INT_MUL32P, = 0
gpu_min_INT_MULP, = 0
gpu_min_INT_DIVP, = 0
gpu_min_FP_MULP, = 0
gpu_min_FP_DIVP, = 0
gpu_min_FP_SQRTP, = 0
gpu_min_FP_LGP, = 0
gpu_min_FP_SINP, = 0
gpu_min_FP_EXP, = 0
gpu_min_DP_MULP, = 0
gpu_min_DP_DIVP, = 0
gpu_min_TENSORP, = 0
gpu_min_TEXP, = 0
gpu_min_SCHEDP, = 0
gpu_min_L2CP, = 0
gpu_min_MCP, = 0.55022
gpu_min_NOCP, = 0
gpu_min_DRAMP, = 0
gpu_min_PIPEP, = 0.0619195
gpu_min_IDLE_COREP, = 37.3285
gpu_min_CONSTP = 32.3252
gpu_min_STATICP = 0
gpu_min_TOT_INST, = 0
gpu_min_FP_INT, = 0
gpu_min_IC_H, = 0
gpu_min_IC_M, = 0
gpu_min_DC_RH, = 0
gpu_min_DC_RM, = 0
gpu_min_DC_WH, = 0
gpu_min_DC_WM, = 0
gpu_min_TC_H, = 0
gpu_min_TC_M, = 0
gpu_min_CC_H, = 0
gpu_min_CC_M, = 0
gpu_min_SHRD_ACC, = 0
gpu_min_REG_RD, = 0
gpu_min_REG_WR, = 0
gpu_min_NON_REG_OPs, = 0
gpu_min_INT_ACC, = 0
gpu_min_FPU_ACC, = 0
gpu_min_DPU_ACC, = 0
gpu_min_INT_MUL24_ACC, = 0
gpu_min_INT_MUL32_ACC, = 0
gpu_min_INT_MUL_ACC, = 0
gpu_min_INT_DIV_ACC, = 0
gpu_min_FP_MUL_ACC, = 0
gpu_min_FP_DIV_ACC, = 0
gpu_min_FP_SQRT_ACC, = 0
gpu_min_FP_LG_ACC, = 0
gpu_min_FP_SIN_ACC, = 0
gpu_min_FP_EXP_ACC, = 0
gpu_min_DP_MUL_ACC, = 0
gpu_min_DP_DIV_ACC, = 0
gpu_min_TENSOR_ACC, = 0
gpu_min_TEX_ACC, = 0
gpu_min_MEM_RD, = 0
gpu_min_MEM_WR, = 0
gpu_min_MEM_PRE, = 0
gpu_min_L2_RH, = 0
gpu_min_L2_RM, = 0
gpu_min_L2_WH, = 0
gpu_min_L2_WM, = 0
gpu_min_NOC_A, = 0
gpu_min_PIPE_A, = 0.00189394
gpu_min_IDLE_CORE_N, = 132
gpu_min_constant_power = 0

Accumulative Power Statistics Over Previous Kernels:
gpu_tot_avg_power = 81.0649
gpu_tot_max_power = 160.747
gpu_tot_min_power = 60.8126


kernel_name = _ZN4vllm25fused_add_rms_norm_kernelIN3c108BFloat16ELi8ELb1EEENSt9enable_ifIXaagtT0_Li0Esr4vllm12_typeConvertIT_EE6existsEvE4typeEPS4_lS7_PKS4_fiil 
kernel_launch_uid = 92 

Kernel Average Power Data:
kernel_avg_power = 70.4106
gpu_avg_IBP, = 0.00536248
gpu_avg_ICP, = 0
gpu_avg_DCP, = 0.0308854
gpu_avg_TCP, = 0
gpu_avg_CCP, = 0.000134994
gpu_avg_SHRDP, = 0.00231066
gpu_avg_RFP, = 0
gpu_avg_INTP, = 0.0733986
gpu_avg_FPUP, = 0.0177558
gpu_avg_DPUP, = 0
gpu_avg_INT_MUL24P, = 0
gpu_avg_INT_MUL32P, = 0
gpu_avg_INT_MULP, = 0.0113198
gpu_avg_INT_DIVP, = 0
gpu_avg_FP_MULP, = 0.00377508
gpu_avg_FP_DIVP, = 0
gpu_avg_FP_SQRTP, = 2.71615e-06
gpu_avg_FP_LGP, = 0
gpu_avg_FP_SINP, = 0
gpu_avg_FP_EXP, = 5.0406e-06
gpu_avg_DP_MULP, = 0
gpu_avg_DP_DIVP, = 0
gpu_avg_TENSORP, = 0
gpu_avg_TEXP, = 0
gpu_avg_SCHEDP, = 0.0149626
gpu_avg_L2CP, = 0.0125745
gpu_avg_MCP, = 0.554919
gpu_avg_NOCP, = 0.026006
gpu_avg_DRAMP, = 0
gpu_avg_PIPEP, = 0.0118827
gpu_avg_IDLE_COREP, = 37.1652
gpu_avg_CONSTP = 32.3252
gpu_avg_STATICP = 0.154921
gpu_avg_TOT_INST, = 230.364
gpu_avg_FP_INT, = 218.273
gpu_avg_IC_H, = 0
gpu_avg_IC_M, = 0
gpu_avg_DC_RH, = 10.1818
gpu_avg_DC_RM, = 10.1818
gpu_avg_DC_WH, = 10.1818
gpu_avg_DC_WM, = 0
gpu_avg_TC_H, = 0
gpu_avg_TC_M, = 0
gpu_avg_CC_H, = 6.18182
gpu_avg_CC_M, = 0
gpu_avg_SHRD_ACC, = 5.18182
gpu_avg_REG_RD, = 0
gpu_avg_REG_WR, = 0
gpu_avg_NON_REG_OPs, = 0
gpu_avg_INT_ACC, = 40130.2
gpu_avg_FPU_ACC, = 237.822
gpu_avg_DPU_ACC, = 0
gpu_avg_INT_MUL24_ACC, = 0
gpu_avg_INT_MUL32_ACC, = 0
gpu_avg_INT_MUL_ACC, = 73.9139
gpu_avg_INT_DIV_ACC, = 0
gpu_avg_FP_MUL_ACC, = 24.6497
gpu_avg_FP_DIV_ACC, = 0
gpu_avg_FP_SQRT_ACC, = 0.0177354
gpu_avg_FP_LG_ACC, = 0
gpu_avg_FP_SIN_ACC, = 0
gpu_avg_FP_EXP_ACC, = 0.0329131
gpu_avg_DP_MUL_ACC, = 0
gpu_avg_DP_DIV_ACC, = 0
gpu_avg_TENSOR_ACC, = 0
gpu_avg_TEX_ACC, = 0
gpu_avg_MEM_RD, = 0
gpu_avg_MEM_WR, = 0
gpu_avg_MEM_PRE, = 0
gpu_avg_L2_RH, = 10.1818
gpu_avg_L2_RM, = 5.09091
gpu_avg_L2_WH, = 9.09091
gpu_avg_L2_WM, = 0
gpu_avg_NOC_A, = 76.2727
gpu_avg_PIPE_A, = 0.000363459
gpu_avg_IDLE_CORE_N, = 131.423
gpu_avg_constant_power = 0
gpu_avg_threads_per_warp = 14.5811
gpu_tot_TOT_INST, = 2534
gpu_tot_FP_INT, = 2401
gpu_tot_IC_H, = 0
gpu_tot_IC_M, = 0
gpu_tot_DC_RH, = 112
gpu_tot_DC_RM, = 112
gpu_tot_DC_WH, = 112
gpu_tot_DC_WM, = 0
gpu_tot_TC_H, = 0
gpu_tot_TC_M, = 0
gpu_tot_CC_H, = 68
gpu_tot_CC_M, = 0
gpu_tot_SHRD_ACC, = 57
gpu_tot_REG_RD, = 0
gpu_tot_REG_WR, = 0
gpu_tot_NON_REG_OPs, = 0
gpu_tot_INT_ACC, = 441432
gpu_tot_FPU_ACC, = 2616.04
gpu_tot_DPU_ACC, = 0
gpu_tot_INT_MUL24_ACC, = 0
gpu_tot_INT_MUL32_ACC, = 0
gpu_tot_INT_MUL_ACC, = 813.053
gpu_tot_INT_DIV_ACC, = 0
gpu_tot_FP_MUL_ACC, = 271.147
gpu_tot_FP_DIV_ACC, = 0
gpu_tot_FP_SQRT_ACC, = 0.195089
gpu_tot_FP_LG_ACC, = 0
gpu_tot_FP_SIN_ACC, = 0
gpu_tot_FP_EXP_ACC, = 0.362044
gpu_tot_DP_MUL_ACC, = 0
gpu_tot_DP_DIV_ACC, = 0
gpu_tot_TENSOR_ACC, = 0
gpu_tot_TEX_ACC, = 0
gpu_tot_MEM_RD, = 0
gpu_tot_MEM_WR, = 0
gpu_tot_MEM_PRE, = 0
gpu_tot_L2_RH, = 112
gpu_tot_L2_RM, = 56
gpu_tot_L2_WH, = 100
gpu_tot_L2_WM, = 0
gpu_tot_NOC_A, = 839
gpu_tot_PIPE_A, = 0.00399805
gpu_tot_IDLE_CORE_N, = 1445.65
gpu_tot_constant_power = 0

Kernel Maximum Power Data:
kernel_max_power = 71.0375
gpu_max_IBP, = 0.0166673
gpu_max_ICP, = 0
gpu_max_DCP, = 0.162649
gpu_max_TCP, = 0
gpu_max_CCP, = 6.55116e-05
gpu_max_SHRDP, = 0.010702
gpu_max_RFP, = 0
gpu_max_INTP, = 0.321057
gpu_max_FPUP, = 0.122432
gpu_max_DPUP, = 0
gpu_max_INT_MUL24P, = 0
gpu_max_INT_MUL32P, = 0
gpu_max_INT_MULP, = 0.0191783
gpu_max_INT_DIVP, = 0
gpu_max_FP_MULP, = 0
gpu_max_FP_DIVP, = 0
gpu_max_FP_SQRTP, = 0
gpu_max_FP_LGP, = 0
gpu_max_FP_SINP, = 0
gpu_max_FP_EXP, = 0
gpu_max_DP_MULP, = 0
gpu_max_DP_DIVP, = 0
gpu_max_TENSORP, = 0
gpu_max_TEXP, = 0
gpu_max_SCHEDP, = 0.0471623
gpu_max_L2CP, = 0.0162482
gpu_max_MCP, = 0.57494
gpu_max_NOCP, = 0.0763752
gpu_max_DRAMP, = 0
gpu_max_PIPEP, = 0.0358359
gpu_max_IDLE_COREP, = 37.0457
gpu_max_CONSTP = 32.3252
gpu_max_STATICP = 0.263248
gpu_max_TOT_INST, = 716
gpu_max_FP_INT, = 688
gpu_max_IC_H, = 0
gpu_max_IC_M, = 0
gpu_max_DC_RH, = 56
gpu_max_DC_RM, = 56
gpu_max_DC_WH, = 0
gpu_max_DC_WM, = 0
gpu_max_TC_H, = 0
gpu_max_TC_M, = 0
gpu_max_CC_H, = 3
gpu_max_CC_M, = 0
gpu_max_SHRD_ACC, = 24
gpu_max_REG_RD, = 0
gpu_max_REG_WR, = 0
gpu_max_NON_REG_OPs, = 0
gpu_max_INT_ACC, = 175536
gpu_max_FPU_ACC, = 1639.86
gpu_max_DPU_ACC, = 0
gpu_max_INT_MUL24_ACC, = 0
gpu_max_INT_MUL32_ACC, = 0
gpu_max_INT_MUL_ACC, = 125.227
gpu_max_INT_DIV_ACC, = 0
gpu_max_FP_MUL_ACC, = 0
gpu_max_FP_DIV_ACC, = 0
gpu_max_FP_SQRT_ACC, = 0
gpu_max_FP_LG_ACC, = 0
gpu_max_FP_SIN_ACC, = 0
gpu_max_FP_EXP_ACC, = 0
gpu_max_DP_MUL_ACC, = 0
gpu_max_DP_DIV_ACC, = 0
gpu_max_TENSOR_ACC, = 0
gpu_max_TEX_ACC, = 0
gpu_max_MEM_RD, = 0
gpu_max_MEM_WR, = 0
gpu_max_MEM_PRE, = 0
gpu_max_L2_RH, = 56
gpu_max_L2_RM, = 56
gpu_max_L2_WH, = 0
gpu_max_L2_WM, = 0
gpu_max_NOC_A, = 224
gpu_max_PIPE_A, = 0.00109612
gpu_max_IDLE_CORE_N, = 131
gpu_max_constant_power = 0

Kernel Minimum Power Data:
kernel_min_power = 70.2039
gpu_min_IBP, = 0
gpu_min_ICP, = 0
gpu_min_DCP, = 0
gpu_min_TCP, = 0
gpu_min_CCP, = 0
gpu_min_SHRDP, = 0
gpu_min_RFP, = 0
gpu_min_INTP, = 0
gpu_min_FPUP, = 0
gpu_min_DPUP, = 0
gpu_min_INT_MUL24P, = 0
gpu_min_INT_MUL32P, = 0
gpu_min_INT_MULP, = 0
gpu_min_INT_DIVP, = 0
gpu_min_FP_MULP, = 0
gpu_min_FP_DIVP, = 0
gpu_min_FP_SQRTP, = 0
gpu_min_FP_LGP, = 0
gpu_min_FP_SINP, = 0
gpu_min_FP_EXP, = 0
gpu_min_DP_MULP, = 0
gpu_min_DP_DIVP, = 0
gpu_min_TENSORP, = 0
gpu_min_TEXP, = 0
gpu_min_SCHEDP, = 0
gpu_min_L2CP, = 0
gpu_min_MCP, = 0.55022
gpu_min_NOCP, = 0
gpu_min_DRAMP, = 0
gpu_min_PIPEP, = 0
gpu_min_IDLE_COREP, = 37.3285
gpu_min_CONSTP = 32.3252
gpu_min_STATICP = 0
gpu_min_TOT_INST, = 0
gpu_min_FP_INT, = 0
gpu_min_IC_H, = 0
gpu_min_IC_M, = 0
gpu_min_DC_RH, = 0
gpu_min_DC_RM, = 0
gpu_min_DC_WH, = 0
gpu_min_DC_WM, = 0
gpu_min_TC_H, = 0
gpu_min_TC_M, = 0
gpu_min_CC_H, = 0
gpu_min_CC_M, = 0
gpu_min_SHRD_ACC, = 0
gpu_min_REG_RD, = 0
gpu_min_REG_WR, = 0
gpu_min_NON_REG_OPs, = 0
gpu_min_INT_ACC, = 0
gpu_min_FPU_ACC, = 0
gpu_min_DPU_ACC, = 0
gpu_min_INT_MUL24_ACC, = 0
gpu_min_INT_MUL32_ACC, = 0
gpu_min_INT_MUL_ACC, = 0
gpu_min_INT_DIV_ACC, = 0
gpu_min_FP_MUL_ACC, = 0
gpu_min_FP_DIV_ACC, = 0
gpu_min_FP_SQRT_ACC, = 0
gpu_min_FP_LG_ACC, = 0
gpu_min_FP_SIN_ACC, = 0
gpu_min_FP_EXP_ACC, = 0
gpu_min_DP_MUL_ACC, = 0
gpu_min_DP_DIV_ACC, = 0
gpu_min_TENSOR_ACC, = 0
gpu_min_TEX_ACC, = 0
gpu_min_MEM_RD, = 0
gpu_min_MEM_WR, = 0
gpu_min_MEM_PRE, = 0
gpu_min_L2_RH, = 0
gpu_min_L2_RM, = 0
gpu_min_L2_WH, = 0
gpu_min_L2_WM, = 0
gpu_min_NOC_A, = 0
gpu_min_PIPE_A, = 0
gpu_min_IDLE_CORE_N, = 132
gpu_min_constant_power = 0

Accumulative Power Statistics Over Previous Kernels:
gpu_tot_avg_power = 80.9696
gpu_tot_max_power = 160.747
gpu_tot_min_power = 60.8126


kernel_name = nvjet_sm90_tst_128x8_64x12_4x1_v_bz_TNT 
kernel_launch_uid = 93 

Kernel Average Power Data:
kernel_avg_power = 110.099
gpu_avg_IBP, = 0.448164
gpu_avg_ICP, = 0
gpu_avg_DCP, = 0
gpu_avg_TCP, = 0
gpu_avg_CCP, = 0.00261572
gpu_avg_SHRDP, = 0.325092
gpu_avg_RFP, = 0
gpu_avg_INTP, = 8.97186
gpu_avg_FPUP, = 0.0836296
gpu_avg_DPUP, = 0
gpu_avg_INT_MUL24P, = 0
gpu_avg_INT_MUL32P, = 0
gpu_avg_INT_MULP, = 0.686839
gpu_avg_INT_DIVP, = 0
gpu_avg_FP_MULP, = 0
gpu_avg_FP_DIVP, = 0
gpu_avg_FP_SQRTP, = 0
gpu_avg_FP_LGP, = 0
gpu_avg_FP_SINP, = 0
gpu_avg_FP_EXP, = 0
gpu_avg_DP_MULP, = 0
gpu_avg_DP_DIVP, = 0
gpu_avg_TENSORP, = 0
gpu_avg_TEXP, = 0
gpu_avg_SCHEDP, = 1.27752
gpu_avg_L2CP, = 4.07938
gpu_avg_MCP, = 0.550501
gpu_avg_NOCP, = 24.3026
gpu_avg_DRAMP, = 0
gpu_avg_PIPEP, = 1.09023
gpu_avg_IDLE_COREP, = 23.5841
gpu_avg_CONSTP = 32.3252
gpu_avg_STATICP = 12.3715
gpu_avg_TOT_INST, = 19252.4
gpu_avg_FP_INT, = 18636.4
gpu_avg_IC_H, = 0
gpu_avg_IC_M, = 0
gpu_avg_DC_RH, = 0
gpu_avg_DC_RM, = 0
gpu_avg_DC_WH, = 0
gpu_avg_DC_WM, = 0
gpu_avg_TC_H, = 0
gpu_avg_TC_M, = 0
gpu_avg_CC_H, = 119.783
gpu_avg_CC_M, = 0
gpu_avg_SHRD_ACC, = 729.043
gpu_avg_REG_RD, = 0
gpu_avg_REG_WR, = 0
gpu_avg_NON_REG_OPs, = 0
gpu_avg_INT_ACC, = 4.9053e+06
gpu_avg_FPU_ACC, = 1120.14
gpu_avg_DPU_ACC, = 0
gpu_avg_INT_MUL24_ACC, = 0
gpu_avg_INT_MUL32_ACC, = 0
gpu_avg_INT_MUL_ACC, = 4484.78
gpu_avg_INT_DIV_ACC, = 0
gpu_avg_FP_MUL_ACC, = 0
gpu_avg_FP_DIV_ACC, = 0
gpu_avg_FP_SQRT_ACC, = 0
gpu_avg_FP_LG_ACC, = 0
gpu_avg_FP_SIN_ACC, = 0
gpu_avg_FP_EXP_ACC, = 0
gpu_avg_DP_MUL_ACC, = 0
gpu_avg_DP_DIV_ACC, = 0
gpu_avg_TENSOR_ACC, = 0
gpu_avg_TEX_ACC, = 0
gpu_avg_MEM_RD, = 0
gpu_avg_MEM_WR, = 0
gpu_avg_MEM_PRE, = 0
gpu_avg_L2_RH, = 14284.3
gpu_avg_L2_RM, = 9416.7
gpu_avg_L2_WH, = 11.8261
gpu_avg_L2_WM, = 16.6957
gpu_avg_NOC_A, = 71276.9
gpu_avg_PIPE_A, = 0.0333469
gpu_avg_IDLE_CORE_N, = 83.3973
gpu_avg_constant_power = 0
gpu_avg_threads_per_warp = 21.405
gpu_tot_TOT_INST, = 442806
gpu_tot_FP_INT, = 428637
gpu_tot_IC_H, = 0
gpu_tot_IC_M, = 0
gpu_tot_DC_RH, = 0
gpu_tot_DC_RM, = 0
gpu_tot_DC_WH, = 0
gpu_tot_DC_WM, = 0
gpu_tot_TC_H, = 0
gpu_tot_TC_M, = 0
gpu_tot_CC_H, = 2755
gpu_tot_CC_M, = 0
gpu_tot_SHRD_ACC, = 16768
gpu_tot_REG_RD, = 0
gpu_tot_REG_WR, = 0
gpu_tot_NON_REG_OPs, = 0
gpu_tot_INT_ACC, = 1.12822e+08
gpu_tot_FPU_ACC, = 25763.2
gpu_tot_DPU_ACC, = 0
gpu_tot_INT_MUL24_ACC, = 0
gpu_tot_INT_MUL32_ACC, = 0
gpu_tot_INT_MUL_ACC, = 103150
gpu_tot_INT_DIV_ACC, = 0
gpu_tot_FP_MUL_ACC, = 0
gpu_tot_FP_DIV_ACC, = 0
gpu_tot_FP_SQRT_ACC, = 0
gpu_tot_FP_LG_ACC, = 0
gpu_tot_FP_SIN_ACC, = 0
gpu_tot_FP_EXP_ACC, = 0
gpu_tot_DP_MUL_ACC, = 0
gpu_tot_DP_DIV_ACC, = 0
gpu_tot_TENSOR_ACC, = 0
gpu_tot_TEX_ACC, = 0
gpu_tot_MEM_RD, = 0
gpu_tot_MEM_WR, = 0
gpu_tot_MEM_PRE, = 0
gpu_tot_L2_RH, = 328540
gpu_tot_L2_RM, = 216584
gpu_tot_L2_WH, = 272
gpu_tot_L2_WM, = 384
gpu_tot_NOC_A, = 1.63937e+06
gpu_tot_PIPE_A, = 0.766978
gpu_tot_IDLE_CORE_N, = 1918.14
gpu_tot_constant_power = 0

Kernel Maximum Power Data:
kernel_max_power = 145.395
gpu_max_IBP, = 0.515172
gpu_max_ICP, = 0
gpu_max_DCP, = 0
gpu_max_TCP, = 0
gpu_max_CCP, = 0
gpu_max_SHRDP, = 0.399095
gpu_max_RFP, = 0
gpu_max_INTP, = 11.337
gpu_max_FPUP, = 0
gpu_max_DPUP, = 0
gpu_max_INT_MUL24P, = 0
gpu_max_INT_MUL32P, = 0
gpu_max_INT_MULP, = 0.200244
gpu_max_INT_DIVP, = 0
gpu_max_FP_MULP, = 0
gpu_max_FP_DIVP, = 0
gpu_max_FP_SQRTP, = 0
gpu_max_FP_LGP, = 0
gpu_max_FP_SINP, = 0
gpu_max_FP_EXP, = 0
gpu_max_DP_MULP, = 0
gpu_max_DP_DIVP, = 0
gpu_max_TENSORP, = 0
gpu_max_TEXP, = 0
gpu_max_SCHEDP, = 1.46498
gpu_max_L2CP, = 9.54509
gpu_max_MCP, = 0.55022
gpu_max_NOCP, = 53.7146
gpu_max_DRAMP, = 0
gpu_max_PIPEP, = 1.25296
gpu_max_IDLE_COREP, = 15.8363
gpu_max_CONSTP = 32.3252
gpu_max_STATICP = 18.2543
gpu_max_TOT_INST, = 22131
gpu_max_FP_INT, = 21371
gpu_max_IC_H, = 0
gpu_max_IC_M, = 0
gpu_max_DC_RH, = 0
gpu_max_DC_RM, = 0
gpu_max_DC_WH, = 0
gpu_max_DC_WM, = 0
gpu_max_TC_H, = 0
gpu_max_TC_M, = 0
gpu_max_CC_H, = 0
gpu_max_CC_M, = 0
gpu_max_SHRD_ACC, = 895
gpu_max_REG_RD, = 0
gpu_max_REG_WR, = 0
gpu_max_NON_REG_OPs, = 0
gpu_max_INT_ACC, = 6.19843e+06
gpu_max_FPU_ACC, = 0
gpu_max_DPU_ACC, = 0
gpu_max_INT_MUL24_ACC, = 0
gpu_max_INT_MUL32_ACC, = 0
gpu_max_INT_MUL_ACC, = 1307.51
gpu_max_INT_DIV_ACC, = 0
gpu_max_FP_MUL_ACC, = 0
gpu_max_FP_DIV_ACC, = 0
gpu_max_FP_SQRT_ACC, = 0
gpu_max_FP_LG_ACC, = 0
gpu_max_FP_SIN_ACC, = 0
gpu_max_FP_EXP_ACC, = 0
gpu_max_DP_MUL_ACC, = 0
gpu_max_DP_DIV_ACC, = 0
gpu_max_TENSOR_ACC, = 0
gpu_max_TEX_ACC, = 0
gpu_max_MEM_RD, = 0
gpu_max_MEM_WR, = 0
gpu_max_MEM_PRE, = 0
gpu_max_L2_RH, = 33811
gpu_max_L2_RM, = 18878
gpu_max_L2_WH, = 0
gpu_max_L2_WM, = 0
gpu_max_NOC_A, = 157539
gpu_max_PIPE_A, = 0.0383245
gpu_max_IDLE_CORE_N, = 56
gpu_max_constant_power = 0

Kernel Minimum Power Data:
kernel_min_power = 70.2039
gpu_min_IBP, = 0
gpu_min_ICP, = 0
gpu_min_DCP, = 0
gpu_min_TCP, = 0
gpu_min_CCP, = 0
gpu_min_SHRDP, = 0
gpu_min_RFP, = 0
gpu_min_INTP, = 0
gpu_min_FPUP, = 0
gpu_min_DPUP, = 0
gpu_min_INT_MUL24P, = 0
gpu_min_INT_MUL32P, = 0
gpu_min_INT_MULP, = 0
gpu_min_INT_DIVP, = 0
gpu_min_FP_MULP, = 0
gpu_min_FP_DIVP, = 0
gpu_min_FP_SQRTP, = 0
gpu_min_FP_LGP, = 0
gpu_min_FP_SINP, = 0
gpu_min_FP_EXP, = 0
gpu_min_DP_MULP, = 0
gpu_min_DP_DIVP, = 0
gpu_min_TENSORP, = 0
gpu_min_TEXP, = 0
gpu_min_SCHEDP, = 0
gpu_min_L2CP, = 0
gpu_min_MCP, = 0.55022
gpu_min_NOCP, = 0
gpu_min_DRAMP, = 0
gpu_min_PIPEP, = 0
gpu_min_IDLE_COREP, = 37.3285
gpu_min_CONSTP = 32.3252
gpu_min_STATICP = 0
gpu_min_TOT_INST, = 0
gpu_min_FP_INT, = 0
gpu_min_IC_H, = 0
gpu_min_IC_M, = 0
gpu_min_DC_RH, = 0
gpu_min_DC_RM, = 0
gpu_min_DC_WH, = 0
gpu_min_DC_WM, = 0
gpu_min_TC_H, = 0
gpu_min_TC_M, = 0
gpu_min_CC_H, = 0
gpu_min_CC_M, = 0
gpu_min_SHRD_ACC, = 0
gpu_min_REG_RD, = 0
gpu_min_REG_WR, = 0
gpu_min_NON_REG_OPs, = 0
gpu_min_INT_ACC, = 0
gpu_min_FPU_ACC, = 0
gpu_min_DPU_ACC, = 0
gpu_min_INT_MUL24_ACC, = 0
gpu_min_INT_MUL32_ACC, = 0
gpu_min_INT_MUL_ACC, = 0
gpu_min_INT_DIV_ACC, = 0
gpu_min_FP_MUL_ACC, = 0
gpu_min_FP_DIV_ACC, = 0
gpu_min_FP_SQRT_ACC, = 0
gpu_min_FP_LG_ACC, = 0
gpu_min_FP_SIN_ACC, = 0
gpu_min_FP_EXP_ACC, = 0
gpu_min_DP_MUL_ACC, = 0
gpu_min_DP_DIV_ACC, = 0
gpu_min_TENSOR_ACC, = 0
gpu_min_TEX_ACC, = 0
gpu_min_MEM_RD, = 0
gpu_min_MEM_WR, = 0
gpu_min_MEM_PRE, = 0
gpu_min_L2_RH, = 0
gpu_min_L2_RM, = 0
gpu_min_L2_WH, = 0
gpu_min_L2_WM, = 0
gpu_min_NOC_A, = 0
gpu_min_PIPE_A, = 0
gpu_min_IDLE_CORE_N, = 132
gpu_min_constant_power = 0

Accumulative Power Statistics Over Previous Kernels:
gpu_tot_avg_power = 81.5043
gpu_tot_max_power = 160.747
gpu_tot_min_power = 60.8126


kernel_name = _ZN4vllm18act_and_mul_kernelIN3c108BFloat16E14__nv_bfloat162XadL_ZNS_11silu_kernelIS2_EET_RKS5_fEEXadL_ZNS_18packed_silu_kernelIS3_EES5_S7_fEELb1ELb1ELb0ELb0EEEvPS5_PS6_ifff 
kernel_launch_uid = 94 

Kernel Average Power Data:
kernel_avg_power = 70.981
gpu_avg_IBP, = 0.0106149
gpu_avg_ICP, = 0
gpu_avg_DCP, = 0.0859986
gpu_avg_TCP, = 0
gpu_avg_CCP, = 0.000150875
gpu_avg_SHRDP, = 0
gpu_avg_RFP, = 0
gpu_avg_INTP, = 0.0696979
gpu_avg_FPUP, = 0.0699447
gpu_avg_DPUP, = 0
gpu_avg_INT_MUL24P, = 0
gpu_avg_INT_MUL32P, = 0
gpu_avg_INT_MULP, = 0.0243575
gpu_avg_INT_DIVP, = 0
gpu_avg_FP_MULP, = 0.0788068
gpu_avg_FP_DIVP, = 0
gpu_avg_FP_SQRTP, = 0
gpu_avg_FP_LGP, = 0
gpu_avg_FP_SINP, = 0
gpu_avg_FP_EXP, = 0.049035
gpu_avg_DP_MULP, = 0
gpu_avg_DP_DIVP, = 0
gpu_avg_TENSORP, = 0
gpu_avg_TEXP, = 0
gpu_avg_SCHEDP, = 0.0284171
gpu_avg_L2CP, = 0.0236847
gpu_avg_MCP, = 0.574431
gpu_avg_NOCP, = 0.0741435
gpu_avg_DRAMP, = 0
gpu_avg_PIPEP, = 0.236999
gpu_avg_IDLE_COREP, = 37.2001
gpu_avg_CONSTP = 32.3252
gpu_avg_STATICP = 0.129461
gpu_avg_TOT_INST, = 456
gpu_avg_FP_INT, = 414.545
gpu_avg_IC_H, = 0
gpu_avg_IC_M, = 0
gpu_avg_DC_RH, = 0
gpu_avg_DC_RM, = 55.2727
gpu_avg_DC_WH, = 0
gpu_avg_DC_WM, = 23.1818
gpu_avg_TC_H, = 0
gpu_avg_TC_M, = 0
gpu_avg_CC_H, = 6.90909
gpu_avg_CC_M, = 0
gpu_avg_SHRD_ACC, = 0
gpu_avg_REG_RD, = 0
gpu_avg_REG_WR, = 0
gpu_avg_NON_REG_OPs, = 0
gpu_avg_INT_ACC, = 38106.9
gpu_avg_FPU_ACC, = 936.843
gpu_avg_DPU_ACC, = 0
gpu_avg_INT_MUL24_ACC, = 0
gpu_avg_INT_MUL32_ACC, = 0
gpu_avg_INT_MUL_ACC, = 159.045
gpu_avg_INT_DIV_ACC, = 0
gpu_avg_FP_MUL_ACC, = 514.577
gpu_avg_FP_DIV_ACC, = 0
gpu_avg_FP_SQRT_ACC, = 0
gpu_avg_FP_LG_ACC, = 0
gpu_avg_FP_SIN_ACC, = 0
gpu_avg_FP_EXP_ACC, = 320.179
gpu_avg_DP_MUL_ACC, = 0
gpu_avg_DP_DIV_ACC, = 0
gpu_avg_TENSOR_ACC, = 0
gpu_avg_TEX_ACC, = 0
gpu_avg_MEM_RD, = 0
gpu_avg_MEM_WR, = 0
gpu_avg_MEM_PRE, = 0
gpu_avg_L2_RH, = 55.2727
gpu_avg_L2_RM, = 0
gpu_avg_L2_WH, = 7.72727
gpu_avg_L2_WM, = 0.727273
gpu_avg_NOC_A, = 217.455
gpu_avg_PIPE_A, = 0.00724913
gpu_avg_IDLE_CORE_N, = 131.546
gpu_avg_constant_power = 0
gpu_avg_threads_per_warp = 14.5455
gpu_tot_TOT_INST, = 5016
gpu_tot_FP_INT, = 4560
gpu_tot_IC_H, = 0
gpu_tot_IC_M, = 0
gpu_tot_DC_RH, = 0
gpu_tot_DC_RM, = 608
gpu_tot_DC_WH, = 0
gpu_tot_DC_WM, = 255
gpu_tot_TC_H, = 0
gpu_tot_TC_M, = 0
gpu_tot_CC_H, = 76
gpu_tot_CC_M, = 0
gpu_tot_SHRD_ACC, = 0
gpu_tot_REG_RD, = 0
gpu_tot_REG_WR, = 0
gpu_tot_NON_REG_OPs, = 0
gpu_tot_INT_ACC, = 419175
gpu_tot_FPU_ACC, = 10305.3
gpu_tot_DPU_ACC, = 0
gpu_tot_INT_MUL24_ACC, = 0
gpu_tot_INT_MUL32_ACC, = 0
gpu_tot_INT_MUL_ACC, = 1749.49
gpu_tot_INT_DIV_ACC, = 0
gpu_tot_FP_MUL_ACC, = 5660.34
gpu_tot_FP_DIV_ACC, = 0
gpu_tot_FP_SQRT_ACC, = 0
gpu_tot_FP_LG_ACC, = 0
gpu_tot_FP_SIN_ACC, = 0
gpu_tot_FP_EXP_ACC, = 3521.97
gpu_tot_DP_MUL_ACC, = 0
gpu_tot_DP_DIV_ACC, = 0
gpu_tot_TENSOR_ACC, = 0
gpu_tot_TEX_ACC, = 0
gpu_tot_MEM_RD, = 0
gpu_tot_MEM_WR, = 0
gpu_tot_MEM_PRE, = 0
gpu_tot_L2_RH, = 608
gpu_tot_L2_RM, = 0
gpu_tot_L2_WH, = 85
gpu_tot_L2_WM, = 8
gpu_tot_NOC_A, = 2392
gpu_tot_PIPE_A, = 0.0797404
gpu_tot_IDLE_CORE_N, = 1447
gpu_tot_constant_power = 0

Kernel Maximum Power Data:
kernel_max_power = 71.9099
gpu_max_IBP, = 0.0229059
gpu_max_ICP, = 0
gpu_max_DCP, = 0.255377
gpu_max_TCP, = 0
gpu_max_CCP, = 0
gpu_max_SHRDP, = 0
gpu_max_RFP, = 0
gpu_max_INTP, = 0.148248
gpu_max_FPUP, = 0.242966
gpu_max_DPUP, = 0
gpu_max_INT_MUL24P, = 0
gpu_max_INT_MUL32P, = 0
gpu_max_INT_MULP, = 0.0355363
gpu_max_INT_DIVP, = 0
gpu_max_FP_MULP, = 0.173287
gpu_max_FP_DIVP, = 0
gpu_max_FP_SQRTP, = 0
gpu_max_FP_LGP, = 0
gpu_max_FP_SINP, = 0
gpu_max_FP_EXP, = 0.101135
gpu_max_DP_MULP, = 0
gpu_max_DP_DIVP, = 0
gpu_max_TENSORP, = 0
gpu_max_TEXP, = 0
gpu_max_SCHEDP, = 0.0608723
gpu_max_L2CP, = 0.0907947
gpu_max_MCP, = 0.667157
gpu_max_NOCP, = 0.184119
gpu_max_DRAMP, = 0
gpu_max_PIPEP, = 0.272756
gpu_max_IDLE_COREP, = 37.0457
gpu_max_CONSTP = 32.3252
gpu_max_STATICP = 0.283776
gpu_max_TOT_INST, = 984
gpu_max_FP_INT, = 888
gpu_max_IC_H, = 0
gpu_max_IC_M, = 0
gpu_max_DC_RH, = 0
gpu_max_DC_RM, = 0
gpu_max_DC_WH, = 0
gpu_max_DC_WM, = 239
gpu_max_TC_H, = 0
gpu_max_TC_M, = 0
gpu_max_CC_H, = 0
gpu_max_CC_M, = 0
gpu_max_SHRD_ACC, = 0
gpu_max_REG_RD, = 0
gpu_max_REG_WR, = 0
gpu_max_NON_REG_OPs, = 0
gpu_max_INT_ACC, = 81053.4
gpu_max_FPU_ACC, = 3254.3
gpu_max_DPU_ACC, = 0
gpu_max_INT_MUL24_ACC, = 0
gpu_max_INT_MUL32_ACC, = 0
gpu_max_INT_MUL_ACC, = 232.038
gpu_max_INT_DIV_ACC, = 0
gpu_max_FP_MUL_ACC, = 1131.5
gpu_max_FP_DIV_ACC, = 0
gpu_max_FP_SQRT_ACC, = 0
gpu_max_FP_LG_ACC, = 0
gpu_max_FP_SIN_ACC, = 0
gpu_max_FP_EXP_ACC, = 660.369
gpu_max_DP_MUL_ACC, = 0
gpu_max_DP_DIV_ACC, = 0
gpu_max_TENSOR_ACC, = 0
gpu_max_TEX_ACC, = 0
gpu_max_MEM_RD, = 0
gpu_max_MEM_WR, = 0
gpu_max_MEM_PRE, = 0
gpu_max_L2_RH, = 0
gpu_max_L2_RM, = 0
gpu_max_L2_WH, = 85
gpu_max_L2_WM, = 0
gpu_max_NOC_A, = 540
gpu_max_PIPE_A, = 0.0083428
gpu_max_IDLE_CORE_N, = 131
gpu_max_constant_power = 0

Kernel Minimum Power Data:
kernel_min_power = 70.4129
gpu_min_IBP, = 0
gpu_min_ICP, = 0
gpu_min_DCP, = 0
gpu_min_TCP, = 0
gpu_min_CCP, = 0
gpu_min_SHRDP, = 0
gpu_min_RFP, = 0
gpu_min_INTP, = 0
gpu_min_FPUP, = 0
gpu_min_DPUP, = 0
gpu_min_INT_MUL24P, = 0
gpu_min_INT_MUL32P, = 0
gpu_min_INT_MULP, = 0
gpu_min_INT_DIVP, = 0
gpu_min_FP_MULP, = 0
gpu_min_FP_DIVP, = 0
gpu_min_FP_SQRTP, = 0
gpu_min_FP_LGP, = 0
gpu_min_FP_SINP, = 0
gpu_min_FP_EXP, = 0
gpu_min_DP_MULP, = 0
gpu_min_DP_DIVP, = 0
gpu_min_TENSORP, = 0
gpu_min_TEXP, = 0
gpu_min_SCHEDP, = 0
gpu_min_L2CP, = 0
gpu_min_MCP, = 0.55022
gpu_min_NOCP, = 0
gpu_min_DRAMP, = 0
gpu_min_PIPEP, = 0.208977
gpu_min_IDLE_COREP, = 37.3285
gpu_min_CONSTP = 32.3252
gpu_min_STATICP = 0
gpu_min_TOT_INST, = 0
gpu_min_FP_INT, = 0
gpu_min_IC_H, = 0
gpu_min_IC_M, = 0
gpu_min_DC_RH, = 0
gpu_min_DC_RM, = 0
gpu_min_DC_WH, = 0
gpu_min_DC_WM, = 0
gpu_min_TC_H, = 0
gpu_min_TC_M, = 0
gpu_min_CC_H, = 0
gpu_min_CC_M, = 0
gpu_min_SHRD_ACC, = 0
gpu_min_REG_RD, = 0
gpu_min_REG_WR, = 0
gpu_min_NON_REG_OPs, = 0
gpu_min_INT_ACC, = 0
gpu_min_FPU_ACC, = 0
gpu_min_DPU_ACC, = 0
gpu_min_INT_MUL24_ACC, = 0
gpu_min_INT_MUL32_ACC, = 0
gpu_min_INT_MUL_ACC, = 0
gpu_min_INT_DIV_ACC, = 0
gpu_min_FP_MUL_ACC, = 0
gpu_min_FP_DIV_ACC, = 0
gpu_min_FP_SQRT_ACC, = 0
gpu_min_FP_LG_ACC, = 0
gpu_min_FP_SIN_ACC, = 0
gpu_min_FP_EXP_ACC, = 0
gpu_min_DP_MUL_ACC, = 0
gpu_min_DP_DIV_ACC, = 0
gpu_min_TENSOR_ACC, = 0
gpu_min_TEX_ACC, = 0
gpu_min_MEM_RD, = 0
gpu_min_MEM_WR, = 0
gpu_min_MEM_PRE, = 0
gpu_min_L2_RH, = 0
gpu_min_L2_RM, = 0
gpu_min_L2_WH, = 0
gpu_min_L2_WM, = 0
gpu_min_NOC_A, = 0
gpu_min_PIPE_A, = 0.00639202
gpu_min_IDLE_CORE_N, = 132
gpu_min_constant_power = 0

Accumulative Power Statistics Over Previous Kernels:
gpu_tot_avg_power = 81.4128
gpu_tot_max_power = 160.747
gpu_tot_min_power = 60.8126


kernel_name = nvjet_sm90_tst_64x8_64x16_4x1_v_bz_splitK_TNT 
kernel_launch_uid = 95 

Kernel Average Power Data:
kernel_avg_power = 98.6162
gpu_avg_IBP, = 0.430372
gpu_avg_ICP, = 0
gpu_avg_DCP, = 0.00275567
gpu_avg_TCP, = 0
gpu_avg_CCP, = 0.00199983
gpu_avg_SHRDP, = 0.442231
gpu_avg_RFP, = 0
gpu_avg_INTP, = 8.3087
gpu_avg_FPUP, = 0
gpu_avg_DPUP, = 0
gpu_avg_INT_MUL24P, = 0
gpu_avg_INT_MUL32P, = 0
gpu_avg_INT_MULP, = 0.75971
gpu_avg_INT_DIVP, = 0
gpu_avg_FP_MULP, = 0
gpu_avg_FP_DIVP, = 0
gpu_avg_FP_SQRTP, = 0
gpu_avg_FP_LGP, = 0
gpu_avg_FP_SINP, = 0
gpu_avg_FP_EXP, = 0
gpu_avg_DP_MULP, = 0
gpu_avg_DP_DIVP, = 0
gpu_avg_TENSORP, = 0
gpu_avg_TEXP, = 0
gpu_avg_SCHEDP, = 1.22603
gpu_avg_L2CP, = 2.53735
gpu_avg_MCP, = 0.551697
gpu_avg_NOCP, = 14.7538
gpu_avg_DRAMP, = 0
gpu_avg_PIPEP, = 1.23747
gpu_avg_IDLE_COREP, = 29.128
gpu_avg_CONSTP = 32.3252
gpu_avg_STATICP = 6.91082
gpu_avg_TOT_INST, = 18488.1
gpu_avg_FP_INT, = 17885.3
gpu_avg_IC_H, = 0
gpu_avg_IC_M, = 0
gpu_avg_DC_RH, = 0
gpu_avg_DC_RM, = 0
gpu_avg_DC_WH, = 0
gpu_avg_DC_WM, = 2.57895
gpu_avg_TC_H, = 0
gpu_avg_TC_M, = 0
gpu_avg_CC_H, = 91.5789
gpu_avg_CC_M, = 0
gpu_avg_SHRD_ACC, = 991.737
gpu_avg_REG_RD, = 0
gpu_avg_REG_WR, = 0
gpu_avg_NON_REG_OPs, = 0
gpu_avg_INT_ACC, = 4.54273e+06
gpu_avg_FPU_ACC, = 0
gpu_avg_DPU_ACC, = 0
gpu_avg_INT_MUL24_ACC, = 0
gpu_avg_INT_MUL32_ACC, = 0
gpu_avg_INT_MUL_ACC, = 4960.6
gpu_avg_INT_DIV_ACC, = 0
gpu_avg_FP_MUL_ACC, = 0
gpu_avg_FP_DIV_ACC, = 0
gpu_avg_FP_SQRT_ACC, = 0
gpu_avg_FP_LG_ACC, = 0
gpu_avg_FP_SIN_ACC, = 0
gpu_avg_FP_EXP_ACC, = 0
gpu_avg_DP_MUL_ACC, = 0
gpu_avg_DP_DIV_ACC, = 0
gpu_avg_TENSOR_ACC, = 0
gpu_avg_TEX_ACC, = 0
gpu_avg_MEM_RD, = 0
gpu_avg_MEM_WR, = 0
gpu_avg_MEM_PRE, = 0
gpu_avg_L2_RH, = 8844
gpu_avg_L2_RM, = 5520.21
gpu_avg_L2_WH, = 27.9474
gpu_avg_L2_WM, = 0.842105
gpu_avg_NOC_A, = 43271.2
gpu_avg_PIPE_A, = 0.0378506
gpu_avg_IDLE_CORE_N, = 103.002
gpu_avg_constant_power = 0
gpu_avg_threads_per_warp = 19.0965
gpu_tot_TOT_INST, = 351274
gpu_tot_FP_INT, = 339820
gpu_tot_IC_H, = 0
gpu_tot_IC_M, = 0
gpu_tot_DC_RH, = 0
gpu_tot_DC_RM, = 0
gpu_tot_DC_WH, = 0
gpu_tot_DC_WM, = 49
gpu_tot_TC_H, = 0
gpu_tot_TC_M, = 0
gpu_tot_CC_H, = 1740
gpu_tot_CC_M, = 0
gpu_tot_SHRD_ACC, = 18843
gpu_tot_REG_RD, = 0
gpu_tot_REG_WR, = 0
gpu_tot_NON_REG_OPs, = 0
gpu_tot_INT_ACC, = 8.63118e+07
gpu_tot_FPU_ACC, = 0
gpu_tot_DPU_ACC, = 0
gpu_tot_INT_MUL24_ACC, = 0
gpu_tot_INT_MUL32_ACC, = 0
gpu_tot_INT_MUL_ACC, = 94251.5
gpu_tot_INT_DIV_ACC, = 0
gpu_tot_FP_MUL_ACC, = 0
gpu_tot_FP_DIV_ACC, = 0
gpu_tot_FP_SQRT_ACC, = 0
gpu_tot_FP_LG_ACC, = 0
gpu_tot_FP_SIN_ACC, = 0
gpu_tot_FP_EXP_ACC, = 0
gpu_tot_DP_MUL_ACC, = 0
gpu_tot_DP_DIV_ACC, = 0
gpu_tot_TENSOR_ACC, = 0
gpu_tot_TEX_ACC, = 0
gpu_tot_MEM_RD, = 0
gpu_tot_MEM_WR, = 0
gpu_tot_MEM_PRE, = 0
gpu_tot_L2_RH, = 168036
gpu_tot_L2_RM, = 104884
gpu_tot_L2_WH, = 531
gpu_tot_L2_WM, = 16
gpu_tot_NOC_A, = 822152
gpu_tot_PIPE_A, = 0.719162
gpu_tot_IDLE_CORE_N, = 1957.03
gpu_tot_constant_power = 0

Kernel Maximum Power Data:
kernel_max_power = 134.89
gpu_max_IBP, = 0.725352
gpu_max_ICP, = 0
gpu_max_DCP, = 0
gpu_max_TCP, = 0
gpu_max_CCP, = 0
gpu_max_SHRDP, = 0.826728
gpu_max_RFP, = 0
gpu_max_INTP, = 14.9432
gpu_max_FPUP, = 0
gpu_max_DPUP, = 0
gpu_max_INT_MUL24P, = 0
gpu_max_INT_MUL32P, = 0
gpu_max_INT_MULP, = 0.817617
gpu_max_INT_DIVP, = 0
gpu_max_FP_MULP, = 0
gpu_max_FP_DIVP, = 0
gpu_max_FP_SQRTP, = 0
gpu_max_FP_LGP, = 0
gpu_max_FP_SINP, = 0
gpu_max_FP_EXP, = 0
gpu_max_DP_MULP, = 0
gpu_max_DP_DIVP, = 0
gpu_max_TENSORP, = 0
gpu_max_TEXP, = 0
gpu_max_SCHEDP, = 2.08152
gpu_max_L2CP, = 6.82529
gpu_max_MCP, = 0.55022
gpu_max_NOCP, = 38.8204
gpu_max_DRAMP, = 0
gpu_max_PIPEP, = 1.90369
gpu_max_IDLE_COREP, = 23.7545
gpu_max_CONSTP = 32.3252
gpu_max_STATICP = 11.3159
gpu_max_TOT_INST, = 31160
gpu_max_FP_INT, = 30365
gpu_max_IC_H, = 0
gpu_max_IC_M, = 0
gpu_max_DC_RH, = 0
gpu_max_DC_RM, = 0
gpu_max_DC_WH, = 0
gpu_max_DC_WM, = 0
gpu_max_TC_H, = 0
gpu_max_TC_M, = 0
gpu_max_CC_H, = 0
gpu_max_CC_M, = 0
gpu_max_SHRD_ACC, = 1854
gpu_max_REG_RD, = 0
gpu_max_REG_WR, = 0
gpu_max_NON_REG_OPs, = 0
gpu_max_INT_ACC, = 8.17011e+06
gpu_max_FPU_ACC, = 0
gpu_max_DPU_ACC, = 0
gpu_max_INT_MUL24_ACC, = 0
gpu_max_INT_MUL32_ACC, = 0
gpu_max_INT_MUL_ACC, = 5338.71
gpu_max_INT_DIV_ACC, = 0
gpu_max_FP_MUL_ACC, = 0
gpu_max_FP_DIV_ACC, = 0
gpu_max_FP_SQRT_ACC, = 0
gpu_max_FP_LG_ACC, = 0
gpu_max_FP_SIN_ACC, = 0
gpu_max_FP_EXP_ACC, = 0
gpu_max_DP_MUL_ACC, = 0
gpu_max_DP_DIV_ACC, = 0
gpu_max_TENSOR_ACC, = 0
gpu_max_TEX_ACC, = 0
gpu_max_MEM_RD, = 0
gpu_max_MEM_WR, = 0
gpu_max_MEM_PRE, = 0
gpu_max_L2_RH, = 24194
gpu_max_L2_RM, = 13235
gpu_max_L2_WH, = 0
gpu_max_L2_WM, = 0
gpu_max_NOC_A, = 113856
gpu_max_PIPE_A, = 0.0582284
gpu_max_IDLE_CORE_N, = 84
gpu_max_constant_power = 0

Kernel Minimum Power Data:
kernel_min_power = 70.4129
gpu_min_IBP, = 0
gpu_min_ICP, = 0
gpu_min_DCP, = 0
gpu_min_TCP, = 0
gpu_min_CCP, = 0
gpu_min_SHRDP, = 0
gpu_min_RFP, = 0
gpu_min_INTP, = 0
gpu_min_FPUP, = 0
gpu_min_DPUP, = 0
gpu_min_INT_MUL24P, = 0
gpu_min_INT_MUL32P, = 0
gpu_min_INT_MULP, = 0
gpu_min_INT_DIVP, = 0
gpu_min_FP_MULP, = 0
gpu_min_FP_DIVP, = 0
gpu_min_FP_SQRTP, = 0
gpu_min_FP_LGP, = 0
gpu_min_FP_SINP, = 0
gpu_min_FP_EXP, = 0
gpu_min_DP_MULP, = 0
gpu_min_DP_DIVP, = 0
gpu_min_TENSORP, = 0
gpu_min_TEXP, = 0
gpu_min_SCHEDP, = 0
gpu_min_L2CP, = 0
gpu_min_MCP, = 0.55022
gpu_min_NOCP, = 0
gpu_min_DRAMP, = 0
gpu_min_PIPEP, = 0.208977
gpu_min_IDLE_COREP, = 37.3285
gpu_min_CONSTP = 32.3252
gpu_min_STATICP = 0
gpu_min_TOT_INST, = 0
gpu_min_FP_INT, = 0
gpu_min_IC_H, = 0
gpu_min_IC_M, = 0
gpu_min_DC_RH, = 0
gpu_min_DC_RM, = 0
gpu_min_DC_WH, = 0
gpu_min_DC_WM, = 0
gpu_min_TC_H, = 0
gpu_min_TC_M, = 0
gpu_min_CC_H, = 0
gpu_min_CC_M, = 0
gpu_min_SHRD_ACC, = 0
gpu_min_REG_RD, = 0
gpu_min_REG_WR, = 0
gpu_min_NON_REG_OPs, = 0
gpu_min_INT_ACC, = 0
gpu_min_FPU_ACC, = 0
gpu_min_DPU_ACC, = 0
gpu_min_INT_MUL24_ACC, = 0
gpu_min_INT_MUL32_ACC, = 0
gpu_min_INT_MUL_ACC, = 0
gpu_min_INT_DIV_ACC, = 0
gpu_min_FP_MUL_ACC, = 0
gpu_min_FP_DIV_ACC, = 0
gpu_min_FP_SQRT_ACC, = 0
gpu_min_FP_LG_ACC, = 0
gpu_min_FP_SIN_ACC, = 0
gpu_min_FP_EXP_ACC, = 0
gpu_min_DP_MUL_ACC, = 0
gpu_min_DP_DIV_ACC, = 0
gpu_min_TENSOR_ACC, = 0
gpu_min_TEX_ACC, = 0
gpu_min_MEM_RD, = 0
gpu_min_MEM_WR, = 0
gpu_min_MEM_PRE, = 0
gpu_min_L2_RH, = 0
gpu_min_L2_RM, = 0
gpu_min_L2_WH, = 0
gpu_min_L2_WM, = 0
gpu_min_NOC_A, = 0
gpu_min_PIPE_A, = 0.00639202
gpu_min_IDLE_CORE_N, = 132
gpu_min_constant_power = 0

Accumulative Power Statistics Over Previous Kernels:
gpu_tot_avg_power = 81.6675
gpu_tot_max_power = 160.747
gpu_tot_min_power = 60.8126


kernel_name = _ZN8cublasLt19splitKreduce_kernelILi32ELi16Eif13__nv_bfloat16fS1_Lb0EfS1_S1_Lb1ELb0ELb0ELb0EEEvNS_18cublasSplitKParamsIT4_EEPKT2_PKT8_PT7_PT3_PKS3_SG_PKT9_S7_PSH_PvlPS3_PiSM_SM_SG_SG_SG_SG_SG_ 
kernel_launch_uid = 96 

Kernel Average Power Data:
kernel_avg_power = 71.6087
gpu_avg_IBP, = 0.053447
gpu_avg_ICP, = 0
gpu_avg_DCP, = 0.0465254
gpu_avg_TCP, = 0
gpu_avg_CCP, = 0.00540743
gpu_avg_SHRDP, = 0
gpu_avg_RFP, = 0
gpu_avg_INTP, = 0.379501
gpu_avg_FPUP, = 0.0213544
gpu_avg_DPUP, = 0
gpu_avg_INT_MUL24P, = 0
gpu_avg_INT_MUL32P, = 0
gpu_avg_INT_MULP, = 0.0769953
gpu_avg_INT_DIVP, = 0
gpu_avg_FP_MULP, = 0.00230318
gpu_avg_FP_DIVP, = 0
gpu_avg_FP_SQRTP, = 0
gpu_avg_FP_LGP, = 0
gpu_avg_FP_SINP, = 0
gpu_avg_FP_EXP, = 0
gpu_avg_DP_MULP, = 0
gpu_avg_DP_DIVP, = 0
gpu_avg_TENSORP, = 0
gpu_avg_TEXP, = 0
gpu_avg_SCHEDP, = 0.147914
gpu_avg_L2CP, = 0.00963675
gpu_avg_MCP, = 0.560568
gpu_avg_NOCP, = 0.0371647
gpu_avg_DRAMP, = 0
gpu_avg_PIPEP, = 0.585365
gpu_avg_IDLE_COREP, = 35.4887
gpu_avg_CONSTP = 32.3252
gpu_avg_STATICP = 1.86852
gpu_avg_TOT_INST, = 2296
gpu_avg_FP_INT, = 2157.75
gpu_avg_IC_H, = 0
gpu_avg_IC_M, = 0
gpu_avg_DC_RH, = 0
gpu_avg_DC_RM, = 42
gpu_avg_DC_WH, = 0
gpu_avg_DC_WM, = 0
gpu_avg_TC_H, = 0
gpu_avg_TC_M, = 0
gpu_avg_CC_H, = 247.625
gpu_avg_CC_M, = 0
gpu_avg_SHRD_ACC, = 0
gpu_avg_REG_RD, = 0
gpu_avg_REG_WR, = 0
gpu_avg_NON_REG_OPs, = 0
gpu_avg_INT_ACC, = 207489
gpu_avg_FPU_ACC, = 286.022
gpu_avg_DPU_ACC, = 0
gpu_avg_INT_MUL24_ACC, = 0
gpu_avg_INT_MUL32_ACC, = 0
gpu_avg_INT_MUL_ACC, = 502.748
gpu_avg_INT_DIV_ACC, = 0
gpu_avg_FP_MUL_ACC, = 15.0389
gpu_avg_FP_DIV_ACC, = 0
gpu_avg_FP_SQRT_ACC, = 0
gpu_avg_FP_LG_ACC, = 0
gpu_avg_FP_SIN_ACC, = 0
gpu_avg_FP_EXP_ACC, = 0
gpu_avg_DP_MUL_ACC, = 0
gpu_avg_DP_DIV_ACC, = 0
gpu_avg_TENSOR_ACC, = 0
gpu_avg_TEX_ACC, = 0
gpu_avg_MEM_RD, = 0
gpu_avg_MEM_WR, = 0
gpu_avg_MEM_PRE, = 0
gpu_avg_L2_RH, = 31
gpu_avg_L2_RM, = 7
gpu_avg_L2_WH, = 1
gpu_avg_L2_WM, = 0
gpu_avg_NOC_A, = 109
gpu_avg_PIPE_A, = 0.0179046
gpu_avg_IDLE_CORE_N, = 125.494
gpu_avg_constant_power = 0
gpu_avg_threads_per_warp = 7.61467
gpu_tot_TOT_INST, = 18368
gpu_tot_FP_INT, = 17262
gpu_tot_IC_H, = 0
gpu_tot_IC_M, = 0
gpu_tot_DC_RH, = 0
gpu_tot_DC_RM, = 336
gpu_tot_DC_WH, = 0
gpu_tot_DC_WM, = 0
gpu_tot_TC_H, = 0
gpu_tot_TC_M, = 0
gpu_tot_CC_H, = 1981
gpu_tot_CC_M, = 0
gpu_tot_SHRD_ACC, = 0
gpu_tot_REG_RD, = 0
gpu_tot_REG_WR, = 0
gpu_tot_NON_REG_OPs, = 0
gpu_tot_INT_ACC, = 1.65992e+06
gpu_tot_FPU_ACC, = 2288.18
gpu_tot_DPU_ACC, = 0
gpu_tot_INT_MUL24_ACC, = 0
gpu_tot_INT_MUL32_ACC, = 0
gpu_tot_INT_MUL_ACC, = 4021.99
gpu_tot_INT_DIV_ACC, = 0
gpu_tot_FP_MUL_ACC, = 120.311
gpu_tot_FP_DIV_ACC, = 0
gpu_tot_FP_SQRT_ACC, = 0
gpu_tot_FP_LG_ACC, = 0
gpu_tot_FP_SIN_ACC, = 0
gpu_tot_FP_EXP_ACC, = 0
gpu_tot_DP_MUL_ACC, = 0
gpu_tot_DP_DIV_ACC, = 0
gpu_tot_TENSOR_ACC, = 0
gpu_tot_TEX_ACC, = 0
gpu_tot_MEM_RD, = 0
gpu_tot_MEM_WR, = 0
gpu_tot_MEM_PRE, = 0
gpu_tot_L2_RH, = 248
gpu_tot_L2_RM, = 56
gpu_tot_L2_WH, = 8
gpu_tot_L2_WM, = 0
gpu_tot_NOC_A, = 872
gpu_tot_PIPE_A, = 0.143237
gpu_tot_IDLE_CORE_N, = 1003.95
gpu_tot_constant_power = 0

Kernel Maximum Power Data:
kernel_max_power = 77.1652
gpu_max_IBP, = 0.41454
gpu_max_ICP, = 0
gpu_max_DCP, = 0.124068
gpu_max_TCP, = 0
gpu_max_CCP, = 0.0421895
gpu_max_SHRDP, = 0
gpu_max_RFP, = 0
gpu_max_INTP, = 2.94741
gpu_max_FPUP, = 0.0708651
gpu_max_DPUP, = 0
gpu_max_INT_MUL24P, = 0
gpu_max_INT_MUL32P, = 0
gpu_max_INT_MULP, = 0.552787
gpu_max_INT_DIVP, = 0
gpu_max_FP_MULP, = 0.0122836
gpu_max_FP_DIVP, = 0
gpu_max_FP_SQRTP, = 0
gpu_max_FP_LGP, = 0
gpu_max_FP_SINP, = 0
gpu_max_FP_EXP, = 0
gpu_max_DP_MULP, = 0
gpu_max_DP_DIVP, = 0
gpu_max_TENSORP, = 0
gpu_max_TEXP, = 0
gpu_max_SCHEDP, = 1.14972
gpu_max_L2CP, = 0
gpu_max_MCP, = 0.580804
gpu_max_NOCP, = 0.0381876
gpu_max_DRAMP, = 0
gpu_max_PIPEP, = 1.34522
gpu_max_IDLE_COREP, = 30.5822
gpu_max_CONSTP = 32.3252
gpu_max_STATICP = 6.9797
gpu_max_TOT_INST, = 17808
gpu_max_FP_INT, = 16772
gpu_max_IC_H, = 0
gpu_max_IC_M, = 0
gpu_max_DC_RH, = 0
gpu_max_DC_RM, = 112
gpu_max_DC_WH, = 0
gpu_max_DC_WM, = 0
gpu_max_TC_H, = 0
gpu_max_TC_M, = 0
gpu_max_CC_H, = 1932
gpu_max_CC_M, = 0
gpu_max_SHRD_ACC, = 0
gpu_max_REG_RD, = 0
gpu_max_REG_WR, = 0
gpu_max_NON_REG_OPs, = 0
gpu_max_INT_ACC, = 1.61148e+06
gpu_max_FPU_ACC, = 949.17
gpu_max_DPU_ACC, = 0
gpu_max_INT_MUL24_ACC, = 0
gpu_max_INT_MUL32_ACC, = 0
gpu_max_INT_MUL_ACC, = 3609.47
gpu_max_INT_DIV_ACC, = 0
gpu_max_FP_MUL_ACC, = 80.2073
gpu_max_FP_DIV_ACC, = 0
gpu_max_FP_SQRT_ACC, = 0
gpu_max_FP_LG_ACC, = 0
gpu_max_FP_SIN_ACC, = 0
gpu_max_FP_EXP_ACC, = 0
gpu_max_DP_MUL_ACC, = 0
gpu_max_DP_DIV_ACC, = 0
gpu_max_TENSOR_ACC, = 0
gpu_max_TEX_ACC, = 0
gpu_max_MEM_RD, = 0
gpu_max_MEM_WR, = 0
gpu_max_MEM_PRE, = 0
gpu_max_L2_RH, = 0
gpu_max_L2_RM, = 0
gpu_max_L2_WH, = 0
gpu_max_L2_WM, = 0
gpu_max_NOC_A, = 112
gpu_max_PIPE_A, = 0.0411464
gpu_max_IDLE_CORE_N, = 108.144
gpu_max_constant_power = 0

Kernel Minimum Power Data:
kernel_min_power = 70.6916
gpu_min_IBP, = 0
gpu_min_ICP, = 0
gpu_min_DCP, = 0
gpu_min_TCP, = 0
gpu_min_CCP, = 0
gpu_min_SHRDP, = 0
gpu_min_RFP, = 0
gpu_min_INTP, = 0
gpu_min_FPUP, = 0
gpu_min_DPUP, = 0
gpu_min_INT_MUL24P, = 0
gpu_min_INT_MUL32P, = 0
gpu_min_INT_MULP, = 0
gpu_min_INT_DIVP, = 0
gpu_min_FP_MULP, = 0
gpu_min_FP_DIVP, = 0
gpu_min_FP_SQRTP, = 0
gpu_min_FP_LGP, = 0
gpu_min_FP_SINP, = 0
gpu_min_FP_EXP, = 0
gpu_min_DP_MULP, = 0
gpu_min_DP_DIVP, = 0
gpu_min_TENSORP, = 0
gpu_min_TEXP, = 0
gpu_min_SCHEDP, = 0
gpu_min_L2CP, = 0
gpu_min_MCP, = 0.55022
gpu_min_NOCP, = 0
gpu_min_DRAMP, = 0
gpu_min_PIPEP, = 0.487619
gpu_min_IDLE_COREP, = 37.3285
gpu_min_CONSTP = 32.3252
gpu_min_STATICP = 0
gpu_min_TOT_INST, = 0
gpu_min_FP_INT, = 0
gpu_min_IC_H, = 0
gpu_min_IC_M, = 0
gpu_min_DC_RH, = 0
gpu_min_DC_RM, = 0
gpu_min_DC_WH, = 0
gpu_min_DC_WM, = 0
gpu_min_TC_H, = 0
gpu_min_TC_M, = 0
gpu_min_CC_H, = 0
gpu_min_CC_M, = 0
gpu_min_SHRD_ACC, = 0
gpu_min_REG_RD, = 0
gpu_min_REG_WR, = 0
gpu_min_NON_REG_OPs, = 0
gpu_min_INT_ACC, = 0
gpu_min_FPU_ACC, = 0
gpu_min_DPU_ACC, = 0
gpu_min_INT_MUL24_ACC, = 0
gpu_min_INT_MUL32_ACC, = 0
gpu_min_INT_MUL_ACC, = 0
gpu_min_INT_DIV_ACC, = 0
gpu_min_FP_MUL_ACC, = 0
gpu_min_FP_DIV_ACC, = 0
gpu_min_FP_SQRT_ACC, = 0
gpu_min_FP_LG_ACC, = 0
gpu_min_FP_SIN_ACC, = 0
gpu_min_FP_EXP_ACC, = 0
gpu_min_DP_MUL_ACC, = 0
gpu_min_DP_DIV_ACC, = 0
gpu_min_TENSOR_ACC, = 0
gpu_min_TEX_ACC, = 0
gpu_min_MEM_RD, = 0
gpu_min_MEM_WR, = 0
gpu_min_MEM_PRE, = 0
gpu_min_L2_RH, = 0
gpu_min_L2_RM, = 0
gpu_min_L2_WH, = 0
gpu_min_L2_WM, = 0
gpu_min_NOC_A, = 0
gpu_min_PIPE_A, = 0.0149149
gpu_min_IDLE_CORE_N, = 132
gpu_min_constant_power = 0

Accumulative Power Statistics Over Previous Kernels:
gpu_tot_avg_power = 81.6052
gpu_tot_max_power = 160.747
gpu_tot_min_power = 60.8126


