source,app,args,config,kernel,stat,value,raw,stat_regex
app,llm_layer,layer,H100-SASS-Accelwattch_SASS_SIM,all_kernels,Accel-Sim-build,,accelsim-commit-6465301_modified_0.0_26-09-16-21-52-33,Accel-Sim-build
app,llm_layer,layer,H100-SASS-Accelwattch_SASS_SIM,all_kernels,GPGPU-Sim-build,,gpgpu-sim_git-commit-e10018b6_modified_0.0.,GPGPU-Sim-build
app,llm_layer,layer,H100-SASS-Accelwattch_SASS_SIM,final_kernel,gpu_tot_sim_insn,263858709.0,263858709,gpu_tot_sim_insn\s*=\s*(.*)
app,llm_layer,layer,H100-SASS-Accelwattch_SASS_SIM,final_kernel,gpgpu_simulation_time,1067.0,1067,gpgpu_simulation_time\s*=.*\(([0-9]+) sec\).*
app,llm_layer,layer,H100-SASS-Accelwattch_SASS_SIM,final_kernel,gpu_tot_sim_cycle,645976.0,645976,gpu_tot_sim_cycle\s*=\s*(.*)
app,llm_layer,layer,H100-SASS-Accelwattch_SASS_SIM,final_kernel,L2_cache_stats_breakdown[GLOBAL_ACC_R][HIT],4119741.0,4119741,\s+L2_cache_stats_breakdown\[GLOBAL_ACC_R\]\[HIT\]\s*=\s*(.*)
app,llm_layer,layer,H100-SASS-Accelwattch_SASS_SIM,final_kernel,L2_cache_stats_breakdown[GLOBAL_ACC_R][TOTAL_ACCESS],7507051.0,7507051,\s+L2_cache_stats_breakdown\[GLOBAL_ACC_R\]\[TOTAL_ACCESS\]\s*=\s*(.*)
app,llm_layer,layer,H100-SASS-Accelwattch_SASS_SIM,final_kernel,L2_cache_stats_breakdown[GLOBAL_ACC_W][HIT],11766.0,11766,\s+L2_cache_stats_breakdown\[GLOBAL_ACC_W\]\[HIT\]\s*=\s*(.*)
app,llm_layer,layer,H100-SASS-Accelwattch_SASS_SIM,final_kernel,L2_cache_stats_breakdown[GLOBAL_ACC_W][TOTAL_ACCESS],30619.0,30619,\s+L2_cache_stats_breakdown\[GLOBAL_ACC_W\]\[TOTAL_ACCESS\]\s*=\s*(.*)
app,llm_layer,layer,H100-SASS-Accelwattch_SASS_SIM,final_kernel,L2_cache_stats_breakdown[CHIPLET_ACC_R][HIT],1633243.0,1633243,\s+L2_cache_stats_breakdown\[CHIPLET_ACC_R\]\[HIT\]\s*=\s*(.*)
app,llm_layer,layer,H100-SASS-Accelwattch_SASS_SIM,final_kernel,L2_cache_stats_breakdown[CHIPLET_ACC_R][TOTAL_ACCESS],2209197.0,2209197,\s+L2_cache_stats_breakdown\[CHIPLET_ACC_R\]\[TOTAL_ACCESS\]\s*=\s*(.*)
app,llm_layer,layer,H100-SASS-Accelwattch_SASS_SIM,final_kernel,L2_cache_stats_breakdown[CHIPLET_ACC_W][HIT],0.0,0,\s+L2_cache_stats_breakdown\[CHIPLET_ACC_W\]\[HIT\]\s*=\s*(.*)
app,llm_layer,layer,H100-SASS-Accelwattch_SASS_SIM,final_kernel,L2_cache_stats_breakdown[CHIPLET_ACC_W][TOTAL_ACCESS],,NA,\s+L2_cache_stats_breakdown\[CHIPLET_ACC_W\]\[TOTAL_ACCESS\]\s*=\s*(.*)
app,llm_layer,layer,H100-SASS-Accelwattch_SASS_SIM,final_kernel,Total_core_cache_stats_breakdown[GLOBAL_ACC_R][TOTAL_ACCESS],35054.0,35054,\s+Total_core_cache_stats_breakdown\[GLOBAL_ACC_R\]\[TOTAL_ACCESS\]\s*=\s*(.*)
app,llm_layer,layer,H100-SASS-Accelwattch_SASS_SIM,final_kernel,Total_core_cache_stats_breakdown[GLOBAL_ACC_R][HIT],2322.0,2322,\s+Total_core_cache_stats_breakdown\[GLOBAL_ACC_R\]\[HIT\]\s*=\s*(.*)
app,llm_layer,layer,H100-SASS-Accelwattch_SASS_SIM,final_kernel,Total_core_cache_stats_breakdown[GLOBAL_ACC_W][HIT],5009.0,5009,\s+Total_core_cache_stats_breakdown\[GLOBAL_ACC_W\]\[HIT\]\s*=\s*(.*)
app,llm_layer,layer,H100-SASS-Accelwattch_SASS_SIM,final_kernel,Total_core_cache_stats_breakdown[GLOBAL_ACC_W][TOTAL_ACCESS],12395.0,12395,\s+Total_core_cache_stats_breakdown\[GLOBAL_ACC_W\]\[TOTAL_ACCESS\]\s*=\s*(.*)
app,llm_layer,layer,H100-SASS-Accelwattch_SASS_SIM,final_kernel,Total_core_cache_stats_breakdown[GLOBAL_ACC_R][MSHR_HIT],3430.0,3430,\s+Total_core_cache_stats_breakdown\[GLOBAL_ACC_R\]\[MSHR_HIT\]\s*=\s*(.*)
app,llm_layer,layer,H100-SASS-Accelwattch_SASS_SIM,final_kernel,gpgpu_n_tot_w_icount,9264376.0,9264376,gpgpu_n_tot_w_icount\s*=\s*(.*)
app,llm_layer,layer,H100-SASS-Accelwattch_SASS_SIM,final_kernel,total dram reads,1752557.0,1752557,total dram reads\s*=\s*(.*)
app,llm_layer,layer,H100-SASS-Accelwattch_SASS_SIM,final_kernel,total dram writes,23276.0,23276,total dram writes\s*=\s*(.*)
app,llm_layer,layer,H100-SASS-Accelwattch_SASS_SIM,final_kernel,kernel_launch_uid,96.0,96,kernel_launch_uid\s*=\s*(.*)
app,llm_layer,layer,H100-SASS-Accelwattch_SASS_SIM,final_kernel,gpgpu_n_shmem_bkconflict,0.0,0,gpgpu_n_shmem_bkconflict\s*=\s*(.*)
app,llm_layer,layer,H100-SASS-Accelwattch_SASS_SIM,final_kernel,gpgpu_n_l1cache_bkconflict,9208.0,9208,gpgpu_n_l1cache_bkconflict\s*=\s*(.*)
app,llm_layer,layer,H100-SASS-Accelwattch_SASS_SIM,final_kernel,gpu_ipc,116.8081,116.8081,gpu_ipc\s*=\s*(.*)
app,llm_layer,layer,H100-SASS-Accelwattch_SASS_SIM,final_kernel,gpu_occupancy,4.913,4.9130,gpu_occupancy\s*=\s*(.*)%
app,llm_layer,layer,H100-SASS-Accelwattch_SASS_SIM,final_kernel,L2_BW,5.641,5.6410,L2_BW\s*=\s*(.*)\s*GB\/Sec
app,llm_layer,layer,H100-SASS-Accelwattch_SASS_SIM,final_kernel,gpgpu_simulation_rate_inst_per_sec,247290.0,247290,gpgpu_simulation_rate\s+=\s+(.*)\s+\(inst\/sec\)
app,llm_layer,layer,H100-SASS-Accelwattch_SASS_SIM,final_kernel,gpgpu_simulation_rate_cycle_per_sec,605.0,605,gpgpu_simulation_rate\s+=\s+(.*)\s+\(cycle\/sec\)
app,llm_layer,layer,H100-SASS-Accelwattch_SASS_SIM,final_kernel,gpgpu_silicon_slowdown,3272727.0,3272727,gpgpu_silicon_slowdown\s*=\s*(.*)x
app,llm_layer,layer,H100-SASS-Accelwattch_SASS_SIM,final_kernel,gpu_tot_ipc,408.4652,408.4652,gpu_tot_ipc\s*=\s*(.*)
kernel,llm_layer,layer,H100-SASS-Accelwattch_SASS_SIM,all_kernels,Accel-Sim-build,,accelsim-commit-6465301_modified_0.0_26-09-16-21-52-33,Accel-Sim-build
kernel,llm_layer,layer,H100-SASS-Accelwattch_SASS_SIM,all_kernels,GPGPU-Sim-build,,gpgpu-sim_git-commit-e10018b6_modified_0.0.,GPGPU-Sim-build
kernel,llm_layer,layer,H100-SASS-Accelwattch_SASS_SIM,_ZN4vllm25fused_add_rms_norm_kernelIN3c108BFloat16ELi8ELb1EEENSt9enable_ifIXaagtT0_Li0Esr4vllm12_typeConvertIT_EE6existsEvE4typeEPS4_lS7_PKS4_fiil,gpu_tot_sim_insn,2119265.0,2119265.0,gpu_tot_sim_insn\s*=\s*(.*)
kernel,llm_layer,layer,H100-SASS-Accelwattch_SASS_SIM,nvjet_sm90_tst_64x8_64x16_4x2_h_bz_bias_TNT,gpu_tot_sim_insn,5636376.0,5636376.0,gpu_tot_sim_insn\s*=\s*(.*)
kernel,llm_layer,layer,H100-SASS-Accelwattch_SASS_SIM,_ZN4vllm23rotary_embedding_kernelIN3c108BFloat16ES2_Lb1EEEvPKlPT_S6_PKT0_illliiilb,gpu_tot_sim_insn,973148.0,973148.0,gpu_tot_sim_insn\s*=\s*(.*)
kernel,llm_layer,layer,H100-SASS-Accelwattch_SASS_SIM,_ZN4vllm30reshape_and_cache_flash_kernelI13__nv_bfloat16S1_LNS_18Fp8KVCacheDataTypeE0EEEvPKT_S5_PT0_S7_PKlllllliiiPKfSB_i,gpu_tot_sim_insn,267072.0,267072.0,gpu_tot_sim_insn\s*=\s*(.*)
kernel,llm_layer,layer,H100-SASS-Accelwattch_SASS_SIM,_ZN7cutlass13device_kernelIN5flash20enable_sm90_or_laterINS1_16FlashAttnFwdSm90INS1_25CollectiveMainloopFwdSm90ILi2EN4cute5tupleIJNS5_1CILi1EEES8_S8_EEENS6_IJNS7_ILi192EEENS7_ILi128EEENS7_ILi64EEEEEELi64ENS_10bfloat16_tEfNS_4arch4Sm90ELb1ELb0ELb0ELb1ELb1ELb0ELb0ELb1ELb1ELb1ELb0ELb0ESE_Li1EEENS1_21CollectiveEpilogueFwdINS6_IJSA_SC_SB_EEES9_SE_SG_Li384ELb1ELb1ELb0ELb0ELi1EEENS1_36VarlenDynamicPersistentTileSchedulerILi192ELi128ELi384ELi128ELb0ELb1ELb1ELb1ELb0ELb1EEEEEEEEEvNT_6ParamsE,gpu_tot_sim_insn,5439810.0,5439810.0,gpu_tot_sim_insn\s*=\s*(.*)
kernel,llm_layer,layer,H100-SASS-Accelwattch_SASS_SIM,_ZN2at6native29vectorized_elementwise_kernelILi4ENS0_11FillFunctorIiEESt5arrayIPcLm1EEEEviT0_T1_,gpu_tot_sim_insn,23600.0,23600.0,gpu_tot_sim_insn\s*=\s*(.*)
kernel,llm_layer,layer,H100-SASS-Accelwattch_SASS_SIM,nvjet_sm90_tst_64x8_64x16_4x2_h_bz_TNT,gpu_tot_sim_insn,4407520.0,4407520.0,gpu_tot_sim_insn\s*=\s*(.*)
kernel,llm_layer,layer,H100-SASS-Accelwattch_SASS_SIM,nvjet_sm90_tst_128x16_64x11_4x1_v_bz_TNT,gpu_tot_sim_insn,12876102.0,12876102.0,gpu_tot_sim_insn\s*=\s*(.*)
kernel,llm_layer,layer,H100-SASS-Accelwattch_SASS_SIM,_ZN4vllm18act_and_mul_kernelIN3c108BFloat16E14__nv_bfloat162XadL_ZNS_11silu_kernelIS2_EET_RKS5_fEEXadL_ZNS_18packed_silu_kernelIS3_EES5_S7_fEELb1ELb1ELb0ELb0EEEvPS5_PS6_ifff,gpu_tot_sim_insn,2708032.0,2708032.0,gpu_tot_sim_insn\s*=\s*(.*)
kernel,llm_layer,layer,H100-SASS-Accelwattch_SASS_SIM,nvjet_sm90_tst_64x16_64x16_4x1_v_bz_splitK_TNT,gpu_tot_sim_insn,9912976.0,9912976.0,gpu_tot_sim_insn\s*=\s*(.*)
kernel,llm_layer,layer,H100-SASS-Accelwattch_SASS_SIM,_ZN8cublasLt19splitKreduce_kernelILi32ELi16Eif13__nv_bfloat16fS1_Lb0EfS1_S1_Lb1ELb0ELb0ELb0EEEvNS_18cublasSplitKParamsIT4_EEPKT2_PKT8_PT7_PT3_PKS3_SG_PKT9_S7_PSH_PvlPS3_PiSM_SM_SG_SG_SG_SG_SG_,gpu_tot_sim_insn,4485393.0,4485393.0,gpu_tot_sim_insn\s*=\s*(.*)
kernel,llm_layer,layer,H100-SASS-Accelwattch_SASS_SIM,nvjet_sm90_tst_64x8_64x16_4x1_v_bz_bias_TNT,gpu_tot_sim_insn,19868676.0,19868676.0,gpu_tot_sim_insn\s*=\s*(.*)
kernel,llm_layer,layer,H100-SASS-Accelwattch_SASS_SIM,_ZN7cutlass13device_kernelIN5flash20enable_sm90_or_laterINS1_16FlashAttnFwdSm90INS1_25CollectiveMainloopFwdSm90ILi2EN4cute5tupleIJNS5_1CILi1EEES8_S8_EEENS6_IJNS7_ILi64EEENS7_ILi192EEESA_EEELi64ENS_10bfloat16_tEfNS_4arch4Sm90ELb0ELb0ELb0ELb1ELb1ELb0ELb0ELb1ELb1ELb1ELb0ELb0ESD_Li1EEENS1_21CollectiveEpilogueFwdINS6_IJSA_SA_SB_EEES9_SD_SF_Li128ELb1ELb1ELb0ELb0ELi1EEENS1_36VarlenDynamicPersistentTileSchedulerILi64ELi192ELi128ELi128ELb0ELb1ELb1ELb0ELb0ELb1EEEEEEEEEvNT_6ParamsE,gpu_tot_sim_insn,20221433.0,20221433.0,gpu_tot_sim_insn\s*=\s*(.*)
kernel,llm_layer,layer,H100-SASS-Accelwattch_SASS_SIM,nvjet_sm90_tst_64x8_64x16_4x1_v_bz_TNT,gpu_tot_sim_insn,15511638.0,15511638.0,gpu_tot_sim_insn\s*=\s*(.*)
kernel,llm_layer,layer,H100-SASS-Accelwattch_SASS_SIM,nvjet_sm90_tst_128x8_64x12_4x1_v_bz_TNT,gpu_tot_sim_insn,89866684.0,89866684.0,gpu_tot_sim_insn\s*=\s*(.*)
kernel,llm_layer,layer,H100-SASS-Accelwattch_SASS_SIM,nvjet_sm90_tst_64x8_64x16_4x1_v_bz_splitK_TNT,gpu_tot_sim_insn,69540984.0,69540984.0,gpu_tot_sim_insn\s*=\s*(.*)
kernel,llm_layer,layer,H100-SASS-Accelwattch_SASS_SIM,_ZN4vllm25fused_add_rms_norm_kernelIN3c108BFloat16ELi8ELb1EEENSt9enable_ifIXaagtT0_Li0Esr4vllm12_typeConvertIT_EE6existsEvE4typeEPS4_lS7_PKS4_fiil,gpgpu_simulation_time,49.0,49.0,gpgpu_simulation_time\s*=.*\(([0-9]+) sec\).*
kernel,llm_layer,layer,H100-SASS-Accelwattch_SASS_SIM,nvjet_sm90_tst_64x8_64x16_4x2_h_bz_bias_TNT,gpgpu_simulation_time,7.0,7.0,gpgpu_simulation_time\s*=.*\(([0-9]+) sec\).*
kernel,llm_layer,layer,H100-SASS-Accelwattch_SASS_SIM,_ZN4vllm23rotary_embedding_kernelIN3c108BFloat16ES2_Lb1EEEvPKlPT_S6_PKT0_illliiilb,gpgpu_simulation_time,27.0,27.0,gpgpu_simulation_time\s*=.*\(([0-9]+) sec\).*
kernel,llm_layer,layer,H100-SASS-Accelwattch_SASS_SIM,_ZN4vllm30reshape_and_cache_flash_kernelI13__nv_bfloat16S1_LNS_18Fp8KVCacheDataTypeE0EEEvPKT_S5_PT0_S7_PKlllllliiiPKfSB_i,gpgpu_simulation_time,19.0,19.0,gpgpu_simulation_time\s*=.*\(([0-9]+) sec\).*
kernel,llm_layer,layer,H100-SASS-Accelwattch_SASS_SIM,_ZN7cutlass13device_kernelIN5flash20enable_sm90_or_laterINS1_16FlashAttnFwdSm90INS1_25CollectiveMainloopFwdSm90ILi2EN4cute5tupleIJNS5_1CILi1EEES8_S8_EEENS6_IJNS7_ILi192EEENS7_ILi128EEENS7_ILi64EEEEEELi64ENS_10bfloat16_tEfNS_4arch4Sm90ELb1ELb0ELb0ELb1ELb1ELb0ELb0ELb1ELb1ELb1ELb0ELb0ESE_Li1EEENS1_21CollectiveEpilogueFwdINS6_IJSA_SC_SB_EEES9_SE_SG_Li384ELb1ELb1ELb0ELb0ELi1EEENS1_36VarlenDynamicPersistentTileSchedulerILi192ELi128ELi384ELi128ELb0ELb1ELb1ELb1ELb0ELb1EEEEEEEEEvNT_6ParamsE,gpgpu_simulation_time,13.0,13.0,gpgpu_simulation_time\s*=.*\(([0-9]+) sec\).*
kernel,llm_layer,layer,H100-SASS-Accelwattch_SASS_SIM,_ZN2at6native29vectorized_elementwise_kernelILi4ENS0_11FillFunctorIiEESt5arrayIPcLm1EEEEviT0_T1_,gpgpu_simulation_time,15.0,15.0,gpgpu_simulation_time\s*=.*\(([0-9]+) sec\).*
kernel,llm_layer,layer,H100-SASS-Accelwattch_SASS_SIM,nvjet_sm90_tst_64x8_64x16_4x2_h_bz_TNT,gpgpu_simulation_time,7.0,7.0,gpgpu_simulation_time\s*=.*\(([0-9]+) sec\).*
kernel,llm_layer,layer,H100-SASS-Accelwattch_SASS_SIM,nvjet_sm90_tst_128x16_64x11_4x1_v_bz_TNT,gpgpu_simulation_time,95.0,95.0,gpgpu_simulation_time\s*=.*\(([0-9]+) sec\).*
kernel,llm_layer,layer,H100-SASS-Accelwattch_SASS_SIM,_ZN4vllm18act_and_mul_kernelIN3c108BFloat16E14__nv_bfloat162XadL_ZNS_11silu_kernelIS2_EET_RKS5_fEEXadL_ZNS_18packed_silu_kernelIS3_EES5_S7_fEELb1ELb1ELb0ELb0EEEvPS5_PS6_ifff,gpgpu_simulation_time,29.0,29.0,gpgpu_simulation_time\s*=.*\(([0-9]+) sec\).*
kernel,llm_layer,layer,H100-SASS-Accelwattch_SASS_SIM,nvjet_sm90_tst_64x16_64x16_4x1_v_bz_splitK_TNT,gpgpu_simulation_time,29.0,29.0,gpgpu_simulation_time\s*=.*\(([0-9]+) sec\).*
kernel,llm_layer,layer,H100-SASS-Accelwattch_SASS_SIM,_ZN8cublasLt19splitKreduce_kernelILi32ELi16Eif13__nv_bfloat16fS1_Lb0EfS1_S1_Lb1ELb0ELb0ELb0EEEvNS_18cublasSplitKParamsIT4_EEPKT2_PKT8_PT7_PT3_PKS3_SG_PKT9_S7_PSH_PvlPS3_PiSM_SM_SG_SG_SG_SG_SG_,gpgpu_simulation_time,26.0,26.0,gpgpu_simulation_time\s*=.*\(([0-9]+) sec\).*
kernel,llm_layer,layer,H100-SASS-Accelwattch_SASS_SIM,nvjet_sm90_tst_64x8_64x16_4x1_v_bz_bias_TNT,gpgpu_simulation_time,55.0,55.0,gpgpu_simulation_time\s*=.*\(([0-9]+) sec\).*
kernel,llm_layer,layer,H100-SASS-Accelwattch_SASS_SIM,_ZN7cutlass13device_kernelIN5flash20enable_sm90_or_laterINS1_16FlashAttnFwdSm90INS1_25CollectiveMainloopFwdSm90ILi2EN4cute5tupleIJNS5_1CILi1EEES8_S8_EEENS6_IJNS7_ILi64EEENS7_ILi192EEESA_EEELi64ENS_10bfloat16_tEfNS_4arch4Sm90ELb0ELb0ELb0ELb1ELb1ELb0ELb0ELb1ELb1ELb1ELb0ELb0ESD_Li1EEENS1_21CollectiveEpilogueFwdINS6_IJSA_SA_SB_EEES9_SD_SF_Li128ELb1ELb1ELb0ELb0ELi1EEENS1_36VarlenDynamicPersistentTileSchedulerILi64ELi192ELi128ELi128ELb0ELb1ELb1ELb0ELb0ELb1EEEEEEEEEvNT_6ParamsE,gpgpu_simulation_time,75.0,75.0,gpgpu_simulation_time\s*=.*\(([0-9]+) sec\).*
kernel,llm_layer,layer,H100-SASS-Accelwattch_SASS_SIM,nvjet_sm90_tst_64x8_64x16_4x1_v_bz_TNT,gpgpu_simulation_time,46.0,46.0,gpgpu_simulation_time\s*=.*\(([0-9]+) sec\).*
kernel,llm_layer,layer,H100-SASS-Accelwattch_SASS_SIM,nvjet_sm90_tst_128x8_64x12_4x1_v_bz_TNT,gpgpu_simulation_time,413.0,413.0,gpgpu_simulation_time\s*=.*\(([0-9]+) sec\).*
kernel,llm_layer,layer,H100-SASS-Accelwattch_SASS_SIM,nvjet_sm90_tst_64x8_64x16_4x1_v_bz_splitK_TNT,gpgpu_simulation_time,162.0,162.0,gpgpu_simulation_time\s*=.*\(([0-9]+) sec\).*
kernel,llm_layer,layer,H100-SASS-Accelwattch_SASS_SIM,_ZN4vllm25fused_add_rms_norm_kernelIN3c108BFloat16ELi8ELb1EEENSt9enable_ifIXaagtT0_Li0Esr4vllm12_typeConvertIT_EE6existsEvE4typeEPS4_lS7_PKS4_fiil,gpu_tot_sim_cycle,86871.0,86871.0,gpu_tot_sim_cycle\s*=\s*(.*)
kernel,llm_layer,layer,H100-SASS-Accelwattch_SASS_SIM,nvjet_sm90_tst_64x8_64x16_4x2_h_bz_bias_TNT,gpu_tot_sim_cycle,7148.0,7148.0,gpu_tot_sim_cycle\s*=\s*(.*)
kernel,llm_layer,layer,H100-SASS-Accelwattch_SASS_SIM,_ZN4vllm23rotary_embedding_kernelIN3c108BFloat16ES2_Lb1EEEvPKlPT_S6_PKT0_illliiilb,gpu_tot_sim_cycle,43867.0,43867.0,gpu_tot_sim_cycle\s*=\s*(.*)
kernel,llm_layer,layer,H100-SASS-Accelwattch_SASS_SIM,_ZN4vllm30reshape_and_cache_flash_kernelI13__nv_bfloat16S1_LNS_18Fp8KVCacheDataTypeE0EEEvPKT_S5_PT0_S7_PKlllllliiiPKfSB_i,gpu_tot_sim_cycle,37286.0,37286.0,gpu_tot_sim_cycle\s*=\s*(.*)
kernel,llm_layer,layer,H100-SASS-Accelwattch_SASS_SIM,_ZN7cutlass13device_kernelIN5flash20enable_sm90_or_laterINS1_16FlashAttnFwdSm90INS1_25CollectiveMainloopFwdSm90ILi2EN4cute5tupleIJNS5_1CILi1EEES8_S8_EEENS6_IJNS7_ILi192EEENS7_ILi128EEENS7_ILi64EEEEEELi64ENS_10bfloat16_tEfNS_4arch4Sm90ELb1ELb0ELb0ELb1ELb1ELb0ELb0ELb1ELb1ELb1ELb0ELb0ESE_Li1EEENS1_21CollectiveEpilogueFwdINS6_IJSA_SC_SB_EEES9_SE_SG_Li384ELb1ELb1ELb0ELb0ELi1EEENS1_36VarlenDynamicPersistentTileSchedulerILi192ELi128ELi384ELi128ELb0ELb1ELb1ELb1ELb0ELb1EEEEEEEEEvNT_6ParamsE,gpu_tot_sim_cycle,15021.0,15021.0,gpu_tot_sim_cycle\s*=\s*(.*)
kernel,llm_layer,layer,H100-SASS-Accelwattch_SASS_SIM,_ZN2at6native29vectorized_elementwise_kernelILi4ENS0_11FillFunctorIiEESt5arrayIPcLm1EEEEviT0_T1_,gpu_tot_sim_cycle,26784.0,26784.0,gpu_tot_sim_cycle\s*=\s*(.*)
kernel,llm_layer,layer,H100-SASS-Accelwattch_SASS_SIM,nvjet_sm90_tst_64x8_64x16_4x2_h_bz_TNT,gpu_tot_sim_cycle,6695.0,6695.0,gpu_tot_sim_cycle\s*=\s*(.*)
kernel,llm_layer,layer,H100-SASS-Accelwattch_SASS_SIM,nvjet_sm90_tst_128x16_64x11_4x1_v_bz_TNT,gpu_tot_sim_cycle,14706.0,14706.0,gpu_tot_sim_cycle\s*=\s*(.*)
kernel,llm_layer,layer,H100-SASS-Accelwattch_SASS_SIM,_ZN4vllm18act_and_mul_kernelIN3c108BFloat16E14__nv_bfloat162XadL_ZNS_11silu_kernelIS2_EET_RKS5_fEEXadL_ZNS_18packed_silu_kernelIS3_EES5_S7_fEELb1ELb1ELb0ELb0EEEvPS5_PS6_ifff,gpu_tot_sim_cycle,46571.0,46571.0,gpu_tot_sim_cycle\s*=\s*(.*)
kernel,llm_layer,layer,H100-SASS-Accelwattch_SASS_SIM,nvjet_sm90_tst_64x16_64x16_4x1_v_bz_splitK_TNT,gpu_tot_sim_cycle,10684.0,10684.0,gpu_tot_sim_cycle\s*=\s*(.*)
kernel,llm_layer,layer,H100-SASS-Accelwattch_SASS_SIM,_ZN8cublasLt19splitKreduce_kernelILi32ELi16Eif13__nv_bfloat16fS1_Lb0EfS1_S1_Lb1ELb0ELb0ELb0EEEvNS_18cublasSplitKParamsIT4_EEPKT2_PKT8_PT7_PT3_PKS3_SG_PKT9_S7_PSH_PvlPS3_PiSM_SM_SG_SG_SG_SG_SG_,gpu_tot_sim_cycle,34116.0,34116.0,gpu_tot_sim_cycle\s*=\s*(.*)
kernel,llm_layer,layer,H100-SASS-Accelwattch_SASS_SIM,nvjet_sm90_tst_64x8_64x16_4x1_v_bz_bias_TNT,gpu_tot_sim_cycle,49657.0,49657.0,gpu_tot_sim_cycle\s*=\s*(.*)
kernel,llm_layer,layer,H100-SASS-Accelwattch_SASS_SIM,_ZN7cutlass13device_kernelIN5flash20enable_sm90_or_laterINS1_16FlashAttnFwdSm90INS1_25CollectiveMainloopFwdSm90ILi2EN4cute5tupleIJNS5_1CILi1EEES8_S8_EEENS6_IJNS7_ILi64EEENS7_ILi192EEESA_EEELi64ENS_10bfloat16_tEfNS_4arch4Sm90ELb0ELb0ELb0ELb1ELb1ELb0ELb0ELb1ELb1ELb1ELb0ELb0ESD_Li1EEENS1_21CollectiveEpilogueFwdINS6_IJSA_SA_SB_EEES9_SD_SF_Li128ELb1ELb1ELb0ELb0ELi1EEENS1_36VarlenDynamicPersistentTileSchedulerILi64ELi192ELi128ELi128ELb0ELb1ELb1ELb0ELb0ELb1EEEEEEEEEvNT_6ParamsE,gpu_tot_sim_cycle,71925.0,71925.0,gpu_tot_sim_cycle\s*=\s*(.*)
kernel,llm_layer,layer,H100-SASS-Accelwattch_SASS_SIM,nvjet_sm90_tst_64x8_64x16_4x1_v_bz_TNT,gpu_tot_sim_cycle,47349.0,47349.0,gpu_tot_sim_cycle\s*=\s*(.*)
kernel,llm_layer,layer,H100-SASS-Accelwattch_SASS_SIM,nvjet_sm90_tst_128x8_64x12_4x1_v_bz_TNT,gpu_tot_sim_cycle,82662.0,82662.0,gpu_tot_sim_cycle\s*=\s*(.*)
kernel,llm_layer,layer,H100-SASS-Accelwattch_SASS_SIM,nvjet_sm90_tst_64x8_64x16_4x1_v_bz_splitK_TNT,gpu_tot_sim_cycle,64634.0,64634.0,gpu_tot_sim_cycle\s*=\s*(.*)
kernel,llm_layer,layer,H100-SASS-Accelwattch_SASS_SIM,_ZN4vllm25fused_add_rms_norm_kernelIN3c108BFloat16ELi8ELb1EEENSt9enable_ifIXaagtT0_Li0Esr4vllm12_typeConvertIT_EE6existsEvE4typeEPS4_lS7_PKS4_fiil,L2_cache_stats_breakdown[GLOBAL_ACC_R][HIT],2445.0,2445.0,\s+L2_cache_stats_breakdown\[GLOBAL_ACC_R\]\[HIT\]\s*=\s*(.*)
kernel,llm_layer,layer,H100-SASS-Accelwattch_SASS_SIM,nvjet_sm90_tst_64x8_64x16_4x2_h_bz_bias_TNT,L2_cache_stats_breakdown[GLOBAL_ACC_R][HIT],1120.0,1120.0,\s+L2_cache_stats_breakdown\[GLOBAL_ACC_R\]\[HIT\]\s*=\s*(.*)
kernel,llm_layer,layer,H100-SASS-Accelwattch_SASS_SIM,_ZN4vllm23rotary_embedding_kernelIN3c108BFloat16ES2_Lb1EEEvPKlPT_S6_PKT0_illliiilb,L2_cache_stats_breakdown[GLOBAL_ACC_R][HIT],1075.0,1075.0,\s+L2_cache_stats_breakdown\[GLOBAL_ACC_R\]\[HIT\]\s*=\s*(.*)
kernel,llm_layer,layer,H100-SASS-Accelwattch_SASS_SIM,_ZN4vllm30reshape_and_cache_flash_kernelI13__nv_bfloat16S1_LNS_18Fp8KVCacheDataTypeE0EEEvPKT_S5_PT0_S7_PKlllllliiiPKfSB_i,L2_cache_stats_breakdown[GLOBAL_ACC_R][HIT],275.0,275.0,\s+L2_cache_stats_breakdown\[GLOBAL_ACC_R\]\[HIT\]\s*=\s*(.*)
kernel,llm_layer,layer,H100-SASS-Accelwattch_SASS_SIM,_ZN7cutlass13device_kernelIN5flash20enable_sm90_or_laterINS1_16FlashAttnFwdSm90INS1_25CollectiveMainloopFwdSm90ILi2EN4cute5tupleIJNS5_1CILi1EEES8_S8_EEENS6_IJNS7_ILi192EEENS7_ILi128EEENS7_ILi64EEEEEELi64ENS_10bfloat16_tEfNS_4arch4Sm90ELb1ELb0ELb0ELb1ELb1ELb0ELb0ELb1ELb1ELb1ELb0ELb0ESE_Li1EEENS1_21CollectiveEpilogueFwdINS6_IJSA_SC_SB_EEES9_SE_SG_Li384ELb1ELb1ELb0ELb0ELi1EEENS1_36VarlenDynamicPersistentTileSchedulerILi192ELi128ELi384ELi128ELb0ELb1ELb1ELb1ELb0ELb1EEEEEEEEEvNT_6ParamsE,L2_cache_stats_breakdown[GLOBAL_ACC_R][HIT],741.0,741.0,\s+L2_cache_stats_breakdown\[GLOBAL_ACC_R\]\[HIT\]\s*=\s*(.*)
kernel,llm_layer,layer,H100-SASS-Accelwattch_SASS_SIM,_ZN2at6native29vectorized_elementwise_kernelILi4ENS0_11FillFunctorIiEESt5arrayIPcLm1EEEEviT0_T1_,L2_cache_stats_breakdown[GLOBAL_ACC_R][HIT],0.0,0.0,\s+L2_cache_stats_breakdown\[GLOBAL_ACC_R\]\[HIT\]\s*=\s*(.*)
kernel,llm_layer,layer,H100-SASS-Accelwattch_SASS_SIM,nvjet_sm90_tst_64x8_64x16_4x2_h_bz_TNT,L2_cache_stats_breakdown[GLOBAL_ACC_R][HIT],1184.0,1184.0,\s+L2_cache_stats_breakdown\[GLOBAL_ACC_R\]\[HIT\]\s*=\s*(.*)
kernel,llm_layer,layer,H100-SASS-Accelwattch_SASS_SIM,nvjet_sm90_tst_128x16_64x11_4x1_v_bz_TNT,L2_cache_stats_breakdown[GLOBAL_ACC_R][HIT],4089.0,4089.0,\s+L2_cache_stats_breakdown\[GLOBAL_ACC_R\]\[HIT\]\s*=\s*(.*)
kernel,llm_layer,layer,H100-SASS-Accelwattch_SASS_SIM,_ZN4vllm18act_and_mul_kernelIN3c108BFloat16E14__nv_bfloat162XadL_ZNS_11silu_kernelIS2_EET_RKS5_fEEXadL_ZNS_18packed_silu_kernelIS3_EES5_S7_fEELb1ELb1ELb0ELb0EEEvPS5_PS6_ifff,L2_cache_stats_breakdown[GLOBAL_ACC_R][HIT],9946.0,9946.0,\s+L2_cache_stats_breakdown\[GLOBAL_ACC_R\]\[HIT\]\s*=\s*(.*)
kernel,llm_layer,layer,H100-SASS-Accelwattch_SASS_SIM,nvjet_sm90_tst_64x16_64x16_4x1_v_bz_splitK_TNT,L2_cache_stats_breakdown[GLOBAL_ACC_R][HIT],6777.0,6777.0,\s+L2_cache_stats_breakdown\[GLOBAL_ACC_R\]\[HIT\]\s*=\s*(.*)
kernel,llm_layer,layer,H100-SASS-Accelwattch_SASS_SIM,_ZN8cublasLt19splitKreduce_kernelILi32ELi16Eif13__nv_bfloat16fS1_Lb0EfS1_S1_Lb1ELb0ELb0ELb0EEEvNS_18cublasSplitKParamsIT4_EEPKT2_PKT8_PT7_PT3_PKS3_SG_PKT9_S7_PSH_PvlPS3_PiSM_SM_SG_SG_SG_SG_SG_,L2_cache_stats_breakdown[GLOBAL_ACC_R][HIT],5600.0,5600.0,\s+L2_cache_stats_breakdown\[GLOBAL_ACC_R\]\[HIT\]\s*=\s*(.*)
kernel,llm_layer,layer,H100-SASS-Accelwattch_SASS_SIM,nvjet_sm90_tst_64x8_64x16_4x1_v_bz_bias_TNT,L2_cache_stats_breakdown[GLOBAL_ACC_R][HIT],292788.0,292788.0,\s+L2_cache_stats_breakdown\[GLOBAL_ACC_R\]\[HIT\]\s*=\s*(.*)
kernel,llm_layer,layer,H100-SASS-Accelwattch_SASS_SIM,_ZN7cutlass13device_kernelIN5flash20enable_sm90_or_laterINS1_16FlashAttnFwdSm90INS1_25CollectiveMainloopFwdSm90ILi2EN4cute5tupleIJNS5_1CILi1EEES8_S8_EEENS6_IJNS7_ILi64EEENS7_ILi192EEESA_EEELi64ENS_10bfloat16_tEfNS_4arch4Sm90ELb0ELb0ELb0ELb1ELb1ELb0ELb0ELb1ELb1ELb1ELb0ELb0ESD_Li1EEENS1_21CollectiveEpilogueFwdINS6_IJSA_SA_SB_EEES9_SD_SF_Li128ELb1ELb1ELb0ELb0ELi1EEENS1_36VarlenDynamicPersistentTileSchedulerILi64ELi192ELi128ELi128ELb0ELb1ELb1ELb0ELb0ELb1EEEEEEEEEvNT_6ParamsE,L2_cache_stats_breakdown[GLOBAL_ACC_R][HIT],3465.0,3465.0,\s+L2_cache_stats_breakdown\[GLOBAL_ACC_R\]\[HIT\]\s*=\s*(.*)
kernel,llm_layer,layer,H100-SASS-Accelwattch_SASS_SIM,nvjet_sm90_tst_64x8_64x16_4x1_v_bz_TNT,L2_cache_stats_breakdown[GLOBAL_ACC_R][HIT],217748.0,217748.0,\s+L2_cache_stats_breakdown\[GLOBAL_ACC_R\]\[HIT\]\s*=\s*(.*)
kernel,llm_layer,layer,H100-SASS-Accelwattch_SASS_SIM,nvjet_sm90_tst_128x8_64x12_4x1_v_bz_TNT,L2_cache_stats_breakdown[GLOBAL_ACC_R][HIT],2371513.0,2371513.0,\s+L2_cache_stats_breakdown\[GLOBAL_ACC_R\]\[HIT\]\s*=\s*(.*)
kernel,llm_layer,layer,H100-SASS-Accelwattch_SASS_SIM,nvjet_sm90_tst_64x8_64x16_4x1_v_bz_splitK_TNT,L2_cache_stats_breakdown[GLOBAL_ACC_R][HIT],1200975.0,1200975.0,\s+L2_cache_stats_breakdown\[GLOBAL_ACC_R\]\[HIT\]\s*=\s*(.*)
kernel,llm_layer,layer,H100-SASS-Accelwattch_SASS_SIM,_ZN4vllm25fused_add_rms_norm_kernelIN3c108BFloat16ELi8ELb1EEENSt9enable_ifIXaagtT0_Li0Esr4vllm12_typeConvertIT_EE6existsEvE4typeEPS4_lS7_PKS4_fiil,L2_cache_stats_breakdown[GLOBAL_ACC_R][TOTAL_ACCESS],4928.0,4928.0,\s+L2_cache_stats_breakdown\[GLOBAL_ACC_R\]\[TOTAL_ACCESS\]\s*=\s*(.*)
kernel,llm_layer,layer,H100-SASS-Accelwattch_SASS_SIM,nvjet_sm90_tst_64x8_64x16_4x2_h_bz_bias_TNT,L2_cache_stats_breakdown[GLOBAL_ACC_R][TOTAL_ACCESS],65704.0,65704.0,\s+L2_cache_stats_breakdown\[GLOBAL_ACC_R\]\[TOTAL_ACCESS\]\s*=\s*(.*)
kernel,llm_layer,layer,H100-SASS-Accelwattch_SASS_SIM,_ZN4vllm23rotary_embedding_kernelIN3c108BFloat16ES2_Lb1EEEvPKlPT_S6_PKT0_illliiilb,L2_cache_stats_breakdown[GLOBAL_ACC_R][TOTAL_ACCESS],1166.0,1166.0,\s+L2_cache_stats_breakdown\[GLOBAL_ACC_R\]\[TOTAL_ACCESS\]\s*=\s*(.*)
kernel,llm_layer,layer,H100-SASS-Accelwattch_SASS_SIM,_ZN4vllm30reshape_and_cache_flash_kernelI13__nv_bfloat16S1_LNS_18Fp8KVCacheDataTypeE0EEEvPKT_S5_PT0_S7_PKlllllliiiPKfSB_i,L2_cache_stats_breakdown[GLOBAL_ACC_R][TOTAL_ACCESS],283.0,283.0,\s+L2_cache_stats_breakdown\[GLOBAL_ACC_R\]\[TOTAL_ACCESS\]\s*=\s*(.*)
kernel,llm_layer,layer,H100-SASS-Accelwattch_SASS_SIM,_ZN7cutlass13device_kernelIN5flash20enable_sm90_or_laterINS1_16FlashAttnFwdSm90INS1_25CollectiveMainloopFwdSm90ILi2EN4cute5tupleIJNS5_1CILi1EEES8_S8_EEENS6_IJNS7_ILi192EEENS7_ILi128EEENS7_ILi64EEEEEELi64ENS_10bfloat16_tEfNS_4arch4Sm90ELb1ELb0ELb0ELb1ELb1ELb0ELb0ELb1ELb1ELb1ELb0ELb0ESE_Li1EEENS1_21CollectiveEpilogueFwdINS6_IJSA_SC_SB_EEES9_SE_SG_Li384ELb1ELb1ELb0ELb0ELi1EEENS1_36VarlenDynamicPersistentTileSchedulerILi192ELi128ELi384ELi128ELb0ELb1ELb1ELb1ELb0ELb1EEEEEEEEEvNT_6ParamsE,L2_cache_stats_breakdown[GLOBAL_ACC_R][TOTAL_ACCESS],1777.0,1777.0,\s+L2_cache_stats_breakdown\[GLOBAL_ACC_R\]\[TOTAL_ACCESS\]\s*=\s*(.*)
kernel,llm_layer,layer,H100-SASS-Accelwattch_SASS_SIM,_ZN2at6native29vectorized_elementwise_kernelILi4ENS0_11FillFunctorIiEESt5arrayIPcLm1EEEEviT0_T1_,L2_cache_stats_breakdown[GLOBAL_ACC_R][TOTAL_ACCESS],0.0,0.0,\s+L2_cache_stats_breakdown\[GLOBAL_ACC_R\]\[TOTAL_ACCESS\]\s*=\s*(.*)
kernel,llm_layer,layer,H100-SASS-Accelwattch_SASS_SIM,nvjet_sm90_tst_64x8_64x16_4x2_h_bz_TNT,L2_cache_stats_breakdown[GLOBAL_ACC_R][TOTAL_ACCESS],51360.0,51360.0,\s+L2_cache_stats_breakdown\[GLOBAL_ACC_R\]\[TOTAL_ACCESS\]\s*=\s*(.*)
kernel,llm_layer,layer,H100-SASS-Accelwattch_SASS_SIM,nvjet_sm90_tst_128x16_64x11_4x1_v_bz_TNT,L2_cache_stats_breakdown[GLOBAL_ACC_R][TOTAL_ACCESS],548857.0,548857.0,\s+L2_cache_stats_breakdown\[GLOBAL_ACC_R\]\[TOTAL_ACCESS\]\s*=\s*(.*)
kernel,llm_layer,layer,H100-SASS-Accelwattch_SASS_SIM,_ZN4vllm18act_and_mul_kernelIN3c108BFloat16E14__nv_bfloat162XadL_ZNS_11silu_kernelIS2_EET_RKS5_fEEXadL_ZNS_18packed_silu_kernelIS3_EES5_S7_fEELb1ELb1ELb0ELb0EEEvPS5_PS6_ifff,L2_cache_stats_breakdown[GLOBAL_ACC_R][TOTAL_ACCESS],10336.0,10336.0,\s+L2_cache_stats_breakdown\[GLOBAL_ACC_R\]\[TOTAL_ACCESS\]\s*=\s*(.*)
kernel,llm_layer,layer,H100-SASS-Accelwattch_SASS_SIM,nvjet_sm90_tst_64x16_64x16_4x1_v_bz_splitK_TNT,L2_cache_stats_breakdown[GLOBAL_ACC_R][TOTAL_ACCESS],279161.0,279161.0,\s+L2_cache_stats_breakdown\[GLOBAL_ACC_R\]\[TOTAL_ACCESS\]\s*=\s*(.*)
kernel,llm_layer,layer,H100-SASS-Accelwattch_SASS_SIM,_ZN8cublasLt19splitKreduce_kernelILi32ELi16Eif13__nv_bfloat16fS1_Lb0EfS1_S1_Lb1ELb0ELb0ELb0EEEvNS_18cublasSplitKParamsIT4_EEPKT2_PKT8_PT7_PT3_PKS3_SG_PKT9_S7_PSH_PvlPS3_PiSM_SM_SG_SG_SG_SG_SG_,L2_cache_stats_breakdown[GLOBAL_ACC_R][TOTAL_ACCESS],5712.0,5712.0,\s+L2_cache_stats_breakdown\[GLOBAL_ACC_R\]\[TOTAL_ACCESS\]\s*=\s*(.*)
kernel,llm_layer,layer,H100-SASS-Accelwattch_SASS_SIM,nvjet_sm90_tst_64x8_64x16_4x1_v_bz_bias_TNT,L2_cache_stats_breakdown[GLOBAL_ACC_R][TOTAL_ACCESS],452872.0,452872.0,\s+L2_cache_stats_breakdown\[GLOBAL_ACC_R\]\[TOTAL_ACCESS\]\s*=\s*(.*)
kernel,llm_layer,layer,H100-SASS-Accelwattch_SASS_SIM,_ZN7cutlass13device_kernelIN5flash20enable_sm90_or_laterINS1_16FlashAttnFwdSm90INS1_25CollectiveMainloopFwdSm90ILi2EN4cute5tupleIJNS5_1CILi1EEES8_S8_EEENS6_IJNS7_ILi64EEENS7_ILi192EEESA_EEELi64ENS_10bfloat16_tEfNS_4arch4Sm90ELb0ELb0ELb0ELb1ELb1ELb0ELb0ELb1ELb1ELb1ELb0ELb0ESD_Li1EEENS1_21CollectiveEpilogueFwdINS6_IJSA_SA_SB_EEES9_SD_SF_Li128ELb1ELb1ELb0ELb0ELi1EEENS1_36VarlenDynamicPersistentTileSchedulerILi64ELi192ELi128ELi128ELb0ELb1ELb1ELb0ELb0ELb1EEEEEEEEEvNT_6ParamsE,L2_cache_stats_breakdown[GLOBAL_ACC_R][TOTAL_ACCESS],6671.0,6671.0,\s+L2_cache_stats_breakdown\[GLOBAL_ACC_R\]\[TOTAL_ACCESS\]\s*=\s*(.*)
kernel,llm_layer,layer,H100-SASS-Accelwattch_SASS_SIM,nvjet_sm90_tst_64x8_64x16_4x1_v_bz_TNT,L2_cache_stats_breakdown[GLOBAL_ACC_R][TOTAL_ACCESS],351792.0,351792.0,\s+L2_cache_stats_breakdown\[GLOBAL_ACC_R\]\[TOTAL_ACCESS\]\s*=\s*(.*)
kernel,llm_layer,layer,H100-SASS-Accelwattch_SASS_SIM,nvjet_sm90_tst_128x8_64x12_4x1_v_bz_TNT,L2_cache_stats_breakdown[GLOBAL_ACC_R][TOTAL_ACCESS],3815833.0,3815833.0,\s+L2_cache_stats_breakdown\[GLOBAL_ACC_R\]\[TOTAL_ACCESS\]\s*=\s*(.*)
kernel,llm_layer,layer,H100-SASS-Accelwattch_SASS_SIM,nvjet_sm90_tst_64x8_64x16_4x1_v_bz_splitK_TNT,L2_cache_stats_breakdown[GLOBAL_ACC_R][TOTAL_ACCESS],1910599.0,1910599.0,\s+L2_cache_stats_breakdown\[GLOBAL_ACC_R\]\[TOTAL_ACCESS\]\s*=\s*(.*)
kernel,llm_layer,layer,H100-SASS-Accelwattch_SASS_SIM,_ZN4vllm25fused_add_rms_norm_kernelIN3c108BFloat16ELi8ELb1EEENSt9enable_ifIXaagtT0_Li0Esr4vllm12_typeConvertIT_EE6existsEvE4typeEPS4_lS7_PKS4_fiil,L2_cache_stats_breakdown[GLOBAL_ACC_W][HIT],3808.0,3808.0,\s+L2_cache_stats_breakdown\[GLOBAL_ACC_W\]\[HIT\]\s*=\s*(.*)
kernel,llm_layer,layer,H100-SASS-Accelwattch_SASS_SIM,nvjet_sm90_tst_64x8_64x16_4x2_h_bz_bias_TNT,L2_cache_stats_breakdown[GLOBAL_ACC_W][HIT],0.0,0.0,\s+L2_cache_stats_breakdown\[GLOBAL_ACC_W\]\[HIT\]\s*=\s*(.*)
kernel,llm_layer,layer,H100-SASS-Accelwattch_SASS_SIM,_ZN4vllm23rotary_embedding_kernelIN3c108BFloat16ES2_Lb1EEEvPKlPT_S6_PKT0_illliiilb,L2_cache_stats_breakdown[GLOBAL_ACC_W][HIT],1088.0,1088.0,\s+L2_cache_stats_breakdown\[GLOBAL_ACC_W\]\[HIT\]\s*=\s*(.*)
kernel,llm_layer,layer,H100-SASS-Accelwattch_SASS_SIM,_ZN4vllm30reshape_and_cache_flash_kernelI13__nv_bfloat16S1_LNS_18Fp8KVCacheDataTypeE0EEEvPKT_S5_PT0_S7_PKlllllliiiPKfSB_i,L2_cache_stats_breakdown[GLOBAL_ACC_W][HIT],0.0,0.0,\s+L2_cache_stats_breakdown\[GLOBAL_ACC_W\]\[HIT\]\s*=\s*(.*)
kernel,llm_layer,layer,H100-SASS-Accelwattch_SASS_SIM,_ZN7cutlass13device_kernelIN5flash20enable_sm90_or_laterINS1_16FlashAttnFwdSm90INS1_25CollectiveMainloopFwdSm90ILi2EN4cute5tupleIJNS5_1CILi1EEES8_S8_EEENS6_IJNS7_ILi192EEENS7_ILi128EEENS7_ILi64EEEEEELi64ENS_10bfloat16_tEfNS_4arch4Sm90ELb1ELb0ELb0ELb1ELb1ELb0ELb0ELb1ELb1ELb1ELb0ELb0ESE_Li1EEENS1_21CollectiveEpilogueFwdINS6_IJSA_SC_SB_EEES9_SE_SG_Li384ELb1ELb1ELb0ELb0ELi1EEENS1_36VarlenDynamicPersistentTileSchedulerILi192ELi128ELi384ELi128ELb0ELb1ELb1ELb1ELb0ELb1EEEEEEEEEvNT_6ParamsE,L2_cache_stats_breakdown[GLOBAL_ACC_W][HIT],108.0,108.0,\s+L2_cache_stats_breakdown\[GLOBAL_ACC_W\]\[HIT\]\s*=\s*(.*)
kernel,llm_layer,layer,H100-SASS-Accelwattch_SASS_SIM,_ZN2at6native29vectorized_elementwise_kernelILi4ENS0_11FillFunctorIiEESt5arrayIPcLm1EEEEviT0_T1_,L2_cache_stats_breakdown[GLOBAL_ACC_W][HIT],7.0,7.0,\s+L2_cache_stats_breakdown\[GLOBAL_ACC_W\]\[HIT\]\s*=\s*(.*)
kernel,llm_layer,layer,H100-SASS-Accelwattch_SASS_SIM,nvjet_sm90_tst_64x8_64x16_4x2_h_bz_TNT,L2_cache_stats_breakdown[GLOBAL_ACC_W][HIT],0.0,0.0,\s+L2_cache_stats_breakdown\[GLOBAL_ACC_W\]\[HIT\]\s*=\s*(.*)
kernel,llm_layer,layer,H100-SASS-Accelwattch_SASS_SIM,nvjet_sm90_tst_128x16_64x11_4x1_v_bz_TNT,L2_cache_stats_breakdown[GLOBAL_ACC_W][HIT],0.0,0.0,\s+L2_cache_stats_breakdown\[GLOBAL_ACC_W\]\[HIT\]\s*=\s*(.*)
kernel,llm_layer,layer,H100-SASS-Accelwattch_SASS_SIM,_ZN4vllm18act_and_mul_kernelIN3c108BFloat16E14__nv_bfloat162XadL_ZNS_11silu_kernelIS2_EET_RKS5_fEEXadL_ZNS_18packed_silu_kernelIS3_EES5_S7_fEELb1ELb1ELb0ELb0EEEvPS5_PS6_ifff,L2_cache_stats_breakdown[GLOBAL_ACC_W][HIT],1692.0,1692.0,\s+L2_cache_stats_breakdown\[GLOBAL_ACC_W\]\[HIT\]\s*=\s*(.*)
kernel,llm_layer,layer,H100-SASS-Accelwattch_SASS_SIM,nvjet_sm90_tst_64x16_64x16_4x1_v_bz_splitK_TNT,L2_cache_stats_breakdown[GLOBAL_ACC_W][HIT],0.0,0.0,\s+L2_cache_stats_breakdown\[GLOBAL_ACC_W\]\[HIT\]\s*=\s*(.*)
kernel,llm_layer,layer,H100-SASS-Accelwattch_SASS_SIM,_ZN8cublasLt19splitKreduce_kernelILi32ELi16Eif13__nv_bfloat16fS1_Lb0EfS1_S1_Lb1ELb0ELb0ELb0EEEvNS_18cublasSplitKParamsIT4_EEPKT2_PKT8_PT7_PT3_PKS3_SG_PKT9_S7_PSH_PvlPS3_PiSM_SM_SG_SG_SG_SG_SG_,L2_cache_stats_breakdown[GLOBAL_ACC_W][HIT],938.0,938.0,\s+L2_cache_stats_breakdown\[GLOBAL_ACC_W\]\[HIT\]\s*=\s*(.*)
kernel,llm_layer,layer,H100-SASS-Accelwattch_SASS_SIM,nvjet_sm90_tst_64x8_64x16_4x1_v_bz_bias_TNT,L2_cache_stats_breakdown[GLOBAL_ACC_W][HIT],278.0,278.0,\s+L2_cache_stats_breakdown\[GLOBAL_ACC_W\]\[HIT\]\s*=\s*(.*)
kernel,llm_layer,layer,H100-SASS-Accelwattch_SASS_SIM,_ZN7cutlass13device_kernelIN5flash20enable_sm90_or_laterINS1_16FlashAttnFwdSm90INS1_25CollectiveMainloopFwdSm90ILi2EN4cute5tupleIJNS5_1CILi1EEES8_S8_EEENS6_IJNS7_ILi64EEENS7_ILi192EEESA_EEELi64ENS_10bfloat16_tEfNS_4arch4Sm90ELb0ELb0ELb0ELb1ELb1ELb0ELb0ELb1ELb1ELb1ELb0ELb0ESD_Li1EEENS1_21CollectiveEpilogueFwdINS6_IJSA_SA_SB_EEES9_SD_SF_Li128ELb1ELb1ELb0ELb0ELi1EEENS1_36VarlenDynamicPersistentTileSchedulerILi64ELi192ELi128ELi128ELb0ELb1ELb1ELb0ELb0ELb1EEEEEEEEEvNT_6ParamsE,L2_cache_stats_breakdown[GLOBAL_ACC_W][HIT],103.0,103.0,\s+L2_cache_stats_breakdown\[GLOBAL_ACC_W\]\[HIT\]\s*=\s*(.*)
kernel,llm_layer,layer,H100-SASS-Accelwattch_SASS_SIM,nvjet_sm90_tst_64x8_64x16_4x1_v_bz_TNT,L2_cache_stats_breakdown[GLOBAL_ACC_W][HIT],336.0,336.0,\s+L2_cache_stats_breakdown\[GLOBAL_ACC_W\]\[HIT\]\s*=\s*(.*)
kernel,llm_layer,layer,H100-SASS-Accelwattch_SASS_SIM,nvjet_sm90_tst_128x8_64x12_4x1_v_bz_TNT,L2_cache_stats_breakdown[GLOBAL_ACC_W][HIT],1128.0,1128.0,\s+L2_cache_stats_breakdown\[GLOBAL_ACC_W\]\[HIT\]\s*=\s*(.*)
kernel,llm_layer,layer,H100-SASS-Accelwattch_SASS_SIM,nvjet_sm90_tst_64x8_64x16_4x1_v_bz_splitK_TNT,L2_cache_stats_breakdown[GLOBAL_ACC_W][HIT],2280.0,2280.0,\s+L2_cache_stats_breakdown\[GLOBAL_ACC_W\]\[HIT\]\s*=\s*(.*)
kernel,llm_layer,layer,H100-SASS-Accelwattch_SASS_SIM,_ZN4vllm25fused_add_rms_norm_kernelIN3c108BFloat16ELi8ELb1EEENSt9enable_ifIXaagtT0_Li0Esr4vllm12_typeConvertIT_EE6existsEvE4typeEPS4_lS7_PKS4_fiil,L2_cache_stats_breakdown[GLOBAL_ACC_W][TOTAL_ACCESS],3808.0,3808.0,\s+L2_cache_stats_breakdown\[GLOBAL_ACC_W\]\[TOTAL_ACCESS\]\s*=\s*(.*)
kernel,llm_layer,layer,H100-SASS-Accelwattch_SASS_SIM,nvjet_sm90_tst_64x8_64x16_4x2_h_bz_bias_TNT,L2_cache_stats_breakdown[GLOBAL_ACC_W][TOTAL_ACCESS],720.0,720.0,\s+L2_cache_stats_breakdown\[GLOBAL_ACC_W\]\[TOTAL_ACCESS\]\s*=\s*(.*)
kernel,llm_layer,layer,H100-SASS-Accelwattch_SASS_SIM,_ZN4vllm23rotary_embedding_kernelIN3c108BFloat16ES2_Lb1EEEvPKlPT_S6_PKT0_illliiilb,L2_cache_stats_breakdown[GLOBAL_ACC_W][TOTAL_ACCESS],1088.0,1088.0,\s+L2_cache_stats_breakdown\[GLOBAL_ACC_W\]\[TOTAL_ACCESS\]\s*=\s*(.*)
kernel,llm_layer,layer,H100-SASS-Accelwattch_SASS_SIM,_ZN4vllm30reshape_and_cache_flash_kernelI13__nv_bfloat16S1_LNS_18Fp8KVCacheDataTypeE0EEEvPKT_S5_PT0_S7_PKlllllliiiPKfSB_i,L2_cache_stats_breakdown[GLOBAL_ACC_W][TOTAL_ACCESS],272.0,272.0,\s+L2_cache_stats_breakdown\[GLOBAL_ACC_W\]\[TOTAL_ACCESS\]\s*=\s*(.*)
kernel,llm_layer,layer,H100-SASS-Accelwattch_SASS_SIM,_ZN7cutlass13device_kernelIN5flash20enable_sm90_or_laterINS1_16FlashAttnFwdSm90INS1_25CollectiveMainloopFwdSm90ILi2EN4cute5tupleIJNS5_1CILi1EEES8_S8_EEENS6_IJNS7_ILi192EEENS7_ILi128EEENS7_ILi64EEEEEELi64ENS_10bfloat16_tEfNS_4arch4Sm90ELb1ELb0ELb0ELb1ELb1ELb0ELb0ELb1ELb1ELb1ELb0ELb0ESE_Li1EEENS1_21CollectiveEpilogueFwdINS6_IJSA_SC_SB_EEES9_SE_SG_Li384ELb1ELb1ELb0ELb0ELi1EEENS1_36VarlenDynamicPersistentTileSchedulerILi192ELi128ELi384ELi128ELb0ELb1ELb1ELb1ELb0ELb1EEEEEEEEEvNT_6ParamsE,L2_cache_stats_breakdown[GLOBAL_ACC_W][TOTAL_ACCESS],686.0,686.0,\s+L2_cache_stats_breakdown\[GLOBAL_ACC_W\]\[TOTAL_ACCESS\]\s*=\s*(.*)
kernel,llm_layer,layer,H100-SASS-Accelwattch_SASS_SIM,_ZN2at6native29vectorized_elementwise_kernelILi4ENS0_11FillFunctorIiEESt5arrayIPcLm1EEEEviT0_T1_,L2_cache_stats_breakdown[GLOBAL_ACC_W][TOTAL_ACCESS],8.0,8.0,\s+L2_cache_stats_breakdown\[GLOBAL_ACC_W\]\[TOTAL_ACCESS\]\s*=\s*(.*)
kernel,llm_layer,layer,H100-SASS-Accelwattch_SASS_SIM,nvjet_sm90_tst_64x8_64x16_4x2_h_bz_TNT,L2_cache_stats_breakdown[GLOBAL_ACC_W][TOTAL_ACCESS],560.0,560.0,\s+L2_cache_stats_breakdown\[GLOBAL_ACC_W\]\[TOTAL_ACCESS\]\s*=\s*(.*)
kernel,llm_layer,layer,H100-SASS-Accelwattch_SASS_SIM,nvjet_sm90_tst_128x16_64x11_4x1_v_bz_TNT,L2_cache_stats_breakdown[GLOBAL_ACC_W][TOTAL_ACCESS],6080.0,6080.0,\s+L2_cache_stats_breakdown\[GLOBAL_ACC_W\]\[TOTAL_ACCESS\]\s*=\s*(.*)
kernel,llm_layer,layer,H100-SASS-Accelwattch_SASS_SIM,_ZN4vllm18act_and_mul_kernelIN3c108BFloat16E14__nv_bfloat162XadL_ZNS_11silu_kernelIS2_EET_RKS5_fEEXadL_ZNS_18packed_silu_kernelIS3_EES5_S7_fEELb1ELb1ELb0ELb0EEEvPS5_PS6_ifff,L2_cache_stats_breakdown[GLOBAL_ACC_W][TOTAL_ACCESS],5168.0,5168.0,\s+L2_cache_stats_breakdown\[GLOBAL_ACC_W\]\[TOTAL_ACCESS\]\s*=\s*(.*)
kernel,llm_layer,layer,H100-SASS-Accelwattch_SASS_SIM,nvjet_sm90_tst_64x16_64x16_4x1_v_bz_splitK_TNT,L2_cache_stats_breakdown[GLOBAL_ACC_W][TOTAL_ACCESS],3360.0,3360.0,\s+L2_cache_stats_breakdown\[GLOBAL_ACC_W\]\[TOTAL_ACCESS\]\s*=\s*(.*)
kernel,llm_layer,layer,H100-SASS-Accelwattch_SASS_SIM,_ZN8cublasLt19splitKreduce_kernelILi32ELi16Eif13__nv_bfloat16fS1_Lb0EfS1_S1_Lb1ELb0ELb0ELb0EEEvNS_18cublasSplitKParamsIT4_EEPKT2_PKT8_PT7_PT3_PKS3_SG_PKT9_S7_PSH_PvlPS3_PiSM_SM_SG_SG_SG_SG_SG_,L2_cache_stats_breakdown[GLOBAL_ACC_W][TOTAL_ACCESS],952.0,952.0,\s+L2_cache_stats_breakdown\[GLOBAL_ACC_W\]\[TOTAL_ACCESS\]\s*=\s*(.*)
kernel,llm_layer,layer,H100-SASS-Accelwattch_SASS_SIM,nvjet_sm90_tst_64x8_64x16_4x1_v_bz_bias_TNT,L2_cache_stats_breakdown[GLOBAL_ACC_W][TOTAL_ACCESS],504.0,504.0,\s+L2_cache_stats_breakdown\[GLOBAL_ACC_W\]\[TOTAL_ACCESS\]\s*=\s*(.*)
kernel,llm_layer,layer,H100-SASS-Accelwattch_SASS_SIM,_ZN7cutlass13device_kernelIN5flash20enable_sm90_or_laterINS1_16FlashAttnFwdSm90INS1_25CollectiveMainloopFwdSm90ILi2EN4cute5tupleIJNS5_1CILi1EEES8_S8_EEENS6_IJNS7_ILi64EEENS7_ILi192EEESA_EEELi64ENS_10bfloat16_tEfNS_4arch4Sm90ELb0ELb0ELb0ELb1ELb1ELb0ELb0ELb1ELb1ELb1ELb0ELb0ESD_Li1EEENS1_21CollectiveEpilogueFwdINS6_IJSA_SA_SB_EEES9_SD_SF_Li128ELb1ELb1ELb0ELb0ELi1EEENS1_36VarlenDynamicPersistentTileSchedulerILi64ELi192ELi128ELi128ELb0ELb1ELb1ELb0ELb0ELb1EEEEEEEEEvNT_6ParamsE,L2_cache_stats_breakdown[GLOBAL_ACC_W][TOTAL_ACCESS],413.0,413.0,\s+L2_cache_stats_breakdown\[GLOBAL_ACC_W\]\[TOTAL_ACCESS\]\s*=\s*(.*)
kernel,llm_layer,layer,H100-SASS-Accelwattch_SASS_SIM,nvjet_sm90_tst_64x8_64x16_4x1_v_bz_TNT,L2_cache_stats_breakdown[GLOBAL_ACC_W][TOTAL_ACCESS],392.0,392.0,\s+L2_cache_stats_breakdown\[GLOBAL_ACC_W\]\[TOTAL_ACCESS\]\s*=\s*(.*)
kernel,llm_layer,layer,H100-SASS-Accelwattch_SASS_SIM,nvjet_sm90_tst_128x8_64x12_4x1_v_bz_TNT,L2_cache_stats_breakdown[GLOBAL_ACC_W][TOTAL_ACCESS],4256.0,4256.0,\s+L2_cache_stats_breakdown\[GLOBAL_ACC_W\]\[TOTAL_ACCESS\]\s*=\s*(.*)
kernel,llm_layer,layer,H100-SASS-Accelwattch_SASS_SIM,nvjet_sm90_tst_64x8_64x16_4x1_v_bz_splitK_TNT,L2_cache_stats_breakdown[GLOBAL_ACC_W][TOTAL_ACCESS],2352.0,2352.0,\s+L2_cache_stats_breakdown\[GLOBAL_ACC_W\]\[TOTAL_ACCESS\]\s*=\s*(.*)
kernel,llm_layer,layer,H100-SASS-Accelwattch_SASS_SIM,_ZN4vllm25fused_add_rms_norm_kernelIN3c108BFloat16ELi8ELb1EEENSt9enable_ifIXaagtT0_Li0Esr4vllm12_typeConvertIT_EE6existsEvE4typeEPS4_lS7_PKS4_fiil,L2_cache_stats_breakdown[CHIPLET_ACC_R][HIT],737.0,737.0,\s+L2_cache_stats_breakdown\[CHIPLET_ACC_R\]\[HIT\]\s*=\s*(.*)
kernel,llm_layer,layer,H100-SASS-Accelwattch_SASS_SIM,nvjet_sm90_tst_64x8_64x16_4x2_h_bz_bias_TNT,L2_cache_stats_breakdown[CHIPLET_ACC_R][HIT],0.0,0.0,\s+L2_cache_stats_breakdown\[CHIPLET_ACC_R\]\[HIT\]\s*=\s*(.*)
kernel,llm_layer,layer,H100-SASS-Accelwattch_SASS_SIM,_ZN4vllm23rotary_embedding_kernelIN3c108BFloat16ES2_Lb1EEEvPKlPT_S6_PKT0_illliiilb,L2_cache_stats_breakdown[CHIPLET_ACC_R][HIT],2.0,2.0,\s+L2_cache_stats_breakdown\[CHIPLET_ACC_R\]\[HIT\]\s*=\s*(.*)
kernel,llm_layer,layer,H100-SASS-Accelwattch_SASS_SIM,_ZN4vllm30reshape_and_cache_flash_kernelI13__nv_bfloat16S1_LNS_18Fp8KVCacheDataTypeE0EEEvPKT_S5_PT0_S7_PKlllllliiiPKfSB_i,L2_cache_stats_breakdown[CHIPLET_ACC_R][HIT],2.0,2.0,\s+L2_cache_stats_breakdown\[CHIPLET_ACC_R\]\[HIT\]\s*=\s*(.*)
kernel,llm_layer,layer,H100-SASS-Accelwattch_SASS_SIM,_ZN7cutlass13device_kernelIN5flash20enable_sm90_or_laterINS1_16FlashAttnFwdSm90INS1_25CollectiveMainloopFwdSm90ILi2EN4cute5tupleIJNS5_1CILi1EEES8_S8_EEENS6_IJNS7_ILi192EEENS7_ILi128EEENS7_ILi64EEEEEELi64ENS_10bfloat16_tEfNS_4arch4Sm90ELb1ELb0ELb0ELb1ELb1ELb0ELb0ELb1ELb1ELb1ELb0ELb0ESE_Li1EEENS1_21CollectiveEpilogueFwdINS6_IJSA_SC_SB_EEES9_SE_SG_Li384ELb1ELb1ELb0ELb0ELi1EEENS1_36VarlenDynamicPersistentTileSchedulerILi192ELi128ELi384ELi128ELb0ELb1ELb1ELb1ELb0ELb1EEEEEEEEEvNT_6ParamsE,L2_cache_stats_breakdown[CHIPLET_ACC_R][HIT],1.0,1.0,\s+L2_cache_stats_breakdown\[CHIPLET_ACC_R\]\[HIT\]\s*=\s*(.*)
kernel,llm_layer,layer,H100-SASS-Accelwattch_SASS_SIM,_ZN2at6native29vectorized_elementwise_kernelILi4ENS0_11FillFunctorIiEESt5arrayIPcLm1EEEEviT0_T1_,L2_cache_stats_breakdown[CHIPLET_ACC_R][HIT],0.0,0.0,\s+L2_cache_stats_breakdown\[CHIPLET_ACC_R\]\[HIT\]\s*=\s*(.*)
kernel,llm_layer,layer,H100-SASS-Accelwattch_SASS_SIM,nvjet_sm90_tst_64x8_64x16_4x2_h_bz_TNT,L2_cache_stats_breakdown[CHIPLET_ACC_R][HIT],0.0,0.0,\s+L2_cache_stats_breakdown\[CHIPLET_ACC_R\]\[HIT\]\s*=\s*(.*)
kernel,llm_layer,layer,H100-SASS-Accelwattch_SASS_SIM,nvjet_sm90_tst_128x16_64x11_4x1_v_bz_TNT,L2_cache_stats_breakdown[CHIPLET_ACC_R][HIT],0.0,0.0,\s+L2_cache_stats_breakdown\[CHIPLET_ACC_R\]\[HIT\]\s*=\s*(.*)
kernel,llm_layer,layer,H100-SASS-Accelwattch_SASS_SIM,_ZN4vllm18act_and_mul_kernelIN3c108BFloat16E14__nv_bfloat162XadL_ZNS_11silu_kernelIS2_EET_RKS5_fEEXadL_ZNS_18packed_silu_kernelIS3_EES5_S7_fEELb1ELb1ELb0ELb0EEEvPS5_PS6_ifff,L2_cache_stats_breakdown[CHIPLET_ACC_R][HIT],230.0,230.0,\s+L2_cache_stats_breakdown\[CHIPLET_ACC_R\]\[HIT\]\s*=\s*(.*)
kernel,llm_layer,layer,H100-SASS-Accelwattch_SASS_SIM,nvjet_sm90_tst_64x16_64x16_4x1_v_bz_splitK_TNT,L2_cache_stats_breakdown[CHIPLET_ACC_R][HIT],0.0,0.0,\s+L2_cache_stats_breakdown\[CHIPLET_ACC_R\]\[HIT\]\s*=\s*(.*)
kernel,llm_layer,layer,H100-SASS-Accelwattch_SASS_SIM,_ZN8cublasLt19splitKreduce_kernelILi32ELi16Eif13__nv_bfloat16fS1_Lb0EfS1_S1_Lb1ELb0ELb0ELb0EEEvNS_18cublasSplitKParamsIT4_EEPKT2_PKT8_PT7_PT3_PKS3_SG_PKT9_S7_PSH_PvlPS3_PiSM_SM_SG_SG_SG_SG_SG_,L2_cache_stats_breakdown[CHIPLET_ACC_R][HIT],72.0,72.0,\s+L2_cache_stats_breakdown\[CHIPLET_ACC_R\]\[HIT\]\s*=\s*(.*)
kernel,llm_layer,layer,H100-SASS-Accelwattch_SASS_SIM,nvjet_sm90_tst_64x8_64x16_4x1_v_bz_bias_TNT,L2_cache_stats_breakdown[CHIPLET_ACC_R][HIT],97696.0,97696.0,\s+L2_cache_stats_breakdown\[CHIPLET_ACC_R\]\[HIT\]\s*=\s*(.*)
kernel,llm_layer,layer,H100-SASS-Accelwattch_SASS_SIM,_ZN7cutlass13device_kernelIN5flash20enable_sm90_or_laterINS1_16FlashAttnFwdSm90INS1_25CollectiveMainloopFwdSm90ILi2EN4cute5tupleIJNS5_1CILi1EEES8_S8_EEENS6_IJNS7_ILi64EEENS7_ILi192EEESA_EEELi64ENS_10bfloat16_tEfNS_4arch4Sm90ELb0ELb0ELb0ELb1ELb1ELb0ELb0ELb1ELb1ELb1ELb0ELb0ESD_Li1EEENS1_21CollectiveEpilogueFwdINS6_IJSA_SA_SB_EEES9_SD_SF_Li128ELb1ELb1ELb0ELb0ELi1EEENS1_36VarlenDynamicPersistentTileSchedulerILi64ELi192ELi128ELi128ELb0ELb1ELb1ELb0ELb0ELb1EEEEEEEEEvNT_6ParamsE,L2_cache_stats_breakdown[CHIPLET_ACC_R][HIT],887.0,887.0,\s+L2_cache_stats_breakdown\[CHIPLET_ACC_R\]\[HIT\]\s*=\s*(.*)
kernel,llm_layer,layer,H100-SASS-Accelwattch_SASS_SIM,nvjet_sm90_tst_64x8_64x16_4x1_v_bz_TNT,L2_cache_stats_breakdown[CHIPLET_ACC_R][HIT],82196.0,82196.0,\s+L2_cache_stats_breakdown\[CHIPLET_ACC_R\]\[HIT\]\s*=\s*(.*)
kernel,llm_layer,layer,H100-SASS-Accelwattch_SASS_SIM,nvjet_sm90_tst_128x8_64x12_4x1_v_bz_TNT,L2_cache_stats_breakdown[CHIPLET_ACC_R][HIT],1012260.0,1012260.0,\s+L2_cache_stats_breakdown\[CHIPLET_ACC_R\]\[HIT\]\s*=\s*(.*)
kernel,llm_layer,layer,H100-SASS-Accelwattch_SASS_SIM,nvjet_sm90_tst_64x8_64x16_4x1_v_bz_splitK_TNT,L2_cache_stats_breakdown[CHIPLET_ACC_R][HIT],439160.0,439160.0,\s+L2_cache_stats_breakdown\[CHIPLET_ACC_R\]\[HIT\]\s*=\s*(.*)
kernel,llm_layer,layer,H100-SASS-Accelwattch_SASS_SIM,_ZN4vllm25fused_add_rms_norm_kernelIN3c108BFloat16ELi8ELb1EEENSt9enable_ifIXaagtT0_Li0Esr4vllm12_typeConvertIT_EE6existsEvE4typeEPS4_lS7_PKS4_fiil,L2_cache_stats_breakdown[CHIPLET_ACC_R][TOTAL_ACCESS],1429.0,1429.0,\s+L2_cache_stats_breakdown\[CHIPLET_ACC_R\]\[TOTAL_ACCESS\]\s*=\s*(.*)
kernel,llm_layer,layer,H100-SASS-Accelwattch_SASS_SIM,nvjet_sm90_tst_64x8_64x16_4x2_h_bz_bias_TNT,L2_cache_stats_breakdown[CHIPLET_ACC_R][TOTAL_ACCESS],32328.0,32328.0,\s+L2_cache_stats_breakdown\[CHIPLET_ACC_R\]\[TOTAL_ACCESS\]\s*=\s*(.*)
kernel,llm_layer,layer,H100-SASS-Accelwattch_SASS_SIM,_ZN4vllm23rotary_embedding_kernelIN3c108BFloat16ES2_Lb1EEEvPKlPT_S6_PKT0_illliiilb,L2_cache_stats_breakdown[CHIPLET_ACC_R][TOTAL_ACCESS],65.0,65.0,\s+L2_cache_stats_breakdown\[CHIPLET_ACC_R\]\[TOTAL_ACCESS\]\s*=\s*(.*)
kernel,llm_layer,layer,H100-SASS-Accelwattch_SASS_SIM,_ZN4vllm30reshape_and_cache_flash_kernelI13__nv_bfloat16S1_LNS_18Fp8KVCacheDataTypeE0EEEvPKT_S5_PT0_S7_PKlllllliiiPKfSB_i,L2_cache_stats_breakdown[CHIPLET_ACC_R][TOTAL_ACCESS],4.0,4.0,\s+L2_cache_stats_breakdown\[CHIPLET_ACC_R\]\[TOTAL_ACCESS\]\s*=\s*(.*)
kernel,llm_layer,layer,H100-SASS-Accelwattch_SASS_SIM,_ZN7cutlass13device_kernelIN5flash20enable_sm90_or_laterINS1_16FlashAttnFwdSm90INS1_25CollectiveMainloopFwdSm90ILi2EN4cute5tupleIJNS5_1CILi1EEES8_S8_EEENS6_IJNS7_ILi192EEENS7_ILi128EEENS7_ILi64EEEEEELi64ENS_10bfloat16_tEfNS_4arch4Sm90ELb1ELb0ELb0ELb1ELb1ELb0ELb0ELb1ELb1ELb1ELb0ELb0ESE_Li1EEENS1_21CollectiveEpilogueFwdINS6_IJSA_SC_SB_EEES9_SE_SG_Li384ELb1ELb1ELb0ELb0ELi1EEENS1_36VarlenDynamicPersistentTileSchedulerILi192ELi128ELi384ELi128ELb0ELb1ELb1ELb1ELb0ELb1EEEEEEEEEvNT_6ParamsE,L2_cache_stats_breakdown[CHIPLET_ACC_R][TOTAL_ACCESS],290.0,290.0,\s+L2_cache_stats_breakdown\[CHIPLET_ACC_R\]\[TOTAL_ACCESS\]\s*=\s*(.*)
kernel,llm_layer,layer,H100-SASS-Accelwattch_SASS_SIM,_ZN2at6native29vectorized_elementwise_kernelILi4ENS0_11FillFunctorIiEESt5arrayIPcLm1EEEEviT0_T1_,L2_cache_stats_breakdown[CHIPLET_ACC_R][TOTAL_ACCESS],0.0,0.0,\s+L2_cache_stats_breakdown\[CHIPLET_ACC_R\]\[TOTAL_ACCESS\]\s*=\s*(.*)
kernel,llm_layer,layer,H100-SASS-Accelwattch_SASS_SIM,nvjet_sm90_tst_64x8_64x16_4x2_h_bz_TNT,L2_cache_stats_breakdown[CHIPLET_ACC_R][TOTAL_ACCESS],25856.0,25856.0,\s+L2_cache_stats_breakdown\[CHIPLET_ACC_R\]\[TOTAL_ACCESS\]\s*=\s*(.*)
kernel,llm_layer,layer,H100-SASS-Accelwattch_SASS_SIM,nvjet_sm90_tst_128x16_64x11_4x1_v_bz_TNT,L2_cache_stats_breakdown[CHIPLET_ACC_R][TOTAL_ACCESS],272384.0,272384.0,\s+L2_cache_stats_breakdown\[CHIPLET_ACC_R\]\[TOTAL_ACCESS\]\s*=\s*(.*)
kernel,llm_layer,layer,H100-SASS-Accelwattch_SASS_SIM,_ZN4vllm18act_and_mul_kernelIN3c108BFloat16E14__nv_bfloat162XadL_ZNS_11silu_kernelIS2_EET_RKS5_fEEXadL_ZNS_18packed_silu_kernelIS3_EES5_S7_fEELb1ELb1ELb0ELb0EEEvPS5_PS6_ifff,L2_cache_stats_breakdown[CHIPLET_ACC_R][TOTAL_ACCESS],230.0,230.0,\s+L2_cache_stats_breakdown\[CHIPLET_ACC_R\]\[TOTAL_ACCESS\]\s*=\s*(.*)
kernel,llm_layer,layer,H100-SASS-Accelwattch_SASS_SIM,nvjet_sm90_tst_64x16_64x16_4x1_v_bz_splitK_TNT,L2_cache_stats_breakdown[CHIPLET_ACC_R][TOTAL_ACCESS],136192.0,136192.0,\s+L2_cache_stats_breakdown\[CHIPLET_ACC_R\]\[TOTAL_ACCESS\]\s*=\s*(.*)
kernel,llm_layer,layer,H100-SASS-Accelwattch_SASS_SIM,_ZN8cublasLt19splitKreduce_kernelILi32ELi16Eif13__nv_bfloat16fS1_Lb0EfS1_S1_Lb1ELb0ELb0ELb0EEEvNS_18cublasSplitKParamsIT4_EEPKT2_PKT8_PT7_PT3_PKS3_SG_PKT9_S7_PSH_PvlPS3_PiSM_SM_SG_SG_SG_SG_SG_,L2_cache_stats_breakdown[CHIPLET_ACC_R][TOTAL_ACCESS],72.0,72.0,\s+L2_cache_stats_breakdown\[CHIPLET_ACC_R\]\[TOTAL_ACCESS\]\s*=\s*(.*)
kernel,llm_layer,layer,H100-SASS-Accelwattch_SASS_SIM,nvjet_sm90_tst_64x8_64x16_4x1_v_bz_bias_TNT,L2_cache_stats_breakdown[CHIPLET_ACC_R][TOTAL_ACCESS],103052.0,103052.0,\s+L2_cache_stats_breakdown\[CHIPLET_ACC_R\]\[TOTAL_ACCESS\]\s*=\s*(.*)
kernel,llm_layer,layer,H100-SASS-Accelwattch_SASS_SIM,_ZN7cutlass13device_kernelIN5flash20enable_sm90_or_laterINS1_16FlashAttnFwdSm90INS1_25CollectiveMainloopFwdSm90ILi2EN4cute5tupleIJNS5_1CILi1EEES8_S8_EEENS6_IJNS7_ILi64EEENS7_ILi192EEESA_EEELi64ENS_10bfloat16_tEfNS_4arch4Sm90ELb0ELb0ELb0ELb1ELb1ELb0ELb0ELb1ELb1ELb1ELb0ELb0ESD_Li1EEENS1_21CollectiveEpilogueFwdINS6_IJSA_SA_SB_EEES9_SD_SF_Li128ELb1ELb1ELb0ELb0ELi1EEENS1_36VarlenDynamicPersistentTileSchedulerILi64ELi192ELi128ELi128ELb0ELb1ELb1ELb0ELb0ELb1EEEEEEEEEvNT_6ParamsE,L2_cache_stats_breakdown[CHIPLET_ACC_R][TOTAL_ACCESS],1267.0,1267.0,\s+L2_cache_stats_breakdown\[CHIPLET_ACC_R\]\[TOTAL_ACCESS\]\s*=\s*(.*)
kernel,llm_layer,layer,H100-SASS-Accelwattch_SASS_SIM,nvjet_sm90_tst_64x8_64x16_4x1_v_bz_TNT,L2_cache_stats_breakdown[CHIPLET_ACC_R][TOTAL_ACCESS],85500.0,85500.0,\s+L2_cache_stats_breakdown\[CHIPLET_ACC_R\]\[TOTAL_ACCESS\]\s*=\s*(.*)
kernel,llm_layer,layer,H100-SASS-Accelwattch_SASS_SIM,nvjet_sm90_tst_128x8_64x12_4x1_v_bz_TNT,L2_cache_stats_breakdown[CHIPLET_ACC_R][TOTAL_ACCESS],1046392.0,1046392.0,\s+L2_cache_stats_breakdown\[CHIPLET_ACC_R\]\[TOTAL_ACCESS\]\s*=\s*(.*)
kernel,llm_layer,layer,H100-SASS-Accelwattch_SASS_SIM,nvjet_sm90_tst_64x8_64x16_4x1_v_bz_splitK_TNT,L2_cache_stats_breakdown[CHIPLET_ACC_R][TOTAL_ACCESS],504136.0,504136.0,\s+L2_cache_stats_breakdown\[CHIPLET_ACC_R\]\[TOTAL_ACCESS\]\s*=\s*(.*)
kernel,llm_layer,layer,H100-SASS-Accelwattch_SASS_SIM,_ZN4vllm25fused_add_rms_norm_kernelIN3c108BFloat16ELi8ELb1EEENSt9enable_ifIXaagtT0_Li0Esr4vllm12_typeConvertIT_EE6existsEvE4typeEPS4_lS7_PKS4_fiil,L2_cache_stats_breakdown[CHIPLET_ACC_W][HIT],0.0,0.0,\s+L2_cache_stats_breakdown\[CHIPLET_ACC_W\]\[HIT\]\s*=\s*(.*)
kernel,llm_layer,layer,H100-SASS-Accelwattch_SASS_SIM,nvjet_sm90_tst_64x8_64x16_4x2_h_bz_bias_TNT,L2_cache_stats_breakdown[CHIPLET_ACC_W][HIT],0.0,0.0,\s+L2_cache_stats_breakdown\[CHIPLET_ACC_W\]\[HIT\]\s*=\s*(.*)
kernel,llm_layer,layer,H100-SASS-Accelwattch_SASS_SIM,_ZN4vllm23rotary_embedding_kernelIN3c108BFloat16ES2_Lb1EEEvPKlPT_S6_PKT0_illliiilb,L2_cache_stats_breakdown[CHIPLET_ACC_W][HIT],0.0,0.0,\s+L2_cache_stats_breakdown\[CHIPLET_ACC_W\]\[HIT\]\s*=\s*(.*)
kernel,llm_layer,layer,H100-SASS-Accelwattch_SASS_SIM,_ZN4vllm30reshape_and_cache_flash_kernelI13__nv_bfloat16S1_LNS_18Fp8KVCacheDataTypeE0EEEvPKT_S5_PT0_S7_PKlllllliiiPKfSB_i,L2_cache_stats_breakdown[CHIPLET_ACC_W][HIT],0.0,0.0,\s+L2_cache_stats_breakdown\[CHIPLET_ACC_W\]\[HIT\]\s*=\s*(.*)
kernel,llm_layer,layer,H100-SASS-Accelwattch_SASS_SIM,_ZN7cutlass13device_kernelIN5flash20enable_sm90_or_laterINS1_16FlashAttnFwdSm90INS1_25CollectiveMainloopFwdSm90ILi2EN4cute5tupleIJNS5_1CILi1EEES8_S8_EEENS6_IJNS7_ILi192EEENS7_ILi128EEENS7_ILi64EEEEEELi64ENS_10bfloat16_tEfNS_4arch4Sm90ELb1ELb0ELb0ELb1ELb1ELb0ELb0ELb1ELb1ELb1ELb0ELb0ESE_Li1EEENS1_21CollectiveEpilogueFwdINS6_IJSA_SC_SB_EEES9_SE_SG_Li384ELb1ELb1ELb0ELb0ELi1EEENS1_36VarlenDynamicPersistentTileSchedulerILi192ELi128ELi384ELi128ELb0ELb1ELb1ELb1ELb0ELb1EEEEEEEEEvNT_6ParamsE,L2_cache_stats_breakdown[CHIPLET_ACC_W][HIT],0.0,0.0,\s+L2_cache_stats_breakdown\[CHIPLET_ACC_W\]\[HIT\]\s*=\s*(.*)
kernel,llm_layer,layer,H100-SASS-Accelwattch_SASS_SIM,_ZN2at6native29vectorized_elementwise_kernelILi4ENS0_11FillFunctorIiEESt5arrayIPcLm1EEEEviT0_T1_,L2_cache_stats_breakdown[CHIPLET_ACC_W][HIT],0.0,0.0,\s+L2_cache_stats_breakdown\[CHIPLET_ACC_W\]\[HIT\]\s*=\s*(.*)
kernel,llm_layer,layer,H100-SASS-Accelwattch_SASS_SIM,nvjet_sm90_tst_64x8_64x16_4x2_h_bz_TNT,L2_cache_stats_breakdown[CHIPLET_ACC_W][HIT],0.0,0.0,\s+L2_cache_stats_breakdown\[CHIPLET_ACC_W\]\[HIT\]\s*=\s*(.*)
kernel,llm_layer,layer,H100-SASS-Accelwattch_SASS_SIM,nvjet_sm90_tst_128x16_64x11_4x1_v_bz_TNT,L2_cache_stats_breakdown[CHIPLET_ACC_W][HIT],0.0,0.0,\s+L2_cache_stats_breakdown\[CHIPLET_ACC_W\]\[HIT\]\s*=\s*(.*)
kernel,llm_layer,layer,H100-SASS-Accelwattch_SASS_SIM,_ZN4vllm18act_and_mul_kernelIN3c108BFloat16E14__nv_bfloat162XadL_ZNS_11silu_kernelIS2_EET_RKS5_fEEXadL_ZNS_18packed_silu_kernelIS3_EES5_S7_fEELb1ELb1ELb0ELb0EEEvPS5_PS6_ifff,L2_cache_stats_breakdown[CHIPLET_ACC_W][HIT],0.0,0.0,\s+L2_cache_stats_breakdown\[CHIPLET_ACC_W\]\[HIT\]\s*=\s*(.*)
kernel,llm_layer,layer,H100-SASS-Accelwattch_SASS_SIM,nvjet_sm90_tst_64x16_64x16_4x1_v_bz_splitK_TNT,L2_cache_stats_breakdown[CHIPLET_ACC_W][HIT],0.0,0.0,\s+L2_cache_stats_breakdown\[CHIPLET_ACC_W\]\[HIT\]\s*=\s*(.*)
kernel,llm_layer,layer,H100-SASS-Accelwattch_SASS_SIM,_ZN8cublasLt19splitKreduce_kernelILi32ELi16Eif13__nv_bfloat16fS1_Lb0EfS1_S1_Lb1ELb0ELb0ELb0EEEvNS_18cublasSplitKParamsIT4_EEPKT2_PKT8_PT7_PT3_PKS3_SG_PKT9_S7_PSH_PvlPS3_PiSM_SM_SG_SG_SG_SG_SG_,L2_cache_stats_breakdown[CHIPLET_ACC_W][HIT],0.0,0.0,\s+L2_cache_stats_breakdown\[CHIPLET_ACC_W\]\[HIT\]\s*=\s*(.*)
kernel,llm_layer,layer,H100-SASS-Accelwattch_SASS_SIM,nvjet_sm90_tst_64x8_64x16_4x1_v_bz_bias_TNT,L2_cache_stats_breakdown[CHIPLET_ACC_W][HIT],0.0,0.0,\s+L2_cache_stats_breakdown\[CHIPLET_ACC_W\]\[HIT\]\s*=\s*(.*)
kernel,llm_layer,layer,H100-SASS-Accelwattch_SASS_SIM,_ZN7cutlass13device_kernelIN5flash20enable_sm90_or_laterINS1_16FlashAttnFwdSm90INS1_25CollectiveMainloopFwdSm90ILi2EN4cute5tupleIJNS5_1CILi1EEES8_S8_EEENS6_IJNS7_ILi64EEENS7_ILi192EEESA_EEELi64ENS_10bfloat16_tEfNS_4arch4Sm90ELb0ELb0ELb0ELb1ELb1ELb0ELb0ELb1ELb1ELb1ELb0ELb0ESD_Li1EEENS1_21CollectiveEpilogueFwdINS6_IJSA_SA_SB_EEES9_SD_SF_Li128ELb1ELb1ELb0ELb0ELi1EEENS1_36VarlenDynamicPersistentTileSchedulerILi64ELi192ELi128ELi128ELb0ELb1ELb1ELb0ELb0ELb1EEEEEEEEEvNT_6ParamsE,L2_cache_stats_breakdown[CHIPLET_ACC_W][HIT],0.0,0.0,\s+L2_cache_stats_breakdown\[CHIPLET_ACC_W\]\[HIT\]\s*=\s*(.*)
kernel,llm_layer,layer,H100-SASS-Accelwattch_SASS_SIM,nvjet_sm90_tst_64x8_64x16_4x1_v_bz_TNT,L2_cache_stats_breakdown[CHIPLET_ACC_W][HIT],0.0,0.0,\s+L2_cache_stats_breakdown\[CHIPLET_ACC_W\]\[HIT\]\s*=\s*(.*)
kernel,llm_layer,layer,H100-SASS-Accelwattch_SASS_SIM,nvjet_sm90_tst_128x8_64x12_4x1_v_bz_TNT,L2_cache_stats_breakdown[CHIPLET_ACC_W][HIT],0.0,0.0,\s+L2_cache_stats_breakdown\[CHIPLET_ACC_W\]\[HIT\]\s*=\s*(.*)
kernel,llm_layer,layer,H100-SASS-Accelwattch_SASS_SIM,nvjet_sm90_tst_64x8_64x16_4x1_v_bz_splitK_TNT,L2_cache_stats_breakdown[CHIPLET_ACC_W][HIT],0.0,0.0,\s+L2_cache_stats_breakdown\[CHIPLET_ACC_W\]\[HIT\]\s*=\s*(.*)
kernel,llm_layer,layer,H100-SASS-Accelwattch_SASS_SIM,_ZN4vllm25fused_add_rms_norm_kernelIN3c108BFloat16ELi8ELb1EEENSt9enable_ifIXaagtT0_Li0Esr4vllm12_typeConvertIT_EE6existsEvE4typeEPS4_lS7_PKS4_fiil,L2_cache_stats_breakdown[CHIPLET_ACC_W][TOTAL_ACCESS],,NA,\s+L2_cache_stats_breakdown\[CHIPLET_ACC_W\]\[TOTAL_ACCESS\]\s*=\s*(.*)
kernel,llm_layer,layer,H100-SASS-Accelwattch_SASS_SIM,nvjet_sm90_tst_64x8_64x16_4x2_h_bz_bias_TNT,L2_cache_stats_breakdown[CHIPLET_ACC_W][TOTAL_ACCESS],,NA,\s+L2_cache_stats_breakdown\[CHIPLET_ACC_W\]\[TOTAL_ACCESS\]\s*=\s*(.*)
kernel,llm_layer,layer,H100-SASS-Accelwattch_SASS_SIM,_ZN4vllm23rotary_embedding_kernelIN3c108BFloat16ES2_Lb1EEEvPKlPT_S6_PKT0_illliiilb,L2_cache_stats_breakdown[CHIPLET_ACC_W][TOTAL_ACCESS],,NA,\s+L2_cache_stats_breakdown\[CHIPLET_ACC_W\]\[TOTAL_ACCESS\]\s*=\s*(.*)
kernel,llm_layer,layer,H100-SASS-Accelwattch_SASS_SIM,_ZN4vllm30reshape_and_cache_flash_kernelI13__nv_bfloat16S1_LNS_18Fp8KVCacheDataTypeE0EEEvPKT_S5_PT0_S7_PKlllllliiiPKfSB_i,L2_cache_stats_breakdown[CHIPLET_ACC_W][TOTAL_ACCESS],,NA,\s+L2_cache_stats_breakdown\[CHIPLET_ACC_W\]\[TOTAL_ACCESS\]\s*=\s*(.*)
kernel,llm_layer,layer,H100-SASS-Accelwattch_SASS_SIM,_ZN7cutlass13device_kernelIN5flash20enable_sm90_or_laterINS1_16FlashAttnFwdSm90INS1_25CollectiveMainloopFwdSm90ILi2EN4cute5tupleIJNS5_1CILi1EEES8_S8_EEENS6_IJNS7_ILi192EEENS7_ILi128EEENS7_ILi64EEEEEELi64ENS_10bfloat16_tEfNS_4arch4Sm90ELb1ELb0ELb0ELb1ELb1ELb0ELb0ELb1ELb1ELb1ELb0ELb0ESE_Li1EEENS1_21CollectiveEpilogueFwdINS6_IJSA_SC_SB_EEES9_SE_SG_Li384ELb1ELb1ELb0ELb0ELi1EEENS1_36VarlenDynamicPersistentTileSchedulerILi192ELi128ELi384ELi128ELb0ELb1ELb1ELb1ELb0ELb1EEEEEEEEEvNT_6ParamsE,L2_cache_stats_breakdown[CHIPLET_ACC_W][TOTAL_ACCESS],,NA,\s+L2_cache_stats_breakdown\[CHIPLET_ACC_W\]\[TOTAL_ACCESS\]\s*=\s*(.*)
kernel,llm_layer,layer,H100-SASS-Accelwattch_SASS_SIM,_ZN2at6native29vectorized_elementwise_kernelILi4ENS0_11FillFunctorIiEESt5arrayIPcLm1EEEEviT0_T1_,L2_cache_stats_breakdown[CHIPLET_ACC_W][TOTAL_ACCESS],,NA,\s+L2_cache_stats_breakdown\[CHIPLET_ACC_W\]\[TOTAL_ACCESS\]\s*=\s*(.*)
kernel,llm_layer,layer,H100-SASS-Accelwattch_SASS_SIM,nvjet_sm90_tst_64x8_64x16_4x2_h_bz_TNT,L2_cache_stats_breakdown[CHIPLET_ACC_W][TOTAL_ACCESS],,NA,\s+L2_cache_stats_breakdown\[CHIPLET_ACC_W\]\[TOTAL_ACCESS\]\s*=\s*(.*)
kernel,llm_layer,layer,H100-SASS-Accelwattch_SASS_SIM,nvjet_sm90_tst_128x16_64x11_4x1_v_bz_TNT,L2_cache_stats_breakdown[CHIPLET_ACC_W][TOTAL_ACCESS],,NA,\s+L2_cache_stats_breakdown\[CHIPLET_ACC_W\]\[TOTAL_ACCESS\]\s*=\s*(.*)
kernel,llm_layer,layer,H100-SASS-Accelwattch_SASS_SIM,_ZN4vllm18act_and_mul_kernelIN3c108BFloat16E14__nv_bfloat162XadL_ZNS_11silu_kernelIS2_EET_RKS5_fEEXadL_ZNS_18packed_silu_kernelIS3_EES5_S7_fEELb1ELb1ELb0ELb0EEEvPS5_PS6_ifff,L2_cache_stats_breakdown[CHIPLET_ACC_W][TOTAL_ACCESS],,NA,\s+L2_cache_stats_breakdown\[CHIPLET_ACC_W\]\[TOTAL_ACCESS\]\s*=\s*(.*)
kernel,llm_layer,layer,H100-SASS-Accelwattch_SASS_SIM,nvjet_sm90_tst_64x16_64x16_4x1_v_bz_splitK_TNT,L2_cache_stats_breakdown[CHIPLET_ACC_W][TOTAL_ACCESS],,NA,\s+L2_cache_stats_breakdown\[CHIPLET_ACC_W\]\[TOTAL_ACCESS\]\s*=\s*(.*)
kernel,llm_layer,layer,H100-SASS-Accelwattch_SASS_SIM,_ZN8cublasLt19splitKreduce_kernelILi32ELi16Eif13__nv_bfloat16fS1_Lb0EfS1_S1_Lb1ELb0ELb0ELb0EEEvNS_18cublasSplitKParamsIT4_EEPKT2_PKT8_PT7_PT3_PKS3_SG_PKT9_S7_PSH_PvlPS3_PiSM_SM_SG_SG_SG_SG_SG_,L2_cache_stats_breakdown[CHIPLET_ACC_W][TOTAL_ACCESS],,NA,\s+L2_cache_stats_breakdown\[CHIPLET_ACC_W\]\[TOTAL_ACCESS\]\s*=\s*(.*)
kernel,llm_layer,layer,H100-SASS-Accelwattch_SASS_SIM,nvjet_sm90_tst_64x8_64x16_4x1_v_bz_bias_TNT,L2_cache_stats_breakdown[CHIPLET_ACC_W][TOTAL_ACCESS],,NA,\s+L2_cache_stats_breakdown\[CHIPLET_ACC_W\]\[TOTAL_ACCESS\]\s*=\s*(.*)
kernel,llm_layer,layer,H100-SASS-Accelwattch_SASS_SIM,_ZN7cutlass13device_kernelIN5flash20enable_sm90_or_laterINS1_16FlashAttnFwdSm90INS1_25CollectiveMainloopFwdSm90ILi2EN4cute5tupleIJNS5_1CILi1EEES8_S8_EEENS6_IJNS7_ILi64EEENS7_ILi192EEESA_EEELi64ENS_10bfloat16_tEfNS_4arch4Sm90ELb0ELb0ELb0ELb1ELb1ELb0ELb0ELb1ELb1ELb1ELb0ELb0ESD_Li1EEENS1_21CollectiveEpilogueFwdINS6_IJSA_SA_SB_EEES9_SD_SF_Li128ELb1ELb1ELb0ELb0ELi1EEENS1_36VarlenDynamicPersistentTileSchedulerILi64ELi192ELi128ELi128ELb0ELb1ELb1ELb0ELb0ELb1EEEEEEEEEvNT_6ParamsE,L2_cache_stats_breakdown[CHIPLET_ACC_W][TOTAL_ACCESS],,NA,\s+L2_cache_stats_breakdown\[CHIPLET_ACC_W\]\[TOTAL_ACCESS\]\s*=\s*(.*)
kernel,llm_layer,layer,H100-SASS-Accelwattch_SASS_SIM,nvjet_sm90_tst_64x8_64x16_4x1_v_bz_TNT,L2_cache_stats_breakdown[CHIPLET_ACC_W][TOTAL_ACCESS],,NA,\s+L2_cache_stats_breakdown\[CHIPLET_ACC_W\]\[TOTAL_ACCESS\]\s*=\s*(.*)
kernel,llm_layer,layer,H100-SASS-Accelwattch_SASS_SIM,nvjet_sm90_tst_128x8_64x12_4x1_v_bz_TNT,L2_cache_stats_breakdown[CHIPLET_ACC_W][TOTAL_ACCESS],,NA,\s+L2_cache_stats_breakdown\[CHIPLET_ACC_W\]\[TOTAL_ACCESS\]\s*=\s*(.*)
kernel,llm_layer,layer,H100-SASS-Accelwattch_SASS_SIM,nvjet_sm90_tst_64x8_64x16_4x1_v_bz_splitK_TNT,L2_cache_stats_breakdown[CHIPLET_ACC_W][TOTAL_ACCESS],,NA,\s+L2_cache_stats_breakdown\[CHIPLET_ACC_W\]\[TOTAL_ACCESS\]\s*=\s*(.*)
kernel,llm_layer,layer,H100-SASS-Accelwattch_SASS_SIM,_ZN4vllm25fused_add_rms_norm_kernelIN3c108BFloat16ELi8ELb1EEENSt9enable_ifIXaagtT0_Li0Esr4vllm12_typeConvertIT_EE6existsEvE4typeEPS4_lS7_PKS4_fiil,Total_core_cache_stats_breakdown[GLOBAL_ACC_R][TOTAL_ACCESS],9520.0,9520.0,\s+Total_core_cache_stats_breakdown\[GLOBAL_ACC_R\]\[TOTAL_ACCESS\]\s*=\s*(.*)
kernel,llm_layer,layer,H100-SASS-Accelwattch_SASS_SIM,nvjet_sm90_tst_64x8_64x16_4x2_h_bz_bias_TNT,Total_core_cache_stats_breakdown[GLOBAL_ACC_R][TOTAL_ACCESS],0.0,0.0,\s+Total_core_cache_stats_breakdown\[GLOBAL_ACC_R\]\[TOTAL_ACCESS\]\s*=\s*(.*)
kernel,llm_layer,layer,H100-SASS-Accelwattch_SASS_SIM,_ZN4vllm23rotary_embedding_kernelIN3c108BFloat16ES2_Lb1EEEvPKlPT_S6_PKT0_illliiilb,Total_core_cache_stats_breakdown[GLOBAL_ACC_R][TOTAL_ACCESS],2414.0,2414.0,\s+Total_core_cache_stats_breakdown\[GLOBAL_ACC_R\]\[TOTAL_ACCESS\]\s*=\s*(.*)
kernel,llm_layer,layer,H100-SASS-Accelwattch_SASS_SIM,_ZN4vllm30reshape_and_cache_flash_kernelI13__nv_bfloat16S1_LNS_18Fp8KVCacheDataTypeE0EEEvPKT_S5_PT0_S7_PKlllllliiiPKfSB_i,Total_core_cache_stats_breakdown[GLOBAL_ACC_R][TOTAL_ACCESS],340.0,340.0,\s+Total_core_cache_stats_breakdown\[GLOBAL_ACC_R\]\[TOTAL_ACCESS\]\s*=\s*(.*)
kernel,llm_layer,layer,H100-SASS-Accelwattch_SASS_SIM,_ZN7cutlass13device_kernelIN5flash20enable_sm90_or_laterINS1_16FlashAttnFwdSm90INS1_25CollectiveMainloopFwdSm90ILi2EN4cute5tupleIJNS5_1CILi1EEES8_S8_EEENS6_IJNS7_ILi192EEENS7_ILi128EEENS7_ILi64EEEEEELi64ENS_10bfloat16_tEfNS_4arch4Sm90ELb1ELb0ELb0ELb1ELb1ELb0ELb0ELb1ELb1ELb1ELb0ELb0ESE_Li1EEENS1_21CollectiveEpilogueFwdINS6_IJSA_SC_SB_EEES9_SE_SG_Li384ELb1ELb1ELb0ELb0ELi1EEENS1_36VarlenDynamicPersistentTileSchedulerILi192ELi128ELi384ELi128ELb0ELb1ELb1ELb1ELb0ELb1EEEEEEEEEvNT_6ParamsE,Total_core_cache_stats_breakdown[GLOBAL_ACC_R][TOTAL_ACCESS],1836.0,1836.0,\s+Total_core_cache_stats_breakdown\[GLOBAL_ACC_R\]\[TOTAL_ACCESS\]\s*=\s*(.*)
kernel,llm_layer,layer,H100-SASS-Accelwattch_SASS_SIM,_ZN2at6native29vectorized_elementwise_kernelILi4ENS0_11FillFunctorIiEESt5arrayIPcLm1EEEEviT0_T1_,Total_core_cache_stats_breakdown[GLOBAL_ACC_R][TOTAL_ACCESS],0.0,0.0,\s+Total_core_cache_stats_breakdown\[GLOBAL_ACC_R\]\[TOTAL_ACCESS\]\s*=\s*(.*)
kernel,llm_layer,layer,H100-SASS-Accelwattch_SASS_SIM,nvjet_sm90_tst_64x8_64x16_4x2_h_bz_TNT,Total_core_cache_stats_breakdown[GLOBAL_ACC_R][TOTAL_ACCESS],0.0,0.0,\s+Total_core_cache_stats_breakdown\[GLOBAL_ACC_R\]\[TOTAL_ACCESS\]\s*=\s*(.*)
kernel,llm_layer,layer,H100-SASS-Accelwattch_SASS_SIM,nvjet_sm90_tst_128x16_64x11_4x1_v_bz_TNT,Total_core_cache_stats_breakdown[GLOBAL_ACC_R][TOTAL_ACCESS],0.0,0.0,\s+Total_core_cache_stats_breakdown\[GLOBAL_ACC_R\]\[TOTAL_ACCESS\]\s*=\s*(.*)
kernel,llm_layer,layer,H100-SASS-Accelwattch_SASS_SIM,_ZN4vllm18act_and_mul_kernelIN3c108BFloat16E14__nv_bfloat162XadL_ZNS_11silu_kernelIS2_EET_RKS5_fEEXadL_ZNS_18packed_silu_kernelIS3_EES5_S7_fEELb1ELb1ELb0ELb0EEEvPS5_PS6_ifff,Total_core_cache_stats_breakdown[GLOBAL_ACC_R][TOTAL_ACCESS],10336.0,10336.0,\s+Total_core_cache_stats_breakdown\[GLOBAL_ACC_R\]\[TOTAL_ACCESS\]\s*=\s*(.*)
kernel,llm_layer,layer,H100-SASS-Accelwattch_SASS_SIM,nvjet_sm90_tst_64x16_64x16_4x1_v_bz_splitK_TNT,Total_core_cache_stats_breakdown[GLOBAL_ACC_R][TOTAL_ACCESS],0.0,0.0,\s+Total_core_cache_stats_breakdown\[GLOBAL_ACC_R\]\[TOTAL_ACCESS\]\s*=\s*(.*)
kernel,llm_layer,layer,H100-SASS-Accelwattch_SASS_SIM,_ZN8cublasLt19splitKreduce_kernelILi32ELi16Eif13__nv_bfloat16fS1_Lb0EfS1_S1_Lb1ELb0ELb0ELb0EEEvNS_18cublasSplitKParamsIT4_EEPKT2_PKT8_PT7_PT3_PKS3_SG_PKT9_S7_PSH_PvlPS3_PiSM_SM_SG_SG_SG_SG_SG_,Total_core_cache_stats_breakdown[GLOBAL_ACC_R][TOTAL_ACCESS],5712.0,5712.0,\s+Total_core_cache_stats_breakdown\[GLOBAL_ACC_R\]\[TOTAL_ACCESS\]\s*=\s*(.*)
kernel,llm_layer,layer,H100-SASS-Accelwattch_SASS_SIM,nvjet_sm90_tst_64x8_64x16_4x1_v_bz_bias_TNT,Total_core_cache_stats_breakdown[GLOBAL_ACC_R][TOTAL_ACCESS],0.0,0.0,\s+Total_core_cache_stats_breakdown\[GLOBAL_ACC_R\]\[TOTAL_ACCESS\]\s*=\s*(.*)
kernel,llm_layer,layer,H100-SASS-Accelwattch_SASS_SIM,_ZN7cutlass13device_kernelIN5flash20enable_sm90_or_laterINS1_16FlashAttnFwdSm90INS1_25CollectiveMainloopFwdSm90ILi2EN4cute5tupleIJNS5_1CILi1EEES8_S8_EEENS6_IJNS7_ILi64EEENS7_ILi192EEESA_EEELi64ENS_10bfloat16_tEfNS_4arch4Sm90ELb0ELb0ELb0ELb1ELb1ELb0ELb0ELb1ELb1ELb1ELb0ELb0ESD_Li1EEENS1_21CollectiveEpilogueFwdINS6_IJSA_SA_SB_EEES9_SD_SF_Li128ELb1ELb1ELb0ELb0ELi1EEENS1_36VarlenDynamicPersistentTileSchedulerILi64ELi192ELi128ELi128ELb0ELb1ELb1ELb0ELb0ELb1EEEEEEEEEvNT_6ParamsE,Total_core_cache_stats_breakdown[GLOBAL_ACC_R][TOTAL_ACCESS],4896.0,4896.0,\s+Total_core_cache_stats_breakdown\[GLOBAL_ACC_R\]\[TOTAL_ACCESS\]\s*=\s*(.*)
kernel,llm_layer,layer,H100-SASS-Accelwattch_SASS_SIM,nvjet_sm90_tst_64x8_64x16_4x1_v_bz_TNT,Total_core_cache_stats_breakdown[GLOBAL_ACC_R][TOTAL_ACCESS],0.0,0.0,\s+Total_core_cache_stats_breakdown\[GLOBAL_ACC_R\]\[TOTAL_ACCESS\]\s*=\s*(.*)
kernel,llm_layer,layer,H100-SASS-Accelwattch_SASS_SIM,nvjet_sm90_tst_128x8_64x12_4x1_v_bz_TNT,Total_core_cache_stats_breakdown[GLOBAL_ACC_R][TOTAL_ACCESS],0.0,0.0,\s+Total_core_cache_stats_breakdown\[GLOBAL_ACC_R\]\[TOTAL_ACCESS\]\s*=\s*(.*)
kernel,llm_layer,layer,H100-SASS-Accelwattch_SASS_SIM,nvjet_sm90_tst_64x8_64x16_4x1_v_bz_splitK_TNT,Total_core_cache_stats_breakdown[GLOBAL_ACC_R][TOTAL_ACCESS],0.0,0.0,\s+Total_core_cache_stats_breakdown\[GLOBAL_ACC_R\]\[TOTAL_ACCESS\]\s*=\s*(.*)
kernel,llm_layer,layer,H100-SASS-Accelwattch_SASS_SIM,_ZN4vllm25fused_add_rms_norm_kernelIN3c108BFloat16ELi8ELb1EEENSt9enable_ifIXaagtT0_Li0Esr4vllm12_typeConvertIT_EE6existsEvE4typeEPS4_lS7_PKS4_fiil,Total_core_cache_stats_breakdown[GLOBAL_ACC_R][HIT],1904.0,1904.0,\s+Total_core_cache_stats_breakdown\[GLOBAL_ACC_R\]\[HIT\]\s*=\s*(.*)
kernel,llm_layer,layer,H100-SASS-Accelwattch_SASS_SIM,nvjet_sm90_tst_64x8_64x16_4x2_h_bz_bias_TNT,Total_core_cache_stats_breakdown[GLOBAL_ACC_R][HIT],0.0,0.0,\s+Total_core_cache_stats_breakdown\[GLOBAL_ACC_R\]\[HIT\]\s*=\s*(.*)
kernel,llm_layer,layer,H100-SASS-Accelwattch_SASS_SIM,_ZN4vllm23rotary_embedding_kernelIN3c108BFloat16ES2_Lb1EEEvPKlPT_S6_PKT0_illliiilb,Total_core_cache_stats_breakdown[GLOBAL_ACC_R][HIT],136.0,136.0,\s+Total_core_cache_stats_breakdown\[GLOBAL_ACC_R\]\[HIT\]\s*=\s*(.*)
kernel,llm_layer,layer,H100-SASS-Accelwattch_SASS_SIM,_ZN4vllm30reshape_and_cache_flash_kernelI13__nv_bfloat16S1_LNS_18Fp8KVCacheDataTypeE0EEEvPKT_S5_PT0_S7_PKlllllliiiPKfSB_i,Total_core_cache_stats_breakdown[GLOBAL_ACC_R][HIT],0.0,0.0,\s+Total_core_cache_stats_breakdown\[GLOBAL_ACC_R\]\[HIT\]\s*=\s*(.*)
kernel,llm_layer,layer,H100-SASS-Accelwattch_SASS_SIM,_ZN7cutlass13device_kernelIN5flash20enable_sm90_or_laterINS1_16FlashAttnFwdSm90INS1_25CollectiveMainloopFwdSm90ILi2EN4cute5tupleIJNS5_1CILi1EEES8_S8_EEENS6_IJNS7_ILi192EEENS7_ILi128EEENS7_ILi64EEEEEELi64ENS_10bfloat16_tEfNS_4arch4Sm90ELb1ELb0ELb0ELb1ELb1ELb0ELb0ELb1ELb1ELb1ELb0ELb0ESE_Li1EEENS1_21CollectiveEpilogueFwdINS6_IJSA_SC_SB_EEES9_SE_SG_Li384ELb1ELb1ELb0ELb0ELi1EEENS1_36VarlenDynamicPersistentTileSchedulerILi192ELi128ELi384ELi128ELb0ELb1ELb1ELb1ELb0ELb1EEEEEEEEEvNT_6ParamsE,Total_core_cache_stats_breakdown[GLOBAL_ACC_R][HIT],76.0,76.0,\s+Total_core_cache_stats_breakdown\[GLOBAL_ACC_R\]\[HIT\]\s*=\s*(.*)
kernel,llm_layer,layer,H100-SASS-Accelwattch_SASS_SIM,_ZN2at6native29vectorized_elementwise_kernelILi4ENS0_11FillFunctorIiEESt5arrayIPcLm1EEEEviT0_T1_,Total_core_cache_stats_breakdown[GLOBAL_ACC_R][HIT],0.0,0.0,\s+Total_core_cache_stats_breakdown\[GLOBAL_ACC_R\]\[HIT\]\s*=\s*(.*)
kernel,llm_layer,layer,H100-SASS-Accelwattch_SASS_SIM,nvjet_sm90_tst_64x8_64x16_4x2_h_bz_TNT,Total_core_cache_stats_breakdown[GLOBAL_ACC_R][HIT],0.0,0.0,\s+Total_core_cache_stats_breakdown\[GLOBAL_ACC_R\]\[HIT\]\s*=\s*(.*)
kernel,llm_layer,layer,H100-SASS-Accelwattch_SASS_SIM,nvjet_sm90_tst_128x16_64x11_4x1_v_bz_TNT,Total_core_cache_stats_breakdown[GLOBAL_ACC_R][HIT],0.0,0.0,\s+Total_core_cache_stats_breakdown\[GLOBAL_ACC_R\]\[HIT\]\s*=\s*(.*)
kernel,llm_layer,layer,H100-SASS-Accelwattch_SASS_SIM,_ZN4vllm18act_and_mul_kernelIN3c108BFloat16E14__nv_bfloat162XadL_ZNS_11silu_kernelIS2_EET_RKS5_fEEXadL_ZNS_18packed_silu_kernelIS3_EES5_S7_fEELb1ELb1ELb0ELb0EEEvPS5_PS6_ifff,Total_core_cache_stats_breakdown[GLOBAL_ACC_R][HIT],0.0,0.0,\s+Total_core_cache_stats_breakdown\[GLOBAL_ACC_R\]\[HIT\]\s*=\s*(.*)
kernel,llm_layer,layer,H100-SASS-Accelwattch_SASS_SIM,nvjet_sm90_tst_64x16_64x16_4x1_v_bz_splitK_TNT,Total_core_cache_stats_breakdown[GLOBAL_ACC_R][HIT],0.0,0.0,\s+Total_core_cache_stats_breakdown\[GLOBAL_ACC_R\]\[HIT\]\s*=\s*(.*)
kernel,llm_layer,layer,H100-SASS-Accelwattch_SASS_SIM,_ZN8cublasLt19splitKreduce_kernelILi32ELi16Eif13__nv_bfloat16fS1_Lb0EfS1_S1_Lb1ELb0ELb0ELb0EEEvNS_18cublasSplitKParamsIT4_EEPKT2_PKT8_PT7_PT3_PKS3_SG_PKT9_S7_PSH_PvlPS3_PiSM_SM_SG_SG_SG_SG_SG_,Total_core_cache_stats_breakdown[GLOBAL_ACC_R][HIT],0.0,0.0,\s+Total_core_cache_stats_breakdown\[GLOBAL_ACC_R\]\[HIT\]\s*=\s*(.*)
kernel,llm_layer,layer,H100-SASS-Accelwattch_SASS_SIM,nvjet_sm90_tst_64x8_64x16_4x1_v_bz_bias_TNT,Total_core_cache_stats_breakdown[GLOBAL_ACC_R][HIT],0.0,0.0,\s+Total_core_cache_stats_breakdown\[GLOBAL_ACC_R\]\[HIT\]\s*=\s*(.*)
kernel,llm_layer,layer,H100-SASS-Accelwattch_SASS_SIM,_ZN7cutlass13device_kernelIN5flash20enable_sm90_or_laterINS1_16FlashAttnFwdSm90INS1_25CollectiveMainloopFwdSm90ILi2EN4cute5tupleIJNS5_1CILi1EEES8_S8_EEENS6_IJNS7_ILi64EEENS7_ILi192EEESA_EEELi64ENS_10bfloat16_tEfNS_4arch4Sm90ELb0ELb0ELb0ELb1ELb1ELb0ELb0ELb1ELb1ELb1ELb0ELb0ESD_Li1EEENS1_21CollectiveEpilogueFwdINS6_IJSA_SA_SB_EEES9_SD_SF_Li128ELb1ELb1ELb0ELb0ELi1EEENS1_36VarlenDynamicPersistentTileSchedulerILi64ELi192ELi128ELi128ELb0ELb1ELb1ELb0ELb0ELb1EEEEEEEEEvNT_6ParamsE,Total_core_cache_stats_breakdown[GLOBAL_ACC_R][HIT],206.0,206.0,\s+Total_core_cache_stats_breakdown\[GLOBAL_ACC_R\]\[HIT\]\s*=\s*(.*)
kernel,llm_layer,layer,H100-SASS-Accelwattch_SASS_SIM,nvjet_sm90_tst_64x8_64x16_4x1_v_bz_TNT,Total_core_cache_stats_breakdown[GLOBAL_ACC_R][HIT],0.0,0.0,\s+Total_core_cache_stats_breakdown\[GLOBAL_ACC_R\]\[HIT\]\s*=\s*(.*)
kernel,llm_layer,layer,H100-SASS-Accelwattch_SASS_SIM,nvjet_sm90_tst_128x8_64x12_4x1_v_bz_TNT,Total_core_cache_stats_breakdown[GLOBAL_ACC_R][HIT],0.0,0.0,\s+Total_core_cache_stats_breakdown\[GLOBAL_ACC_R\]\[HIT\]\s*=\s*(.*)
kernel,llm_layer,layer,H100-SASS-Accelwattch_SASS_SIM,nvjet_sm90_tst_64x8_64x16_4x1_v_bz_splitK_TNT,Total_core_cache_stats_breakdown[GLOBAL_ACC_R][HIT],0.0,0.0,\s+Total_core_cache_stats_breakdown\[GLOBAL_ACC_R\]\[HIT\]\s*=\s*(.*)
kernel,llm_layer,layer,H100-SASS-Accelwattch_SASS_SIM,_ZN4vllm25fused_add_rms_norm_kernelIN3c108BFloat16ELi8ELb1EEENSt9enable_ifIXaagtT0_Li0Esr4vllm12_typeConvertIT_EE6existsEvE4typeEPS4_lS7_PKS4_fiil,Total_core_cache_stats_breakdown[GLOBAL_ACC_W][HIT],3808.0,3808.0,\s+Total_core_cache_stats_breakdown\[GLOBAL_ACC_W\]\[HIT\]\s*=\s*(.*)
kernel,llm_layer,layer,H100-SASS-Accelwattch_SASS_SIM,nvjet_sm90_tst_64x8_64x16_4x2_h_bz_bias_TNT,Total_core_cache_stats_breakdown[GLOBAL_ACC_W][HIT],0.0,0.0,\s+Total_core_cache_stats_breakdown\[GLOBAL_ACC_W\]\[HIT\]\s*=\s*(.*)
kernel,llm_layer,layer,H100-SASS-Accelwattch_SASS_SIM,_ZN4vllm23rotary_embedding_kernelIN3c108BFloat16ES2_Lb1EEEvPKlPT_S6_PKT0_illliiilb,Total_core_cache_stats_breakdown[GLOBAL_ACC_W][HIT],1088.0,1088.0,\s+Total_core_cache_stats_breakdown\[GLOBAL_ACC_W\]\[HIT\]\s*=\s*(.*)
kernel,llm_layer,layer,H100-SASS-Accelwattch_SASS_SIM,_ZN4vllm30reshape_and_cache_flash_kernelI13__nv_bfloat16S1_LNS_18Fp8KVCacheDataTypeE0EEEvPKT_S5_PT0_S7_PKlllllliiiPKfSB_i,Total_core_cache_stats_breakdown[GLOBAL_ACC_W][HIT],0.0,0.0,\s+Total_core_cache_stats_breakdown\[GLOBAL_ACC_W\]\[HIT\]\s*=\s*(.*)
kernel,llm_layer,layer,H100-SASS-Accelwattch_SASS_SIM,_ZN7cutlass13device_kernelIN5flash20enable_sm90_or_laterINS1_16FlashAttnFwdSm90INS1_25CollectiveMainloopFwdSm90ILi2EN4cute5tupleIJNS5_1CILi1EEES8_S8_EEENS6_IJNS7_ILi192EEENS7_ILi128EEENS7_ILi64EEEEEELi64ENS_10bfloat16_tEfNS_4arch4Sm90ELb1ELb0ELb0ELb1ELb1ELb0ELb0ELb1ELb1ELb1ELb0ELb0ESE_Li1EEENS1_21CollectiveEpilogueFwdINS6_IJSA_SC_SB_EEES9_SE_SG_Li384ELb1ELb1ELb0ELb0ELi1EEENS1_36VarlenDynamicPersistentTileSchedulerILi192ELi128ELi384ELi128ELb0ELb1ELb1ELb1ELb0ELb1EEEEEEEEEvNT_6ParamsE,Total_core_cache_stats_breakdown[GLOBAL_ACC_W][HIT],113.0,113.0,\s+Total_core_cache_stats_breakdown\[GLOBAL_ACC_W\]\[HIT\]\s*=\s*(.*)
kernel,llm_layer,layer,H100-SASS-Accelwattch_SASS_SIM,_ZN2at6native29vectorized_elementwise_kernelILi4ENS0_11FillFunctorIiEESt5arrayIPcLm1EEEEviT0_T1_,Total_core_cache_stats_breakdown[GLOBAL_ACC_W][HIT],0.0,0.0,\s+Total_core_cache_stats_breakdown\[GLOBAL_ACC_W\]\[HIT\]\s*=\s*(.*)
kernel,llm_layer,layer,H100-SASS-Accelwattch_SASS_SIM,nvjet_sm90_tst_64x8_64x16_4x2_h_bz_TNT,Total_core_cache_stats_breakdown[GLOBAL_ACC_W][HIT],0.0,0.0,\s+Total_core_cache_stats_breakdown\[GLOBAL_ACC_W\]\[HIT\]\s*=\s*(.*)
kernel,llm_layer,layer,H100-SASS-Accelwattch_SASS_SIM,nvjet_sm90_tst_128x16_64x11_4x1_v_bz_TNT,Total_core_cache_stats_breakdown[GLOBAL_ACC_W][HIT],0.0,0.0,\s+Total_core_cache_stats_breakdown\[GLOBAL_ACC_W\]\[HIT\]\s*=\s*(.*)
kernel,llm_layer,layer,H100-SASS-Accelwattch_SASS_SIM,_ZN4vllm18act_and_mul_kernelIN3c108BFloat16E14__nv_bfloat162XadL_ZNS_11silu_kernelIS2_EET_RKS5_fEEXadL_ZNS_18packed_silu_kernelIS3_EES5_S7_fEELb1ELb1ELb0ELb0EEEvPS5_PS6_ifff,Total_core_cache_stats_breakdown[GLOBAL_ACC_W][HIT],0.0,0.0,\s+Total_core_cache_stats_breakdown\[GLOBAL_ACC_W\]\[HIT\]\s*=\s*(.*)
kernel,llm_layer,layer,H100-SASS-Accelwattch_SASS_SIM,nvjet_sm90_tst_64x16_64x16_4x1_v_bz_splitK_TNT,Total_core_cache_stats_breakdown[GLOBAL_ACC_W][HIT],0.0,0.0,\s+Total_core_cache_stats_breakdown\[GLOBAL_ACC_W\]\[HIT\]\s*=\s*(.*)
kernel,llm_layer,layer,H100-SASS-Accelwattch_SASS_SIM,_ZN8cublasLt19splitKreduce_kernelILi32ELi16Eif13__nv_bfloat16fS1_Lb0EfS1_S1_Lb1ELb0ELb0ELb0EEEvNS_18cublasSplitKParamsIT4_EEPKT2_PKT8_PT7_PT3_PKS3_SG_PKT9_S7_PSH_PvlPS3_PiSM_SM_SG_SG_SG_SG_SG_,Total_core_cache_stats_breakdown[GLOBAL_ACC_W][HIT],0.0,0.0,\s+Total_core_cache_stats_breakdown\[GLOBAL_ACC_W\]\[HIT\]\s*=\s*(.*)
kernel,llm_layer,layer,H100-SASS-Accelwattch_SASS_SIM,nvjet_sm90_tst_64x8_64x16_4x1_v_bz_bias_TNT,Total_core_cache_stats_breakdown[GLOBAL_ACC_W][HIT],0.0,0.0,\s+Total_core_cache_stats_breakdown\[GLOBAL_ACC_W\]\[HIT\]\s*=\s*(.*)
kernel,llm_layer,layer,H100-SASS-Accelwattch_SASS_SIM,_ZN7cutlass13device_kernelIN5flash20enable_sm90_or_laterINS1_16FlashAttnFwdSm90INS1_25CollectiveMainloopFwdSm90ILi2EN4cute5tupleIJNS5_1CILi1EEES8_S8_EEENS6_IJNS7_ILi64EEENS7_ILi192EEESA_EEELi64ENS_10bfloat16_tEfNS_4arch4Sm90ELb0ELb0ELb0ELb1ELb1ELb0ELb0ELb1ELb1ELb1ELb0ELb0ESD_Li1EEENS1_21CollectiveEpilogueFwdINS6_IJSA_SA_SB_EEES9_SD_SF_Li128ELb1ELb1ELb0ELb0ELi1EEENS1_36VarlenDynamicPersistentTileSchedulerILi64ELi192ELi128ELi128ELb0ELb1ELb1ELb0ELb0ELb1EEEEEEEEEvNT_6ParamsE,Total_core_cache_stats_breakdown[GLOBAL_ACC_W][HIT],0.0,0.0,\s+Total_core_cache_stats_breakdown\[GLOBAL_ACC_W\]\[HIT\]\s*=\s*(.*)
kernel,llm_layer,layer,H100-SASS-Accelwattch_SASS_SIM,nvjet_sm90_tst_64x8_64x16_4x1_v_bz_TNT,Total_core_cache_stats_breakdown[GLOBAL_ACC_W][HIT],0.0,0.0,\s+Total_core_cache_stats_breakdown\[GLOBAL_ACC_W\]\[HIT\]\s*=\s*(.*)
kernel,llm_layer,layer,H100-SASS-Accelwattch_SASS_SIM,nvjet_sm90_tst_128x8_64x12_4x1_v_bz_TNT,Total_core_cache_stats_breakdown[GLOBAL_ACC_W][HIT],0.0,0.0,\s+Total_core_cache_stats_breakdown\[GLOBAL_ACC_W\]\[HIT\]\s*=\s*(.*)
kernel,llm_layer,layer,H100-SASS-Accelwattch_SASS_SIM,nvjet_sm90_tst_64x8_64x16_4x1_v_bz_splitK_TNT,Total_core_cache_stats_breakdown[GLOBAL_ACC_W][HIT],0.0,0.0,\s+Total_core_cache_stats_breakdown\[GLOBAL_ACC_W\]\[HIT\]\s*=\s*(.*)
kernel,llm_layer,layer,H100-SASS-Accelwattch_SASS_SIM,_ZN4vllm25fused_add_rms_norm_kernelIN3c108BFloat16ELi8ELb1EEENSt9enable_ifIXaagtT0_Li0Esr4vllm12_typeConvertIT_EE6existsEvE4typeEPS4_lS7_PKS4_fiil,Total_core_cache_stats_breakdown[GLOBAL_ACC_W][TOTAL_ACCESS],3808.0,3808.0,\s+Total_core_cache_stats_breakdown\[GLOBAL_ACC_W\]\[TOTAL_ACCESS\]\s*=\s*(.*)
kernel,llm_layer,layer,H100-SASS-Accelwattch_SASS_SIM,nvjet_sm90_tst_64x8_64x16_4x2_h_bz_bias_TNT,Total_core_cache_stats_breakdown[GLOBAL_ACC_W][TOTAL_ACCESS],0.0,0.0,\s+Total_core_cache_stats_breakdown\[GLOBAL_ACC_W\]\[TOTAL_ACCESS\]\s*=\s*(.*)
kernel,llm_layer,layer,H100-SASS-Accelwattch_SASS_SIM,_ZN4vllm23rotary_embedding_kernelIN3c108BFloat16ES2_Lb1EEEvPKlPT_S6_PKT0_illliiilb,Total_core_cache_stats_breakdown[GLOBAL_ACC_W][TOTAL_ACCESS],1088.0,1088.0,\s+Total_core_cache_stats_breakdown\[GLOBAL_ACC_W\]\[TOTAL_ACCESS\]\s*=\s*(.*)
kernel,llm_layer,layer,H100-SASS-Accelwattch_SASS_SIM,_ZN4vllm30reshape_and_cache_flash_kernelI13__nv_bfloat16S1_LNS_18Fp8KVCacheDataTypeE0EEEvPKT_S5_PT0_S7_PKlllllliiiPKfSB_i,Total_core_cache_stats_breakdown[GLOBAL_ACC_W][TOTAL_ACCESS],272.0,272.0,\s+Total_core_cache_stats_breakdown\[GLOBAL_ACC_W\]\[TOTAL_ACCESS\]\s*=\s*(.*)
kernel,llm_layer,layer,H100-SASS-Accelwattch_SASS_SIM,_ZN7cutlass13device_kernelIN5flash20enable_sm90_or_laterINS1_16FlashAttnFwdSm90INS1_25CollectiveMainloopFwdSm90ILi2EN4cute5tupleIJNS5_1CILi1EEES8_S8_EEENS6_IJNS7_ILi192EEENS7_ILi128EEENS7_ILi64EEEEEELi64ENS_10bfloat16_tEfNS_4arch4Sm90ELb1ELb0ELb0ELb1ELb1ELb0ELb0ELb1ELb1ELb1ELb0ELb0ESE_Li1EEENS1_21CollectiveEpilogueFwdINS6_IJSA_SC_SB_EEES9_SE_SG_Li384ELb1ELb1ELb0ELb0ELi1EEENS1_36VarlenDynamicPersistentTileSchedulerILi192ELi128ELi384ELi128ELb0ELb1ELb1ELb1ELb0ELb1EEEEEEEEEvNT_6ParamsE,Total_core_cache_stats_breakdown[GLOBAL_ACC_W][TOTAL_ACCESS],686.0,686.0,\s+Total_core_cache_stats_breakdown\[GLOBAL_ACC_W\]\[TOTAL_ACCESS\]\s*=\s*(.*)
kernel,llm_layer,layer,H100-SASS-Accelwattch_SASS_SIM,_ZN2at6native29vectorized_elementwise_kernelILi4ENS0_11FillFunctorIiEESt5arrayIPcLm1EEEEviT0_T1_,Total_core_cache_stats_breakdown[GLOBAL_ACC_W][TOTAL_ACCESS],8.0,8.0,\s+Total_core_cache_stats_breakdown\[GLOBAL_ACC_W\]\[TOTAL_ACCESS\]\s*=\s*(.*)
kernel,llm_layer,layer,H100-SASS-Accelwattch_SASS_SIM,nvjet_sm90_tst_64x8_64x16_4x2_h_bz_TNT,Total_core_cache_stats_breakdown[GLOBAL_ACC_W][TOTAL_ACCESS],0.0,0.0,\s+Total_core_cache_stats_breakdown\[GLOBAL_ACC_W\]\[TOTAL_ACCESS\]\s*=\s*(.*)
kernel,llm_layer,layer,H100-SASS-Accelwattch_SASS_SIM,nvjet_sm90_tst_128x16_64x11_4x1_v_bz_TNT,Total_core_cache_stats_breakdown[GLOBAL_ACC_W][TOTAL_ACCESS],0.0,0.0,\s+Total_core_cache_stats_breakdown\[GLOBAL_ACC_W\]\[TOTAL_ACCESS\]\s*=\s*(.*)
kernel,llm_layer,layer,H100-SASS-Accelwattch_SASS_SIM,_ZN4vllm18act_and_mul_kernelIN3c108BFloat16E14__nv_bfloat162XadL_ZNS_11silu_kernelIS2_EET_RKS5_fEEXadL_ZNS_18packed_silu_kernelIS3_EES5_S7_fEELb1ELb1ELb0ELb0EEEvPS5_PS6_ifff,Total_core_cache_stats_breakdown[GLOBAL_ACC_W][TOTAL_ACCESS],5168.0,5168.0,\s+Total_core_cache_stats_breakdown\[GLOBAL_ACC_W\]\[TOTAL_ACCESS\]\s*=\s*(.*)
kernel,llm_layer,layer,H100-SASS-Accelwattch_SASS_SIM,nvjet_sm90_tst_64x16_64x16_4x1_v_bz_splitK_TNT,Total_core_cache_stats_breakdown[GLOBAL_ACC_W][TOTAL_ACCESS],0.0,0.0,\s+Total_core_cache_stats_breakdown\[GLOBAL_ACC_W\]\[TOTAL_ACCESS\]\s*=\s*(.*)
kernel,llm_layer,layer,H100-SASS-Accelwattch_SASS_SIM,_ZN8cublasLt19splitKreduce_kernelILi32ELi16Eif13__nv_bfloat16fS1_Lb0EfS1_S1_Lb1ELb0ELb0ELb0EEEvNS_18cublasSplitKParamsIT4_EEPKT2_PKT8_PT7_PT3_PKS3_SG_PKT9_S7_PSH_PvlPS3_PiSM_SM_SG_SG_SG_SG_SG_,Total_core_cache_stats_breakdown[GLOBAL_ACC_W][TOTAL_ACCESS],952.0,952.0,\s+Total_core_cache_stats_breakdown\[GLOBAL_ACC_W\]\[TOTAL_ACCESS\]\s*=\s*(.*)
kernel,llm_layer,layer,H100-SASS-Accelwattch_SASS_SIM,nvjet_sm90_tst_64x8_64x16_4x1_v_bz_bias_TNT,Total_core_cache_stats_breakdown[GLOBAL_ACC_W][TOTAL_ACCESS],0.0,0.0,\s+Total_core_cache_stats_breakdown\[GLOBAL_ACC_W\]\[TOTAL_ACCESS\]\s*=\s*(.*)
kernel,llm_layer,layer,H100-SASS-Accelwattch_SASS_SIM,_ZN7cutlass13device_kernelIN5flash20enable_sm90_or_laterINS1_16FlashAttnFwdSm90INS1_25CollectiveMainloopFwdSm90ILi2EN4cute5tupleIJNS5_1CILi1EEES8_S8_EEENS6_IJNS7_ILi64EEENS7_ILi192EEESA_EEELi64ENS_10bfloat16_tEfNS_4arch4Sm90ELb0ELb0ELb0ELb1ELb1ELb0ELb0ELb1ELb1ELb1ELb0ELb0ESD_Li1EEENS1_21CollectiveEpilogueFwdINS6_IJSA_SA_SB_EEES9_SD_SF_Li128ELb1ELb1ELb0ELb0ELi1EEENS1_36VarlenDynamicPersistentTileSchedulerILi64ELi192ELi128ELi128ELb0ELb1ELb1ELb0ELb0ELb1EEEEEEEEEvNT_6ParamsE,Total_core_cache_stats_breakdown[GLOBAL_ACC_W][TOTAL_ACCESS],413.0,413.0,\s+Total_core_cache_stats_breakdown\[GLOBAL_ACC_W\]\[TOTAL_ACCESS\]\s*=\s*(.*)
kernel,llm_layer,layer,H100-SASS-Accelwattch_SASS_SIM,nvjet_sm90_tst_64x8_64x16_4x1_v_bz_TNT,Total_core_cache_stats_breakdown[GLOBAL_ACC_W][TOTAL_ACCESS],0.0,0.0,\s+Total_core_cache_stats_breakdown\[GLOBAL_ACC_W\]\[TOTAL_ACCESS\]\s*=\s*(.*)
kernel,llm_layer,layer,H100-SASS-Accelwattch_SASS_SIM,nvjet_sm90_tst_128x8_64x12_4x1_v_bz_TNT,Total_core_cache_stats_breakdown[GLOBAL_ACC_W][TOTAL_ACCESS],0.0,0.0,\s+Total_core_cache_stats_breakdown\[GLOBAL_ACC_W\]\[TOTAL_ACCESS\]\s*=\s*(.*)
kernel,llm_layer,layer,H100-SASS-Accelwattch_SASS_SIM,nvjet_sm90_tst_64x8_64x16_4x1_v_bz_splitK_TNT,Total_core_cache_stats_breakdown[GLOBAL_ACC_W][TOTAL_ACCESS],0.0,0.0,\s+Total_core_cache_stats_breakdown\[GLOBAL_ACC_W\]\[TOTAL_ACCESS\]\s*=\s*(.*)
kernel,llm_layer,layer,H100-SASS-Accelwattch_SASS_SIM,_ZN4vllm25fused_add_rms_norm_kernelIN3c108BFloat16ELi8ELb1EEENSt9enable_ifIXaagtT0_Li0Esr4vllm12_typeConvertIT_EE6existsEvE4typeEPS4_lS7_PKS4_fiil,Total_core_cache_stats_breakdown[GLOBAL_ACC_R][MSHR_HIT],1904.0,1904.0,\s+Total_core_cache_stats_breakdown\[GLOBAL_ACC_R\]\[MSHR_HIT\]\s*=\s*(.*)
kernel,llm_layer,layer,H100-SASS-Accelwattch_SASS_SIM,nvjet_sm90_tst_64x8_64x16_4x2_h_bz_bias_TNT,Total_core_cache_stats_breakdown[GLOBAL_ACC_R][MSHR_HIT],0.0,0.0,\s+Total_core_cache_stats_breakdown\[GLOBAL_ACC_R\]\[MSHR_HIT\]\s*=\s*(.*)
kernel,llm_layer,layer,H100-SASS-Accelwattch_SASS_SIM,_ZN4vllm23rotary_embedding_kernelIN3c108BFloat16ES2_Lb1EEEvPKlPT_S6_PKT0_illliiilb,Total_core_cache_stats_breakdown[GLOBAL_ACC_R][MSHR_HIT],1105.0,1105.0,\s+Total_core_cache_stats_breakdown\[GLOBAL_ACC_R\]\[MSHR_HIT\]\s*=\s*(.*)
kernel,llm_layer,layer,H100-SASS-Accelwattch_SASS_SIM,_ZN4vllm30reshape_and_cache_flash_kernelI13__nv_bfloat16S1_LNS_18Fp8KVCacheDataTypeE0EEEvPKT_S5_PT0_S7_PKlllllliiiPKfSB_i,Total_core_cache_stats_breakdown[GLOBAL_ACC_R][MSHR_HIT],51.0,51.0,\s+Total_core_cache_stats_breakdown\[GLOBAL_ACC_R\]\[MSHR_HIT\]\s*=\s*(.*)
kernel,llm_layer,layer,H100-SASS-Accelwattch_SASS_SIM,_ZN7cutlass13device_kernelIN5flash20enable_sm90_or_laterINS1_16FlashAttnFwdSm90INS1_25CollectiveMainloopFwdSm90ILi2EN4cute5tupleIJNS5_1CILi1EEES8_S8_EEENS6_IJNS7_ILi192EEENS7_ILi128EEENS7_ILi64EEEEEELi64ENS_10bfloat16_tEfNS_4arch4Sm90ELb1ELb0ELb0ELb1ELb1ELb0ELb0ELb1ELb1ELb1ELb0ELb0ESE_Li1EEENS1_21CollectiveEpilogueFwdINS6_IJSA_SC_SB_EEES9_SE_SG_Li384ELb1ELb1ELb0ELb0ELi1EEENS1_36VarlenDynamicPersistentTileSchedulerILi192ELi128ELi384ELi128ELb0ELb1ELb1ELb1ELb0ELb1EEEEEEEEEvNT_6ParamsE,Total_core_cache_stats_breakdown[GLOBAL_ACC_R][MSHR_HIT],104.0,104.0,\s+Total_core_cache_stats_breakdown\[GLOBAL_ACC_R\]\[MSHR_HIT\]\s*=\s*(.*)
kernel,llm_layer,layer,H100-SASS-Accelwattch_SASS_SIM,_ZN2at6native29vectorized_elementwise_kernelILi4ENS0_11FillFunctorIiEESt5arrayIPcLm1EEEEviT0_T1_,Total_core_cache_stats_breakdown[GLOBAL_ACC_R][MSHR_HIT],0.0,0.0,\s+Total_core_cache_stats_breakdown\[GLOBAL_ACC_R\]\[MSHR_HIT\]\s*=\s*(.*)
kernel,llm_layer,layer,H100-SASS-Accelwattch_SASS_SIM,nvjet_sm90_tst_64x8_64x16_4x2_h_bz_TNT,Total_core_cache_stats_breakdown[GLOBAL_ACC_R][MSHR_HIT],0.0,0.0,\s+Total_core_cache_stats_breakdown\[GLOBAL_ACC_R\]\[MSHR_HIT\]\s*=\s*(.*)
kernel,llm_layer,layer,H100-SASS-Accelwattch_SASS_SIM,nvjet_sm90_tst_128x16_64x11_4x1_v_bz_TNT,Total_core_cache_stats_breakdown[GLOBAL_ACC_R][MSHR_HIT],0.0,0.0,\s+Total_core_cache_stats_breakdown\[GLOBAL_ACC_R\]\[MSHR_HIT\]\s*=\s*(.*)
kernel,llm_layer,layer,H100-SASS-Accelwattch_SASS_SIM,_ZN4vllm18act_and_mul_kernelIN3c108BFloat16E14__nv_bfloat162XadL_ZNS_11silu_kernelIS2_EET_RKS5_fEEXadL_ZNS_18packed_silu_kernelIS3_EES5_S7_fEELb1ELb1ELb0ELb0EEEvPS5_PS6_ifff,Total_core_cache_stats_breakdown[GLOBAL_ACC_R][MSHR_HIT],0.0,0.0,\s+Total_core_cache_stats_breakdown\[GLOBAL_ACC_R\]\[MSHR_HIT\]\s*=\s*(.*)
kernel,llm_layer,layer,H100-SASS-Accelwattch_SASS_SIM,nvjet_sm90_tst_64x16_64x16_4x1_v_bz_splitK_TNT,Total_core_cache_stats_breakdown[GLOBAL_ACC_R][MSHR_HIT],0.0,0.0,\s+Total_core_cache_stats_breakdown\[GLOBAL_ACC_R\]\[MSHR_HIT\]\s*=\s*(.*)
kernel,llm_layer,layer,H100-SASS-Accelwattch_SASS_SIM,_ZN8cublasLt19splitKreduce_kernelILi32ELi16Eif13__nv_bfloat16fS1_Lb0EfS1_S1_Lb1ELb0ELb0ELb0EEEvNS_18cublasSplitKParamsIT4_EEPKT2_PKT8_PT7_PT3_PKS3_SG_PKT9_S7_PSH_PvlPS3_PiSM_SM_SG_SG_SG_SG_SG_,Total_core_cache_stats_breakdown[GLOBAL_ACC_R][MSHR_HIT],0.0,0.0,\s+Total_core_cache_stats_breakdown\[GLOBAL_ACC_R\]\[MSHR_HIT\]\s*=\s*(.*)
kernel,llm_layer,layer,H100-SASS-Accelwattch_SASS_SIM,nvjet_sm90_tst_64x8_64x16_4x1_v_bz_bias_TNT,Total_core_cache_stats_breakdown[GLOBAL_ACC_R][MSHR_HIT],0.0,0.0,\s+Total_core_cache_stats_breakdown\[GLOBAL_ACC_R\]\[MSHR_HIT\]\s*=\s*(.*)
kernel,llm_layer,layer,H100-SASS-Accelwattch_SASS_SIM,_ZN7cutlass13device_kernelIN5flash20enable_sm90_or_laterINS1_16FlashAttnFwdSm90INS1_25CollectiveMainloopFwdSm90ILi2EN4cute5tupleIJNS5_1CILi1EEES8_S8_EEENS6_IJNS7_ILi64EEENS7_ILi192EEESA_EEELi64ENS_10bfloat16_tEfNS_4arch4Sm90ELb0ELb0ELb0ELb1ELb1ELb0ELb0ELb1ELb1ELb1ELb0ELb0ESD_Li1EEENS1_21CollectiveEpilogueFwdINS6_IJSA_SA_SB_EEES9_SD_SF_Li128ELb1ELb1ELb0ELb0ELi1EEENS1_36VarlenDynamicPersistentTileSchedulerILi64ELi192ELi128ELi128ELb0ELb1ELb1ELb0ELb0ELb1EEEEEEEEEvNT_6ParamsE,Total_core_cache_stats_breakdown[GLOBAL_ACC_R][MSHR_HIT],266.0,266.0,\s+Total_core_cache_stats_breakdown\[GLOBAL_ACC_R\]\[MSHR_HIT\]\s*=\s*(.*)
kernel,llm_layer,layer,H100-SASS-Accelwattch_SASS_SIM,nvjet_sm90_tst_64x8_64x16_4x1_v_bz_TNT,Total_core_cache_stats_breakdown[GLOBAL_ACC_R][MSHR_HIT],0.0,0.0,\s+Total_core_cache_stats_breakdown\[GLOBAL_ACC_R\]\[MSHR_HIT\]\s*=\s*(.*)
kernel,llm_layer,layer,H100-SASS-Accelwattch_SASS_SIM,nvjet_sm90_tst_128x8_64x12_4x1_v_bz_TNT,Total_core_cache_stats_breakdown[GLOBAL_ACC_R][MSHR_HIT],0.0,0.0,\s+Total_core_cache_stats_breakdown\[GLOBAL_ACC_R\]\[MSHR_HIT\]\s*=\s*(.*)
kernel,llm_layer,layer,H100-SASS-Accelwattch_SASS_SIM,nvjet_sm90_tst_64x8_64x16_4x1_v_bz_splitK_TNT,Total_core_cache_stats_breakdown[GLOBAL_ACC_R][MSHR_HIT],0.0,0.0,\s+Total_core_cache_stats_breakdown\[GLOBAL_ACC_R\]\[MSHR_HIT\]\s*=\s*(.*)
kernel,llm_layer,layer,H100-SASS-Accelwattch_SASS_SIM,_ZN4vllm25fused_add_rms_norm_kernelIN3c108BFloat16ELi8ELb1EEENSt9enable_ifIXaagtT0_Li0Esr4vllm12_typeConvertIT_EE6existsEvE4typeEPS4_lS7_PKS4_fiil,gpgpu_n_tot_w_icount,80006.0,80006.0,gpgpu_n_tot_w_icount\s*=\s*(.*)
kernel,llm_layer,layer,H100-SASS-Accelwattch_SASS_SIM,nvjet_sm90_tst_64x8_64x16_4x2_h_bz_bias_TNT,gpgpu_n_tot_w_icount,200275.0,200275.0,gpgpu_n_tot_w_icount\s*=\s*(.*)
kernel,llm_layer,layer,H100-SASS-Accelwattch_SASS_SIM,_ZN4vllm23rotary_embedding_kernelIN3c108BFloat16ES2_Lb1EEEvPKlPT_S6_PKT0_illliiilb,gpgpu_n_tot_w_icount,32270.0,32270.0,gpgpu_n_tot_w_icount\s*=\s*(.*)
kernel,llm_layer,layer,H100-SASS-Accelwattch_SASS_SIM,_ZN4vllm30reshape_and_cache_flash_kernelI13__nv_bfloat16S1_LNS_18Fp8KVCacheDataTypeE0EEEvPKT_S5_PT0_S7_PKlllllliiiPKfSB_i,gpgpu_n_tot_w_icount,9761.0,9761.0,gpgpu_n_tot_w_icount\s*=\s*(.*)
kernel,llm_layer,layer,H100-SASS-Accelwattch_SASS_SIM,_ZN7cutlass13device_kernelIN5flash20enable_sm90_or_laterINS1_16FlashAttnFwdSm90INS1_25CollectiveMainloopFwdSm90ILi2EN4cute5tupleIJNS5_1CILi1EEES8_S8_EEENS6_IJNS7_ILi192EEENS7_ILi128EEENS7_ILi64EEEEEELi64ENS_10bfloat16_tEfNS_4arch4Sm90ELb1ELb0ELb0ELb1ELb1ELb0ELb0ELb1ELb1ELb1ELb0ELb0ESE_Li1EEENS1_21CollectiveEpilogueFwdINS6_IJSA_SC_SB_EEES9_SE_SG_Li384ELb1ELb1ELb0ELb0ELi1EEENS1_36VarlenDynamicPersistentTileSchedulerILi192ELi128ELi384ELi128ELb0ELb1ELb1ELb1ELb0ELb1EEEEEEEEEvNT_6ParamsE,gpgpu_n_tot_w_icount,198775.0,198775.0,gpgpu_n_tot_w_icount\s*=\s*(.*)
kernel,llm_layer,layer,H100-SASS-Accelwattch_SASS_SIM,_ZN2at6native29vectorized_elementwise_kernelILi4ENS0_11FillFunctorIiEESt5arrayIPcLm1EEEEviT0_T1_,gpgpu_n_tot_w_icount,960.0,960.0,gpgpu_n_tot_w_icount\s*=\s*(.*)
kernel,llm_layer,layer,H100-SASS-Accelwattch_SASS_SIM,nvjet_sm90_tst_64x8_64x16_4x2_h_bz_TNT,gpgpu_n_tot_w_icount,157311.0,157311.0,gpgpu_n_tot_w_icount\s*=\s*(.*)
kernel,llm_layer,layer,H100-SASS-Accelwattch_SASS_SIM,nvjet_sm90_tst_128x16_64x11_4x1_v_bz_TNT,gpgpu_n_tot_w_icount,442327.0,442327.0,gpgpu_n_tot_w_icount\s*=\s*(.*)
kernel,llm_layer,layer,H100-SASS-Accelwattch_SASS_SIM,_ZN4vllm18act_and_mul_kernelIN3c108BFloat16E14__nv_bfloat162XadL_ZNS_11silu_kernelIS2_EET_RKS5_fEEXadL_ZNS_18packed_silu_kernelIS3_EES5_S7_fEELb1ELb1ELb0ELb0EEEvPS5_PS6_ifff,gpgpu_n_tot_w_icount,85279.0,85279.0,gpgpu_n_tot_w_icount\s*=\s*(.*)
kernel,llm_layer,layer,H100-SASS-Accelwattch_SASS_SIM,nvjet_sm90_tst_64x16_64x16_4x1_v_bz_splitK_TNT,gpgpu_n_tot_w_icount,350745.0,350745.0,gpgpu_n_tot_w_icount\s*=\s*(.*)
kernel,llm_layer,layer,H100-SASS-Accelwattch_SASS_SIM,_ZN8cublasLt19splitKreduce_kernelILi32ELi16Eif13__nv_bfloat16fS1_Lb0EfS1_S1_Lb1ELb0ELb0ELb0EEEvNS_18cublasSplitKParamsIT4_EEPKT2_PKT8_PT7_PT3_PKS3_SG_PKT9_S7_PSH_PvlPS3_PiSM_SM_SG_SG_SG_SG_SG_,gpgpu_n_tot_w_icount,163887.0,163887.0,gpgpu_n_tot_w_icount\s*=\s*(.*)
kernel,llm_layer,layer,H100-SASS-Accelwattch_SASS_SIM,nvjet_sm90_tst_64x8_64x16_4x1_v_bz_bias_TNT,gpgpu_n_tot_w_icount,700648.0,700648.0,gpgpu_n_tot_w_icount\s*=\s*(.*)
kernel,llm_layer,layer,H100-SASS-Accelwattch_SASS_SIM,_ZN7cutlass13device_kernelIN5flash20enable_sm90_or_laterINS1_16FlashAttnFwdSm90INS1_25CollectiveMainloopFwdSm90ILi2EN4cute5tupleIJNS5_1CILi1EEES8_S8_EEENS6_IJNS7_ILi64EEENS7_ILi192EEESA_EEELi64ENS_10bfloat16_tEfNS_4arch4Sm90ELb0ELb0ELb0ELb1ELb1ELb0ELb0ELb1ELb1ELb1ELb0ELb0ESD_Li1EEENS1_21CollectiveEpilogueFwdINS6_IJSA_SA_SB_EEES9_SD_SF_Li128ELb1ELb1ELb0ELb0ELi1EEENS1_36VarlenDynamicPersistentTileSchedulerILi64ELi192ELi128ELi128ELb0ELb1ELb1ELb0ELb0ELb1EEEEEEEEEvNT_6ParamsE,gpgpu_n_tot_w_icount,727213.0,727213.0,gpgpu_n_tot_w_icount\s*=\s*(.*)
kernel,llm_layer,layer,H100-SASS-Accelwattch_SASS_SIM,nvjet_sm90_tst_64x8_64x16_4x1_v_bz_TNT,gpgpu_n_tot_w_icount,550898.0,550898.0,gpgpu_n_tot_w_icount\s*=\s*(.*)
kernel,llm_layer,layer,H100-SASS-Accelwattch_SASS_SIM,nvjet_sm90_tst_128x8_64x12_4x1_v_bz_TNT,gpgpu_n_tot_w_icount,3099859.0,3099859.0,gpgpu_n_tot_w_icount\s*=\s*(.*)
kernel,llm_layer,layer,H100-SASS-Accelwattch_SASS_SIM,nvjet_sm90_tst_64x8_64x16_4x1_v_bz_splitK_TNT,gpgpu_n_tot_w_icount,2464162.0,2464162.0,gpgpu_n_tot_w_icount\s*=\s*(.*)
kernel,llm_layer,layer,H100-SASS-Accelwattch_SASS_SIM,_ZN4vllm25fused_add_rms_norm_kernelIN3c108BFloat16ELi8ELb1EEENSt9enable_ifIXaagtT0_Li0Esr4vllm12_typeConvertIT_EE6existsEvE4typeEPS4_lS7_PKS4_fiil,total dram reads,1581.0,1581.0,total dram reads\s*=\s*(.*)
kernel,llm_layer,layer,H100-SASS-Accelwattch_SASS_SIM,nvjet_sm90_tst_64x8_64x16_4x2_h_bz_bias_TNT,total dram reads,64584.0,64584.0,total dram reads\s*=\s*(.*)
kernel,llm_layer,layer,H100-SASS-Accelwattch_SASS_SIM,_ZN4vllm23rotary_embedding_kernelIN3c108BFloat16ES2_Lb1EEEvPKlPT_S6_PKT0_illliiilb,total dram reads,89.0,89.0,total dram reads\s*=\s*(.*)
kernel,llm_layer,layer,H100-SASS-Accelwattch_SASS_SIM,_ZN4vllm30reshape_and_cache_flash_kernelI13__nv_bfloat16S1_LNS_18Fp8KVCacheDataTypeE0EEEvPKT_S5_PT0_S7_PKlllllliiiPKfSB_i,total dram reads,5.0,5.0,total dram reads\s*=\s*(.*)
kernel,llm_layer,layer,H100-SASS-Accelwattch_SASS_SIM,_ZN7cutlass13device_kernelIN5flash20enable_sm90_or_laterINS1_16FlashAttnFwdSm90INS1_25CollectiveMainloopFwdSm90ILi2EN4cute5tupleIJNS5_1CILi1EEES8_S8_EEENS6_IJNS7_ILi192EEENS7_ILi128EEENS7_ILi64EEEEEELi64ENS_10bfloat16_tEfNS_4arch4Sm90ELb1ELb0ELb0ELb1ELb1ELb0ELb0ELb1ELb1ELb1ELb0ELb0ESE_Li1EEENS1_21CollectiveEpilogueFwdINS6_IJSA_SC_SB_EEES9_SE_SG_Li384ELb1ELb1ELb0ELb0ELi1EEENS1_36VarlenDynamicPersistentTileSchedulerILi192ELi128ELi384ELi128ELb0ELb1ELb1ELb1ELb0ELb1EEEEEEEEEvNT_6ParamsE,total dram reads,901.0,901.0,total dram reads\s*=\s*(.*)
kernel,llm_layer,layer,H100-SASS-Accelwattch_SASS_SIM,_ZN2at6native29vectorized_elementwise_kernelILi4ENS0_11FillFunctorIiEESt5arrayIPcLm1EEEEviT0_T1_,total dram reads,0.0,0.0,total dram reads\s*=\s*(.*)
kernel,llm_layer,layer,H100-SASS-Accelwattch_SASS_SIM,nvjet_sm90_tst_64x8_64x16_4x2_h_bz_TNT,total dram reads,50176.0,50176.0,total dram reads\s*=\s*(.*)
kernel,llm_layer,layer,H100-SASS-Accelwattch_SASS_SIM,nvjet_sm90_tst_128x16_64x11_4x1_v_bz_TNT,total dram reads,544768.0,544768.0,total dram reads\s*=\s*(.*)
kernel,llm_layer,layer,H100-SASS-Accelwattch_SASS_SIM,_ZN4vllm18act_and_mul_kernelIN3c108BFloat16E14__nv_bfloat162XadL_ZNS_11silu_kernelIS2_EET_RKS5_fEEXadL_ZNS_18packed_silu_kernelIS3_EES5_S7_fEELb1ELb1ELb0ELb0EEEvPS5_PS6_ifff,total dram reads,160.0,160.0,total dram reads\s*=\s*(.*)
kernel,llm_layer,layer,H100-SASS-Accelwattch_SASS_SIM,nvjet_sm90_tst_64x16_64x16_4x1_v_bz_splitK_TNT,total dram reads,272384.0,272384.0,total dram reads\s*=\s*(.*)
kernel,llm_layer,layer,H100-SASS-Accelwattch_SASS_SIM,_ZN8cublasLt19splitKreduce_kernelILi32ELi16Eif13__nv_bfloat16fS1_Lb0EfS1_S1_Lb1ELb0ELb0ELb0EEEvNS_18cublasSplitKParamsIT4_EEPKT2_PKT8_PT7_PT3_PKS3_SG_PKT9_S7_PSH_PvlPS3_PiSM_SM_SG_SG_SG_SG_SG_,total dram reads,40.0,40.0,total dram reads\s*=\s*(.*)
kernel,llm_layer,layer,H100-SASS-Accelwattch_SASS_SIM,nvjet_sm90_tst_64x8_64x16_4x1_v_bz_bias_TNT,total dram reads,62388.0,62388.0,total dram reads\s*=\s*(.*)
kernel,llm_layer,layer,H100-SASS-Accelwattch_SASS_SIM,_ZN7cutlass13device_kernelIN5flash20enable_sm90_or_laterINS1_16FlashAttnFwdSm90INS1_25CollectiveMainloopFwdSm90ILi2EN4cute5tupleIJNS5_1CILi1EEES8_S8_EEENS6_IJNS7_ILi64EEENS7_ILi192EEESA_EEELi64ENS_10bfloat16_tEfNS_4arch4Sm90ELb0ELb0ELb0ELb1ELb1ELb0ELb0ELb1ELb1ELb1ELb0ELb0ESD_Li1EEENS1_21CollectiveEpilogueFwdINS6_IJSA_SA_SB_EEES9_SD_SF_Li128ELb1ELb1ELb0ELb0ELi1EEENS1_36VarlenDynamicPersistentTileSchedulerILi64ELi192ELi128ELi128ELb0ELb1ELb1ELb0ELb0ELb1EEEEEEEEEvNT_6ParamsE,total dram reads,1113.0,1113.0,total dram reads\s*=\s*(.*)
kernel,llm_layer,layer,H100-SASS-Accelwattch_SASS_SIM,nvjet_sm90_tst_64x8_64x16_4x1_v_bz_TNT,total dram reads,51848.0,51848.0,total dram reads\s*=\s*(.*)
kernel,llm_layer,layer,H100-SASS-Accelwattch_SASS_SIM,nvjet_sm90_tst_128x8_64x12_4x1_v_bz_TNT,total dram reads,432056.0,432056.0,total dram reads\s*=\s*(.*)
kernel,llm_layer,layer,H100-SASS-Accelwattch_SASS_SIM,nvjet_sm90_tst_64x8_64x16_4x1_v_bz_splitK_TNT,total dram reads,270464.0,270464.0,total dram reads\s*=\s*(.*)
kernel,llm_layer,layer,H100-SASS-Accelwattch_SASS_SIM,_ZN4vllm25fused_add_rms_norm_kernelIN3c108BFloat16ELi8ELb1EEENSt9enable_ifIXaagtT0_Li0Esr4vllm12_typeConvertIT_EE6existsEvE4typeEPS4_lS7_PKS4_fiil,total dram writes,0.0,0.0,total dram writes\s*=\s*(.*)
kernel,llm_layer,layer,H100-SASS-Accelwattch_SASS_SIM,nvjet_sm90_tst_64x8_64x16_4x2_h_bz_bias_TNT,total dram writes,0.0,0.0,total dram writes\s*=\s*(.*)
kernel,llm_layer,layer,H100-SASS-Accelwattch_SASS_SIM,_ZN4vllm23rotary_embedding_kernelIN3c108BFloat16ES2_Lb1EEEvPKlPT_S6_PKT0_illliiilb,total dram writes,0.0,0.0,total dram writes\s*=\s*(.*)
kernel,llm_layer,layer,H100-SASS-Accelwattch_SASS_SIM,_ZN4vllm30reshape_and_cache_flash_kernelI13__nv_bfloat16S1_LNS_18Fp8KVCacheDataTypeE0EEEvPKT_S5_PT0_S7_PKlllllliiiPKfSB_i,total dram writes,0.0,0.0,total dram writes\s*=\s*(.*)
kernel,llm_layer,layer,H100-SASS-Accelwattch_SASS_SIM,_ZN7cutlass13device_kernelIN5flash20enable_sm90_or_laterINS1_16FlashAttnFwdSm90INS1_25CollectiveMainloopFwdSm90ILi2EN4cute5tupleIJNS5_1CILi1EEES8_S8_EEENS6_IJNS7_ILi192EEENS7_ILi128EEENS7_ILi64EEEEEELi64ENS_10bfloat16_tEfNS_4arch4Sm90ELb1ELb0ELb0ELb1ELb1ELb0ELb0ELb1ELb1ELb1ELb0ELb0ESE_Li1EEENS1_21CollectiveEpilogueFwdINS6_IJSA_SC_SB_EEES9_SE_SG_Li384ELb1ELb1ELb0ELb0ELi1EEENS1_36VarlenDynamicPersistentTileSchedulerILi192ELi128ELi384ELi128ELb0ELb1ELb1ELb1ELb0ELb1EEEEEEEEEvNT_6ParamsE,total dram writes,0.0,0.0,total dram writes\s*=\s*(.*)
kernel,llm_layer,layer,H100-SASS-Accelwattch_SASS_SIM,_ZN2at6native29vectorized_elementwise_kernelILi4ENS0_11FillFunctorIiEESt5arrayIPcLm1EEEEviT0_T1_,total dram writes,0.0,0.0,total dram writes\s*=\s*(.*)
kernel,llm_layer,layer,H100-SASS-Accelwattch_SASS_SIM,nvjet_sm90_tst_64x8_64x16_4x2_h_bz_TNT,total dram writes,0.0,0.0,total dram writes\s*=\s*(.*)
kernel,llm_layer,layer,H100-SASS-Accelwattch_SASS_SIM,nvjet_sm90_tst_128x16_64x11_4x1_v_bz_TNT,total dram writes,0.0,0.0,total dram writes\s*=\s*(.*)
kernel,llm_layer,layer,H100-SASS-Accelwattch_SASS_SIM,_ZN4vllm18act_and_mul_kernelIN3c108BFloat16E14__nv_bfloat162XadL_ZNS_11silu_kernelIS2_EET_RKS5_fEEXadL_ZNS_18packed_silu_kernelIS3_EES5_S7_fEELb1ELb1ELb0ELb0EEEvPS5_PS6_ifff,total dram writes,0.0,0.0,total dram writes\s*=\s*(.*)
kernel,llm_layer,layer,H100-SASS-Accelwattch_SASS_SIM,nvjet_sm90_tst_64x16_64x16_4x1_v_bz_splitK_TNT,total dram writes,1408.0,1408.0,total dram writes\s*=\s*(.*)
kernel,llm_layer,layer,H100-SASS-Accelwattch_SASS_SIM,_ZN8cublasLt19splitKreduce_kernelILi32ELi16Eif13__nv_bfloat16fS1_Lb0EfS1_S1_Lb1ELb0ELb0ELb0EEEvNS_18cublasSplitKParamsIT4_EEPKT2_PKT8_PT7_PT3_PKS3_SG_PKT9_S7_PSH_PvlPS3_PiSM_SM_SG_SG_SG_SG_SG_,total dram writes,0.0,0.0,total dram writes\s*=\s*(.*)
kernel,llm_layer,layer,H100-SASS-Accelwattch_SASS_SIM,nvjet_sm90_tst_64x8_64x16_4x1_v_bz_bias_TNT,total dram writes,680.0,680.0,total dram writes\s*=\s*(.*)
kernel,llm_layer,layer,H100-SASS-Accelwattch_SASS_SIM,_ZN7cutlass13device_kernelIN5flash20enable_sm90_or_laterINS1_16FlashAttnFwdSm90INS1_25CollectiveMainloopFwdSm90ILi2EN4cute5tupleIJNS5_1CILi1EEES8_S8_EEENS6_IJNS7_ILi64EEENS7_ILi192EEESA_EEELi64ENS_10bfloat16_tEfNS_4arch4Sm90ELb0ELb0ELb0ELb1ELb1ELb0ELb0ELb1ELb1ELb1ELb0ELb0ESD_Li1EEENS1_21CollectiveEpilogueFwdINS6_IJSA_SA_SB_EEES9_SD_SF_Li128ELb1ELb1ELb0ELb0ELi1EEENS1_36VarlenDynamicPersistentTileSchedulerILi64ELi192ELi128ELi128ELb0ELb1ELb1ELb0ELb0ELb1EEEEEEEEEvNT_6ParamsE,total dram writes,52.0,52.0,total dram writes\s*=\s*(.*)
kernel,llm_layer,layer,H100-SASS-Accelwattch_SASS_SIM,nvjet_sm90_tst_64x8_64x16_4x1_v_bz_TNT,total dram writes,1916.0,1916.0,total dram writes\s*=\s*(.*)
kernel,llm_layer,layer,H100-SASS-Accelwattch_SASS_SIM,nvjet_sm90_tst_128x8_64x12_4x1_v_bz_TNT,total dram writes,15158.0,15158.0,total dram writes\s*=\s*(.*)
kernel,llm_layer,layer,H100-SASS-Accelwattch_SASS_SIM,nvjet_sm90_tst_64x8_64x16_4x1_v_bz_splitK_TNT,total dram writes,4062.0,4062.0,total dram writes\s*=\s*(.*)
kernel,llm_layer,layer,H100-SASS-Accelwattch_SASS_SIM,_ZN4vllm25fused_add_rms_norm_kernelIN3c108BFloat16ELi8ELb1EEENSt9enable_ifIXaagtT0_Li0Esr4vllm12_typeConvertIT_EE6existsEvE4typeEPS4_lS7_PKS4_fiil,kernel_launch_uid,16.0,16.0,kernel_launch_uid\s*=\s*(.*)
kernel,llm_layer,layer,H100-SASS-Accelwattch_SASS_SIM,nvjet_sm90_tst_64x8_64x16_4x2_h_bz_bias_TNT,kernel_launch_uid,1.0,1.0,kernel_launch_uid\s*=\s*(.*)
kernel,llm_layer,layer,H100-SASS-Accelwattch_SASS_SIM,_ZN4vllm23rotary_embedding_kernelIN3c108BFloat16ES2_Lb1EEEvPKlPT_S6_PKT0_illliiilb,kernel_launch_uid,8.0,8.0,kernel_launch_uid\s*=\s*(.*)
kernel,llm_layer,layer,H100-SASS-Accelwattch_SASS_SIM,_ZN4vllm30reshape_and_cache_flash_kernelI13__nv_bfloat16S1_LNS_18Fp8KVCacheDataTypeE0EEEvPKT_S5_PT0_S7_PKlllllliiiPKfSB_i,kernel_launch_uid,8.0,8.0,kernel_launch_uid\s*=\s*(.*)
kernel,llm_layer,layer,H100-SASS-Accelwattch_SASS_SIM,_ZN7cutlass13device_kernelIN5flash20enable_sm90_or_laterINS1_16FlashAttnFwdSm90INS1_25CollectiveMainloopFwdSm90ILi2EN4cute5tupleIJNS5_1CILi1EEES8_S8_EEENS6_IJNS7_ILi192EEENS7_ILi128EEENS7_ILi64EEEEEELi64ENS_10bfloat16_tEfNS_4arch4Sm90ELb1ELb0ELb0ELb1ELb1ELb0ELb0ELb1ELb1ELb1ELb0ELb0ESE_Li1EEENS1_21CollectiveEpilogueFwdINS6_IJSA_SC_SB_EEES9_SE_SG_Li384ELb1ELb1ELb0ELb0ELi1EEENS1_36VarlenDynamicPersistentTileSchedulerILi192ELi128ELi384ELi128ELb0ELb1ELb1ELb1ELb0ELb1EEEEEEEEEvNT_6ParamsE,kernel_launch_uid,1.0,1.0,kernel_launch_uid\s*=\s*(.*)
kernel,llm_layer,layer,H100-SASS-Accelwattch_SASS_SIM,_ZN2at6native29vectorized_elementwise_kernelILi4ENS0_11FillFunctorIiEESt5arrayIPcLm1EEEEviT0_T1_,kernel_launch_uid,8.0,8.0,kernel_launch_uid\s*=\s*(.*)
kernel,llm_layer,layer,H100-SASS-Accelwattch_SASS_SIM,nvjet_sm90_tst_64x8_64x16_4x2_h_bz_TNT,kernel_launch_uid,1.0,1.0,kernel_launch_uid\s*=\s*(.*)
kernel,llm_layer,layer,H100-SASS-Accelwattch_SASS_SIM,nvjet_sm90_tst_128x16_64x11_4x1_v_bz_TNT,kernel_launch_uid,1.0,1.0,kernel_launch_uid\s*=\s*(.*)
kernel,llm_layer,layer,H100-SASS-Accelwattch_SASS_SIM,_ZN4vllm18act_and_mul_kernelIN3c108BFloat16E14__nv_bfloat162XadL_ZNS_11silu_kernelIS2_EET_RKS5_fEEXadL_ZNS_18packed_silu_kernelIS3_EES5_S7_fEELb1ELb1ELb0ELb0EEEvPS5_PS6_ifff,kernel_launch_uid,8.0,8.0,kernel_launch_uid\s*=\s*(.*)
kernel,llm_layer,layer,H100-SASS-Accelwattch_SASS_SIM,nvjet_sm90_tst_64x16_64x16_4x1_v_bz_splitK_TNT,kernel_launch_uid,1.0,1.0,kernel_launch_uid\s*=\s*(.*)
kernel,llm_layer,layer,H100-SASS-Accelwattch_SASS_SIM,_ZN8cublasLt19splitKreduce_kernelILi32ELi16Eif13__nv_bfloat16fS1_Lb0EfS1_S1_Lb1ELb0ELb0ELb0EEEvNS_18cublasSplitKParamsIT4_EEPKT2_PKT8_PT7_PT3_PKS3_SG_PKT9_S7_PSH_PvlPS3_PiSM_SM_SG_SG_SG_SG_SG_,kernel_launch_uid,8.0,8.0,kernel_launch_uid\s*=\s*(.*)
kernel,llm_layer,layer,H100-SASS-Accelwattch_SASS_SIM,nvjet_sm90_tst_64x8_64x16_4x1_v_bz_bias_TNT,kernel_launch_uid,7.0,7.0,kernel_launch_uid\s*=\s*(.*)
kernel,llm_layer,layer,H100-SASS-Accelwattch_SASS_SIM,_ZN7cutlass13device_kernelIN5flash20enable_sm90_or_laterINS1_16FlashAttnFwdSm90INS1_25CollectiveMainloopFwdSm90ILi2EN4cute5tupleIJNS5_1CILi1EEES8_S8_EEENS6_IJNS7_ILi64EEENS7_ILi192EEESA_EEELi64ENS_10bfloat16_tEfNS_4arch4Sm90ELb0ELb0ELb0ELb1ELb1ELb0ELb0ELb1ELb1ELb1ELb0ELb0ESD_Li1EEENS1_21CollectiveEpilogueFwdINS6_IJSA_SA_SB_EEES9_SD_SF_Li128ELb1ELb1ELb0ELb0ELi1EEENS1_36VarlenDynamicPersistentTileSchedulerILi64ELi192ELi128ELi128ELb0ELb1ELb1ELb0ELb0ELb1EEEEEEEEEvNT_6ParamsE,kernel_launch_uid,7.0,7.0,kernel_launch_uid\s*=\s*(.*)
kernel,llm_layer,layer,H100-SASS-Accelwattch_SASS_SIM,nvjet_sm90_tst_64x8_64x16_4x1_v_bz_TNT,kernel_launch_uid,7.0,7.0,kernel_launch_uid\s*=\s*(.*)
kernel,llm_layer,layer,H100-SASS-Accelwattch_SASS_SIM,nvjet_sm90_tst_128x8_64x12_4x1_v_bz_TNT,kernel_launch_uid,7.0,7.0,kernel_launch_uid\s*=\s*(.*)
kernel,llm_layer,layer,H100-SASS-Accelwattch_SASS_SIM,nvjet_sm90_tst_64x8_64x16_4x1_v_bz_splitK_TNT,kernel_launch_uid,7.0,7.0,kernel_launch_uid\s*=\s*(.*)
kernel,llm_layer,layer,H100-SASS-Accelwattch_SASS_SIM,_ZN4vllm25fused_add_rms_norm_kernelIN3c108BFloat16ELi8ELb1EEENSt9enable_ifIXaagtT0_Li0Esr4vllm12_typeConvertIT_EE6existsEvE4typeEPS4_lS7_PKS4_fiil,gpgpu_n_shmem_bkconflict,0.0,0.0,gpgpu_n_shmem_bkconflict\s*=\s*(.*)
kernel,llm_layer,layer,H100-SASS-Accelwattch_SASS_SIM,nvjet_sm90_tst_64x8_64x16_4x2_h_bz_bias_TNT,gpgpu_n_shmem_bkconflict,0.0,0.0,gpgpu_n_shmem_bkconflict\s*=\s*(.*)
kernel,llm_layer,layer,H100-SASS-Accelwattch_SASS_SIM,_ZN4vllm23rotary_embedding_kernelIN3c108BFloat16ES2_Lb1EEEvPKlPT_S6_PKT0_illliiilb,gpgpu_n_shmem_bkconflict,0.0,0.0,gpgpu_n_shmem_bkconflict\s*=\s*(.*)
kernel,llm_layer,layer,H100-SASS-Accelwattch_SASS_SIM,_ZN4vllm30reshape_and_cache_flash_kernelI13__nv_bfloat16S1_LNS_18Fp8KVCacheDataTypeE0EEEvPKT_S5_PT0_S7_PKlllllliiiPKfSB_i,gpgpu_n_shmem_bkconflict,0.0,0.0,gpgpu_n_shmem_bkconflict\s*=\s*(.*)
kernel,llm_layer,layer,H100-SASS-Accelwattch_SASS_SIM,_ZN7cutlass13device_kernelIN5flash20enable_sm90_or_laterINS1_16FlashAttnFwdSm90INS1_25CollectiveMainloopFwdSm90ILi2EN4cute5tupleIJNS5_1CILi1EEES8_S8_EEENS6_IJNS7_ILi192EEENS7_ILi128EEENS7_ILi64EEEEEELi64ENS_10bfloat16_tEfNS_4arch4Sm90ELb1ELb0ELb0ELb1ELb1ELb0ELb0ELb1ELb1ELb1ELb0ELb0ESE_Li1EEENS1_21CollectiveEpilogueFwdINS6_IJSA_SC_SB_EEES9_SE_SG_Li384ELb1ELb1ELb0ELb0ELi1EEENS1_36VarlenDynamicPersistentTileSchedulerILi192ELi128ELi384ELi128ELb0ELb1ELb1ELb1ELb0ELb1EEEEEEEEEvNT_6ParamsE,gpgpu_n_shmem_bkconflict,0.0,0.0,gpgpu_n_shmem_bkconflict\s*=\s*(.*)
kernel,llm_layer,layer,H100-SASS-Accelwattch_SASS_SIM,_ZN2at6native29vectorized_elementwise_kernelILi4ENS0_11FillFunctorIiEESt5arrayIPcLm1EEEEviT0_T1_,gpgpu_n_shmem_bkconflict,0.0,0.0,gpgpu_n_shmem_bkconflict\s*=\s*(.*)
kernel,llm_layer,layer,H100-SASS-Accelwattch_SASS_SIM,nvjet_sm90_tst_64x8_64x16_4x2_h_bz_TNT,gpgpu_n_shmem_bkconflict,0.0,0.0,gpgpu_n_shmem_bkconflict\s*=\s*(.*)
kernel,llm_layer,layer,H100-SASS-Accelwattch_SASS_SIM,nvjet_sm90_tst_128x16_64x11_4x1_v_bz_TNT,gpgpu_n_shmem_bkconflict,0.0,0.0,gpgpu_n_shmem_bkconflict\s*=\s*(.*)
kernel,llm_layer,layer,H100-SASS-Accelwattch_SASS_SIM,_ZN4vllm18act_and_mul_kernelIN3c108BFloat16E14__nv_bfloat162XadL_ZNS_11silu_kernelIS2_EET_RKS5_fEEXadL_ZNS_18packed_silu_kernelIS3_EES5_S7_fEELb1ELb1ELb0ELb0EEEvPS5_PS6_ifff,gpgpu_n_shmem_bkconflict,0.0,0.0,gpgpu_n_shmem_bkconflict\s*=\s*(.*)
kernel,llm_layer,layer,H100-SASS-Accelwattch_SASS_SIM,nvjet_sm90_tst_64x16_64x16_4x1_v_bz_splitK_TNT,gpgpu_n_shmem_bkconflict,0.0,0.0,gpgpu_n_shmem_bkconflict\s*=\s*(.*)
kernel,llm_layer,layer,H100-SASS-Accelwattch_SASS_SIM,_ZN8cublasLt19splitKreduce_kernelILi32ELi16Eif13__nv_bfloat16fS1_Lb0EfS1_S1_Lb1ELb0ELb0ELb0EEEvNS_18cublasSplitKParamsIT4_EEPKT2_PKT8_PT7_PT3_PKS3_SG_PKT9_S7_PSH_PvlPS3_PiSM_SM_SG_SG_SG_SG_SG_,gpgpu_n_shmem_bkconflict,0.0,0.0,gpgpu_n_shmem_bkconflict\s*=\s*(.*)
kernel,llm_layer,layer,H100-SASS-Accelwattch_SASS_SIM,nvjet_sm90_tst_64x8_64x16_4x1_v_bz_bias_TNT,gpgpu_n_shmem_bkconflict,0.0,0.0,gpgpu_n_shmem_bkconflict\s*=\s*(.*)
kernel,llm_layer,layer,H100-SASS-Accelwattch_SASS_SIM,_ZN7cutlass13device_kernelIN5flash20enable_sm90_or_laterINS1_16FlashAttnFwdSm90INS1_25CollectiveMainloopFwdSm90ILi2EN4cute5tupleIJNS5_1CILi1EEES8_S8_EEENS6_IJNS7_ILi64EEENS7_ILi192EEESA_EEELi64ENS_10bfloat16_tEfNS_4arch4Sm90ELb0ELb0ELb0ELb1ELb1ELb0ELb0ELb1ELb1ELb1ELb0ELb0ESD_Li1EEENS1_21CollectiveEpilogueFwdINS6_IJSA_SA_SB_EEES9_SD_SF_Li128ELb1ELb1ELb0ELb0ELi1EEENS1_36VarlenDynamicPersistentTileSchedulerILi64ELi192ELi128ELi128ELb0ELb1ELb1ELb0ELb0ELb1EEEEEEEEEvNT_6ParamsE,gpgpu_n_shmem_bkconflict,0.0,0.0,gpgpu_n_shmem_bkconflict\s*=\s*(.*)
kernel,llm_layer,layer,H100-SASS-Accelwattch_SASS_SIM,nvjet_sm90_tst_64x8_64x16_4x1_v_bz_TNT,gpgpu_n_shmem_bkconflict,0.0,0.0,gpgpu_n_shmem_bkconflict\s*=\s*(.*)
kernel,llm_layer,layer,H100-SASS-Accelwattch_SASS_SIM,nvjet_sm90_tst_128x8_64x12_4x1_v_bz_TNT,gpgpu_n_shmem_bkconflict,0.0,0.0,gpgpu_n_shmem_bkconflict\s*=\s*(.*)
kernel,llm_layer,layer,H100-SASS-Accelwattch_SASS_SIM,nvjet_sm90_tst_64x8_64x16_4x1_v_bz_splitK_TNT,gpgpu_n_shmem_bkconflict,0.0,0.0,gpgpu_n_shmem_bkconflict\s*=\s*(.*)
kernel,llm_layer,layer,H100-SASS-Accelwattch_SASS_SIM,_ZN4vllm25fused_add_rms_norm_kernelIN3c108BFloat16ELi8ELb1EEENSt9enable_ifIXaagtT0_Li0Esr4vllm12_typeConvertIT_EE6existsEvE4typeEPS4_lS7_PKS4_fiil,gpgpu_n_l1cache_bkconflict,0.0,0.0,gpgpu_n_l1cache_bkconflict\s*=\s*(.*)
kernel,llm_layer,layer,H100-SASS-Accelwattch_SASS_SIM,nvjet_sm90_tst_64x8_64x16_4x2_h_bz_bias_TNT,gpgpu_n_l1cache_bkconflict,0.0,0.0,gpgpu_n_l1cache_bkconflict\s*=\s*(.*)
kernel,llm_layer,layer,H100-SASS-Accelwattch_SASS_SIM,_ZN4vllm23rotary_embedding_kernelIN3c108BFloat16ES2_Lb1EEEvPKlPT_S6_PKT0_illliiilb,gpgpu_n_l1cache_bkconflict,0.0,0.0,gpgpu_n_l1cache_bkconflict\s*=\s*(.*)
kernel,llm_layer,layer,H100-SASS-Accelwattch_SASS_SIM,_ZN4vllm30reshape_and_cache_flash_kernelI13__nv_bfloat16S1_LNS_18Fp8KVCacheDataTypeE0EEEvPKT_S5_PT0_S7_PKlllllliiiPKfSB_i,gpgpu_n_l1cache_bkconflict,0.0,0.0,gpgpu_n_l1cache_bkconflict\s*=\s*(.*)
kernel,llm_layer,layer,H100-SASS-Accelwattch_SASS_SIM,_ZN7cutlass13device_kernelIN5flash20enable_sm90_or_laterINS1_16FlashAttnFwdSm90INS1_25CollectiveMainloopFwdSm90ILi2EN4cute5tupleIJNS5_1CILi1EEES8_S8_EEENS6_IJNS7_ILi192EEENS7_ILi128EEENS7_ILi64EEEEEELi64ENS_10bfloat16_tEfNS_4arch4Sm90ELb1ELb0ELb0ELb1ELb1ELb0ELb0ELb1ELb1ELb1ELb0ELb0ESE_Li1EEENS1_21CollectiveEpilogueFwdINS6_IJSA_SC_SB_EEES9_SE_SG_Li384ELb1ELb1ELb0ELb0ELi1EEENS1_36VarlenDynamicPersistentTileSchedulerILi192ELi128ELi384ELi128ELb0ELb1ELb1ELb1ELb0ELb1EEEEEEEEEvNT_6ParamsE,gpgpu_n_l1cache_bkconflict,1534.0,1534.0,gpgpu_n_l1cache_bkconflict\s*=\s*(.*)
kernel,llm_layer,layer,H100-SASS-Accelwattch_SASS_SIM,_ZN2at6native29vectorized_elementwise_kernelILi4ENS0_11FillFunctorIiEESt5arrayIPcLm1EEEEviT0_T1_,gpgpu_n_l1cache_bkconflict,0.0,0.0,gpgpu_n_l1cache_bkconflict\s*=\s*(.*)
kernel,llm_layer,layer,H100-SASS-Accelwattch_SASS_SIM,nvjet_sm90_tst_64x8_64x16_4x2_h_bz_TNT,gpgpu_n_l1cache_bkconflict,0.0,0.0,gpgpu_n_l1cache_bkconflict\s*=\s*(.*)
kernel,llm_layer,layer,H100-SASS-Accelwattch_SASS_SIM,nvjet_sm90_tst_128x16_64x11_4x1_v_bz_TNT,gpgpu_n_l1cache_bkconflict,0.0,0.0,gpgpu_n_l1cache_bkconflict\s*=\s*(.*)
kernel,llm_layer,layer,H100-SASS-Accelwattch_SASS_SIM,_ZN4vllm18act_and_mul_kernelIN3c108BFloat16E14__nv_bfloat162XadL_ZNS_11silu_kernelIS2_EET_RKS5_fEEXadL_ZNS_18packed_silu_kernelIS3_EES5_S7_fEELb1ELb1ELb0ELb0EEEvPS5_PS6_ifff,gpgpu_n_l1cache_bkconflict,6007.0,6007.0,gpgpu_n_l1cache_bkconflict\s*=\s*(.*)
kernel,llm_layer,layer,H100-SASS-Accelwattch_SASS_SIM,nvjet_sm90_tst_64x16_64x16_4x1_v_bz_splitK_TNT,gpgpu_n_l1cache_bkconflict,0.0,0.0,gpgpu_n_l1cache_bkconflict\s*=\s*(.*)
kernel,llm_layer,layer,H100-SASS-Accelwattch_SASS_SIM,_ZN8cublasLt19splitKreduce_kernelILi32ELi16Eif13__nv_bfloat16fS1_Lb0EfS1_S1_Lb1ELb0ELb0ELb0EEEvNS_18cublasSplitKParamsIT4_EEPKT2_PKT8_PT7_PT3_PKS3_SG_PKT9_S7_PSH_PvlPS3_PiSM_SM_SG_SG_SG_SG_SG_,gpgpu_n_l1cache_bkconflict,0.0,0.0,gpgpu_n_l1cache_bkconflict\s*=\s*(.*)
kernel,llm_layer,layer,H100-SASS-Accelwattch_SASS_SIM,nvjet_sm90_tst_64x8_64x16_4x1_v_bz_bias_TNT,gpgpu_n_l1cache_bkconflict,0.0,0.0,gpgpu_n_l1cache_bkconflict\s*=\s*(.*)
kernel,llm_layer,layer,H100-SASS-Accelwattch_SASS_SIM,_ZN7cutlass13device_kernelIN5flash20enable_sm90_or_laterINS1_16FlashAttnFwdSm90INS1_25CollectiveMainloopFwdSm90ILi2EN4cute5tupleIJNS5_1CILi1EEES8_S8_EEENS6_IJNS7_ILi64EEENS7_ILi192EEESA_EEELi64ENS_10bfloat16_tEfNS_4arch4Sm90ELb0ELb0ELb0ELb1ELb1ELb0ELb0ELb1ELb1ELb1ELb0ELb0ESD_Li1EEENS1_21CollectiveEpilogueFwdINS6_IJSA_SA_SB_EEES9_SD_SF_Li128ELb1ELb1ELb0ELb0ELi1EEENS1_36VarlenDynamicPersistentTileSchedulerILi64ELi192ELi128ELi128ELb0ELb1ELb1ELb0ELb0ELb1EEEEEEEEEvNT_6ParamsE,gpgpu_n_l1cache_bkconflict,1667.0,1667.0,gpgpu_n_l1cache_bkconflict\s*=\s*(.*)
kernel,llm_layer,layer,H100-SASS-Accelwattch_SASS_SIM,nvjet_sm90_tst_64x8_64x16_4x1_v_bz_TNT,gpgpu_n_l1cache_bkconflict,0.0,0.0,gpgpu_n_l1cache_bkconflict\s*=\s*(.*)
kernel,llm_layer,layer,H100-SASS-Accelwattch_SASS_SIM,nvjet_sm90_tst_128x8_64x12_4x1_v_bz_TNT,gpgpu_n_l1cache_bkconflict,0.0,0.0,gpgpu_n_l1cache_bkconflict\s*=\s*(.*)
kernel,llm_layer,layer,H100-SASS-Accelwattch_SASS_SIM,nvjet_sm90_tst_64x8_64x16_4x1_v_bz_splitK_TNT,gpgpu_n_l1cache_bkconflict,0.0,0.0,gpgpu_n_l1cache_bkconflict\s*=\s*(.*)
kernel,llm_layer,layer,H100-SASS-Accelwattch_SASS_SIM,_ZN4vllm25fused_add_rms_norm_kernelIN3c108BFloat16ELi8ELb1EEENSt9enable_ifIXaagtT0_Li0Esr4vllm12_typeConvertIT_EE6existsEvE4typeEPS4_lS7_PKS4_fiil,gpu_ipc,11.723,11.7230,gpu_ipc\s*=\s*(.*)
kernel,llm_layer,layer,H100-SASS-Accelwattch_SASS_SIM,nvjet_sm90_tst_64x8_64x16_4x2_h_bz_bias_TNT,gpu_ipc,788.5249,788.5249,gpu_ipc\s*=\s*(.*)
kernel,llm_layer,layer,H100-SASS-Accelwattch_SASS_SIM,_ZN4vllm23rotary_embedding_kernelIN3c108BFloat16ES2_Lb1EEEvPKlPT_S6_PKT0_illliiilb,gpu_ipc,10.2478,10.2478,gpu_ipc\s*=\s*(.*)
kernel,llm_layer,layer,H100-SASS-Accelwattch_SASS_SIM,_ZN4vllm30reshape_and_cache_flash_kernelI13__nv_bfloat16S1_LNS_18Fp8KVCacheDataTypeE0EEEvPKT_S5_PT0_S7_PKlllllliiiPKfSB_i,gpu_ipc,3.3813,3.3813,gpu_ipc\s*=\s*(.*)
kernel,llm_layer,layer,H100-SASS-Accelwattch_SASS_SIM,_ZN7cutlass13device_kernelIN5flash20enable_sm90_or_laterINS1_16FlashAttnFwdSm90INS1_25CollectiveMainloopFwdSm90ILi2EN4cute5tupleIJNS5_1CILi1EEES8_S8_EEENS6_IJNS7_ILi192EEENS7_ILi128EEENS7_ILi64EEEEEELi64ENS_10bfloat16_tEfNS_4arch4Sm90ELb1ELb0ELb0ELb1ELb1ELb0ELb0ELb1ELb1ELb1ELb0ELb0ESE_Li1EEENS1_21CollectiveEpilogueFwdINS6_IJSA_SC_SB_EEES9_SE_SG_Li384ELb1ELb1ELb0ELb0ELi1EEENS1_36VarlenDynamicPersistentTileSchedulerILi192ELi128ELi384ELi128ELb0ELb1ELb1ELb1ELb0ELb1EEEEEEEEEvNT_6ParamsE,gpu_ipc,362.147,362.1470,gpu_ipc\s*=\s*(.*)
kernel,llm_layer,layer,H100-SASS-Accelwattch_SASS_SIM,_ZN2at6native29vectorized_elementwise_kernelILi4ENS0_11FillFunctorIiEESt5arrayIPcLm1EEEEviT0_T1_,gpu_ipc,0.8811,0.8811,gpu_ipc\s*=\s*(.*)
kernel,llm_layer,layer,H100-SASS-Accelwattch_SASS_SIM,nvjet_sm90_tst_64x8_64x16_4x2_h_bz_TNT,gpu_ipc,658.3301,658.3301,gpu_ipc\s*=\s*(.*)
kernel,llm_layer,layer,H100-SASS-Accelwattch_SASS_SIM,nvjet_sm90_tst_128x16_64x11_4x1_v_bz_TNT,gpu_ipc,875.5679,875.5679,gpu_ipc\s*=\s*(.*)
kernel,llm_layer,layer,H100-SASS-Accelwattch_SASS_SIM,_ZN4vllm18act_and_mul_kernelIN3c108BFloat16E14__nv_bfloat162XadL_ZNS_11silu_kernelIS2_EET_RKS5_fEEXadL_ZNS_18packed_silu_kernelIS3_EES5_S7_fEELb1ELb1ELb0ELb0EEEvPS5_PS6_ifff,gpu_ipc,27.6268,27.6268,gpu_ipc\s*=\s*(.*)
kernel,llm_layer,layer,H100-SASS-Accelwattch_SASS_SIM,nvjet_sm90_tst_64x16_64x16_4x1_v_bz_splitK_TNT,gpu_ipc,927.8337,927.8337,gpu_ipc\s*=\s*(.*)
kernel,llm_layer,layer,H100-SASS-Accelwattch_SASS_SIM,_ZN8cublasLt19splitKreduce_kernelILi32ELi16Eif13__nv_bfloat16fS1_Lb0EfS1_S1_Lb1ELb0ELb0ELb0EEEvNS_18cublasSplitKParamsIT4_EEPKT2_PKT8_PT7_PT3_PKS3_SG_PKT9_S7_PSH_PvlPS3_PiSM_SM_SG_SG_SG_SG_SG_,gpu_ipc,116.8081,116.8081,gpu_ipc\s*=\s*(.*)
kernel,llm_layer,layer,H100-SASS-Accelwattch_SASS_SIM,nvjet_sm90_tst_64x8_64x16_4x1_v_bz_bias_TNT,gpu_ipc,398.2102,398.2102,gpu_ipc\s*=\s*(.*)
kernel,llm_layer,layer,H100-SASS-Accelwattch_SASS_SIM,_ZN7cutlass13device_kernelIN5flash20enable_sm90_or_laterINS1_16FlashAttnFwdSm90INS1_25CollectiveMainloopFwdSm90ILi2EN4cute5tupleIJNS5_1CILi1EEES8_S8_EEENS6_IJNS7_ILi64EEENS7_ILi192EEESA_EEELi64ENS_10bfloat16_tEfNS_4arch4Sm90ELb0ELb0ELb0ELb1ELb1ELb0ELb0ELb1ELb1ELb1ELb0ELb0ESD_Li1EEENS1_21CollectiveEpilogueFwdINS6_IJSA_SA_SB_EEES9_SD_SF_Li128ELb1ELb1ELb0ELb0ELi1EEENS1_36VarlenDynamicPersistentTileSchedulerILi64ELi192ELi128ELi128ELb0ELb1ELb1ELb0ELb0ELb1EEEEEEEEEvNT_6ParamsE,gpu_ipc,281.607,281.6070,gpu_ipc\s*=\s*(.*)
kernel,llm_layer,layer,H100-SASS-Accelwattch_SASS_SIM,nvjet_sm90_tst_64x8_64x16_4x1_v_bz_TNT,gpu_ipc,323.7031,323.7031,gpu_ipc\s*=\s*(.*)
kernel,llm_layer,layer,H100-SASS-Accelwattch_SASS_SIM,nvjet_sm90_tst_128x8_64x12_4x1_v_bz_TNT,gpu_ipc,1124.0854,1124.0854,gpu_ipc\s*=\s*(.*)
kernel,llm_layer,layer,H100-SASS-Accelwattch_SASS_SIM,nvjet_sm90_tst_64x8_64x16_4x1_v_bz_splitK_TNT,gpu_ipc,1070.7513,1070.7513,gpu_ipc\s*=\s*(.*)
kernel,llm_layer,layer,H100-SASS-Accelwattch_SASS_SIM,_ZN4vllm25fused_add_rms_norm_kernelIN3c108BFloat16ELi8ELb1EEENSt9enable_ifIXaagtT0_Li0Esr4vllm12_typeConvertIT_EE6existsEvE4typeEPS4_lS7_PKS4_fiil,gpu_occupancy,30.7978,30.7978,gpu_occupancy\s*=\s*(.*)%
kernel,llm_layer,layer,H100-SASS-Accelwattch_SASS_SIM,nvjet_sm90_tst_64x8_64x16_4x2_h_bz_bias_TNT,gpu_occupancy,12.2929,12.2929,gpu_occupancy\s*=\s*(.*)%
kernel,llm_layer,layer,H100-SASS-Accelwattch_SASS_SIM,_ZN4vllm23rotary_embedding_kernelIN3c108BFloat16ES2_Lb1EEEvPKlPT_S6_PKT0_illliiilb,gpu_occupancy,17.5763,17.5763,gpu_occupancy\s*=\s*(.*)%
kernel,llm_layer,layer,H100-SASS-Accelwattch_SASS_SIM,_ZN4vllm30reshape_and_cache_flash_kernelI13__nv_bfloat16S1_LNS_18Fp8KVCacheDataTypeE0EEEvPKT_S5_PT0_S7_PKlllllliiiPKfSB_i,gpu_occupancy,4.2957,4.2957,gpu_occupancy\s*=\s*(.*)%
kernel,llm_layer,layer,H100-SASS-Accelwattch_SASS_SIM,_ZN7cutlass13device_kernelIN5flash20enable_sm90_or_laterINS1_16FlashAttnFwdSm90INS1_25CollectiveMainloopFwdSm90ILi2EN4cute5tupleIJNS5_1CILi1EEES8_S8_EEENS6_IJNS7_ILi192EEENS7_ILi128EEENS7_ILi64EEEEEELi64ENS_10bfloat16_tEfNS_4arch4Sm90ELb1ELb0ELb0ELb1ELb1ELb0ELb0ELb1ELb1ELb1ELb0ELb0ESE_Li1EEENS1_21CollectiveEpilogueFwdINS6_IJSA_SC_SB_EEES9_SE_SG_Li384ELb1ELb1ELb0ELb0ELi1EEENS1_36VarlenDynamicPersistentTileSchedulerILi192ELi128ELi384ELi128ELb0ELb1ELb1ELb1ELb0ELb1EEEEEEEEEvNT_6ParamsE,gpu_occupancy,22.0216,22.0216,gpu_occupancy\s*=\s*(.*)%
kernel,llm_layer,layer,H100-SASS-Accelwattch_SASS_SIM,_ZN2at6native29vectorized_elementwise_kernelILi4ENS0_11FillFunctorIiEESt5arrayIPcLm1EEEEviT0_T1_,gpu_occupancy,2.7682,2.7682,gpu_occupancy\s*=\s*(.*)%
kernel,llm_layer,layer,H100-SASS-Accelwattch_SASS_SIM,nvjet_sm90_tst_64x8_64x16_4x2_h_bz_TNT,gpu_occupancy,13.092,13.0920,gpu_occupancy\s*=\s*(.*)%
kernel,llm_layer,layer,H100-SASS-Accelwattch_SASS_SIM,nvjet_sm90_tst_128x16_64x11_4x1_v_bz_TNT,gpu_occupancy,13.8173,13.8173,gpu_occupancy\s*=\s*(.*)%
kernel,llm_layer,layer,H100-SASS-Accelwattch_SASS_SIM,_ZN4vllm18act_and_mul_kernelIN3c108BFloat16E14__nv_bfloat162XadL_ZNS_11silu_kernelIS2_EET_RKS5_fEEXadL_ZNS_18packed_silu_kernelIS3_EES5_S7_fEELb1ELb1ELb0ELb0EEEvPS5_PS6_ifff,gpu_occupancy,27.3765,27.3765,gpu_occupancy\s*=\s*(.*)%
kernel,llm_layer,layer,H100-SASS-Accelwattch_SASS_SIM,nvjet_sm90_tst_64x16_64x16_4x1_v_bz_splitK_TNT,gpu_occupancy,13.6728,13.6728,gpu_occupancy\s*=\s*(.*)%
kernel,llm_layer,layer,H100-SASS-Accelwattch_SASS_SIM,_ZN8cublasLt19splitKreduce_kernelILi32ELi16Eif13__nv_bfloat16fS1_Lb0EfS1_S1_Lb1ELb0ELb0ELb0EEEvNS_18cublasSplitKParamsIT4_EEPKT2_PKT8_PT7_PT3_PKS3_SG_PKT9_S7_PSH_PvlPS3_PiSM_SM_SG_SG_SG_SG_SG_,gpu_occupancy,4.913,4.9130,gpu_occupancy\s*=\s*(.*)%
kernel,llm_layer,layer,H100-SASS-Accelwattch_SASS_SIM,nvjet_sm90_tst_64x8_64x16_4x1_v_bz_bias_TNT,gpu_occupancy,12.7385,12.7385,gpu_occupancy\s*=\s*(.*)%
kernel,llm_layer,layer,H100-SASS-Accelwattch_SASS_SIM,_ZN7cutlass13device_kernelIN5flash20enable_sm90_or_laterINS1_16FlashAttnFwdSm90INS1_25CollectiveMainloopFwdSm90ILi2EN4cute5tupleIJNS5_1CILi1EEES8_S8_EEENS6_IJNS7_ILi64EEENS7_ILi192EEESA_EEELi64ENS_10bfloat16_tEfNS_4arch4Sm90ELb0ELb0ELb0ELb1ELb1ELb0ELb0ELb1ELb1ELb1ELb0ELb0ESD_Li1EEENS1_21CollectiveEpilogueFwdINS6_IJSA_SA_SB_EEES9_SD_SF_Li128ELb1ELb1ELb0ELb0ELi1EEENS1_36VarlenDynamicPersistentTileSchedulerILi64ELi192ELi128ELi128ELb0ELb1ELb1ELb0ELb0ELb1EEEEEEEEEvNT_6ParamsE,gpu_occupancy,11.442,11.4420,gpu_occupancy\s*=\s*(.*)%
kernel,llm_layer,layer,H100-SASS-Accelwattch_SASS_SIM,nvjet_sm90_tst_64x8_64x16_4x1_v_bz_TNT,gpu_occupancy,13.3018,13.3018,gpu_occupancy\s*=\s*(.*)%
kernel,llm_layer,layer,H100-SASS-Accelwattch_SASS_SIM,nvjet_sm90_tst_128x8_64x12_4x1_v_bz_TNT,gpu_occupancy,13.7083,13.7083,gpu_occupancy\s*=\s*(.*)%
kernel,llm_layer,layer,H100-SASS-Accelwattch_SASS_SIM,nvjet_sm90_tst_64x8_64x16_4x1_v_bz_splitK_TNT,gpu_occupancy,13.7018,13.7018,gpu_occupancy\s*=\s*(.*)%
kernel,llm_layer,layer,H100-SASS-Accelwattch_SASS_SIM,_ZN4vllm25fused_add_rms_norm_kernelIN3c108BFloat16ELi8ELb1EEENSt9enable_ifIXaagtT0_Li0Esr4vllm12_typeConvertIT_EE6existsEvE4typeEPS4_lS7_PKS4_fiil,L2_BW,3.3366,3.3366,L2_BW\s*=\s*(.*)\s*GB\/Sec
kernel,llm_layer,layer,H100-SASS-Accelwattch_SASS_SIM,nvjet_sm90_tst_64x8_64x16_4x2_h_bz_bias_TNT,L2_BW,605.5897,605.5897,L2_BW\s*=\s*(.*)\s*GB\/Sec
kernel,llm_layer,layer,H100-SASS-Accelwattch_SASS_SIM,_ZN4vllm23rotary_embedding_kernelIN3c108BFloat16ES2_Lb1EEEvPKlPT_S6_PKT0_illliiilb,L2_BW,1.5086,1.5086,L2_BW\s*=\s*(.*)\s*GB\/Sec
kernel,llm_layer,layer,H100-SASS-Accelwattch_SASS_SIM,_ZN4vllm30reshape_and_cache_flash_kernelI13__nv_bfloat16S1_LNS_18Fp8KVCacheDataTypeE0EEEvPKT_S5_PT0_S7_PKlllllliiiPKfSB_i,L2_BW,0.4436,0.4436,L2_BW\s*=\s*(.*)\s*GB\/Sec
kernel,llm_layer,layer,H100-SASS-Accelwattch_SASS_SIM,_ZN7cutlass13device_kernelIN5flash20enable_sm90_or_laterINS1_16FlashAttnFwdSm90INS1_25CollectiveMainloopFwdSm90ILi2EN4cute5tupleIJNS5_1CILi1EEES8_S8_EEENS6_IJNS7_ILi192EEENS7_ILi128EEENS7_ILi64EEEEEELi64ENS_10bfloat16_tEfNS_4arch4Sm90ELb1ELb0ELb0ELb1ELb1ELb0ELb0ELb1ELb1ELb1ELb0ELb0ESE_Li1EEENS1_21CollectiveEpilogueFwdINS6_IJSA_SC_SB_EEES9_SE_SG_Li384ELb1ELb1ELb0ELb0ELi1EEENS1_36VarlenDynamicPersistentTileSchedulerILi192ELi128ELi384ELi128ELb0ELb1ELb1ELb1ELb0ELb1EEEEEEEEEvNT_6ParamsE,L2_BW,37.6929,37.6929,L2_BW\s*=\s*(.*)\s*GB\/Sec
kernel,llm_layer,layer,H100-SASS-Accelwattch_SASS_SIM,_ZN2at6native29vectorized_elementwise_kernelILi4ENS0_11FillFunctorIiEESt5arrayIPcLm1EEEEviT0_T1_,L2_BW,0.0189,0.0189,L2_BW\s*=\s*(.*)\s*GB\/Sec
kernel,llm_layer,layer,H100-SASS-Accelwattch_SASS_SIM,nvjet_sm90_tst_64x8_64x16_4x2_h_bz_TNT,L2_BW,501.3532,501.3532,L2_BW\s*=\s*(.*)\s*GB\/Sec
kernel,llm_layer,layer,H100-SASS-Accelwattch_SASS_SIM,nvjet_sm90_tst_128x16_64x11_4x1_v_bz_TNT,L2_BW,2419.1405,2419.1405,L2_BW\s*=\s*(.*)\s*GB\/Sec
kernel,llm_layer,layer,H100-SASS-Accelwattch_SASS_SIM,_ZN4vllm18act_and_mul_kernelIN3c108BFloat16E14__nv_bfloat162XadL_ZNS_11silu_kernelIS2_EET_RKS5_fEEXadL_ZNS_18packed_silu_kernelIS3_EES5_S7_fEELb1ELb1ELb0ELb0EEEvPS5_PS6_ifff,L2_BW,10.0216,10.0216,L2_BW\s*=\s*(.*)\s*GB\/Sec
kernel,llm_layer,layer,H100-SASS-Accelwattch_SASS_SIM,nvjet_sm90_tst_64x16_64x16_4x1_v_bz_splitK_TNT,L2_BW,1707.3753,1707.3753,L2_BW\s*=\s*(.*)\s*GB\/Sec
kernel,llm_layer,layer,H100-SASS-Accelwattch_SASS_SIM,_ZN8cublasLt19splitKreduce_kernelILi32ELi16Eif13__nv_bfloat16fS1_Lb0EfS1_S1_Lb1ELb0ELb0ELb0EEEvNS_18cublasSplitKParamsIT4_EEPKT2_PKT8_PT7_PT3_PKS3_SG_PKT9_S7_PSH_PvlPS3_PiSM_SM_SG_SG_SG_SG_SG_,L2_BW,5.641,5.6410,L2_BW\s*=\s*(.*)\s*GB\/Sec
kernel,llm_layer,layer,H100-SASS-Accelwattch_SASS_SIM,nvjet_sm90_tst_64x8_64x16_4x1_v_bz_bias_TNT,L2_BW,577.93,577.9300,L2_BW\s*=\s*(.*)\s*GB\/Sec
kernel,llm_layer,layer,H100-SASS-Accelwattch_SASS_SIM,_ZN7cutlass13device_kernelIN5flash20enable_sm90_or_laterINS1_16FlashAttnFwdSm90INS1_25CollectiveMainloopFwdSm90ILi2EN4cute5tupleIJNS5_1CILi1EEES8_S8_EEENS6_IJNS7_ILi64EEENS7_ILi192EEESA_EEELi64ENS_10bfloat16_tEfNS_4arch4Sm90ELb0ELb0ELb0ELb1ELb1ELb0ELb0ELb1ELb1ELb1ELb0ELb0ESD_Li1EEENS1_21CollectiveEpilogueFwdINS6_IJSA_SA_SB_EEES9_SD_SF_Li128ELb1ELb1ELb0ELb0ELi1EEENS1_36VarlenDynamicPersistentTileSchedulerILi64ELi192ELi128ELi128ELb0ELb1ELb1ELb0ELb0ELb1EEEEEEEEEvNT_6ParamsE,L2_BW,14.9522,14.9522,L2_BW\s*=\s*(.*)\s*GB\/Sec
kernel,llm_layer,layer,H100-SASS-Accelwattch_SASS_SIM,nvjet_sm90_tst_64x8_64x16_4x1_v_bz_TNT,L2_BW,467.1087,467.1087,L2_BW\s*=\s*(.*)\s*GB\/Sec
kernel,llm_layer,layer,H100-SASS-Accelwattch_SASS_SIM,nvjet_sm90_tst_128x8_64x12_4x1_v_bz_TNT,L2_BW,3031.4717,3031.4717,L2_BW\s*=\s*(.*)\s*GB\/Sec
kernel,llm_layer,layer,H100-SASS-Accelwattch_SASS_SIM,nvjet_sm90_tst_64x8_64x16_4x1_v_bz_splitK_TNT,L2_BW,1873.5519,1873.5519,L2_BW\s*=\s*(.*)\s*GB\/Sec
kernel,llm_layer,layer,H100-SASS-Accelwattch_SASS_SIM,_ZN4vllm25fused_add_rms_norm_kernelIN3c108BFloat16ELi8ELb1EEENSt9enable_ifIXaagtT0_Li0Esr4vllm12_typeConvertIT_EE6existsEvE4typeEPS4_lS7_PKS4_fiil,gpgpu_simulation_rate_inst_per_sec,245334.0,245334,gpgpu_simulation_rate\s+=\s+(.*)\s+\(inst\/sec\)
kernel,llm_layer,layer,H100-SASS-Accelwattch_SASS_SIM,nvjet_sm90_tst_64x8_64x16_4x2_h_bz_bias_TNT,gpgpu_simulation_rate_inst_per_sec,695520.0,695520,gpgpu_simulation_rate\s+=\s+(.*)\s+\(inst\/sec\)
kernel,llm_layer,layer,H100-SASS-Accelwattch_SASS_SIM,_ZN4vllm23rotary_embedding_kernelIN3c108BFloat16ES2_Lb1EEEvPKlPT_S6_PKT0_illliiilb,gpgpu_simulation_rate_inst_per_sec,246326.0,246326,gpgpu_simulation_rate\s+=\s+(.*)\s+\(inst\/sec\)
kernel,llm_layer,layer,H100-SASS-Accelwattch_SASS_SIM,_ZN4vllm30reshape_and_cache_flash_kernelI13__nv_bfloat16S1_LNS_18Fp8KVCacheDataTypeE0EEEvPKT_S5_PT0_S7_PKlllllliiiPKfSB_i,gpgpu_simulation_rate_inst_per_sec,245828.0,245828,gpgpu_simulation_rate\s+=\s+(.*)\s+\(inst\/sec\)
kernel,llm_layer,layer,H100-SASS-Accelwattch_SASS_SIM,_ZN7cutlass13device_kernelIN5flash20enable_sm90_or_laterINS1_16FlashAttnFwdSm90INS1_25CollectiveMainloopFwdSm90ILi2EN4cute5tupleIJNS5_1CILi1EEES8_S8_EEENS6_IJNS7_ILi192EEENS7_ILi128EEENS7_ILi64EEEEEELi64ENS_10bfloat16_tEfNS_4arch4Sm90ELb1ELb0ELb0ELb1ELb1ELb0ELb0ELb1ELb1ELb1ELb0ELb0ESE_Li1EEENS1_21CollectiveEpilogueFwdINS6_IJSA_SC_SB_EEES9_SE_SG_Li384ELb1ELb1ELb0ELb0ELi1EEENS1_36VarlenDynamicPersistentTileSchedulerILi192ELi128ELi384ELi128ELb0ELb1ELb1ELb1ELb0ELb1EEEEEEEEEvNT_6ParamsE,gpgpu_simulation_rate_inst_per_sec,478038.0,478038,gpgpu_simulation_rate\s+=\s+(.*)\s+\(inst\/sec\)
kernel,llm_layer,layer,H100-SASS-Accelwattch_SASS_SIM,_ZN2at6native29vectorized_elementwise_kernelILi4ENS0_11FillFunctorIiEESt5arrayIPcLm1EEEEviT0_T1_,gpgpu_simulation_rate_inst_per_sec,245515.0,245515,gpgpu_simulation_rate\s+=\s+(.*)\s+\(inst\/sec\)
kernel,llm_layer,layer,H100-SASS-Accelwattch_SASS_SIM,nvjet_sm90_tst_64x8_64x16_4x2_h_bz_TNT,gpgpu_simulation_rate_inst_per_sec,495278.0,495278,gpgpu_simulation_rate\s+=\s+(.*)\s+\(inst\/sec\)
kernel,llm_layer,layer,H100-SASS-Accelwattch_SASS_SIM,nvjet_sm90_tst_128x16_64x11_4x1_v_bz_TNT,gpgpu_simulation_rate_inst_per_sec,229839.0,229839,gpgpu_simulation_rate\s+=\s+(.*)\s+\(inst\/sec\)
kernel,llm_layer,layer,H100-SASS-Accelwattch_SASS_SIM,_ZN4vllm18act_and_mul_kernelIN3c108BFloat16E14__nv_bfloat162XadL_ZNS_11silu_kernelIS2_EET_RKS5_fEEXadL_ZNS_18packed_silu_kernelIS3_EES5_S7_fEELb1ELb1ELb0ELb0EEEvPS5_PS6_ifff,gpgpu_simulation_rate_inst_per_sec,243443.0,243443,gpgpu_simulation_rate\s+=\s+(.*)\s+\(inst\/sec\)
kernel,llm_layer,layer,H100-SASS-Accelwattch_SASS_SIM,nvjet_sm90_tst_64x16_64x16_4x1_v_bz_splitK_TNT,gpgpu_simulation_rate_inst_per_sec,253604.0,253604,gpgpu_simulation_rate\s+=\s+(.*)\s+\(inst\/sec\)
kernel,llm_layer,layer,H100-SASS-Accelwattch_SASS_SIM,_ZN8cublasLt19splitKreduce_kernelILi32ELi16Eif13__nv_bfloat16fS1_Lb0EfS1_S1_Lb1ELb0ELb0ELb0EEEvNS_18cublasSplitKParamsIT4_EEPKT2_PKT8_PT7_PT3_PKS3_SG_PKT9_S7_PSH_PvlPS3_PiSM_SM_SG_SG_SG_SG_SG_,gpgpu_simulation_rate_inst_per_sec,247290.0,247290,gpgpu_simulation_rate\s+=\s+(.*)\s+\(inst\/sec\)
kernel,llm_layer,layer,H100-SASS-Accelwattch_SASS_SIM,nvjet_sm90_tst_64x8_64x16_4x1_v_bz_bias_TNT,gpgpu_simulation_rate_inst_per_sec,247302.0,247302,gpgpu_simulation_rate\s+=\s+(.*)\s+\(inst\/sec\)
kernel,llm_layer,layer,H100-SASS-Accelwattch_SASS_SIM,_ZN7cutlass13device_kernelIN5flash20enable_sm90_or_laterINS1_16FlashAttnFwdSm90INS1_25CollectiveMainloopFwdSm90ILi2EN4cute5tupleIJNS5_1CILi1EEES8_S8_EEENS6_IJNS7_ILi64EEENS7_ILi192EEESA_EEELi64ENS_10bfloat16_tEfNS_4arch4Sm90ELb0ELb0ELb0ELb1ELb1ELb0ELb0ELb1ELb1ELb1ELb0ELb0ESD_Li1EEENS1_21CollectiveEpilogueFwdINS6_IJSA_SA_SB_EEES9_SD_SF_Li128ELb1ELb1ELb0ELb0ELi1EEENS1_36VarlenDynamicPersistentTileSchedulerILi64ELi192ELi128ELi128ELb0ELb1ELb1ELb0ELb0ELb1EEEEEEEEEvNT_6ParamsE,gpgpu_simulation_rate_inst_per_sec,246019.0,246019,gpgpu_simulation_rate\s+=\s+(.*)\s+\(inst\/sec\)
kernel,llm_layer,layer,H100-SASS-Accelwattch_SASS_SIM,nvjet_sm90_tst_64x8_64x16_4x1_v_bz_TNT,gpgpu_simulation_rate_inst_per_sec,246023.0,246023,gpgpu_simulation_rate\s+=\s+(.*)\s+\(inst\/sec\)
kernel,llm_layer,layer,H100-SASS-Accelwattch_SASS_SIM,nvjet_sm90_tst_128x8_64x12_4x1_v_bz_TNT,gpgpu_simulation_rate_inst_per_sec,244229.0,244229,gpgpu_simulation_rate\s+=\s+(.*)\s+\(inst\/sec\)
kernel,llm_layer,layer,H100-SASS-Accelwattch_SASS_SIM,nvjet_sm90_tst_64x8_64x16_4x1_v_bz_splitK_TNT,gpgpu_simulation_rate_inst_per_sec,247504.0,247504,gpgpu_simulation_rate\s+=\s+(.*)\s+\(inst\/sec\)
kernel,llm_layer,layer,H100-SASS-Accelwattch_SASS_SIM,_ZN4vllm25fused_add_rms_norm_kernelIN3c108BFloat16ELi8ELb1EEENSt9enable_ifIXaagtT0_Li0Esr4vllm12_typeConvertIT_EE6existsEvE4typeEPS4_lS7_PKS4_fiil,gpgpu_simulation_rate_cycle_per_sec,627.0,627,gpgpu_simulation_rate\s+=\s+(.*)\s+\(cycle\/sec\)
kernel,llm_layer,layer,H100-SASS-Accelwattch_SASS_SIM,nvjet_sm90_tst_64x8_64x16_4x2_h_bz_bias_TNT,gpgpu_simulation_rate_cycle_per_sec,1412.0,1412,gpgpu_simulation_rate\s+=\s+(.*)\s+\(cycle\/sec\)
kernel,llm_layer,layer,H100-SASS-Accelwattch_SASS_SIM,_ZN4vllm23rotary_embedding_kernelIN3c108BFloat16ES2_Lb1EEEvPKlPT_S6_PKT0_illliiilb,gpgpu_simulation_rate_cycle_per_sec,612.0,612,gpgpu_simulation_rate\s+=\s+(.*)\s+\(cycle\/sec\)
kernel,llm_layer,layer,H100-SASS-Accelwattch_SASS_SIM,_ZN4vllm30reshape_and_cache_flash_kernelI13__nv_bfloat16S1_LNS_18Fp8KVCacheDataTypeE0EEEvPKT_S5_PT0_S7_PKlllllliiiPKfSB_i,gpgpu_simulation_rate_cycle_per_sec,615.0,615,gpgpu_simulation_rate\s+=\s+(.*)\s+\(cycle\/sec\)
kernel,llm_layer,layer,H100-SASS-Accelwattch_SASS_SIM,_ZN7cutlass13device_kernelIN5flash20enable_sm90_or_laterINS1_16FlashAttnFwdSm90INS1_25CollectiveMainloopFwdSm90ILi2EN4cute5tupleIJNS5_1CILi1EEES8_S8_EEENS6_IJNS7_ILi192EEENS7_ILi128EEENS7_ILi64EEEEEELi64ENS_10bfloat16_tEfNS_4arch4Sm90ELb1ELb0ELb0ELb1ELb1ELb0ELb0ELb1ELb1ELb1ELb0ELb0ESE_Li1EEENS1_21CollectiveEpilogueFwdINS6_IJSA_SC_SB_EEES9_SE_SG_Li384ELb1ELb1ELb0ELb0ELi1EEENS1_36VarlenDynamicPersistentTileSchedulerILi192ELi128ELi384ELi128ELb0ELb1ELb1ELb1ELb0ELb1EEEEEEEEEvNT_6ParamsE,gpgpu_simulation_rate_cycle_per_sec,1478.0,1478,gpgpu_simulation_rate\s+=\s+(.*)\s+\(cycle\/sec\)
kernel,llm_layer,layer,H100-SASS-Accelwattch_SASS_SIM,_ZN2at6native29vectorized_elementwise_kernelILi4ENS0_11FillFunctorIiEESt5arrayIPcLm1EEEEviT0_T1_,gpgpu_simulation_rate_cycle_per_sec,621.0,621,gpgpu_simulation_rate\s+=\s+(.*)\s+\(cycle\/sec\)
kernel,llm_layer,layer,H100-SASS-Accelwattch_SASS_SIM,nvjet_sm90_tst_64x8_64x16_4x2_h_bz_TNT,gpgpu_simulation_rate_cycle_per_sec,1425.0,1425,gpgpu_simulation_rate\s+=\s+(.*)\s+\(cycle\/sec\)
kernel,llm_layer,layer,H100-SASS-Accelwattch_SASS_SIM,nvjet_sm90_tst_128x16_64x11_4x1_v_bz_TNT,gpgpu_simulation_rate_cycle_per_sec,520.0,520,gpgpu_simulation_rate\s+=\s+(.*)\s+\(cycle\/sec\)
kernel,llm_layer,layer,H100-SASS-Accelwattch_SASS_SIM,_ZN4vllm18act_and_mul_kernelIN3c108BFloat16E14__nv_bfloat162XadL_ZNS_11silu_kernelIS2_EET_RKS5_fEEXadL_ZNS_18packed_silu_kernelIS3_EES5_S7_fEELb1ELb1ELb0ELb0EEEvPS5_PS6_ifff,gpgpu_simulation_rate_cycle_per_sec,607.0,607,gpgpu_simulation_rate\s+=\s+(.*)\s+\(cycle\/sec\)
kernel,llm_layer,layer,H100-SASS-Accelwattch_SASS_SIM,nvjet_sm90_tst_64x16_64x16_4x1_v_bz_splitK_TNT,gpgpu_simulation_rate_cycle_per_sec,516.0,516,gpgpu_simulation_rate\s+=\s+(.*)\s+\(cycle\/sec\)
kernel,llm_layer,layer,H100-SASS-Accelwattch_SASS_SIM,_ZN8cublasLt19splitKreduce_kernelILi32ELi16Eif13__nv_bfloat16fS1_Lb0EfS1_S1_Lb1ELb0ELb0ELb0EEEvNS_18cublasSplitKParamsIT4_EEPKT2_PKT8_PT7_PT3_PKS3_SG_PKT9_S7_PSH_PvlPS3_PiSM_SM_SG_SG_SG_SG_SG_,gpgpu_simulation_rate_cycle_per_sec,605.0,605,gpgpu_simulation_rate\s+=\s+(.*)\s+\(cycle\/sec\)
kernel,llm_layer,layer,H100-SASS-Accelwattch_SASS_SIM,nvjet_sm90_tst_64x8_64x16_4x1_v_bz_bias_TNT,gpgpu_simulation_rate_cycle_per_sec,608.0,608,gpgpu_simulation_rate\s+=\s+(.*)\s+\(cycle\/sec\)
kernel,llm_layer,layer,H100-SASS-Accelwattch_SASS_SIM,_ZN7cutlass13device_kernelIN5flash20enable_sm90_or_laterINS1_16FlashAttnFwdSm90INS1_25CollectiveMainloopFwdSm90ILi2EN4cute5tupleIJNS5_1CILi1EEES8_S8_EEENS6_IJNS7_ILi64EEENS7_ILi192EEESA_EEELi64ENS_10bfloat16_tEfNS_4arch4Sm90ELb0ELb0ELb0ELb1ELb1ELb0ELb0ELb1ELb1ELb1ELb0ELb0ESD_Li1EEENS1_21CollectiveEpilogueFwdINS6_IJSA_SA_SB_EEES9_SD_SF_Li128ELb1ELb1ELb0ELb0ELi1EEENS1_36VarlenDynamicPersistentTileSchedulerILi64ELi192ELi128ELi128ELb0ELb1ELb1ELb0ELb0ELb1EEEEEEEEEvNT_6ParamsE,gpgpu_simulation_rate_cycle_per_sec,619.0,619,gpgpu_simulation_rate\s+=\s+(.*)\s+\(cycle\/sec\)
kernel,llm_layer,layer,H100-SASS-Accelwattch_SASS_SIM,nvjet_sm90_tst_64x8_64x16_4x1_v_bz_TNT,gpgpu_simulation_rate_cycle_per_sec,624.0,624,gpgpu_simulation_rate\s+=\s+(.*)\s+\(cycle\/sec\)
kernel,llm_layer,layer,H100-SASS-Accelwattch_SASS_SIM,nvjet_sm90_tst_128x8_64x12_4x1_v_bz_TNT,gpgpu_simulation_rate_cycle_per_sec,604.0,604,gpgpu_simulation_rate\s+=\s+(.*)\s+\(cycle\/sec\)
kernel,llm_layer,layer,H100-SASS-Accelwattch_SASS_SIM,nvjet_sm90_tst_64x8_64x16_4x1_v_bz_splitK_TNT,gpgpu_simulation_rate_cycle_per_sec,602.0,602,gpgpu_simulation_rate\s+=\s+(.*)\s+\(cycle\/sec\)
kernel,llm_layer,layer,H100-SASS-Accelwattch_SASS_SIM,_ZN4vllm25fused_add_rms_norm_kernelIN3c108BFloat16ELi8ELb1EEENSt9enable_ifIXaagtT0_Li0Esr4vllm12_typeConvertIT_EE6existsEvE4typeEPS4_lS7_PKS4_fiil,gpgpu_silicon_slowdown,3157894.0,3157894,gpgpu_silicon_slowdown\s*=\s*(.*)x
kernel,llm_layer,layer,H100-SASS-Accelwattch_SASS_SIM,nvjet_sm90_tst_64x8_64x16_4x2_h_bz_bias_TNT,gpgpu_silicon_slowdown,1402266.0,1402266,gpgpu_silicon_slowdown\s*=\s*(.*)x
kernel,llm_layer,layer,H100-SASS-Accelwattch_SASS_SIM,_ZN4vllm23rotary_embedding_kernelIN3c108BFloat16ES2_Lb1EEEvPKlPT_S6_PKT0_illliiilb,gpgpu_silicon_slowdown,3235294.0,3235294,gpgpu_silicon_slowdown\s*=\s*(.*)x
kernel,llm_layer,layer,H100-SASS-Accelwattch_SASS_SIM,_ZN4vllm30reshape_and_cache_flash_kernelI13__nv_bfloat16S1_LNS_18Fp8KVCacheDataTypeE0EEEvPKT_S5_PT0_S7_PKlllllliiiPKfSB_i,gpgpu_silicon_slowdown,3219512.0,3219512,gpgpu_silicon_slowdown\s*=\s*(.*)x
kernel,llm_layer,layer,H100-SASS-Accelwattch_SASS_SIM,_ZN7cutlass13device_kernelIN5flash20enable_sm90_or_laterINS1_16FlashAttnFwdSm90INS1_25CollectiveMainloopFwdSm90ILi2EN4cute5tupleIJNS5_1CILi1EEES8_S8_EEENS6_IJNS7_ILi192EEENS7_ILi128EEENS7_ILi64EEEEEELi64ENS_10bfloat16_tEfNS_4arch4Sm90ELb1ELb0ELb0ELb1ELb1ELb0ELb0ELb1ELb1ELb1ELb0ELb0ESE_Li1EEENS1_21CollectiveEpilogueFwdINS6_IJSA_SC_SB_EEES9_SE_SG_Li384ELb1ELb1ELb0ELb0ELi1EEENS1_36VarlenDynamicPersistentTileSchedulerILi192ELi128ELi384ELi128ELb0ELb1ELb1ELb1ELb0ELb1EEEEEEEEEvNT_6ParamsE,gpgpu_silicon_slowdown,1339648.0,1339648,gpgpu_silicon_slowdown\s*=\s*(.*)x
kernel,llm_layer,layer,H100-SASS-Accelwattch_SASS_SIM,_ZN2at6native29vectorized_elementwise_kernelILi4ENS0_11FillFunctorIiEESt5arrayIPcLm1EEEEviT0_T1_,gpgpu_silicon_slowdown,3188405.0,3188405,gpgpu_silicon_slowdown\s*=\s*(.*)x
kernel,llm_layer,layer,H100-SASS-Accelwattch_SASS_SIM,nvjet_sm90_tst_64x8_64x16_4x2_h_bz_TNT,gpgpu_silicon_slowdown,1389473.0,1389473,gpgpu_silicon_slowdown\s*=\s*(.*)x
kernel,llm_layer,layer,H100-SASS-Accelwattch_SASS_SIM,nvjet_sm90_tst_128x16_64x11_4x1_v_bz_TNT,gpgpu_silicon_slowdown,3807692.0,3807692,gpgpu_silicon_slowdown\s*=\s*(.*)x
kernel,llm_layer,layer,H100-SASS-Accelwattch_SASS_SIM,_ZN4vllm18act_and_mul_kernelIN3c108BFloat16E14__nv_bfloat162XadL_ZNS_11silu_kernelIS2_EET_RKS5_fEEXadL_ZNS_18packed_silu_kernelIS3_EES5_S7_fEELb1ELb1ELb0ELb0EEEvPS5_PS6_ifff,gpgpu_silicon_slowdown,3261943.0,3261943,gpgpu_silicon_slowdown\s*=\s*(.*)x
kernel,llm_layer,layer,H100-SASS-Accelwattch_SASS_SIM,nvjet_sm90_tst_64x16_64x16_4x1_v_bz_splitK_TNT,gpgpu_silicon_slowdown,3837209.0,3837209,gpgpu_silicon_slowdown\s*=\s*(.*)x
kernel,llm_layer,layer,H100-SASS-Accelwattch_SASS_SIM,_ZN8cublasLt19splitKreduce_kernelILi32ELi16Eif13__nv_bfloat16fS1_Lb0EfS1_S1_Lb1ELb0ELb0ELb0EEEvNS_18cublasSplitKParamsIT4_EEPKT2_PKT8_PT7_PT3_PKS3_SG_PKT9_S7_PSH_PvlPS3_PiSM_SM_SG_SG_SG_SG_SG_,gpgpu_silicon_slowdown,3272727.0,3272727,gpgpu_silicon_slowdown\s*=\s*(.*)x
kernel,llm_layer,layer,H100-SASS-Accelwattch_SASS_SIM,nvjet_sm90_tst_64x8_64x16_4x1_v_bz_bias_TNT,gpgpu_silicon_slowdown,3256578.0,3256578,gpgpu_silicon_slowdown\s*=\s*(.*)x
kernel,llm_layer,layer,H100-SASS-Accelwattch_SASS_SIM,_ZN7cutlass13device_kernelIN5flash20enable_sm90_or_laterINS1_16FlashAttnFwdSm90INS1_25CollectiveMainloopFwdSm90ILi2EN4cute5tupleIJNS5_1CILi1EEES8_S8_EEENS6_IJNS7_ILi64EEENS7_ILi192EEESA_EEELi64ENS_10bfloat16_tEfNS_4arch4Sm90ELb0ELb0ELb0ELb1ELb1ELb0ELb0ELb1ELb1ELb1ELb0ELb0ESD_Li1EEENS1_21CollectiveEpilogueFwdINS6_IJSA_SA_SB_EEES9_SD_SF_Li128ELb1ELb1ELb0ELb0ELi1EEENS1_36VarlenDynamicPersistentTileSchedulerILi64ELi192ELi128ELi128ELb0ELb1ELb1ELb0ELb0ELb1EEEEEEEEEvNT_6ParamsE,gpgpu_silicon_slowdown,3198707.0,3198707,gpgpu_silicon_slowdown\s*=\s*(.*)x
kernel,llm_layer,layer,H100-SASS-Accelwattch_SASS_SIM,nvjet_sm90_tst_64x8_64x16_4x1_v_bz_TNT,gpgpu_silicon_slowdown,3173076.0,3173076,gpgpu_silicon_slowdown\s*=\s*(.*)x
kernel,llm_layer,layer,H100-SASS-Accelwattch_SASS_SIM,nvjet_sm90_tst_128x8_64x12_4x1_v_bz_TNT,gpgpu_silicon_slowdown,3278145.0,3278145,gpgpu_silicon_slowdown\s*=\s*(.*)x
kernel,llm_layer,layer,H100-SASS-Accelwattch_SASS_SIM,nvjet_sm90_tst_64x8_64x16_4x1_v_bz_splitK_TNT,gpgpu_silicon_slowdown,3289036.0,3289036,gpgpu_silicon_slowdown\s*=\s*(.*)x
kernel,llm_layer,layer,H100-SASS-Accelwattch_SASS_SIM,_ZN4vllm25fused_add_rms_norm_kernelIN3c108BFloat16ELi8ELb1EEENSt9enable_ifIXaagtT0_Li0Esr4vllm12_typeConvertIT_EE6existsEvE4typeEPS4_lS7_PKS4_fiil,gpu_tot_ipc,390.8615,390.8615,gpu_tot_ipc\s*=\s*(.*)
kernel,llm_layer,layer,H100-SASS-Accelwattch_SASS_SIM,nvjet_sm90_tst_64x8_64x16_4x2_h_bz_bias_TNT,gpu_tot_ipc,492.3072,492.3072,gpu_tot_ipc\s*=\s*(.*)
kernel,llm_layer,layer,H100-SASS-Accelwattch_SASS_SIM,_ZN4vllm23rotary_embedding_kernelIN3c108BFloat16ES2_Lb1EEEvPKlPT_S6_PKT0_illliiilb,gpu_tot_ipc,402.3697,402.3697,gpu_tot_ipc\s*=\s*(.*)
kernel,llm_layer,layer,H100-SASS-Accelwattch_SASS_SIM,_ZN4vllm30reshape_and_cache_flash_kernelI13__nv_bfloat16S1_LNS_18Fp8KVCacheDataTypeE0EEEvPKT_S5_PT0_S7_PKlllllliiiPKfSB_i,gpu_tot_ipc,399.179,399.1790,gpu_tot_ipc\s*=\s*(.*)
kernel,llm_layer,layer,H100-SASS-Accelwattch_SASS_SIM,_ZN7cutlass13device_kernelIN5flash20enable_sm90_or_laterINS1_16FlashAttnFwdSm90INS1_25CollectiveMainloopFwdSm90ILi2EN4cute5tupleIJNS5_1CILi1EEES8_S8_EEENS6_IJNS7_ILi192EEENS7_ILi128EEENS7_ILi64EEEEEELi64ENS_10bfloat16_tEfNS_4arch4Sm90ELb1ELb0ELb0ELb1ELb1ELb0ELb0ELb1ELb1ELb1ELb0ELb0ESE_Li1EEENS1_21CollectiveEpilogueFwdINS6_IJSA_SC_SB_EEES9_SE_SG_Li384ELb1ELb1ELb0ELb0ELi1EEENS1_36VarlenDynamicPersistentTileSchedulerILi192ELi128ELi384ELi128ELb0ELb1ELb1ELb1ELb0ELb1EEEEEEEEEvNT_6ParamsE,gpu_tot_ipc,323.3853,323.3853,gpu_tot_ipc\s*=\s*(.*)
kernel,llm_layer,layer,H100-SASS-Accelwattch_SASS_SIM,_ZN2at6native29vectorized_elementwise_kernelILi4ENS0_11FillFunctorIiEESt5arrayIPcLm1EEEEviT0_T1_,gpu_tot_ipc,394.967,394.9670,gpu_tot_ipc\s*=\s*(.*)
kernel,llm_layer,layer,H100-SASS-Accelwattch_SASS_SIM,nvjet_sm90_tst_64x8_64x16_4x2_h_bz_TNT,gpu_tot_ipc,347.3701,347.3701,gpu_tot_ipc\s*=\s*(.*)
kernel,llm_layer,layer,H100-SASS-Accelwattch_SASS_SIM,nvjet_sm90_tst_128x16_64x11_4x1_v_bz_TNT,gpu_tot_ipc,441.267,441.2670,gpu_tot_ipc\s*=\s*(.*)
kernel,llm_layer,layer,H100-SASS-Accelwattch_SASS_SIM,_ZN4vllm18act_and_mul_kernelIN3c108BFloat16E14__nv_bfloat162XadL_ZNS_11silu_kernelIS2_EET_RKS5_fEEXadL_ZNS_18packed_silu_kernelIS3_EES5_S7_fEELb1ELb1ELb0ELb0EEEvPS5_PS6_ifff,gpu_tot_ipc,400.7929,400.7929,gpu_tot_ipc\s*=\s*(.*)
kernel,llm_layer,layer,H100-SASS-Accelwattch_SASS_SIM,nvjet_sm90_tst_64x16_64x16_4x1_v_bz_splitK_TNT,gpu_tot_ipc,491.0267,491.0267,gpu_tot_ipc\s*=\s*(.*)
kernel,llm_layer,layer,H100-SASS-Accelwattch_SASS_SIM,_ZN8cublasLt19splitKreduce_kernelILi32ELi16Eif13__nv_bfloat16fS1_Lb0EfS1_S1_Lb1ELb0ELb0ELb0EEEvNS_18cublasSplitKParamsIT4_EEPKT2_PKT8_PT7_PT3_PKS3_SG_PKT9_S7_PSH_PvlPS3_PiSM_SM_SG_SG_SG_SG_SG_,gpu_tot_ipc,408.4652,408.4652,gpu_tot_ipc\s*=\s*(.*)
kernel,llm_layer,layer,H100-SASS-Accelwattch_SASS_SIM,nvjet_sm90_tst_64x8_64x16_4x1_v_bz_bias_TNT,gpu_tot_ipc,406.1524,406.1524,gpu_tot_ipc\s*=\s*(.*)
kernel,llm_layer,layer,H100-SASS-Accelwattch_SASS_SIM,_ZN7cutlass13device_kernelIN5flash20enable_sm90_or_laterINS1_16FlashAttnFwdSm90INS1_25CollectiveMainloopFwdSm90ILi2EN4cute5tupleIJNS5_1CILi1EEES8_S8_EEENS6_IJNS7_ILi64EEENS7_ILi192EEESA_EEELi64ENS_10bfloat16_tEfNS_4arch4Sm90ELb0ELb0ELb0ELb1ELb1ELb0ELb0ELb1ELb1ELb1ELb0ELb0ESD_Li1EEENS1_21CollectiveEpilogueFwdINS6_IJSA_SA_SB_EEES9_SD_SF_Li128ELb1ELb1ELb0ELb0ELi1EEENS1_36VarlenDynamicPersistentTileSchedulerILi64ELi192ELi128ELi128ELb0ELb1ELb1ELb0ELb0ELb1EEEEEEEEEvNT_6ParamsE,gpu_tot_ipc,397.1675,397.1675,gpu_tot_ipc\s*=\s*(.*)
kernel,llm_layer,layer,H100-SASS-Accelwattch_SASS_SIM,nvjet_sm90_tst_64x8_64x16_4x1_v_bz_TNT,gpu_tot_ipc,394.1672,394.1672,gpu_tot_ipc\s*=\s*(.*)
kernel,llm_layer,layer,H100-SASS-Accelwattch_SASS_SIM,nvjet_sm90_tst_128x8_64x12_4x1_v_bz_TNT,gpu_tot_ipc,404.2271,404.2271,gpu_tot_ipc\s*=\s*(.*)
kernel,llm_layer,layer,H100-SASS-Accelwattch_SASS_SIM,nvjet_sm90_tst_64x8_64x16_4x1_v_bz_splitK_TNT,gpu_tot_ipc,410.4668,410.4668,gpu_tot_ipc\s*=\s*(.*)
instance,llm_layer,layer,H100-SASS-Accelwattch_SASS_SIM,all_kernels,Accel-Sim-build,,accelsim-commit-6465301_modified_0.0_26-09-16-21-52-33,Accel-Sim-build
instance,llm_layer,layer,H100-SASS-Accelwattch_SASS_SIM,all_kernels,GPGPU-Sim-build,,gpgpu-sim_git-commit-e10018b6_modified_0.0.,GPGPU-Sim-build
instance,llm_layer,layer,H100-SASS-Accelwattch_SASS_SIM,_ZN4vllm25fused_add_rms_norm_kernelIN3c108BFloat16ELi8ELb1EEENSt9enable_ifIXaagtT0_Li0Esr4vllm12_typeConvertIT_EE6existsEvE4typeEPS4_lS7_PKS4_fiil--0,gpu_tot_sim_insn,623310.0,623310.0,gpu_tot_sim_insn\s*=\s*(.*)
instance,llm_layer,layer,H100-SASS-Accelwattch_SASS_SIM,nvjet_sm90_tst_64x8_64x16_4x2_h_bz_bias_TNT--0,gpu_tot_sim_insn,5636376.0,5636376.0,gpu_tot_sim_insn\s*=\s*(.*)
instance,llm_layer,layer,H100-SASS-Accelwattch_SASS_SIM,_ZN4vllm23rotary_embedding_kernelIN3c108BFloat16ES2_Lb1EEEvPKlPT_S6_PKT0_illliiilb--0,gpu_tot_sim_insn,572440.0,572440.0,gpu_tot_sim_insn\s*=\s*(.*)
instance,llm_layer,layer,H100-SASS-Accelwattch_SASS_SIM,_ZN4vllm30reshape_and_cache_flash_kernelI13__nv_bfloat16S1_LNS_18Fp8KVCacheDataTypeE0EEEvPKT_S5_PT0_S7_PKlllllliiiPKfSB_i--0,gpu_tot_sim_insn,157056.0,157056.0,gpu_tot_sim_insn\s*=\s*(.*)
instance,llm_layer,layer,H100-SASS-Accelwattch_SASS_SIM,_ZN7cutlass13device_kernelIN5flash20enable_sm90_or_laterINS1_16FlashAttnFwdSm90INS1_25CollectiveMainloopFwdSm90ILi2EN4cute5tupleIJNS5_1CILi1EEES8_S8_EEENS6_IJNS7_ILi192EEENS7_ILi128EEENS7_ILi64EEEEEELi64ENS_10bfloat16_tEfNS_4arch4Sm90ELb1ELb0ELb0ELb1ELb1ELb0ELb0ELb1ELb1ELb1ELb0ELb0ESE_Li1EEENS1_21CollectiveEpilogueFwdINS6_IJSA_SC_SB_EEES9_SE_SG_Li384ELb1ELb1ELb0ELb0ELi1EEENS1_36VarlenDynamicPersistentTileSchedulerILi192ELi128ELi384ELi128ELb0ELb1ELb1ELb1ELb0ELb1EEEEEEEEEvNT_6ParamsE--0,gpu_tot_sim_insn,5439810.0,5439810.0,gpu_tot_sim_insn\s*=\s*(.*)
instance,llm_layer,layer,H100-SASS-Accelwattch_SASS_SIM,_ZN2at6native29vectorized_elementwise_kernelILi4ENS0_11FillFunctorIiEESt5arrayIPcLm1EEEEviT0_T1_--0,gpu_tot_sim_insn,2950.0,2950.0,gpu_tot_sim_insn\s*=\s*(.*)
instance,llm_layer,layer,H100-SASS-Accelwattch_SASS_SIM,nvjet_sm90_tst_64x8_64x16_4x2_h_bz_TNT--0,gpu_tot_sim_insn,4407520.0,4407520.0,gpu_tot_sim_insn\s*=\s*(.*)
instance,llm_layer,layer,H100-SASS-Accelwattch_SASS_SIM,_ZN4vllm25fused_add_rms_norm_kernelIN3c108BFloat16ELi8ELb1EEENSt9enable_ifIXaagtT0_Li0Esr4vllm12_typeConvertIT_EE6existsEvE4typeEPS4_lS7_PKS4_fiil--1,gpu_tot_sim_insn,623310.0,623310.0,gpu_tot_sim_insn\s*=\s*(.*)
instance,llm_layer,layer,H100-SASS-Accelwattch_SASS_SIM,nvjet_sm90_tst_128x16_64x11_4x1_v_bz_TNT--0,gpu_tot_sim_insn,12876102.0,12876102.0,gpu_tot_sim_insn\s*=\s*(.*)
instance,llm_layer,layer,H100-SASS-Accelwattch_SASS_SIM,_ZN4vllm18act_and_mul_kernelIN3c108BFloat16E14__nv_bfloat162XadL_ZNS_11silu_kernelIS2_EET_RKS5_fEEXadL_ZNS_18packed_silu_kernelIS3_EES5_S7_fEELb1ELb1ELb0ELb0EEEvPS5_PS6_ifff--0,gpu_tot_sim_insn,1592960.0,1592960.0,gpu_tot_sim_insn\s*=\s*(.*)
instance,llm_layer,layer,H100-SASS-Accelwattch_SASS_SIM,nvjet_sm90_tst_64x16_64x16_4x1_v_bz_splitK_TNT--0,gpu_tot_sim_insn,9912976.0,9912976.0,gpu_tot_sim_insn\s*=\s*(.*)
instance,llm_layer,layer,H100-SASS-Accelwattch_SASS_SIM,_ZN8cublasLt19splitKreduce_kernelILi32ELi16Eif13__nv_bfloat16fS1_Lb0EfS1_S1_Lb1ELb0ELb0ELb0EEEvNS_18cublasSplitKParamsIT4_EEPKT2_PKT8_PT7_PT3_PKS3_SG_PKT9_S7_PSH_PvlPS3_PiSM_SM_SG_SG_SG_SG_SG_--0,gpu_tot_sim_insn,885248.0,885248.0,gpu_tot_sim_insn\s*=\s*(.*)
instance,llm_layer,layer,H100-SASS-Accelwattch_SASS_SIM,_ZN4vllm25fused_add_rms_norm_kernelIN3c108BFloat16ELi8ELb1EEENSt9enable_ifIXaagtT0_Li0Esr4vllm12_typeConvertIT_EE6existsEvE4typeEPS4_lS7_PKS4_fiil--2,gpu_tot_sim_insn,62342.0,62342.0,gpu_tot_sim_insn\s*=\s*(.*)
instance,llm_layer,layer,H100-SASS-Accelwattch_SASS_SIM,nvjet_sm90_tst_64x8_64x16_4x1_v_bz_bias_TNT--0,gpu_tot_sim_insn,2838812.0,2838812.0,gpu_tot_sim_insn\s*=\s*(.*)
instance,llm_layer,layer,H100-SASS-Accelwattch_SASS_SIM,_ZN4vllm23rotary_embedding_kernelIN3c108BFloat16ES2_Lb1EEEvPKlPT_S6_PKT0_illliiilb--1,gpu_tot_sim_insn,57244.0,57244.0,gpu_tot_sim_insn\s*=\s*(.*)
instance,llm_layer,layer,H100-SASS-Accelwattch_SASS_SIM,_ZN4vllm30reshape_and_cache_flash_kernelI13__nv_bfloat16S1_LNS_18Fp8KVCacheDataTypeE0EEEvPKT_S5_PT0_S7_PKlllllliiiPKfSB_i--1,gpu_tot_sim_insn,15680.0,15680.0,gpu_tot_sim_insn\s*=\s*(.*)
instance,llm_layer,layer,H100-SASS-Accelwattch_SASS_SIM,_ZN7cutlass13device_kernelIN5flash20enable_sm90_or_laterINS1_16FlashAttnFwdSm90INS1_25CollectiveMainloopFwdSm90ILi2EN4cute5tupleIJNS5_1CILi1EEES8_S8_EEENS6_IJNS7_ILi64EEENS7_ILi192EEESA_EEELi64ENS_10bfloat16_tEfNS_4arch4Sm90ELb0ELb0ELb0ELb1ELb1ELb0ELb0ELb1ELb1ELb1ELb0ELb0ESD_Li1EEENS1_21CollectiveEpilogueFwdINS6_IJSA_SA_SB_EEES9_SD_SF_Li128ELb1ELb1ELb0ELb0ELi1EEENS1_36VarlenDynamicPersistentTileSchedulerILi64ELi192ELi128ELi128ELb0ELb1ELb1ELb0ELb0ELb1EEEEEEEEEvNT_6ParamsE--0,gpu_tot_sim_insn,2888497.0,2888497.0,gpu_tot_sim_insn\s*=\s*(.*)
instance,llm_layer,layer,H100-SASS-Accelwattch_SASS_SIM,_ZN2at6native29vectorized_elementwise_kernelILi4ENS0_11FillFunctorIiEESt5arrayIPcLm1EEEEviT0_T1_--1,gpu_tot_sim_insn,2950.0,2950.0,gpu_tot_sim_insn\s*=\s*(.*)
instance,llm_layer,layer,H100-SASS-Accelwattch_SASS_SIM,nvjet_sm90_tst_64x8_64x16_4x1_v_bz_TNT--0,gpu_tot_sim_insn,2215561.0,2215561.0,gpu_tot_sim_insn\s*=\s*(.*)
instance,llm_layer,layer,H100-SASS-Accelwattch_SASS_SIM,_ZN4vllm25fused_add_rms_norm_kernelIN3c108BFloat16ELi8ELb1EEENSt9enable_ifIXaagtT0_Li0Esr4vllm12_typeConvertIT_EE6existsEvE4typeEPS4_lS7_PKS4_fiil--3,gpu_tot_sim_insn,62331.0,62331.0,gpu_tot_sim_insn\s*=\s*(.*)
instance,llm_layer,layer,H100-SASS-Accelwattch_SASS_SIM,nvjet_sm90_tst_128x8_64x12_4x1_v_bz_TNT--0,gpu_tot_sim_insn,12837604.0,12837604.0,gpu_tot_sim_insn\s*=\s*(.*)
instance,llm_layer,layer,H100-SASS-Accelwattch_SASS_SIM,_ZN4vllm18act_and_mul_kernelIN3c108BFloat16E14__nv_bfloat162XadL_ZNS_11silu_kernelIS2_EET_RKS5_fEEXadL_ZNS_18packed_silu_kernelIS3_EES5_S7_fEELb1ELb1ELb0ELb0EEEvPS5_PS6_ifff--1,gpu_tot_sim_insn,159296.0,159296.0,gpu_tot_sim_insn\s*=\s*(.*)
instance,llm_layer,layer,H100-SASS-Accelwattch_SASS_SIM,nvjet_sm90_tst_64x8_64x16_4x1_v_bz_splitK_TNT--0,gpu_tot_sim_insn,9935057.0,9935057.0,gpu_tot_sim_insn\s*=\s*(.*)
instance,llm_layer,layer,H100-SASS-Accelwattch_SASS_SIM,_ZN8cublasLt19splitKreduce_kernelILi32ELi16Eif13__nv_bfloat16fS1_Lb0EfS1_S1_Lb1ELb0ELb0ELb0EEEvNS_18cublasSplitKParamsIT4_EEPKT2_PKT8_PT7_PT3_PKS3_SG_PKT9_S7_PSH_PvlPS3_PiSM_SM_SG_SG_SG_SG_SG_--1,gpu_tot_sim_insn,514307.0,514307.0,gpu_tot_sim_insn\s*=\s*(.*)
instance,llm_layer,layer,H100-SASS-Accelwattch_SASS_SIM,_ZN4vllm25fused_add_rms_norm_kernelIN3c108BFloat16ELi8ELb1EEENSt9enable_ifIXaagtT0_Li0Esr4vllm12_typeConvertIT_EE6existsEvE4typeEPS4_lS7_PKS4_fiil--4,gpu_tot_sim_insn,62331.0,62331.0,gpu_tot_sim_insn\s*=\s*(.*)
instance,llm_layer,layer,H100-SASS-Accelwattch_SASS_SIM,nvjet_sm90_tst_64x8_64x16_4x1_v_bz_bias_TNT--1,gpu_tot_sim_insn,2838108.0,2838108.0,gpu_tot_sim_insn\s*=\s*(.*)
instance,llm_layer,layer,H100-SASS-Accelwattch_SASS_SIM,_ZN4vllm23rotary_embedding_kernelIN3c108BFloat16ES2_Lb1EEEvPKlPT_S6_PKT0_illliiilb--2,gpu_tot_sim_insn,57244.0,57244.0,gpu_tot_sim_insn\s*=\s*(.*)
instance,llm_layer,layer,H100-SASS-Accelwattch_SASS_SIM,_ZN4vllm30reshape_and_cache_flash_kernelI13__nv_bfloat16S1_LNS_18Fp8KVCacheDataTypeE0EEEvPKT_S5_PT0_S7_PKlllllliiiPKfSB_i--2,gpu_tot_sim_insn,15680.0,15680.0,gpu_tot_sim_insn\s*=\s*(.*)
instance,llm_layer,layer,H100-SASS-Accelwattch_SASS_SIM,_ZN7cutlass13device_kernelIN5flash20enable_sm90_or_laterINS1_16FlashAttnFwdSm90INS1_25CollectiveMainloopFwdSm90ILi2EN4cute5tupleIJNS5_1CILi1EEES8_S8_EEENS6_IJNS7_ILi64EEENS7_ILi192EEESA_EEELi64ENS_10bfloat16_tEfNS_4arch4Sm90ELb0ELb0ELb0ELb1ELb1ELb0ELb0ELb1ELb1ELb1ELb0ELb0ESD_Li1EEENS1_21CollectiveEpilogueFwdINS6_IJSA_SA_SB_EEES9_SD_SF_Li128ELb1ELb1ELb0ELb0ELi1EEENS1_36VarlenDynamicPersistentTileSchedulerILi64ELi192ELi128ELi128ELb0ELb1ELb1ELb0ELb0ELb1EEEEEEEEEvNT_6ParamsE--1,gpu_tot_sim_insn,2888526.0,2888526.0,gpu_tot_sim_insn\s*=\s*(.*)
instance,llm_layer,layer,H100-SASS-Accelwattch_SASS_SIM,_ZN2at6native29vectorized_elementwise_kernelILi4ENS0_11FillFunctorIiEESt5arrayIPcLm1EEEEviT0_T1_--2,gpu_tot_sim_insn,2950.0,2950.0,gpu_tot_sim_insn\s*=\s*(.*)
instance,llm_layer,layer,H100-SASS-Accelwattch_SASS_SIM,nvjet_sm90_tst_64x8_64x16_4x1_v_bz_TNT--1,gpu_tot_sim_insn,2216118.0,2216118.0,gpu_tot_sim_insn\s*=\s*(.*)
instance,llm_layer,layer,H100-SASS-Accelwattch_SASS_SIM,_ZN4vllm25fused_add_rms_norm_kernelIN3c108BFloat16ELi8ELb1EEENSt9enable_ifIXaagtT0_Li0Esr4vllm12_typeConvertIT_EE6existsEvE4typeEPS4_lS7_PKS4_fiil--5,gpu_tot_sim_insn,62331.0,62331.0,gpu_tot_sim_insn\s*=\s*(.*)
instance,llm_layer,layer,H100-SASS-Accelwattch_SASS_SIM,nvjet_sm90_tst_128x8_64x12_4x1_v_bz_TNT--1,gpu_tot_sim_insn,12838756.0,12838756.0,gpu_tot_sim_insn\s*=\s*(.*)
instance,llm_layer,layer,H100-SASS-Accelwattch_SASS_SIM,_ZN4vllm18act_and_mul_kernelIN3c108BFloat16E14__nv_bfloat162XadL_ZNS_11silu_kernelIS2_EET_RKS5_fEEXadL_ZNS_18packed_silu_kernelIS3_EES5_S7_fEELb1ELb1ELb0ELb0EEEvPS5_PS6_ifff--2,gpu_tot_sim_insn,159296.0,159296.0,gpu_tot_sim_insn\s*=\s*(.*)
instance,llm_layer,layer,H100-SASS-Accelwattch_SASS_SIM,nvjet_sm90_tst_64x8_64x16_4x1_v_bz_splitK_TNT--1,gpu_tot_sim_insn,9950932.0,9950932.0,gpu_tot_sim_insn\s*=\s*(.*)
instance,llm_layer,layer,H100-SASS-Accelwattch_SASS_SIM,_ZN8cublasLt19splitKreduce_kernelILi32ELi16Eif13__nv_bfloat16fS1_Lb0EfS1_S1_Lb1ELb0ELb0ELb0EEEvNS_18cublasSplitKParamsIT4_EEPKT2_PKT8_PT7_PT3_PKS3_SG_PKT9_S7_PSH_PvlPS3_PiSM_SM_SG_SG_SG_SG_SG_--2,gpu_tot_sim_insn,514306.0,514306.0,gpu_tot_sim_insn\s*=\s*(.*)
instance,llm_layer,layer,H100-SASS-Accelwattch_SASS_SIM,_ZN4vllm25fused_add_rms_norm_kernelIN3c108BFloat16ELi8ELb1EEENSt9enable_ifIXaagtT0_Li0Esr4vllm12_typeConvertIT_EE6existsEvE4typeEPS4_lS7_PKS4_fiil--6,gpu_tot_sim_insn,62331.0,62331.0,gpu_tot_sim_insn\s*=\s*(.*)
instance,llm_layer,layer,H100-SASS-Accelwattch_SASS_SIM,nvjet_sm90_tst_64x8_64x16_4x1_v_bz_bias_TNT--2,gpu_tot_sim_insn,2837916.0,2837916.0,gpu_tot_sim_insn\s*=\s*(.*)
instance,llm_layer,layer,H100-SASS-Accelwattch_SASS_SIM,_ZN4vllm23rotary_embedding_kernelIN3c108BFloat16ES2_Lb1EEEvPKlPT_S6_PKT0_illliiilb--3,gpu_tot_sim_insn,57244.0,57244.0,gpu_tot_sim_insn\s*=\s*(.*)
instance,llm_layer,layer,H100-SASS-Accelwattch_SASS_SIM,_ZN4vllm30reshape_and_cache_flash_kernelI13__nv_bfloat16S1_LNS_18Fp8KVCacheDataTypeE0EEEvPKT_S5_PT0_S7_PKlllllliiiPKfSB_i--3,gpu_tot_sim_insn,15680.0,15680.0,gpu_tot_sim_insn\s*=\s*(.*)
instance,llm_layer,layer,H100-SASS-Accelwattch_SASS_SIM,_ZN7cutlass13device_kernelIN5flash20enable_sm90_or_laterINS1_16FlashAttnFwdSm90INS1_25CollectiveMainloopFwdSm90ILi2EN4cute5tupleIJNS5_1CILi1EEES8_S8_EEENS6_IJNS7_ILi64EEENS7_ILi192EEESA_EEELi64ENS_10bfloat16_tEfNS_4arch4Sm90ELb0ELb0ELb0ELb1ELb1ELb0ELb0ELb1ELb1ELb1ELb0ELb0ESD_Li1EEENS1_21CollectiveEpilogueFwdINS6_IJSA_SA_SB_EEES9_SD_SF_Li128ELb1ELb1ELb0ELb0ELi1EEENS1_36VarlenDynamicPersistentTileSchedulerILi64ELi192ELi128ELi128ELb0ELb1ELb1ELb0ELb0ELb1EEEEEEEEEvNT_6ParamsE--2,gpu_tot_sim_insn,2888666.0,2888666.0,gpu_tot_sim_insn\s*=\s*(.*)
instance,llm_layer,layer,H100-SASS-Accelwattch_SASS_SIM,_ZN2at6native29vectorized_elementwise_kernelILi4ENS0_11FillFunctorIiEESt5arrayIPcLm1EEEEviT0_T1_--3,gpu_tot_sim_insn,2950.0,2950.0,gpu_tot_sim_insn\s*=\s*(.*)
instance,llm_layer,layer,H100-SASS-Accelwattch_SASS_SIM,nvjet_sm90_tst_64x8_64x16_4x1_v_bz_TNT--2,gpu_tot_sim_insn,2215570.0,2215570.0,gpu_tot_sim_insn\s*=\s*(.*)
instance,llm_layer,layer,H100-SASS-Accelwattch_SASS_SIM,_ZN4vllm25fused_add_rms_norm_kernelIN3c108BFloat16ELi8ELb1EEENSt9enable_ifIXaagtT0_Li0Esr4vllm12_typeConvertIT_EE6existsEvE4typeEPS4_lS7_PKS4_fiil--7,gpu_tot_sim_insn,62331.0,62331.0,gpu_tot_sim_insn\s*=\s*(.*)
instance,llm_layer,layer,H100-SASS-Accelwattch_SASS_SIM,nvjet_sm90_tst_128x8_64x12_4x1_v_bz_TNT--2,gpu_tot_sim_insn,12838436.0,12838436.0,gpu_tot_sim_insn\s*=\s*(.*)
instance,llm_layer,layer,H100-SASS-Accelwattch_SASS_SIM,_ZN4vllm18act_and_mul_kernelIN3c108BFloat16E14__nv_bfloat162XadL_ZNS_11silu_kernelIS2_EET_RKS5_fEEXadL_ZNS_18packed_silu_kernelIS3_EES5_S7_fEELb1ELb1ELb0ELb0EEEvPS5_PS6_ifff--3,gpu_tot_sim_insn,159296.0,159296.0,gpu_tot_sim_insn\s*=\s*(.*)
instance,llm_layer,layer,H100-SASS-Accelwattch_SASS_SIM,nvjet_sm90_tst_64x8_64x16_4x1_v_bz_splitK_TNT--2,gpu_tot_sim_insn,9924305.0,9924305.0,gpu_tot_sim_insn\s*=\s*(.*)
instance,llm_layer,layer,H100-SASS-Accelwattch_SASS_SIM,_ZN8cublasLt19splitKreduce_kernelILi32ELi16Eif13__nv_bfloat16fS1_Lb0EfS1_S1_Lb1ELb0ELb0ELb0EEEvNS_18cublasSplitKParamsIT4_EEPKT2_PKT8_PT7_PT3_PKS3_SG_PKT9_S7_PSH_PvlPS3_PiSM_SM_SG_SG_SG_SG_SG_--3,gpu_tot_sim_insn,514307.0,514307.0,gpu_tot_sim_insn\s*=\s*(.*)
instance,llm_layer,layer,H100-SASS-Accelwattch_SASS_SIM,_ZN4vllm25fused_add_rms_norm_kernelIN3c108BFloat16ELi8ELb1EEENSt9enable_ifIXaagtT0_Li0Esr4vllm12_typeConvertIT_EE6existsEvE4typeEPS4_lS7_PKS4_fiil--8,gpu_tot_sim_insn,62331.0,62331.0,gpu_tot_sim_insn\s*=\s*(.*)
instance,llm_layer,layer,H100-SASS-Accelwattch_SASS_SIM,nvjet_sm90_tst_64x8_64x16_4x1_v_bz_bias_TNT--3,gpu_tot_sim_insn,2837148.0,2837148.0,gpu_tot_sim_insn\s*=\s*(.*)
instance,llm_layer,layer,H100-SASS-Accelwattch_SASS_SIM,_ZN4vllm23rotary_embedding_kernelIN3c108BFloat16ES2_Lb1EEEvPKlPT_S6_PKT0_illliiilb--4,gpu_tot_sim_insn,57244.0,57244.0,gpu_tot_sim_insn\s*=\s*(.*)
instance,llm_layer,layer,H100-SASS-Accelwattch_SASS_SIM,_ZN4vllm30reshape_and_cache_flash_kernelI13__nv_bfloat16S1_LNS_18Fp8KVCacheDataTypeE0EEEvPKT_S5_PT0_S7_PKlllllliiiPKfSB_i--4,gpu_tot_sim_insn,15680.0,15680.0,gpu_tot_sim_insn\s*=\s*(.*)
instance,llm_layer,layer,H100-SASS-Accelwattch_SASS_SIM,_ZN7cutlass13device_kernelIN5flash20enable_sm90_or_laterINS1_16FlashAttnFwdSm90INS1_25CollectiveMainloopFwdSm90ILi2EN4cute5tupleIJNS5_1CILi1EEES8_S8_EEENS6_IJNS7_ILi64EEENS7_ILi192EEESA_EEELi64ENS_10bfloat16_tEfNS_4arch4Sm90ELb0ELb0ELb0ELb1ELb1ELb0ELb0ELb1ELb1ELb1ELb0ELb0ESD_Li1EEENS1_21CollectiveEpilogueFwdINS6_IJSA_SA_SB_EEES9_SD_SF_Li128ELb1ELb1ELb0ELb0ELi1EEENS1_36VarlenDynamicPersistentTileSchedulerILi64ELi192ELi128ELi128ELb0ELb1ELb1ELb0ELb0ELb1EEEEEEEEEvNT_6ParamsE--3,gpu_tot_sim_insn,2888806.0,2888806.0,gpu_tot_sim_insn\s*=\s*(.*)
instance,llm_layer,layer,H100-SASS-Accelwattch_SASS_SIM,_ZN2at6native29vectorized_elementwise_kernelILi4ENS0_11FillFunctorIiEESt5arrayIPcLm1EEEEviT0_T1_--4,gpu_tot_sim_insn,2950.0,2950.0,gpu_tot_sim_insn\s*=\s*(.*)
instance,llm_layer,layer,H100-SASS-Accelwattch_SASS_SIM,nvjet_sm90_tst_64x8_64x16_4x1_v_bz_TNT--3,gpu_tot_sim_insn,2216183.0,2216183.0,gpu_tot_sim_insn\s*=\s*(.*)
instance,llm_layer,layer,H100-SASS-Accelwattch_SASS_SIM,_ZN4vllm25fused_add_rms_norm_kernelIN3c108BFloat16ELi8ELb1EEENSt9enable_ifIXaagtT0_Li0Esr4vllm12_typeConvertIT_EE6existsEvE4typeEPS4_lS7_PKS4_fiil--9,gpu_tot_sim_insn,62331.0,62331.0,gpu_tot_sim_insn\s*=\s*(.*)
instance,llm_layer,layer,H100-SASS-Accelwattch_SASS_SIM,nvjet_sm90_tst_128x8_64x12_4x1_v_bz_TNT--3,gpu_tot_sim_insn,12838436.0,12838436.0,gpu_tot_sim_insn\s*=\s*(.*)
instance,llm_layer,layer,H100-SASS-Accelwattch_SASS_SIM,_ZN4vllm18act_and_mul_kernelIN3c108BFloat16E14__nv_bfloat162XadL_ZNS_11silu_kernelIS2_EET_RKS5_fEEXadL_ZNS_18packed_silu_kernelIS3_EES5_S7_fEELb1ELb1ELb0ELb0EEEvPS5_PS6_ifff--4,gpu_tot_sim_insn,159296.0,159296.0,gpu_tot_sim_insn\s*=\s*(.*)
instance,llm_layer,layer,H100-SASS-Accelwattch_SASS_SIM,nvjet_sm90_tst_64x8_64x16_4x1_v_bz_splitK_TNT--3,gpu_tot_sim_insn,9922385.0,9922385.0,gpu_tot_sim_insn\s*=\s*(.*)
instance,llm_layer,layer,H100-SASS-Accelwattch_SASS_SIM,_ZN8cublasLt19splitKreduce_kernelILi32ELi16Eif13__nv_bfloat16fS1_Lb0EfS1_S1_Lb1ELb0ELb0ELb0EEEvNS_18cublasSplitKParamsIT4_EEPKT2_PKT8_PT7_PT3_PKS3_SG_PKT9_S7_PSH_PvlPS3_PiSM_SM_SG_SG_SG_SG_SG_--4,gpu_tot_sim_insn,514307.0,514307.0,gpu_tot_sim_insn\s*=\s*(.*)
instance,llm_layer,layer,H100-SASS-Accelwattch_SASS_SIM,_ZN4vllm25fused_add_rms_norm_kernelIN3c108BFloat16ELi8ELb1EEENSt9enable_ifIXaagtT0_Li0Esr4vllm12_typeConvertIT_EE6existsEvE4typeEPS4_lS7_PKS4_fiil--10,gpu_tot_sim_insn,62331.0,62331.0,gpu_tot_sim_insn\s*=\s*(.*)
instance,llm_layer,layer,H100-SASS-Accelwattch_SASS_SIM,nvjet_sm90_tst_64x8_64x16_4x1_v_bz_bias_TNT--4,gpu_tot_sim_insn,2839452.0,2839452.0,gpu_tot_sim_insn\s*=\s*(.*)
instance,llm_layer,layer,H100-SASS-Accelwattch_SASS_SIM,_ZN4vllm23rotary_embedding_kernelIN3c108BFloat16ES2_Lb1EEEvPKlPT_S6_PKT0_illliiilb--5,gpu_tot_sim_insn,57244.0,57244.0,gpu_tot_sim_insn\s*=\s*(.*)
instance,llm_layer,layer,H100-SASS-Accelwattch_SASS_SIM,_ZN4vllm30reshape_and_cache_flash_kernelI13__nv_bfloat16S1_LNS_18Fp8KVCacheDataTypeE0EEEvPKT_S5_PT0_S7_PKlllllliiiPKfSB_i--5,gpu_tot_sim_insn,15680.0,15680.0,gpu_tot_sim_insn\s*=\s*(.*)
instance,llm_layer,layer,H100-SASS-Accelwattch_SASS_SIM,_ZN7cutlass13device_kernelIN5flash20enable_sm90_or_laterINS1_16FlashAttnFwdSm90INS1_25CollectiveMainloopFwdSm90ILi2EN4cute5tupleIJNS5_1CILi1EEES8_S8_EEENS6_IJNS7_ILi64EEENS7_ILi192EEESA_EEELi64ENS_10bfloat16_tEfNS_4arch4Sm90ELb0ELb0ELb0ELb1ELb1ELb0ELb0ELb1ELb1ELb1ELb0ELb0ESD_Li1EEENS1_21CollectiveEpilogueFwdINS6_IJSA_SA_SB_EEES9_SD_SF_Li128ELb1ELb1ELb0ELb0ELi1EEENS1_36VarlenDynamicPersistentTileSchedulerILi64ELi192ELi128ELi128ELb0ELb1ELb1ELb0ELb0ELb1EEEEEEEEEvNT_6ParamsE--4,gpu_tot_sim_insn,2888966.0,2888966.0,gpu_tot_sim_insn\s*=\s*(.*)
instance,llm_layer,layer,H100-SASS-Accelwattch_SASS_SIM,_ZN2at6native29vectorized_elementwise_kernelILi4ENS0_11FillFunctorIiEESt5arrayIPcLm1EEEEviT0_T1_--5,gpu_tot_sim_insn,2950.0,2950.0,gpu_tot_sim_insn\s*=\s*(.*)
instance,llm_layer,layer,H100-SASS-Accelwattch_SASS_SIM,nvjet_sm90_tst_64x8_64x16_4x1_v_bz_TNT--4,gpu_tot_sim_insn,2216164.0,2216164.0,gpu_tot_sim_insn\s*=\s*(.*)
instance,llm_layer,layer,H100-SASS-Accelwattch_SASS_SIM,_ZN4vllm25fused_add_rms_norm_kernelIN3c108BFloat16ELi8ELb1EEENSt9enable_ifIXaagtT0_Li0Esr4vllm12_typeConvertIT_EE6existsEvE4typeEPS4_lS7_PKS4_fiil--11,gpu_tot_sim_insn,62331.0,62331.0,gpu_tot_sim_insn\s*=\s*(.*)
instance,llm_layer,layer,H100-SASS-Accelwattch_SASS_SIM,nvjet_sm90_tst_128x8_64x12_4x1_v_bz_TNT--4,gpu_tot_sim_insn,12835684.0,12835684.0,gpu_tot_sim_insn\s*=\s*(.*)
instance,llm_layer,layer,H100-SASS-Accelwattch_SASS_SIM,_ZN4vllm18act_and_mul_kernelIN3c108BFloat16E14__nv_bfloat162XadL_ZNS_11silu_kernelIS2_EET_RKS5_fEEXadL_ZNS_18packed_silu_kernelIS3_EES5_S7_fEELb1ELb1ELb0ELb0EEEvPS5_PS6_ifff--5,gpu_tot_sim_insn,159296.0,159296.0,gpu_tot_sim_insn\s*=\s*(.*)
instance,llm_layer,layer,H100-SASS-Accelwattch_SASS_SIM,nvjet_sm90_tst_64x8_64x16_4x1_v_bz_splitK_TNT--4,gpu_tot_sim_insn,9942992.0,9942992.0,gpu_tot_sim_insn\s*=\s*(.*)
instance,llm_layer,layer,H100-SASS-Accelwattch_SASS_SIM,_ZN8cublasLt19splitKreduce_kernelILi32ELi16Eif13__nv_bfloat16fS1_Lb0EfS1_S1_Lb1ELb0ELb0ELb0EEEvNS_18cublasSplitKParamsIT4_EEPKT2_PKT8_PT7_PT3_PKS3_SG_PKT9_S7_PSH_PvlPS3_PiSM_SM_SG_SG_SG_SG_SG_--5,gpu_tot_sim_insn,514306.0,514306.0,gpu_tot_sim_insn\s*=\s*(.*)
instance,llm_layer,layer,H100-SASS-Accelwattch_SASS_SIM,_ZN4vllm25fused_add_rms_norm_kernelIN3c108BFloat16ELi8ELb1EEENSt9enable_ifIXaagtT0_Li0Esr4vllm12_typeConvertIT_EE6existsEvE4typeEPS4_lS7_PKS4_fiil--12,gpu_tot_sim_insn,62331.0,62331.0,gpu_tot_sim_insn\s*=\s*(.*)
instance,llm_layer,layer,H100-SASS-Accelwattch_SASS_SIM,nvjet_sm90_tst_64x8_64x16_4x1_v_bz_bias_TNT--5,gpu_tot_sim_insn,2839196.0,2839196.0,gpu_tot_sim_insn\s*=\s*(.*)
instance,llm_layer,layer,H100-SASS-Accelwattch_SASS_SIM,_ZN4vllm23rotary_embedding_kernelIN3c108BFloat16ES2_Lb1EEEvPKlPT_S6_PKT0_illliiilb--6,gpu_tot_sim_insn,57244.0,57244.0,gpu_tot_sim_insn\s*=\s*(.*)
instance,llm_layer,layer,H100-SASS-Accelwattch_SASS_SIM,_ZN4vllm30reshape_and_cache_flash_kernelI13__nv_bfloat16S1_LNS_18Fp8KVCacheDataTypeE0EEEvPKT_S5_PT0_S7_PKlllllliiiPKfSB_i--6,gpu_tot_sim_insn,15680.0,15680.0,gpu_tot_sim_insn\s*=\s*(.*)
instance,llm_layer,layer,H100-SASS-Accelwattch_SASS_SIM,_ZN7cutlass13device_kernelIN5flash20enable_sm90_or_laterINS1_16FlashAttnFwdSm90INS1_25CollectiveMainloopFwdSm90ILi2EN4cute5tupleIJNS5_1CILi1EEES8_S8_EEENS6_IJNS7_ILi64EEENS7_ILi192EEESA_EEELi64ENS_10bfloat16_tEfNS_4arch4Sm90ELb0ELb0ELb0ELb1ELb1ELb0ELb0ELb1ELb1ELb1ELb0ELb0ESD_Li1EEENS1_21CollectiveEpilogueFwdINS6_IJSA_SA_SB_EEES9_SD_SF_Li128ELb1ELb1ELb0ELb0ELi1EEENS1_36VarlenDynamicPersistentTileSchedulerILi64ELi192ELi128ELi128ELb0ELb1ELb1ELb0ELb0ELb1EEEEEEEEEvNT_6ParamsE--5,gpu_tot_sim_insn,2888966.0,2888966.0,gpu_tot_sim_insn\s*=\s*(.*)
instance,llm_layer,layer,H100-SASS-Accelwattch_SASS_SIM,_ZN2at6native29vectorized_elementwise_kernelILi4ENS0_11FillFunctorIiEESt5arrayIPcLm1EEEEviT0_T1_--6,gpu_tot_sim_insn,2950.0,2950.0,gpu_tot_sim_insn\s*=\s*(.*)
instance,llm_layer,layer,H100-SASS-Accelwattch_SASS_SIM,nvjet_sm90_tst_64x8_64x16_4x1_v_bz_TNT--5,gpu_tot_sim_insn,2216618.0,2216618.0,gpu_tot_sim_insn\s*=\s*(.*)
instance,llm_layer,layer,H100-SASS-Accelwattch_SASS_SIM,_ZN4vllm25fused_add_rms_norm_kernelIN3c108BFloat16ELi8ELb1EEENSt9enable_ifIXaagtT0_Li0Esr4vllm12_typeConvertIT_EE6existsEvE4typeEPS4_lS7_PKS4_fiil--13,gpu_tot_sim_insn,62331.0,62331.0,gpu_tot_sim_insn\s*=\s*(.*)
instance,llm_layer,layer,H100-SASS-Accelwattch_SASS_SIM,nvjet_sm90_tst_128x8_64x12_4x1_v_bz_TNT--5,gpu_tot_sim_insn,12839588.0,12839588.0,gpu_tot_sim_insn\s*=\s*(.*)
instance,llm_layer,layer,H100-SASS-Accelwattch_SASS_SIM,_ZN4vllm18act_and_mul_kernelIN3c108BFloat16E14__nv_bfloat162XadL_ZNS_11silu_kernelIS2_EET_RKS5_fEEXadL_ZNS_18packed_silu_kernelIS3_EES5_S7_fEELb1ELb1ELb0ELb0EEEvPS5_PS6_ifff--6,gpu_tot_sim_insn,159296.0,159296.0,gpu_tot_sim_insn\s*=\s*(.*)
instance,llm_layer,layer,H100-SASS-Accelwattch_SASS_SIM,nvjet_sm90_tst_64x8_64x16_4x1_v_bz_splitK_TNT--5,gpu_tot_sim_insn,9945872.0,9945872.0,gpu_tot_sim_insn\s*=\s*(.*)
instance,llm_layer,layer,H100-SASS-Accelwattch_SASS_SIM,_ZN8cublasLt19splitKreduce_kernelILi32ELi16Eif13__nv_bfloat16fS1_Lb0EfS1_S1_Lb1ELb0ELb0ELb0EEEvNS_18cublasSplitKParamsIT4_EEPKT2_PKT8_PT7_PT3_PKS3_SG_PKT9_S7_PSH_PvlPS3_PiSM_SM_SG_SG_SG_SG_SG_--6,gpu_tot_sim_insn,514306.0,514306.0,gpu_tot_sim_insn\s*=\s*(.*)
instance,llm_layer,layer,H100-SASS-Accelwattch_SASS_SIM,_ZN4vllm25fused_add_rms_norm_kernelIN3c108BFloat16ELi8ELb1EEENSt9enable_ifIXaagtT0_Li0Esr4vllm12_typeConvertIT_EE6existsEvE4typeEPS4_lS7_PKS4_fiil--14,gpu_tot_sim_insn,62331.0,62331.0,gpu_tot_sim_insn\s*=\s*(.*)
instance,llm_layer,layer,H100-SASS-Accelwattch_SASS_SIM,nvjet_sm90_tst_64x8_64x16_4x1_v_bz_bias_TNT--6,gpu_tot_sim_insn,2838044.0,2838044.0,gpu_tot_sim_insn\s*=\s*(.*)
instance,llm_layer,layer,H100-SASS-Accelwattch_SASS_SIM,_ZN4vllm23rotary_embedding_kernelIN3c108BFloat16ES2_Lb1EEEvPKlPT_S6_PKT0_illliiilb--7,gpu_tot_sim_insn,57244.0,57244.0,gpu_tot_sim_insn\s*=\s*(.*)
instance,llm_layer,layer,H100-SASS-Accelwattch_SASS_SIM,_ZN4vllm30reshape_and_cache_flash_kernelI13__nv_bfloat16S1_LNS_18Fp8KVCacheDataTypeE0EEEvPKT_S5_PT0_S7_PKlllllliiiPKfSB_i--7,gpu_tot_sim_insn,15936.0,15936.0,gpu_tot_sim_insn\s*=\s*(.*)
instance,llm_layer,layer,H100-SASS-Accelwattch_SASS_SIM,_ZN7cutlass13device_kernelIN5flash20enable_sm90_or_laterINS1_16FlashAttnFwdSm90INS1_25CollectiveMainloopFwdSm90ILi2EN4cute5tupleIJNS5_1CILi1EEES8_S8_EEENS6_IJNS7_ILi64EEENS7_ILi192EEESA_EEELi64ENS_10bfloat16_tEfNS_4arch4Sm90ELb0ELb0ELb0ELb1ELb1ELb0ELb0ELb1ELb1ELb1ELb0ELb0ESD_Li1EEENS1_21CollectiveEpilogueFwdINS6_IJSA_SA_SB_EEES9_SD_SF_Li128ELb1ELb1ELb0ELb0ELi1EEENS1_36VarlenDynamicPersistentTileSchedulerILi64ELi192ELi128ELi128ELb0ELb1ELb1ELb0ELb0ELb1EEEEEEEEEvNT_6ParamsE--6,gpu_tot_sim_insn,2889006.0,2889006.0,gpu_tot_sim_insn\s*=\s*(.*)
instance,llm_layer,layer,H100-SASS-Accelwattch_SASS_SIM,_ZN2at6native29vectorized_elementwise_kernelILi4ENS0_11FillFunctorIiEESt5arrayIPcLm1EEEEviT0_T1_--7,gpu_tot_sim_insn,2950.0,2950.0,gpu_tot_sim_insn\s*=\s*(.*)
instance,llm_layer,layer,H100-SASS-Accelwattch_SASS_SIM,nvjet_sm90_tst_64x8_64x16_4x1_v_bz_TNT--6,gpu_tot_sim_insn,2215424.0,2215424.0,gpu_tot_sim_insn\s*=\s*(.*)
instance,llm_layer,layer,H100-SASS-Accelwattch_SASS_SIM,_ZN4vllm25fused_add_rms_norm_kernelIN3c108BFloat16ELi8ELb1EEENSt9enable_ifIXaagtT0_Li0Esr4vllm12_typeConvertIT_EE6existsEvE4typeEPS4_lS7_PKS4_fiil--15,gpu_tot_sim_insn,62331.0,62331.0,gpu_tot_sim_insn\s*=\s*(.*)
instance,llm_layer,layer,H100-SASS-Accelwattch_SASS_SIM,nvjet_sm90_tst_128x8_64x12_4x1_v_bz_TNT--6,gpu_tot_sim_insn,12838180.0,12838180.0,gpu_tot_sim_insn\s*=\s*(.*)
instance,llm_layer,layer,H100-SASS-Accelwattch_SASS_SIM,_ZN4vllm18act_and_mul_kernelIN3c108BFloat16E14__nv_bfloat162XadL_ZNS_11silu_kernelIS2_EET_RKS5_fEEXadL_ZNS_18packed_silu_kernelIS3_EES5_S7_fEELb1ELb1ELb0ELb0EEEvPS5_PS6_ifff--7,gpu_tot_sim_insn,159296.0,159296.0,gpu_tot_sim_insn\s*=\s*(.*)
instance,llm_layer,layer,H100-SASS-Accelwattch_SASS_SIM,nvjet_sm90_tst_64x8_64x16_4x1_v_bz_splitK_TNT--6,gpu_tot_sim_insn,9919441.0,9919441.0,gpu_tot_sim_insn\s*=\s*(.*)
instance,llm_layer,layer,H100-SASS-Accelwattch_SASS_SIM,_ZN8cublasLt19splitKreduce_kernelILi32ELi16Eif13__nv_bfloat16fS1_Lb0EfS1_S1_Lb1ELb0ELb0ELb0EEEvNS_18cublasSplitKParamsIT4_EEPKT2_PKT8_PT7_PT3_PKS3_SG_PKT9_S7_PSH_PvlPS3_PiSM_SM_SG_SG_SG_SG_SG_--7,gpu_tot_sim_insn,514306.0,514306.0,gpu_tot_sim_insn\s*=\s*(.*)
instance,llm_layer,layer,H100-SASS-Accelwattch_SASS_SIM,_ZN4vllm25fused_add_rms_norm_kernelIN3c108BFloat16ELi8ELb1EEENSt9enable_ifIXaagtT0_Li0Esr4vllm12_typeConvertIT_EE6existsEvE4typeEPS4_lS7_PKS4_fiil--0,gpgpu_simulation_time,2.0,2.0,gpgpu_simulation_time\s*=.*\(([0-9]+) sec\).*
instance,llm_layer,layer,H100-SASS-Accelwattch_SASS_SIM,nvjet_sm90_tst_64x8_64x16_4x2_h_bz_bias_TNT--0,gpgpu_simulation_time,7.0,7.0,gpgpu_simulation_time\s*=.*\(([0-9]+) sec\).*
instance,llm_layer,layer,H100-SASS-Accelwattch_SASS_SIM,_ZN4vllm23rotary_embedding_kernelIN3c108BFloat16ES2_Lb1EEEvPKlPT_S6_PKT0_illliiilb--0,gpgpu_simulation_time,2.0,2.0,gpgpu_simulation_time\s*=.*\(([0-9]+) sec\).*
instance,llm_layer,layer,H100-SASS-Accelwattch_SASS_SIM,_ZN4vllm30reshape_and_cache_flash_kernelI13__nv_bfloat16S1_LNS_18Fp8KVCacheDataTypeE0EEEvPKT_S5_PT0_S7_PKlllllliiiPKfSB_i--0,gpgpu_simulation_time,2.0,2.0,gpgpu_simulation_time\s*=.*\(([0-9]+) sec\).*
instance,llm_layer,layer,H100-SASS-Accelwattch_SASS_SIM,_ZN7cutlass13device_kernelIN5flash20enable_sm90_or_laterINS1_16FlashAttnFwdSm90INS1_25CollectiveMainloopFwdSm90ILi2EN4cute5tupleIJNS5_1CILi1EEES8_S8_EEENS6_IJNS7_ILi192EEENS7_ILi128EEENS7_ILi64EEEEEELi64ENS_10bfloat16_tEfNS_4arch4Sm90ELb1ELb0ELb0ELb1ELb1ELb0ELb0ELb1ELb1ELb1ELb0ELb0ESE_Li1EEENS1_21CollectiveEpilogueFwdINS6_IJSA_SC_SB_EEES9_SE_SG_Li384ELb1ELb1ELb0ELb0ELi1EEENS1_36VarlenDynamicPersistentTileSchedulerILi192ELi128ELi384ELi128ELb0ELb1ELb1ELb1ELb0ELb1EEEEEEEEEvNT_6ParamsE--0,gpgpu_simulation_time,13.0,13.0,gpgpu_simulation_time\s*=.*\(([0-9]+) sec\).*
instance,llm_layer,layer,H100-SASS-Accelwattch_SASS_SIM,_ZN2at6native29vectorized_elementwise_kernelILi4ENS0_11FillFunctorIiEESt5arrayIPcLm1EEEEviT0_T1_--0,gpgpu_simulation_time,1.0,1.0,gpgpu_simulation_time\s*=.*\(([0-9]+) sec\).*
instance,llm_layer,layer,H100-SASS-Accelwattch_SASS_SIM,nvjet_sm90_tst_64x8_64x16_4x2_h_bz_TNT--0,gpgpu_simulation_time,7.0,7.0,gpgpu_simulation_time\s*=.*\(([0-9]+) sec\).*
instance,llm_layer,layer,H100-SASS-Accelwattch_SASS_SIM,_ZN4vllm25fused_add_rms_norm_kernelIN3c108BFloat16ELi8ELb1EEENSt9enable_ifIXaagtT0_Li0Esr4vllm12_typeConvertIT_EE6existsEvE4typeEPS4_lS7_PKS4_fiil--1,gpgpu_simulation_time,3.0,3.0,gpgpu_simulation_time\s*=.*\(([0-9]+) sec\).*
instance,llm_layer,layer,H100-SASS-Accelwattch_SASS_SIM,nvjet_sm90_tst_128x16_64x11_4x1_v_bz_TNT--0,gpgpu_simulation_time,95.0,95.0,gpgpu_simulation_time\s*=.*\(([0-9]+) sec\).*
instance,llm_layer,layer,H100-SASS-Accelwattch_SASS_SIM,_ZN4vllm18act_and_mul_kernelIN3c108BFloat16E14__nv_bfloat162XadL_ZNS_11silu_kernelIS2_EET_RKS5_fEEXadL_ZNS_18packed_silu_kernelIS3_EES5_S7_fEELb1ELb1ELb0ELb0EEEvPS5_PS6_ifff--0,gpgpu_simulation_time,4.0,4.0,gpgpu_simulation_time\s*=.*\(([0-9]+) sec\).*
instance,llm_layer,layer,H100-SASS-Accelwattch_SASS_SIM,nvjet_sm90_tst_64x16_64x16_4x1_v_bz_splitK_TNT--0,gpgpu_simulation_time,29.0,29.0,gpgpu_simulation_time\s*=.*\(([0-9]+) sec\).*
instance,llm_layer,layer,H100-SASS-Accelwattch_SASS_SIM,_ZN8cublasLt19splitKreduce_kernelILi32ELi16Eif13__nv_bfloat16fS1_Lb0EfS1_S1_Lb1ELb0ELb0ELb0EEEvNS_18cublasSplitKParamsIT4_EEPKT2_PKT8_PT7_PT3_PKS3_SG_PKT9_S7_PSH_PvlPS3_PiSM_SM_SG_SG_SG_SG_SG_--0,gpgpu_simulation_time,3.0,3.0,gpgpu_simulation_time\s*=.*\(([0-9]+) sec\).*
instance,llm_layer,layer,H100-SASS-Accelwattch_SASS_SIM,_ZN4vllm25fused_add_rms_norm_kernelIN3c108BFloat16ELi8ELb1EEENSt9enable_ifIXaagtT0_Li0Esr4vllm12_typeConvertIT_EE6existsEvE4typeEPS4_lS7_PKS4_fiil--2,gpgpu_simulation_time,3.0,3.0,gpgpu_simulation_time\s*=.*\(([0-9]+) sec\).*
instance,llm_layer,layer,H100-SASS-Accelwattch_SASS_SIM,nvjet_sm90_tst_64x8_64x16_4x1_v_bz_bias_TNT--0,gpgpu_simulation_time,8.0,8.0,gpgpu_simulation_time\s*=.*\(([0-9]+) sec\).*
instance,llm_layer,layer,H100-SASS-Accelwattch_SASS_SIM,_ZN4vllm23rotary_embedding_kernelIN3c108BFloat16ES2_Lb1EEEvPKlPT_S6_PKT0_illliiilb--1,gpgpu_simulation_time,3.0,3.0,gpgpu_simulation_time\s*=.*\(([0-9]+) sec\).*
instance,llm_layer,layer,H100-SASS-Accelwattch_SASS_SIM,_ZN4vllm30reshape_and_cache_flash_kernelI13__nv_bfloat16S1_LNS_18Fp8KVCacheDataTypeE0EEEvPKT_S5_PT0_S7_PKlllllliiiPKfSB_i--1,gpgpu_simulation_time,3.0,3.0,gpgpu_simulation_time\s*=.*\(([0-9]+) sec\).*
instance,llm_layer,layer,H100-SASS-Accelwattch_SASS_SIM,_ZN7cutlass13device_kernelIN5flash20enable_sm90_or_laterINS1_16FlashAttnFwdSm90INS1_25CollectiveMainloopFwdSm90ILi2EN4cute5tupleIJNS5_1CILi1EEES8_S8_EEENS6_IJNS7_ILi64EEENS7_ILi192EEESA_EEELi64ENS_10bfloat16_tEfNS_4arch4Sm90ELb0ELb0ELb0ELb1ELb1ELb0ELb0ELb1ELb1ELb1ELb0ELb0ESD_Li1EEENS1_21CollectiveEpilogueFwdINS6_IJSA_SA_SB_EEES9_SD_SF_Li128ELb1ELb1ELb0ELb0ELi1EEENS1_36VarlenDynamicPersistentTileSchedulerILi64ELi192ELi128ELi128ELb0ELb1ELb1ELb0ELb0ELb1EEEEEEEEEvNT_6ParamsE--0,gpgpu_simulation_time,10.0,10.0,gpgpu_simulation_time\s*=.*\(([0-9]+) sec\).*
instance,llm_layer,layer,H100-SASS-Accelwattch_SASS_SIM,_ZN2at6native29vectorized_elementwise_kernelILi4ENS0_11FillFunctorIiEESt5arrayIPcLm1EEEEviT0_T1_--1,gpgpu_simulation_time,2.0,2.0,gpgpu_simulation_time\s*=.*\(([0-9]+) sec\).*
instance,llm_layer,layer,H100-SASS-Accelwattch_SASS_SIM,nvjet_sm90_tst_64x8_64x16_4x1_v_bz_TNT--0,gpgpu_simulation_time,6.0,6.0,gpgpu_simulation_time\s*=.*\(([0-9]+) sec\).*
instance,llm_layer,layer,H100-SASS-Accelwattch_SASS_SIM,_ZN4vllm25fused_add_rms_norm_kernelIN3c108BFloat16ELi8ELb1EEENSt9enable_ifIXaagtT0_Li0Esr4vllm12_typeConvertIT_EE6existsEvE4typeEPS4_lS7_PKS4_fiil--3,gpgpu_simulation_time,3.0,3.0,gpgpu_simulation_time\s*=.*\(([0-9]+) sec\).*
instance,llm_layer,layer,H100-SASS-Accelwattch_SASS_SIM,nvjet_sm90_tst_128x8_64x12_4x1_v_bz_TNT--0,gpgpu_simulation_time,67.0,67.0,gpgpu_simulation_time\s*=.*\(([0-9]+) sec\).*
instance,llm_layer,layer,H100-SASS-Accelwattch_SASS_SIM,_ZN4vllm18act_and_mul_kernelIN3c108BFloat16E14__nv_bfloat162XadL_ZNS_11silu_kernelIS2_EET_RKS5_fEEXadL_ZNS_18packed_silu_kernelIS3_EES5_S7_fEELb1ELb1ELb0ELb0EEEvPS5_PS6_ifff--1,gpgpu_simulation_time,4.0,4.0,gpgpu_simulation_time\s*=.*\(([0-9]+) sec\).*
instance,llm_layer,layer,H100-SASS-Accelwattch_SASS_SIM,nvjet_sm90_tst_64x8_64x16_4x1_v_bz_splitK_TNT--0,gpgpu_simulation_time,22.0,22.0,gpgpu_simulation_time\s*=.*\(([0-9]+) sec\).*
instance,llm_layer,layer,H100-SASS-Accelwattch_SASS_SIM,_ZN8cublasLt19splitKreduce_kernelILi32ELi16Eif13__nv_bfloat16fS1_Lb0EfS1_S1_Lb1ELb0ELb0ELb0EEEvNS_18cublasSplitKParamsIT4_EEPKT2_PKT8_PT7_PT3_PKS3_SG_PKT9_S7_PSH_PvlPS3_PiSM_SM_SG_SG_SG_SG_SG_--1,gpgpu_simulation_time,3.0,3.0,gpgpu_simulation_time\s*=.*\(([0-9]+) sec\).*
instance,llm_layer,layer,H100-SASS-Accelwattch_SASS_SIM,_ZN4vllm25fused_add_rms_norm_kernelIN3c108BFloat16ELi8ELb1EEENSt9enable_ifIXaagtT0_Li0Esr4vllm12_typeConvertIT_EE6existsEvE4typeEPS4_lS7_PKS4_fiil--4,gpgpu_simulation_time,4.0,4.0,gpgpu_simulation_time\s*=.*\(([0-9]+) sec\).*
instance,llm_layer,layer,H100-SASS-Accelwattch_SASS_SIM,nvjet_sm90_tst_64x8_64x16_4x1_v_bz_bias_TNT--1,gpgpu_simulation_time,7.0,7.0,gpgpu_simulation_time\s*=.*\(([0-9]+) sec\).*
instance,llm_layer,layer,H100-SASS-Accelwattch_SASS_SIM,_ZN4vllm23rotary_embedding_kernelIN3c108BFloat16ES2_Lb1EEEvPKlPT_S6_PKT0_illliiilb--2,gpgpu_simulation_time,4.0,4.0,gpgpu_simulation_time\s*=.*\(([0-9]+) sec\).*
instance,llm_layer,layer,H100-SASS-Accelwattch_SASS_SIM,_ZN4vllm30reshape_and_cache_flash_kernelI13__nv_bfloat16S1_LNS_18Fp8KVCacheDataTypeE0EEEvPKT_S5_PT0_S7_PKlllllliiiPKfSB_i--2,gpgpu_simulation_time,2.0,2.0,gpgpu_simulation_time\s*=.*\(([0-9]+) sec\).*
instance,llm_layer,layer,H100-SASS-Accelwattch_SASS_SIM,_ZN7cutlass13device_kernelIN5flash20enable_sm90_or_laterINS1_16FlashAttnFwdSm90INS1_25CollectiveMainloopFwdSm90ILi2EN4cute5tupleIJNS5_1CILi1EEES8_S8_EEENS6_IJNS7_ILi64EEENS7_ILi192EEESA_EEELi64ENS_10bfloat16_tEfNS_4arch4Sm90ELb0ELb0ELb0ELb1ELb1ELb0ELb0ELb1ELb1ELb1ELb0ELb0ESD_Li1EEENS1_21CollectiveEpilogueFwdINS6_IJSA_SA_SB_EEES9_SD_SF_Li128ELb1ELb1ELb0ELb0ELi1EEENS1_36VarlenDynamicPersistentTileSchedulerILi64ELi192ELi128ELi128ELb0ELb1ELb1ELb0ELb0ELb1EEEEEEEEEvNT_6ParamsE--1,gpgpu_simulation_time,11.0,11.0,gpgpu_simulation_time\s*=.*\(([0-9]+) sec\).*
instance,llm_layer,layer,H100-SASS-Accelwattch_SASS_SIM,_ZN2at6native29vectorized_elementwise_kernelILi4ENS0_11FillFunctorIiEESt5arrayIPcLm1EEEEviT0_T1_--2,gpgpu_simulation_time,2.0,2.0,gpgpu_simulation_time\s*=.*\(([0-9]+) sec\).*
instance,llm_layer,layer,H100-SASS-Accelwattch_SASS_SIM,nvjet_sm90_tst_64x8_64x16_4x1_v_bz_TNT--1,gpgpu_simulation_time,6.0,6.0,gpgpu_simulation_time\s*=.*\(([0-9]+) sec\).*
instance,llm_layer,layer,H100-SASS-Accelwattch_SASS_SIM,_ZN4vllm25fused_add_rms_norm_kernelIN3c108BFloat16ELi8ELb1EEENSt9enable_ifIXaagtT0_Li0Esr4vllm12_typeConvertIT_EE6existsEvE4typeEPS4_lS7_PKS4_fiil--5,gpgpu_simulation_time,3.0,3.0,gpgpu_simulation_time\s*=.*\(([0-9]+) sec\).*
instance,llm_layer,layer,H100-SASS-Accelwattch_SASS_SIM,nvjet_sm90_tst_128x8_64x12_4x1_v_bz_TNT--1,gpgpu_simulation_time,54.0,54.0,gpgpu_simulation_time\s*=.*\(([0-9]+) sec\).*
instance,llm_layer,layer,H100-SASS-Accelwattch_SASS_SIM,_ZN4vllm18act_and_mul_kernelIN3c108BFloat16E14__nv_bfloat162XadL_ZNS_11silu_kernelIS2_EET_RKS5_fEEXadL_ZNS_18packed_silu_kernelIS3_EES5_S7_fEELb1ELb1ELb0ELb0EEEvPS5_PS6_ifff--2,gpgpu_simulation_time,3.0,3.0,gpgpu_simulation_time\s*=.*\(([0-9]+) sec\).*
instance,llm_layer,layer,H100-SASS-Accelwattch_SASS_SIM,nvjet_sm90_tst_64x8_64x16_4x1_v_bz_splitK_TNT--1,gpgpu_simulation_time,23.0,23.0,gpgpu_simulation_time\s*=.*\(([0-9]+) sec\).*
instance,llm_layer,layer,H100-SASS-Accelwattch_SASS_SIM,_ZN8cublasLt19splitKreduce_kernelILi32ELi16Eif13__nv_bfloat16fS1_Lb0EfS1_S1_Lb1ELb0ELb0ELb0EEEvNS_18cublasSplitKParamsIT4_EEPKT2_PKT8_PT7_PT3_PKS3_SG_PKT9_S7_PSH_PvlPS3_PiSM_SM_SG_SG_SG_SG_SG_--2,gpgpu_simulation_time,3.0,3.0,gpgpu_simulation_time\s*=.*\(([0-9]+) sec\).*
instance,llm_layer,layer,H100-SASS-Accelwattch_SASS_SIM,_ZN4vllm25fused_add_rms_norm_kernelIN3c108BFloat16ELi8ELb1EEENSt9enable_ifIXaagtT0_Li0Esr4vllm12_typeConvertIT_EE6existsEvE4typeEPS4_lS7_PKS4_fiil--6,gpgpu_simulation_time,3.0,3.0,gpgpu_simulation_time\s*=.*\(([0-9]+) sec\).*
instance,llm_layer,layer,H100-SASS-Accelwattch_SASS_SIM,nvjet_sm90_tst_64x8_64x16_4x1_v_bz_bias_TNT--2,gpgpu_simulation_time,8.0,8.0,gpgpu_simulation_time\s*=.*\(([0-9]+) sec\).*
instance,llm_layer,layer,H100-SASS-Accelwattch_SASS_SIM,_ZN4vllm23rotary_embedding_kernelIN3c108BFloat16ES2_Lb1EEEvPKlPT_S6_PKT0_illliiilb--3,gpgpu_simulation_time,3.0,3.0,gpgpu_simulation_time\s*=.*\(([0-9]+) sec\).*
instance,llm_layer,layer,H100-SASS-Accelwattch_SASS_SIM,_ZN4vllm30reshape_and_cache_flash_kernelI13__nv_bfloat16S1_LNS_18Fp8KVCacheDataTypeE0EEEvPKT_S5_PT0_S7_PKlllllliiiPKfSB_i--3,gpgpu_simulation_time,3.0,3.0,gpgpu_simulation_time\s*=.*\(([0-9]+) sec\).*
instance,llm_layer,layer,H100-SASS-Accelwattch_SASS_SIM,_ZN7cutlass13device_kernelIN5flash20enable_sm90_or_laterINS1_16FlashAttnFwdSm90INS1_25CollectiveMainloopFwdSm90ILi2EN4cute5tupleIJNS5_1CILi1EEES8_S8_EEENS6_IJNS7_ILi64EEENS7_ILi192EEESA_EEELi64ENS_10bfloat16_tEfNS_4arch4Sm90ELb0ELb0ELb0ELb1ELb1ELb0ELb0ELb1ELb1ELb1ELb0ELb0ESD_Li1EEENS1_21CollectiveEpilogueFwdINS6_IJSA_SA_SB_EEES9_SD_SF_Li128ELb1ELb1ELb0ELb0ELi1EEENS1_36VarlenDynamicPersistentTileSchedulerILi64ELi192ELi128ELi128ELb0ELb1ELb1ELb0ELb0ELb1EEEEEEEEEvNT_6ParamsE--2,gpgpu_simulation_time,10.0,10.0,gpgpu_simulation_time\s*=.*\(([0-9]+) sec\).*
instance,llm_layer,layer,H100-SASS-Accelwattch_SASS_SIM,_ZN2at6native29vectorized_elementwise_kernelILi4ENS0_11FillFunctorIiEESt5arrayIPcLm1EEEEviT0_T1_--3,gpgpu_simulation_time,2.0,2.0,gpgpu_simulation_time\s*=.*\(([0-9]+) sec\).*
instance,llm_layer,layer,H100-SASS-Accelwattch_SASS_SIM,nvjet_sm90_tst_64x8_64x16_4x1_v_bz_TNT--2,gpgpu_simulation_time,7.0,7.0,gpgpu_simulation_time\s*=.*\(([0-9]+) sec\).*
instance,llm_layer,layer,H100-SASS-Accelwattch_SASS_SIM,_ZN4vllm25fused_add_rms_norm_kernelIN3c108BFloat16ELi8ELb1EEENSt9enable_ifIXaagtT0_Li0Esr4vllm12_typeConvertIT_EE6existsEvE4typeEPS4_lS7_PKS4_fiil--7,gpgpu_simulation_time,3.0,3.0,gpgpu_simulation_time\s*=.*\(([0-9]+) sec\).*
instance,llm_layer,layer,H100-SASS-Accelwattch_SASS_SIM,nvjet_sm90_tst_128x8_64x12_4x1_v_bz_TNT--2,gpgpu_simulation_time,61.0,61.0,gpgpu_simulation_time\s*=.*\(([0-9]+) sec\).*
instance,llm_layer,layer,H100-SASS-Accelwattch_SASS_SIM,_ZN4vllm18act_and_mul_kernelIN3c108BFloat16E14__nv_bfloat162XadL_ZNS_11silu_kernelIS2_EET_RKS5_fEEXadL_ZNS_18packed_silu_kernelIS3_EES5_S7_fEELb1ELb1ELb0ELb0EEEvPS5_PS6_ifff--3,gpgpu_simulation_time,3.0,3.0,gpgpu_simulation_time\s*=.*\(([0-9]+) sec\).*
instance,llm_layer,layer,H100-SASS-Accelwattch_SASS_SIM,nvjet_sm90_tst_64x8_64x16_4x1_v_bz_splitK_TNT--2,gpgpu_simulation_time,24.0,24.0,gpgpu_simulation_time\s*=.*\(([0-9]+) sec\).*
instance,llm_layer,layer,H100-SASS-Accelwattch_SASS_SIM,_ZN8cublasLt19splitKreduce_kernelILi32ELi16Eif13__nv_bfloat16fS1_Lb0EfS1_S1_Lb1ELb0ELb0ELb0EEEvNS_18cublasSplitKParamsIT4_EEPKT2_PKT8_PT7_PT3_PKS3_SG_PKT9_S7_PSH_PvlPS3_PiSM_SM_SG_SG_SG_SG_SG_--3,gpgpu_simulation_time,4.0,4.0,gpgpu_simulation_time\s*=.*\(([0-9]+) sec\).*
instance,llm_layer,layer,H100-SASS-Accelwattch_SASS_SIM,_ZN4vllm25fused_add_rms_norm_kernelIN3c108BFloat16ELi8ELb1EEENSt9enable_ifIXaagtT0_Li0Esr4vllm12_typeConvertIT_EE6existsEvE4typeEPS4_lS7_PKS4_fiil--8,gpgpu_simulation_time,3.0,3.0,gpgpu_simulation_time\s*=.*\(([0-9]+) sec\).*
instance,llm_layer,layer,H100-SASS-Accelwattch_SASS_SIM,nvjet_sm90_tst_64x8_64x16_4x1_v_bz_bias_TNT--3,gpgpu_simulation_time,8.0,8.0,gpgpu_simulation_time\s*=.*\(([0-9]+) sec\).*
instance,llm_layer,layer,H100-SASS-Accelwattch_SASS_SIM,_ZN4vllm23rotary_embedding_kernelIN3c108BFloat16ES2_Lb1EEEvPKlPT_S6_PKT0_illliiilb--4,gpgpu_simulation_time,4.0,4.0,gpgpu_simulation_time\s*=.*\(([0-9]+) sec\).*
instance,llm_layer,layer,H100-SASS-Accelwattch_SASS_SIM,_ZN4vllm30reshape_and_cache_flash_kernelI13__nv_bfloat16S1_LNS_18Fp8KVCacheDataTypeE0EEEvPKT_S5_PT0_S7_PKlllllliiiPKfSB_i--4,gpgpu_simulation_time,2.0,2.0,gpgpu_simulation_time\s*=.*\(([0-9]+) sec\).*
instance,llm_layer,layer,H100-SASS-Accelwattch_SASS_SIM,_ZN7cutlass13device_kernelIN5flash20enable_sm90_or_laterINS1_16FlashAttnFwdSm90INS1_25CollectiveMainloopFwdSm90ILi2EN4cute5tupleIJNS5_1CILi1EEES8_S8_EEENS6_IJNS7_ILi64EEENS7_ILi192EEESA_EEELi64ENS_10bfloat16_tEfNS_4arch4Sm90ELb0ELb0ELb0ELb1ELb1ELb0ELb0ELb1ELb1ELb1ELb0ELb0ESD_Li1EEENS1_21CollectiveEpilogueFwdINS6_IJSA_SA_SB_EEES9_SD_SF_Li128ELb1ELb1ELb0ELb0ELi1EEENS1_36VarlenDynamicPersistentTileSchedulerILi64ELi192ELi128ELi128ELb0ELb1ELb1ELb0ELb0ELb1EEEEEEEEEvNT_6ParamsE--3,gpgpu_simulation_time,11.0,11.0,gpgpu_simulation_time\s*=.*\(([0-9]+) sec\).*
instance,llm_layer,layer,H100-SASS-Accelwattch_SASS_SIM,_ZN2at6native29vectorized_elementwise_kernelILi4ENS0_11FillFunctorIiEESt5arrayIPcLm1EEEEviT0_T1_--4,gpgpu_simulation_time,2.0,2.0,gpgpu_simulation_time\s*=.*\(([0-9]+) sec\).*
instance,llm_layer,layer,H100-SASS-Accelwattch_SASS_SIM,nvjet_sm90_tst_64x8_64x16_4x1_v_bz_TNT--3,gpgpu_simulation_time,7.0,7.0,gpgpu_simulation_time\s*=.*\(([0-9]+) sec\).*
instance,llm_layer,layer,H100-SASS-Accelwattch_SASS_SIM,_ZN4vllm25fused_add_rms_norm_kernelIN3c108BFloat16ELi8ELb1EEENSt9enable_ifIXaagtT0_Li0Esr4vllm12_typeConvertIT_EE6existsEvE4typeEPS4_lS7_PKS4_fiil--9,gpgpu_simulation_time,3.0,3.0,gpgpu_simulation_time\s*=.*\(([0-9]+) sec\).*
instance,llm_layer,layer,H100-SASS-Accelwattch_SASS_SIM,nvjet_sm90_tst_128x8_64x12_4x1_v_bz_TNT--3,gpgpu_simulation_time,57.0,57.0,gpgpu_simulation_time\s*=.*\(([0-9]+) sec\).*
instance,llm_layer,layer,H100-SASS-Accelwattch_SASS_SIM,_ZN4vllm18act_and_mul_kernelIN3c108BFloat16E14__nv_bfloat162XadL_ZNS_11silu_kernelIS2_EET_RKS5_fEEXadL_ZNS_18packed_silu_kernelIS3_EES5_S7_fEELb1ELb1ELb0ELb0EEEvPS5_PS6_ifff--4,gpgpu_simulation_time,3.0,3.0,gpgpu_simulation_time\s*=.*\(([0-9]+) sec\).*
instance,llm_layer,layer,H100-SASS-Accelwattch_SASS_SIM,nvjet_sm90_tst_64x8_64x16_4x1_v_bz_splitK_TNT--3,gpgpu_simulation_time,24.0,24.0,gpgpu_simulation_time\s*=.*\(([0-9]+) sec\).*
instance,llm_layer,layer,H100-SASS-Accelwattch_SASS_SIM,_ZN8cublasLt19splitKreduce_kernelILi32ELi16Eif13__nv_bfloat16fS1_Lb0EfS1_S1_Lb1ELb0ELb0ELb0EEEvNS_18cublasSplitKParamsIT4_EEPKT2_PKT8_PT7_PT3_PKS3_SG_PKT9_S7_PSH_PvlPS3_PiSM_SM_SG_SG_SG_SG_SG_--4,gpgpu_simulation_time,3.0,3.0,gpgpu_simulation_time\s*=.*\(([0-9]+) sec\).*
instance,llm_layer,layer,H100-SASS-Accelwattch_SASS_SIM,_ZN4vllm25fused_add_rms_norm_kernelIN3c108BFloat16ELi8ELb1EEENSt9enable_ifIXaagtT0_Li0Esr4vllm12_typeConvertIT_EE6existsEvE4typeEPS4_lS7_PKS4_fiil--10,gpgpu_simulation_time,3.0,3.0,gpgpu_simulation_time\s*=.*\(([0-9]+) sec\).*
instance,llm_layer,layer,H100-SASS-Accelwattch_SASS_SIM,nvjet_sm90_tst_64x8_64x16_4x1_v_bz_bias_TNT--4,gpgpu_simulation_time,8.0,8.0,gpgpu_simulation_time\s*=.*\(([0-9]+) sec\).*
instance,llm_layer,layer,H100-SASS-Accelwattch_SASS_SIM,_ZN4vllm23rotary_embedding_kernelIN3c108BFloat16ES2_Lb1EEEvPKlPT_S6_PKT0_illliiilb--5,gpgpu_simulation_time,4.0,4.0,gpgpu_simulation_time\s*=.*\(([0-9]+) sec\).*
instance,llm_layer,layer,H100-SASS-Accelwattch_SASS_SIM,_ZN4vllm30reshape_and_cache_flash_kernelI13__nv_bfloat16S1_LNS_18Fp8KVCacheDataTypeE0EEEvPKT_S5_PT0_S7_PKlllllliiiPKfSB_i--5,gpgpu_simulation_time,2.0,2.0,gpgpu_simulation_time\s*=.*\(([0-9]+) sec\).*
instance,llm_layer,layer,H100-SASS-Accelwattch_SASS_SIM,_ZN7cutlass13device_kernelIN5flash20enable_sm90_or_laterINS1_16FlashAttnFwdSm90INS1_25CollectiveMainloopFwdSm90ILi2EN4cute5tupleIJNS5_1CILi1EEES8_S8_EEENS6_IJNS7_ILi64EEENS7_ILi192EEESA_EEELi64ENS_10bfloat16_tEfNS_4arch4Sm90ELb0ELb0ELb0ELb1ELb1ELb0ELb0ELb1ELb1ELb1ELb0ELb0ESD_Li1EEENS1_21CollectiveEpilogueFwdINS6_IJSA_SA_SB_EEES9_SD_SF_Li128ELb1ELb1ELb0ELb0ELi1EEENS1_36VarlenDynamicPersistentTileSchedulerILi64ELi192ELi128ELi128ELb0ELb1ELb1ELb0ELb0ELb1EEEEEEEEEvNT_6ParamsE--4,gpgpu_simulation_time,11.0,11.0,gpgpu_simulation_time\s*=.*\(([0-9]+) sec\).*
instance,llm_layer,layer,H100-SASS-Accelwattch_SASS_SIM,_ZN2at6native29vectorized_elementwise_kernelILi4ENS0_11FillFunctorIiEESt5arrayIPcLm1EEEEviT0_T1_--5,gpgpu_simulation_time,2.0,2.0,gpgpu_simulation_time\s*=.*\(([0-9]+) sec\).*
instance,llm_layer,layer,H100-SASS-Accelwattch_SASS_SIM,nvjet_sm90_tst_64x8_64x16_4x1_v_bz_TNT--4,gpgpu_simulation_time,6.0,6.0,gpgpu_simulation_time\s*=.*\(([0-9]+) sec\).*
instance,llm_layer,layer,H100-SASS-Accelwattch_SASS_SIM,_ZN4vllm25fused_add_rms_norm_kernelIN3c108BFloat16ELi8ELb1EEENSt9enable_ifIXaagtT0_Li0Esr4vllm12_typeConvertIT_EE6existsEvE4typeEPS4_lS7_PKS4_fiil--11,gpgpu_simulation_time,3.0,3.0,gpgpu_simulation_time\s*=.*\(([0-9]+) sec\).*
instance,llm_layer,layer,H100-SASS-Accelwattch_SASS_SIM,nvjet_sm90_tst_128x8_64x12_4x1_v_bz_TNT--4,gpgpu_simulation_time,56.0,56.0,gpgpu_simulation_time\s*=.*\(([0-9]+) sec\).*
instance,llm_layer,layer,H100-SASS-Accelwattch_SASS_SIM,_ZN4vllm18act_and_mul_kernelIN3c108BFloat16E14__nv_bfloat162XadL_ZNS_11silu_kernelIS2_EET_RKS5_fEEXadL_ZNS_18packed_silu_kernelIS3_EES5_S7_fEELb1ELb1ELb0ELb0EEEvPS5_PS6_ifff--5,gpgpu_simulation_time,4.0,4.0,gpgpu_simulation_time\s*=.*\(([0-9]+) sec\).*
instance,llm_layer,layer,H100-SASS-Accelwattch_SASS_SIM,nvjet_sm90_tst_64x8_64x16_4x1_v_bz_splitK_TNT--4,gpgpu_simulation_time,23.0,23.0,gpgpu_simulation_time\s*=.*\(([0-9]+) sec\).*
instance,llm_layer,layer,H100-SASS-Accelwattch_SASS_SIM,_ZN8cublasLt19splitKreduce_kernelILi32ELi16Eif13__nv_bfloat16fS1_Lb0EfS1_S1_Lb1ELb0ELb0ELb0EEEvNS_18cublasSplitKParamsIT4_EEPKT2_PKT8_PT7_PT3_PKS3_SG_PKT9_S7_PSH_PvlPS3_PiSM_SM_SG_SG_SG_SG_SG_--5,gpgpu_simulation_time,3.0,3.0,gpgpu_simulation_time\s*=.*\(([0-9]+) sec\).*
instance,llm_layer,layer,H100-SASS-Accelwattch_SASS_SIM,_ZN4vllm25fused_add_rms_norm_kernelIN3c108BFloat16ELi8ELb1EEENSt9enable_ifIXaagtT0_Li0Esr4vllm12_typeConvertIT_EE6existsEvE4typeEPS4_lS7_PKS4_fiil--12,gpgpu_simulation_time,4.0,4.0,gpgpu_simulation_time\s*=.*\(([0-9]+) sec\).*
instance,llm_layer,layer,H100-SASS-Accelwattch_SASS_SIM,nvjet_sm90_tst_64x8_64x16_4x1_v_bz_bias_TNT--5,gpgpu_simulation_time,8.0,8.0,gpgpu_simulation_time\s*=.*\(([0-9]+) sec\).*
instance,llm_layer,layer,H100-SASS-Accelwattch_SASS_SIM,_ZN4vllm23rotary_embedding_kernelIN3c108BFloat16ES2_Lb1EEEvPKlPT_S6_PKT0_illliiilb--6,gpgpu_simulation_time,3.0,3.0,gpgpu_simulation_time\s*=.*\(([0-9]+) sec\).*
instance,llm_layer,layer,H100-SASS-Accelwattch_SASS_SIM,_ZN4vllm30reshape_and_cache_flash_kernelI13__nv_bfloat16S1_LNS_18Fp8KVCacheDataTypeE0EEEvPKT_S5_PT0_S7_PKlllllliiiPKfSB_i--6,gpgpu_simulation_time,3.0,3.0,gpgpu_simulation_time\s*=.*\(([0-9]+) sec\).*
instance,llm_layer,layer,H100-SASS-Accelwattch_SASS_SIM,_ZN7cutlass13device_kernelIN5flash20enable_sm90_or_laterINS1_16FlashAttnFwdSm90INS1_25CollectiveMainloopFwdSm90ILi2EN4cute5tupleIJNS5_1CILi1EEES8_S8_EEENS6_IJNS7_ILi64EEENS7_ILi192EEESA_EEELi64ENS_10bfloat16_tEfNS_4arch4Sm90ELb0ELb0ELb0ELb1ELb1ELb0ELb0ELb1ELb1ELb1ELb0ELb0ESD_Li1EEENS1_21CollectiveEpilogueFwdINS6_IJSA_SA_SB_EEES9_SD_SF_Li128ELb1ELb1ELb0ELb0ELi1EEENS1_36VarlenDynamicPersistentTileSchedulerILi64ELi192ELi128ELi128ELb0ELb1ELb1ELb0ELb0ELb1EEEEEEEEEvNT_6ParamsE--5,gpgpu_simulation_time,11.0,11.0,gpgpu_simulation_time\s*=.*\(([0-9]+) sec\).*
instance,llm_layer,layer,H100-SASS-Accelwattch_SASS_SIM,_ZN2at6native29vectorized_elementwise_kernelILi4ENS0_11FillFunctorIiEESt5arrayIPcLm1EEEEviT0_T1_--6,gpgpu_simulation_time,2.0,2.0,gpgpu_simulation_time\s*=.*\(([0-9]+) sec\).*
instance,llm_layer,layer,H100-SASS-Accelwattch_SASS_SIM,nvjet_sm90_tst_64x8_64x16_4x1_v_bz_TNT--5,gpgpu_simulation_time,7.0,7.0,gpgpu_simulation_time\s*=.*\(([0-9]+) sec\).*
instance,llm_layer,layer,H100-SASS-Accelwattch_SASS_SIM,_ZN4vllm25fused_add_rms_norm_kernelIN3c108BFloat16ELi8ELb1EEENSt9enable_ifIXaagtT0_Li0Esr4vllm12_typeConvertIT_EE6existsEvE4typeEPS4_lS7_PKS4_fiil--13,gpgpu_simulation_time,3.0,3.0,gpgpu_simulation_time\s*=.*\(([0-9]+) sec\).*
instance,llm_layer,layer,H100-SASS-Accelwattch_SASS_SIM,nvjet_sm90_tst_128x8_64x12_4x1_v_bz_TNT--5,gpgpu_simulation_time,61.0,61.0,gpgpu_simulation_time\s*=.*\(([0-9]+) sec\).*
instance,llm_layer,layer,H100-SASS-Accelwattch_SASS_SIM,_ZN4vllm18act_and_mul_kernelIN3c108BFloat16E14__nv_bfloat162XadL_ZNS_11silu_kernelIS2_EET_RKS5_fEEXadL_ZNS_18packed_silu_kernelIS3_EES5_S7_fEELb1ELb1ELb0ELb0EEEvPS5_PS6_ifff--6,gpgpu_simulation_time,4.0,4.0,gpgpu_simulation_time\s*=.*\(([0-9]+) sec\).*
instance,llm_layer,layer,H100-SASS-Accelwattch_SASS_SIM,nvjet_sm90_tst_64x8_64x16_4x1_v_bz_splitK_TNT--5,gpgpu_simulation_time,23.0,23.0,gpgpu_simulation_time\s*=.*\(([0-9]+) sec\).*
instance,llm_layer,layer,H100-SASS-Accelwattch_SASS_SIM,_ZN8cublasLt19splitKreduce_kernelILi32ELi16Eif13__nv_bfloat16fS1_Lb0EfS1_S1_Lb1ELb0ELb0ELb0EEEvNS_18cublasSplitKParamsIT4_EEPKT2_PKT8_PT7_PT3_PKS3_SG_PKT9_S7_PSH_PvlPS3_PiSM_SM_SG_SG_SG_SG_SG_--6,gpgpu_simulation_time,4.0,4.0,gpgpu_simulation_time\s*=.*\(([0-9]+) sec\).*
instance,llm_layer,layer,H100-SASS-Accelwattch_SASS_SIM,_ZN4vllm25fused_add_rms_norm_kernelIN3c108BFloat16ELi8ELb1EEENSt9enable_ifIXaagtT0_Li0Esr4vllm12_typeConvertIT_EE6existsEvE4typeEPS4_lS7_PKS4_fiil--14,gpgpu_simulation_time,3.0,3.0,gpgpu_simulation_time\s*=.*\(([0-9]+) sec\).*
instance,llm_layer,layer,H100-SASS-Accelwattch_SASS_SIM,nvjet_sm90_tst_64x8_64x16_4x1_v_bz_bias_TNT--6,gpgpu_simulation_time,8.0,8.0,gpgpu_simulation_time\s*=.*\(([0-9]+) sec\).*
instance,llm_layer,layer,H100-SASS-Accelwattch_SASS_SIM,_ZN4vllm23rotary_embedding_kernelIN3c108BFloat16ES2_Lb1EEEvPKlPT_S6_PKT0_illliiilb--7,gpgpu_simulation_time,4.0,4.0,gpgpu_simulation_time\s*=.*\(([0-9]+) sec\).*
instance,llm_layer,layer,H100-SASS-Accelwattch_SASS_SIM,_ZN4vllm30reshape_and_cache_flash_kernelI13__nv_bfloat16S1_LNS_18Fp8KVCacheDataTypeE0EEEvPKT_S5_PT0_S7_PKlllllliiiPKfSB_i--7,gpgpu_simulation_time,2.0,2.0,gpgpu_simulation_time\s*=.*\(([0-9]+) sec\).*
instance,llm_layer,layer,H100-SASS-Accelwattch_SASS_SIM,_ZN7cutlass13device_kernelIN5flash20enable_sm90_or_laterINS1_16FlashAttnFwdSm90INS1_25CollectiveMainloopFwdSm90ILi2EN4cute5tupleIJNS5_1CILi1EEES8_S8_EEENS6_IJNS7_ILi64EEENS7_ILi192EEESA_EEELi64ENS_10bfloat16_tEfNS_4arch4Sm90ELb0ELb0ELb0ELb1ELb1ELb0ELb0ELb1ELb1ELb1ELb0ELb0ESD_Li1EEENS1_21CollectiveEpilogueFwdINS6_IJSA_SA_SB_EEES9_SD_SF_Li128ELb1ELb1ELb0ELb0ELi1EEENS1_36VarlenDynamicPersistentTileSchedulerILi64ELi192ELi128ELi128ELb0ELb1ELb1ELb0ELb0ELb1EEEEEEEEEvNT_6ParamsE--6,gpgpu_simulation_time,11.0,11.0,gpgpu_simulation_time\s*=.*\(([0-9]+) sec\).*
instance,llm_layer,layer,H100-SASS-Accelwattch_SASS_SIM,_ZN2at6native29vectorized_elementwise_kernelILi4ENS0_11FillFunctorIiEESt5arrayIPcLm1EEEEviT0_T1_--7,gpgpu_simulation_time,2.0,2.0,gpgpu_simulation_time\s*=.*\(([0-9]+) sec\).*
instance,llm_layer,layer,H100-SASS-Accelwattch_SASS_SIM,nvjet_sm90_tst_64x8_64x16_4x1_v_bz_TNT--6,gpgpu_simulation_time,7.0,7.0,gpgpu_simulation_time\s*=.*\(([0-9]+) sec\).*
instance,llm_layer,layer,H100-SASS-Accelwattch_SASS_SIM,_ZN4vllm25fused_add_rms_norm_kernelIN3c108BFloat16ELi8ELb1EEENSt9enable_ifIXaagtT0_Li0Esr4vllm12_typeConvertIT_EE6existsEvE4typeEPS4_lS7_PKS4_fiil--15,gpgpu_simulation_time,3.0,3.0,gpgpu_simulation_time\s*=.*\(([0-9]+) sec\).*
instance,llm_layer,layer,H100-SASS-Accelwattch_SASS_SIM,nvjet_sm90_tst_128x8_64x12_4x1_v_bz_TNT--6,gpgpu_simulation_time,57.0,57.0,gpgpu_simulation_time\s*=.*\(([0-9]+) sec\).*
instance,llm_layer,layer,H100-SASS-Accelwattch_SASS_SIM,_ZN4vllm18act_and_mul_kernelIN3c108BFloat16E14__nv_bfloat162XadL_ZNS_11silu_kernelIS2_EET_RKS5_fEEXadL_ZNS_18packed_silu_kernelIS3_EES5_S7_fEELb1ELb1ELb0ELb0EEEvPS5_PS6_ifff--7,gpgpu_simulation_time,4.0,4.0,gpgpu_simulation_time\s*=.*\(([0-9]+) sec\).*
instance,llm_layer,layer,H100-SASS-Accelwattch_SASS_SIM,nvjet_sm90_tst_64x8_64x16_4x1_v_bz_splitK_TNT--6,gpgpu_simulation_time,23.0,23.0,gpgpu_simulation_time\s*=.*\(([0-9]+) sec\).*
instance,llm_layer,layer,H100-SASS-Accelwattch_SASS_SIM,_ZN8cublasLt19splitKreduce_kernelILi32ELi16Eif13__nv_bfloat16fS1_Lb0EfS1_S1_Lb1ELb0ELb0ELb0EEEvNS_18cublasSplitKParamsIT4_EEPKT2_PKT8_PT7_PT3_PKS3_SG_PKT9_S7_PSH_PvlPS3_PiSM_SM_SG_SG_SG_SG_SG_--7,gpgpu_simulation_time,3.0,3.0,gpgpu_simulation_time\s*=.*\(([0-9]+) sec\).*
instance,llm_layer,layer,H100-SASS-Accelwattch_SASS_SIM,_ZN4vllm25fused_add_rms_norm_kernelIN3c108BFloat16ELi8ELb1EEENSt9enable_ifIXaagtT0_Li0Esr4vllm12_typeConvertIT_EE6existsEvE4typeEPS4_lS7_PKS4_fiil--0,gpu_tot_sim_cycle,5567.0,5567.0,gpu_tot_sim_cycle\s*=\s*(.*)
instance,llm_layer,layer,H100-SASS-Accelwattch_SASS_SIM,nvjet_sm90_tst_64x8_64x16_4x2_h_bz_bias_TNT--0,gpu_tot_sim_cycle,7148.0,7148.0,gpu_tot_sim_cycle\s*=\s*(.*)
instance,llm_layer,layer,H100-SASS-Accelwattch_SASS_SIM,_ZN4vllm23rotary_embedding_kernelIN3c108BFloat16ES2_Lb1EEEvPKlPT_S6_PKT0_illliiilb--0,gpu_tot_sim_cycle,5788.0,5788.0,gpu_tot_sim_cycle\s*=\s*(.*)
instance,llm_layer,layer,H100-SASS-Accelwattch_SASS_SIM,_ZN4vllm30reshape_and_cache_flash_kernelI13__nv_bfloat16S1_LNS_18Fp8KVCacheDataTypeE0EEEvPKT_S5_PT0_S7_PKlllllliiiPKfSB_i--0,gpu_tot_sim_cycle,4910.0,4910.0,gpu_tot_sim_cycle\s*=\s*(.*)
instance,llm_layer,layer,H100-SASS-Accelwattch_SASS_SIM,_ZN7cutlass13device_kernelIN5flash20enable_sm90_or_laterINS1_16FlashAttnFwdSm90INS1_25CollectiveMainloopFwdSm90ILi2EN4cute5tupleIJNS5_1CILi1EEES8_S8_EEENS6_IJNS7_ILi192EEENS7_ILi128EEENS7_ILi64EEEEEELi64ENS_10bfloat16_tEfNS_4arch4Sm90ELb1ELb0ELb0ELb1ELb1ELb0ELb0ELb1ELb1ELb1ELb0ELb0ESE_Li1EEENS1_21CollectiveEpilogueFwdINS6_IJSA_SC_SB_EEES9_SE_SG_Li384ELb1ELb1ELb0ELb0ELi1EEENS1_36VarlenDynamicPersistentTileSchedulerILi192ELi128ELi384ELi128ELb0ELb1ELb1ELb1ELb0ELb1EEEEEEEEEvNT_6ParamsE--0,gpu_tot_sim_cycle,15021.0,15021.0,gpu_tot_sim_cycle\s*=\s*(.*)
instance,llm_layer,layer,H100-SASS-Accelwattch_SASS_SIM,_ZN2at6native29vectorized_elementwise_kernelILi4ENS0_11FillFunctorIiEESt5arrayIPcLm1EEEEviT0_T1_--0,gpu_tot_sim_cycle,3348.0,3348.0,gpu_tot_sim_cycle\s*=\s*(.*)
instance,llm_layer,layer,H100-SASS-Accelwattch_SASS_SIM,nvjet_sm90_tst_64x8_64x16_4x2_h_bz_TNT--0,gpu_tot_sim_cycle,6695.0,6695.0,gpu_tot_sim_cycle\s*=\s*(.*)
instance,llm_layer,layer,H100-SASS-Accelwattch_SASS_SIM,_ZN4vllm25fused_add_rms_norm_kernelIN3c108BFloat16ELi8ELb1EEENSt9enable_ifIXaagtT0_Li0Esr4vllm12_typeConvertIT_EE6existsEvE4typeEPS4_lS7_PKS4_fiil--1,gpu_tot_sim_cycle,5571.0,5571.0,gpu_tot_sim_cycle\s*=\s*(.*)
instance,llm_layer,layer,H100-SASS-Accelwattch_SASS_SIM,nvjet_sm90_tst_128x16_64x11_4x1_v_bz_TNT--0,gpu_tot_sim_cycle,14706.0,14706.0,gpu_tot_sim_cycle\s*=\s*(.*)
instance,llm_layer,layer,H100-SASS-Accelwattch_SASS_SIM,_ZN4vllm18act_and_mul_kernelIN3c108BFloat16E14__nv_bfloat162XadL_ZNS_11silu_kernelIS2_EET_RKS5_fEEXadL_ZNS_18packed_silu_kernelIS3_EES5_S7_fEELb1ELb1ELb0ELb0EEEvPS5_PS6_ifff--0,gpu_tot_sim_cycle,5781.0,5781.0,gpu_tot_sim_cycle\s*=\s*(.*)
instance,llm_layer,layer,H100-SASS-Accelwattch_SASS_SIM,nvjet_sm90_tst_64x16_64x16_4x1_v_bz_splitK_TNT--0,gpu_tot_sim_cycle,10684.0,10684.0,gpu_tot_sim_cycle\s*=\s*(.*)
instance,llm_layer,layer,H100-SASS-Accelwattch_SASS_SIM,_ZN8cublasLt19splitKreduce_kernelILi32ELi16Eif13__nv_bfloat16fS1_Lb0EfS1_S1_Lb1ELb0ELb0ELb0EEEvNS_18cublasSplitKParamsIT4_EEPKT2_PKT8_PT7_PT3_PKS3_SG_PKT9_S7_PSH_PvlPS3_PiSM_SM_SG_SG_SG_SG_SG_--0,gpu_tot_sim_cycle,4295.0,4295.0,gpu_tot_sim_cycle\s*=\s*(.*)
instance,llm_layer,layer,H100-SASS-Accelwattch_SASS_SIM,_ZN4vllm25fused_add_rms_norm_kernelIN3c108BFloat16ELi8ELb1EEENSt9enable_ifIXaagtT0_Li0Esr4vllm12_typeConvertIT_EE6existsEvE4typeEPS4_lS7_PKS4_fiil--2,gpu_tot_sim_cycle,5714.0,5714.0,gpu_tot_sim_cycle\s*=\s*(.*)
instance,llm_layer,layer,H100-SASS-Accelwattch_SASS_SIM,nvjet_sm90_tst_64x8_64x16_4x1_v_bz_bias_TNT--0,gpu_tot_sim_cycle,7119.0,7119.0,gpu_tot_sim_cycle\s*=\s*(.*)
instance,llm_layer,layer,H100-SASS-Accelwattch_SASS_SIM,_ZN4vllm23rotary_embedding_kernelIN3c108BFloat16ES2_Lb1EEEvPKlPT_S6_PKT0_illliiilb--1,gpu_tot_sim_cycle,5383.0,5383.0,gpu_tot_sim_cycle\s*=\s*(.*)
instance,llm_layer,layer,H100-SASS-Accelwattch_SASS_SIM,_ZN4vllm30reshape_and_cache_flash_kernelI13__nv_bfloat16S1_LNS_18Fp8KVCacheDataTypeE0EEEvPKT_S5_PT0_S7_PKlllllliiiPKfSB_i--1,gpu_tot_sim_cycle,4513.0,4513.0,gpu_tot_sim_cycle\s*=\s*(.*)
instance,llm_layer,layer,H100-SASS-Accelwattch_SASS_SIM,_ZN7cutlass13device_kernelIN5flash20enable_sm90_or_laterINS1_16FlashAttnFwdSm90INS1_25CollectiveMainloopFwdSm90ILi2EN4cute5tupleIJNS5_1CILi1EEES8_S8_EEENS6_IJNS7_ILi64EEENS7_ILi192EEESA_EEELi64ENS_10bfloat16_tEfNS_4arch4Sm90ELb0ELb0ELb0ELb1ELb1ELb0ELb0ELb1ELb1ELb1ELb0ELb0ESD_Li1EEENS1_21CollectiveEpilogueFwdINS6_IJSA_SA_SB_EEES9_SD_SF_Li128ELb1ELb1ELb0ELb0ELi1EEENS1_36VarlenDynamicPersistentTileSchedulerILi64ELi192ELi128ELi128ELb0ELb1ELb1ELb0ELb0ELb1EEEEEEEEEvNT_6ParamsE--0,gpu_tot_sim_cycle,10461.0,10461.0,gpu_tot_sim_cycle\s*=\s*(.*)
instance,llm_layer,layer,H100-SASS-Accelwattch_SASS_SIM,_ZN2at6native29vectorized_elementwise_kernelILi4ENS0_11FillFunctorIiEESt5arrayIPcLm1EEEEviT0_T1_--1,gpu_tot_sim_cycle,3348.0,3348.0,gpu_tot_sim_cycle\s*=\s*(.*)
instance,llm_layer,layer,H100-SASS-Accelwattch_SASS_SIM,nvjet_sm90_tst_64x8_64x16_4x1_v_bz_TNT--0,gpu_tot_sim_cycle,6884.0,6884.0,gpu_tot_sim_cycle\s*=\s*(.*)
instance,llm_layer,layer,H100-SASS-Accelwattch_SASS_SIM,_ZN4vllm25fused_add_rms_norm_kernelIN3c108BFloat16ELi8ELb1EEENSt9enable_ifIXaagtT0_Li0Esr4vllm12_typeConvertIT_EE6existsEvE4typeEPS4_lS7_PKS4_fiil--3,gpu_tot_sim_cycle,5321.0,5321.0,gpu_tot_sim_cycle\s*=\s*(.*)
instance,llm_layer,layer,H100-SASS-Accelwattch_SASS_SIM,nvjet_sm90_tst_128x8_64x12_4x1_v_bz_TNT--0,gpu_tot_sim_cycle,12412.0,12412.0,gpu_tot_sim_cycle\s*=\s*(.*)
instance,llm_layer,layer,H100-SASS-Accelwattch_SASS_SIM,_ZN4vllm18act_and_mul_kernelIN3c108BFloat16E14__nv_bfloat162XadL_ZNS_11silu_kernelIS2_EET_RKS5_fEEXadL_ZNS_18packed_silu_kernelIS3_EES5_S7_fEELb1ELb1ELb0ELb0EEEvPS5_PS6_ifff--1,gpu_tot_sim_cycle,5768.0,5768.0,gpu_tot_sim_cycle\s*=\s*(.*)
instance,llm_layer,layer,H100-SASS-Accelwattch_SASS_SIM,nvjet_sm90_tst_64x8_64x16_4x1_v_bz_splitK_TNT--0,gpu_tot_sim_cycle,9364.0,9364.0,gpu_tot_sim_cycle\s*=\s*(.*)
instance,llm_layer,layer,H100-SASS-Accelwattch_SASS_SIM,_ZN8cublasLt19splitKreduce_kernelILi32ELi16Eif13__nv_bfloat16fS1_Lb0EfS1_S1_Lb1ELb0ELb0ELb0EEEvNS_18cublasSplitKParamsIT4_EEPKT2_PKT8_PT7_PT3_PKS3_SG_PKT9_S7_PSH_PvlPS3_PiSM_SM_SG_SG_SG_SG_SG_--1,gpu_tot_sim_cycle,4203.0,4203.0,gpu_tot_sim_cycle\s*=\s*(.*)
instance,llm_layer,layer,H100-SASS-Accelwattch_SASS_SIM,_ZN4vllm25fused_add_rms_norm_kernelIN3c108BFloat16ELi8ELb1EEENSt9enable_ifIXaagtT0_Li0Esr4vllm12_typeConvertIT_EE6existsEvE4typeEPS4_lS7_PKS4_fiil--4,gpu_tot_sim_cycle,5701.0,5701.0,gpu_tot_sim_cycle\s*=\s*(.*)
instance,llm_layer,layer,H100-SASS-Accelwattch_SASS_SIM,nvjet_sm90_tst_64x8_64x16_4x1_v_bz_bias_TNT--1,gpu_tot_sim_cycle,7045.0,7045.0,gpu_tot_sim_cycle\s*=\s*(.*)
instance,llm_layer,layer,H100-SASS-Accelwattch_SASS_SIM,_ZN4vllm23rotary_embedding_kernelIN3c108BFloat16ES2_Lb1EEEvPKlPT_S6_PKT0_illliiilb--2,gpu_tot_sim_cycle,5386.0,5386.0,gpu_tot_sim_cycle\s*=\s*(.*)
instance,llm_layer,layer,H100-SASS-Accelwattch_SASS_SIM,_ZN4vllm30reshape_and_cache_flash_kernelI13__nv_bfloat16S1_LNS_18Fp8KVCacheDataTypeE0EEEvPKT_S5_PT0_S7_PKlllllliiiPKfSB_i--2,gpu_tot_sim_cycle,4511.0,4511.0,gpu_tot_sim_cycle\s*=\s*(.*)
instance,llm_layer,layer,H100-SASS-Accelwattch_SASS_SIM,_ZN7cutlass13device_kernelIN5flash20enable_sm90_or_laterINS1_16FlashAttnFwdSm90INS1_25CollectiveMainloopFwdSm90ILi2EN4cute5tupleIJNS5_1CILi1EEES8_S8_EEENS6_IJNS7_ILi64EEENS7_ILi192EEESA_EEELi64ENS_10bfloat16_tEfNS_4arch4Sm90ELb0ELb0ELb0ELb1ELb1ELb0ELb0ELb1ELb1ELb1ELb0ELb0ESD_Li1EEENS1_21CollectiveEpilogueFwdINS6_IJSA_SA_SB_EEES9_SD_SF_Li128ELb1ELb1ELb0ELb0ELi1EEENS1_36VarlenDynamicPersistentTileSchedulerILi64ELi192ELi128ELi128ELb0ELb1ELb1ELb0ELb0ELb1EEEEEEEEEvNT_6ParamsE--1,gpu_tot_sim_cycle,10134.0,10134.0,gpu_tot_sim_cycle\s*=\s*(.*)
instance,llm_layer,layer,H100-SASS-Accelwattch_SASS_SIM,_ZN2at6native29vectorized_elementwise_kernelILi4ENS0_11FillFunctorIiEESt5arrayIPcLm1EEEEviT0_T1_--2,gpu_tot_sim_cycle,3348.0,3348.0,gpu_tot_sim_cycle\s*=\s*(.*)
instance,llm_layer,layer,H100-SASS-Accelwattch_SASS_SIM,nvjet_sm90_tst_64x8_64x16_4x1_v_bz_TNT--1,gpu_tot_sim_cycle,6756.0,6756.0,gpu_tot_sim_cycle\s*=\s*(.*)
instance,llm_layer,layer,H100-SASS-Accelwattch_SASS_SIM,_ZN4vllm25fused_add_rms_norm_kernelIN3c108BFloat16ELi8ELb1EEENSt9enable_ifIXaagtT0_Li0Esr4vllm12_typeConvertIT_EE6existsEvE4typeEPS4_lS7_PKS4_fiil--5,gpu_tot_sim_cycle,5289.0,5289.0,gpu_tot_sim_cycle\s*=\s*(.*)
instance,llm_layer,layer,H100-SASS-Accelwattch_SASS_SIM,nvjet_sm90_tst_128x8_64x12_4x1_v_bz_TNT--1,gpu_tot_sim_cycle,12131.0,12131.0,gpu_tot_sim_cycle\s*=\s*(.*)
instance,llm_layer,layer,H100-SASS-Accelwattch_SASS_SIM,_ZN4vllm18act_and_mul_kernelIN3c108BFloat16E14__nv_bfloat162XadL_ZNS_11silu_kernelIS2_EET_RKS5_fEEXadL_ZNS_18packed_silu_kernelIS3_EES5_S7_fEELb1ELb1ELb0ELb0EEEvPS5_PS6_ifff--2,gpu_tot_sim_cycle,5796.0,5796.0,gpu_tot_sim_cycle\s*=\s*(.*)
instance,llm_layer,layer,H100-SASS-Accelwattch_SASS_SIM,nvjet_sm90_tst_64x8_64x16_4x1_v_bz_splitK_TNT--1,gpu_tot_sim_cycle,9453.0,9453.0,gpu_tot_sim_cycle\s*=\s*(.*)
instance,llm_layer,layer,H100-SASS-Accelwattch_SASS_SIM,_ZN8cublasLt19splitKreduce_kernelILi32ELi16Eif13__nv_bfloat16fS1_Lb0EfS1_S1_Lb1ELb0ELb0ELb0EEEvNS_18cublasSplitKParamsIT4_EEPKT2_PKT8_PT7_PT3_PKS3_SG_PKT9_S7_PSH_PvlPS3_PiSM_SM_SG_SG_SG_SG_SG_--2,gpu_tot_sim_cycle,4203.0,4203.0,gpu_tot_sim_cycle\s*=\s*(.*)
instance,llm_layer,layer,H100-SASS-Accelwattch_SASS_SIM,_ZN4vllm25fused_add_rms_norm_kernelIN3c108BFloat16ELi8ELb1EEENSt9enable_ifIXaagtT0_Li0Esr4vllm12_typeConvertIT_EE6existsEvE4typeEPS4_lS7_PKS4_fiil--6,gpu_tot_sim_cycle,5472.0,5472.0,gpu_tot_sim_cycle\s*=\s*(.*)
instance,llm_layer,layer,H100-SASS-Accelwattch_SASS_SIM,nvjet_sm90_tst_64x8_64x16_4x1_v_bz_bias_TNT--2,gpu_tot_sim_cycle,7118.0,7118.0,gpu_tot_sim_cycle\s*=\s*(.*)
instance,llm_layer,layer,H100-SASS-Accelwattch_SASS_SIM,_ZN4vllm23rotary_embedding_kernelIN3c108BFloat16ES2_Lb1EEEvPKlPT_S6_PKT0_illliiilb--3,gpu_tot_sim_cycle,5383.0,5383.0,gpu_tot_sim_cycle\s*=\s*(.*)
instance,llm_layer,layer,H100-SASS-Accelwattch_SASS_SIM,_ZN4vllm30reshape_and_cache_flash_kernelI13__nv_bfloat16S1_LNS_18Fp8KVCacheDataTypeE0EEEvPKT_S5_PT0_S7_PKlllllliiiPKfSB_i--3,gpu_tot_sim_cycle,4706.0,4706.0,gpu_tot_sim_cycle\s*=\s*(.*)
instance,llm_layer,layer,H100-SASS-Accelwattch_SASS_SIM,_ZN7cutlass13device_kernelIN5flash20enable_sm90_or_laterINS1_16FlashAttnFwdSm90INS1_25CollectiveMainloopFwdSm90ILi2EN4cute5tupleIJNS5_1CILi1EEES8_S8_EEENS6_IJNS7_ILi64EEENS7_ILi192EEESA_EEELi64ENS_10bfloat16_tEfNS_4arch4Sm90ELb0ELb0ELb0ELb1ELb1ELb0ELb0ELb1ELb1ELb1ELb0ELb0ESD_Li1EEENS1_21CollectiveEpilogueFwdINS6_IJSA_SA_SB_EEES9_SD_SF_Li128ELb1ELb1ELb0ELb0ELi1EEENS1_36VarlenDynamicPersistentTileSchedulerILi64ELi192ELi128ELi128ELb0ELb1ELb1ELb0ELb0ELb1EEEEEEEEEvNT_6ParamsE--2,gpu_tot_sim_cycle,10324.0,10324.0,gpu_tot_sim_cycle\s*=\s*(.*)
instance,llm_layer,layer,H100-SASS-Accelwattch_SASS_SIM,_ZN2at6native29vectorized_elementwise_kernelILi4ENS0_11FillFunctorIiEESt5arrayIPcLm1EEEEviT0_T1_--3,gpu_tot_sim_cycle,3348.0,3348.0,gpu_tot_sim_cycle\s*=\s*(.*)
instance,llm_layer,layer,H100-SASS-Accelwattch_SASS_SIM,nvjet_sm90_tst_64x8_64x16_4x1_v_bz_TNT--2,gpu_tot_sim_cycle,6714.0,6714.0,gpu_tot_sim_cycle\s*=\s*(.*)
instance,llm_layer,layer,H100-SASS-Accelwattch_SASS_SIM,_ZN4vllm25fused_add_rms_norm_kernelIN3c108BFloat16ELi8ELb1EEENSt9enable_ifIXaagtT0_Li0Esr4vllm12_typeConvertIT_EE6existsEvE4typeEPS4_lS7_PKS4_fiil--7,gpu_tot_sim_cycle,5361.0,5361.0,gpu_tot_sim_cycle\s*=\s*(.*)
instance,llm_layer,layer,H100-SASS-Accelwattch_SASS_SIM,nvjet_sm90_tst_128x8_64x12_4x1_v_bz_TNT--2,gpu_tot_sim_cycle,11524.0,11524.0,gpu_tot_sim_cycle\s*=\s*(.*)
instance,llm_layer,layer,H100-SASS-Accelwattch_SASS_SIM,_ZN4vllm18act_and_mul_kernelIN3c108BFloat16E14__nv_bfloat162XadL_ZNS_11silu_kernelIS2_EET_RKS5_fEEXadL_ZNS_18packed_silu_kernelIS3_EES5_S7_fEELb1ELb1ELb0ELb0EEEvPS5_PS6_ifff--3,gpu_tot_sim_cycle,5902.0,5902.0,gpu_tot_sim_cycle\s*=\s*(.*)
instance,llm_layer,layer,H100-SASS-Accelwattch_SASS_SIM,nvjet_sm90_tst_64x8_64x16_4x1_v_bz_splitK_TNT--2,gpu_tot_sim_cycle,8960.0,8960.0,gpu_tot_sim_cycle\s*=\s*(.*)
instance,llm_layer,layer,H100-SASS-Accelwattch_SASS_SIM,_ZN8cublasLt19splitKreduce_kernelILi32ELi16Eif13__nv_bfloat16fS1_Lb0EfS1_S1_Lb1ELb0ELb0ELb0EEEvNS_18cublasSplitKParamsIT4_EEPKT2_PKT8_PT7_PT3_PKS3_SG_PKT9_S7_PSH_PvlPS3_PiSM_SM_SG_SG_SG_SG_SG_--3,gpu_tot_sim_cycle,4203.0,4203.0,gpu_tot_sim_cycle\s*=\s*(.*)
instance,llm_layer,layer,H100-SASS-Accelwattch_SASS_SIM,_ZN4vllm25fused_add_rms_norm_kernelIN3c108BFloat16ELi8ELb1EEENSt9enable_ifIXaagtT0_Li0Esr4vllm12_typeConvertIT_EE6existsEvE4typeEPS4_lS7_PKS4_fiil--8,gpu_tot_sim_cycle,5356.0,5356.0,gpu_tot_sim_cycle\s*=\s*(.*)
instance,llm_layer,layer,H100-SASS-Accelwattch_SASS_SIM,nvjet_sm90_tst_64x8_64x16_4x1_v_bz_bias_TNT--3,gpu_tot_sim_cycle,7080.0,7080.0,gpu_tot_sim_cycle\s*=\s*(.*)
instance,llm_layer,layer,H100-SASS-Accelwattch_SASS_SIM,_ZN4vllm23rotary_embedding_kernelIN3c108BFloat16ES2_Lb1EEEvPKlPT_S6_PKT0_illliiilb--4,gpu_tot_sim_cycle,5582.0,5582.0,gpu_tot_sim_cycle\s*=\s*(.*)
instance,llm_layer,layer,H100-SASS-Accelwattch_SASS_SIM,_ZN4vllm30reshape_and_cache_flash_kernelI13__nv_bfloat16S1_LNS_18Fp8KVCacheDataTypeE0EEEvPKT_S5_PT0_S7_PKlllllliiiPKfSB_i--4,gpu_tot_sim_cycle,4714.0,4714.0,gpu_tot_sim_cycle\s*=\s*(.*)
instance,llm_layer,layer,H100-SASS-Accelwattch_SASS_SIM,_ZN7cutlass13device_kernelIN5flash20enable_sm90_or_laterINS1_16FlashAttnFwdSm90INS1_25CollectiveMainloopFwdSm90ILi2EN4cute5tupleIJNS5_1CILi1EEES8_S8_EEENS6_IJNS7_ILi64EEENS7_ILi192EEESA_EEELi64ENS_10bfloat16_tEfNS_4arch4Sm90ELb0ELb0ELb0ELb1ELb1ELb0ELb0ELb1ELb1ELb1ELb0ELb0ESD_Li1EEENS1_21CollectiveEpilogueFwdINS6_IJSA_SA_SB_EEES9_SD_SF_Li128ELb1ELb1ELb0ELb0ELi1EEENS1_36VarlenDynamicPersistentTileSchedulerILi64ELi192ELi128ELi128ELb0ELb1ELb1ELb0ELb0ELb1EEEEEEEEEvNT_6ParamsE--3,gpu_tot_sim_cycle,10271.0,10271.0,gpu_tot_sim_cycle\s*=\s*(.*)
instance,llm_layer,layer,H100-SASS-Accelwattch_SASS_SIM,_ZN2at6native29vectorized_elementwise_kernelILi4ENS0_11FillFunctorIiEESt5arrayIPcLm1EEEEviT0_T1_--4,gpu_tot_sim_cycle,3348.0,3348.0,gpu_tot_sim_cycle\s*=\s*(.*)
instance,llm_layer,layer,H100-SASS-Accelwattch_SASS_SIM,nvjet_sm90_tst_64x8_64x16_4x1_v_bz_TNT--3,gpu_tot_sim_cycle,6864.0,6864.0,gpu_tot_sim_cycle\s*=\s*(.*)
instance,llm_layer,layer,H100-SASS-Accelwattch_SASS_SIM,_ZN4vllm25fused_add_rms_norm_kernelIN3c108BFloat16ELi8ELb1EEENSt9enable_ifIXaagtT0_Li0Esr4vllm12_typeConvertIT_EE6existsEvE4typeEPS4_lS7_PKS4_fiil--9,gpu_tot_sim_cycle,5317.0,5317.0,gpu_tot_sim_cycle\s*=\s*(.*)
instance,llm_layer,layer,H100-SASS-Accelwattch_SASS_SIM,nvjet_sm90_tst_128x8_64x12_4x1_v_bz_TNT--3,gpu_tot_sim_cycle,11480.0,11480.0,gpu_tot_sim_cycle\s*=\s*(.*)
instance,llm_layer,layer,H100-SASS-Accelwattch_SASS_SIM,_ZN4vllm18act_and_mul_kernelIN3c108BFloat16E14__nv_bfloat162XadL_ZNS_11silu_kernelIS2_EET_RKS5_fEEXadL_ZNS_18packed_silu_kernelIS3_EES5_S7_fEELb1ELb1ELb0ELb0EEEvPS5_PS6_ifff--4,gpu_tot_sim_cycle,5765.0,5765.0,gpu_tot_sim_cycle\s*=\s*(.*)
instance,llm_layer,layer,H100-SASS-Accelwattch_SASS_SIM,nvjet_sm90_tst_64x8_64x16_4x1_v_bz_splitK_TNT--3,gpu_tot_sim_cycle,9280.0,9280.0,gpu_tot_sim_cycle\s*=\s*(.*)
instance,llm_layer,layer,H100-SASS-Accelwattch_SASS_SIM,_ZN8cublasLt19splitKreduce_kernelILi32ELi16Eif13__nv_bfloat16fS1_Lb0EfS1_S1_Lb1ELb0ELb0ELb0EEEvNS_18cublasSplitKParamsIT4_EEPKT2_PKT8_PT7_PT3_PKS3_SG_PKT9_S7_PSH_PvlPS3_PiSM_SM_SG_SG_SG_SG_SG_--4,gpu_tot_sim_cycle,4403.0,4403.0,gpu_tot_sim_cycle\s*=\s*(.*)
instance,llm_layer,layer,H100-SASS-Accelwattch_SASS_SIM,_ZN4vllm25fused_add_rms_norm_kernelIN3c108BFloat16ELi8ELb1EEENSt9enable_ifIXaagtT0_Li0Esr4vllm12_typeConvertIT_EE6existsEvE4typeEPS4_lS7_PKS4_fiil--10,gpu_tot_sim_cycle,5349.0,5349.0,gpu_tot_sim_cycle\s*=\s*(.*)
instance,llm_layer,layer,H100-SASS-Accelwattch_SASS_SIM,nvjet_sm90_tst_64x8_64x16_4x1_v_bz_bias_TNT--4,gpu_tot_sim_cycle,7043.0,7043.0,gpu_tot_sim_cycle\s*=\s*(.*)
instance,llm_layer,layer,H100-SASS-Accelwattch_SASS_SIM,_ZN4vllm23rotary_embedding_kernelIN3c108BFloat16ES2_Lb1EEEvPKlPT_S6_PKT0_illliiilb--5,gpu_tot_sim_cycle,5376.0,5376.0,gpu_tot_sim_cycle\s*=\s*(.*)
instance,llm_layer,layer,H100-SASS-Accelwattch_SASS_SIM,_ZN4vllm30reshape_and_cache_flash_kernelI13__nv_bfloat16S1_LNS_18Fp8KVCacheDataTypeE0EEEvPKT_S5_PT0_S7_PKlllllliiiPKfSB_i--5,gpu_tot_sim_cycle,4511.0,4511.0,gpu_tot_sim_cycle\s*=\s*(.*)
instance,llm_layer,layer,H100-SASS-Accelwattch_SASS_SIM,_ZN7cutlass13device_kernelIN5flash20enable_sm90_or_laterINS1_16FlashAttnFwdSm90INS1_25CollectiveMainloopFwdSm90ILi2EN4cute5tupleIJNS5_1CILi1EEES8_S8_EEENS6_IJNS7_ILi64EEENS7_ILi192EEESA_EEELi64ENS_10bfloat16_tEfNS_4arch4Sm90ELb0ELb0ELb0ELb1ELb1ELb0ELb0ELb1ELb1ELb1ELb0ELb0ESD_Li1EEENS1_21CollectiveEpilogueFwdINS6_IJSA_SA_SB_EEES9_SD_SF_Li128ELb1ELb1ELb0ELb0ELi1EEENS1_36VarlenDynamicPersistentTileSchedulerILi64ELi192ELi128ELi128ELb0ELb1ELb1ELb0ELb0ELb1EEEEEEEEEvNT_6ParamsE--4,gpu_tot_sim_cycle,10030.0,10030.0,gpu_tot_sim_cycle\s*=\s*(.*)
instance,llm_layer,layer,H100-SASS-Accelwattch_SASS_SIM,_ZN2at6native29vectorized_elementwise_kernelILi4ENS0_11FillFunctorIiEESt5arrayIPcLm1EEEEviT0_T1_--5,gpu_tot_sim_cycle,3348.0,3348.0,gpu_tot_sim_cycle\s*=\s*(.*)
instance,llm_layer,layer,H100-SASS-Accelwattch_SASS_SIM,nvjet_sm90_tst_64x8_64x16_4x1_v_bz_TNT--4,gpu_tot_sim_cycle,6580.0,6580.0,gpu_tot_sim_cycle\s*=\s*(.*)
instance,llm_layer,layer,H100-SASS-Accelwattch_SASS_SIM,_ZN4vllm25fused_add_rms_norm_kernelIN3c108BFloat16ELi8ELb1EEENSt9enable_ifIXaagtT0_Li0Esr4vllm12_typeConvertIT_EE6existsEvE4typeEPS4_lS7_PKS4_fiil--11,gpu_tot_sim_cycle,5291.0,5291.0,gpu_tot_sim_cycle\s*=\s*(.*)
instance,llm_layer,layer,H100-SASS-Accelwattch_SASS_SIM,nvjet_sm90_tst_128x8_64x12_4x1_v_bz_TNT--4,gpu_tot_sim_cycle,12050.0,12050.0,gpu_tot_sim_cycle\s*=\s*(.*)
instance,llm_layer,layer,H100-SASS-Accelwattch_SASS_SIM,_ZN4vllm18act_and_mul_kernelIN3c108BFloat16E14__nv_bfloat162XadL_ZNS_11silu_kernelIS2_EET_RKS5_fEEXadL_ZNS_18packed_silu_kernelIS3_EES5_S7_fEELb1ELb1ELb0ELb0EEEvPS5_PS6_ifff--5,gpu_tot_sim_cycle,5882.0,5882.0,gpu_tot_sim_cycle\s*=\s*(.*)
instance,llm_layer,layer,H100-SASS-Accelwattch_SASS_SIM,nvjet_sm90_tst_64x8_64x16_4x1_v_bz_splitK_TNT--4,gpu_tot_sim_cycle,9467.0,9467.0,gpu_tot_sim_cycle\s*=\s*(.*)
instance,llm_layer,layer,H100-SASS-Accelwattch_SASS_SIM,_ZN8cublasLt19splitKreduce_kernelILi32ELi16Eif13__nv_bfloat16fS1_Lb0EfS1_S1_Lb1ELb0ELb0ELb0EEEvNS_18cublasSplitKParamsIT4_EEPKT2_PKT8_PT7_PT3_PKS3_SG_PKT9_S7_PSH_PvlPS3_PiSM_SM_SG_SG_SG_SG_SG_--5,gpu_tot_sim_cycle,4203.0,4203.0,gpu_tot_sim_cycle\s*=\s*(.*)
instance,llm_layer,layer,H100-SASS-Accelwattch_SASS_SIM,_ZN4vllm25fused_add_rms_norm_kernelIN3c108BFloat16ELi8ELb1EEENSt9enable_ifIXaagtT0_Li0Esr4vllm12_typeConvertIT_EE6existsEvE4typeEPS4_lS7_PKS4_fiil--12,gpu_tot_sim_cycle,5528.0,5528.0,gpu_tot_sim_cycle\s*=\s*(.*)
instance,llm_layer,layer,H100-SASS-Accelwattch_SASS_SIM,nvjet_sm90_tst_64x8_64x16_4x1_v_bz_bias_TNT--5,gpu_tot_sim_cycle,7125.0,7125.0,gpu_tot_sim_cycle\s*=\s*(.*)
instance,llm_layer,layer,H100-SASS-Accelwattch_SASS_SIM,_ZN4vllm23rotary_embedding_kernelIN3c108BFloat16ES2_Lb1EEEvPKlPT_S6_PKT0_illliiilb--6,gpu_tot_sim_cycle,5383.0,5383.0,gpu_tot_sim_cycle\s*=\s*(.*)
instance,llm_layer,layer,H100-SASS-Accelwattch_SASS_SIM,_ZN4vllm30reshape_and_cache_flash_kernelI13__nv_bfloat16S1_LNS_18Fp8KVCacheDataTypeE0EEEvPKT_S5_PT0_S7_PKlllllliiiPKfSB_i--6,gpu_tot_sim_cycle,4708.0,4708.0,gpu_tot_sim_cycle\s*=\s*(.*)
instance,llm_layer,layer,H100-SASS-Accelwattch_SASS_SIM,_ZN7cutlass13device_kernelIN5flash20enable_sm90_or_laterINS1_16FlashAttnFwdSm90INS1_25CollectiveMainloopFwdSm90ILi2EN4cute5tupleIJNS5_1CILi1EEES8_S8_EEENS6_IJNS7_ILi64EEENS7_ILi192EEESA_EEELi64ENS_10bfloat16_tEfNS_4arch4Sm90ELb0ELb0ELb0ELb1ELb1ELb0ELb0ELb1ELb1ELb1ELb0ELb0ESD_Li1EEENS1_21CollectiveEpilogueFwdINS6_IJSA_SA_SB_EEES9_SD_SF_Li128ELb1ELb1ELb0ELb0ELi1EEENS1_36VarlenDynamicPersistentTileSchedulerILi64ELi192ELi128ELi128ELb0ELb1ELb1ELb0ELb0ELb1EEEEEEEEEvNT_6ParamsE--5,gpu_tot_sim_cycle,10446.0,10446.0,gpu_tot_sim_cycle\s*=\s*(.*)
instance,llm_layer,layer,H100-SASS-Accelwattch_SASS_SIM,_ZN2at6native29vectorized_elementwise_kernelILi4ENS0_11FillFunctorIiEESt5arrayIPcLm1EEEEviT0_T1_--6,gpu_tot_sim_cycle,3348.0,3348.0,gpu_tot_sim_cycle\s*=\s*(.*)
instance,llm_layer,layer,H100-SASS-Accelwattch_SASS_SIM,nvjet_sm90_tst_64x8_64x16_4x1_v_bz_TNT--5,gpu_tot_sim_cycle,6707.0,6707.0,gpu_tot_sim_cycle\s*=\s*(.*)
instance,llm_layer,layer,H100-SASS-Accelwattch_SASS_SIM,_ZN4vllm25fused_add_rms_norm_kernelIN3c108BFloat16ELi8ELb1EEENSt9enable_ifIXaagtT0_Li0Esr4vllm12_typeConvertIT_EE6existsEvE4typeEPS4_lS7_PKS4_fiil--13,gpu_tot_sim_cycle,5359.0,5359.0,gpu_tot_sim_cycle\s*=\s*(.*)
instance,llm_layer,layer,H100-SASS-Accelwattch_SASS_SIM,nvjet_sm90_tst_128x8_64x12_4x1_v_bz_TNT--5,gpu_tot_sim_cycle,11644.0,11644.0,gpu_tot_sim_cycle\s*=\s*(.*)
instance,llm_layer,layer,H100-SASS-Accelwattch_SASS_SIM,_ZN4vllm18act_and_mul_kernelIN3c108BFloat16E14__nv_bfloat162XadL_ZNS_11silu_kernelIS2_EET_RKS5_fEEXadL_ZNS_18packed_silu_kernelIS3_EES5_S7_fEELb1ELb1ELb0ELb0EEEvPS5_PS6_ifff--6,gpu_tot_sim_cycle,5911.0,5911.0,gpu_tot_sim_cycle\s*=\s*(.*)
instance,llm_layer,layer,H100-SASS-Accelwattch_SASS_SIM,nvjet_sm90_tst_64x8_64x16_4x1_v_bz_splitK_TNT--5,gpu_tot_sim_cycle,8846.0,8846.0,gpu_tot_sim_cycle\s*=\s*(.*)
instance,llm_layer,layer,H100-SASS-Accelwattch_SASS_SIM,_ZN8cublasLt19splitKreduce_kernelILi32ELi16Eif13__nv_bfloat16fS1_Lb0EfS1_S1_Lb1ELb0ELb0ELb0EEEvNS_18cublasSplitKParamsIT4_EEPKT2_PKT8_PT7_PT3_PKS3_SG_PKT9_S7_PSH_PvlPS3_PiSM_SM_SG_SG_SG_SG_SG_--6,gpu_tot_sim_cycle,4203.0,4203.0,gpu_tot_sim_cycle\s*=\s*(.*)
instance,llm_layer,layer,H100-SASS-Accelwattch_SASS_SIM,_ZN4vllm25fused_add_rms_norm_kernelIN3c108BFloat16ELi8ELb1EEENSt9enable_ifIXaagtT0_Li0Esr4vllm12_typeConvertIT_EE6existsEvE4typeEPS4_lS7_PKS4_fiil--14,gpu_tot_sim_cycle,5358.0,5358.0,gpu_tot_sim_cycle\s*=\s*(.*)
instance,llm_layer,layer,H100-SASS-Accelwattch_SASS_SIM,nvjet_sm90_tst_64x8_64x16_4x1_v_bz_bias_TNT--6,gpu_tot_sim_cycle,7127.0,7127.0,gpu_tot_sim_cycle\s*=\s*(.*)
instance,llm_layer,layer,H100-SASS-Accelwattch_SASS_SIM,_ZN4vllm23rotary_embedding_kernelIN3c108BFloat16ES2_Lb1EEEvPKlPT_S6_PKT0_illliiilb--7,gpu_tot_sim_cycle,5586.0,5586.0,gpu_tot_sim_cycle\s*=\s*(.*)
instance,llm_layer,layer,H100-SASS-Accelwattch_SASS_SIM,_ZN4vllm30reshape_and_cache_flash_kernelI13__nv_bfloat16S1_LNS_18Fp8KVCacheDataTypeE0EEEvPKT_S5_PT0_S7_PKlllllliiiPKfSB_i--7,gpu_tot_sim_cycle,4713.0,4713.0,gpu_tot_sim_cycle\s*=\s*(.*)
instance,llm_layer,layer,H100-SASS-Accelwattch_SASS_SIM,_ZN7cutlass13device_kernelIN5flash20enable_sm90_or_laterINS1_16FlashAttnFwdSm90INS1_25CollectiveMainloopFwdSm90ILi2EN4cute5tupleIJNS5_1CILi1EEES8_S8_EEENS6_IJNS7_ILi64EEENS7_ILi192EEESA_EEELi64ENS_10bfloat16_tEfNS_4arch4Sm90ELb0ELb0ELb0ELb1ELb1ELb0ELb0ELb1ELb1ELb1ELb0ELb0ESD_Li1EEENS1_21CollectiveEpilogueFwdINS6_IJSA_SA_SB_EEES9_SD_SF_Li128ELb1ELb1ELb0ELb0ELi1EEENS1_36VarlenDynamicPersistentTileSchedulerILi64ELi192ELi128ELi128ELb0ELb1ELb1ELb0ELb0ELb1EEEEEEEEEvNT_6ParamsE--6,gpu_tot_sim_cycle,10259.0,10259.0,gpu_tot_sim_cycle\s*=\s*(.*)
instance,llm_layer,layer,H100-SASS-Accelwattch_SASS_SIM,_ZN2at6native29vectorized_elementwise_kernelILi4ENS0_11FillFunctorIiEESt5arrayIPcLm1EEEEviT0_T1_--7,gpu_tot_sim_cycle,3348.0,3348.0,gpu_tot_sim_cycle\s*=\s*(.*)
instance,llm_layer,layer,H100-SASS-Accelwattch_SASS_SIM,nvjet_sm90_tst_64x8_64x16_4x1_v_bz_TNT--6,gpu_tot_sim_cycle,6844.0,6844.0,gpu_tot_sim_cycle\s*=\s*(.*)
instance,llm_layer,layer,H100-SASS-Accelwattch_SASS_SIM,_ZN4vllm25fused_add_rms_norm_kernelIN3c108BFloat16ELi8ELb1EEENSt9enable_ifIXaagtT0_Li0Esr4vllm12_typeConvertIT_EE6existsEvE4typeEPS4_lS7_PKS4_fiil--15,gpu_tot_sim_cycle,5317.0,5317.0,gpu_tot_sim_cycle\s*=\s*(.*)
instance,llm_layer,layer,H100-SASS-Accelwattch_SASS_SIM,nvjet_sm90_tst_128x8_64x12_4x1_v_bz_TNT--6,gpu_tot_sim_cycle,11421.0,11421.0,gpu_tot_sim_cycle\s*=\s*(.*)
instance,llm_layer,layer,H100-SASS-Accelwattch_SASS_SIM,_ZN4vllm18act_and_mul_kernelIN3c108BFloat16E14__nv_bfloat162XadL_ZNS_11silu_kernelIS2_EET_RKS5_fEEXadL_ZNS_18packed_silu_kernelIS3_EES5_S7_fEELb1ELb1ELb0ELb0EEEvPS5_PS6_ifff--7,gpu_tot_sim_cycle,5766.0,5766.0,gpu_tot_sim_cycle\s*=\s*(.*)
instance,llm_layer,layer,H100-SASS-Accelwattch_SASS_SIM,nvjet_sm90_tst_64x8_64x16_4x1_v_bz_splitK_TNT--6,gpu_tot_sim_cycle,9264.0,9264.0,gpu_tot_sim_cycle\s*=\s*(.*)
instance,llm_layer,layer,H100-SASS-Accelwattch_SASS_SIM,_ZN8cublasLt19splitKreduce_kernelILi32ELi16Eif13__nv_bfloat16fS1_Lb0EfS1_S1_Lb1ELb0ELb0ELb0EEEvNS_18cublasSplitKParamsIT4_EEPKT2_PKT8_PT7_PT3_PKS3_SG_PKT9_S7_PSH_PvlPS3_PiSM_SM_SG_SG_SG_SG_SG_--7,gpu_tot_sim_cycle,4403.0,4403.0,gpu_tot_sim_cycle\s*=\s*(.*)
instance,llm_layer,layer,H100-SASS-Accelwattch_SASS_SIM,_ZN4vllm25fused_add_rms_norm_kernelIN3c108BFloat16ELi8ELb1EEENSt9enable_ifIXaagtT0_Li0Esr4vllm12_typeConvertIT_EE6existsEvE4typeEPS4_lS7_PKS4_fiil--0,L2_cache_stats_breakdown[GLOBAL_ACC_R][HIT],59.0,59.0,\s+L2_cache_stats_breakdown\[GLOBAL_ACC_R\]\[HIT\]\s*=\s*(.*)
instance,llm_layer,layer,H100-SASS-Accelwattch_SASS_SIM,nvjet_sm90_tst_64x8_64x16_4x2_h_bz_bias_TNT--0,L2_cache_stats_breakdown[GLOBAL_ACC_R][HIT],1120.0,1120.0,\s+L2_cache_stats_breakdown\[GLOBAL_ACC_R\]\[HIT\]\s*=\s*(.*)
instance,llm_layer,layer,H100-SASS-Accelwattch_SASS_SIM,_ZN4vllm23rotary_embedding_kernelIN3c108BFloat16ES2_Lb1EEEvPKlPT_S6_PKT0_illliiilb--0,L2_cache_stats_breakdown[GLOBAL_ACC_R][HIT],640.0,640.0,\s+L2_cache_stats_breakdown\[GLOBAL_ACC_R\]\[HIT\]\s*=\s*(.*)
instance,llm_layer,layer,H100-SASS-Accelwattch_SASS_SIM,_ZN4vllm30reshape_and_cache_flash_kernelI13__nv_bfloat16S1_LNS_18Fp8KVCacheDataTypeE0EEEvPKT_S5_PT0_S7_PKlllllliiiPKfSB_i--0,L2_cache_stats_breakdown[GLOBAL_ACC_R][HIT],160.0,160.0,\s+L2_cache_stats_breakdown\[GLOBAL_ACC_R\]\[HIT\]\s*=\s*(.*)
instance,llm_layer,layer,H100-SASS-Accelwattch_SASS_SIM,_ZN7cutlass13device_kernelIN5flash20enable_sm90_or_laterINS1_16FlashAttnFwdSm90INS1_25CollectiveMainloopFwdSm90ILi2EN4cute5tupleIJNS5_1CILi1EEES8_S8_EEENS6_IJNS7_ILi192EEENS7_ILi128EEENS7_ILi64EEEEEELi64ENS_10bfloat16_tEfNS_4arch4Sm90ELb1ELb0ELb0ELb1ELb1ELb0ELb0ELb1ELb1ELb1ELb0ELb0ESE_Li1EEENS1_21CollectiveEpilogueFwdINS6_IJSA_SC_SB_EEES9_SE_SG_Li384ELb1ELb1ELb0ELb0ELi1EEENS1_36VarlenDynamicPersistentTileSchedulerILi192ELi128ELi384ELi128ELb0ELb1ELb1ELb1ELb0ELb1EEEEEEEEEvNT_6ParamsE--0,L2_cache_stats_breakdown[GLOBAL_ACC_R][HIT],741.0,741.0,\s+L2_cache_stats_breakdown\[GLOBAL_ACC_R\]\[HIT\]\s*=\s*(.*)
instance,llm_layer,layer,H100-SASS-Accelwattch_SASS_SIM,_ZN2at6native29vectorized_elementwise_kernelILi4ENS0_11FillFunctorIiEESt5arrayIPcLm1EEEEviT0_T1_--0,L2_cache_stats_breakdown[GLOBAL_ACC_R][HIT],0.0,0.0,\s+L2_cache_stats_breakdown\[GLOBAL_ACC_R\]\[HIT\]\s*=\s*(.*)
instance,llm_layer,layer,H100-SASS-Accelwattch_SASS_SIM,nvjet_sm90_tst_64x8_64x16_4x2_h_bz_TNT--0,L2_cache_stats_breakdown[GLOBAL_ACC_R][HIT],1184.0,1184.0,\s+L2_cache_stats_breakdown\[GLOBAL_ACC_R\]\[HIT\]\s*=\s*(.*)
instance,llm_layer,layer,H100-SASS-Accelwattch_SASS_SIM,_ZN4vllm25fused_add_rms_norm_kernelIN3c108BFloat16ELi8ELb1EEENSt9enable_ifIXaagtT0_Li0Esr4vllm12_typeConvertIT_EE6existsEvE4typeEPS4_lS7_PKS4_fiil--1,L2_cache_stats_breakdown[GLOBAL_ACC_R][HIT],864.0,864.0,\s+L2_cache_stats_breakdown\[GLOBAL_ACC_R\]\[HIT\]\s*=\s*(.*)
instance,llm_layer,layer,H100-SASS-Accelwattch_SASS_SIM,nvjet_sm90_tst_128x16_64x11_4x1_v_bz_TNT--0,L2_cache_stats_breakdown[GLOBAL_ACC_R][HIT],4089.0,4089.0,\s+L2_cache_stats_breakdown\[GLOBAL_ACC_R\]\[HIT\]\s*=\s*(.*)
instance,llm_layer,layer,H100-SASS-Accelwattch_SASS_SIM,_ZN4vllm18act_and_mul_kernelIN3c108BFloat16E14__nv_bfloat162XadL_ZNS_11silu_kernelIS2_EET_RKS5_fEEXadL_ZNS_18packed_silu_kernelIS3_EES5_S7_fEELb1ELb1ELb0ELb0EEEvPS5_PS6_ifff--0,L2_cache_stats_breakdown[GLOBAL_ACC_R][HIT],6080.0,6080.0,\s+L2_cache_stats_breakdown\[GLOBAL_ACC_R\]\[HIT\]\s*=\s*(.*)
instance,llm_layer,layer,H100-SASS-Accelwattch_SASS_SIM,nvjet_sm90_tst_64x16_64x16_4x1_v_bz_splitK_TNT--0,L2_cache_stats_breakdown[GLOBAL_ACC_R][HIT],6777.0,6777.0,\s+L2_cache_stats_breakdown\[GLOBAL_ACC_R\]\[HIT\]\s*=\s*(.*)
instance,llm_layer,layer,H100-SASS-Accelwattch_SASS_SIM,_ZN8cublasLt19splitKreduce_kernelILi32ELi16Eif13__nv_bfloat16fS1_Lb0EfS1_S1_Lb1ELb0ELb0ELb0EEEvNS_18cublasSplitKParamsIT4_EEPKT2_PKT8_PT7_PT3_PKS3_SG_PKT9_S7_PSH_PvlPS3_PiSM_SM_SG_SG_SG_SG_SG_--0,L2_cache_stats_breakdown[GLOBAL_ACC_R][HIT],3360.0,3360.0,\s+L2_cache_stats_breakdown\[GLOBAL_ACC_R\]\[HIT\]\s*=\s*(.*)
instance,llm_layer,layer,H100-SASS-Accelwattch_SASS_SIM,_ZN4vllm25fused_add_rms_norm_kernelIN3c108BFloat16ELi8ELb1EEENSt9enable_ifIXaagtT0_Li0Esr4vllm12_typeConvertIT_EE6existsEvE4typeEPS4_lS7_PKS4_fiil--2,L2_cache_stats_breakdown[GLOBAL_ACC_R][HIT],0.0,0.0,\s+L2_cache_stats_breakdown\[GLOBAL_ACC_R\]\[HIT\]\s*=\s*(.*)
instance,llm_layer,layer,H100-SASS-Accelwattch_SASS_SIM,nvjet_sm90_tst_64x8_64x16_4x1_v_bz_bias_TNT--0,L2_cache_stats_breakdown[GLOBAL_ACC_R][HIT],49964.0,49964.0,\s+L2_cache_stats_breakdown\[GLOBAL_ACC_R\]\[HIT\]\s*=\s*(.*)
instance,llm_layer,layer,H100-SASS-Accelwattch_SASS_SIM,_ZN4vllm23rotary_embedding_kernelIN3c108BFloat16ES2_Lb1EEEvPKlPT_S6_PKT0_illliiilb--1,L2_cache_stats_breakdown[GLOBAL_ACC_R][HIT],65.0,65.0,\s+L2_cache_stats_breakdown\[GLOBAL_ACC_R\]\[HIT\]\s*=\s*(.*)
instance,llm_layer,layer,H100-SASS-Accelwattch_SASS_SIM,_ZN4vllm30reshape_and_cache_flash_kernelI13__nv_bfloat16S1_LNS_18Fp8KVCacheDataTypeE0EEEvPKT_S5_PT0_S7_PKlllllliiiPKfSB_i--1,L2_cache_stats_breakdown[GLOBAL_ACC_R][HIT],17.0,17.0,\s+L2_cache_stats_breakdown\[GLOBAL_ACC_R\]\[HIT\]\s*=\s*(.*)
instance,llm_layer,layer,H100-SASS-Accelwattch_SASS_SIM,_ZN7cutlass13device_kernelIN5flash20enable_sm90_or_laterINS1_16FlashAttnFwdSm90INS1_25CollectiveMainloopFwdSm90ILi2EN4cute5tupleIJNS5_1CILi1EEES8_S8_EEENS6_IJNS7_ILi64EEENS7_ILi192EEESA_EEELi64ENS_10bfloat16_tEfNS_4arch4Sm90ELb0ELb0ELb0ELb1ELb1ELb0ELb0ELb1ELb1ELb1ELb0ELb0ESD_Li1EEENS1_21CollectiveEpilogueFwdINS6_IJSA_SA_SB_EEES9_SD_SF_Li128ELb1ELb1ELb0ELb0ELi1EEENS1_36VarlenDynamicPersistentTileSchedulerILi64ELi192ELi128ELi128ELb0ELb1ELb1ELb0ELb0ELb1EEEEEEEEEvNT_6ParamsE--0,L2_cache_stats_breakdown[GLOBAL_ACC_R][HIT],267.0,267.0,\s+L2_cache_stats_breakdown\[GLOBAL_ACC_R\]\[HIT\]\s*=\s*(.*)
instance,llm_layer,layer,H100-SASS-Accelwattch_SASS_SIM,_ZN2at6native29vectorized_elementwise_kernelILi4ENS0_11FillFunctorIiEESt5arrayIPcLm1EEEEviT0_T1_--1,L2_cache_stats_breakdown[GLOBAL_ACC_R][HIT],0.0,0.0,\s+L2_cache_stats_breakdown\[GLOBAL_ACC_R\]\[HIT\]\s*=\s*(.*)
instance,llm_layer,layer,H100-SASS-Accelwattch_SASS_SIM,nvjet_sm90_tst_64x8_64x16_4x1_v_bz_TNT--0,L2_cache_stats_breakdown[GLOBAL_ACC_R][HIT],30468.0,30468.0,\s+L2_cache_stats_breakdown\[GLOBAL_ACC_R\]\[HIT\]\s*=\s*(.*)
instance,llm_layer,layer,H100-SASS-Accelwattch_SASS_SIM,_ZN4vllm25fused_add_rms_norm_kernelIN3c108BFloat16ELi8ELb1EEENSt9enable_ifIXaagtT0_Li0Esr4vllm12_typeConvertIT_EE6existsEvE4typeEPS4_lS7_PKS4_fiil--3,L2_cache_stats_breakdown[GLOBAL_ACC_R][HIT],120.0,120.0,\s+L2_cache_stats_breakdown\[GLOBAL_ACC_R\]\[HIT\]\s*=\s*(.*)
instance,llm_layer,layer,H100-SASS-Accelwattch_SASS_SIM,nvjet_sm90_tst_128x8_64x12_4x1_v_bz_TNT--0,L2_cache_stats_breakdown[GLOBAL_ACC_R][HIT],268630.0,268630.0,\s+L2_cache_stats_breakdown\[GLOBAL_ACC_R\]\[HIT\]\s*=\s*(.*)
instance,llm_layer,layer,H100-SASS-Accelwattch_SASS_SIM,_ZN4vllm18act_and_mul_kernelIN3c108BFloat16E14__nv_bfloat162XadL_ZNS_11silu_kernelIS2_EET_RKS5_fEEXadL_ZNS_18packed_silu_kernelIS3_EES5_S7_fEELb1ELb1ELb0ELb0EEEvPS5_PS6_ifff--1,L2_cache_stats_breakdown[GLOBAL_ACC_R][HIT],604.0,604.0,\s+L2_cache_stats_breakdown\[GLOBAL_ACC_R\]\[HIT\]\s*=\s*(.*)
instance,llm_layer,layer,H100-SASS-Accelwattch_SASS_SIM,nvjet_sm90_tst_64x8_64x16_4x1_v_bz_splitK_TNT--0,L2_cache_stats_breakdown[GLOBAL_ACC_R][HIT],189688.0,189688.0,\s+L2_cache_stats_breakdown\[GLOBAL_ACC_R\]\[HIT\]\s*=\s*(.*)
instance,llm_layer,layer,H100-SASS-Accelwattch_SASS_SIM,_ZN8cublasLt19splitKreduce_kernelILi32ELi16Eif13__nv_bfloat16fS1_Lb0EfS1_S1_Lb1ELb0ELb0ELb0EEEvNS_18cublasSplitKParamsIT4_EEPKT2_PKT8_PT7_PT3_PKS3_SG_PKT9_S7_PSH_PvlPS3_PiSM_SM_SG_SG_SG_SG_SG_--1,L2_cache_stats_breakdown[GLOBAL_ACC_R][HIT],336.0,336.0,\s+L2_cache_stats_breakdown\[GLOBAL_ACC_R\]\[HIT\]\s*=\s*(.*)
instance,llm_layer,layer,H100-SASS-Accelwattch_SASS_SIM,_ZN4vllm25fused_add_rms_norm_kernelIN3c108BFloat16ELi8ELb1EEENSt9enable_ifIXaagtT0_Li0Esr4vllm12_typeConvertIT_EE6existsEvE4typeEPS4_lS7_PKS4_fiil--4,L2_cache_stats_breakdown[GLOBAL_ACC_R][HIT],91.0,91.0,\s+L2_cache_stats_breakdown\[GLOBAL_ACC_R\]\[HIT\]\s*=\s*(.*)
instance,llm_layer,layer,H100-SASS-Accelwattch_SASS_SIM,nvjet_sm90_tst_64x8_64x16_4x1_v_bz_bias_TNT--1,L2_cache_stats_breakdown[GLOBAL_ACC_R][HIT],53848.0,53848.0,\s+L2_cache_stats_breakdown\[GLOBAL_ACC_R\]\[HIT\]\s*=\s*(.*)
instance,llm_layer,layer,H100-SASS-Accelwattch_SASS_SIM,_ZN4vllm23rotary_embedding_kernelIN3c108BFloat16ES2_Lb1EEEvPKlPT_S6_PKT0_illliiilb--2,L2_cache_stats_breakdown[GLOBAL_ACC_R][HIT],65.0,65.0,\s+L2_cache_stats_breakdown\[GLOBAL_ACC_R\]\[HIT\]\s*=\s*(.*)
instance,llm_layer,layer,H100-SASS-Accelwattch_SASS_SIM,_ZN4vllm30reshape_and_cache_flash_kernelI13__nv_bfloat16S1_LNS_18Fp8KVCacheDataTypeE0EEEvPKT_S5_PT0_S7_PKlllllliiiPKfSB_i--2,L2_cache_stats_breakdown[GLOBAL_ACC_R][HIT],17.0,17.0,\s+L2_cache_stats_breakdown\[GLOBAL_ACC_R\]\[HIT\]\s*=\s*(.*)
instance,llm_layer,layer,H100-SASS-Accelwattch_SASS_SIM,_ZN7cutlass13device_kernelIN5flash20enable_sm90_or_laterINS1_16FlashAttnFwdSm90INS1_25CollectiveMainloopFwdSm90ILi2EN4cute5tupleIJNS5_1CILi1EEES8_S8_EEENS6_IJNS7_ILi64EEENS7_ILi192EEESA_EEELi64ENS_10bfloat16_tEfNS_4arch4Sm90ELb0ELb0ELb0ELb1ELb1ELb0ELb0ELb1ELb1ELb1ELb0ELb0ESD_Li1EEENS1_21CollectiveEpilogueFwdINS6_IJSA_SA_SB_EEES9_SD_SF_Li128ELb1ELb1ELb0ELb0ELi1EEENS1_36VarlenDynamicPersistentTileSchedulerILi64ELi192ELi128ELi128ELb0ELb1ELb1ELb0ELb0ELb1EEEEEEEEEvNT_6ParamsE--1,L2_cache_stats_breakdown[GLOBAL_ACC_R][HIT],849.0,849.0,\s+L2_cache_stats_breakdown\[GLOBAL_ACC_R\]\[HIT\]\s*=\s*(.*)
instance,llm_layer,layer,H100-SASS-Accelwattch_SASS_SIM,_ZN2at6native29vectorized_elementwise_kernelILi4ENS0_11FillFunctorIiEESt5arrayIPcLm1EEEEviT0_T1_--2,L2_cache_stats_breakdown[GLOBAL_ACC_R][HIT],0.0,0.0,\s+L2_cache_stats_breakdown\[GLOBAL_ACC_R\]\[HIT\]\s*=\s*(.*)
instance,llm_layer,layer,H100-SASS-Accelwattch_SASS_SIM,nvjet_sm90_tst_64x8_64x16_4x1_v_bz_TNT--1,L2_cache_stats_breakdown[GLOBAL_ACC_R][HIT],47168.0,47168.0,\s+L2_cache_stats_breakdown\[GLOBAL_ACC_R\]\[HIT\]\s*=\s*(.*)
instance,llm_layer,layer,H100-SASS-Accelwattch_SASS_SIM,_ZN4vllm25fused_add_rms_norm_kernelIN3c108BFloat16ELi8ELb1EEENSt9enable_ifIXaagtT0_Li0Esr4vllm12_typeConvertIT_EE6existsEvE4typeEPS4_lS7_PKS4_fiil--5,L2_cache_stats_breakdown[GLOBAL_ACC_R][HIT],160.0,160.0,\s+L2_cache_stats_breakdown\[GLOBAL_ACC_R\]\[HIT\]\s*=\s*(.*)
instance,llm_layer,layer,H100-SASS-Accelwattch_SASS_SIM,nvjet_sm90_tst_128x8_64x12_4x1_v_bz_TNT--1,L2_cache_stats_breakdown[GLOBAL_ACC_R][HIT],390560.0,390560.0,\s+L2_cache_stats_breakdown\[GLOBAL_ACC_R\]\[HIT\]\s*=\s*(.*)
instance,llm_layer,layer,H100-SASS-Accelwattch_SASS_SIM,_ZN4vllm18act_and_mul_kernelIN3c108BFloat16E14__nv_bfloat162XadL_ZNS_11silu_kernelIS2_EET_RKS5_fEEXadL_ZNS_18packed_silu_kernelIS3_EES5_S7_fEELb1ELb1ELb0ELb0EEEvPS5_PS6_ifff--2,L2_cache_stats_breakdown[GLOBAL_ACC_R][HIT],592.0,592.0,\s+L2_cache_stats_breakdown\[GLOBAL_ACC_R\]\[HIT\]\s*=\s*(.*)
instance,llm_layer,layer,H100-SASS-Accelwattch_SASS_SIM,nvjet_sm90_tst_64x8_64x16_4x1_v_bz_splitK_TNT--1,L2_cache_stats_breakdown[GLOBAL_ACC_R][HIT],146256.0,146256.0,\s+L2_cache_stats_breakdown\[GLOBAL_ACC_R\]\[HIT\]\s*=\s*(.*)
instance,llm_layer,layer,H100-SASS-Accelwattch_SASS_SIM,_ZN8cublasLt19splitKreduce_kernelILi32ELi16Eif13__nv_bfloat16fS1_Lb0EfS1_S1_Lb1ELb0ELb0ELb0EEEvNS_18cublasSplitKParamsIT4_EEPKT2_PKT8_PT7_PT3_PKS3_SG_PKT9_S7_PSH_PvlPS3_PiSM_SM_SG_SG_SG_SG_SG_--2,L2_cache_stats_breakdown[GLOBAL_ACC_R][HIT],336.0,336.0,\s+L2_cache_stats_breakdown\[GLOBAL_ACC_R\]\[HIT\]\s*=\s*(.*)
instance,llm_layer,layer,H100-SASS-Accelwattch_SASS_SIM,_ZN4vllm25fused_add_rms_norm_kernelIN3c108BFloat16ELi8ELb1EEENSt9enable_ifIXaagtT0_Li0Esr4vllm12_typeConvertIT_EE6existsEvE4typeEPS4_lS7_PKS4_fiil--6,L2_cache_stats_breakdown[GLOBAL_ACC_R][HIT],87.0,87.0,\s+L2_cache_stats_breakdown\[GLOBAL_ACC_R\]\[HIT\]\s*=\s*(.*)
instance,llm_layer,layer,H100-SASS-Accelwattch_SASS_SIM,nvjet_sm90_tst_64x8_64x16_4x1_v_bz_bias_TNT--2,L2_cache_stats_breakdown[GLOBAL_ACC_R][HIT],15572.0,15572.0,\s+L2_cache_stats_breakdown\[GLOBAL_ACC_R\]\[HIT\]\s*=\s*(.*)
instance,llm_layer,layer,H100-SASS-Accelwattch_SASS_SIM,_ZN4vllm23rotary_embedding_kernelIN3c108BFloat16ES2_Lb1EEEvPKlPT_S6_PKT0_illliiilb--3,L2_cache_stats_breakdown[GLOBAL_ACC_R][HIT],64.0,64.0,\s+L2_cache_stats_breakdown\[GLOBAL_ACC_R\]\[HIT\]\s*=\s*(.*)
instance,llm_layer,layer,H100-SASS-Accelwattch_SASS_SIM,_ZN4vllm30reshape_and_cache_flash_kernelI13__nv_bfloat16S1_LNS_18Fp8KVCacheDataTypeE0EEEvPKT_S5_PT0_S7_PKlllllliiiPKfSB_i--3,L2_cache_stats_breakdown[GLOBAL_ACC_R][HIT],16.0,16.0,\s+L2_cache_stats_breakdown\[GLOBAL_ACC_R\]\[HIT\]\s*=\s*(.*)
instance,llm_layer,layer,H100-SASS-Accelwattch_SASS_SIM,_ZN7cutlass13device_kernelIN5flash20enable_sm90_or_laterINS1_16FlashAttnFwdSm90INS1_25CollectiveMainloopFwdSm90ILi2EN4cute5tupleIJNS5_1CILi1EEES8_S8_EEENS6_IJNS7_ILi64EEENS7_ILi192EEESA_EEELi64ENS_10bfloat16_tEfNS_4arch4Sm90ELb0ELb0ELb0ELb1ELb1ELb0ELb0ELb1ELb1ELb1ELb0ELb0ESD_Li1EEENS1_21CollectiveEpilogueFwdINS6_IJSA_SA_SB_EEES9_SD_SF_Li128ELb1ELb1ELb0ELb0ELi1EEENS1_36VarlenDynamicPersistentTileSchedulerILi64ELi192ELi128ELi128ELb0ELb1ELb1ELb0ELb0ELb1EEEEEEEEEvNT_6ParamsE--2,L2_cache_stats_breakdown[GLOBAL_ACC_R][HIT],206.0,206.0,\s+L2_cache_stats_breakdown\[GLOBAL_ACC_R\]\[HIT\]\s*=\s*(.*)
instance,llm_layer,layer,H100-SASS-Accelwattch_SASS_SIM,_ZN2at6native29vectorized_elementwise_kernelILi4ENS0_11FillFunctorIiEESt5arrayIPcLm1EEEEviT0_T1_--3,L2_cache_stats_breakdown[GLOBAL_ACC_R][HIT],0.0,0.0,\s+L2_cache_stats_breakdown\[GLOBAL_ACC_R\]\[HIT\]\s*=\s*(.*)
instance,llm_layer,layer,H100-SASS-Accelwattch_SASS_SIM,nvjet_sm90_tst_64x8_64x16_4x1_v_bz_TNT--2,L2_cache_stats_breakdown[GLOBAL_ACC_R][HIT],8280.0,8280.0,\s+L2_cache_stats_breakdown\[GLOBAL_ACC_R\]\[HIT\]\s*=\s*(.*)
instance,llm_layer,layer,H100-SASS-Accelwattch_SASS_SIM,_ZN4vllm25fused_add_rms_norm_kernelIN3c108BFloat16ELi8ELb1EEENSt9enable_ifIXaagtT0_Li0Esr4vllm12_typeConvertIT_EE6existsEvE4typeEPS4_lS7_PKS4_fiil--7,L2_cache_stats_breakdown[GLOBAL_ACC_R][HIT],112.0,112.0,\s+L2_cache_stats_breakdown\[GLOBAL_ACC_R\]\[HIT\]\s*=\s*(.*)
instance,llm_layer,layer,H100-SASS-Accelwattch_SASS_SIM,nvjet_sm90_tst_128x8_64x12_4x1_v_bz_TNT--2,L2_cache_stats_breakdown[GLOBAL_ACC_R][HIT],337852.0,337852.0,\s+L2_cache_stats_breakdown\[GLOBAL_ACC_R\]\[HIT\]\s*=\s*(.*)
instance,llm_layer,layer,H100-SASS-Accelwattch_SASS_SIM,_ZN4vllm18act_and_mul_kernelIN3c108BFloat16E14__nv_bfloat162XadL_ZNS_11silu_kernelIS2_EET_RKS5_fEEXadL_ZNS_18packed_silu_kernelIS3_EES5_S7_fEELb1ELb1ELb0ELb0EEEvPS5_PS6_ifff--3,L2_cache_stats_breakdown[GLOBAL_ACC_R][HIT],432.0,432.0,\s+L2_cache_stats_breakdown\[GLOBAL_ACC_R\]\[HIT\]\s*=\s*(.*)
instance,llm_layer,layer,H100-SASS-Accelwattch_SASS_SIM,nvjet_sm90_tst_64x8_64x16_4x1_v_bz_splitK_TNT--2,L2_cache_stats_breakdown[GLOBAL_ACC_R][HIT],189780.0,189780.0,\s+L2_cache_stats_breakdown\[GLOBAL_ACC_R\]\[HIT\]\s*=\s*(.*)
instance,llm_layer,layer,H100-SASS-Accelwattch_SASS_SIM,_ZN8cublasLt19splitKreduce_kernelILi32ELi16Eif13__nv_bfloat16fS1_Lb0EfS1_S1_Lb1ELb0ELb0ELb0EEEvNS_18cublasSplitKParamsIT4_EEPKT2_PKT8_PT7_PT3_PKS3_SG_PKT9_S7_PSH_PvlPS3_PiSM_SM_SG_SG_SG_SG_SG_--3,L2_cache_stats_breakdown[GLOBAL_ACC_R][HIT],336.0,336.0,\s+L2_cache_stats_breakdown\[GLOBAL_ACC_R\]\[HIT\]\s*=\s*(.*)
instance,llm_layer,layer,H100-SASS-Accelwattch_SASS_SIM,_ZN4vllm25fused_add_rms_norm_kernelIN3c108BFloat16ELi8ELb1EEENSt9enable_ifIXaagtT0_Li0Esr4vllm12_typeConvertIT_EE6existsEvE4typeEPS4_lS7_PKS4_fiil--8,L2_cache_stats_breakdown[GLOBAL_ACC_R][HIT],152.0,152.0,\s+L2_cache_stats_breakdown\[GLOBAL_ACC_R\]\[HIT\]\s*=\s*(.*)
instance,llm_layer,layer,H100-SASS-Accelwattch_SASS_SIM,nvjet_sm90_tst_64x8_64x16_4x1_v_bz_bias_TNT--3,L2_cache_stats_breakdown[GLOBAL_ACC_R][HIT],55856.0,55856.0,\s+L2_cache_stats_breakdown\[GLOBAL_ACC_R\]\[HIT\]\s*=\s*(.*)
instance,llm_layer,layer,H100-SASS-Accelwattch_SASS_SIM,_ZN4vllm23rotary_embedding_kernelIN3c108BFloat16ES2_Lb1EEEvPKlPT_S6_PKT0_illliiilb--4,L2_cache_stats_breakdown[GLOBAL_ACC_R][HIT],56.0,56.0,\s+L2_cache_stats_breakdown\[GLOBAL_ACC_R\]\[HIT\]\s*=\s*(.*)
instance,llm_layer,layer,H100-SASS-Accelwattch_SASS_SIM,_ZN4vllm30reshape_and_cache_flash_kernelI13__nv_bfloat16S1_LNS_18Fp8KVCacheDataTypeE0EEEvPKT_S5_PT0_S7_PKlllllliiiPKfSB_i--4,L2_cache_stats_breakdown[GLOBAL_ACC_R][HIT],16.0,16.0,\s+L2_cache_stats_breakdown\[GLOBAL_ACC_R\]\[HIT\]\s*=\s*(.*)
instance,llm_layer,layer,H100-SASS-Accelwattch_SASS_SIM,_ZN7cutlass13device_kernelIN5flash20enable_sm90_or_laterINS1_16FlashAttnFwdSm90INS1_25CollectiveMainloopFwdSm90ILi2EN4cute5tupleIJNS5_1CILi1EEES8_S8_EEENS6_IJNS7_ILi64EEENS7_ILi192EEESA_EEELi64ENS_10bfloat16_tEfNS_4arch4Sm90ELb0ELb0ELb0ELb1ELb1ELb0ELb0ELb1ELb1ELb1ELb0ELb0ESD_Li1EEENS1_21CollectiveEpilogueFwdINS6_IJSA_SA_SB_EEES9_SD_SF_Li128ELb1ELb1ELb0ELb0ELi1EEENS1_36VarlenDynamicPersistentTileSchedulerILi64ELi192ELi128ELi128ELb0ELb1ELb1ELb0ELb0ELb1EEEEEEEEEvNT_6ParamsE--3,L2_cache_stats_breakdown[GLOBAL_ACC_R][HIT],476.0,476.0,\s+L2_cache_stats_breakdown\[GLOBAL_ACC_R\]\[HIT\]\s*=\s*(.*)
instance,llm_layer,layer,H100-SASS-Accelwattch_SASS_SIM,_ZN2at6native29vectorized_elementwise_kernelILi4ENS0_11FillFunctorIiEESt5arrayIPcLm1EEEEviT0_T1_--4,L2_cache_stats_breakdown[GLOBAL_ACC_R][HIT],0.0,0.0,\s+L2_cache_stats_breakdown\[GLOBAL_ACC_R\]\[HIT\]\s*=\s*(.*)
instance,llm_layer,layer,H100-SASS-Accelwattch_SASS_SIM,nvjet_sm90_tst_64x8_64x16_4x1_v_bz_TNT--3,L2_cache_stats_breakdown[GLOBAL_ACC_R][HIT],35672.0,35672.0,\s+L2_cache_stats_breakdown\[GLOBAL_ACC_R\]\[HIT\]\s*=\s*(.*)
instance,llm_layer,layer,H100-SASS-Accelwattch_SASS_SIM,_ZN4vllm25fused_add_rms_norm_kernelIN3c108BFloat16ELi8ELb1EEENSt9enable_ifIXaagtT0_Li0Esr4vllm12_typeConvertIT_EE6existsEvE4typeEPS4_lS7_PKS4_fiil--9,L2_cache_stats_breakdown[GLOBAL_ACC_R][HIT],112.0,112.0,\s+L2_cache_stats_breakdown\[GLOBAL_ACC_R\]\[HIT\]\s*=\s*(.*)
instance,llm_layer,layer,H100-SASS-Accelwattch_SASS_SIM,nvjet_sm90_tst_128x8_64x12_4x1_v_bz_TNT--3,L2_cache_stats_breakdown[GLOBAL_ACC_R][HIT],334675.0,334675.0,\s+L2_cache_stats_breakdown\[GLOBAL_ACC_R\]\[HIT\]\s*=\s*(.*)
instance,llm_layer,layer,H100-SASS-Accelwattch_SASS_SIM,_ZN4vllm18act_and_mul_kernelIN3c108BFloat16E14__nv_bfloat162XadL_ZNS_11silu_kernelIS2_EET_RKS5_fEEXadL_ZNS_18packed_silu_kernelIS3_EES5_S7_fEELb1ELb1ELb0ELb0EEEvPS5_PS6_ifff--4,L2_cache_stats_breakdown[GLOBAL_ACC_R][HIT],608.0,608.0,\s+L2_cache_stats_breakdown\[GLOBAL_ACC_R\]\[HIT\]\s*=\s*(.*)
instance,llm_layer,layer,H100-SASS-Accelwattch_SASS_SIM,nvjet_sm90_tst_64x8_64x16_4x1_v_bz_splitK_TNT--3,L2_cache_stats_breakdown[GLOBAL_ACC_R][HIT],170028.0,170028.0,\s+L2_cache_stats_breakdown\[GLOBAL_ACC_R\]\[HIT\]\s*=\s*(.*)
instance,llm_layer,layer,H100-SASS-Accelwattch_SASS_SIM,_ZN8cublasLt19splitKreduce_kernelILi32ELi16Eif13__nv_bfloat16fS1_Lb0EfS1_S1_Lb1ELb0ELb0ELb0EEEvNS_18cublasSplitKParamsIT4_EEPKT2_PKT8_PT7_PT3_PKS3_SG_PKT9_S7_PSH_PvlPS3_PiSM_SM_SG_SG_SG_SG_SG_--4,L2_cache_stats_breakdown[GLOBAL_ACC_R][HIT],280.0,280.0,\s+L2_cache_stats_breakdown\[GLOBAL_ACC_R\]\[HIT\]\s*=\s*(.*)
instance,llm_layer,layer,H100-SASS-Accelwattch_SASS_SIM,_ZN4vllm25fused_add_rms_norm_kernelIN3c108BFloat16ELi8ELb1EEENSt9enable_ifIXaagtT0_Li0Esr4vllm12_typeConvertIT_EE6existsEvE4typeEPS4_lS7_PKS4_fiil--10,L2_cache_stats_breakdown[GLOBAL_ACC_R][HIT],128.0,128.0,\s+L2_cache_stats_breakdown\[GLOBAL_ACC_R\]\[HIT\]\s*=\s*(.*)
instance,llm_layer,layer,H100-SASS-Accelwattch_SASS_SIM,nvjet_sm90_tst_64x8_64x16_4x1_v_bz_bias_TNT--4,L2_cache_stats_breakdown[GLOBAL_ACC_R][HIT],44288.0,44288.0,\s+L2_cache_stats_breakdown\[GLOBAL_ACC_R\]\[HIT\]\s*=\s*(.*)
instance,llm_layer,layer,H100-SASS-Accelwattch_SASS_SIM,_ZN4vllm23rotary_embedding_kernelIN3c108BFloat16ES2_Lb1EEEvPKlPT_S6_PKT0_illliiilb--5,L2_cache_stats_breakdown[GLOBAL_ACC_R][HIT],65.0,65.0,\s+L2_cache_stats_breakdown\[GLOBAL_ACC_R\]\[HIT\]\s*=\s*(.*)
instance,llm_layer,layer,H100-SASS-Accelwattch_SASS_SIM,_ZN4vllm30reshape_and_cache_flash_kernelI13__nv_bfloat16S1_LNS_18Fp8KVCacheDataTypeE0EEEvPKT_S5_PT0_S7_PKlllllliiiPKfSB_i--5,L2_cache_stats_breakdown[GLOBAL_ACC_R][HIT],17.0,17.0,\s+L2_cache_stats_breakdown\[GLOBAL_ACC_R\]\[HIT\]\s*=\s*(.*)
instance,llm_layer,layer,H100-SASS-Accelwattch_SASS_SIM,_ZN7cutlass13device_kernelIN5flash20enable_sm90_or_laterINS1_16FlashAttnFwdSm90INS1_25CollectiveMainloopFwdSm90ILi2EN4cute5tupleIJNS5_1CILi1EEES8_S8_EEENS6_IJNS7_ILi64EEENS7_ILi192EEESA_EEELi64ENS_10bfloat16_tEfNS_4arch4Sm90ELb0ELb0ELb0ELb1ELb1ELb0ELb0ELb1ELb1ELb1ELb0ELb0ESD_Li1EEENS1_21CollectiveEpilogueFwdINS6_IJSA_SA_SB_EEES9_SD_SF_Li128ELb1ELb1ELb0ELb0ELi1EEENS1_36VarlenDynamicPersistentTileSchedulerILi64ELi192ELi128ELi128ELb0ELb1ELb1ELb0ELb0ELb1EEEEEEEEEvNT_6ParamsE--4,L2_cache_stats_breakdown[GLOBAL_ACC_R][HIT],945.0,945.0,\s+L2_cache_stats_breakdown\[GLOBAL_ACC_R\]\[HIT\]\s*=\s*(.*)
instance,llm_layer,layer,H100-SASS-Accelwattch_SASS_SIM,_ZN2at6native29vectorized_elementwise_kernelILi4ENS0_11FillFunctorIiEESt5arrayIPcLm1EEEEviT0_T1_--5,L2_cache_stats_breakdown[GLOBAL_ACC_R][HIT],0.0,0.0,\s+L2_cache_stats_breakdown\[GLOBAL_ACC_R\]\[HIT\]\s*=\s*(.*)
instance,llm_layer,layer,H100-SASS-Accelwattch_SASS_SIM,nvjet_sm90_tst_64x8_64x16_4x1_v_bz_TNT--4,L2_cache_stats_breakdown[GLOBAL_ACC_R][HIT],45824.0,45824.0,\s+L2_cache_stats_breakdown\[GLOBAL_ACC_R\]\[HIT\]\s*=\s*(.*)
instance,llm_layer,layer,H100-SASS-Accelwattch_SASS_SIM,_ZN4vllm25fused_add_rms_norm_kernelIN3c108BFloat16ELi8ELb1EEENSt9enable_ifIXaagtT0_Li0Esr4vllm12_typeConvertIT_EE6existsEvE4typeEPS4_lS7_PKS4_fiil--11,L2_cache_stats_breakdown[GLOBAL_ACC_R][HIT],160.0,160.0,\s+L2_cache_stats_breakdown\[GLOBAL_ACC_R\]\[HIT\]\s*=\s*(.*)
instance,llm_layer,layer,H100-SASS-Accelwattch_SASS_SIM,nvjet_sm90_tst_128x8_64x12_4x1_v_bz_TNT--4,L2_cache_stats_breakdown[GLOBAL_ACC_R][HIT],384812.0,384812.0,\s+L2_cache_stats_breakdown\[GLOBAL_ACC_R\]\[HIT\]\s*=\s*(.*)
instance,llm_layer,layer,H100-SASS-Accelwattch_SASS_SIM,_ZN4vllm18act_and_mul_kernelIN3c108BFloat16E14__nv_bfloat162XadL_ZNS_11silu_kernelIS2_EET_RKS5_fEEXadL_ZNS_18packed_silu_kernelIS3_EES5_S7_fEELb1ELb1ELb0ELb0EEEvPS5_PS6_ifff--5,L2_cache_stats_breakdown[GLOBAL_ACC_R][HIT],590.0,590.0,\s+L2_cache_stats_breakdown\[GLOBAL_ACC_R\]\[HIT\]\s*=\s*(.*)
instance,llm_layer,layer,H100-SASS-Accelwattch_SASS_SIM,nvjet_sm90_tst_64x8_64x16_4x1_v_bz_splitK_TNT--4,L2_cache_stats_breakdown[GLOBAL_ACC_R][HIT],147183.0,147183.0,\s+L2_cache_stats_breakdown\[GLOBAL_ACC_R\]\[HIT\]\s*=\s*(.*)
instance,llm_layer,layer,H100-SASS-Accelwattch_SASS_SIM,_ZN8cublasLt19splitKreduce_kernelILi32ELi16Eif13__nv_bfloat16fS1_Lb0EfS1_S1_Lb1ELb0ELb0ELb0EEEvNS_18cublasSplitKParamsIT4_EEPKT2_PKT8_PT7_PT3_PKS3_SG_PKT9_S7_PSH_PvlPS3_PiSM_SM_SG_SG_SG_SG_SG_--5,L2_cache_stats_breakdown[GLOBAL_ACC_R][HIT],336.0,336.0,\s+L2_cache_stats_breakdown\[GLOBAL_ACC_R\]\[HIT\]\s*=\s*(.*)
instance,llm_layer,layer,H100-SASS-Accelwattch_SASS_SIM,_ZN4vllm25fused_add_rms_norm_kernelIN3c108BFloat16ELi8ELb1EEENSt9enable_ifIXaagtT0_Li0Esr4vllm12_typeConvertIT_EE6existsEvE4typeEPS4_lS7_PKS4_fiil--12,L2_cache_stats_breakdown[GLOBAL_ACC_R][HIT],24.0,24.0,\s+L2_cache_stats_breakdown\[GLOBAL_ACC_R\]\[HIT\]\s*=\s*(.*)
instance,llm_layer,layer,H100-SASS-Accelwattch_SASS_SIM,nvjet_sm90_tst_64x8_64x16_4x1_v_bz_bias_TNT--5,L2_cache_stats_breakdown[GLOBAL_ACC_R][HIT],16880.0,16880.0,\s+L2_cache_stats_breakdown\[GLOBAL_ACC_R\]\[HIT\]\s*=\s*(.*)
instance,llm_layer,layer,H100-SASS-Accelwattch_SASS_SIM,_ZN4vllm23rotary_embedding_kernelIN3c108BFloat16ES2_Lb1EEEvPKlPT_S6_PKT0_illliiilb--6,L2_cache_stats_breakdown[GLOBAL_ACC_R][HIT],64.0,64.0,\s+L2_cache_stats_breakdown\[GLOBAL_ACC_R\]\[HIT\]\s*=\s*(.*)
instance,llm_layer,layer,H100-SASS-Accelwattch_SASS_SIM,_ZN4vllm30reshape_and_cache_flash_kernelI13__nv_bfloat16S1_LNS_18Fp8KVCacheDataTypeE0EEEvPKT_S5_PT0_S7_PKlllllliiiPKfSB_i--6,L2_cache_stats_breakdown[GLOBAL_ACC_R][HIT],16.0,16.0,\s+L2_cache_stats_breakdown\[GLOBAL_ACC_R\]\[HIT\]\s*=\s*(.*)
instance,llm_layer,layer,H100-SASS-Accelwattch_SASS_SIM,_ZN7cutlass13device_kernelIN5flash20enable_sm90_or_laterINS1_16FlashAttnFwdSm90INS1_25CollectiveMainloopFwdSm90ILi2EN4cute5tupleIJNS5_1CILi1EEES8_S8_EEENS6_IJNS7_ILi64EEENS7_ILi192EEESA_EEELi64ENS_10bfloat16_tEfNS_4arch4Sm90ELb0ELb0ELb0ELb1ELb1ELb0ELb0ELb1ELb1ELb1ELb0ELb0ESD_Li1EEENS1_21CollectiveEpilogueFwdINS6_IJSA_SA_SB_EEES9_SD_SF_Li128ELb1ELb1ELb0ELb0ELi1EEENS1_36VarlenDynamicPersistentTileSchedulerILi64ELi192ELi128ELi128ELb0ELb1ELb1ELb0ELb0ELb1EEEEEEEEEvNT_6ParamsE--5,L2_cache_stats_breakdown[GLOBAL_ACC_R][HIT],198.0,198.0,\s+L2_cache_stats_breakdown\[GLOBAL_ACC_R\]\[HIT\]\s*=\s*(.*)
instance,llm_layer,layer,H100-SASS-Accelwattch_SASS_SIM,_ZN2at6native29vectorized_elementwise_kernelILi4ENS0_11FillFunctorIiEESt5arrayIPcLm1EEEEviT0_T1_--6,L2_cache_stats_breakdown[GLOBAL_ACC_R][HIT],0.0,0.0,\s+L2_cache_stats_breakdown\[GLOBAL_ACC_R\]\[HIT\]\s*=\s*(.*)
instance,llm_layer,layer,H100-SASS-Accelwattch_SASS_SIM,nvjet_sm90_tst_64x8_64x16_4x1_v_bz_TNT--5,L2_cache_stats_breakdown[GLOBAL_ACC_R][HIT],13828.0,13828.0,\s+L2_cache_stats_breakdown\[GLOBAL_ACC_R\]\[HIT\]\s*=\s*(.*)
instance,llm_layer,layer,H100-SASS-Accelwattch_SASS_SIM,_ZN4vllm25fused_add_rms_norm_kernelIN3c108BFloat16ELi8ELb1EEENSt9enable_ifIXaagtT0_Li0Esr4vllm12_typeConvertIT_EE6existsEvE4typeEPS4_lS7_PKS4_fiil--13,L2_cache_stats_breakdown[GLOBAL_ACC_R][HIT],112.0,112.0,\s+L2_cache_stats_breakdown\[GLOBAL_ACC_R\]\[HIT\]\s*=\s*(.*)
instance,llm_layer,layer,H100-SASS-Accelwattch_SASS_SIM,nvjet_sm90_tst_128x8_64x12_4x1_v_bz_TNT--5,L2_cache_stats_breakdown[GLOBAL_ACC_R][HIT],326444.0,326444.0,\s+L2_cache_stats_breakdown\[GLOBAL_ACC_R\]\[HIT\]\s*=\s*(.*)
instance,llm_layer,layer,H100-SASS-Accelwattch_SASS_SIM,_ZN4vllm18act_and_mul_kernelIN3c108BFloat16E14__nv_bfloat162XadL_ZNS_11silu_kernelIS2_EET_RKS5_fEEXadL_ZNS_18packed_silu_kernelIS3_EES5_S7_fEELb1ELb1ELb0ELb0EEEvPS5_PS6_ifff--6,L2_cache_stats_breakdown[GLOBAL_ACC_R][HIT],432.0,432.0,\s+L2_cache_stats_breakdown\[GLOBAL_ACC_R\]\[HIT\]\s*=\s*(.*)
instance,llm_layer,layer,H100-SASS-Accelwattch_SASS_SIM,nvjet_sm90_tst_64x8_64x16_4x1_v_bz_splitK_TNT--5,L2_cache_stats_breakdown[GLOBAL_ACC_R][HIT],190004.0,190004.0,\s+L2_cache_stats_breakdown\[GLOBAL_ACC_R\]\[HIT\]\s*=\s*(.*)
instance,llm_layer,layer,H100-SASS-Accelwattch_SASS_SIM,_ZN8cublasLt19splitKreduce_kernelILi32ELi16Eif13__nv_bfloat16fS1_Lb0EfS1_S1_Lb1ELb0ELb0ELb0EEEvNS_18cublasSplitKParamsIT4_EEPKT2_PKT8_PT7_PT3_PKS3_SG_PKT9_S7_PSH_PvlPS3_PiSM_SM_SG_SG_SG_SG_SG_--6,L2_cache_stats_breakdown[GLOBAL_ACC_R][HIT],336.0,336.0,\s+L2_cache_stats_breakdown\[GLOBAL_ACC_R\]\[HIT\]\s*=\s*(.*)
instance,llm_layer,layer,H100-SASS-Accelwattch_SASS_SIM,_ZN4vllm25fused_add_rms_norm_kernelIN3c108BFloat16ELi8ELb1EEENSt9enable_ifIXaagtT0_Li0Esr4vllm12_typeConvertIT_EE6existsEvE4typeEPS4_lS7_PKS4_fiil--14,L2_cache_stats_breakdown[GLOBAL_ACC_R][HIT],152.0,152.0,\s+L2_cache_stats_breakdown\[GLOBAL_ACC_R\]\[HIT\]\s*=\s*(.*)
instance,llm_layer,layer,H100-SASS-Accelwattch_SASS_SIM,nvjet_sm90_tst_64x8_64x16_4x1_v_bz_bias_TNT--6,L2_cache_stats_breakdown[GLOBAL_ACC_R][HIT],56380.0,56380.0,\s+L2_cache_stats_breakdown\[GLOBAL_ACC_R\]\[HIT\]\s*=\s*(.*)
instance,llm_layer,layer,H100-SASS-Accelwattch_SASS_SIM,_ZN4vllm23rotary_embedding_kernelIN3c108BFloat16ES2_Lb1EEEvPKlPT_S6_PKT0_illliiilb--7,L2_cache_stats_breakdown[GLOBAL_ACC_R][HIT],56.0,56.0,\s+L2_cache_stats_breakdown\[GLOBAL_ACC_R\]\[HIT\]\s*=\s*(.*)
instance,llm_layer,layer,H100-SASS-Accelwattch_SASS_SIM,_ZN4vllm30reshape_and_cache_flash_kernelI13__nv_bfloat16S1_LNS_18Fp8KVCacheDataTypeE0EEEvPKT_S5_PT0_S7_PKlllllliiiPKfSB_i--7,L2_cache_stats_breakdown[GLOBAL_ACC_R][HIT],16.0,16.0,\s+L2_cache_stats_breakdown\[GLOBAL_ACC_R\]\[HIT\]\s*=\s*(.*)
instance,llm_layer,layer,H100-SASS-Accelwattch_SASS_SIM,_ZN7cutlass13device_kernelIN5flash20enable_sm90_or_laterINS1_16FlashAttnFwdSm90INS1_25CollectiveMainloopFwdSm90ILi2EN4cute5tupleIJNS5_1CILi1EEES8_S8_EEENS6_IJNS7_ILi64EEENS7_ILi192EEESA_EEELi64ENS_10bfloat16_tEfNS_4arch4Sm90ELb0ELb0ELb0ELb1ELb1ELb0ELb0ELb1ELb1ELb1ELb0ELb0ESD_Li1EEENS1_21CollectiveEpilogueFwdINS6_IJSA_SA_SB_EEES9_SD_SF_Li128ELb1ELb1ELb0ELb0ELi1EEENS1_36VarlenDynamicPersistentTileSchedulerILi64ELi192ELi128ELi128ELb0ELb1ELb1ELb0ELb0ELb1EEEEEEEEEvNT_6ParamsE--6,L2_cache_stats_breakdown[GLOBAL_ACC_R][HIT],524.0,524.0,\s+L2_cache_stats_breakdown\[GLOBAL_ACC_R\]\[HIT\]\s*=\s*(.*)
instance,llm_layer,layer,H100-SASS-Accelwattch_SASS_SIM,_ZN2at6native29vectorized_elementwise_kernelILi4ENS0_11FillFunctorIiEESt5arrayIPcLm1EEEEviT0_T1_--7,L2_cache_stats_breakdown[GLOBAL_ACC_R][HIT],0.0,0.0,\s+L2_cache_stats_breakdown\[GLOBAL_ACC_R\]\[HIT\]\s*=\s*(.*)
instance,llm_layer,layer,H100-SASS-Accelwattch_SASS_SIM,nvjet_sm90_tst_64x8_64x16_4x1_v_bz_TNT--6,L2_cache_stats_breakdown[GLOBAL_ACC_R][HIT],36508.0,36508.0,\s+L2_cache_stats_breakdown\[GLOBAL_ACC_R\]\[HIT\]\s*=\s*(.*)
instance,llm_layer,layer,H100-SASS-Accelwattch_SASS_SIM,_ZN4vllm25fused_add_rms_norm_kernelIN3c108BFloat16ELi8ELb1EEENSt9enable_ifIXaagtT0_Li0Esr4vllm12_typeConvertIT_EE6existsEvE4typeEPS4_lS7_PKS4_fiil--15,L2_cache_stats_breakdown[GLOBAL_ACC_R][HIT],112.0,112.0,\s+L2_cache_stats_breakdown\[GLOBAL_ACC_R\]\[HIT\]\s*=\s*(.*)
instance,llm_layer,layer,H100-SASS-Accelwattch_SASS_SIM,nvjet_sm90_tst_128x8_64x12_4x1_v_bz_TNT--6,L2_cache_stats_breakdown[GLOBAL_ACC_R][HIT],328540.0,328540.0,\s+L2_cache_stats_breakdown\[GLOBAL_ACC_R\]\[HIT\]\s*=\s*(.*)
instance,llm_layer,layer,H100-SASS-Accelwattch_SASS_SIM,_ZN4vllm18act_and_mul_kernelIN3c108BFloat16E14__nv_bfloat162XadL_ZNS_11silu_kernelIS2_EET_RKS5_fEEXadL_ZNS_18packed_silu_kernelIS3_EES5_S7_fEELb1ELb1ELb0ELb0EEEvPS5_PS6_ifff--7,L2_cache_stats_breakdown[GLOBAL_ACC_R][HIT],608.0,608.0,\s+L2_cache_stats_breakdown\[GLOBAL_ACC_R\]\[HIT\]\s*=\s*(.*)
instance,llm_layer,layer,H100-SASS-Accelwattch_SASS_SIM,nvjet_sm90_tst_64x8_64x16_4x1_v_bz_splitK_TNT--6,L2_cache_stats_breakdown[GLOBAL_ACC_R][HIT],168036.0,168036.0,\s+L2_cache_stats_breakdown\[GLOBAL_ACC_R\]\[HIT\]\s*=\s*(.*)
instance,llm_layer,layer,H100-SASS-Accelwattch_SASS_SIM,_ZN8cublasLt19splitKreduce_kernelILi32ELi16Eif13__nv_bfloat16fS1_Lb0EfS1_S1_Lb1ELb0ELb0ELb0EEEvNS_18cublasSplitKParamsIT4_EEPKT2_PKT8_PT7_PT3_PKS3_SG_PKT9_S7_PSH_PvlPS3_PiSM_SM_SG_SG_SG_SG_SG_--7,L2_cache_stats_breakdown[GLOBAL_ACC_R][HIT],280.0,280.0,\s+L2_cache_stats_breakdown\[GLOBAL_ACC_R\]\[HIT\]\s*=\s*(.*)
instance,llm_layer,layer,H100-SASS-Accelwattch_SASS_SIM,_ZN4vllm25fused_add_rms_norm_kernelIN3c108BFloat16ELi8ELb1EEENSt9enable_ifIXaagtT0_Li0Esr4vllm12_typeConvertIT_EE6existsEvE4typeEPS4_lS7_PKS4_fiil--0,L2_cache_stats_breakdown[GLOBAL_ACC_R][TOTAL_ACCESS],1288.0,1288.0,\s+L2_cache_stats_breakdown\[GLOBAL_ACC_R\]\[TOTAL_ACCESS\]\s*=\s*(.*)
instance,llm_layer,layer,H100-SASS-Accelwattch_SASS_SIM,nvjet_sm90_tst_64x8_64x16_4x2_h_bz_bias_TNT--0,L2_cache_stats_breakdown[GLOBAL_ACC_R][TOTAL_ACCESS],65704.0,65704.0,\s+L2_cache_stats_breakdown\[GLOBAL_ACC_R\]\[TOTAL_ACCESS\]\s*=\s*(.*)
instance,llm_layer,layer,H100-SASS-Accelwattch_SASS_SIM,_ZN4vllm23rotary_embedding_kernelIN3c108BFloat16ES2_Lb1EEEvPKlPT_S6_PKT0_illliiilb--0,L2_cache_stats_breakdown[GLOBAL_ACC_R][TOTAL_ACCESS],683.0,683.0,\s+L2_cache_stats_breakdown\[GLOBAL_ACC_R\]\[TOTAL_ACCESS\]\s*=\s*(.*)
instance,llm_layer,layer,H100-SASS-Accelwattch_SASS_SIM,_ZN4vllm30reshape_and_cache_flash_kernelI13__nv_bfloat16S1_LNS_18Fp8KVCacheDataTypeE0EEEvPKT_S5_PT0_S7_PKlllllliiiPKfSB_i--0,L2_cache_stats_breakdown[GLOBAL_ACC_R][TOTAL_ACCESS],164.0,164.0,\s+L2_cache_stats_breakdown\[GLOBAL_ACC_R\]\[TOTAL_ACCESS\]\s*=\s*(.*)
instance,llm_layer,layer,H100-SASS-Accelwattch_SASS_SIM,_ZN7cutlass13device_kernelIN5flash20enable_sm90_or_laterINS1_16FlashAttnFwdSm90INS1_25CollectiveMainloopFwdSm90ILi2EN4cute5tupleIJNS5_1CILi1EEES8_S8_EEENS6_IJNS7_ILi192EEENS7_ILi128EEENS7_ILi64EEEEEELi64ENS_10bfloat16_tEfNS_4arch4Sm90ELb1ELb0ELb0ELb1ELb1ELb0ELb0ELb1ELb1ELb1ELb0ELb0ESE_Li1EEENS1_21CollectiveEpilogueFwdINS6_IJSA_SC_SB_EEES9_SE_SG_Li384ELb1ELb1ELb0ELb0ELi1EEENS1_36VarlenDynamicPersistentTileSchedulerILi192ELi128ELi384ELi128ELb0ELb1ELb1ELb1ELb0ELb1EEEEEEEEEvNT_6ParamsE--0,L2_cache_stats_breakdown[GLOBAL_ACC_R][TOTAL_ACCESS],1777.0,1777.0,\s+L2_cache_stats_breakdown\[GLOBAL_ACC_R\]\[TOTAL_ACCESS\]\s*=\s*(.*)
instance,llm_layer,layer,H100-SASS-Accelwattch_SASS_SIM,_ZN2at6native29vectorized_elementwise_kernelILi4ENS0_11FillFunctorIiEESt5arrayIPcLm1EEEEviT0_T1_--0,L2_cache_stats_breakdown[GLOBAL_ACC_R][TOTAL_ACCESS],0.0,0.0,\s+L2_cache_stats_breakdown\[GLOBAL_ACC_R\]\[TOTAL_ACCESS\]\s*=\s*(.*)
instance,llm_layer,layer,H100-SASS-Accelwattch_SASS_SIM,nvjet_sm90_tst_64x8_64x16_4x2_h_bz_TNT--0,L2_cache_stats_breakdown[GLOBAL_ACC_R][TOTAL_ACCESS],51360.0,51360.0,\s+L2_cache_stats_breakdown\[GLOBAL_ACC_R\]\[TOTAL_ACCESS\]\s*=\s*(.*)
instance,llm_layer,layer,H100-SASS-Accelwattch_SASS_SIM,_ZN4vllm25fused_add_rms_norm_kernelIN3c108BFloat16ELi8ELb1EEENSt9enable_ifIXaagtT0_Li0Esr4vllm12_typeConvertIT_EE6existsEvE4typeEPS4_lS7_PKS4_fiil--1,L2_cache_stats_breakdown[GLOBAL_ACC_R][TOTAL_ACCESS],1288.0,1288.0,\s+L2_cache_stats_breakdown\[GLOBAL_ACC_R\]\[TOTAL_ACCESS\]\s*=\s*(.*)
instance,llm_layer,layer,H100-SASS-Accelwattch_SASS_SIM,nvjet_sm90_tst_128x16_64x11_4x1_v_bz_TNT--0,L2_cache_stats_breakdown[GLOBAL_ACC_R][TOTAL_ACCESS],548857.0,548857.0,\s+L2_cache_stats_breakdown\[GLOBAL_ACC_R\]\[TOTAL_ACCESS\]\s*=\s*(.*)
instance,llm_layer,layer,H100-SASS-Accelwattch_SASS_SIM,_ZN4vllm18act_and_mul_kernelIN3c108BFloat16E14__nv_bfloat162XadL_ZNS_11silu_kernelIS2_EET_RKS5_fEEXadL_ZNS_18packed_silu_kernelIS3_EES5_S7_fEELb1ELb1ELb0ELb0EEEvPS5_PS6_ifff--0,L2_cache_stats_breakdown[GLOBAL_ACC_R][TOTAL_ACCESS],6080.0,6080.0,\s+L2_cache_stats_breakdown\[GLOBAL_ACC_R\]\[TOTAL_ACCESS\]\s*=\s*(.*)
instance,llm_layer,layer,H100-SASS-Accelwattch_SASS_SIM,nvjet_sm90_tst_64x16_64x16_4x1_v_bz_splitK_TNT--0,L2_cache_stats_breakdown[GLOBAL_ACC_R][TOTAL_ACCESS],279161.0,279161.0,\s+L2_cache_stats_breakdown\[GLOBAL_ACC_R\]\[TOTAL_ACCESS\]\s*=\s*(.*)
instance,llm_layer,layer,H100-SASS-Accelwattch_SASS_SIM,_ZN8cublasLt19splitKreduce_kernelILi32ELi16Eif13__nv_bfloat16fS1_Lb0EfS1_S1_Lb1ELb0ELb0ELb0EEEvNS_18cublasSplitKParamsIT4_EEPKT2_PKT8_PT7_PT3_PKS3_SG_PKT9_S7_PSH_PvlPS3_PiSM_SM_SG_SG_SG_SG_SG_--0,L2_cache_stats_breakdown[GLOBAL_ACC_R][TOTAL_ACCESS],3360.0,3360.0,\s+L2_cache_stats_breakdown\[GLOBAL_ACC_R\]\[TOTAL_ACCESS\]\s*=\s*(.*)
instance,llm_layer,layer,H100-SASS-Accelwattch_SASS_SIM,_ZN4vllm25fused_add_rms_norm_kernelIN3c108BFloat16ELi8ELb1EEENSt9enable_ifIXaagtT0_Li0Esr4vllm12_typeConvertIT_EE6existsEvE4typeEPS4_lS7_PKS4_fiil--2,L2_cache_stats_breakdown[GLOBAL_ACC_R][TOTAL_ACCESS],168.0,168.0,\s+L2_cache_stats_breakdown\[GLOBAL_ACC_R\]\[TOTAL_ACCESS\]\s*=\s*(.*)
instance,llm_layer,layer,H100-SASS-Accelwattch_SASS_SIM,nvjet_sm90_tst_64x8_64x16_4x1_v_bz_bias_TNT--0,L2_cache_stats_breakdown[GLOBAL_ACC_R][TOTAL_ACCESS],64696.0,64696.0,\s+L2_cache_stats_breakdown\[GLOBAL_ACC_R\]\[TOTAL_ACCESS\]\s*=\s*(.*)
instance,llm_layer,layer,H100-SASS-Accelwattch_SASS_SIM,_ZN4vllm23rotary_embedding_kernelIN3c108BFloat16ES2_Lb1EEEvPKlPT_S6_PKT0_illliiilb--1,L2_cache_stats_breakdown[GLOBAL_ACC_R][TOTAL_ACCESS],69.0,69.0,\s+L2_cache_stats_breakdown\[GLOBAL_ACC_R\]\[TOTAL_ACCESS\]\s*=\s*(.*)
instance,llm_layer,layer,H100-SASS-Accelwattch_SASS_SIM,_ZN4vllm30reshape_and_cache_flash_kernelI13__nv_bfloat16S1_LNS_18Fp8KVCacheDataTypeE0EEEvPKT_S5_PT0_S7_PKlllllliiiPKfSB_i--1,L2_cache_stats_breakdown[GLOBAL_ACC_R][TOTAL_ACCESS],17.0,17.0,\s+L2_cache_stats_breakdown\[GLOBAL_ACC_R\]\[TOTAL_ACCESS\]\s*=\s*(.*)
instance,llm_layer,layer,H100-SASS-Accelwattch_SASS_SIM,_ZN7cutlass13device_kernelIN5flash20enable_sm90_or_laterINS1_16FlashAttnFwdSm90INS1_25CollectiveMainloopFwdSm90ILi2EN4cute5tupleIJNS5_1CILi1EEES8_S8_EEENS6_IJNS7_ILi64EEENS7_ILi192EEESA_EEELi64ENS_10bfloat16_tEfNS_4arch4Sm90ELb0ELb0ELb0ELb1ELb1ELb0ELb0ELb1ELb1ELb1ELb0ELb0ESD_Li1EEENS1_21CollectiveEpilogueFwdINS6_IJSA_SA_SB_EEES9_SD_SF_Li128ELb1ELb1ELb0ELb0ELi1EEENS1_36VarlenDynamicPersistentTileSchedulerILi64ELi192ELi128ELi128ELb0ELb1ELb1ELb0ELb0ELb1EEEEEEEEEvNT_6ParamsE--0,L2_cache_stats_breakdown[GLOBAL_ACC_R][TOTAL_ACCESS],905.0,905.0,\s+L2_cache_stats_breakdown\[GLOBAL_ACC_R\]\[TOTAL_ACCESS\]\s*=\s*(.*)
instance,llm_layer,layer,H100-SASS-Accelwattch_SASS_SIM,_ZN2at6native29vectorized_elementwise_kernelILi4ENS0_11FillFunctorIiEESt5arrayIPcLm1EEEEviT0_T1_--1,L2_cache_stats_breakdown[GLOBAL_ACC_R][TOTAL_ACCESS],0.0,0.0,\s+L2_cache_stats_breakdown\[GLOBAL_ACC_R\]\[TOTAL_ACCESS\]\s*=\s*(.*)
instance,llm_layer,layer,H100-SASS-Accelwattch_SASS_SIM,nvjet_sm90_tst_64x8_64x16_4x1_v_bz_TNT--0,L2_cache_stats_breakdown[GLOBAL_ACC_R][TOTAL_ACCESS],50288.0,50288.0,\s+L2_cache_stats_breakdown\[GLOBAL_ACC_R\]\[TOTAL_ACCESS\]\s*=\s*(.*)
instance,llm_layer,layer,H100-SASS-Accelwattch_SASS_SIM,_ZN4vllm25fused_add_rms_norm_kernelIN3c108BFloat16ELi8ELb1EEENSt9enable_ifIXaagtT0_Li0Esr4vllm12_typeConvertIT_EE6existsEvE4typeEPS4_lS7_PKS4_fiil--3,L2_cache_stats_breakdown[GLOBAL_ACC_R][TOTAL_ACCESS],168.0,168.0,\s+L2_cache_stats_breakdown\[GLOBAL_ACC_R\]\[TOTAL_ACCESS\]\s*=\s*(.*)
instance,llm_layer,layer,H100-SASS-Accelwattch_SASS_SIM,nvjet_sm90_tst_128x8_64x12_4x1_v_bz_TNT--0,L2_cache_stats_breakdown[GLOBAL_ACC_R][TOTAL_ACCESS],545118.0,545118.0,\s+L2_cache_stats_breakdown\[GLOBAL_ACC_R\]\[TOTAL_ACCESS\]\s*=\s*(.*)
instance,llm_layer,layer,H100-SASS-Accelwattch_SASS_SIM,_ZN4vllm18act_and_mul_kernelIN3c108BFloat16E14__nv_bfloat162XadL_ZNS_11silu_kernelIS2_EET_RKS5_fEEXadL_ZNS_18packed_silu_kernelIS3_EES5_S7_fEELb1ELb1ELb0ELb0EEEvPS5_PS6_ifff--1,L2_cache_stats_breakdown[GLOBAL_ACC_R][TOTAL_ACCESS],608.0,608.0,\s+L2_cache_stats_breakdown\[GLOBAL_ACC_R\]\[TOTAL_ACCESS\]\s*=\s*(.*)
instance,llm_layer,layer,H100-SASS-Accelwattch_SASS_SIM,nvjet_sm90_tst_64x8_64x16_4x1_v_bz_splitK_TNT--0,L2_cache_stats_breakdown[GLOBAL_ACC_R][TOTAL_ACCESS],272956.0,272956.0,\s+L2_cache_stats_breakdown\[GLOBAL_ACC_R\]\[TOTAL_ACCESS\]\s*=\s*(.*)
instance,llm_layer,layer,H100-SASS-Accelwattch_SASS_SIM,_ZN8cublasLt19splitKreduce_kernelILi32ELi16Eif13__nv_bfloat16fS1_Lb0EfS1_S1_Lb1ELb0ELb0ELb0EEEvNS_18cublasSplitKParamsIT4_EEPKT2_PKT8_PT7_PT3_PKS3_SG_PKT9_S7_PSH_PvlPS3_PiSM_SM_SG_SG_SG_SG_SG_--1,L2_cache_stats_breakdown[GLOBAL_ACC_R][TOTAL_ACCESS],336.0,336.0,\s+L2_cache_stats_breakdown\[GLOBAL_ACC_R\]\[TOTAL_ACCESS\]\s*=\s*(.*)
instance,llm_layer,layer,H100-SASS-Accelwattch_SASS_SIM,_ZN4vllm25fused_add_rms_norm_kernelIN3c108BFloat16ELi8ELb1EEENSt9enable_ifIXaagtT0_Li0Esr4vllm12_typeConvertIT_EE6existsEvE4typeEPS4_lS7_PKS4_fiil--4,L2_cache_stats_breakdown[GLOBAL_ACC_R][TOTAL_ACCESS],168.0,168.0,\s+L2_cache_stats_breakdown\[GLOBAL_ACC_R\]\[TOTAL_ACCESS\]\s*=\s*(.*)
instance,llm_layer,layer,H100-SASS-Accelwattch_SASS_SIM,nvjet_sm90_tst_64x8_64x16_4x1_v_bz_bias_TNT--1,L2_cache_stats_breakdown[GLOBAL_ACC_R][TOTAL_ACCESS],64696.0,64696.0,\s+L2_cache_stats_breakdown\[GLOBAL_ACC_R\]\[TOTAL_ACCESS\]\s*=\s*(.*)
instance,llm_layer,layer,H100-SASS-Accelwattch_SASS_SIM,_ZN4vllm23rotary_embedding_kernelIN3c108BFloat16ES2_Lb1EEEvPKlPT_S6_PKT0_illliiilb--2,L2_cache_stats_breakdown[GLOBAL_ACC_R][TOTAL_ACCESS],69.0,69.0,\s+L2_cache_stats_breakdown\[GLOBAL_ACC_R\]\[TOTAL_ACCESS\]\s*=\s*(.*)
instance,llm_layer,layer,H100-SASS-Accelwattch_SASS_SIM,_ZN4vllm30reshape_and_cache_flash_kernelI13__nv_bfloat16S1_LNS_18Fp8KVCacheDataTypeE0EEEvPKT_S5_PT0_S7_PKlllllliiiPKfSB_i--2,L2_cache_stats_breakdown[GLOBAL_ACC_R][TOTAL_ACCESS],17.0,17.0,\s+L2_cache_stats_breakdown\[GLOBAL_ACC_R\]\[TOTAL_ACCESS\]\s*=\s*(.*)
instance,llm_layer,layer,H100-SASS-Accelwattch_SASS_SIM,_ZN7cutlass13device_kernelIN5flash20enable_sm90_or_laterINS1_16FlashAttnFwdSm90INS1_25CollectiveMainloopFwdSm90ILi2EN4cute5tupleIJNS5_1CILi1EEES8_S8_EEENS6_IJNS7_ILi64EEENS7_ILi192EEESA_EEELi64ENS_10bfloat16_tEfNS_4arch4Sm90ELb0ELb0ELb0ELb1ELb1ELb0ELb0ELb1ELb1ELb1ELb0ELb0ESD_Li1EEENS1_21CollectiveEpilogueFwdINS6_IJSA_SA_SB_EEES9_SD_SF_Li128ELb1ELb1ELb0ELb0ELi1EEENS1_36VarlenDynamicPersistentTileSchedulerILi64ELi192ELi128ELi128ELb0ELb1ELb1ELb0ELb0ELb1EEEEEEEEEvNT_6ParamsE--1,L2_cache_stats_breakdown[GLOBAL_ACC_R][TOTAL_ACCESS],921.0,921.0,\s+L2_cache_stats_breakdown\[GLOBAL_ACC_R\]\[TOTAL_ACCESS\]\s*=\s*(.*)
instance,llm_layer,layer,H100-SASS-Accelwattch_SASS_SIM,_ZN2at6native29vectorized_elementwise_kernelILi4ENS0_11FillFunctorIiEESt5arrayIPcLm1EEEEviT0_T1_--2,L2_cache_stats_breakdown[GLOBAL_ACC_R][TOTAL_ACCESS],0.0,0.0,\s+L2_cache_stats_breakdown\[GLOBAL_ACC_R\]\[TOTAL_ACCESS\]\s*=\s*(.*)
instance,llm_layer,layer,H100-SASS-Accelwattch_SASS_SIM,nvjet_sm90_tst_64x8_64x16_4x1_v_bz_TNT--1,L2_cache_stats_breakdown[GLOBAL_ACC_R][TOTAL_ACCESS],50232.0,50232.0,\s+L2_cache_stats_breakdown\[GLOBAL_ACC_R\]\[TOTAL_ACCESS\]\s*=\s*(.*)
instance,llm_layer,layer,H100-SASS-Accelwattch_SASS_SIM,_ZN4vllm25fused_add_rms_norm_kernelIN3c108BFloat16ELi8ELb1EEENSt9enable_ifIXaagtT0_Li0Esr4vllm12_typeConvertIT_EE6existsEvE4typeEPS4_lS7_PKS4_fiil--5,L2_cache_stats_breakdown[GLOBAL_ACC_R][TOTAL_ACCESS],168.0,168.0,\s+L2_cache_stats_breakdown\[GLOBAL_ACC_R\]\[TOTAL_ACCESS\]\s*=\s*(.*)
instance,llm_layer,layer,H100-SASS-Accelwattch_SASS_SIM,nvjet_sm90_tst_128x8_64x12_4x1_v_bz_TNT--1,L2_cache_stats_breakdown[GLOBAL_ACC_R][TOTAL_ACCESS],545116.0,545116.0,\s+L2_cache_stats_breakdown\[GLOBAL_ACC_R\]\[TOTAL_ACCESS\]\s*=\s*(.*)
instance,llm_layer,layer,H100-SASS-Accelwattch_SASS_SIM,_ZN4vllm18act_and_mul_kernelIN3c108BFloat16E14__nv_bfloat162XadL_ZNS_11silu_kernelIS2_EET_RKS5_fEEXadL_ZNS_18packed_silu_kernelIS3_EES5_S7_fEELb1ELb1ELb0ELb0EEEvPS5_PS6_ifff--2,L2_cache_stats_breakdown[GLOBAL_ACC_R][TOTAL_ACCESS],608.0,608.0,\s+L2_cache_stats_breakdown\[GLOBAL_ACC_R\]\[TOTAL_ACCESS\]\s*=\s*(.*)
instance,llm_layer,layer,H100-SASS-Accelwattch_SASS_SIM,nvjet_sm90_tst_64x8_64x16_4x1_v_bz_splitK_TNT--1,L2_cache_stats_breakdown[GLOBAL_ACC_R][TOTAL_ACCESS],272876.0,272876.0,\s+L2_cache_stats_breakdown\[GLOBAL_ACC_R\]\[TOTAL_ACCESS\]\s*=\s*(.*)
instance,llm_layer,layer,H100-SASS-Accelwattch_SASS_SIM,_ZN8cublasLt19splitKreduce_kernelILi32ELi16Eif13__nv_bfloat16fS1_Lb0EfS1_S1_Lb1ELb0ELb0ELb0EEEvNS_18cublasSplitKParamsIT4_EEPKT2_PKT8_PT7_PT3_PKS3_SG_PKT9_S7_PSH_PvlPS3_PiSM_SM_SG_SG_SG_SG_SG_--2,L2_cache_stats_breakdown[GLOBAL_ACC_R][TOTAL_ACCESS],336.0,336.0,\s+L2_cache_stats_breakdown\[GLOBAL_ACC_R\]\[TOTAL_ACCESS\]\s*=\s*(.*)
instance,llm_layer,layer,H100-SASS-Accelwattch_SASS_SIM,_ZN4vllm25fused_add_rms_norm_kernelIN3c108BFloat16ELi8ELb1EEENSt9enable_ifIXaagtT0_Li0Esr4vllm12_typeConvertIT_EE6existsEvE4typeEPS4_lS7_PKS4_fiil--6,L2_cache_stats_breakdown[GLOBAL_ACC_R][TOTAL_ACCESS],168.0,168.0,\s+L2_cache_stats_breakdown\[GLOBAL_ACC_R\]\[TOTAL_ACCESS\]\s*=\s*(.*)
instance,llm_layer,layer,H100-SASS-Accelwattch_SASS_SIM,nvjet_sm90_tst_64x8_64x16_4x1_v_bz_bias_TNT--2,L2_cache_stats_breakdown[GLOBAL_ACC_R][TOTAL_ACCESS],64696.0,64696.0,\s+L2_cache_stats_breakdown\[GLOBAL_ACC_R\]\[TOTAL_ACCESS\]\s*=\s*(.*)
instance,llm_layer,layer,H100-SASS-Accelwattch_SASS_SIM,_ZN4vllm23rotary_embedding_kernelIN3c108BFloat16ES2_Lb1EEEvPKlPT_S6_PKT0_illliiilb--3,L2_cache_stats_breakdown[GLOBAL_ACC_R][TOTAL_ACCESS],69.0,69.0,\s+L2_cache_stats_breakdown\[GLOBAL_ACC_R\]\[TOTAL_ACCESS\]\s*=\s*(.*)
instance,llm_layer,layer,H100-SASS-Accelwattch_SASS_SIM,_ZN4vllm30reshape_and_cache_flash_kernelI13__nv_bfloat16S1_LNS_18Fp8KVCacheDataTypeE0EEEvPKT_S5_PT0_S7_PKlllllliiiPKfSB_i--3,L2_cache_stats_breakdown[GLOBAL_ACC_R][TOTAL_ACCESS],17.0,17.0,\s+L2_cache_stats_breakdown\[GLOBAL_ACC_R\]\[TOTAL_ACCESS\]\s*=\s*(.*)
instance,llm_layer,layer,H100-SASS-Accelwattch_SASS_SIM,_ZN7cutlass13device_kernelIN5flash20enable_sm90_or_laterINS1_16FlashAttnFwdSm90INS1_25CollectiveMainloopFwdSm90ILi2EN4cute5tupleIJNS5_1CILi1EEES8_S8_EEENS6_IJNS7_ILi64EEENS7_ILi192EEESA_EEELi64ENS_10bfloat16_tEfNS_4arch4Sm90ELb0ELb0ELb0ELb1ELb1ELb0ELb0ELb1ELb1ELb1ELb0ELb0ESD_Li1EEENS1_21CollectiveEpilogueFwdINS6_IJSA_SA_SB_EEES9_SD_SF_Li128ELb1ELb1ELb0ELb0ELi1EEENS1_36VarlenDynamicPersistentTileSchedulerILi64ELi192ELi128ELi128ELb0ELb1ELb1ELb0ELb0ELb1EEEEEEEEEvNT_6ParamsE--2,L2_cache_stats_breakdown[GLOBAL_ACC_R][TOTAL_ACCESS],937.0,937.0,\s+L2_cache_stats_breakdown\[GLOBAL_ACC_R\]\[TOTAL_ACCESS\]\s*=\s*(.*)
instance,llm_layer,layer,H100-SASS-Accelwattch_SASS_SIM,_ZN2at6native29vectorized_elementwise_kernelILi4ENS0_11FillFunctorIiEESt5arrayIPcLm1EEEEviT0_T1_--3,L2_cache_stats_breakdown[GLOBAL_ACC_R][TOTAL_ACCESS],0.0,0.0,\s+L2_cache_stats_breakdown\[GLOBAL_ACC_R\]\[TOTAL_ACCESS\]\s*=\s*(.*)
instance,llm_layer,layer,H100-SASS-Accelwattch_SASS_SIM,nvjet_sm90_tst_64x8_64x16_4x1_v_bz_TNT--2,L2_cache_stats_breakdown[GLOBAL_ACC_R][TOTAL_ACCESS],50232.0,50232.0,\s+L2_cache_stats_breakdown\[GLOBAL_ACC_R\]\[TOTAL_ACCESS\]\s*=\s*(.*)
instance,llm_layer,layer,H100-SASS-Accelwattch_SASS_SIM,_ZN4vllm25fused_add_rms_norm_kernelIN3c108BFloat16ELi8ELb1EEENSt9enable_ifIXaagtT0_Li0Esr4vllm12_typeConvertIT_EE6existsEvE4typeEPS4_lS7_PKS4_fiil--7,L2_cache_stats_breakdown[GLOBAL_ACC_R][TOTAL_ACCESS],168.0,168.0,\s+L2_cache_stats_breakdown\[GLOBAL_ACC_R\]\[TOTAL_ACCESS\]\s*=\s*(.*)
instance,llm_layer,layer,H100-SASS-Accelwattch_SASS_SIM,nvjet_sm90_tst_128x8_64x12_4x1_v_bz_TNT--2,L2_cache_stats_breakdown[GLOBAL_ACC_R][TOTAL_ACCESS],545116.0,545116.0,\s+L2_cache_stats_breakdown\[GLOBAL_ACC_R\]\[TOTAL_ACCESS\]\s*=\s*(.*)
instance,llm_layer,layer,H100-SASS-Accelwattch_SASS_SIM,_ZN4vllm18act_and_mul_kernelIN3c108BFloat16E14__nv_bfloat162XadL_ZNS_11silu_kernelIS2_EET_RKS5_fEEXadL_ZNS_18packed_silu_kernelIS3_EES5_S7_fEELb1ELb1ELb0ELb0EEEvPS5_PS6_ifff--3,L2_cache_stats_breakdown[GLOBAL_ACC_R][TOTAL_ACCESS],608.0,608.0,\s+L2_cache_stats_breakdown\[GLOBAL_ACC_R\]\[TOTAL_ACCESS\]\s*=\s*(.*)
instance,llm_layer,layer,H100-SASS-Accelwattch_SASS_SIM,nvjet_sm90_tst_64x8_64x16_4x1_v_bz_splitK_TNT--2,L2_cache_stats_breakdown[GLOBAL_ACC_R][TOTAL_ACCESS],272992.0,272992.0,\s+L2_cache_stats_breakdown\[GLOBAL_ACC_R\]\[TOTAL_ACCESS\]\s*=\s*(.*)
instance,llm_layer,layer,H100-SASS-Accelwattch_SASS_SIM,_ZN8cublasLt19splitKreduce_kernelILi32ELi16Eif13__nv_bfloat16fS1_Lb0EfS1_S1_Lb1ELb0ELb0ELb0EEEvNS_18cublasSplitKParamsIT4_EEPKT2_PKT8_PT7_PT3_PKS3_SG_PKT9_S7_PSH_PvlPS3_PiSM_SM_SG_SG_SG_SG_SG_--3,L2_cache_stats_breakdown[GLOBAL_ACC_R][TOTAL_ACCESS],336.0,336.0,\s+L2_cache_stats_breakdown\[GLOBAL_ACC_R\]\[TOTAL_ACCESS\]\s*=\s*(.*)
instance,llm_layer,layer,H100-SASS-Accelwattch_SASS_SIM,_ZN4vllm25fused_add_rms_norm_kernelIN3c108BFloat16ELi8ELb1EEENSt9enable_ifIXaagtT0_Li0Esr4vllm12_typeConvertIT_EE6existsEvE4typeEPS4_lS7_PKS4_fiil--8,L2_cache_stats_breakdown[GLOBAL_ACC_R][TOTAL_ACCESS],168.0,168.0,\s+L2_cache_stats_breakdown\[GLOBAL_ACC_R\]\[TOTAL_ACCESS\]\s*=\s*(.*)
instance,llm_layer,layer,H100-SASS-Accelwattch_SASS_SIM,nvjet_sm90_tst_64x8_64x16_4x1_v_bz_bias_TNT--3,L2_cache_stats_breakdown[GLOBAL_ACC_R][TOTAL_ACCESS],64696.0,64696.0,\s+L2_cache_stats_breakdown\[GLOBAL_ACC_R\]\[TOTAL_ACCESS\]\s*=\s*(.*)
instance,llm_layer,layer,H100-SASS-Accelwattch_SASS_SIM,_ZN4vllm23rotary_embedding_kernelIN3c108BFloat16ES2_Lb1EEEvPKlPT_S6_PKT0_illliiilb--4,L2_cache_stats_breakdown[GLOBAL_ACC_R][TOTAL_ACCESS],69.0,69.0,\s+L2_cache_stats_breakdown\[GLOBAL_ACC_R\]\[TOTAL_ACCESS\]\s*=\s*(.*)
instance,llm_layer,layer,H100-SASS-Accelwattch_SASS_SIM,_ZN4vllm30reshape_and_cache_flash_kernelI13__nv_bfloat16S1_LNS_18Fp8KVCacheDataTypeE0EEEvPKT_S5_PT0_S7_PKlllllliiiPKfSB_i--4,L2_cache_stats_breakdown[GLOBAL_ACC_R][TOTAL_ACCESS],17.0,17.0,\s+L2_cache_stats_breakdown\[GLOBAL_ACC_R\]\[TOTAL_ACCESS\]\s*=\s*(.*)
instance,llm_layer,layer,H100-SASS-Accelwattch_SASS_SIM,_ZN7cutlass13device_kernelIN5flash20enable_sm90_or_laterINS1_16FlashAttnFwdSm90INS1_25CollectiveMainloopFwdSm90ILi2EN4cute5tupleIJNS5_1CILi1EEES8_S8_EEENS6_IJNS7_ILi64EEENS7_ILi192EEESA_EEELi64ENS_10bfloat16_tEfNS_4arch4Sm90ELb0ELb0ELb0ELb1ELb1ELb0ELb0ELb1ELb1ELb1ELb0ELb0ESD_Li1EEENS1_21CollectiveEpilogueFwdINS6_IJSA_SA_SB_EEES9_SD_SF_Li128ELb1ELb1ELb0ELb0ELi1EEENS1_36VarlenDynamicPersistentTileSchedulerILi64ELi192ELi128ELi128ELb0ELb1ELb1ELb0ELb0ELb1EEEEEEEEEvNT_6ParamsE--3,L2_cache_stats_breakdown[GLOBAL_ACC_R][TOTAL_ACCESS],953.0,953.0,\s+L2_cache_stats_breakdown\[GLOBAL_ACC_R\]\[TOTAL_ACCESS\]\s*=\s*(.*)
instance,llm_layer,layer,H100-SASS-Accelwattch_SASS_SIM,_ZN2at6native29vectorized_elementwise_kernelILi4ENS0_11FillFunctorIiEESt5arrayIPcLm1EEEEviT0_T1_--4,L2_cache_stats_breakdown[GLOBAL_ACC_R][TOTAL_ACCESS],0.0,0.0,\s+L2_cache_stats_breakdown\[GLOBAL_ACC_R\]\[TOTAL_ACCESS\]\s*=\s*(.*)
instance,llm_layer,layer,H100-SASS-Accelwattch_SASS_SIM,nvjet_sm90_tst_64x8_64x16_4x1_v_bz_TNT--3,L2_cache_stats_breakdown[GLOBAL_ACC_R][TOTAL_ACCESS],50288.0,50288.0,\s+L2_cache_stats_breakdown\[GLOBAL_ACC_R\]\[TOTAL_ACCESS\]\s*=\s*(.*)
instance,llm_layer,layer,H100-SASS-Accelwattch_SASS_SIM,_ZN4vllm25fused_add_rms_norm_kernelIN3c108BFloat16ELi8ELb1EEENSt9enable_ifIXaagtT0_Li0Esr4vllm12_typeConvertIT_EE6existsEvE4typeEPS4_lS7_PKS4_fiil--9,L2_cache_stats_breakdown[GLOBAL_ACC_R][TOTAL_ACCESS],168.0,168.0,\s+L2_cache_stats_breakdown\[GLOBAL_ACC_R\]\[TOTAL_ACCESS\]\s*=\s*(.*)
instance,llm_layer,layer,H100-SASS-Accelwattch_SASS_SIM,nvjet_sm90_tst_128x8_64x12_4x1_v_bz_TNT--3,L2_cache_stats_breakdown[GLOBAL_ACC_R][TOTAL_ACCESS],545123.0,545123.0,\s+L2_cache_stats_breakdown\[GLOBAL_ACC_R\]\[TOTAL_ACCESS\]\s*=\s*(.*)
instance,llm_layer,layer,H100-SASS-Accelwattch_SASS_SIM,_ZN4vllm18act_and_mul_kernelIN3c108BFloat16E14__nv_bfloat162XadL_ZNS_11silu_kernelIS2_EET_RKS5_fEEXadL_ZNS_18packed_silu_kernelIS3_EES5_S7_fEELb1ELb1ELb0ELb0EEEvPS5_PS6_ifff--4,L2_cache_stats_breakdown[GLOBAL_ACC_R][TOTAL_ACCESS],608.0,608.0,\s+L2_cache_stats_breakdown\[GLOBAL_ACC_R\]\[TOTAL_ACCESS\]\s*=\s*(.*)
instance,llm_layer,layer,H100-SASS-Accelwattch_SASS_SIM,nvjet_sm90_tst_64x8_64x16_4x1_v_bz_splitK_TNT--3,L2_cache_stats_breakdown[GLOBAL_ACC_R][TOTAL_ACCESS],272916.0,272916.0,\s+L2_cache_stats_breakdown\[GLOBAL_ACC_R\]\[TOTAL_ACCESS\]\s*=\s*(.*)
instance,llm_layer,layer,H100-SASS-Accelwattch_SASS_SIM,_ZN8cublasLt19splitKreduce_kernelILi32ELi16Eif13__nv_bfloat16fS1_Lb0EfS1_S1_Lb1ELb0ELb0ELb0EEEvNS_18cublasSplitKParamsIT4_EEPKT2_PKT8_PT7_PT3_PKS3_SG_PKT9_S7_PSH_PvlPS3_PiSM_SM_SG_SG_SG_SG_SG_--4,L2_cache_stats_breakdown[GLOBAL_ACC_R][TOTAL_ACCESS],336.0,336.0,\s+L2_cache_stats_breakdown\[GLOBAL_ACC_R\]\[TOTAL_ACCESS\]\s*=\s*(.*)
instance,llm_layer,layer,H100-SASS-Accelwattch_SASS_SIM,_ZN4vllm25fused_add_rms_norm_kernelIN3c108BFloat16ELi8ELb1EEENSt9enable_ifIXaagtT0_Li0Esr4vllm12_typeConvertIT_EE6existsEvE4typeEPS4_lS7_PKS4_fiil--10,L2_cache_stats_breakdown[GLOBAL_ACC_R][TOTAL_ACCESS],168.0,168.0,\s+L2_cache_stats_breakdown\[GLOBAL_ACC_R\]\[TOTAL_ACCESS\]\s*=\s*(.*)
instance,llm_layer,layer,H100-SASS-Accelwattch_SASS_SIM,nvjet_sm90_tst_64x8_64x16_4x1_v_bz_bias_TNT--4,L2_cache_stats_breakdown[GLOBAL_ACC_R][TOTAL_ACCESS],64696.0,64696.0,\s+L2_cache_stats_breakdown\[GLOBAL_ACC_R\]\[TOTAL_ACCESS\]\s*=\s*(.*)
instance,llm_layer,layer,H100-SASS-Accelwattch_SASS_SIM,_ZN4vllm23rotary_embedding_kernelIN3c108BFloat16ES2_Lb1EEEvPKlPT_S6_PKT0_illliiilb--5,L2_cache_stats_breakdown[GLOBAL_ACC_R][TOTAL_ACCESS],69.0,69.0,\s+L2_cache_stats_breakdown\[GLOBAL_ACC_R\]\[TOTAL_ACCESS\]\s*=\s*(.*)
instance,llm_layer,layer,H100-SASS-Accelwattch_SASS_SIM,_ZN4vllm30reshape_and_cache_flash_kernelI13__nv_bfloat16S1_LNS_18Fp8KVCacheDataTypeE0EEEvPKT_S5_PT0_S7_PKlllllliiiPKfSB_i--5,L2_cache_stats_breakdown[GLOBAL_ACC_R][TOTAL_ACCESS],17.0,17.0,\s+L2_cache_stats_breakdown\[GLOBAL_ACC_R\]\[TOTAL_ACCESS\]\s*=\s*(.*)
instance,llm_layer,layer,H100-SASS-Accelwattch_SASS_SIM,_ZN7cutlass13device_kernelIN5flash20enable_sm90_or_laterINS1_16FlashAttnFwdSm90INS1_25CollectiveMainloopFwdSm90ILi2EN4cute5tupleIJNS5_1CILi1EEES8_S8_EEENS6_IJNS7_ILi64EEENS7_ILi192EEESA_EEELi64ENS_10bfloat16_tEfNS_4arch4Sm90ELb0ELb0ELb0ELb1ELb1ELb0ELb0ELb1ELb1ELb1ELb0ELb0ESD_Li1EEENS1_21CollectiveEpilogueFwdINS6_IJSA_SA_SB_EEES9_SD_SF_Li128ELb1ELb1ELb0ELb0ELi1EEENS1_36VarlenDynamicPersistentTileSchedulerILi64ELi192ELi128ELi128ELb0ELb1ELb1ELb0ELb0ELb1EEEEEEEEEvNT_6ParamsE--4,L2_cache_stats_breakdown[GLOBAL_ACC_R][TOTAL_ACCESS],969.0,969.0,\s+L2_cache_stats_breakdown\[GLOBAL_ACC_R\]\[TOTAL_ACCESS\]\s*=\s*(.*)
instance,llm_layer,layer,H100-SASS-Accelwattch_SASS_SIM,_ZN2at6native29vectorized_elementwise_kernelILi4ENS0_11FillFunctorIiEESt5arrayIPcLm1EEEEviT0_T1_--5,L2_cache_stats_breakdown[GLOBAL_ACC_R][TOTAL_ACCESS],0.0,0.0,\s+L2_cache_stats_breakdown\[GLOBAL_ACC_R\]\[TOTAL_ACCESS\]\s*=\s*(.*)
instance,llm_layer,layer,H100-SASS-Accelwattch_SASS_SIM,nvjet_sm90_tst_64x8_64x16_4x1_v_bz_TNT--4,L2_cache_stats_breakdown[GLOBAL_ACC_R][TOTAL_ACCESS],50232.0,50232.0,\s+L2_cache_stats_breakdown\[GLOBAL_ACC_R\]\[TOTAL_ACCESS\]\s*=\s*(.*)
instance,llm_layer,layer,H100-SASS-Accelwattch_SASS_SIM,_ZN4vllm25fused_add_rms_norm_kernelIN3c108BFloat16ELi8ELb1EEENSt9enable_ifIXaagtT0_Li0Esr4vllm12_typeConvertIT_EE6existsEvE4typeEPS4_lS7_PKS4_fiil--11,L2_cache_stats_breakdown[GLOBAL_ACC_R][TOTAL_ACCESS],168.0,168.0,\s+L2_cache_stats_breakdown\[GLOBAL_ACC_R\]\[TOTAL_ACCESS\]\s*=\s*(.*)
instance,llm_layer,layer,H100-SASS-Accelwattch_SASS_SIM,nvjet_sm90_tst_128x8_64x12_4x1_v_bz_TNT--4,L2_cache_stats_breakdown[GLOBAL_ACC_R][TOTAL_ACCESS],545092.0,545092.0,\s+L2_cache_stats_breakdown\[GLOBAL_ACC_R\]\[TOTAL_ACCESS\]\s*=\s*(.*)
instance,llm_layer,layer,H100-SASS-Accelwattch_SASS_SIM,_ZN4vllm18act_and_mul_kernelIN3c108BFloat16E14__nv_bfloat162XadL_ZNS_11silu_kernelIS2_EET_RKS5_fEEXadL_ZNS_18packed_silu_kernelIS3_EES5_S7_fEELb1ELb1ELb0ELb0EEEvPS5_PS6_ifff--5,L2_cache_stats_breakdown[GLOBAL_ACC_R][TOTAL_ACCESS],608.0,608.0,\s+L2_cache_stats_breakdown\[GLOBAL_ACC_R\]\[TOTAL_ACCESS\]\s*=\s*(.*)
instance,llm_layer,layer,H100-SASS-Accelwattch_SASS_SIM,nvjet_sm90_tst_64x8_64x16_4x1_v_bz_splitK_TNT--4,L2_cache_stats_breakdown[GLOBAL_ACC_R][TOTAL_ACCESS],272947.0,272947.0,\s+L2_cache_stats_breakdown\[GLOBAL_ACC_R\]\[TOTAL_ACCESS\]\s*=\s*(.*)
instance,llm_layer,layer,H100-SASS-Accelwattch_SASS_SIM,_ZN8cublasLt19splitKreduce_kernelILi32ELi16Eif13__nv_bfloat16fS1_Lb0EfS1_S1_Lb1ELb0ELb0ELb0EEEvNS_18cublasSplitKParamsIT4_EEPKT2_PKT8_PT7_PT3_PKS3_SG_PKT9_S7_PSH_PvlPS3_PiSM_SM_SG_SG_SG_SG_SG_--5,L2_cache_stats_breakdown[GLOBAL_ACC_R][TOTAL_ACCESS],336.0,336.0,\s+L2_cache_stats_breakdown\[GLOBAL_ACC_R\]\[TOTAL_ACCESS\]\s*=\s*(.*)
instance,llm_layer,layer,H100-SASS-Accelwattch_SASS_SIM,_ZN4vllm25fused_add_rms_norm_kernelIN3c108BFloat16ELi8ELb1EEENSt9enable_ifIXaagtT0_Li0Esr4vllm12_typeConvertIT_EE6existsEvE4typeEPS4_lS7_PKS4_fiil--12,L2_cache_stats_breakdown[GLOBAL_ACC_R][TOTAL_ACCESS],168.0,168.0,\s+L2_cache_stats_breakdown\[GLOBAL_ACC_R\]\[TOTAL_ACCESS\]\s*=\s*(.*)
instance,llm_layer,layer,H100-SASS-Accelwattch_SASS_SIM,nvjet_sm90_tst_64x8_64x16_4x1_v_bz_bias_TNT--5,L2_cache_stats_breakdown[GLOBAL_ACC_R][TOTAL_ACCESS],64696.0,64696.0,\s+L2_cache_stats_breakdown\[GLOBAL_ACC_R\]\[TOTAL_ACCESS\]\s*=\s*(.*)
instance,llm_layer,layer,H100-SASS-Accelwattch_SASS_SIM,_ZN4vllm23rotary_embedding_kernelIN3c108BFloat16ES2_Lb1EEEvPKlPT_S6_PKT0_illliiilb--6,L2_cache_stats_breakdown[GLOBAL_ACC_R][TOTAL_ACCESS],69.0,69.0,\s+L2_cache_stats_breakdown\[GLOBAL_ACC_R\]\[TOTAL_ACCESS\]\s*=\s*(.*)
instance,llm_layer,layer,H100-SASS-Accelwattch_SASS_SIM,_ZN4vllm30reshape_and_cache_flash_kernelI13__nv_bfloat16S1_LNS_18Fp8KVCacheDataTypeE0EEEvPKT_S5_PT0_S7_PKlllllliiiPKfSB_i--6,L2_cache_stats_breakdown[GLOBAL_ACC_R][TOTAL_ACCESS],17.0,17.0,\s+L2_cache_stats_breakdown\[GLOBAL_ACC_R\]\[TOTAL_ACCESS\]\s*=\s*(.*)
instance,llm_layer,layer,H100-SASS-Accelwattch_SASS_SIM,_ZN7cutlass13device_kernelIN5flash20enable_sm90_or_laterINS1_16FlashAttnFwdSm90INS1_25CollectiveMainloopFwdSm90ILi2EN4cute5tupleIJNS5_1CILi1EEES8_S8_EEENS6_IJNS7_ILi64EEENS7_ILi192EEESA_EEELi64ENS_10bfloat16_tEfNS_4arch4Sm90ELb0ELb0ELb0ELb1ELb1ELb0ELb0ELb1ELb1ELb1ELb0ELb0ESD_Li1EEENS1_21CollectiveEpilogueFwdINS6_IJSA_SA_SB_EEES9_SD_SF_Li128ELb1ELb1ELb0ELb0ELi1EEENS1_36VarlenDynamicPersistentTileSchedulerILi64ELi192ELi128ELi128ELb0ELb1ELb1ELb0ELb0ELb1EEEEEEEEEvNT_6ParamsE--5,L2_cache_stats_breakdown[GLOBAL_ACC_R][TOTAL_ACCESS],985.0,985.0,\s+L2_cache_stats_breakdown\[GLOBAL_ACC_R\]\[TOTAL_ACCESS\]\s*=\s*(.*)
instance,llm_layer,layer,H100-SASS-Accelwattch_SASS_SIM,_ZN2at6native29vectorized_elementwise_kernelILi4ENS0_11FillFunctorIiEESt5arrayIPcLm1EEEEviT0_T1_--6,L2_cache_stats_breakdown[GLOBAL_ACC_R][TOTAL_ACCESS],0.0,0.0,\s+L2_cache_stats_breakdown\[GLOBAL_ACC_R\]\[TOTAL_ACCESS\]\s*=\s*(.*)
instance,llm_layer,layer,H100-SASS-Accelwattch_SASS_SIM,nvjet_sm90_tst_64x8_64x16_4x1_v_bz_TNT--5,L2_cache_stats_breakdown[GLOBAL_ACC_R][TOTAL_ACCESS],50232.0,50232.0,\s+L2_cache_stats_breakdown\[GLOBAL_ACC_R\]\[TOTAL_ACCESS\]\s*=\s*(.*)
instance,llm_layer,layer,H100-SASS-Accelwattch_SASS_SIM,_ZN4vllm25fused_add_rms_norm_kernelIN3c108BFloat16ELi8ELb1EEENSt9enable_ifIXaagtT0_Li0Esr4vllm12_typeConvertIT_EE6existsEvE4typeEPS4_lS7_PKS4_fiil--13,L2_cache_stats_breakdown[GLOBAL_ACC_R][TOTAL_ACCESS],168.0,168.0,\s+L2_cache_stats_breakdown\[GLOBAL_ACC_R\]\[TOTAL_ACCESS\]\s*=\s*(.*)
instance,llm_layer,layer,H100-SASS-Accelwattch_SASS_SIM,nvjet_sm90_tst_128x8_64x12_4x1_v_bz_TNT--5,L2_cache_stats_breakdown[GLOBAL_ACC_R][TOTAL_ACCESS],545144.0,545144.0,\s+L2_cache_stats_breakdown\[GLOBAL_ACC_R\]\[TOTAL_ACCESS\]\s*=\s*(.*)
instance,llm_layer,layer,H100-SASS-Accelwattch_SASS_SIM,_ZN4vllm18act_and_mul_kernelIN3c108BFloat16E14__nv_bfloat162XadL_ZNS_11silu_kernelIS2_EET_RKS5_fEEXadL_ZNS_18packed_silu_kernelIS3_EES5_S7_fEELb1ELb1ELb0ELb0EEEvPS5_PS6_ifff--6,L2_cache_stats_breakdown[GLOBAL_ACC_R][TOTAL_ACCESS],608.0,608.0,\s+L2_cache_stats_breakdown\[GLOBAL_ACC_R\]\[TOTAL_ACCESS\]\s*=\s*(.*)
instance,llm_layer,layer,H100-SASS-Accelwattch_SASS_SIM,nvjet_sm90_tst_64x8_64x16_4x1_v_bz_splitK_TNT--5,L2_cache_stats_breakdown[GLOBAL_ACC_R][TOTAL_ACCESS],272992.0,272992.0,\s+L2_cache_stats_breakdown\[GLOBAL_ACC_R\]\[TOTAL_ACCESS\]\s*=\s*(.*)
instance,llm_layer,layer,H100-SASS-Accelwattch_SASS_SIM,_ZN8cublasLt19splitKreduce_kernelILi32ELi16Eif13__nv_bfloat16fS1_Lb0EfS1_S1_Lb1ELb0ELb0ELb0EEEvNS_18cublasSplitKParamsIT4_EEPKT2_PKT8_PT7_PT3_PKS3_SG_PKT9_S7_PSH_PvlPS3_PiSM_SM_SG_SG_SG_SG_SG_--6,L2_cache_stats_breakdown[GLOBAL_ACC_R][TOTAL_ACCESS],336.0,336.0,\s+L2_cache_stats_breakdown\[GLOBAL_ACC_R\]\[TOTAL_ACCESS\]\s*=\s*(.*)
instance,llm_layer,layer,H100-SASS-Accelwattch_SASS_SIM,_ZN4vllm25fused_add_rms_norm_kernelIN3c108BFloat16ELi8ELb1EEENSt9enable_ifIXaagtT0_Li0Esr4vllm12_typeConvertIT_EE6existsEvE4typeEPS4_lS7_PKS4_fiil--14,L2_cache_stats_breakdown[GLOBAL_ACC_R][TOTAL_ACCESS],168.0,168.0,\s+L2_cache_stats_breakdown\[GLOBAL_ACC_R\]\[TOTAL_ACCESS\]\s*=\s*(.*)
instance,llm_layer,layer,H100-SASS-Accelwattch_SASS_SIM,nvjet_sm90_tst_64x8_64x16_4x1_v_bz_bias_TNT--6,L2_cache_stats_breakdown[GLOBAL_ACC_R][TOTAL_ACCESS],64696.0,64696.0,\s+L2_cache_stats_breakdown\[GLOBAL_ACC_R\]\[TOTAL_ACCESS\]\s*=\s*(.*)
instance,llm_layer,layer,H100-SASS-Accelwattch_SASS_SIM,_ZN4vllm23rotary_embedding_kernelIN3c108BFloat16ES2_Lb1EEEvPKlPT_S6_PKT0_illliiilb--7,L2_cache_stats_breakdown[GLOBAL_ACC_R][TOTAL_ACCESS],69.0,69.0,\s+L2_cache_stats_breakdown\[GLOBAL_ACC_R\]\[TOTAL_ACCESS\]\s*=\s*(.*)
instance,llm_layer,layer,H100-SASS-Accelwattch_SASS_SIM,_ZN4vllm30reshape_and_cache_flash_kernelI13__nv_bfloat16S1_LNS_18Fp8KVCacheDataTypeE0EEEvPKT_S5_PT0_S7_PKlllllliiiPKfSB_i--7,L2_cache_stats_breakdown[GLOBAL_ACC_R][TOTAL_ACCESS],17.0,17.0,\s+L2_cache_stats_breakdown\[GLOBAL_ACC_R\]\[TOTAL_ACCESS\]\s*=\s*(.*)
instance,llm_layer,layer,H100-SASS-Accelwattch_SASS_SIM,_ZN7cutlass13device_kernelIN5flash20enable_sm90_or_laterINS1_16FlashAttnFwdSm90INS1_25CollectiveMainloopFwdSm90ILi2EN4cute5tupleIJNS5_1CILi1EEES8_S8_EEENS6_IJNS7_ILi64EEENS7_ILi192EEESA_EEELi64ENS_10bfloat16_tEfNS_4arch4Sm90ELb0ELb0ELb0ELb1ELb1ELb0ELb0ELb1ELb1ELb1ELb0ELb0ESD_Li1EEENS1_21CollectiveEpilogueFwdINS6_IJSA_SA_SB_EEES9_SD_SF_Li128ELb1ELb1ELb0ELb0ELi1EEENS1_36VarlenDynamicPersistentTileSchedulerILi64ELi192ELi128ELi128ELb0ELb1ELb1ELb0ELb0ELb1EEEEEEEEEvNT_6ParamsE--6,L2_cache_stats_breakdown[GLOBAL_ACC_R][TOTAL_ACCESS],1001.0,1001.0,\s+L2_cache_stats_breakdown\[GLOBAL_ACC_R\]\[TOTAL_ACCESS\]\s*=\s*(.*)
instance,llm_layer,layer,H100-SASS-Accelwattch_SASS_SIM,_ZN2at6native29vectorized_elementwise_kernelILi4ENS0_11FillFunctorIiEESt5arrayIPcLm1EEEEviT0_T1_--7,L2_cache_stats_breakdown[GLOBAL_ACC_R][TOTAL_ACCESS],0.0,0.0,\s+L2_cache_stats_breakdown\[GLOBAL_ACC_R\]\[TOTAL_ACCESS\]\s*=\s*(.*)
instance,llm_layer,layer,H100-SASS-Accelwattch_SASS_SIM,nvjet_sm90_tst_64x8_64x16_4x1_v_bz_TNT--6,L2_cache_stats_breakdown[GLOBAL_ACC_R][TOTAL_ACCESS],50288.0,50288.0,\s+L2_cache_stats_breakdown\[GLOBAL_ACC_R\]\[TOTAL_ACCESS\]\s*=\s*(.*)
instance,llm_layer,layer,H100-SASS-Accelwattch_SASS_SIM,_ZN4vllm25fused_add_rms_norm_kernelIN3c108BFloat16ELi8ELb1EEENSt9enable_ifIXaagtT0_Li0Esr4vllm12_typeConvertIT_EE6existsEvE4typeEPS4_lS7_PKS4_fiil--15,L2_cache_stats_breakdown[GLOBAL_ACC_R][TOTAL_ACCESS],168.0,168.0,\s+L2_cache_stats_breakdown\[GLOBAL_ACC_R\]\[TOTAL_ACCESS\]\s*=\s*(.*)
instance,llm_layer,layer,H100-SASS-Accelwattch_SASS_SIM,nvjet_sm90_tst_128x8_64x12_4x1_v_bz_TNT--6,L2_cache_stats_breakdown[GLOBAL_ACC_R][TOTAL_ACCESS],545124.0,545124.0,\s+L2_cache_stats_breakdown\[GLOBAL_ACC_R\]\[TOTAL_ACCESS\]\s*=\s*(.*)
instance,llm_layer,layer,H100-SASS-Accelwattch_SASS_SIM,_ZN4vllm18act_and_mul_kernelIN3c108BFloat16E14__nv_bfloat162XadL_ZNS_11silu_kernelIS2_EET_RKS5_fEEXadL_ZNS_18packed_silu_kernelIS3_EES5_S7_fEELb1ELb1ELb0ELb0EEEvPS5_PS6_ifff--7,L2_cache_stats_breakdown[GLOBAL_ACC_R][TOTAL_ACCESS],608.0,608.0,\s+L2_cache_stats_breakdown\[GLOBAL_ACC_R\]\[TOTAL_ACCESS\]\s*=\s*(.*)
instance,llm_layer,layer,H100-SASS-Accelwattch_SASS_SIM,nvjet_sm90_tst_64x8_64x16_4x1_v_bz_splitK_TNT--6,L2_cache_stats_breakdown[GLOBAL_ACC_R][TOTAL_ACCESS],272920.0,272920.0,\s+L2_cache_stats_breakdown\[GLOBAL_ACC_R\]\[TOTAL_ACCESS\]\s*=\s*(.*)
instance,llm_layer,layer,H100-SASS-Accelwattch_SASS_SIM,_ZN8cublasLt19splitKreduce_kernelILi32ELi16Eif13__nv_bfloat16fS1_Lb0EfS1_S1_Lb1ELb0ELb0ELb0EEEvNS_18cublasSplitKParamsIT4_EEPKT2_PKT8_PT7_PT3_PKS3_SG_PKT9_S7_PSH_PvlPS3_PiSM_SM_SG_SG_SG_SG_SG_--7,L2_cache_stats_breakdown[GLOBAL_ACC_R][TOTAL_ACCESS],336.0,336.0,\s+L2_cache_stats_breakdown\[GLOBAL_ACC_R\]\[TOTAL_ACCESS\]\s*=\s*(.*)
instance,llm_layer,layer,H100-SASS-Accelwattch_SASS_SIM,_ZN4vllm25fused_add_rms_norm_kernelIN3c108BFloat16ELi8ELb1EEENSt9enable_ifIXaagtT0_Li0Esr4vllm12_typeConvertIT_EE6existsEvE4typeEPS4_lS7_PKS4_fiil--0,L2_cache_stats_breakdown[GLOBAL_ACC_W][HIT],1120.0,1120.0,\s+L2_cache_stats_breakdown\[GLOBAL_ACC_W\]\[HIT\]\s*=\s*(.*)
instance,llm_layer,layer,H100-SASS-Accelwattch_SASS_SIM,nvjet_sm90_tst_64x8_64x16_4x2_h_bz_bias_TNT--0,L2_cache_stats_breakdown[GLOBAL_ACC_W][HIT],0.0,0.0,\s+L2_cache_stats_breakdown\[GLOBAL_ACC_W\]\[HIT\]\s*=\s*(.*)
instance,llm_layer,layer,H100-SASS-Accelwattch_SASS_SIM,_ZN4vllm23rotary_embedding_kernelIN3c108BFloat16ES2_Lb1EEEvPKlPT_S6_PKT0_illliiilb--0,L2_cache_stats_breakdown[GLOBAL_ACC_W][HIT],640.0,640.0,\s+L2_cache_stats_breakdown\[GLOBAL_ACC_W\]\[HIT\]\s*=\s*(.*)
instance,llm_layer,layer,H100-SASS-Accelwattch_SASS_SIM,_ZN4vllm30reshape_and_cache_flash_kernelI13__nv_bfloat16S1_LNS_18Fp8KVCacheDataTypeE0EEEvPKT_S5_PT0_S7_PKlllllliiiPKfSB_i--0,L2_cache_stats_breakdown[GLOBAL_ACC_W][HIT],0.0,0.0,\s+L2_cache_stats_breakdown\[GLOBAL_ACC_W\]\[HIT\]\s*=\s*(.*)
instance,llm_layer,layer,H100-SASS-Accelwattch_SASS_SIM,_ZN7cutlass13device_kernelIN5flash20enable_sm90_or_laterINS1_16FlashAttnFwdSm90INS1_25CollectiveMainloopFwdSm90ILi2EN4cute5tupleIJNS5_1CILi1EEES8_S8_EEENS6_IJNS7_ILi192EEENS7_ILi128EEENS7_ILi64EEEEEELi64ENS_10bfloat16_tEfNS_4arch4Sm90ELb1ELb0ELb0ELb1ELb1ELb0ELb0ELb1ELb1ELb1ELb0ELb0ESE_Li1EEENS1_21CollectiveEpilogueFwdINS6_IJSA_SC_SB_EEES9_SE_SG_Li384ELb1ELb1ELb0ELb0ELi1EEENS1_36VarlenDynamicPersistentTileSchedulerILi192ELi128ELi384ELi128ELb0ELb1ELb1ELb1ELb0ELb1EEEEEEEEEvNT_6ParamsE--0,L2_cache_stats_breakdown[GLOBAL_ACC_W][HIT],108.0,108.0,\s+L2_cache_stats_breakdown\[GLOBAL_ACC_W\]\[HIT\]\s*=\s*(.*)
instance,llm_layer,layer,H100-SASS-Accelwattch_SASS_SIM,_ZN2at6native29vectorized_elementwise_kernelILi4ENS0_11FillFunctorIiEESt5arrayIPcLm1EEEEviT0_T1_--0,L2_cache_stats_breakdown[GLOBAL_ACC_W][HIT],0.0,0.0,\s+L2_cache_stats_breakdown\[GLOBAL_ACC_W\]\[HIT\]\s*=\s*(.*)
instance,llm_layer,layer,H100-SASS-Accelwattch_SASS_SIM,nvjet_sm90_tst_64x8_64x16_4x2_h_bz_TNT--0,L2_cache_stats_breakdown[GLOBAL_ACC_W][HIT],0.0,0.0,\s+L2_cache_stats_breakdown\[GLOBAL_ACC_W\]\[HIT\]\s*=\s*(.*)
instance,llm_layer,layer,H100-SASS-Accelwattch_SASS_SIM,_ZN4vllm25fused_add_rms_norm_kernelIN3c108BFloat16ELi8ELb1EEENSt9enable_ifIXaagtT0_Li0Esr4vllm12_typeConvertIT_EE6existsEvE4typeEPS4_lS7_PKS4_fiil--1,L2_cache_stats_breakdown[GLOBAL_ACC_W][HIT],1120.0,1120.0,\s+L2_cache_stats_breakdown\[GLOBAL_ACC_W\]\[HIT\]\s*=\s*(.*)
instance,llm_layer,layer,H100-SASS-Accelwattch_SASS_SIM,nvjet_sm90_tst_128x16_64x11_4x1_v_bz_TNT--0,L2_cache_stats_breakdown[GLOBAL_ACC_W][HIT],0.0,0.0,\s+L2_cache_stats_breakdown\[GLOBAL_ACC_W\]\[HIT\]\s*=\s*(.*)
instance,llm_layer,layer,H100-SASS-Accelwattch_SASS_SIM,_ZN4vllm18act_and_mul_kernelIN3c108BFloat16E14__nv_bfloat162XadL_ZNS_11silu_kernelIS2_EET_RKS5_fEEXadL_ZNS_18packed_silu_kernelIS3_EES5_S7_fEELb1ELb1ELb0ELb0EEEvPS5_PS6_ifff--0,L2_cache_stats_breakdown[GLOBAL_ACC_W][HIT],0.0,0.0,\s+L2_cache_stats_breakdown\[GLOBAL_ACC_W\]\[HIT\]\s*=\s*(.*)
instance,llm_layer,layer,H100-SASS-Accelwattch_SASS_SIM,nvjet_sm90_tst_64x16_64x16_4x1_v_bz_splitK_TNT--0,L2_cache_stats_breakdown[GLOBAL_ACC_W][HIT],0.0,0.0,\s+L2_cache_stats_breakdown\[GLOBAL_ACC_W\]\[HIT\]\s*=\s*(.*)
instance,llm_layer,layer,H100-SASS-Accelwattch_SASS_SIM,_ZN8cublasLt19splitKreduce_kernelILi32ELi16Eif13__nv_bfloat16fS1_Lb0EfS1_S1_Lb1ELb0ELb0ELb0EEEvNS_18cublasSplitKParamsIT4_EEPKT2_PKT8_PT7_PT3_PKS3_SG_PKT9_S7_PSH_PvlPS3_PiSM_SM_SG_SG_SG_SG_SG_--0,L2_cache_stats_breakdown[GLOBAL_ACC_W][HIT],560.0,560.0,\s+L2_cache_stats_breakdown\[GLOBAL_ACC_W\]\[HIT\]\s*=\s*(.*)
instance,llm_layer,layer,H100-SASS-Accelwattch_SASS_SIM,_ZN4vllm25fused_add_rms_norm_kernelIN3c108BFloat16ELi8ELb1EEENSt9enable_ifIXaagtT0_Li0Esr4vllm12_typeConvertIT_EE6existsEvE4typeEPS4_lS7_PKS4_fiil--2,L2_cache_stats_breakdown[GLOBAL_ACC_W][HIT],112.0,112.0,\s+L2_cache_stats_breakdown\[GLOBAL_ACC_W\]\[HIT\]\s*=\s*(.*)
instance,llm_layer,layer,H100-SASS-Accelwattch_SASS_SIM,nvjet_sm90_tst_64x8_64x16_4x1_v_bz_bias_TNT--0,L2_cache_stats_breakdown[GLOBAL_ACC_W][HIT],0.0,0.0,\s+L2_cache_stats_breakdown\[GLOBAL_ACC_W\]\[HIT\]\s*=\s*(.*)
instance,llm_layer,layer,H100-SASS-Accelwattch_SASS_SIM,_ZN4vllm23rotary_embedding_kernelIN3c108BFloat16ES2_Lb1EEEvPKlPT_S6_PKT0_illliiilb--1,L2_cache_stats_breakdown[GLOBAL_ACC_W][HIT],64.0,64.0,\s+L2_cache_stats_breakdown\[GLOBAL_ACC_W\]\[HIT\]\s*=\s*(.*)
instance,llm_layer,layer,H100-SASS-Accelwattch_SASS_SIM,_ZN4vllm30reshape_and_cache_flash_kernelI13__nv_bfloat16S1_LNS_18Fp8KVCacheDataTypeE0EEEvPKT_S5_PT0_S7_PKlllllliiiPKfSB_i--1,L2_cache_stats_breakdown[GLOBAL_ACC_W][HIT],0.0,0.0,\s+L2_cache_stats_breakdown\[GLOBAL_ACC_W\]\[HIT\]\s*=\s*(.*)
instance,llm_layer,layer,H100-SASS-Accelwattch_SASS_SIM,_ZN7cutlass13device_kernelIN5flash20enable_sm90_or_laterINS1_16FlashAttnFwdSm90INS1_25CollectiveMainloopFwdSm90ILi2EN4cute5tupleIJNS5_1CILi1EEES8_S8_EEENS6_IJNS7_ILi64EEENS7_ILi192EEESA_EEELi64ENS_10bfloat16_tEfNS_4arch4Sm90ELb0ELb0ELb0ELb1ELb1ELb0ELb0ELb1ELb1ELb1ELb0ELb0ESD_Li1EEENS1_21CollectiveEpilogueFwdINS6_IJSA_SA_SB_EEES9_SD_SF_Li128ELb1ELb1ELb0ELb0ELi1EEENS1_36VarlenDynamicPersistentTileSchedulerILi64ELi192ELi128ELi128ELb0ELb1ELb1ELb0ELb0ELb1EEEEEEEEEvNT_6ParamsE--0,L2_cache_stats_breakdown[GLOBAL_ACC_W][HIT],1.0,1.0,\s+L2_cache_stats_breakdown\[GLOBAL_ACC_W\]\[HIT\]\s*=\s*(.*)
instance,llm_layer,layer,H100-SASS-Accelwattch_SASS_SIM,_ZN2at6native29vectorized_elementwise_kernelILi4ENS0_11FillFunctorIiEESt5arrayIPcLm1EEEEviT0_T1_--1,L2_cache_stats_breakdown[GLOBAL_ACC_W][HIT],1.0,1.0,\s+L2_cache_stats_breakdown\[GLOBAL_ACC_W\]\[HIT\]\s*=\s*(.*)
instance,llm_layer,layer,H100-SASS-Accelwattch_SASS_SIM,nvjet_sm90_tst_64x8_64x16_4x1_v_bz_TNT--0,L2_cache_stats_breakdown[GLOBAL_ACC_W][HIT],0.0,0.0,\s+L2_cache_stats_breakdown\[GLOBAL_ACC_W\]\[HIT\]\s*=\s*(.*)
instance,llm_layer,layer,H100-SASS-Accelwattch_SASS_SIM,_ZN4vllm25fused_add_rms_norm_kernelIN3c108BFloat16ELi8ELb1EEENSt9enable_ifIXaagtT0_Li0Esr4vllm12_typeConvertIT_EE6existsEvE4typeEPS4_lS7_PKS4_fiil--3,L2_cache_stats_breakdown[GLOBAL_ACC_W][HIT],112.0,112.0,\s+L2_cache_stats_breakdown\[GLOBAL_ACC_W\]\[HIT\]\s*=\s*(.*)
instance,llm_layer,layer,H100-SASS-Accelwattch_SASS_SIM,nvjet_sm90_tst_128x8_64x12_4x1_v_bz_TNT--0,L2_cache_stats_breakdown[GLOBAL_ACC_W][HIT],208.0,208.0,\s+L2_cache_stats_breakdown\[GLOBAL_ACC_W\]\[HIT\]\s*=\s*(.*)
instance,llm_layer,layer,H100-SASS-Accelwattch_SASS_SIM,_ZN4vllm18act_and_mul_kernelIN3c108BFloat16E14__nv_bfloat162XadL_ZNS_11silu_kernelIS2_EET_RKS5_fEEXadL_ZNS_18packed_silu_kernelIS3_EES5_S7_fEELb1ELb1ELb0ELb0EEEvPS5_PS6_ifff--1,L2_cache_stats_breakdown[GLOBAL_ACC_W][HIT],304.0,304.0,\s+L2_cache_stats_breakdown\[GLOBAL_ACC_W\]\[HIT\]\s*=\s*(.*)
instance,llm_layer,layer,H100-SASS-Accelwattch_SASS_SIM,nvjet_sm90_tst_64x8_64x16_4x1_v_bz_splitK_TNT--0,L2_cache_stats_breakdown[GLOBAL_ACC_W][HIT],336.0,336.0,\s+L2_cache_stats_breakdown\[GLOBAL_ACC_W\]\[HIT\]\s*=\s*(.*)
instance,llm_layer,layer,H100-SASS-Accelwattch_SASS_SIM,_ZN8cublasLt19splitKreduce_kernelILi32ELi16Eif13__nv_bfloat16fS1_Lb0EfS1_S1_Lb1ELb0ELb0ELb0EEEvNS_18cublasSplitKParamsIT4_EEPKT2_PKT8_PT7_PT3_PKS3_SG_PKT9_S7_PSH_PvlPS3_PiSM_SM_SG_SG_SG_SG_SG_--1,L2_cache_stats_breakdown[GLOBAL_ACC_W][HIT],56.0,56.0,\s+L2_cache_stats_breakdown\[GLOBAL_ACC_W\]\[HIT\]\s*=\s*(.*)
instance,llm_layer,layer,H100-SASS-Accelwattch_SASS_SIM,_ZN4vllm25fused_add_rms_norm_kernelIN3c108BFloat16ELi8ELb1EEENSt9enable_ifIXaagtT0_Li0Esr4vllm12_typeConvertIT_EE6existsEvE4typeEPS4_lS7_PKS4_fiil--4,L2_cache_stats_breakdown[GLOBAL_ACC_W][HIT],112.0,112.0,\s+L2_cache_stats_breakdown\[GLOBAL_ACC_W\]\[HIT\]\s*=\s*(.*)
instance,llm_layer,layer,H100-SASS-Accelwattch_SASS_SIM,nvjet_sm90_tst_64x8_64x16_4x1_v_bz_bias_TNT--1,L2_cache_stats_breakdown[GLOBAL_ACC_W][HIT],72.0,72.0,\s+L2_cache_stats_breakdown\[GLOBAL_ACC_W\]\[HIT\]\s*=\s*(.*)
instance,llm_layer,layer,H100-SASS-Accelwattch_SASS_SIM,_ZN4vllm23rotary_embedding_kernelIN3c108BFloat16ES2_Lb1EEEvPKlPT_S6_PKT0_illliiilb--2,L2_cache_stats_breakdown[GLOBAL_ACC_W][HIT],64.0,64.0,\s+L2_cache_stats_breakdown\[GLOBAL_ACC_W\]\[HIT\]\s*=\s*(.*)
instance,llm_layer,layer,H100-SASS-Accelwattch_SASS_SIM,_ZN4vllm30reshape_and_cache_flash_kernelI13__nv_bfloat16S1_LNS_18Fp8KVCacheDataTypeE0EEEvPKT_S5_PT0_S7_PKlllllliiiPKfSB_i--2,L2_cache_stats_breakdown[GLOBAL_ACC_W][HIT],0.0,0.0,\s+L2_cache_stats_breakdown\[GLOBAL_ACC_W\]\[HIT\]\s*=\s*(.*)
instance,llm_layer,layer,H100-SASS-Accelwattch_SASS_SIM,_ZN7cutlass13device_kernelIN5flash20enable_sm90_or_laterINS1_16FlashAttnFwdSm90INS1_25CollectiveMainloopFwdSm90ILi2EN4cute5tupleIJNS5_1CILi1EEES8_S8_EEENS6_IJNS7_ILi64EEENS7_ILi192EEESA_EEELi64ENS_10bfloat16_tEfNS_4arch4Sm90ELb0ELb0ELb0ELb1ELb1ELb0ELb0ELb1ELb1ELb1ELb0ELb0ESD_Li1EEENS1_21CollectiveEpilogueFwdINS6_IJSA_SA_SB_EEES9_SD_SF_Li128ELb1ELb1ELb0ELb0ELi1EEENS1_36VarlenDynamicPersistentTileSchedulerILi64ELi192ELi128ELi128ELb0ELb1ELb1ELb0ELb0ELb1EEEEEEEEEvNT_6ParamsE--1,L2_cache_stats_breakdown[GLOBAL_ACC_W][HIT],57.0,57.0,\s+L2_cache_stats_breakdown\[GLOBAL_ACC_W\]\[HIT\]\s*=\s*(.*)
instance,llm_layer,layer,H100-SASS-Accelwattch_SASS_SIM,_ZN2at6native29vectorized_elementwise_kernelILi4ENS0_11FillFunctorIiEESt5arrayIPcLm1EEEEviT0_T1_--2,L2_cache_stats_breakdown[GLOBAL_ACC_W][HIT],1.0,1.0,\s+L2_cache_stats_breakdown\[GLOBAL_ACC_W\]\[HIT\]\s*=\s*(.*)
instance,llm_layer,layer,H100-SASS-Accelwattch_SASS_SIM,nvjet_sm90_tst_64x8_64x16_4x1_v_bz_TNT--1,L2_cache_stats_breakdown[GLOBAL_ACC_W][HIT],56.0,56.0,\s+L2_cache_stats_breakdown\[GLOBAL_ACC_W\]\[HIT\]\s*=\s*(.*)
instance,llm_layer,layer,H100-SASS-Accelwattch_SASS_SIM,_ZN4vllm25fused_add_rms_norm_kernelIN3c108BFloat16ELi8ELb1EEENSt9enable_ifIXaagtT0_Li0Esr4vllm12_typeConvertIT_EE6existsEvE4typeEPS4_lS7_PKS4_fiil--5,L2_cache_stats_breakdown[GLOBAL_ACC_W][HIT],112.0,112.0,\s+L2_cache_stats_breakdown\[GLOBAL_ACC_W\]\[HIT\]\s*=\s*(.*)
instance,llm_layer,layer,H100-SASS-Accelwattch_SASS_SIM,nvjet_sm90_tst_128x8_64x12_4x1_v_bz_TNT--1,L2_cache_stats_breakdown[GLOBAL_ACC_W][HIT],64.0,64.0,\s+L2_cache_stats_breakdown\[GLOBAL_ACC_W\]\[HIT\]\s*=\s*(.*)
instance,llm_layer,layer,H100-SASS-Accelwattch_SASS_SIM,_ZN4vllm18act_and_mul_kernelIN3c108BFloat16E14__nv_bfloat162XadL_ZNS_11silu_kernelIS2_EET_RKS5_fEEXadL_ZNS_18packed_silu_kernelIS3_EES5_S7_fEELb1ELb1ELb0ELb0EEEvPS5_PS6_ifff--2,L2_cache_stats_breakdown[GLOBAL_ACC_W][HIT],200.0,200.0,\s+L2_cache_stats_breakdown\[GLOBAL_ACC_W\]\[HIT\]\s*=\s*(.*)
instance,llm_layer,layer,H100-SASS-Accelwattch_SASS_SIM,nvjet_sm90_tst_64x8_64x16_4x1_v_bz_splitK_TNT--1,L2_cache_stats_breakdown[GLOBAL_ACC_W][HIT],336.0,336.0,\s+L2_cache_stats_breakdown\[GLOBAL_ACC_W\]\[HIT\]\s*=\s*(.*)
instance,llm_layer,layer,H100-SASS-Accelwattch_SASS_SIM,_ZN8cublasLt19splitKreduce_kernelILi32ELi16Eif13__nv_bfloat16fS1_Lb0EfS1_S1_Lb1ELb0ELb0ELb0EEEvNS_18cublasSplitKParamsIT4_EEPKT2_PKT8_PT7_PT3_PKS3_SG_PKT9_S7_PSH_PvlPS3_PiSM_SM_SG_SG_SG_SG_SG_--2,L2_cache_stats_breakdown[GLOBAL_ACC_W][HIT],56.0,56.0,\s+L2_cache_stats_breakdown\[GLOBAL_ACC_W\]\[HIT\]\s*=\s*(.*)
instance,llm_layer,layer,H100-SASS-Accelwattch_SASS_SIM,_ZN4vllm25fused_add_rms_norm_kernelIN3c108BFloat16ELi8ELb1EEENSt9enable_ifIXaagtT0_Li0Esr4vllm12_typeConvertIT_EE6existsEvE4typeEPS4_lS7_PKS4_fiil--6,L2_cache_stats_breakdown[GLOBAL_ACC_W][HIT],112.0,112.0,\s+L2_cache_stats_breakdown\[GLOBAL_ACC_W\]\[HIT\]\s*=\s*(.*)
instance,llm_layer,layer,H100-SASS-Accelwattch_SASS_SIM,nvjet_sm90_tst_64x8_64x16_4x1_v_bz_bias_TNT--2,L2_cache_stats_breakdown[GLOBAL_ACC_W][HIT],48.0,48.0,\s+L2_cache_stats_breakdown\[GLOBAL_ACC_W\]\[HIT\]\s*=\s*(.*)
instance,llm_layer,layer,H100-SASS-Accelwattch_SASS_SIM,_ZN4vllm23rotary_embedding_kernelIN3c108BFloat16ES2_Lb1EEEvPKlPT_S6_PKT0_illliiilb--3,L2_cache_stats_breakdown[GLOBAL_ACC_W][HIT],64.0,64.0,\s+L2_cache_stats_breakdown\[GLOBAL_ACC_W\]\[HIT\]\s*=\s*(.*)
instance,llm_layer,layer,H100-SASS-Accelwattch_SASS_SIM,_ZN4vllm30reshape_and_cache_flash_kernelI13__nv_bfloat16S1_LNS_18Fp8KVCacheDataTypeE0EEEvPKT_S5_PT0_S7_PKlllllliiiPKfSB_i--3,L2_cache_stats_breakdown[GLOBAL_ACC_W][HIT],0.0,0.0,\s+L2_cache_stats_breakdown\[GLOBAL_ACC_W\]\[HIT\]\s*=\s*(.*)
instance,llm_layer,layer,H100-SASS-Accelwattch_SASS_SIM,_ZN7cutlass13device_kernelIN5flash20enable_sm90_or_laterINS1_16FlashAttnFwdSm90INS1_25CollectiveMainloopFwdSm90ILi2EN4cute5tupleIJNS5_1CILi1EEES8_S8_EEENS6_IJNS7_ILi64EEENS7_ILi192EEESA_EEELi64ENS_10bfloat16_tEfNS_4arch4Sm90ELb0ELb0ELb0ELb1ELb1ELb0ELb0ELb1ELb1ELb1ELb0ELb0ESD_Li1EEENS1_21CollectiveEpilogueFwdINS6_IJSA_SA_SB_EEES9_SD_SF_Li128ELb1ELb1ELb0ELb0ELi1EEENS1_36VarlenDynamicPersistentTileSchedulerILi64ELi192ELi128ELi128ELb0ELb1ELb1ELb0ELb0ELb1EEEEEEEEEvNT_6ParamsE--2,L2_cache_stats_breakdown[GLOBAL_ACC_W][HIT],11.0,11.0,\s+L2_cache_stats_breakdown\[GLOBAL_ACC_W\]\[HIT\]\s*=\s*(.*)
instance,llm_layer,layer,H100-SASS-Accelwattch_SASS_SIM,_ZN2at6native29vectorized_elementwise_kernelILi4ENS0_11FillFunctorIiEESt5arrayIPcLm1EEEEviT0_T1_--3,L2_cache_stats_breakdown[GLOBAL_ACC_W][HIT],1.0,1.0,\s+L2_cache_stats_breakdown\[GLOBAL_ACC_W\]\[HIT\]\s*=\s*(.*)
instance,llm_layer,layer,H100-SASS-Accelwattch_SASS_SIM,nvjet_sm90_tst_64x8_64x16_4x1_v_bz_TNT--2,L2_cache_stats_breakdown[GLOBAL_ACC_W][HIT],56.0,56.0,\s+L2_cache_stats_breakdown\[GLOBAL_ACC_W\]\[HIT\]\s*=\s*(.*)
instance,llm_layer,layer,H100-SASS-Accelwattch_SASS_SIM,_ZN4vllm25fused_add_rms_norm_kernelIN3c108BFloat16ELi8ELb1EEENSt9enable_ifIXaagtT0_Li0Esr4vllm12_typeConvertIT_EE6existsEvE4typeEPS4_lS7_PKS4_fiil--7,L2_cache_stats_breakdown[GLOBAL_ACC_W][HIT],112.0,112.0,\s+L2_cache_stats_breakdown\[GLOBAL_ACC_W\]\[HIT\]\s*=\s*(.*)
instance,llm_layer,layer,H100-SASS-Accelwattch_SASS_SIM,nvjet_sm90_tst_128x8_64x12_4x1_v_bz_TNT--2,L2_cache_stats_breakdown[GLOBAL_ACC_W][HIT],176.0,176.0,\s+L2_cache_stats_breakdown\[GLOBAL_ACC_W\]\[HIT\]\s*=\s*(.*)
instance,llm_layer,layer,H100-SASS-Accelwattch_SASS_SIM,_ZN4vllm18act_and_mul_kernelIN3c108BFloat16E14__nv_bfloat162XadL_ZNS_11silu_kernelIS2_EET_RKS5_fEEXadL_ZNS_18packed_silu_kernelIS3_EES5_S7_fEELb1ELb1ELb0ELb0EEEvPS5_PS6_ifff--3,L2_cache_stats_breakdown[GLOBAL_ACC_W][HIT],188.0,188.0,\s+L2_cache_stats_breakdown\[GLOBAL_ACC_W\]\[HIT\]\s*=\s*(.*)
instance,llm_layer,layer,H100-SASS-Accelwattch_SASS_SIM,nvjet_sm90_tst_64x8_64x16_4x1_v_bz_splitK_TNT--2,L2_cache_stats_breakdown[GLOBAL_ACC_W][HIT],316.0,316.0,\s+L2_cache_stats_breakdown\[GLOBAL_ACC_W\]\[HIT\]\s*=\s*(.*)
instance,llm_layer,layer,H100-SASS-Accelwattch_SASS_SIM,_ZN8cublasLt19splitKreduce_kernelILi32ELi16Eif13__nv_bfloat16fS1_Lb0EfS1_S1_Lb1ELb0ELb0ELb0EEEvNS_18cublasSplitKParamsIT4_EEPKT2_PKT8_PT7_PT3_PKS3_SG_PKT9_S7_PSH_PvlPS3_PiSM_SM_SG_SG_SG_SG_SG_--3,L2_cache_stats_breakdown[GLOBAL_ACC_W][HIT],56.0,56.0,\s+L2_cache_stats_breakdown\[GLOBAL_ACC_W\]\[HIT\]\s*=\s*(.*)
instance,llm_layer,layer,H100-SASS-Accelwattch_SASS_SIM,_ZN4vllm25fused_add_rms_norm_kernelIN3c108BFloat16ELi8ELb1EEENSt9enable_ifIXaagtT0_Li0Esr4vllm12_typeConvertIT_EE6existsEvE4typeEPS4_lS7_PKS4_fiil--8,L2_cache_stats_breakdown[GLOBAL_ACC_W][HIT],112.0,112.0,\s+L2_cache_stats_breakdown\[GLOBAL_ACC_W\]\[HIT\]\s*=\s*(.*)
instance,llm_layer,layer,H100-SASS-Accelwattch_SASS_SIM,nvjet_sm90_tst_64x8_64x16_4x1_v_bz_bias_TNT--3,L2_cache_stats_breakdown[GLOBAL_ACC_W][HIT],28.0,28.0,\s+L2_cache_stats_breakdown\[GLOBAL_ACC_W\]\[HIT\]\s*=\s*(.*)
instance,llm_layer,layer,H100-SASS-Accelwattch_SASS_SIM,_ZN4vllm23rotary_embedding_kernelIN3c108BFloat16ES2_Lb1EEEvPKlPT_S6_PKT0_illliiilb--4,L2_cache_stats_breakdown[GLOBAL_ACC_W][HIT],64.0,64.0,\s+L2_cache_stats_breakdown\[GLOBAL_ACC_W\]\[HIT\]\s*=\s*(.*)
instance,llm_layer,layer,H100-SASS-Accelwattch_SASS_SIM,_ZN4vllm30reshape_and_cache_flash_kernelI13__nv_bfloat16S1_LNS_18Fp8KVCacheDataTypeE0EEEvPKT_S5_PT0_S7_PKlllllliiiPKfSB_i--4,L2_cache_stats_breakdown[GLOBAL_ACC_W][HIT],0.0,0.0,\s+L2_cache_stats_breakdown\[GLOBAL_ACC_W\]\[HIT\]\s*=\s*(.*)
instance,llm_layer,layer,H100-SASS-Accelwattch_SASS_SIM,_ZN7cutlass13device_kernelIN5flash20enable_sm90_or_laterINS1_16FlashAttnFwdSm90INS1_25CollectiveMainloopFwdSm90ILi2EN4cute5tupleIJNS5_1CILi1EEES8_S8_EEENS6_IJNS7_ILi64EEENS7_ILi192EEESA_EEELi64ENS_10bfloat16_tEfNS_4arch4Sm90ELb0ELb0ELb0ELb1ELb1ELb0ELb0ELb1ELb1ELb1ELb0ELb0ESD_Li1EEENS1_21CollectiveEpilogueFwdINS6_IJSA_SA_SB_EEES9_SD_SF_Li128ELb1ELb1ELb0ELb0ELi1EEENS1_36VarlenDynamicPersistentTileSchedulerILi64ELi192ELi128ELi128ELb0ELb1ELb1ELb0ELb0ELb1EEEEEEEEEvNT_6ParamsE--3,L2_cache_stats_breakdown[GLOBAL_ACC_W][HIT],21.0,21.0,\s+L2_cache_stats_breakdown\[GLOBAL_ACC_W\]\[HIT\]\s*=\s*(.*)
instance,llm_layer,layer,H100-SASS-Accelwattch_SASS_SIM,_ZN2at6native29vectorized_elementwise_kernelILi4ENS0_11FillFunctorIiEESt5arrayIPcLm1EEEEviT0_T1_--4,L2_cache_stats_breakdown[GLOBAL_ACC_W][HIT],1.0,1.0,\s+L2_cache_stats_breakdown\[GLOBAL_ACC_W\]\[HIT\]\s*=\s*(.*)
instance,llm_layer,layer,H100-SASS-Accelwattch_SASS_SIM,nvjet_sm90_tst_64x8_64x16_4x1_v_bz_TNT--3,L2_cache_stats_breakdown[GLOBAL_ACC_W][HIT],56.0,56.0,\s+L2_cache_stats_breakdown\[GLOBAL_ACC_W\]\[HIT\]\s*=\s*(.*)
instance,llm_layer,layer,H100-SASS-Accelwattch_SASS_SIM,_ZN4vllm25fused_add_rms_norm_kernelIN3c108BFloat16ELi8ELb1EEENSt9enable_ifIXaagtT0_Li0Esr4vllm12_typeConvertIT_EE6existsEvE4typeEPS4_lS7_PKS4_fiil--9,L2_cache_stats_breakdown[GLOBAL_ACC_W][HIT],112.0,112.0,\s+L2_cache_stats_breakdown\[GLOBAL_ACC_W\]\[HIT\]\s*=\s*(.*)
instance,llm_layer,layer,H100-SASS-Accelwattch_SASS_SIM,nvjet_sm90_tst_128x8_64x12_4x1_v_bz_TNT--3,L2_cache_stats_breakdown[GLOBAL_ACC_W][HIT],212.0,212.0,\s+L2_cache_stats_breakdown\[GLOBAL_ACC_W\]\[HIT\]\s*=\s*(.*)
instance,llm_layer,layer,H100-SASS-Accelwattch_SASS_SIM,_ZN4vllm18act_and_mul_kernelIN3c108BFloat16E14__nv_bfloat162XadL_ZNS_11silu_kernelIS2_EET_RKS5_fEEXadL_ZNS_18packed_silu_kernelIS3_EES5_S7_fEELb1ELb1ELb0ELb0EEEvPS5_PS6_ifff--4,L2_cache_stats_breakdown[GLOBAL_ACC_W][HIT],304.0,304.0,\s+L2_cache_stats_breakdown\[GLOBAL_ACC_W\]\[HIT\]\s*=\s*(.*)
instance,llm_layer,layer,H100-SASS-Accelwattch_SASS_SIM,nvjet_sm90_tst_64x8_64x16_4x1_v_bz_splitK_TNT--3,L2_cache_stats_breakdown[GLOBAL_ACC_W][HIT],320.0,320.0,\s+L2_cache_stats_breakdown\[GLOBAL_ACC_W\]\[HIT\]\s*=\s*(.*)
instance,llm_layer,layer,H100-SASS-Accelwattch_SASS_SIM,_ZN8cublasLt19splitKreduce_kernelILi32ELi16Eif13__nv_bfloat16fS1_Lb0EfS1_S1_Lb1ELb0ELb0ELb0EEEvNS_18cublasSplitKParamsIT4_EEPKT2_PKT8_PT7_PT3_PKS3_SG_PKT9_S7_PSH_PvlPS3_PiSM_SM_SG_SG_SG_SG_SG_--4,L2_cache_stats_breakdown[GLOBAL_ACC_W][HIT],56.0,56.0,\s+L2_cache_stats_breakdown\[GLOBAL_ACC_W\]\[HIT\]\s*=\s*(.*)
instance,llm_layer,layer,H100-SASS-Accelwattch_SASS_SIM,_ZN4vllm25fused_add_rms_norm_kernelIN3c108BFloat16ELi8ELb1EEENSt9enable_ifIXaagtT0_Li0Esr4vllm12_typeConvertIT_EE6existsEvE4typeEPS4_lS7_PKS4_fiil--10,L2_cache_stats_breakdown[GLOBAL_ACC_W][HIT],112.0,112.0,\s+L2_cache_stats_breakdown\[GLOBAL_ACC_W\]\[HIT\]\s*=\s*(.*)
instance,llm_layer,layer,H100-SASS-Accelwattch_SASS_SIM,nvjet_sm90_tst_64x8_64x16_4x1_v_bz_bias_TNT--4,L2_cache_stats_breakdown[GLOBAL_ACC_W][HIT],72.0,72.0,\s+L2_cache_stats_breakdown\[GLOBAL_ACC_W\]\[HIT\]\s*=\s*(.*)
instance,llm_layer,layer,H100-SASS-Accelwattch_SASS_SIM,_ZN4vllm23rotary_embedding_kernelIN3c108BFloat16ES2_Lb1EEEvPKlPT_S6_PKT0_illliiilb--5,L2_cache_stats_breakdown[GLOBAL_ACC_W][HIT],64.0,64.0,\s+L2_cache_stats_breakdown\[GLOBAL_ACC_W\]\[HIT\]\s*=\s*(.*)
instance,llm_layer,layer,H100-SASS-Accelwattch_SASS_SIM,_ZN4vllm30reshape_and_cache_flash_kernelI13__nv_bfloat16S1_LNS_18Fp8KVCacheDataTypeE0EEEvPKT_S5_PT0_S7_PKlllllliiiPKfSB_i--5,L2_cache_stats_breakdown[GLOBAL_ACC_W][HIT],0.0,0.0,\s+L2_cache_stats_breakdown\[GLOBAL_ACC_W\]\[HIT\]\s*=\s*(.*)
instance,llm_layer,layer,H100-SASS-Accelwattch_SASS_SIM,_ZN7cutlass13device_kernelIN5flash20enable_sm90_or_laterINS1_16FlashAttnFwdSm90INS1_25CollectiveMainloopFwdSm90ILi2EN4cute5tupleIJNS5_1CILi1EEES8_S8_EEENS6_IJNS7_ILi64EEENS7_ILi192EEESA_EEELi64ENS_10bfloat16_tEfNS_4arch4Sm90ELb0ELb0ELb0ELb1ELb1ELb0ELb0ELb1ELb1ELb1ELb0ELb0ESD_Li1EEENS1_21CollectiveEpilogueFwdINS6_IJSA_SA_SB_EEES9_SD_SF_Li128ELb1ELb1ELb0ELb0ELi1EEENS1_36VarlenDynamicPersistentTileSchedulerILi64ELi192ELi128ELi128ELb0ELb1ELb1ELb0ELb0ELb1EEEEEEEEEvNT_6ParamsE--4,L2_cache_stats_breakdown[GLOBAL_ACC_W][HIT],3.0,3.0,\s+L2_cache_stats_breakdown\[GLOBAL_ACC_W\]\[HIT\]\s*=\s*(.*)
instance,llm_layer,layer,H100-SASS-Accelwattch_SASS_SIM,_ZN2at6native29vectorized_elementwise_kernelILi4ENS0_11FillFunctorIiEESt5arrayIPcLm1EEEEviT0_T1_--5,L2_cache_stats_breakdown[GLOBAL_ACC_W][HIT],1.0,1.0,\s+L2_cache_stats_breakdown\[GLOBAL_ACC_W\]\[HIT\]\s*=\s*(.*)
instance,llm_layer,layer,H100-SASS-Accelwattch_SASS_SIM,nvjet_sm90_tst_64x8_64x16_4x1_v_bz_TNT--4,L2_cache_stats_breakdown[GLOBAL_ACC_W][HIT],56.0,56.0,\s+L2_cache_stats_breakdown\[GLOBAL_ACC_W\]\[HIT\]\s*=\s*(.*)
instance,llm_layer,layer,H100-SASS-Accelwattch_SASS_SIM,_ZN4vllm25fused_add_rms_norm_kernelIN3c108BFloat16ELi8ELb1EEENSt9enable_ifIXaagtT0_Li0Esr4vllm12_typeConvertIT_EE6existsEvE4typeEPS4_lS7_PKS4_fiil--11,L2_cache_stats_breakdown[GLOBAL_ACC_W][HIT],112.0,112.0,\s+L2_cache_stats_breakdown\[GLOBAL_ACC_W\]\[HIT\]\s*=\s*(.*)
instance,llm_layer,layer,H100-SASS-Accelwattch_SASS_SIM,nvjet_sm90_tst_128x8_64x12_4x1_v_bz_TNT--4,L2_cache_stats_breakdown[GLOBAL_ACC_W][HIT],76.0,76.0,\s+L2_cache_stats_breakdown\[GLOBAL_ACC_W\]\[HIT\]\s*=\s*(.*)
instance,llm_layer,layer,H100-SASS-Accelwattch_SASS_SIM,_ZN4vllm18act_and_mul_kernelIN3c108BFloat16E14__nv_bfloat162XadL_ZNS_11silu_kernelIS2_EET_RKS5_fEEXadL_ZNS_18packed_silu_kernelIS3_EES5_S7_fEELb1ELb1ELb0ELb0EEEvPS5_PS6_ifff--5,L2_cache_stats_breakdown[GLOBAL_ACC_W][HIT],204.0,204.0,\s+L2_cache_stats_breakdown\[GLOBAL_ACC_W\]\[HIT\]\s*=\s*(.*)
instance,llm_layer,layer,H100-SASS-Accelwattch_SASS_SIM,nvjet_sm90_tst_64x8_64x16_4x1_v_bz_splitK_TNT--4,L2_cache_stats_breakdown[GLOBAL_ACC_W][HIT],336.0,336.0,\s+L2_cache_stats_breakdown\[GLOBAL_ACC_W\]\[HIT\]\s*=\s*(.*)
instance,llm_layer,layer,H100-SASS-Accelwattch_SASS_SIM,_ZN8cublasLt19splitKreduce_kernelILi32ELi16Eif13__nv_bfloat16fS1_Lb0EfS1_S1_Lb1ELb0ELb0ELb0EEEvNS_18cublasSplitKParamsIT4_EEPKT2_PKT8_PT7_PT3_PKS3_SG_PKT9_S7_PSH_PvlPS3_PiSM_SM_SG_SG_SG_SG_SG_--5,L2_cache_stats_breakdown[GLOBAL_ACC_W][HIT],42.0,42.0,\s+L2_cache_stats_breakdown\[GLOBAL_ACC_W\]\[HIT\]\s*=\s*(.*)
instance,llm_layer,layer,H100-SASS-Accelwattch_SASS_SIM,_ZN4vllm25fused_add_rms_norm_kernelIN3c108BFloat16ELi8ELb1EEENSt9enable_ifIXaagtT0_Li0Esr4vllm12_typeConvertIT_EE6existsEvE4typeEPS4_lS7_PKS4_fiil--12,L2_cache_stats_breakdown[GLOBAL_ACC_W][HIT],112.0,112.0,\s+L2_cache_stats_breakdown\[GLOBAL_ACC_W\]\[HIT\]\s*=\s*(.*)
instance,llm_layer,layer,H100-SASS-Accelwattch_SASS_SIM,nvjet_sm90_tst_64x8_64x16_4x1_v_bz_bias_TNT--5,L2_cache_stats_breakdown[GLOBAL_ACC_W][HIT],30.0,30.0,\s+L2_cache_stats_breakdown\[GLOBAL_ACC_W\]\[HIT\]\s*=\s*(.*)
instance,llm_layer,layer,H100-SASS-Accelwattch_SASS_SIM,_ZN4vllm23rotary_embedding_kernelIN3c108BFloat16ES2_Lb1EEEvPKlPT_S6_PKT0_illliiilb--6,L2_cache_stats_breakdown[GLOBAL_ACC_W][HIT],64.0,64.0,\s+L2_cache_stats_breakdown\[GLOBAL_ACC_W\]\[HIT\]\s*=\s*(.*)
instance,llm_layer,layer,H100-SASS-Accelwattch_SASS_SIM,_ZN4vllm30reshape_and_cache_flash_kernelI13__nv_bfloat16S1_LNS_18Fp8KVCacheDataTypeE0EEEvPKT_S5_PT0_S7_PKlllllliiiPKfSB_i--6,L2_cache_stats_breakdown[GLOBAL_ACC_W][HIT],0.0,0.0,\s+L2_cache_stats_breakdown\[GLOBAL_ACC_W\]\[HIT\]\s*=\s*(.*)
instance,llm_layer,layer,H100-SASS-Accelwattch_SASS_SIM,_ZN7cutlass13device_kernelIN5flash20enable_sm90_or_laterINS1_16FlashAttnFwdSm90INS1_25CollectiveMainloopFwdSm90ILi2EN4cute5tupleIJNS5_1CILi1EEES8_S8_EEENS6_IJNS7_ILi64EEENS7_ILi192EEESA_EEELi64ENS_10bfloat16_tEfNS_4arch4Sm90ELb0ELb0ELb0ELb1ELb1ELb0ELb0ELb1ELb1ELb1ELb0ELb0ESD_Li1EEENS1_21CollectiveEpilogueFwdINS6_IJSA_SA_SB_EEES9_SD_SF_Li128ELb1ELb1ELb0ELb0ELi1EEENS1_36VarlenDynamicPersistentTileSchedulerILi64ELi192ELi128ELi128ELb0ELb1ELb1ELb0ELb0ELb1EEEEEEEEEvNT_6ParamsE--5,L2_cache_stats_breakdown[GLOBAL_ACC_W][HIT],1.0,1.0,\s+L2_cache_stats_breakdown\[GLOBAL_ACC_W\]\[HIT\]\s*=\s*(.*)
instance,llm_layer,layer,H100-SASS-Accelwattch_SASS_SIM,_ZN2at6native29vectorized_elementwise_kernelILi4ENS0_11FillFunctorIiEESt5arrayIPcLm1EEEEviT0_T1_--6,L2_cache_stats_breakdown[GLOBAL_ACC_W][HIT],1.0,1.0,\s+L2_cache_stats_breakdown\[GLOBAL_ACC_W\]\[HIT\]\s*=\s*(.*)
instance,llm_layer,layer,H100-SASS-Accelwattch_SASS_SIM,nvjet_sm90_tst_64x8_64x16_4x1_v_bz_TNT--5,L2_cache_stats_breakdown[GLOBAL_ACC_W][HIT],56.0,56.0,\s+L2_cache_stats_breakdown\[GLOBAL_ACC_W\]\[HIT\]\s*=\s*(.*)
instance,llm_layer,layer,H100-SASS-Accelwattch_SASS_SIM,_ZN4vllm25fused_add_rms_norm_kernelIN3c108BFloat16ELi8ELb1EEENSt9enable_ifIXaagtT0_Li0Esr4vllm12_typeConvertIT_EE6existsEvE4typeEPS4_lS7_PKS4_fiil--13,L2_cache_stats_breakdown[GLOBAL_ACC_W][HIT],112.0,112.0,\s+L2_cache_stats_breakdown\[GLOBAL_ACC_W\]\[HIT\]\s*=\s*(.*)
instance,llm_layer,layer,H100-SASS-Accelwattch_SASS_SIM,nvjet_sm90_tst_128x8_64x12_4x1_v_bz_TNT--5,L2_cache_stats_breakdown[GLOBAL_ACC_W][HIT],176.0,176.0,\s+L2_cache_stats_breakdown\[GLOBAL_ACC_W\]\[HIT\]\s*=\s*(.*)
instance,llm_layer,layer,H100-SASS-Accelwattch_SASS_SIM,_ZN4vllm18act_and_mul_kernelIN3c108BFloat16E14__nv_bfloat162XadL_ZNS_11silu_kernelIS2_EET_RKS5_fEEXadL_ZNS_18packed_silu_kernelIS3_EES5_S7_fEELb1ELb1ELb0ELb0EEEvPS5_PS6_ifff--6,L2_cache_stats_breakdown[GLOBAL_ACC_W][HIT],188.0,188.0,\s+L2_cache_stats_breakdown\[GLOBAL_ACC_W\]\[HIT\]\s*=\s*(.*)
instance,llm_layer,layer,H100-SASS-Accelwattch_SASS_SIM,nvjet_sm90_tst_64x8_64x16_4x1_v_bz_splitK_TNT--5,L2_cache_stats_breakdown[GLOBAL_ACC_W][HIT],316.0,316.0,\s+L2_cache_stats_breakdown\[GLOBAL_ACC_W\]\[HIT\]\s*=\s*(.*)
instance,llm_layer,layer,H100-SASS-Accelwattch_SASS_SIM,_ZN8cublasLt19splitKreduce_kernelILi32ELi16Eif13__nv_bfloat16fS1_Lb0EfS1_S1_Lb1ELb0ELb0ELb0EEEvNS_18cublasSplitKParamsIT4_EEPKT2_PKT8_PT7_PT3_PKS3_SG_PKT9_S7_PSH_PvlPS3_PiSM_SM_SG_SG_SG_SG_SG_--6,L2_cache_stats_breakdown[GLOBAL_ACC_W][HIT],56.0,56.0,\s+L2_cache_stats_breakdown\[GLOBAL_ACC_W\]\[HIT\]\s*=\s*(.*)
instance,llm_layer,layer,H100-SASS-Accelwattch_SASS_SIM,_ZN4vllm25fused_add_rms_norm_kernelIN3c108BFloat16ELi8ELb1EEENSt9enable_ifIXaagtT0_Li0Esr4vllm12_typeConvertIT_EE6existsEvE4typeEPS4_lS7_PKS4_fiil--14,L2_cache_stats_breakdown[GLOBAL_ACC_W][HIT],112.0,112.0,\s+L2_cache_stats_breakdown\[GLOBAL_ACC_W\]\[HIT\]\s*=\s*(.*)
instance,llm_layer,layer,H100-SASS-Accelwattch_SASS_SIM,nvjet_sm90_tst_64x8_64x16_4x1_v_bz_bias_TNT--6,L2_cache_stats_breakdown[GLOBAL_ACC_W][HIT],28.0,28.0,\s+L2_cache_stats_breakdown\[GLOBAL_ACC_W\]\[HIT\]\s*=\s*(.*)
instance,llm_layer,layer,H100-SASS-Accelwattch_SASS_SIM,_ZN4vllm23rotary_embedding_kernelIN3c108BFloat16ES2_Lb1EEEvPKlPT_S6_PKT0_illliiilb--7,L2_cache_stats_breakdown[GLOBAL_ACC_W][HIT],64.0,64.0,\s+L2_cache_stats_breakdown\[GLOBAL_ACC_W\]\[HIT\]\s*=\s*(.*)
instance,llm_layer,layer,H100-SASS-Accelwattch_SASS_SIM,_ZN4vllm30reshape_and_cache_flash_kernelI13__nv_bfloat16S1_LNS_18Fp8KVCacheDataTypeE0EEEvPKT_S5_PT0_S7_PKlllllliiiPKfSB_i--7,L2_cache_stats_breakdown[GLOBAL_ACC_W][HIT],0.0,0.0,\s+L2_cache_stats_breakdown\[GLOBAL_ACC_W\]\[HIT\]\s*=\s*(.*)
instance,llm_layer,layer,H100-SASS-Accelwattch_SASS_SIM,_ZN7cutlass13device_kernelIN5flash20enable_sm90_or_laterINS1_16FlashAttnFwdSm90INS1_25CollectiveMainloopFwdSm90ILi2EN4cute5tupleIJNS5_1CILi1EEES8_S8_EEENS6_IJNS7_ILi64EEENS7_ILi192EEESA_EEELi64ENS_10bfloat16_tEfNS_4arch4Sm90ELb0ELb0ELb0ELb1ELb1ELb0ELb0ELb1ELb1ELb1ELb0ELb0ESD_Li1EEENS1_21CollectiveEpilogueFwdINS6_IJSA_SA_SB_EEES9_SD_SF_Li128ELb1ELb1ELb0ELb0ELi1EEENS1_36VarlenDynamicPersistentTileSchedulerILi64ELi192ELi128ELi128ELb0ELb1ELb1ELb0ELb0ELb1EEEEEEEEEvNT_6ParamsE--6,L2_cache_stats_breakdown[GLOBAL_ACC_W][HIT],9.0,9.0,\s+L2_cache_stats_breakdown\[GLOBAL_ACC_W\]\[HIT\]\s*=\s*(.*)
instance,llm_layer,layer,H100-SASS-Accelwattch_SASS_SIM,_ZN2at6native29vectorized_elementwise_kernelILi4ENS0_11FillFunctorIiEESt5arrayIPcLm1EEEEviT0_T1_--7,L2_cache_stats_breakdown[GLOBAL_ACC_W][HIT],1.0,1.0,\s+L2_cache_stats_breakdown\[GLOBAL_ACC_W\]\[HIT\]\s*=\s*(.*)
instance,llm_layer,layer,H100-SASS-Accelwattch_SASS_SIM,nvjet_sm90_tst_64x8_64x16_4x1_v_bz_TNT--6,L2_cache_stats_breakdown[GLOBAL_ACC_W][HIT],56.0,56.0,\s+L2_cache_stats_breakdown\[GLOBAL_ACC_W\]\[HIT\]\s*=\s*(.*)
instance,llm_layer,layer,H100-SASS-Accelwattch_SASS_SIM,_ZN4vllm25fused_add_rms_norm_kernelIN3c108BFloat16ELi8ELb1EEENSt9enable_ifIXaagtT0_Li0Esr4vllm12_typeConvertIT_EE6existsEvE4typeEPS4_lS7_PKS4_fiil--15,L2_cache_stats_breakdown[GLOBAL_ACC_W][HIT],112.0,112.0,\s+L2_cache_stats_breakdown\[GLOBAL_ACC_W\]\[HIT\]\s*=\s*(.*)
instance,llm_layer,layer,H100-SASS-Accelwattch_SASS_SIM,nvjet_sm90_tst_128x8_64x12_4x1_v_bz_TNT--6,L2_cache_stats_breakdown[GLOBAL_ACC_W][HIT],216.0,216.0,\s+L2_cache_stats_breakdown\[GLOBAL_ACC_W\]\[HIT\]\s*=\s*(.*)
instance,llm_layer,layer,H100-SASS-Accelwattch_SASS_SIM,_ZN4vllm18act_and_mul_kernelIN3c108BFloat16E14__nv_bfloat162XadL_ZNS_11silu_kernelIS2_EET_RKS5_fEEXadL_ZNS_18packed_silu_kernelIS3_EES5_S7_fEELb1ELb1ELb0ELb0EEEvPS5_PS6_ifff--7,L2_cache_stats_breakdown[GLOBAL_ACC_W][HIT],304.0,304.0,\s+L2_cache_stats_breakdown\[GLOBAL_ACC_W\]\[HIT\]\s*=\s*(.*)
instance,llm_layer,layer,H100-SASS-Accelwattch_SASS_SIM,nvjet_sm90_tst_64x8_64x16_4x1_v_bz_splitK_TNT--6,L2_cache_stats_breakdown[GLOBAL_ACC_W][HIT],320.0,320.0,\s+L2_cache_stats_breakdown\[GLOBAL_ACC_W\]\[HIT\]\s*=\s*(.*)
instance,llm_layer,layer,H100-SASS-Accelwattch_SASS_SIM,_ZN8cublasLt19splitKreduce_kernelILi32ELi16Eif13__nv_bfloat16fS1_Lb0EfS1_S1_Lb1ELb0ELb0ELb0EEEvNS_18cublasSplitKParamsIT4_EEPKT2_PKT8_PT7_PT3_PKS3_SG_PKT9_S7_PSH_PvlPS3_PiSM_SM_SG_SG_SG_SG_SG_--7,L2_cache_stats_breakdown[GLOBAL_ACC_W][HIT],56.0,56.0,\s+L2_cache_stats_breakdown\[GLOBAL_ACC_W\]\[HIT\]\s*=\s*(.*)
instance,llm_layer,layer,H100-SASS-Accelwattch_SASS_SIM,_ZN4vllm25fused_add_rms_norm_kernelIN3c108BFloat16ELi8ELb1EEENSt9enable_ifIXaagtT0_Li0Esr4vllm12_typeConvertIT_EE6existsEvE4typeEPS4_lS7_PKS4_fiil--0,L2_cache_stats_breakdown[GLOBAL_ACC_W][TOTAL_ACCESS],1120.0,1120.0,\s+L2_cache_stats_breakdown\[GLOBAL_ACC_W\]\[TOTAL_ACCESS\]\s*=\s*(.*)
instance,llm_layer,layer,H100-SASS-Accelwattch_SASS_SIM,nvjet_sm90_tst_64x8_64x16_4x2_h_bz_bias_TNT--0,L2_cache_stats_breakdown[GLOBAL_ACC_W][TOTAL_ACCESS],720.0,720.0,\s+L2_cache_stats_breakdown\[GLOBAL_ACC_W\]\[TOTAL_ACCESS\]\s*=\s*(.*)
instance,llm_layer,layer,H100-SASS-Accelwattch_SASS_SIM,_ZN4vllm23rotary_embedding_kernelIN3c108BFloat16ES2_Lb1EEEvPKlPT_S6_PKT0_illliiilb--0,L2_cache_stats_breakdown[GLOBAL_ACC_W][TOTAL_ACCESS],640.0,640.0,\s+L2_cache_stats_breakdown\[GLOBAL_ACC_W\]\[TOTAL_ACCESS\]\s*=\s*(.*)
instance,llm_layer,layer,H100-SASS-Accelwattch_SASS_SIM,_ZN4vllm30reshape_and_cache_flash_kernelI13__nv_bfloat16S1_LNS_18Fp8KVCacheDataTypeE0EEEvPKT_S5_PT0_S7_PKlllllliiiPKfSB_i--0,L2_cache_stats_breakdown[GLOBAL_ACC_W][TOTAL_ACCESS],160.0,160.0,\s+L2_cache_stats_breakdown\[GLOBAL_ACC_W\]\[TOTAL_ACCESS\]\s*=\s*(.*)
instance,llm_layer,layer,H100-SASS-Accelwattch_SASS_SIM,_ZN7cutlass13device_kernelIN5flash20enable_sm90_or_laterINS1_16FlashAttnFwdSm90INS1_25CollectiveMainloopFwdSm90ILi2EN4cute5tupleIJNS5_1CILi1EEES8_S8_EEENS6_IJNS7_ILi192EEENS7_ILi128EEENS7_ILi64EEEEEELi64ENS_10bfloat16_tEfNS_4arch4Sm90ELb1ELb0ELb0ELb1ELb1ELb0ELb0ELb1ELb1ELb1ELb0ELb0ESE_Li1EEENS1_21CollectiveEpilogueFwdINS6_IJSA_SC_SB_EEES9_SE_SG_Li384ELb1ELb1ELb0ELb0ELi1EEENS1_36VarlenDynamicPersistentTileSchedulerILi192ELi128ELi384ELi128ELb0ELb1ELb1ELb1ELb0ELb1EEEEEEEEEvNT_6ParamsE--0,L2_cache_stats_breakdown[GLOBAL_ACC_W][TOTAL_ACCESS],686.0,686.0,\s+L2_cache_stats_breakdown\[GLOBAL_ACC_W\]\[TOTAL_ACCESS\]\s*=\s*(.*)
instance,llm_layer,layer,H100-SASS-Accelwattch_SASS_SIM,_ZN2at6native29vectorized_elementwise_kernelILi4ENS0_11FillFunctorIiEESt5arrayIPcLm1EEEEviT0_T1_--0,L2_cache_stats_breakdown[GLOBAL_ACC_W][TOTAL_ACCESS],1.0,1.0,\s+L2_cache_stats_breakdown\[GLOBAL_ACC_W\]\[TOTAL_ACCESS\]\s*=\s*(.*)
instance,llm_layer,layer,H100-SASS-Accelwattch_SASS_SIM,nvjet_sm90_tst_64x8_64x16_4x2_h_bz_TNT--0,L2_cache_stats_breakdown[GLOBAL_ACC_W][TOTAL_ACCESS],560.0,560.0,\s+L2_cache_stats_breakdown\[GLOBAL_ACC_W\]\[TOTAL_ACCESS\]\s*=\s*(.*)
instance,llm_layer,layer,H100-SASS-Accelwattch_SASS_SIM,_ZN4vllm25fused_add_rms_norm_kernelIN3c108BFloat16ELi8ELb1EEENSt9enable_ifIXaagtT0_Li0Esr4vllm12_typeConvertIT_EE6existsEvE4typeEPS4_lS7_PKS4_fiil--1,L2_cache_stats_breakdown[GLOBAL_ACC_W][TOTAL_ACCESS],1120.0,1120.0,\s+L2_cache_stats_breakdown\[GLOBAL_ACC_W\]\[TOTAL_ACCESS\]\s*=\s*(.*)
instance,llm_layer,layer,H100-SASS-Accelwattch_SASS_SIM,nvjet_sm90_tst_128x16_64x11_4x1_v_bz_TNT--0,L2_cache_stats_breakdown[GLOBAL_ACC_W][TOTAL_ACCESS],6080.0,6080.0,\s+L2_cache_stats_breakdown\[GLOBAL_ACC_W\]\[TOTAL_ACCESS\]\s*=\s*(.*)
instance,llm_layer,layer,H100-SASS-Accelwattch_SASS_SIM,_ZN4vllm18act_and_mul_kernelIN3c108BFloat16E14__nv_bfloat162XadL_ZNS_11silu_kernelIS2_EET_RKS5_fEEXadL_ZNS_18packed_silu_kernelIS3_EES5_S7_fEELb1ELb1ELb0ELb0EEEvPS5_PS6_ifff--0,L2_cache_stats_breakdown[GLOBAL_ACC_W][TOTAL_ACCESS],3040.0,3040.0,\s+L2_cache_stats_breakdown\[GLOBAL_ACC_W\]\[TOTAL_ACCESS\]\s*=\s*(.*)
instance,llm_layer,layer,H100-SASS-Accelwattch_SASS_SIM,nvjet_sm90_tst_64x16_64x16_4x1_v_bz_splitK_TNT--0,L2_cache_stats_breakdown[GLOBAL_ACC_W][TOTAL_ACCESS],3360.0,3360.0,\s+L2_cache_stats_breakdown\[GLOBAL_ACC_W\]\[TOTAL_ACCESS\]\s*=\s*(.*)
instance,llm_layer,layer,H100-SASS-Accelwattch_SASS_SIM,_ZN8cublasLt19splitKreduce_kernelILi32ELi16Eif13__nv_bfloat16fS1_Lb0EfS1_S1_Lb1ELb0ELb0ELb0EEEvNS_18cublasSplitKParamsIT4_EEPKT2_PKT8_PT7_PT3_PKS3_SG_PKT9_S7_PSH_PvlPS3_PiSM_SM_SG_SG_SG_SG_SG_--0,L2_cache_stats_breakdown[GLOBAL_ACC_W][TOTAL_ACCESS],560.0,560.0,\s+L2_cache_stats_breakdown\[GLOBAL_ACC_W\]\[TOTAL_ACCESS\]\s*=\s*(.*)
instance,llm_layer,layer,H100-SASS-Accelwattch_SASS_SIM,_ZN4vllm25fused_add_rms_norm_kernelIN3c108BFloat16ELi8ELb1EEENSt9enable_ifIXaagtT0_Li0Esr4vllm12_typeConvertIT_EE6existsEvE4typeEPS4_lS7_PKS4_fiil--2,L2_cache_stats_breakdown[GLOBAL_ACC_W][TOTAL_ACCESS],112.0,112.0,\s+L2_cache_stats_breakdown\[GLOBAL_ACC_W\]\[TOTAL_ACCESS\]\s*=\s*(.*)
instance,llm_layer,layer,H100-SASS-Accelwattch_SASS_SIM,nvjet_sm90_tst_64x8_64x16_4x1_v_bz_bias_TNT--0,L2_cache_stats_breakdown[GLOBAL_ACC_W][TOTAL_ACCESS],72.0,72.0,\s+L2_cache_stats_breakdown\[GLOBAL_ACC_W\]\[TOTAL_ACCESS\]\s*=\s*(.*)
instance,llm_layer,layer,H100-SASS-Accelwattch_SASS_SIM,_ZN4vllm23rotary_embedding_kernelIN3c108BFloat16ES2_Lb1EEEvPKlPT_S6_PKT0_illliiilb--1,L2_cache_stats_breakdown[GLOBAL_ACC_W][TOTAL_ACCESS],64.0,64.0,\s+L2_cache_stats_breakdown\[GLOBAL_ACC_W\]\[TOTAL_ACCESS\]\s*=\s*(.*)
instance,llm_layer,layer,H100-SASS-Accelwattch_SASS_SIM,_ZN4vllm30reshape_and_cache_flash_kernelI13__nv_bfloat16S1_LNS_18Fp8KVCacheDataTypeE0EEEvPKT_S5_PT0_S7_PKlllllliiiPKfSB_i--1,L2_cache_stats_breakdown[GLOBAL_ACC_W][TOTAL_ACCESS],16.0,16.0,\s+L2_cache_stats_breakdown\[GLOBAL_ACC_W\]\[TOTAL_ACCESS\]\s*=\s*(.*)
instance,llm_layer,layer,H100-SASS-Accelwattch_SASS_SIM,_ZN7cutlass13device_kernelIN5flash20enable_sm90_or_laterINS1_16FlashAttnFwdSm90INS1_25CollectiveMainloopFwdSm90ILi2EN4cute5tupleIJNS5_1CILi1EEES8_S8_EEENS6_IJNS7_ILi64EEENS7_ILi192EEESA_EEELi64ENS_10bfloat16_tEfNS_4arch4Sm90ELb0ELb0ELb0ELb1ELb1ELb0ELb0ELb1ELb1ELb1ELb0ELb0ESD_Li1EEENS1_21CollectiveEpilogueFwdINS6_IJSA_SA_SB_EEES9_SD_SF_Li128ELb1ELb1ELb0ELb0ELi1EEENS1_36VarlenDynamicPersistentTileSchedulerILi64ELi192ELi128ELi128ELb0ELb1ELb1ELb0ELb0ELb1EEEEEEEEEvNT_6ParamsE--0,L2_cache_stats_breakdown[GLOBAL_ACC_W][TOTAL_ACCESS],59.0,59.0,\s+L2_cache_stats_breakdown\[GLOBAL_ACC_W\]\[TOTAL_ACCESS\]\s*=\s*(.*)
instance,llm_layer,layer,H100-SASS-Accelwattch_SASS_SIM,_ZN2at6native29vectorized_elementwise_kernelILi4ENS0_11FillFunctorIiEESt5arrayIPcLm1EEEEviT0_T1_--1,L2_cache_stats_breakdown[GLOBAL_ACC_W][TOTAL_ACCESS],1.0,1.0,\s+L2_cache_stats_breakdown\[GLOBAL_ACC_W\]\[TOTAL_ACCESS\]\s*=\s*(.*)
instance,llm_layer,layer,H100-SASS-Accelwattch_SASS_SIM,nvjet_sm90_tst_64x8_64x16_4x1_v_bz_TNT--0,L2_cache_stats_breakdown[GLOBAL_ACC_W][TOTAL_ACCESS],56.0,56.0,\s+L2_cache_stats_breakdown\[GLOBAL_ACC_W\]\[TOTAL_ACCESS\]\s*=\s*(.*)
instance,llm_layer,layer,H100-SASS-Accelwattch_SASS_SIM,_ZN4vllm25fused_add_rms_norm_kernelIN3c108BFloat16ELi8ELb1EEENSt9enable_ifIXaagtT0_Li0Esr4vllm12_typeConvertIT_EE6existsEvE4typeEPS4_lS7_PKS4_fiil--3,L2_cache_stats_breakdown[GLOBAL_ACC_W][TOTAL_ACCESS],112.0,112.0,\s+L2_cache_stats_breakdown\[GLOBAL_ACC_W\]\[TOTAL_ACCESS\]\s*=\s*(.*)
instance,llm_layer,layer,H100-SASS-Accelwattch_SASS_SIM,nvjet_sm90_tst_128x8_64x12_4x1_v_bz_TNT--0,L2_cache_stats_breakdown[GLOBAL_ACC_W][TOTAL_ACCESS],608.0,608.0,\s+L2_cache_stats_breakdown\[GLOBAL_ACC_W\]\[TOTAL_ACCESS\]\s*=\s*(.*)
instance,llm_layer,layer,H100-SASS-Accelwattch_SASS_SIM,_ZN4vllm18act_and_mul_kernelIN3c108BFloat16E14__nv_bfloat162XadL_ZNS_11silu_kernelIS2_EET_RKS5_fEEXadL_ZNS_18packed_silu_kernelIS3_EES5_S7_fEELb1ELb1ELb0ELb0EEEvPS5_PS6_ifff--1,L2_cache_stats_breakdown[GLOBAL_ACC_W][TOTAL_ACCESS],304.0,304.0,\s+L2_cache_stats_breakdown\[GLOBAL_ACC_W\]\[TOTAL_ACCESS\]\s*=\s*(.*)
instance,llm_layer,layer,H100-SASS-Accelwattch_SASS_SIM,nvjet_sm90_tst_64x8_64x16_4x1_v_bz_splitK_TNT--0,L2_cache_stats_breakdown[GLOBAL_ACC_W][TOTAL_ACCESS],336.0,336.0,\s+L2_cache_stats_breakdown\[GLOBAL_ACC_W\]\[TOTAL_ACCESS\]\s*=\s*(.*)
instance,llm_layer,layer,H100-SASS-Accelwattch_SASS_SIM,_ZN8cublasLt19splitKreduce_kernelILi32ELi16Eif13__nv_bfloat16fS1_Lb0EfS1_S1_Lb1ELb0ELb0ELb0EEEvNS_18cublasSplitKParamsIT4_EEPKT2_PKT8_PT7_PT3_PKS3_SG_PKT9_S7_PSH_PvlPS3_PiSM_SM_SG_SG_SG_SG_SG_--1,L2_cache_stats_breakdown[GLOBAL_ACC_W][TOTAL_ACCESS],56.0,56.0,\s+L2_cache_stats_breakdown\[GLOBAL_ACC_W\]\[TOTAL_ACCESS\]\s*=\s*(.*)
instance,llm_layer,layer,H100-SASS-Accelwattch_SASS_SIM,_ZN4vllm25fused_add_rms_norm_kernelIN3c108BFloat16ELi8ELb1EEENSt9enable_ifIXaagtT0_Li0Esr4vllm12_typeConvertIT_EE6existsEvE4typeEPS4_lS7_PKS4_fiil--4,L2_cache_stats_breakdown[GLOBAL_ACC_W][TOTAL_ACCESS],112.0,112.0,\s+L2_cache_stats_breakdown\[GLOBAL_ACC_W\]\[TOTAL_ACCESS\]\s*=\s*(.*)
instance,llm_layer,layer,H100-SASS-Accelwattch_SASS_SIM,nvjet_sm90_tst_64x8_64x16_4x1_v_bz_bias_TNT--1,L2_cache_stats_breakdown[GLOBAL_ACC_W][TOTAL_ACCESS],72.0,72.0,\s+L2_cache_stats_breakdown\[GLOBAL_ACC_W\]\[TOTAL_ACCESS\]\s*=\s*(.*)
instance,llm_layer,layer,H100-SASS-Accelwattch_SASS_SIM,_ZN4vllm23rotary_embedding_kernelIN3c108BFloat16ES2_Lb1EEEvPKlPT_S6_PKT0_illliiilb--2,L2_cache_stats_breakdown[GLOBAL_ACC_W][TOTAL_ACCESS],64.0,64.0,\s+L2_cache_stats_breakdown\[GLOBAL_ACC_W\]\[TOTAL_ACCESS\]\s*=\s*(.*)
instance,llm_layer,layer,H100-SASS-Accelwattch_SASS_SIM,_ZN4vllm30reshape_and_cache_flash_kernelI13__nv_bfloat16S1_LNS_18Fp8KVCacheDataTypeE0EEEvPKT_S5_PT0_S7_PKlllllliiiPKfSB_i--2,L2_cache_stats_breakdown[GLOBAL_ACC_W][TOTAL_ACCESS],16.0,16.0,\s+L2_cache_stats_breakdown\[GLOBAL_ACC_W\]\[TOTAL_ACCESS\]\s*=\s*(.*)
instance,llm_layer,layer,H100-SASS-Accelwattch_SASS_SIM,_ZN7cutlass13device_kernelIN5flash20enable_sm90_or_laterINS1_16FlashAttnFwdSm90INS1_25CollectiveMainloopFwdSm90ILi2EN4cute5tupleIJNS5_1CILi1EEES8_S8_EEENS6_IJNS7_ILi64EEENS7_ILi192EEESA_EEELi64ENS_10bfloat16_tEfNS_4arch4Sm90ELb0ELb0ELb0ELb1ELb1ELb0ELb0ELb1ELb1ELb1ELb0ELb0ESD_Li1EEENS1_21CollectiveEpilogueFwdINS6_IJSA_SA_SB_EEES9_SD_SF_Li128ELb1ELb1ELb0ELb0ELi1EEENS1_36VarlenDynamicPersistentTileSchedulerILi64ELi192ELi128ELi128ELb0ELb1ELb1ELb0ELb0ELb1EEEEEEEEEvNT_6ParamsE--1,L2_cache_stats_breakdown[GLOBAL_ACC_W][TOTAL_ACCESS],59.0,59.0,\s+L2_cache_stats_breakdown\[GLOBAL_ACC_W\]\[TOTAL_ACCESS\]\s*=\s*(.*)
instance,llm_layer,layer,H100-SASS-Accelwattch_SASS_SIM,_ZN2at6native29vectorized_elementwise_kernelILi4ENS0_11FillFunctorIiEESt5arrayIPcLm1EEEEviT0_T1_--2,L2_cache_stats_breakdown[GLOBAL_ACC_W][TOTAL_ACCESS],1.0,1.0,\s+L2_cache_stats_breakdown\[GLOBAL_ACC_W\]\[TOTAL_ACCESS\]\s*=\s*(.*)
instance,llm_layer,layer,H100-SASS-Accelwattch_SASS_SIM,nvjet_sm90_tst_64x8_64x16_4x1_v_bz_TNT--1,L2_cache_stats_breakdown[GLOBAL_ACC_W][TOTAL_ACCESS],56.0,56.0,\s+L2_cache_stats_breakdown\[GLOBAL_ACC_W\]\[TOTAL_ACCESS\]\s*=\s*(.*)
instance,llm_layer,layer,H100-SASS-Accelwattch_SASS_SIM,_ZN4vllm25fused_add_rms_norm_kernelIN3c108BFloat16ELi8ELb1EEENSt9enable_ifIXaagtT0_Li0Esr4vllm12_typeConvertIT_EE6existsEvE4typeEPS4_lS7_PKS4_fiil--5,L2_cache_stats_breakdown[GLOBAL_ACC_W][TOTAL_ACCESS],112.0,112.0,\s+L2_cache_stats_breakdown\[GLOBAL_ACC_W\]\[TOTAL_ACCESS\]\s*=\s*(.*)
instance,llm_layer,layer,H100-SASS-Accelwattch_SASS_SIM,nvjet_sm90_tst_128x8_64x12_4x1_v_bz_TNT--1,L2_cache_stats_breakdown[GLOBAL_ACC_W][TOTAL_ACCESS],608.0,608.0,\s+L2_cache_stats_breakdown\[GLOBAL_ACC_W\]\[TOTAL_ACCESS\]\s*=\s*(.*)
instance,llm_layer,layer,H100-SASS-Accelwattch_SASS_SIM,_ZN4vllm18act_and_mul_kernelIN3c108BFloat16E14__nv_bfloat162XadL_ZNS_11silu_kernelIS2_EET_RKS5_fEEXadL_ZNS_18packed_silu_kernelIS3_EES5_S7_fEELb1ELb1ELb0ELb0EEEvPS5_PS6_ifff--2,L2_cache_stats_breakdown[GLOBAL_ACC_W][TOTAL_ACCESS],304.0,304.0,\s+L2_cache_stats_breakdown\[GLOBAL_ACC_W\]\[TOTAL_ACCESS\]\s*=\s*(.*)
instance,llm_layer,layer,H100-SASS-Accelwattch_SASS_SIM,nvjet_sm90_tst_64x8_64x16_4x1_v_bz_splitK_TNT--1,L2_cache_stats_breakdown[GLOBAL_ACC_W][TOTAL_ACCESS],336.0,336.0,\s+L2_cache_stats_breakdown\[GLOBAL_ACC_W\]\[TOTAL_ACCESS\]\s*=\s*(.*)
instance,llm_layer,layer,H100-SASS-Accelwattch_SASS_SIM,_ZN8cublasLt19splitKreduce_kernelILi32ELi16Eif13__nv_bfloat16fS1_Lb0EfS1_S1_Lb1ELb0ELb0ELb0EEEvNS_18cublasSplitKParamsIT4_EEPKT2_PKT8_PT7_PT3_PKS3_SG_PKT9_S7_PSH_PvlPS3_PiSM_SM_SG_SG_SG_SG_SG_--2,L2_cache_stats_breakdown[GLOBAL_ACC_W][TOTAL_ACCESS],56.0,56.0,\s+L2_cache_stats_breakdown\[GLOBAL_ACC_W\]\[TOTAL_ACCESS\]\s*=\s*(.*)
instance,llm_layer,layer,H100-SASS-Accelwattch_SASS_SIM,_ZN4vllm25fused_add_rms_norm_kernelIN3c108BFloat16ELi8ELb1EEENSt9enable_ifIXaagtT0_Li0Esr4vllm12_typeConvertIT_EE6existsEvE4typeEPS4_lS7_PKS4_fiil--6,L2_cache_stats_breakdown[GLOBAL_ACC_W][TOTAL_ACCESS],112.0,112.0,\s+L2_cache_stats_breakdown\[GLOBAL_ACC_W\]\[TOTAL_ACCESS\]\s*=\s*(.*)
instance,llm_layer,layer,H100-SASS-Accelwattch_SASS_SIM,nvjet_sm90_tst_64x8_64x16_4x1_v_bz_bias_TNT--2,L2_cache_stats_breakdown[GLOBAL_ACC_W][TOTAL_ACCESS],72.0,72.0,\s+L2_cache_stats_breakdown\[GLOBAL_ACC_W\]\[TOTAL_ACCESS\]\s*=\s*(.*)
instance,llm_layer,layer,H100-SASS-Accelwattch_SASS_SIM,_ZN4vllm23rotary_embedding_kernelIN3c108BFloat16ES2_Lb1EEEvPKlPT_S6_PKT0_illliiilb--3,L2_cache_stats_breakdown[GLOBAL_ACC_W][TOTAL_ACCESS],64.0,64.0,\s+L2_cache_stats_breakdown\[GLOBAL_ACC_W\]\[TOTAL_ACCESS\]\s*=\s*(.*)
instance,llm_layer,layer,H100-SASS-Accelwattch_SASS_SIM,_ZN4vllm30reshape_and_cache_flash_kernelI13__nv_bfloat16S1_LNS_18Fp8KVCacheDataTypeE0EEEvPKT_S5_PT0_S7_PKlllllliiiPKfSB_i--3,L2_cache_stats_breakdown[GLOBAL_ACC_W][TOTAL_ACCESS],16.0,16.0,\s+L2_cache_stats_breakdown\[GLOBAL_ACC_W\]\[TOTAL_ACCESS\]\s*=\s*(.*)
instance,llm_layer,layer,H100-SASS-Accelwattch_SASS_SIM,_ZN7cutlass13device_kernelIN5flash20enable_sm90_or_laterINS1_16FlashAttnFwdSm90INS1_25CollectiveMainloopFwdSm90ILi2EN4cute5tupleIJNS5_1CILi1EEES8_S8_EEENS6_IJNS7_ILi64EEENS7_ILi192EEESA_EEELi64ENS_10bfloat16_tEfNS_4arch4Sm90ELb0ELb0ELb0ELb1ELb1ELb0ELb0ELb1ELb1ELb1ELb0ELb0ESD_Li1EEENS1_21CollectiveEpilogueFwdINS6_IJSA_SA_SB_EEES9_SD_SF_Li128ELb1ELb1ELb0ELb0ELi1EEENS1_36VarlenDynamicPersistentTileSchedulerILi64ELi192ELi128ELi128ELb0ELb1ELb1ELb0ELb0ELb1EEEEEEEEEvNT_6ParamsE--2,L2_cache_stats_breakdown[GLOBAL_ACC_W][TOTAL_ACCESS],59.0,59.0,\s+L2_cache_stats_breakdown\[GLOBAL_ACC_W\]\[TOTAL_ACCESS\]\s*=\s*(.*)
instance,llm_layer,layer,H100-SASS-Accelwattch_SASS_SIM,_ZN2at6native29vectorized_elementwise_kernelILi4ENS0_11FillFunctorIiEESt5arrayIPcLm1EEEEviT0_T1_--3,L2_cache_stats_breakdown[GLOBAL_ACC_W][TOTAL_ACCESS],1.0,1.0,\s+L2_cache_stats_breakdown\[GLOBAL_ACC_W\]\[TOTAL_ACCESS\]\s*=\s*(.*)
instance,llm_layer,layer,H100-SASS-Accelwattch_SASS_SIM,nvjet_sm90_tst_64x8_64x16_4x1_v_bz_TNT--2,L2_cache_stats_breakdown[GLOBAL_ACC_W][TOTAL_ACCESS],56.0,56.0,\s+L2_cache_stats_breakdown\[GLOBAL_ACC_W\]\[TOTAL_ACCESS\]\s*=\s*(.*)
instance,llm_layer,layer,H100-SASS-Accelwattch_SASS_SIM,_ZN4vllm25fused_add_rms_norm_kernelIN3c108BFloat16ELi8ELb1EEENSt9enable_ifIXaagtT0_Li0Esr4vllm12_typeConvertIT_EE6existsEvE4typeEPS4_lS7_PKS4_fiil--7,L2_cache_stats_breakdown[GLOBAL_ACC_W][TOTAL_ACCESS],112.0,112.0,\s+L2_cache_stats_breakdown\[GLOBAL_ACC_W\]\[TOTAL_ACCESS\]\s*=\s*(.*)
instance,llm_layer,layer,H100-SASS-Accelwattch_SASS_SIM,nvjet_sm90_tst_128x8_64x12_4x1_v_bz_TNT--2,L2_cache_stats_breakdown[GLOBAL_ACC_W][TOTAL_ACCESS],608.0,608.0,\s+L2_cache_stats_breakdown\[GLOBAL_ACC_W\]\[TOTAL_ACCESS\]\s*=\s*(.*)
instance,llm_layer,layer,H100-SASS-Accelwattch_SASS_SIM,_ZN4vllm18act_and_mul_kernelIN3c108BFloat16E14__nv_bfloat162XadL_ZNS_11silu_kernelIS2_EET_RKS5_fEEXadL_ZNS_18packed_silu_kernelIS3_EES5_S7_fEELb1ELb1ELb0ELb0EEEvPS5_PS6_ifff--3,L2_cache_stats_breakdown[GLOBAL_ACC_W][TOTAL_ACCESS],304.0,304.0,\s+L2_cache_stats_breakdown\[GLOBAL_ACC_W\]\[TOTAL_ACCESS\]\s*=\s*(.*)
instance,llm_layer,layer,H100-SASS-Accelwattch_SASS_SIM,nvjet_sm90_tst_64x8_64x16_4x1_v_bz_splitK_TNT--2,L2_cache_stats_breakdown[GLOBAL_ACC_W][TOTAL_ACCESS],336.0,336.0,\s+L2_cache_stats_breakdown\[GLOBAL_ACC_W\]\[TOTAL_ACCESS\]\s*=\s*(.*)
instance,llm_layer,layer,H100-SASS-Accelwattch_SASS_SIM,_ZN8cublasLt19splitKreduce_kernelILi32ELi16Eif13__nv_bfloat16fS1_Lb0EfS1_S1_Lb1ELb0ELb0ELb0EEEvNS_18cublasSplitKParamsIT4_EEPKT2_PKT8_PT7_PT3_PKS3_SG_PKT9_S7_PSH_PvlPS3_PiSM_SM_SG_SG_SG_SG_SG_--3,L2_cache_stats_breakdown[GLOBAL_ACC_W][TOTAL_ACCESS],56.0,56.0,\s+L2_cache_stats_breakdown\[GLOBAL_ACC_W\]\[TOTAL_ACCESS\]\s*=\s*(.*)
instance,llm_layer,layer,H100-SASS-Accelwattch_SASS_SIM,_ZN4vllm25fused_add_rms_norm_kernelIN3c108BFloat16ELi8ELb1EEENSt9enable_ifIXaagtT0_Li0Esr4vllm12_typeConvertIT_EE6existsEvE4typeEPS4_lS7_PKS4_fiil--8,L2_cache_stats_breakdown[GLOBAL_ACC_W][TOTAL_ACCESS],112.0,112.0,\s+L2_cache_stats_breakdown\[GLOBAL_ACC_W\]\[TOTAL_ACCESS\]\s*=\s*(.*)
instance,llm_layer,layer,H100-SASS-Accelwattch_SASS_SIM,nvjet_sm90_tst_64x8_64x16_4x1_v_bz_bias_TNT--3,L2_cache_stats_breakdown[GLOBAL_ACC_W][TOTAL_ACCESS],72.0,72.0,\s+L2_cache_stats_breakdown\[GLOBAL_ACC_W\]\[TOTAL_ACCESS\]\s*=\s*(.*)
instance,llm_layer,layer,H100-SASS-Accelwattch_SASS_SIM,_ZN4vllm23rotary_embedding_kernelIN3c108BFloat16ES2_Lb1EEEvPKlPT_S6_PKT0_illliiilb--4,L2_cache_stats_breakdown[GLOBAL_ACC_W][TOTAL_ACCESS],64.0,64.0,\s+L2_cache_stats_breakdown\[GLOBAL_ACC_W\]\[TOTAL_ACCESS\]\s*=\s*(.*)
instance,llm_layer,layer,H100-SASS-Accelwattch_SASS_SIM,_ZN4vllm30reshape_and_cache_flash_kernelI13__nv_bfloat16S1_LNS_18Fp8KVCacheDataTypeE0EEEvPKT_S5_PT0_S7_PKlllllliiiPKfSB_i--4,L2_cache_stats_breakdown[GLOBAL_ACC_W][TOTAL_ACCESS],16.0,16.0,\s+L2_cache_stats_breakdown\[GLOBAL_ACC_W\]\[TOTAL_ACCESS\]\s*=\s*(.*)
instance,llm_layer,layer,H100-SASS-Accelwattch_SASS_SIM,_ZN7cutlass13device_kernelIN5flash20enable_sm90_or_laterINS1_16FlashAttnFwdSm90INS1_25CollectiveMainloopFwdSm90ILi2EN4cute5tupleIJNS5_1CILi1EEES8_S8_EEENS6_IJNS7_ILi64EEENS7_ILi192EEESA_EEELi64ENS_10bfloat16_tEfNS_4arch4Sm90ELb0ELb0ELb0ELb1ELb1ELb0ELb0ELb1ELb1ELb1ELb0ELb0ESD_Li1EEENS1_21CollectiveEpilogueFwdINS6_IJSA_SA_SB_EEES9_SD_SF_Li128ELb1ELb1ELb0ELb0ELi1EEENS1_36VarlenDynamicPersistentTileSchedulerILi64ELi192ELi128ELi128ELb0ELb1ELb1ELb0ELb0ELb1EEEEEEEEEvNT_6ParamsE--3,L2_cache_stats_breakdown[GLOBAL_ACC_W][TOTAL_ACCESS],59.0,59.0,\s+L2_cache_stats_breakdown\[GLOBAL_ACC_W\]\[TOTAL_ACCESS\]\s*=\s*(.*)
instance,llm_layer,layer,H100-SASS-Accelwattch_SASS_SIM,_ZN2at6native29vectorized_elementwise_kernelILi4ENS0_11FillFunctorIiEESt5arrayIPcLm1EEEEviT0_T1_--4,L2_cache_stats_breakdown[GLOBAL_ACC_W][TOTAL_ACCESS],1.0,1.0,\s+L2_cache_stats_breakdown\[GLOBAL_ACC_W\]\[TOTAL_ACCESS\]\s*=\s*(.*)
instance,llm_layer,layer,H100-SASS-Accelwattch_SASS_SIM,nvjet_sm90_tst_64x8_64x16_4x1_v_bz_TNT--3,L2_cache_stats_breakdown[GLOBAL_ACC_W][TOTAL_ACCESS],56.0,56.0,\s+L2_cache_stats_breakdown\[GLOBAL_ACC_W\]\[TOTAL_ACCESS\]\s*=\s*(.*)
instance,llm_layer,layer,H100-SASS-Accelwattch_SASS_SIM,_ZN4vllm25fused_add_rms_norm_kernelIN3c108BFloat16ELi8ELb1EEENSt9enable_ifIXaagtT0_Li0Esr4vllm12_typeConvertIT_EE6existsEvE4typeEPS4_lS7_PKS4_fiil--9,L2_cache_stats_breakdown[GLOBAL_ACC_W][TOTAL_ACCESS],112.0,112.0,\s+L2_cache_stats_breakdown\[GLOBAL_ACC_W\]\[TOTAL_ACCESS\]\s*=\s*(.*)
instance,llm_layer,layer,H100-SASS-Accelwattch_SASS_SIM,nvjet_sm90_tst_128x8_64x12_4x1_v_bz_TNT--3,L2_cache_stats_breakdown[GLOBAL_ACC_W][TOTAL_ACCESS],608.0,608.0,\s+L2_cache_stats_breakdown\[GLOBAL_ACC_W\]\[TOTAL_ACCESS\]\s*=\s*(.*)
instance,llm_layer,layer,H100-SASS-Accelwattch_SASS_SIM,_ZN4vllm18act_and_mul_kernelIN3c108BFloat16E14__nv_bfloat162XadL_ZNS_11silu_kernelIS2_EET_RKS5_fEEXadL_ZNS_18packed_silu_kernelIS3_EES5_S7_fEELb1ELb1ELb0ELb0EEEvPS5_PS6_ifff--4,L2_cache_stats_breakdown[GLOBAL_ACC_W][TOTAL_ACCESS],304.0,304.0,\s+L2_cache_stats_breakdown\[GLOBAL_ACC_W\]\[TOTAL_ACCESS\]\s*=\s*(.*)
instance,llm_layer,layer,H100-SASS-Accelwattch_SASS_SIM,nvjet_sm90_tst_64x8_64x16_4x1_v_bz_splitK_TNT--3,L2_cache_stats_breakdown[GLOBAL_ACC_W][TOTAL_ACCESS],336.0,336.0,\s+L2_cache_stats_breakdown\[GLOBAL_ACC_W\]\[TOTAL_ACCESS\]\s*=\s*(.*)
instance,llm_layer,layer,H100-SASS-Accelwattch_SASS_SIM,_ZN8cublasLt19splitKreduce_kernelILi32ELi16Eif13__nv_bfloat16fS1_Lb0EfS1_S1_Lb1ELb0ELb0ELb0EEEvNS_18cublasSplitKParamsIT4_EEPKT2_PKT8_PT7_PT3_PKS3_SG_PKT9_S7_PSH_PvlPS3_PiSM_SM_SG_SG_SG_SG_SG_--4,L2_cache_stats_breakdown[GLOBAL_ACC_W][TOTAL_ACCESS],56.0,56.0,\s+L2_cache_stats_breakdown\[GLOBAL_ACC_W\]\[TOTAL_ACCESS\]\s*=\s*(.*)
instance,llm_layer,layer,H100-SASS-Accelwattch_SASS_SIM,_ZN4vllm25fused_add_rms_norm_kernelIN3c108BFloat16ELi8ELb1EEENSt9enable_ifIXaagtT0_Li0Esr4vllm12_typeConvertIT_EE6existsEvE4typeEPS4_lS7_PKS4_fiil--10,L2_cache_stats_breakdown[GLOBAL_ACC_W][TOTAL_ACCESS],112.0,112.0,\s+L2_cache_stats_breakdown\[GLOBAL_ACC_W\]\[TOTAL_ACCESS\]\s*=\s*(.*)
instance,llm_layer,layer,H100-SASS-Accelwattch_SASS_SIM,nvjet_sm90_tst_64x8_64x16_4x1_v_bz_bias_TNT--4,L2_cache_stats_breakdown[GLOBAL_ACC_W][TOTAL_ACCESS],72.0,72.0,\s+L2_cache_stats_breakdown\[GLOBAL_ACC_W\]\[TOTAL_ACCESS\]\s*=\s*(.*)
instance,llm_layer,layer,H100-SASS-Accelwattch_SASS_SIM,_ZN4vllm23rotary_embedding_kernelIN3c108BFloat16ES2_Lb1EEEvPKlPT_S6_PKT0_illliiilb--5,L2_cache_stats_breakdown[GLOBAL_ACC_W][TOTAL_ACCESS],64.0,64.0,\s+L2_cache_stats_breakdown\[GLOBAL_ACC_W\]\[TOTAL_ACCESS\]\s*=\s*(.*)
instance,llm_layer,layer,H100-SASS-Accelwattch_SASS_SIM,_ZN4vllm30reshape_and_cache_flash_kernelI13__nv_bfloat16S1_LNS_18Fp8KVCacheDataTypeE0EEEvPKT_S5_PT0_S7_PKlllllliiiPKfSB_i--5,L2_cache_stats_breakdown[GLOBAL_ACC_W][TOTAL_ACCESS],16.0,16.0,\s+L2_cache_stats_breakdown\[GLOBAL_ACC_W\]\[TOTAL_ACCESS\]\s*=\s*(.*)
instance,llm_layer,layer,H100-SASS-Accelwattch_SASS_SIM,_ZN7cutlass13device_kernelIN5flash20enable_sm90_or_laterINS1_16FlashAttnFwdSm90INS1_25CollectiveMainloopFwdSm90ILi2EN4cute5tupleIJNS5_1CILi1EEES8_S8_EEENS6_IJNS7_ILi64EEENS7_ILi192EEESA_EEELi64ENS_10bfloat16_tEfNS_4arch4Sm90ELb0ELb0ELb0ELb1ELb1ELb0ELb0ELb1ELb1ELb1ELb0ELb0ESD_Li1EEENS1_21CollectiveEpilogueFwdINS6_IJSA_SA_SB_EEES9_SD_SF_Li128ELb1ELb1ELb0ELb0ELi1EEENS1_36VarlenDynamicPersistentTileSchedulerILi64ELi192ELi128ELi128ELb0ELb1ELb1ELb0ELb0ELb1EEEEEEEEEvNT_6ParamsE--4,L2_cache_stats_breakdown[GLOBAL_ACC_W][TOTAL_ACCESS],59.0,59.0,\s+L2_cache_stats_breakdown\[GLOBAL_ACC_W\]\[TOTAL_ACCESS\]\s*=\s*(.*)
instance,llm_layer,layer,H100-SASS-Accelwattch_SASS_SIM,_ZN2at6native29vectorized_elementwise_kernelILi4ENS0_11FillFunctorIiEESt5arrayIPcLm1EEEEviT0_T1_--5,L2_cache_stats_breakdown[GLOBAL_ACC_W][TOTAL_ACCESS],1.0,1.0,\s+L2_cache_stats_breakdown\[GLOBAL_ACC_W\]\[TOTAL_ACCESS\]\s*=\s*(.*)
instance,llm_layer,layer,H100-SASS-Accelwattch_SASS_SIM,nvjet_sm90_tst_64x8_64x16_4x1_v_bz_TNT--4,L2_cache_stats_breakdown[GLOBAL_ACC_W][TOTAL_ACCESS],56.0,56.0,\s+L2_cache_stats_breakdown\[GLOBAL_ACC_W\]\[TOTAL_ACCESS\]\s*=\s*(.*)
instance,llm_layer,layer,H100-SASS-Accelwattch_SASS_SIM,_ZN4vllm25fused_add_rms_norm_kernelIN3c108BFloat16ELi8ELb1EEENSt9enable_ifIXaagtT0_Li0Esr4vllm12_typeConvertIT_EE6existsEvE4typeEPS4_lS7_PKS4_fiil--11,L2_cache_stats_breakdown[GLOBAL_ACC_W][TOTAL_ACCESS],112.0,112.0,\s+L2_cache_stats_breakdown\[GLOBAL_ACC_W\]\[TOTAL_ACCESS\]\s*=\s*(.*)
instance,llm_layer,layer,H100-SASS-Accelwattch_SASS_SIM,nvjet_sm90_tst_128x8_64x12_4x1_v_bz_TNT--4,L2_cache_stats_breakdown[GLOBAL_ACC_W][TOTAL_ACCESS],608.0,608.0,\s+L2_cache_stats_breakdown\[GLOBAL_ACC_W\]\[TOTAL_ACCESS\]\s*=\s*(.*)
instance,llm_layer,layer,H100-SASS-Accelwattch_SASS_SIM,_ZN4vllm18act_and_mul_kernelIN3c108BFloat16E14__nv_bfloat162XadL_ZNS_11silu_kernelIS2_EET_RKS5_fEEXadL_ZNS_18packed_silu_kernelIS3_EES5_S7_fEELb1ELb1ELb0ELb0EEEvPS5_PS6_ifff--5,L2_cache_stats_breakdown[GLOBAL_ACC_W][TOTAL_ACCESS],304.0,304.0,\s+L2_cache_stats_breakdown\[GLOBAL_ACC_W\]\[TOTAL_ACCESS\]\s*=\s*(.*)
instance,llm_layer,layer,H100-SASS-Accelwattch_SASS_SIM,nvjet_sm90_tst_64x8_64x16_4x1_v_bz_splitK_TNT--4,L2_cache_stats_breakdown[GLOBAL_ACC_W][TOTAL_ACCESS],336.0,336.0,\s+L2_cache_stats_breakdown\[GLOBAL_ACC_W\]\[TOTAL_ACCESS\]\s*=\s*(.*)
instance,llm_layer,layer,H100-SASS-Accelwattch_SASS_SIM,_ZN8cublasLt19splitKreduce_kernelILi32ELi16Eif13__nv_bfloat16fS1_Lb0EfS1_S1_Lb1ELb0ELb0ELb0EEEvNS_18cublasSplitKParamsIT4_EEPKT2_PKT8_PT7_PT3_PKS3_SG_PKT9_S7_PSH_PvlPS3_PiSM_SM_SG_SG_SG_SG_SG_--5,L2_cache_stats_breakdown[GLOBAL_ACC_W][TOTAL_ACCESS],56.0,56.0,\s+L2_cache_stats_breakdown\[GLOBAL_ACC_W\]\[TOTAL_ACCESS\]\s*=\s*(.*)
instance,llm_layer,layer,H100-SASS-Accelwattch_SASS_SIM,_ZN4vllm25fused_add_rms_norm_kernelIN3c108BFloat16ELi8ELb1EEENSt9enable_ifIXaagtT0_Li0Esr4vllm12_typeConvertIT_EE6existsEvE4typeEPS4_lS7_PKS4_fiil--12,L2_cache_stats_breakdown[GLOBAL_ACC_W][TOTAL_ACCESS],112.0,112.0,\s+L2_cache_stats_breakdown\[GLOBAL_ACC_W\]\[TOTAL_ACCESS\]\s*=\s*(.*)
instance,llm_layer,layer,H100-SASS-Accelwattch_SASS_SIM,nvjet_sm90_tst_64x8_64x16_4x1_v_bz_bias_TNT--5,L2_cache_stats_breakdown[GLOBAL_ACC_W][TOTAL_ACCESS],72.0,72.0,\s+L2_cache_stats_breakdown\[GLOBAL_ACC_W\]\[TOTAL_ACCESS\]\s*=\s*(.*)
instance,llm_layer,layer,H100-SASS-Accelwattch_SASS_SIM,_ZN4vllm23rotary_embedding_kernelIN3c108BFloat16ES2_Lb1EEEvPKlPT_S6_PKT0_illliiilb--6,L2_cache_stats_breakdown[GLOBAL_ACC_W][TOTAL_ACCESS],64.0,64.0,\s+L2_cache_stats_breakdown\[GLOBAL_ACC_W\]\[TOTAL_ACCESS\]\s*=\s*(.*)
instance,llm_layer,layer,H100-SASS-Accelwattch_SASS_SIM,_ZN4vllm30reshape_and_cache_flash_kernelI13__nv_bfloat16S1_LNS_18Fp8KVCacheDataTypeE0EEEvPKT_S5_PT0_S7_PKlllllliiiPKfSB_i--6,L2_cache_stats_breakdown[GLOBAL_ACC_W][TOTAL_ACCESS],16.0,16.0,\s+L2_cache_stats_breakdown\[GLOBAL_ACC_W\]\[TOTAL_ACCESS\]\s*=\s*(.*)
instance,llm_layer,layer,H100-SASS-Accelwattch_SASS_SIM,_ZN7cutlass13device_kernelIN5flash20enable_sm90_or_laterINS1_16FlashAttnFwdSm90INS1_25CollectiveMainloopFwdSm90ILi2EN4cute5tupleIJNS5_1CILi1EEES8_S8_EEENS6_IJNS7_ILi64EEENS7_ILi192EEESA_EEELi64ENS_10bfloat16_tEfNS_4arch4Sm90ELb0ELb0ELb0ELb1ELb1ELb0ELb0ELb1ELb1ELb1ELb0ELb0ESD_Li1EEENS1_21CollectiveEpilogueFwdINS6_IJSA_SA_SB_EEES9_SD_SF_Li128ELb1ELb1ELb0ELb0ELi1EEENS1_36VarlenDynamicPersistentTileSchedulerILi64ELi192ELi128ELi128ELb0ELb1ELb1ELb0ELb0ELb1EEEEEEEEEvNT_6ParamsE--5,L2_cache_stats_breakdown[GLOBAL_ACC_W][TOTAL_ACCESS],59.0,59.0,\s+L2_cache_stats_breakdown\[GLOBAL_ACC_W\]\[TOTAL_ACCESS\]\s*=\s*(.*)
instance,llm_layer,layer,H100-SASS-Accelwattch_SASS_SIM,_ZN2at6native29vectorized_elementwise_kernelILi4ENS0_11FillFunctorIiEESt5arrayIPcLm1EEEEviT0_T1_--6,L2_cache_stats_breakdown[GLOBAL_ACC_W][TOTAL_ACCESS],1.0,1.0,\s+L2_cache_stats_breakdown\[GLOBAL_ACC_W\]\[TOTAL_ACCESS\]\s*=\s*(.*)
instance,llm_layer,layer,H100-SASS-Accelwattch_SASS_SIM,nvjet_sm90_tst_64x8_64x16_4x1_v_bz_TNT--5,L2_cache_stats_breakdown[GLOBAL_ACC_W][TOTAL_ACCESS],56.0,56.0,\s+L2_cache_stats_breakdown\[GLOBAL_ACC_W\]\[TOTAL_ACCESS\]\s*=\s*(.*)
instance,llm_layer,layer,H100-SASS-Accelwattch_SASS_SIM,_ZN4vllm25fused_add_rms_norm_kernelIN3c108BFloat16ELi8ELb1EEENSt9enable_ifIXaagtT0_Li0Esr4vllm12_typeConvertIT_EE6existsEvE4typeEPS4_lS7_PKS4_fiil--13,L2_cache_stats_breakdown[GLOBAL_ACC_W][TOTAL_ACCESS],112.0,112.0,\s+L2_cache_stats_breakdown\[GLOBAL_ACC_W\]\[TOTAL_ACCESS\]\s*=\s*(.*)
instance,llm_layer,layer,H100-SASS-Accelwattch_SASS_SIM,nvjet_sm90_tst_128x8_64x12_4x1_v_bz_TNT--5,L2_cache_stats_breakdown[GLOBAL_ACC_W][TOTAL_ACCESS],608.0,608.0,\s+L2_cache_stats_breakdown\[GLOBAL_ACC_W\]\[TOTAL_ACCESS\]\s*=\s*(.*)
instance,llm_layer,layer,H100-SASS-Accelwattch_SASS_SIM,_ZN4vllm18act_and_mul_kernelIN3c108BFloat16E14__nv_bfloat162XadL_ZNS_11silu_kernelIS2_EET_RKS5_fEEXadL_ZNS_18packed_silu_kernelIS3_EES5_S7_fEELb1ELb1ELb0ELb0EEEvPS5_PS6_ifff--6,L2_cache_stats_breakdown[GLOBAL_ACC_W][TOTAL_ACCESS],304.0,304.0,\s+L2_cache_stats_breakdown\[GLOBAL_ACC_W\]\[TOTAL_ACCESS\]\s*=\s*(.*)
instance,llm_layer,layer,H100-SASS-Accelwattch_SASS_SIM,nvjet_sm90_tst_64x8_64x16_4x1_v_bz_splitK_TNT--5,L2_cache_stats_breakdown[GLOBAL_ACC_W][TOTAL_ACCESS],336.0,336.0,\s+L2_cache_stats_breakdown\[GLOBAL_ACC_W\]\[TOTAL_ACCESS\]\s*=\s*(.*)
instance,llm_layer,layer,H100-SASS-Accelwattch_SASS_SIM,_ZN8cublasLt19splitKreduce_kernelILi32ELi16Eif13__nv_bfloat16fS1_Lb0EfS1_S1_Lb1ELb0ELb0ELb0EEEvNS_18cublasSplitKParamsIT4_EEPKT2_PKT8_PT7_PT3_PKS3_SG_PKT9_S7_PSH_PvlPS3_PiSM_SM_SG_SG_SG_SG_SG_--6,L2_cache_stats_breakdown[GLOBAL_ACC_W][TOTAL_ACCESS],56.0,56.0,\s+L2_cache_stats_breakdown\[GLOBAL_ACC_W\]\[TOTAL_ACCESS\]\s*=\s*(.*)
instance,llm_layer,layer,H100-SASS-Accelwattch_SASS_SIM,_ZN4vllm25fused_add_rms_norm_kernelIN3c108BFloat16ELi8ELb1EEENSt9enable_ifIXaagtT0_Li0Esr4vllm12_typeConvertIT_EE6existsEvE4typeEPS4_lS7_PKS4_fiil--14,L2_cache_stats_breakdown[GLOBAL_ACC_W][TOTAL_ACCESS],112.0,112.0,\s+L2_cache_stats_breakdown\[GLOBAL_ACC_W\]\[TOTAL_ACCESS\]\s*=\s*(.*)
instance,llm_layer,layer,H100-SASS-Accelwattch_SASS_SIM,nvjet_sm90_tst_64x8_64x16_4x1_v_bz_bias_TNT--6,L2_cache_stats_breakdown[GLOBAL_ACC_W][TOTAL_ACCESS],72.0,72.0,\s+L2_cache_stats_breakdown\[GLOBAL_ACC_W\]\[TOTAL_ACCESS\]\s*=\s*(.*)
instance,llm_layer,layer,H100-SASS-Accelwattch_SASS_SIM,_ZN4vllm23rotary_embedding_kernelIN3c108BFloat16ES2_Lb1EEEvPKlPT_S6_PKT0_illliiilb--7,L2_cache_stats_breakdown[GLOBAL_ACC_W][TOTAL_ACCESS],64.0,64.0,\s+L2_cache_stats_breakdown\[GLOBAL_ACC_W\]\[TOTAL_ACCESS\]\s*=\s*(.*)
instance,llm_layer,layer,H100-SASS-Accelwattch_SASS_SIM,_ZN4vllm30reshape_and_cache_flash_kernelI13__nv_bfloat16S1_LNS_18Fp8KVCacheDataTypeE0EEEvPKT_S5_PT0_S7_PKlllllliiiPKfSB_i--7,L2_cache_stats_breakdown[GLOBAL_ACC_W][TOTAL_ACCESS],16.0,16.0,\s+L2_cache_stats_breakdown\[GLOBAL_ACC_W\]\[TOTAL_ACCESS\]\s*=\s*(.*)
instance,llm_layer,layer,H100-SASS-Accelwattch_SASS_SIM,_ZN7cutlass13device_kernelIN5flash20enable_sm90_or_laterINS1_16FlashAttnFwdSm90INS1_25CollectiveMainloopFwdSm90ILi2EN4cute5tupleIJNS5_1CILi1EEES8_S8_EEENS6_IJNS7_ILi64EEENS7_ILi192EEESA_EEELi64ENS_10bfloat16_tEfNS_4arch4Sm90ELb0ELb0ELb0ELb1ELb1ELb0ELb0ELb1ELb1ELb1ELb0ELb0ESD_Li1EEENS1_21CollectiveEpilogueFwdINS6_IJSA_SA_SB_EEES9_SD_SF_Li128ELb1ELb1ELb0ELb0ELi1EEENS1_36VarlenDynamicPersistentTileSchedulerILi64ELi192ELi128ELi128ELb0ELb1ELb1ELb0ELb0ELb1EEEEEEEEEvNT_6ParamsE--6,L2_cache_stats_breakdown[GLOBAL_ACC_W][TOTAL_ACCESS],59.0,59.0,\s+L2_cache_stats_breakdown\[GLOBAL_ACC_W\]\[TOTAL_ACCESS\]\s*=\s*(.*)
instance,llm_layer,layer,H100-SASS-Accelwattch_SASS_SIM,_ZN2at6native29vectorized_elementwise_kernelILi4ENS0_11FillFunctorIiEESt5arrayIPcLm1EEEEviT0_T1_--7,L2_cache_stats_breakdown[GLOBAL_ACC_W][TOTAL_ACCESS],1.0,1.0,\s+L2_cache_stats_breakdown\[GLOBAL_ACC_W\]\[TOTAL_ACCESS\]\s*=\s*(.*)
instance,llm_layer,layer,H100-SASS-Accelwattch_SASS_SIM,nvjet_sm90_tst_64x8_64x16_4x1_v_bz_TNT--6,L2_cache_stats_breakdown[GLOBAL_ACC_W][TOTAL_ACCESS],56.0,56.0,\s+L2_cache_stats_breakdown\[GLOBAL_ACC_W\]\[TOTAL_ACCESS\]\s*=\s*(.*)
instance,llm_layer,layer,H100-SASS-Accelwattch_SASS_SIM,_ZN4vllm25fused_add_rms_norm_kernelIN3c108BFloat16ELi8ELb1EEENSt9enable_ifIXaagtT0_Li0Esr4vllm12_typeConvertIT_EE6existsEvE4typeEPS4_lS7_PKS4_fiil--15,L2_cache_stats_breakdown[GLOBAL_ACC_W][TOTAL_ACCESS],112.0,112.0,\s+L2_cache_stats_breakdown\[GLOBAL_ACC_W\]\[TOTAL_ACCESS\]\s*=\s*(.*)
instance,llm_layer,layer,H100-SASS-Accelwattch_SASS_SIM,nvjet_sm90_tst_128x8_64x12_4x1_v_bz_TNT--6,L2_cache_stats_breakdown[GLOBAL_ACC_W][TOTAL_ACCESS],608.0,608.0,\s+L2_cache_stats_breakdown\[GLOBAL_ACC_W\]\[TOTAL_ACCESS\]\s*=\s*(.*)
instance,llm_layer,layer,H100-SASS-Accelwattch_SASS_SIM,_ZN4vllm18act_and_mul_kernelIN3c108BFloat16E14__nv_bfloat162XadL_ZNS_11silu_kernelIS2_EET_RKS5_fEEXadL_ZNS_18packed_silu_kernelIS3_EES5_S7_fEELb1ELb1ELb0ELb0EEEvPS5_PS6_ifff--7,L2_cache_stats_breakdown[GLOBAL_ACC_W][TOTAL_ACCESS],304.0,304.0,\s+L2_cache_stats_breakdown\[GLOBAL_ACC_W\]\[TOTAL_ACCESS\]\s*=\s*(.*)
instance,llm_layer,layer,H100-SASS-Accelwattch_SASS_SIM,nvjet_sm90_tst_64x8_64x16_4x1_v_bz_splitK_TNT--6,L2_cache_stats_breakdown[GLOBAL_ACC_W][TOTAL_ACCESS],336.0,336.0,\s+L2_cache_stats_breakdown\[GLOBAL_ACC_W\]\[TOTAL_ACCESS\]\s*=\s*(.*)
instance,llm_layer,layer,H100-SASS-Accelwattch_SASS_SIM,_ZN8cublasLt19splitKreduce_kernelILi32ELi16Eif13__nv_bfloat16fS1_Lb0EfS1_S1_Lb1ELb0ELb0ELb0EEEvNS_18cublasSplitKParamsIT4_EEPKT2_PKT8_PT7_PT3_PKS3_SG_PKT9_S7_PSH_PvlPS3_PiSM_SM_SG_SG_SG_SG_SG_--7,L2_cache_stats_breakdown[GLOBAL_ACC_W][TOTAL_ACCESS],56.0,56.0,\s+L2_cache_stats_breakdown\[GLOBAL_ACC_W\]\[TOTAL_ACCESS\]\s*=\s*(.*)
instance,llm_layer,layer,H100-SASS-Accelwattch_SASS_SIM,_ZN4vllm25fused_add_rms_norm_kernelIN3c108BFloat16ELi8ELb1EEENSt9enable_ifIXaagtT0_Li0Esr4vllm12_typeConvertIT_EE6existsEvE4typeEPS4_lS7_PKS4_fiil--0,L2_cache_stats_breakdown[CHIPLET_ACC_R][HIT],0.0,0.0,\s+L2_cache_stats_breakdown\[CHIPLET_ACC_R\]\[HIT\]\s*=\s*(.*)
instance,llm_layer,layer,H100-SASS-Accelwattch_SASS_SIM,nvjet_sm90_tst_64x8_64x16_4x2_h_bz_bias_TNT--0,L2_cache_stats_breakdown[CHIPLET_ACC_R][HIT],0.0,0.0,\s+L2_cache_stats_breakdown\[CHIPLET_ACC_R\]\[HIT\]\s*=\s*(.*)
instance,llm_layer,layer,H100-SASS-Accelwattch_SASS_SIM,_ZN4vllm23rotary_embedding_kernelIN3c108BFloat16ES2_Lb1EEEvPKlPT_S6_PKT0_illliiilb--0,L2_cache_stats_breakdown[CHIPLET_ACC_R][HIT],0.0,0.0,\s+L2_cache_stats_breakdown\[CHIPLET_ACC_R\]\[HIT\]\s*=\s*(.*)
instance,llm_layer,layer,H100-SASS-Accelwattch_SASS_SIM,_ZN4vllm30reshape_and_cache_flash_kernelI13__nv_bfloat16S1_LNS_18Fp8KVCacheDataTypeE0EEEvPKT_S5_PT0_S7_PKlllllliiiPKfSB_i--0,L2_cache_stats_breakdown[CHIPLET_ACC_R][HIT],0.0,0.0,\s+L2_cache_stats_breakdown\[CHIPLET_ACC_R\]\[HIT\]\s*=\s*(.*)
instance,llm_layer,layer,H100-SASS-Accelwattch_SASS_SIM,_ZN7cutlass13device_kernelIN5flash20enable_sm90_or_laterINS1_16FlashAttnFwdSm90INS1_25CollectiveMainloopFwdSm90ILi2EN4cute5tupleIJNS5_1CILi1EEES8_S8_EEENS6_IJNS7_ILi192EEENS7_ILi128EEENS7_ILi64EEEEEELi64ENS_10bfloat16_tEfNS_4arch4Sm90ELb1ELb0ELb0ELb1ELb1ELb0ELb0ELb1ELb1ELb1ELb0ELb0ESE_Li1EEENS1_21CollectiveEpilogueFwdINS6_IJSA_SC_SB_EEES9_SE_SG_Li384ELb1ELb1ELb0ELb0ELi1EEENS1_36VarlenDynamicPersistentTileSchedulerILi192ELi128ELi384ELi128ELb0ELb1ELb1ELb1ELb0ELb1EEEEEEEEEvNT_6ParamsE--0,L2_cache_stats_breakdown[CHIPLET_ACC_R][HIT],1.0,1.0,\s+L2_cache_stats_breakdown\[CHIPLET_ACC_R\]\[HIT\]\s*=\s*(.*)
instance,llm_layer,layer,H100-SASS-Accelwattch_SASS_SIM,_ZN2at6native29vectorized_elementwise_kernelILi4ENS0_11FillFunctorIiEESt5arrayIPcLm1EEEEviT0_T1_--0,L2_cache_stats_breakdown[CHIPLET_ACC_R][HIT],0.0,0.0,\s+L2_cache_stats_breakdown\[CHIPLET_ACC_R\]\[HIT\]\s*=\s*(.*)
instance,llm_layer,layer,H100-SASS-Accelwattch_SASS_SIM,nvjet_sm90_tst_64x8_64x16_4x2_h_bz_TNT--0,L2_cache_stats_breakdown[CHIPLET_ACC_R][HIT],0.0,0.0,\s+L2_cache_stats_breakdown\[CHIPLET_ACC_R\]\[HIT\]\s*=\s*(.*)
instance,llm_layer,layer,H100-SASS-Accelwattch_SASS_SIM,_ZN4vllm25fused_add_rms_norm_kernelIN3c108BFloat16ELi8ELb1EEENSt9enable_ifIXaagtT0_Li0Esr4vllm12_typeConvertIT_EE6existsEvE4typeEPS4_lS7_PKS4_fiil--1,L2_cache_stats_breakdown[CHIPLET_ACC_R][HIT],256.0,256.0,\s+L2_cache_stats_breakdown\[CHIPLET_ACC_R\]\[HIT\]\s*=\s*(.*)
instance,llm_layer,layer,H100-SASS-Accelwattch_SASS_SIM,nvjet_sm90_tst_128x16_64x11_4x1_v_bz_TNT--0,L2_cache_stats_breakdown[CHIPLET_ACC_R][HIT],0.0,0.0,\s+L2_cache_stats_breakdown\[CHIPLET_ACC_R\]\[HIT\]\s*=\s*(.*)
instance,llm_layer,layer,H100-SASS-Accelwattch_SASS_SIM,_ZN4vllm18act_and_mul_kernelIN3c108BFloat16E14__nv_bfloat162XadL_ZNS_11silu_kernelIS2_EET_RKS5_fEEXadL_ZNS_18packed_silu_kernelIS3_EES5_S7_fEELb1ELb1ELb0ELb0EEEvPS5_PS6_ifff--0,L2_cache_stats_breakdown[CHIPLET_ACC_R][HIT],0.0,0.0,\s+L2_cache_stats_breakdown\[CHIPLET_ACC_R\]\[HIT\]\s*=\s*(.*)
instance,llm_layer,layer,H100-SASS-Accelwattch_SASS_SIM,nvjet_sm90_tst_64x16_64x16_4x1_v_bz_splitK_TNT--0,L2_cache_stats_breakdown[CHIPLET_ACC_R][HIT],0.0,0.0,\s+L2_cache_stats_breakdown\[CHIPLET_ACC_R\]\[HIT\]\s*=\s*(.*)
instance,llm_layer,layer,H100-SASS-Accelwattch_SASS_SIM,_ZN8cublasLt19splitKreduce_kernelILi32ELi16Eif13__nv_bfloat16fS1_Lb0EfS1_S1_Lb1ELb0ELb0ELb0EEEvNS_18cublasSplitKParamsIT4_EEPKT2_PKT8_PT7_PT3_PKS3_SG_PKT9_S7_PSH_PvlPS3_PiSM_SM_SG_SG_SG_SG_SG_--0,L2_cache_stats_breakdown[CHIPLET_ACC_R][HIT],0.0,0.0,\s+L2_cache_stats_breakdown\[CHIPLET_ACC_R\]\[HIT\]\s*=\s*(.*)
instance,llm_layer,layer,H100-SASS-Accelwattch_SASS_SIM,_ZN4vllm25fused_add_rms_norm_kernelIN3c108BFloat16ELi8ELb1EEENSt9enable_ifIXaagtT0_Li0Esr4vllm12_typeConvertIT_EE6existsEvE4typeEPS4_lS7_PKS4_fiil--2,L2_cache_stats_breakdown[CHIPLET_ACC_R][HIT],56.0,56.0,\s+L2_cache_stats_breakdown\[CHIPLET_ACC_R\]\[HIT\]\s*=\s*(.*)
instance,llm_layer,layer,H100-SASS-Accelwattch_SASS_SIM,nvjet_sm90_tst_64x8_64x16_4x1_v_bz_bias_TNT--0,L2_cache_stats_breakdown[CHIPLET_ACC_R][HIT],9616.0,9616.0,\s+L2_cache_stats_breakdown\[CHIPLET_ACC_R\]\[HIT\]\s*=\s*(.*)
instance,llm_layer,layer,H100-SASS-Accelwattch_SASS_SIM,_ZN4vllm23rotary_embedding_kernelIN3c108BFloat16ES2_Lb1EEEvPKlPT_S6_PKT0_illliiilb--1,L2_cache_stats_breakdown[CHIPLET_ACC_R][HIT],0.0,0.0,\s+L2_cache_stats_breakdown\[CHIPLET_ACC_R\]\[HIT\]\s*=\s*(.*)
instance,llm_layer,layer,H100-SASS-Accelwattch_SASS_SIM,_ZN4vllm30reshape_and_cache_flash_kernelI13__nv_bfloat16S1_LNS_18Fp8KVCacheDataTypeE0EEEvPKT_S5_PT0_S7_PKlllllliiiPKfSB_i--1,L2_cache_stats_breakdown[CHIPLET_ACC_R][HIT],0.0,0.0,\s+L2_cache_stats_breakdown\[CHIPLET_ACC_R\]\[HIT\]\s*=\s*(.*)
instance,llm_layer,layer,H100-SASS-Accelwattch_SASS_SIM,_ZN7cutlass13device_kernelIN5flash20enable_sm90_or_laterINS1_16FlashAttnFwdSm90INS1_25CollectiveMainloopFwdSm90ILi2EN4cute5tupleIJNS5_1CILi1EEES8_S8_EEENS6_IJNS7_ILi64EEENS7_ILi192EEESA_EEELi64ENS_10bfloat16_tEfNS_4arch4Sm90ELb0ELb0ELb0ELb1ELb1ELb0ELb0ELb1ELb1ELb1ELb0ELb0ESD_Li1EEENS1_21CollectiveEpilogueFwdINS6_IJSA_SA_SB_EEES9_SD_SF_Li128ELb1ELb1ELb0ELb0ELi1EEENS1_36VarlenDynamicPersistentTileSchedulerILi64ELi192ELi128ELi128ELb0ELb1ELb1ELb0ELb0ELb1EEEEEEEEEvNT_6ParamsE--0,L2_cache_stats_breakdown[CHIPLET_ACC_R][HIT],130.0,130.0,\s+L2_cache_stats_breakdown\[CHIPLET_ACC_R\]\[HIT\]\s*=\s*(.*)
instance,llm_layer,layer,H100-SASS-Accelwattch_SASS_SIM,_ZN2at6native29vectorized_elementwise_kernelILi4ENS0_11FillFunctorIiEESt5arrayIPcLm1EEEEviT0_T1_--1,L2_cache_stats_breakdown[CHIPLET_ACC_R][HIT],0.0,0.0,\s+L2_cache_stats_breakdown\[CHIPLET_ACC_R\]\[HIT\]\s*=\s*(.*)
instance,llm_layer,layer,H100-SASS-Accelwattch_SASS_SIM,nvjet_sm90_tst_64x8_64x16_4x1_v_bz_TNT--0,L2_cache_stats_breakdown[CHIPLET_ACC_R][HIT],12584.0,12584.0,\s+L2_cache_stats_breakdown\[CHIPLET_ACC_R\]\[HIT\]\s*=\s*(.*)
instance,llm_layer,layer,H100-SASS-Accelwattch_SASS_SIM,_ZN4vllm25fused_add_rms_norm_kernelIN3c108BFloat16ELi8ELb1EEENSt9enable_ifIXaagtT0_Li0Esr4vllm12_typeConvertIT_EE6existsEvE4typeEPS4_lS7_PKS4_fiil--3,L2_cache_stats_breakdown[CHIPLET_ACC_R][HIT],48.0,48.0,\s+L2_cache_stats_breakdown\[CHIPLET_ACC_R\]\[HIT\]\s*=\s*(.*)
instance,llm_layer,layer,H100-SASS-Accelwattch_SASS_SIM,nvjet_sm90_tst_128x8_64x12_4x1_v_bz_TNT--0,L2_cache_stats_breakdown[CHIPLET_ACC_R][HIT],226984.0,226984.0,\s+L2_cache_stats_breakdown\[CHIPLET_ACC_R\]\[HIT\]\s*=\s*(.*)
instance,llm_layer,layer,H100-SASS-Accelwattch_SASS_SIM,_ZN4vllm18act_and_mul_kernelIN3c108BFloat16E14__nv_bfloat162XadL_ZNS_11silu_kernelIS2_EET_RKS5_fEEXadL_ZNS_18packed_silu_kernelIS3_EES5_S7_fEELb1ELb1ELb0ELb0EEEvPS5_PS6_ifff--1,L2_cache_stats_breakdown[CHIPLET_ACC_R][HIT],4.0,4.0,\s+L2_cache_stats_breakdown\[CHIPLET_ACC_R\]\[HIT\]\s*=\s*(.*)
instance,llm_layer,layer,H100-SASS-Accelwattch_SASS_SIM,nvjet_sm90_tst_64x8_64x16_4x1_v_bz_splitK_TNT--0,L2_cache_stats_breakdown[CHIPLET_ACC_R][HIT],66060.0,66060.0,\s+L2_cache_stats_breakdown\[CHIPLET_ACC_R\]\[HIT\]\s*=\s*(.*)
instance,llm_layer,layer,H100-SASS-Accelwattch_SASS_SIM,_ZN8cublasLt19splitKreduce_kernelILi32ELi16Eif13__nv_bfloat16fS1_Lb0EfS1_S1_Lb1ELb0ELb0ELb0EEEvNS_18cublasSplitKParamsIT4_EEPKT2_PKT8_PT7_PT3_PKS3_SG_PKT9_S7_PSH_PvlPS3_PiSM_SM_SG_SG_SG_SG_SG_--1,L2_cache_stats_breakdown[CHIPLET_ACC_R][HIT],0.0,0.0,\s+L2_cache_stats_breakdown\[CHIPLET_ACC_R\]\[HIT\]\s*=\s*(.*)
instance,llm_layer,layer,H100-SASS-Accelwattch_SASS_SIM,_ZN4vllm25fused_add_rms_norm_kernelIN3c108BFloat16ELi8ELb1EEENSt9enable_ifIXaagtT0_Li0Esr4vllm12_typeConvertIT_EE6existsEvE4typeEPS4_lS7_PKS4_fiil--4,L2_cache_stats_breakdown[CHIPLET_ACC_R][HIT],1.0,1.0,\s+L2_cache_stats_breakdown\[CHIPLET_ACC_R\]\[HIT\]\s*=\s*(.*)
instance,llm_layer,layer,H100-SASS-Accelwattch_SASS_SIM,nvjet_sm90_tst_64x8_64x16_4x1_v_bz_bias_TNT--1,L2_cache_stats_breakdown[CHIPLET_ACC_R][HIT],9292.0,9292.0,\s+L2_cache_stats_breakdown\[CHIPLET_ACC_R\]\[HIT\]\s*=\s*(.*)
instance,llm_layer,layer,H100-SASS-Accelwattch_SASS_SIM,_ZN4vllm23rotary_embedding_kernelIN3c108BFloat16ES2_Lb1EEEvPKlPT_S6_PKT0_illliiilb--2,L2_cache_stats_breakdown[CHIPLET_ACC_R][HIT],0.0,0.0,\s+L2_cache_stats_breakdown\[CHIPLET_ACC_R\]\[HIT\]\s*=\s*(.*)
instance,llm_layer,layer,H100-SASS-Accelwattch_SASS_SIM,_ZN4vllm30reshape_and_cache_flash_kernelI13__nv_bfloat16S1_LNS_18Fp8KVCacheDataTypeE0EEEvPKT_S5_PT0_S7_PKlllllliiiPKfSB_i--2,L2_cache_stats_breakdown[CHIPLET_ACC_R][HIT],0.0,0.0,\s+L2_cache_stats_breakdown\[CHIPLET_ACC_R\]\[HIT\]\s*=\s*(.*)
instance,llm_layer,layer,H100-SASS-Accelwattch_SASS_SIM,_ZN7cutlass13device_kernelIN5flash20enable_sm90_or_laterINS1_16FlashAttnFwdSm90INS1_25CollectiveMainloopFwdSm90ILi2EN4cute5tupleIJNS5_1CILi1EEES8_S8_EEENS6_IJNS7_ILi64EEENS7_ILi192EEESA_EEELi64ENS_10bfloat16_tEfNS_4arch4Sm90ELb0ELb0ELb0ELb1ELb1ELb0ELb0ELb1ELb1ELb1ELb0ELb0ESD_Li1EEENS1_21CollectiveEpilogueFwdINS6_IJSA_SA_SB_EEES9_SD_SF_Li128ELb1ELb1ELb0ELb0ELi1EEENS1_36VarlenDynamicPersistentTileSchedulerILi64ELi192ELi128ELi128ELb0ELb1ELb1ELb0ELb0ELb1EEEEEEEEEvNT_6ParamsE--1,L2_cache_stats_breakdown[CHIPLET_ACC_R][HIT],37.0,37.0,\s+L2_cache_stats_breakdown\[CHIPLET_ACC_R\]\[HIT\]\s*=\s*(.*)
instance,llm_layer,layer,H100-SASS-Accelwattch_SASS_SIM,_ZN2at6native29vectorized_elementwise_kernelILi4ENS0_11FillFunctorIiEESt5arrayIPcLm1EEEEviT0_T1_--2,L2_cache_stats_breakdown[CHIPLET_ACC_R][HIT],0.0,0.0,\s+L2_cache_stats_breakdown\[CHIPLET_ACC_R\]\[HIT\]\s*=\s*(.*)
instance,llm_layer,layer,H100-SASS-Accelwattch_SASS_SIM,nvjet_sm90_tst_64x8_64x16_4x1_v_bz_TNT--1,L2_cache_stats_breakdown[CHIPLET_ACC_R][HIT],1784.0,1784.0,\s+L2_cache_stats_breakdown\[CHIPLET_ACC_R\]\[HIT\]\s*=\s*(.*)
instance,llm_layer,layer,H100-SASS-Accelwattch_SASS_SIM,_ZN4vllm25fused_add_rms_norm_kernelIN3c108BFloat16ELi8ELb1EEENSt9enable_ifIXaagtT0_Li0Esr4vllm12_typeConvertIT_EE6existsEvE4typeEPS4_lS7_PKS4_fiil--5,L2_cache_stats_breakdown[CHIPLET_ACC_R][HIT],0.0,0.0,\s+L2_cache_stats_breakdown\[CHIPLET_ACC_R\]\[HIT\]\s*=\s*(.*)
instance,llm_layer,layer,H100-SASS-Accelwattch_SASS_SIM,nvjet_sm90_tst_128x8_64x12_4x1_v_bz_TNT--1,L2_cache_stats_breakdown[CHIPLET_ACC_R][HIT],134520.0,134520.0,\s+L2_cache_stats_breakdown\[CHIPLET_ACC_R\]\[HIT\]\s*=\s*(.*)
instance,llm_layer,layer,H100-SASS-Accelwattch_SASS_SIM,_ZN4vllm18act_and_mul_kernelIN3c108BFloat16E14__nv_bfloat162XadL_ZNS_11silu_kernelIS2_EET_RKS5_fEEXadL_ZNS_18packed_silu_kernelIS3_EES5_S7_fEELb1ELb1ELb0ELb0EEEvPS5_PS6_ifff--2,L2_cache_stats_breakdown[CHIPLET_ACC_R][HIT],0.0,0.0,\s+L2_cache_stats_breakdown\[CHIPLET_ACC_R\]\[HIT\]\s*=\s*(.*)
instance,llm_layer,layer,H100-SASS-Accelwattch_SASS_SIM,nvjet_sm90_tst_64x8_64x16_4x1_v_bz_splitK_TNT--1,L2_cache_stats_breakdown[CHIPLET_ACC_R][HIT],82668.0,82668.0,\s+L2_cache_stats_breakdown\[CHIPLET_ACC_R\]\[HIT\]\s*=\s*(.*)
instance,llm_layer,layer,H100-SASS-Accelwattch_SASS_SIM,_ZN8cublasLt19splitKreduce_kernelILi32ELi16Eif13__nv_bfloat16fS1_Lb0EfS1_S1_Lb1ELb0ELb0ELb0EEEvNS_18cublasSplitKParamsIT4_EEPKT2_PKT8_PT7_PT3_PKS3_SG_PKT9_S7_PSH_PvlPS3_PiSM_SM_SG_SG_SG_SG_SG_--2,L2_cache_stats_breakdown[CHIPLET_ACC_R][HIT],0.0,0.0,\s+L2_cache_stats_breakdown\[CHIPLET_ACC_R\]\[HIT\]\s*=\s*(.*)
instance,llm_layer,layer,H100-SASS-Accelwattch_SASS_SIM,_ZN4vllm25fused_add_rms_norm_kernelIN3c108BFloat16ELi8ELb1EEENSt9enable_ifIXaagtT0_Li0Esr4vllm12_typeConvertIT_EE6existsEvE4typeEPS4_lS7_PKS4_fiil--6,L2_cache_stats_breakdown[CHIPLET_ACC_R][HIT],64.0,64.0,\s+L2_cache_stats_breakdown\[CHIPLET_ACC_R\]\[HIT\]\s*=\s*(.*)
instance,llm_layer,layer,H100-SASS-Accelwattch_SASS_SIM,nvjet_sm90_tst_64x8_64x16_4x1_v_bz_bias_TNT--2,L2_cache_stats_breakdown[CHIPLET_ACC_R][HIT],27184.0,27184.0,\s+L2_cache_stats_breakdown\[CHIPLET_ACC_R\]\[HIT\]\s*=\s*(.*)
instance,llm_layer,layer,H100-SASS-Accelwattch_SASS_SIM,_ZN4vllm23rotary_embedding_kernelIN3c108BFloat16ES2_Lb1EEEvPKlPT_S6_PKT0_illliiilb--3,L2_cache_stats_breakdown[CHIPLET_ACC_R][HIT],0.0,0.0,\s+L2_cache_stats_breakdown\[CHIPLET_ACC_R\]\[HIT\]\s*=\s*(.*)
instance,llm_layer,layer,H100-SASS-Accelwattch_SASS_SIM,_ZN4vllm30reshape_and_cache_flash_kernelI13__nv_bfloat16S1_LNS_18Fp8KVCacheDataTypeE0EEEvPKT_S5_PT0_S7_PKlllllliiiPKfSB_i--3,L2_cache_stats_breakdown[CHIPLET_ACC_R][HIT],0.0,0.0,\s+L2_cache_stats_breakdown\[CHIPLET_ACC_R\]\[HIT\]\s*=\s*(.*)
instance,llm_layer,layer,H100-SASS-Accelwattch_SASS_SIM,_ZN7cutlass13device_kernelIN5flash20enable_sm90_or_laterINS1_16FlashAttnFwdSm90INS1_25CollectiveMainloopFwdSm90ILi2EN4cute5tupleIJNS5_1CILi1EEES8_S8_EEENS6_IJNS7_ILi64EEENS7_ILi192EEESA_EEELi64ENS_10bfloat16_tEfNS_4arch4Sm90ELb0ELb0ELb0ELb1ELb1ELb0ELb0ELb1ELb1ELb1ELb0ELb0ESD_Li1EEENS1_21CollectiveEpilogueFwdINS6_IJSA_SA_SB_EEES9_SD_SF_Li128ELb1ELb1ELb0ELb0ELi1EEENS1_36VarlenDynamicPersistentTileSchedulerILi64ELi192ELi128ELi128ELb0ELb1ELb1ELb0ELb0ELb1EEEEEEEEEvNT_6ParamsE--2,L2_cache_stats_breakdown[CHIPLET_ACC_R][HIT],209.0,209.0,\s+L2_cache_stats_breakdown\[CHIPLET_ACC_R\]\[HIT\]\s*=\s*(.*)
instance,llm_layer,layer,H100-SASS-Accelwattch_SASS_SIM,_ZN2at6native29vectorized_elementwise_kernelILi4ENS0_11FillFunctorIiEESt5arrayIPcLm1EEEEviT0_T1_--3,L2_cache_stats_breakdown[CHIPLET_ACC_R][HIT],0.0,0.0,\s+L2_cache_stats_breakdown\[CHIPLET_ACC_R\]\[HIT\]\s*=\s*(.*)
instance,llm_layer,layer,H100-SASS-Accelwattch_SASS_SIM,nvjet_sm90_tst_64x8_64x16_4x1_v_bz_TNT--2,L2_cache_stats_breakdown[CHIPLET_ACC_R][HIT],24132.0,24132.0,\s+L2_cache_stats_breakdown\[CHIPLET_ACC_R\]\[HIT\]\s*=\s*(.*)
instance,llm_layer,layer,H100-SASS-Accelwattch_SASS_SIM,_ZN4vllm25fused_add_rms_norm_kernelIN3c108BFloat16ELi8ELb1EEENSt9enable_ifIXaagtT0_Li0Esr4vllm12_typeConvertIT_EE6existsEvE4typeEPS4_lS7_PKS4_fiil--7,L2_cache_stats_breakdown[CHIPLET_ACC_R][HIT],56.0,56.0,\s+L2_cache_stats_breakdown\[CHIPLET_ACC_R\]\[HIT\]\s*=\s*(.*)
instance,llm_layer,layer,H100-SASS-Accelwattch_SASS_SIM,nvjet_sm90_tst_128x8_64x12_4x1_v_bz_TNT--2,L2_cache_stats_breakdown[CHIPLET_ACC_R][HIT],141536.0,141536.0,\s+L2_cache_stats_breakdown\[CHIPLET_ACC_R\]\[HIT\]\s*=\s*(.*)
instance,llm_layer,layer,H100-SASS-Accelwattch_SASS_SIM,_ZN4vllm18act_and_mul_kernelIN3c108BFloat16E14__nv_bfloat162XadL_ZNS_11silu_kernelIS2_EET_RKS5_fEEXadL_ZNS_18packed_silu_kernelIS3_EES5_S7_fEELb1ELb1ELb0ELb0EEEvPS5_PS6_ifff--3,L2_cache_stats_breakdown[CHIPLET_ACC_R][HIT],112.0,112.0,\s+L2_cache_stats_breakdown\[CHIPLET_ACC_R\]\[HIT\]\s*=\s*(.*)
instance,llm_layer,layer,H100-SASS-Accelwattch_SASS_SIM,nvjet_sm90_tst_64x8_64x16_4x1_v_bz_splitK_TNT--2,L2_cache_stats_breakdown[CHIPLET_ACC_R][HIT],54984.0,54984.0,\s+L2_cache_stats_breakdown\[CHIPLET_ACC_R\]\[HIT\]\s*=\s*(.*)
instance,llm_layer,layer,H100-SASS-Accelwattch_SASS_SIM,_ZN8cublasLt19splitKreduce_kernelILi32ELi16Eif13__nv_bfloat16fS1_Lb0EfS1_S1_Lb1ELb0ELb0ELb0EEEvNS_18cublasSplitKParamsIT4_EEPKT2_PKT8_PT7_PT3_PKS3_SG_PKT9_S7_PSH_PvlPS3_PiSM_SM_SG_SG_SG_SG_SG_--3,L2_cache_stats_breakdown[CHIPLET_ACC_R][HIT],0.0,0.0,\s+L2_cache_stats_breakdown\[CHIPLET_ACC_R\]\[HIT\]\s*=\s*(.*)
instance,llm_layer,layer,H100-SASS-Accelwattch_SASS_SIM,_ZN4vllm25fused_add_rms_norm_kernelIN3c108BFloat16ELi8ELb1EEENSt9enable_ifIXaagtT0_Li0Esr4vllm12_typeConvertIT_EE6existsEvE4typeEPS4_lS7_PKS4_fiil--8,L2_cache_stats_breakdown[CHIPLET_ACC_R][HIT],16.0,16.0,\s+L2_cache_stats_breakdown\[CHIPLET_ACC_R\]\[HIT\]\s*=\s*(.*)
instance,llm_layer,layer,H100-SASS-Accelwattch_SASS_SIM,nvjet_sm90_tst_64x8_64x16_4x1_v_bz_bias_TNT--3,L2_cache_stats_breakdown[CHIPLET_ACC_R][HIT],6904.0,6904.0,\s+L2_cache_stats_breakdown\[CHIPLET_ACC_R\]\[HIT\]\s*=\s*(.*)
instance,llm_layer,layer,H100-SASS-Accelwattch_SASS_SIM,_ZN4vllm23rotary_embedding_kernelIN3c108BFloat16ES2_Lb1EEEvPKlPT_S6_PKT0_illliiilb--4,L2_cache_stats_breakdown[CHIPLET_ACC_R][HIT],1.0,1.0,\s+L2_cache_stats_breakdown\[CHIPLET_ACC_R\]\[HIT\]\s*=\s*(.*)
instance,llm_layer,layer,H100-SASS-Accelwattch_SASS_SIM,_ZN4vllm30reshape_and_cache_flash_kernelI13__nv_bfloat16S1_LNS_18Fp8KVCacheDataTypeE0EEEvPKT_S5_PT0_S7_PKlllllliiiPKfSB_i--4,L2_cache_stats_breakdown[CHIPLET_ACC_R][HIT],1.0,1.0,\s+L2_cache_stats_breakdown\[CHIPLET_ACC_R\]\[HIT\]\s*=\s*(.*)
instance,llm_layer,layer,H100-SASS-Accelwattch_SASS_SIM,_ZN7cutlass13device_kernelIN5flash20enable_sm90_or_laterINS1_16FlashAttnFwdSm90INS1_25CollectiveMainloopFwdSm90ILi2EN4cute5tupleIJNS5_1CILi1EEES8_S8_EEENS6_IJNS7_ILi64EEENS7_ILi192EEESA_EEELi64ENS_10bfloat16_tEfNS_4arch4Sm90ELb0ELb0ELb0ELb1ELb1ELb0ELb0ELb1ELb1ELb1ELb0ELb0ESD_Li1EEENS1_21CollectiveEpilogueFwdINS6_IJSA_SA_SB_EEES9_SD_SF_Li128ELb1ELb1ELb0ELb0ELi1EEENS1_36VarlenDynamicPersistentTileSchedulerILi64ELi192ELi128ELi128ELb0ELb1ELb1ELb0ELb0ELb1EEEEEEEEEvNT_6ParamsE--3,L2_cache_stats_breakdown[CHIPLET_ACC_R][HIT],129.0,129.0,\s+L2_cache_stats_breakdown\[CHIPLET_ACC_R\]\[HIT\]\s*=\s*(.*)
instance,llm_layer,layer,H100-SASS-Accelwattch_SASS_SIM,_ZN2at6native29vectorized_elementwise_kernelILi4ENS0_11FillFunctorIiEESt5arrayIPcLm1EEEEviT0_T1_--4,L2_cache_stats_breakdown[CHIPLET_ACC_R][HIT],0.0,0.0,\s+L2_cache_stats_breakdown\[CHIPLET_ACC_R\]\[HIT\]\s*=\s*(.*)
instance,llm_layer,layer,H100-SASS-Accelwattch_SASS_SIM,nvjet_sm90_tst_64x8_64x16_4x1_v_bz_TNT--3,L2_cache_stats_breakdown[CHIPLET_ACC_R][HIT],11544.0,11544.0,\s+L2_cache_stats_breakdown\[CHIPLET_ACC_R\]\[HIT\]\s*=\s*(.*)
instance,llm_layer,layer,H100-SASS-Accelwattch_SASS_SIM,_ZN4vllm25fused_add_rms_norm_kernelIN3c108BFloat16ELi8ELb1EEENSt9enable_ifIXaagtT0_Li0Esr4vllm12_typeConvertIT_EE6existsEvE4typeEPS4_lS7_PKS4_fiil--9,L2_cache_stats_breakdown[CHIPLET_ACC_R][HIT],56.0,56.0,\s+L2_cache_stats_breakdown\[CHIPLET_ACC_R\]\[HIT\]\s*=\s*(.*)
instance,llm_layer,layer,H100-SASS-Accelwattch_SASS_SIM,nvjet_sm90_tst_128x8_64x12_4x1_v_bz_TNT--3,L2_cache_stats_breakdown[CHIPLET_ACC_R][HIT],127600.0,127600.0,\s+L2_cache_stats_breakdown\[CHIPLET_ACC_R\]\[HIT\]\s*=\s*(.*)
instance,llm_layer,layer,H100-SASS-Accelwattch_SASS_SIM,_ZN4vllm18act_and_mul_kernelIN3c108BFloat16E14__nv_bfloat162XadL_ZNS_11silu_kernelIS2_EET_RKS5_fEEXadL_ZNS_18packed_silu_kernelIS3_EES5_S7_fEELb1ELb1ELb0ELb0EEEvPS5_PS6_ifff--4,L2_cache_stats_breakdown[CHIPLET_ACC_R][HIT],0.0,0.0,\s+L2_cache_stats_breakdown\[CHIPLET_ACC_R\]\[HIT\]\s*=\s*(.*)
instance,llm_layer,layer,H100-SASS-Accelwattch_SASS_SIM,nvjet_sm90_tst_64x8_64x16_4x1_v_bz_splitK_TNT--3,L2_cache_stats_breakdown[CHIPLET_ACC_R][HIT],55304.0,55304.0,\s+L2_cache_stats_breakdown\[CHIPLET_ACC_R\]\[HIT\]\s*=\s*(.*)
instance,llm_layer,layer,H100-SASS-Accelwattch_SASS_SIM,_ZN8cublasLt19splitKreduce_kernelILi32ELi16Eif13__nv_bfloat16fS1_Lb0EfS1_S1_Lb1ELb0ELb0ELb0EEEvNS_18cublasSplitKParamsIT4_EEPKT2_PKT8_PT7_PT3_PKS3_SG_PKT9_S7_PSH_PvlPS3_PiSM_SM_SG_SG_SG_SG_SG_--4,L2_cache_stats_breakdown[CHIPLET_ACC_R][HIT],36.0,36.0,\s+L2_cache_stats_breakdown\[CHIPLET_ACC_R\]\[HIT\]\s*=\s*(.*)
instance,llm_layer,layer,H100-SASS-Accelwattch_SASS_SIM,_ZN4vllm25fused_add_rms_norm_kernelIN3c108BFloat16ELi8ELb1EEENSt9enable_ifIXaagtT0_Li0Esr4vllm12_typeConvertIT_EE6existsEvE4typeEPS4_lS7_PKS4_fiil--10,L2_cache_stats_breakdown[CHIPLET_ACC_R][HIT],0.0,0.0,\s+L2_cache_stats_breakdown\[CHIPLET_ACC_R\]\[HIT\]\s*=\s*(.*)
instance,llm_layer,layer,H100-SASS-Accelwattch_SASS_SIM,nvjet_sm90_tst_64x8_64x16_4x1_v_bz_bias_TNT--4,L2_cache_stats_breakdown[CHIPLET_ACC_R][HIT],11572.0,11572.0,\s+L2_cache_stats_breakdown\[CHIPLET_ACC_R\]\[HIT\]\s*=\s*(.*)
instance,llm_layer,layer,H100-SASS-Accelwattch_SASS_SIM,_ZN4vllm23rotary_embedding_kernelIN3c108BFloat16ES2_Lb1EEEvPKlPT_S6_PKT0_illliiilb--5,L2_cache_stats_breakdown[CHIPLET_ACC_R][HIT],0.0,0.0,\s+L2_cache_stats_breakdown\[CHIPLET_ACC_R\]\[HIT\]\s*=\s*(.*)
instance,llm_layer,layer,H100-SASS-Accelwattch_SASS_SIM,_ZN4vllm30reshape_and_cache_flash_kernelI13__nv_bfloat16S1_LNS_18Fp8KVCacheDataTypeE0EEEvPKT_S5_PT0_S7_PKlllllliiiPKfSB_i--5,L2_cache_stats_breakdown[CHIPLET_ACC_R][HIT],0.0,0.0,\s+L2_cache_stats_breakdown\[CHIPLET_ACC_R\]\[HIT\]\s*=\s*(.*)
instance,llm_layer,layer,H100-SASS-Accelwattch_SASS_SIM,_ZN7cutlass13device_kernelIN5flash20enable_sm90_or_laterINS1_16FlashAttnFwdSm90INS1_25CollectiveMainloopFwdSm90ILi2EN4cute5tupleIJNS5_1CILi1EEES8_S8_EEENS6_IJNS7_ILi64EEENS7_ILi192EEESA_EEELi64ENS_10bfloat16_tEfNS_4arch4Sm90ELb0ELb0ELb0ELb1ELb1ELb0ELb0ELb1ELb1ELb1ELb0ELb0ESD_Li1EEENS1_21CollectiveEpilogueFwdINS6_IJSA_SA_SB_EEES9_SD_SF_Li128ELb1ELb1ELb0ELb0ELi1EEENS1_36VarlenDynamicPersistentTileSchedulerILi64ELi192ELi128ELi128ELb0ELb1ELb1ELb0ELb0ELb1EEEEEEEEEvNT_6ParamsE--4,L2_cache_stats_breakdown[CHIPLET_ACC_R][HIT],0.0,0.0,\s+L2_cache_stats_breakdown\[CHIPLET_ACC_R\]\[HIT\]\s*=\s*(.*)
instance,llm_layer,layer,H100-SASS-Accelwattch_SASS_SIM,_ZN2at6native29vectorized_elementwise_kernelILi4ENS0_11FillFunctorIiEESt5arrayIPcLm1EEEEviT0_T1_--5,L2_cache_stats_breakdown[CHIPLET_ACC_R][HIT],0.0,0.0,\s+L2_cache_stats_breakdown\[CHIPLET_ACC_R\]\[HIT\]\s*=\s*(.*)
instance,llm_layer,layer,H100-SASS-Accelwattch_SASS_SIM,nvjet_sm90_tst_64x8_64x16_4x1_v_bz_TNT--4,L2_cache_stats_breakdown[CHIPLET_ACC_R][HIT],2416.0,2416.0,\s+L2_cache_stats_breakdown\[CHIPLET_ACC_R\]\[HIT\]\s*=\s*(.*)
instance,llm_layer,layer,H100-SASS-Accelwattch_SASS_SIM,_ZN4vllm25fused_add_rms_norm_kernelIN3c108BFloat16ELi8ELb1EEENSt9enable_ifIXaagtT0_Li0Esr4vllm12_typeConvertIT_EE6existsEvE4typeEPS4_lS7_PKS4_fiil--11,L2_cache_stats_breakdown[CHIPLET_ACC_R][HIT],0.0,0.0,\s+L2_cache_stats_breakdown\[CHIPLET_ACC_R\]\[HIT\]\s*=\s*(.*)
instance,llm_layer,layer,H100-SASS-Accelwattch_SASS_SIM,nvjet_sm90_tst_128x8_64x12_4x1_v_bz_TNT--4,L2_cache_stats_breakdown[CHIPLET_ACC_R][HIT],123436.0,123436.0,\s+L2_cache_stats_breakdown\[CHIPLET_ACC_R\]\[HIT\]\s*=\s*(.*)
instance,llm_layer,layer,H100-SASS-Accelwattch_SASS_SIM,_ZN4vllm18act_and_mul_kernelIN3c108BFloat16E14__nv_bfloat162XadL_ZNS_11silu_kernelIS2_EET_RKS5_fEEXadL_ZNS_18packed_silu_kernelIS3_EES5_S7_fEELb1ELb1ELb0ELb0EEEvPS5_PS6_ifff--5,L2_cache_stats_breakdown[CHIPLET_ACC_R][HIT],2.0,2.0,\s+L2_cache_stats_breakdown\[CHIPLET_ACC_R\]\[HIT\]\s*=\s*(.*)
instance,llm_layer,layer,H100-SASS-Accelwattch_SASS_SIM,nvjet_sm90_tst_64x8_64x16_4x1_v_bz_splitK_TNT--4,L2_cache_stats_breakdown[CHIPLET_ACC_R][HIT],72828.0,72828.0,\s+L2_cache_stats_breakdown\[CHIPLET_ACC_R\]\[HIT\]\s*=\s*(.*)
instance,llm_layer,layer,H100-SASS-Accelwattch_SASS_SIM,_ZN8cublasLt19splitKreduce_kernelILi32ELi16Eif13__nv_bfloat16fS1_Lb0EfS1_S1_Lb1ELb0ELb0ELb0EEEvNS_18cublasSplitKParamsIT4_EEPKT2_PKT8_PT7_PT3_PKS3_SG_PKT9_S7_PSH_PvlPS3_PiSM_SM_SG_SG_SG_SG_SG_--5,L2_cache_stats_breakdown[CHIPLET_ACC_R][HIT],0.0,0.0,\s+L2_cache_stats_breakdown\[CHIPLET_ACC_R\]\[HIT\]\s*=\s*(.*)
instance,llm_layer,layer,H100-SASS-Accelwattch_SASS_SIM,_ZN4vllm25fused_add_rms_norm_kernelIN3c108BFloat16ELi8ELb1EEENSt9enable_ifIXaagtT0_Li0Esr4vllm12_typeConvertIT_EE6existsEvE4typeEPS4_lS7_PKS4_fiil--12,L2_cache_stats_breakdown[CHIPLET_ACC_R][HIT],56.0,56.0,\s+L2_cache_stats_breakdown\[CHIPLET_ACC_R\]\[HIT\]\s*=\s*(.*)
instance,llm_layer,layer,H100-SASS-Accelwattch_SASS_SIM,nvjet_sm90_tst_64x8_64x16_4x1_v_bz_bias_TNT--5,L2_cache_stats_breakdown[CHIPLET_ACC_R][HIT],26780.0,26780.0,\s+L2_cache_stats_breakdown\[CHIPLET_ACC_R\]\[HIT\]\s*=\s*(.*)
instance,llm_layer,layer,H100-SASS-Accelwattch_SASS_SIM,_ZN4vllm23rotary_embedding_kernelIN3c108BFloat16ES2_Lb1EEEvPKlPT_S6_PKT0_illliiilb--6,L2_cache_stats_breakdown[CHIPLET_ACC_R][HIT],0.0,0.0,\s+L2_cache_stats_breakdown\[CHIPLET_ACC_R\]\[HIT\]\s*=\s*(.*)
instance,llm_layer,layer,H100-SASS-Accelwattch_SASS_SIM,_ZN4vllm30reshape_and_cache_flash_kernelI13__nv_bfloat16S1_LNS_18Fp8KVCacheDataTypeE0EEEvPKT_S5_PT0_S7_PKlllllliiiPKfSB_i--6,L2_cache_stats_breakdown[CHIPLET_ACC_R][HIT],0.0,0.0,\s+L2_cache_stats_breakdown\[CHIPLET_ACC_R\]\[HIT\]\s*=\s*(.*)
instance,llm_layer,layer,H100-SASS-Accelwattch_SASS_SIM,_ZN7cutlass13device_kernelIN5flash20enable_sm90_or_laterINS1_16FlashAttnFwdSm90INS1_25CollectiveMainloopFwdSm90ILi2EN4cute5tupleIJNS5_1CILi1EEES8_S8_EEENS6_IJNS7_ILi64EEENS7_ILi192EEESA_EEELi64ENS_10bfloat16_tEfNS_4arch4Sm90ELb0ELb0ELb0ELb1ELb1ELb0ELb0ELb1ELb1ELb1ELb0ELb0ESD_Li1EEENS1_21CollectiveEpilogueFwdINS6_IJSA_SA_SB_EEES9_SD_SF_Li128ELb1ELb1ELb0ELb0ELi1EEENS1_36VarlenDynamicPersistentTileSchedulerILi64ELi192ELi128ELi128ELb0ELb1ELb1ELb0ELb0ELb1EEEEEEEEEvNT_6ParamsE--5,L2_cache_stats_breakdown[CHIPLET_ACC_R][HIT],253.0,253.0,\s+L2_cache_stats_breakdown\[CHIPLET_ACC_R\]\[HIT\]\s*=\s*(.*)
instance,llm_layer,layer,H100-SASS-Accelwattch_SASS_SIM,_ZN2at6native29vectorized_elementwise_kernelILi4ENS0_11FillFunctorIiEESt5arrayIPcLm1EEEEviT0_T1_--6,L2_cache_stats_breakdown[CHIPLET_ACC_R][HIT],0.0,0.0,\s+L2_cache_stats_breakdown\[CHIPLET_ACC_R\]\[HIT\]\s*=\s*(.*)
instance,llm_layer,layer,H100-SASS-Accelwattch_SASS_SIM,nvjet_sm90_tst_64x8_64x16_4x1_v_bz_TNT--5,L2_cache_stats_breakdown[CHIPLET_ACC_R][HIT],19044.0,19044.0,\s+L2_cache_stats_breakdown\[CHIPLET_ACC_R\]\[HIT\]\s*=\s*(.*)
instance,llm_layer,layer,H100-SASS-Accelwattch_SASS_SIM,_ZN4vllm25fused_add_rms_norm_kernelIN3c108BFloat16ELi8ELb1EEENSt9enable_ifIXaagtT0_Li0Esr4vllm12_typeConvertIT_EE6existsEvE4typeEPS4_lS7_PKS4_fiil--13,L2_cache_stats_breakdown[CHIPLET_ACC_R][HIT],56.0,56.0,\s+L2_cache_stats_breakdown\[CHIPLET_ACC_R\]\[HIT\]\s*=\s*(.*)
instance,llm_layer,layer,H100-SASS-Accelwattch_SASS_SIM,nvjet_sm90_tst_128x8_64x12_4x1_v_bz_TNT--5,L2_cache_stats_breakdown[CHIPLET_ACC_R][HIT],132184.0,132184.0,\s+L2_cache_stats_breakdown\[CHIPLET_ACC_R\]\[HIT\]\s*=\s*(.*)
instance,llm_layer,layer,H100-SASS-Accelwattch_SASS_SIM,_ZN4vllm18act_and_mul_kernelIN3c108BFloat16E14__nv_bfloat162XadL_ZNS_11silu_kernelIS2_EET_RKS5_fEEXadL_ZNS_18packed_silu_kernelIS3_EES5_S7_fEELb1ELb1ELb0ELb0EEEvPS5_PS6_ifff--6,L2_cache_stats_breakdown[CHIPLET_ACC_R][HIT],112.0,112.0,\s+L2_cache_stats_breakdown\[CHIPLET_ACC_R\]\[HIT\]\s*=\s*(.*)
instance,llm_layer,layer,H100-SASS-Accelwattch_SASS_SIM,nvjet_sm90_tst_64x8_64x16_4x1_v_bz_splitK_TNT--5,L2_cache_stats_breakdown[CHIPLET_ACC_R][HIT],52288.0,52288.0,\s+L2_cache_stats_breakdown\[CHIPLET_ACC_R\]\[HIT\]\s*=\s*(.*)
instance,llm_layer,layer,H100-SASS-Accelwattch_SASS_SIM,_ZN8cublasLt19splitKreduce_kernelILi32ELi16Eif13__nv_bfloat16fS1_Lb0EfS1_S1_Lb1ELb0ELb0ELb0EEEvNS_18cublasSplitKParamsIT4_EEPKT2_PKT8_PT7_PT3_PKS3_SG_PKT9_S7_PSH_PvlPS3_PiSM_SM_SG_SG_SG_SG_SG_--6,L2_cache_stats_breakdown[CHIPLET_ACC_R][HIT],0.0,0.0,\s+L2_cache_stats_breakdown\[CHIPLET_ACC_R\]\[HIT\]\s*=\s*(.*)
instance,llm_layer,layer,H100-SASS-Accelwattch_SASS_SIM,_ZN4vllm25fused_add_rms_norm_kernelIN3c108BFloat16ELi8ELb1EEENSt9enable_ifIXaagtT0_Li0Esr4vllm12_typeConvertIT_EE6existsEvE4typeEPS4_lS7_PKS4_fiil--14,L2_cache_stats_breakdown[CHIPLET_ACC_R][HIT],16.0,16.0,\s+L2_cache_stats_breakdown\[CHIPLET_ACC_R\]\[HIT\]\s*=\s*(.*)
instance,llm_layer,layer,H100-SASS-Accelwattch_SASS_SIM,nvjet_sm90_tst_64x8_64x16_4x1_v_bz_bias_TNT--6,L2_cache_stats_breakdown[CHIPLET_ACC_R][HIT],6348.0,6348.0,\s+L2_cache_stats_breakdown\[CHIPLET_ACC_R\]\[HIT\]\s*=\s*(.*)
instance,llm_layer,layer,H100-SASS-Accelwattch_SASS_SIM,_ZN4vllm23rotary_embedding_kernelIN3c108BFloat16ES2_Lb1EEEvPKlPT_S6_PKT0_illliiilb--7,L2_cache_stats_breakdown[CHIPLET_ACC_R][HIT],1.0,1.0,\s+L2_cache_stats_breakdown\[CHIPLET_ACC_R\]\[HIT\]\s*=\s*(.*)
instance,llm_layer,layer,H100-SASS-Accelwattch_SASS_SIM,_ZN4vllm30reshape_and_cache_flash_kernelI13__nv_bfloat16S1_LNS_18Fp8KVCacheDataTypeE0EEEvPKT_S5_PT0_S7_PKlllllliiiPKfSB_i--7,L2_cache_stats_breakdown[CHIPLET_ACC_R][HIT],1.0,1.0,\s+L2_cache_stats_breakdown\[CHIPLET_ACC_R\]\[HIT\]\s*=\s*(.*)
instance,llm_layer,layer,H100-SASS-Accelwattch_SASS_SIM,_ZN7cutlass13device_kernelIN5flash20enable_sm90_or_laterINS1_16FlashAttnFwdSm90INS1_25CollectiveMainloopFwdSm90ILi2EN4cute5tupleIJNS5_1CILi1EEES8_S8_EEENS6_IJNS7_ILi64EEENS7_ILi192EEESA_EEELi64ENS_10bfloat16_tEfNS_4arch4Sm90ELb0ELb0ELb0ELb1ELb1ELb0ELb0ELb1ELb1ELb1ELb0ELb0ESD_Li1EEENS1_21CollectiveEpilogueFwdINS6_IJSA_SA_SB_EEES9_SD_SF_Li128ELb1ELb1ELb0ELb0ELi1EEENS1_36VarlenDynamicPersistentTileSchedulerILi64ELi192ELi128ELi128ELb0ELb1ELb1ELb0ELb0ELb1EEEEEEEEEvNT_6ParamsE--6,L2_cache_stats_breakdown[CHIPLET_ACC_R][HIT],129.0,129.0,\s+L2_cache_stats_breakdown\[CHIPLET_ACC_R\]\[HIT\]\s*=\s*(.*)
instance,llm_layer,layer,H100-SASS-Accelwattch_SASS_SIM,_ZN2at6native29vectorized_elementwise_kernelILi4ENS0_11FillFunctorIiEESt5arrayIPcLm1EEEEviT0_T1_--7,L2_cache_stats_breakdown[CHIPLET_ACC_R][HIT],0.0,0.0,\s+L2_cache_stats_breakdown\[CHIPLET_ACC_R\]\[HIT\]\s*=\s*(.*)
instance,llm_layer,layer,H100-SASS-Accelwattch_SASS_SIM,nvjet_sm90_tst_64x8_64x16_4x1_v_bz_TNT--6,L2_cache_stats_breakdown[CHIPLET_ACC_R][HIT],10692.0,10692.0,\s+L2_cache_stats_breakdown\[CHIPLET_ACC_R\]\[HIT\]\s*=\s*(.*)
instance,llm_layer,layer,H100-SASS-Accelwattch_SASS_SIM,_ZN4vllm25fused_add_rms_norm_kernelIN3c108BFloat16ELi8ELb1EEENSt9enable_ifIXaagtT0_Li0Esr4vllm12_typeConvertIT_EE6existsEvE4typeEPS4_lS7_PKS4_fiil--15,L2_cache_stats_breakdown[CHIPLET_ACC_R][HIT],56.0,56.0,\s+L2_cache_stats_breakdown\[CHIPLET_ACC_R\]\[HIT\]\s*=\s*(.*)
instance,llm_layer,layer,H100-SASS-Accelwattch_SASS_SIM,nvjet_sm90_tst_128x8_64x12_4x1_v_bz_TNT--6,L2_cache_stats_breakdown[CHIPLET_ACC_R][HIT],126000.0,126000.0,\s+L2_cache_stats_breakdown\[CHIPLET_ACC_R\]\[HIT\]\s*=\s*(.*)
instance,llm_layer,layer,H100-SASS-Accelwattch_SASS_SIM,_ZN4vllm18act_and_mul_kernelIN3c108BFloat16E14__nv_bfloat162XadL_ZNS_11silu_kernelIS2_EET_RKS5_fEEXadL_ZNS_18packed_silu_kernelIS3_EES5_S7_fEELb1ELb1ELb0ELb0EEEvPS5_PS6_ifff--7,L2_cache_stats_breakdown[CHIPLET_ACC_R][HIT],0.0,0.0,\s+L2_cache_stats_breakdown\[CHIPLET_ACC_R\]\[HIT\]\s*=\s*(.*)
instance,llm_layer,layer,H100-SASS-Accelwattch_SASS_SIM,nvjet_sm90_tst_64x8_64x16_4x1_v_bz_splitK_TNT--6,L2_cache_stats_breakdown[CHIPLET_ACC_R][HIT],55028.0,55028.0,\s+L2_cache_stats_breakdown\[CHIPLET_ACC_R\]\[HIT\]\s*=\s*(.*)
instance,llm_layer,layer,H100-SASS-Accelwattch_SASS_SIM,_ZN8cublasLt19splitKreduce_kernelILi32ELi16Eif13__nv_bfloat16fS1_Lb0EfS1_S1_Lb1ELb0ELb0ELb0EEEvNS_18cublasSplitKParamsIT4_EEPKT2_PKT8_PT7_PT3_PKS3_SG_PKT9_S7_PSH_PvlPS3_PiSM_SM_SG_SG_SG_SG_SG_--7,L2_cache_stats_breakdown[CHIPLET_ACC_R][HIT],36.0,36.0,\s+L2_cache_stats_breakdown\[CHIPLET_ACC_R\]\[HIT\]\s*=\s*(.*)
instance,llm_layer,layer,H100-SASS-Accelwattch_SASS_SIM,_ZN4vllm25fused_add_rms_norm_kernelIN3c108BFloat16ELi8ELb1EEENSt9enable_ifIXaagtT0_Li0Esr4vllm12_typeConvertIT_EE6existsEvE4typeEPS4_lS7_PKS4_fiil--0,L2_cache_stats_breakdown[CHIPLET_ACC_R][TOTAL_ACCESS],592.0,592.0,\s+L2_cache_stats_breakdown\[CHIPLET_ACC_R\]\[TOTAL_ACCESS\]\s*=\s*(.*)
instance,llm_layer,layer,H100-SASS-Accelwattch_SASS_SIM,nvjet_sm90_tst_64x8_64x16_4x2_h_bz_bias_TNT--0,L2_cache_stats_breakdown[CHIPLET_ACC_R][TOTAL_ACCESS],32328.0,32328.0,\s+L2_cache_stats_breakdown\[CHIPLET_ACC_R\]\[TOTAL_ACCESS\]\s*=\s*(.*)
instance,llm_layer,layer,H100-SASS-Accelwattch_SASS_SIM,_ZN4vllm23rotary_embedding_kernelIN3c108BFloat16ES2_Lb1EEEvPKlPT_S6_PKT0_illliiilb--0,L2_cache_stats_breakdown[CHIPLET_ACC_R][TOTAL_ACCESS],43.0,43.0,\s+L2_cache_stats_breakdown\[CHIPLET_ACC_R\]\[TOTAL_ACCESS\]\s*=\s*(.*)
instance,llm_layer,layer,H100-SASS-Accelwattch_SASS_SIM,_ZN4vllm30reshape_and_cache_flash_kernelI13__nv_bfloat16S1_LNS_18Fp8KVCacheDataTypeE0EEEvPKT_S5_PT0_S7_PKlllllliiiPKfSB_i--0,L2_cache_stats_breakdown[CHIPLET_ACC_R][TOTAL_ACCESS],2.0,2.0,\s+L2_cache_stats_breakdown\[CHIPLET_ACC_R\]\[TOTAL_ACCESS\]\s*=\s*(.*)
instance,llm_layer,layer,H100-SASS-Accelwattch_SASS_SIM,_ZN7cutlass13device_kernelIN5flash20enable_sm90_or_laterINS1_16FlashAttnFwdSm90INS1_25CollectiveMainloopFwdSm90ILi2EN4cute5tupleIJNS5_1CILi1EEES8_S8_EEENS6_IJNS7_ILi192EEENS7_ILi128EEENS7_ILi64EEEEEELi64ENS_10bfloat16_tEfNS_4arch4Sm90ELb1ELb0ELb0ELb1ELb1ELb0ELb0ELb1ELb1ELb1ELb0ELb0ESE_Li1EEENS1_21CollectiveEpilogueFwdINS6_IJSA_SC_SB_EEES9_SE_SG_Li384ELb1ELb1ELb0ELb0ELi1EEENS1_36VarlenDynamicPersistentTileSchedulerILi192ELi128ELi384ELi128ELb0ELb1ELb1ELb1ELb0ELb1EEEEEEEEEvNT_6ParamsE--0,L2_cache_stats_breakdown[CHIPLET_ACC_R][TOTAL_ACCESS],290.0,290.0,\s+L2_cache_stats_breakdown\[CHIPLET_ACC_R\]\[TOTAL_ACCESS\]\s*=\s*(.*)
instance,llm_layer,layer,H100-SASS-Accelwattch_SASS_SIM,_ZN2at6native29vectorized_elementwise_kernelILi4ENS0_11FillFunctorIiEESt5arrayIPcLm1EEEEviT0_T1_--0,L2_cache_stats_breakdown[CHIPLET_ACC_R][TOTAL_ACCESS],0.0,0.0,\s+L2_cache_stats_breakdown\[CHIPLET_ACC_R\]\[TOTAL_ACCESS\]\s*=\s*(.*)
instance,llm_layer,layer,H100-SASS-Accelwattch_SASS_SIM,nvjet_sm90_tst_64x8_64x16_4x2_h_bz_TNT--0,L2_cache_stats_breakdown[CHIPLET_ACC_R][TOTAL_ACCESS],25856.0,25856.0,\s+L2_cache_stats_breakdown\[CHIPLET_ACC_R\]\[TOTAL_ACCESS\]\s*=\s*(.*)
instance,llm_layer,layer,H100-SASS-Accelwattch_SASS_SIM,_ZN4vllm25fused_add_rms_norm_kernelIN3c108BFloat16ELi8ELb1EEENSt9enable_ifIXaagtT0_Li0Esr4vllm12_typeConvertIT_EE6existsEvE4typeEPS4_lS7_PKS4_fiil--1,L2_cache_stats_breakdown[CHIPLET_ACC_R][TOTAL_ACCESS],312.0,312.0,\s+L2_cache_stats_breakdown\[CHIPLET_ACC_R\]\[TOTAL_ACCESS\]\s*=\s*(.*)
instance,llm_layer,layer,H100-SASS-Accelwattch_SASS_SIM,nvjet_sm90_tst_128x16_64x11_4x1_v_bz_TNT--0,L2_cache_stats_breakdown[CHIPLET_ACC_R][TOTAL_ACCESS],272384.0,272384.0,\s+L2_cache_stats_breakdown\[CHIPLET_ACC_R\]\[TOTAL_ACCESS\]\s*=\s*(.*)
instance,llm_layer,layer,H100-SASS-Accelwattch_SASS_SIM,_ZN4vllm18act_and_mul_kernelIN3c108BFloat16E14__nv_bfloat162XadL_ZNS_11silu_kernelIS2_EET_RKS5_fEEXadL_ZNS_18packed_silu_kernelIS3_EES5_S7_fEELb1ELb1ELb0ELb0EEEvPS5_PS6_ifff--0,L2_cache_stats_breakdown[CHIPLET_ACC_R][TOTAL_ACCESS],0.0,0.0,\s+L2_cache_stats_breakdown\[CHIPLET_ACC_R\]\[TOTAL_ACCESS\]\s*=\s*(.*)
instance,llm_layer,layer,H100-SASS-Accelwattch_SASS_SIM,nvjet_sm90_tst_64x16_64x16_4x1_v_bz_splitK_TNT--0,L2_cache_stats_breakdown[CHIPLET_ACC_R][TOTAL_ACCESS],136192.0,136192.0,\s+L2_cache_stats_breakdown\[CHIPLET_ACC_R\]\[TOTAL_ACCESS\]\s*=\s*(.*)
instance,llm_layer,layer,H100-SASS-Accelwattch_SASS_SIM,_ZN8cublasLt19splitKreduce_kernelILi32ELi16Eif13__nv_bfloat16fS1_Lb0EfS1_S1_Lb1ELb0ELb0ELb0EEEvNS_18cublasSplitKParamsIT4_EEPKT2_PKT8_PT7_PT3_PKS3_SG_PKT9_S7_PSH_PvlPS3_PiSM_SM_SG_SG_SG_SG_SG_--0,L2_cache_stats_breakdown[CHIPLET_ACC_R][TOTAL_ACCESS],0.0,0.0,\s+L2_cache_stats_breakdown\[CHIPLET_ACC_R\]\[TOTAL_ACCESS\]\s*=\s*(.*)
instance,llm_layer,layer,H100-SASS-Accelwattch_SASS_SIM,_ZN4vllm25fused_add_rms_norm_kernelIN3c108BFloat16ELi8ELb1EEENSt9enable_ifIXaagtT0_Li0Esr4vllm12_typeConvertIT_EE6existsEvE4typeEPS4_lS7_PKS4_fiil--2,L2_cache_stats_breakdown[CHIPLET_ACC_R][TOTAL_ACCESS],64.0,64.0,\s+L2_cache_stats_breakdown\[CHIPLET_ACC_R\]\[TOTAL_ACCESS\]\s*=\s*(.*)
instance,llm_layer,layer,H100-SASS-Accelwattch_SASS_SIM,nvjet_sm90_tst_64x8_64x16_4x1_v_bz_bias_TNT--0,L2_cache_stats_breakdown[CHIPLET_ACC_R][TOTAL_ACCESS],13340.0,13340.0,\s+L2_cache_stats_breakdown\[CHIPLET_ACC_R\]\[TOTAL_ACCESS\]\s*=\s*(.*)
instance,llm_layer,layer,H100-SASS-Accelwattch_SASS_SIM,_ZN4vllm23rotary_embedding_kernelIN3c108BFloat16ES2_Lb1EEEvPKlPT_S6_PKT0_illliiilb--1,L2_cache_stats_breakdown[CHIPLET_ACC_R][TOTAL_ACCESS],4.0,4.0,\s+L2_cache_stats_breakdown\[CHIPLET_ACC_R\]\[TOTAL_ACCESS\]\s*=\s*(.*)
instance,llm_layer,layer,H100-SASS-Accelwattch_SASS_SIM,_ZN4vllm30reshape_and_cache_flash_kernelI13__nv_bfloat16S1_LNS_18Fp8KVCacheDataTypeE0EEEvPKT_S5_PT0_S7_PKlllllliiiPKfSB_i--1,L2_cache_stats_breakdown[CHIPLET_ACC_R][TOTAL_ACCESS],0.0,0.0,\s+L2_cache_stats_breakdown\[CHIPLET_ACC_R\]\[TOTAL_ACCESS\]\s*=\s*(.*)
instance,llm_layer,layer,H100-SASS-Accelwattch_SASS_SIM,_ZN7cutlass13device_kernelIN5flash20enable_sm90_or_laterINS1_16FlashAttnFwdSm90INS1_25CollectiveMainloopFwdSm90ILi2EN4cute5tupleIJNS5_1CILi1EEES8_S8_EEENS6_IJNS7_ILi64EEENS7_ILi192EEESA_EEELi64ENS_10bfloat16_tEfNS_4arch4Sm90ELb0ELb0ELb0ELb1ELb1ELb0ELb0ELb1ELb1ELb1ELb0ELb0ESD_Li1EEENS1_21CollectiveEpilogueFwdINS6_IJSA_SA_SB_EEES9_SD_SF_Li128ELb1ELb1ELb0ELb0ELi1EEENS1_36VarlenDynamicPersistentTileSchedulerILi64ELi192ELi128ELi128ELb0ELb1ELb1ELb0ELb0ELb1EEEEEEEEEvNT_6ParamsE--0,L2_cache_stats_breakdown[CHIPLET_ACC_R][TOTAL_ACCESS],354.0,354.0,\s+L2_cache_stats_breakdown\[CHIPLET_ACC_R\]\[TOTAL_ACCESS\]\s*=\s*(.*)
instance,llm_layer,layer,H100-SASS-Accelwattch_SASS_SIM,_ZN2at6native29vectorized_elementwise_kernelILi4ENS0_11FillFunctorIiEESt5arrayIPcLm1EEEEviT0_T1_--1,L2_cache_stats_breakdown[CHIPLET_ACC_R][TOTAL_ACCESS],0.0,0.0,\s+L2_cache_stats_breakdown\[CHIPLET_ACC_R\]\[TOTAL_ACCESS\]\s*=\s*(.*)
instance,llm_layer,layer,H100-SASS-Accelwattch_SASS_SIM,nvjet_sm90_tst_64x8_64x16_4x1_v_bz_TNT--0,L2_cache_stats_breakdown[CHIPLET_ACC_R][TOTAL_ACCESS],15724.0,15724.0,\s+L2_cache_stats_breakdown\[CHIPLET_ACC_R\]\[TOTAL_ACCESS\]\s*=\s*(.*)
instance,llm_layer,layer,H100-SASS-Accelwattch_SASS_SIM,_ZN4vllm25fused_add_rms_norm_kernelIN3c108BFloat16ELi8ELb1EEENSt9enable_ifIXaagtT0_Li0Esr4vllm12_typeConvertIT_EE6existsEvE4typeEPS4_lS7_PKS4_fiil--3,L2_cache_stats_breakdown[CHIPLET_ACC_R][TOTAL_ACCESS],48.0,48.0,\s+L2_cache_stats_breakdown\[CHIPLET_ACC_R\]\[TOTAL_ACCESS\]\s*=\s*(.*)
instance,llm_layer,layer,H100-SASS-Accelwattch_SASS_SIM,nvjet_sm90_tst_128x8_64x12_4x1_v_bz_TNT--0,L2_cache_stats_breakdown[CHIPLET_ACC_R][TOTAL_ACCESS],238224.0,238224.0,\s+L2_cache_stats_breakdown\[CHIPLET_ACC_R\]\[TOTAL_ACCESS\]\s*=\s*(.*)
instance,llm_layer,layer,H100-SASS-Accelwattch_SASS_SIM,_ZN4vllm18act_and_mul_kernelIN3c108BFloat16E14__nv_bfloat162XadL_ZNS_11silu_kernelIS2_EET_RKS5_fEEXadL_ZNS_18packed_silu_kernelIS3_EES5_S7_fEELb1ELb1ELb0ELb0EEEvPS5_PS6_ifff--1,L2_cache_stats_breakdown[CHIPLET_ACC_R][TOTAL_ACCESS],4.0,4.0,\s+L2_cache_stats_breakdown\[CHIPLET_ACC_R\]\[TOTAL_ACCESS\]\s*=\s*(.*)
instance,llm_layer,layer,H100-SASS-Accelwattch_SASS_SIM,nvjet_sm90_tst_64x8_64x16_4x1_v_bz_splitK_TNT--0,L2_cache_stats_breakdown[CHIPLET_ACC_R][TOTAL_ACCESS],79228.0,79228.0,\s+L2_cache_stats_breakdown\[CHIPLET_ACC_R\]\[TOTAL_ACCESS\]\s*=\s*(.*)
instance,llm_layer,layer,H100-SASS-Accelwattch_SASS_SIM,_ZN8cublasLt19splitKreduce_kernelILi32ELi16Eif13__nv_bfloat16fS1_Lb0EfS1_S1_Lb1ELb0ELb0ELb0EEEvNS_18cublasSplitKParamsIT4_EEPKT2_PKT8_PT7_PT3_PKS3_SG_PKT9_S7_PSH_PvlPS3_PiSM_SM_SG_SG_SG_SG_SG_--1,L2_cache_stats_breakdown[CHIPLET_ACC_R][TOTAL_ACCESS],0.0,0.0,\s+L2_cache_stats_breakdown\[CHIPLET_ACC_R\]\[TOTAL_ACCESS\]\s*=\s*(.*)
instance,llm_layer,layer,H100-SASS-Accelwattch_SASS_SIM,_ZN4vllm25fused_add_rms_norm_kernelIN3c108BFloat16ELi8ELb1EEENSt9enable_ifIXaagtT0_Li0Esr4vllm12_typeConvertIT_EE6existsEvE4typeEPS4_lS7_PKS4_fiil--4,L2_cache_stats_breakdown[CHIPLET_ACC_R][TOTAL_ACCESS],37.0,37.0,\s+L2_cache_stats_breakdown\[CHIPLET_ACC_R\]\[TOTAL_ACCESS\]\s*=\s*(.*)
instance,llm_layer,layer,H100-SASS-Accelwattch_SASS_SIM,nvjet_sm90_tst_64x8_64x16_4x1_v_bz_bias_TNT--1,L2_cache_stats_breakdown[CHIPLET_ACC_R][TOTAL_ACCESS],9800.0,9800.0,\s+L2_cache_stats_breakdown\[CHIPLET_ACC_R\]\[TOTAL_ACCESS\]\s*=\s*(.*)
instance,llm_layer,layer,H100-SASS-Accelwattch_SASS_SIM,_ZN4vllm23rotary_embedding_kernelIN3c108BFloat16ES2_Lb1EEEvPKlPT_S6_PKT0_illliiilb--2,L2_cache_stats_breakdown[CHIPLET_ACC_R][TOTAL_ACCESS],4.0,4.0,\s+L2_cache_stats_breakdown\[CHIPLET_ACC_R\]\[TOTAL_ACCESS\]\s*=\s*(.*)
instance,llm_layer,layer,H100-SASS-Accelwattch_SASS_SIM,_ZN4vllm30reshape_and_cache_flash_kernelI13__nv_bfloat16S1_LNS_18Fp8KVCacheDataTypeE0EEEvPKT_S5_PT0_S7_PKlllllliiiPKfSB_i--2,L2_cache_stats_breakdown[CHIPLET_ACC_R][TOTAL_ACCESS],0.0,0.0,\s+L2_cache_stats_breakdown\[CHIPLET_ACC_R\]\[TOTAL_ACCESS\]\s*=\s*(.*)
instance,llm_layer,layer,H100-SASS-Accelwattch_SASS_SIM,_ZN7cutlass13device_kernelIN5flash20enable_sm90_or_laterINS1_16FlashAttnFwdSm90INS1_25CollectiveMainloopFwdSm90ILi2EN4cute5tupleIJNS5_1CILi1EEES8_S8_EEENS6_IJNS7_ILi64EEENS7_ILi192EEESA_EEELi64ENS_10bfloat16_tEfNS_4arch4Sm90ELb0ELb0ELb0ELb1ELb1ELb0ELb0ELb1ELb1ELb1ELb0ELb0ESD_Li1EEENS1_21CollectiveEpilogueFwdINS6_IJSA_SA_SB_EEES9_SD_SF_Li128ELb1ELb1ELb0ELb0ELi1EEENS1_36VarlenDynamicPersistentTileSchedulerILi64ELi192ELi128ELi128ELb0ELb1ELb1ELb0ELb0ELb1EEEEEEEEEvNT_6ParamsE--1,L2_cache_stats_breakdown[CHIPLET_ACC_R][TOTAL_ACCESS],37.0,37.0,\s+L2_cache_stats_breakdown\[CHIPLET_ACC_R\]\[TOTAL_ACCESS\]\s*=\s*(.*)
instance,llm_layer,layer,H100-SASS-Accelwattch_SASS_SIM,_ZN2at6native29vectorized_elementwise_kernelILi4ENS0_11FillFunctorIiEESt5arrayIPcLm1EEEEviT0_T1_--2,L2_cache_stats_breakdown[CHIPLET_ACC_R][TOTAL_ACCESS],0.0,0.0,\s+L2_cache_stats_breakdown\[CHIPLET_ACC_R\]\[TOTAL_ACCESS\]\s*=\s*(.*)
instance,llm_layer,layer,H100-SASS-Accelwattch_SASS_SIM,nvjet_sm90_tst_64x8_64x16_4x1_v_bz_TNT--1,L2_cache_stats_breakdown[CHIPLET_ACC_R][TOTAL_ACCESS],1792.0,1792.0,\s+L2_cache_stats_breakdown\[CHIPLET_ACC_R\]\[TOTAL_ACCESS\]\s*=\s*(.*)
instance,llm_layer,layer,H100-SASS-Accelwattch_SASS_SIM,_ZN4vllm25fused_add_rms_norm_kernelIN3c108BFloat16ELi8ELb1EEENSt9enable_ifIXaagtT0_Li0Esr4vllm12_typeConvertIT_EE6existsEvE4typeEPS4_lS7_PKS4_fiil--5,L2_cache_stats_breakdown[CHIPLET_ACC_R][TOTAL_ACCESS],0.0,0.0,\s+L2_cache_stats_breakdown\[CHIPLET_ACC_R\]\[TOTAL_ACCESS\]\s*=\s*(.*)
instance,llm_layer,layer,H100-SASS-Accelwattch_SASS_SIM,nvjet_sm90_tst_128x8_64x12_4x1_v_bz_TNT--1,L2_cache_stats_breakdown[CHIPLET_ACC_R][TOTAL_ACCESS],135376.0,135376.0,\s+L2_cache_stats_breakdown\[CHIPLET_ACC_R\]\[TOTAL_ACCESS\]\s*=\s*(.*)
instance,llm_layer,layer,H100-SASS-Accelwattch_SASS_SIM,_ZN4vllm18act_and_mul_kernelIN3c108BFloat16E14__nv_bfloat162XadL_ZNS_11silu_kernelIS2_EET_RKS5_fEEXadL_ZNS_18packed_silu_kernelIS3_EES5_S7_fEELb1ELb1ELb0ELb0EEEvPS5_PS6_ifff--2,L2_cache_stats_breakdown[CHIPLET_ACC_R][TOTAL_ACCESS],0.0,0.0,\s+L2_cache_stats_breakdown\[CHIPLET_ACC_R\]\[TOTAL_ACCESS\]\s*=\s*(.*)
instance,llm_layer,layer,H100-SASS-Accelwattch_SASS_SIM,nvjet_sm90_tst_64x8_64x16_4x1_v_bz_splitK_TNT--1,L2_cache_stats_breakdown[CHIPLET_ACC_R][TOTAL_ACCESS],92080.0,92080.0,\s+L2_cache_stats_breakdown\[CHIPLET_ACC_R\]\[TOTAL_ACCESS\]\s*=\s*(.*)
instance,llm_layer,layer,H100-SASS-Accelwattch_SASS_SIM,_ZN8cublasLt19splitKreduce_kernelILi32ELi16Eif13__nv_bfloat16fS1_Lb0EfS1_S1_Lb1ELb0ELb0ELb0EEEvNS_18cublasSplitKParamsIT4_EEPKT2_PKT8_PT7_PT3_PKS3_SG_PKT9_S7_PSH_PvlPS3_PiSM_SM_SG_SG_SG_SG_SG_--2,L2_cache_stats_breakdown[CHIPLET_ACC_R][TOTAL_ACCESS],0.0,0.0,\s+L2_cache_stats_breakdown\[CHIPLET_ACC_R\]\[TOTAL_ACCESS\]\s*=\s*(.*)
instance,llm_layer,layer,H100-SASS-Accelwattch_SASS_SIM,_ZN4vllm25fused_add_rms_norm_kernelIN3c108BFloat16ELi8ELb1EEENSt9enable_ifIXaagtT0_Li0Esr4vllm12_typeConvertIT_EE6existsEvE4typeEPS4_lS7_PKS4_fiil--6,L2_cache_stats_breakdown[CHIPLET_ACC_R][TOTAL_ACCESS],64.0,64.0,\s+L2_cache_stats_breakdown\[CHIPLET_ACC_R\]\[TOTAL_ACCESS\]\s*=\s*(.*)
instance,llm_layer,layer,H100-SASS-Accelwattch_SASS_SIM,nvjet_sm90_tst_64x8_64x16_4x1_v_bz_bias_TNT--2,L2_cache_stats_breakdown[CHIPLET_ACC_R][TOTAL_ACCESS],27480.0,27480.0,\s+L2_cache_stats_breakdown\[CHIPLET_ACC_R\]\[TOTAL_ACCESS\]\s*=\s*(.*)
instance,llm_layer,layer,H100-SASS-Accelwattch_SASS_SIM,_ZN4vllm23rotary_embedding_kernelIN3c108BFloat16ES2_Lb1EEEvPKlPT_S6_PKT0_illliiilb--3,L2_cache_stats_breakdown[CHIPLET_ACC_R][TOTAL_ACCESS],0.0,0.0,\s+L2_cache_stats_breakdown\[CHIPLET_ACC_R\]\[TOTAL_ACCESS\]\s*=\s*(.*)
instance,llm_layer,layer,H100-SASS-Accelwattch_SASS_SIM,_ZN4vllm30reshape_and_cache_flash_kernelI13__nv_bfloat16S1_LNS_18Fp8KVCacheDataTypeE0EEEvPKT_S5_PT0_S7_PKlllllliiiPKfSB_i--3,L2_cache_stats_breakdown[CHIPLET_ACC_R][TOTAL_ACCESS],0.0,0.0,\s+L2_cache_stats_breakdown\[CHIPLET_ACC_R\]\[TOTAL_ACCESS\]\s*=\s*(.*)
instance,llm_layer,layer,H100-SASS-Accelwattch_SASS_SIM,_ZN7cutlass13device_kernelIN5flash20enable_sm90_or_laterINS1_16FlashAttnFwdSm90INS1_25CollectiveMainloopFwdSm90ILi2EN4cute5tupleIJNS5_1CILi1EEES8_S8_EEENS6_IJNS7_ILi64EEENS7_ILi192EEESA_EEELi64ENS_10bfloat16_tEfNS_4arch4Sm90ELb0ELb0ELb0ELb1ELb1ELb0ELb0ELb1ELb1ELb1ELb0ELb0ESD_Li1EEENS1_21CollectiveEpilogueFwdINS6_IJSA_SA_SB_EEES9_SD_SF_Li128ELb1ELb1ELb0ELb0ELi1EEENS1_36VarlenDynamicPersistentTileSchedulerILi64ELi192ELi128ELi128ELb0ELb1ELb1ELb0ELb0ELb1EEEEEEEEEvNT_6ParamsE--2,L2_cache_stats_breakdown[CHIPLET_ACC_R][TOTAL_ACCESS],209.0,209.0,\s+L2_cache_stats_breakdown\[CHIPLET_ACC_R\]\[TOTAL_ACCESS\]\s*=\s*(.*)
instance,llm_layer,layer,H100-SASS-Accelwattch_SASS_SIM,_ZN2at6native29vectorized_elementwise_kernelILi4ENS0_11FillFunctorIiEESt5arrayIPcLm1EEEEviT0_T1_--3,L2_cache_stats_breakdown[CHIPLET_ACC_R][TOTAL_ACCESS],0.0,0.0,\s+L2_cache_stats_breakdown\[CHIPLET_ACC_R\]\[TOTAL_ACCESS\]\s*=\s*(.*)
instance,llm_layer,layer,H100-SASS-Accelwattch_SASS_SIM,nvjet_sm90_tst_64x8_64x16_4x1_v_bz_TNT--2,L2_cache_stats_breakdown[CHIPLET_ACC_R][TOTAL_ACCESS],24144.0,24144.0,\s+L2_cache_stats_breakdown\[CHIPLET_ACC_R\]\[TOTAL_ACCESS\]\s*=\s*(.*)
instance,llm_layer,layer,H100-SASS-Accelwattch_SASS_SIM,_ZN4vllm25fused_add_rms_norm_kernelIN3c108BFloat16ELi8ELb1EEENSt9enable_ifIXaagtT0_Li0Esr4vllm12_typeConvertIT_EE6existsEvE4typeEPS4_lS7_PKS4_fiil--7,L2_cache_stats_breakdown[CHIPLET_ACC_R][TOTAL_ACCESS],56.0,56.0,\s+L2_cache_stats_breakdown\[CHIPLET_ACC_R\]\[TOTAL_ACCESS\]\s*=\s*(.*)
instance,llm_layer,layer,H100-SASS-Accelwattch_SASS_SIM,nvjet_sm90_tst_128x8_64x12_4x1_v_bz_TNT--2,L2_cache_stats_breakdown[CHIPLET_ACC_R][TOTAL_ACCESS],149120.0,149120.0,\s+L2_cache_stats_breakdown\[CHIPLET_ACC_R\]\[TOTAL_ACCESS\]\s*=\s*(.*)
instance,llm_layer,layer,H100-SASS-Accelwattch_SASS_SIM,_ZN4vllm18act_and_mul_kernelIN3c108BFloat16E14__nv_bfloat162XadL_ZNS_11silu_kernelIS2_EET_RKS5_fEEXadL_ZNS_18packed_silu_kernelIS3_EES5_S7_fEELb1ELb1ELb0ELb0EEEvPS5_PS6_ifff--3,L2_cache_stats_breakdown[CHIPLET_ACC_R][TOTAL_ACCESS],112.0,112.0,\s+L2_cache_stats_breakdown\[CHIPLET_ACC_R\]\[TOTAL_ACCESS\]\s*=\s*(.*)
instance,llm_layer,layer,H100-SASS-Accelwattch_SASS_SIM,nvjet_sm90_tst_64x8_64x16_4x1_v_bz_splitK_TNT--2,L2_cache_stats_breakdown[CHIPLET_ACC_R][TOTAL_ACCESS],62308.0,62308.0,\s+L2_cache_stats_breakdown\[CHIPLET_ACC_R\]\[TOTAL_ACCESS\]\s*=\s*(.*)
instance,llm_layer,layer,H100-SASS-Accelwattch_SASS_SIM,_ZN8cublasLt19splitKreduce_kernelILi32ELi16Eif13__nv_bfloat16fS1_Lb0EfS1_S1_Lb1ELb0ELb0ELb0EEEvNS_18cublasSplitKParamsIT4_EEPKT2_PKT8_PT7_PT3_PKS3_SG_PKT9_S7_PSH_PvlPS3_PiSM_SM_SG_SG_SG_SG_SG_--3,L2_cache_stats_breakdown[CHIPLET_ACC_R][TOTAL_ACCESS],0.0,0.0,\s+L2_cache_stats_breakdown\[CHIPLET_ACC_R\]\[TOTAL_ACCESS\]\s*=\s*(.*)
instance,llm_layer,layer,H100-SASS-Accelwattch_SASS_SIM,_ZN4vllm25fused_add_rms_norm_kernelIN3c108BFloat16ELi8ELb1EEENSt9enable_ifIXaagtT0_Li0Esr4vllm12_typeConvertIT_EE6existsEvE4typeEPS4_lS7_PKS4_fiil--8,L2_cache_stats_breakdown[CHIPLET_ACC_R][TOTAL_ACCESS],16.0,16.0,\s+L2_cache_stats_breakdown\[CHIPLET_ACC_R\]\[TOTAL_ACCESS\]\s*=\s*(.*)
instance,llm_layer,layer,H100-SASS-Accelwattch_SASS_SIM,nvjet_sm90_tst_64x8_64x16_4x1_v_bz_bias_TNT--3,L2_cache_stats_breakdown[CHIPLET_ACC_R][TOTAL_ACCESS],7136.0,7136.0,\s+L2_cache_stats_breakdown\[CHIPLET_ACC_R\]\[TOTAL_ACCESS\]\s*=\s*(.*)
instance,llm_layer,layer,H100-SASS-Accelwattch_SASS_SIM,_ZN4vllm23rotary_embedding_kernelIN3c108BFloat16ES2_Lb1EEEvPKlPT_S6_PKT0_illliiilb--4,L2_cache_stats_breakdown[CHIPLET_ACC_R][TOTAL_ACCESS],5.0,5.0,\s+L2_cache_stats_breakdown\[CHIPLET_ACC_R\]\[TOTAL_ACCESS\]\s*=\s*(.*)
instance,llm_layer,layer,H100-SASS-Accelwattch_SASS_SIM,_ZN4vllm30reshape_and_cache_flash_kernelI13__nv_bfloat16S1_LNS_18Fp8KVCacheDataTypeE0EEEvPKT_S5_PT0_S7_PKlllllliiiPKfSB_i--4,L2_cache_stats_breakdown[CHIPLET_ACC_R][TOTAL_ACCESS],1.0,1.0,\s+L2_cache_stats_breakdown\[CHIPLET_ACC_R\]\[TOTAL_ACCESS\]\s*=\s*(.*)
instance,llm_layer,layer,H100-SASS-Accelwattch_SASS_SIM,_ZN7cutlass13device_kernelIN5flash20enable_sm90_or_laterINS1_16FlashAttnFwdSm90INS1_25CollectiveMainloopFwdSm90ILi2EN4cute5tupleIJNS5_1CILi1EEES8_S8_EEENS6_IJNS7_ILi64EEENS7_ILi192EEESA_EEELi64ENS_10bfloat16_tEfNS_4arch4Sm90ELb0ELb0ELb0ELb1ELb1ELb0ELb0ELb1ELb1ELb1ELb0ELb0ESD_Li1EEENS1_21CollectiveEpilogueFwdINS6_IJSA_SA_SB_EEES9_SD_SF_Li128ELb1ELb1ELb0ELb0ELi1EEENS1_36VarlenDynamicPersistentTileSchedulerILi64ELi192ELi128ELi128ELb0ELb1ELb1ELb0ELb0ELb1EEEEEEEEEvNT_6ParamsE--3,L2_cache_stats_breakdown[CHIPLET_ACC_R][TOTAL_ACCESS],193.0,193.0,\s+L2_cache_stats_breakdown\[CHIPLET_ACC_R\]\[TOTAL_ACCESS\]\s*=\s*(.*)
instance,llm_layer,layer,H100-SASS-Accelwattch_SASS_SIM,_ZN2at6native29vectorized_elementwise_kernelILi4ENS0_11FillFunctorIiEESt5arrayIPcLm1EEEEviT0_T1_--4,L2_cache_stats_breakdown[CHIPLET_ACC_R][TOTAL_ACCESS],0.0,0.0,\s+L2_cache_stats_breakdown\[CHIPLET_ACC_R\]\[TOTAL_ACCESS\]\s*=\s*(.*)
instance,llm_layer,layer,H100-SASS-Accelwattch_SASS_SIM,nvjet_sm90_tst_64x8_64x16_4x1_v_bz_TNT--3,L2_cache_stats_breakdown[CHIPLET_ACC_R][TOTAL_ACCESS],11612.0,11612.0,\s+L2_cache_stats_breakdown\[CHIPLET_ACC_R\]\[TOTAL_ACCESS\]\s*=\s*(.*)
instance,llm_layer,layer,H100-SASS-Accelwattch_SASS_SIM,_ZN4vllm25fused_add_rms_norm_kernelIN3c108BFloat16ELi8ELb1EEENSt9enable_ifIXaagtT0_Li0Esr4vllm12_typeConvertIT_EE6existsEvE4typeEPS4_lS7_PKS4_fiil--9,L2_cache_stats_breakdown[CHIPLET_ACC_R][TOTAL_ACCESS],56.0,56.0,\s+L2_cache_stats_breakdown\[CHIPLET_ACC_R\]\[TOTAL_ACCESS\]\s*=\s*(.*)
instance,llm_layer,layer,H100-SASS-Accelwattch_SASS_SIM,nvjet_sm90_tst_128x8_64x12_4x1_v_bz_TNT--3,L2_cache_stats_breakdown[CHIPLET_ACC_R][TOTAL_ACCESS],129836.0,129836.0,\s+L2_cache_stats_breakdown\[CHIPLET_ACC_R\]\[TOTAL_ACCESS\]\s*=\s*(.*)
instance,llm_layer,layer,H100-SASS-Accelwattch_SASS_SIM,_ZN4vllm18act_and_mul_kernelIN3c108BFloat16E14__nv_bfloat162XadL_ZNS_11silu_kernelIS2_EET_RKS5_fEEXadL_ZNS_18packed_silu_kernelIS3_EES5_S7_fEELb1ELb1ELb0ELb0EEEvPS5_PS6_ifff--4,L2_cache_stats_breakdown[CHIPLET_ACC_R][TOTAL_ACCESS],0.0,0.0,\s+L2_cache_stats_breakdown\[CHIPLET_ACC_R\]\[TOTAL_ACCESS\]\s*=\s*(.*)
instance,llm_layer,layer,H100-SASS-Accelwattch_SASS_SIM,nvjet_sm90_tst_64x8_64x16_4x1_v_bz_splitK_TNT--3,L2_cache_stats_breakdown[CHIPLET_ACC_R][TOTAL_ACCESS],64672.0,64672.0,\s+L2_cache_stats_breakdown\[CHIPLET_ACC_R\]\[TOTAL_ACCESS\]\s*=\s*(.*)
instance,llm_layer,layer,H100-SASS-Accelwattch_SASS_SIM,_ZN8cublasLt19splitKreduce_kernelILi32ELi16Eif13__nv_bfloat16fS1_Lb0EfS1_S1_Lb1ELb0ELb0ELb0EEEvNS_18cublasSplitKParamsIT4_EEPKT2_PKT8_PT7_PT3_PKS3_SG_PKT9_S7_PSH_PvlPS3_PiSM_SM_SG_SG_SG_SG_SG_--4,L2_cache_stats_breakdown[CHIPLET_ACC_R][TOTAL_ACCESS],36.0,36.0,\s+L2_cache_stats_breakdown\[CHIPLET_ACC_R\]\[TOTAL_ACCESS\]\s*=\s*(.*)
instance,llm_layer,layer,H100-SASS-Accelwattch_SASS_SIM,_ZN4vllm25fused_add_rms_norm_kernelIN3c108BFloat16ELi8ELb1EEENSt9enable_ifIXaagtT0_Li0Esr4vllm12_typeConvertIT_EE6existsEvE4typeEPS4_lS7_PKS4_fiil--10,L2_cache_stats_breakdown[CHIPLET_ACC_R][TOTAL_ACCESS],0.0,0.0,\s+L2_cache_stats_breakdown\[CHIPLET_ACC_R\]\[TOTAL_ACCESS\]\s*=\s*(.*)
instance,llm_layer,layer,H100-SASS-Accelwattch_SASS_SIM,nvjet_sm90_tst_64x8_64x16_4x1_v_bz_bias_TNT--4,L2_cache_stats_breakdown[CHIPLET_ACC_R][TOTAL_ACCESS],11676.0,11676.0,\s+L2_cache_stats_breakdown\[CHIPLET_ACC_R\]\[TOTAL_ACCESS\]\s*=\s*(.*)
instance,llm_layer,layer,H100-SASS-Accelwattch_SASS_SIM,_ZN4vllm23rotary_embedding_kernelIN3c108BFloat16ES2_Lb1EEEvPKlPT_S6_PKT0_illliiilb--5,L2_cache_stats_breakdown[CHIPLET_ACC_R][TOTAL_ACCESS],4.0,4.0,\s+L2_cache_stats_breakdown\[CHIPLET_ACC_R\]\[TOTAL_ACCESS\]\s*=\s*(.*)
instance,llm_layer,layer,H100-SASS-Accelwattch_SASS_SIM,_ZN4vllm30reshape_and_cache_flash_kernelI13__nv_bfloat16S1_LNS_18Fp8KVCacheDataTypeE0EEEvPKT_S5_PT0_S7_PKlllllliiiPKfSB_i--5,L2_cache_stats_breakdown[CHIPLET_ACC_R][TOTAL_ACCESS],0.0,0.0,\s+L2_cache_stats_breakdown\[CHIPLET_ACC_R\]\[TOTAL_ACCESS\]\s*=\s*(.*)
instance,llm_layer,layer,H100-SASS-Accelwattch_SASS_SIM,_ZN7cutlass13device_kernelIN5flash20enable_sm90_or_laterINS1_16FlashAttnFwdSm90INS1_25CollectiveMainloopFwdSm90ILi2EN4cute5tupleIJNS5_1CILi1EEES8_S8_EEENS6_IJNS7_ILi64EEENS7_ILi192EEESA_EEELi64ENS_10bfloat16_tEfNS_4arch4Sm90ELb0ELb0ELb0ELb1ELb1ELb0ELb0ELb1ELb1ELb1ELb0ELb0ESD_Li1EEENS1_21CollectiveEpilogueFwdINS6_IJSA_SA_SB_EEES9_SD_SF_Li128ELb1ELb1ELb0ELb0ELi1EEENS1_36VarlenDynamicPersistentTileSchedulerILi64ELi192ELi128ELi128ELb0ELb1ELb1ELb0ELb0ELb1EEEEEEEEEvNT_6ParamsE--4,L2_cache_stats_breakdown[CHIPLET_ACC_R][TOTAL_ACCESS],24.0,24.0,\s+L2_cache_stats_breakdown\[CHIPLET_ACC_R\]\[TOTAL_ACCESS\]\s*=\s*(.*)
instance,llm_layer,layer,H100-SASS-Accelwattch_SASS_SIM,_ZN2at6native29vectorized_elementwise_kernelILi4ENS0_11FillFunctorIiEESt5arrayIPcLm1EEEEviT0_T1_--5,L2_cache_stats_breakdown[CHIPLET_ACC_R][TOTAL_ACCESS],0.0,0.0,\s+L2_cache_stats_breakdown\[CHIPLET_ACC_R\]\[TOTAL_ACCESS\]\s*=\s*(.*)
instance,llm_layer,layer,H100-SASS-Accelwattch_SASS_SIM,nvjet_sm90_tst_64x8_64x16_4x1_v_bz_TNT--4,L2_cache_stats_breakdown[CHIPLET_ACC_R][TOTAL_ACCESS],2416.0,2416.0,\s+L2_cache_stats_breakdown\[CHIPLET_ACC_R\]\[TOTAL_ACCESS\]\s*=\s*(.*)
instance,llm_layer,layer,H100-SASS-Accelwattch_SASS_SIM,_ZN4vllm25fused_add_rms_norm_kernelIN3c108BFloat16ELi8ELb1EEENSt9enable_ifIXaagtT0_Li0Esr4vllm12_typeConvertIT_EE6existsEvE4typeEPS4_lS7_PKS4_fiil--11,L2_cache_stats_breakdown[CHIPLET_ACC_R][TOTAL_ACCESS],0.0,0.0,\s+L2_cache_stats_breakdown\[CHIPLET_ACC_R\]\[TOTAL_ACCESS\]\s*=\s*(.*)
instance,llm_layer,layer,H100-SASS-Accelwattch_SASS_SIM,nvjet_sm90_tst_128x8_64x12_4x1_v_bz_TNT--4,L2_cache_stats_breakdown[CHIPLET_ACC_R][TOTAL_ACCESS],124524.0,124524.0,\s+L2_cache_stats_breakdown\[CHIPLET_ACC_R\]\[TOTAL_ACCESS\]\s*=\s*(.*)
instance,llm_layer,layer,H100-SASS-Accelwattch_SASS_SIM,_ZN4vllm18act_and_mul_kernelIN3c108BFloat16E14__nv_bfloat162XadL_ZNS_11silu_kernelIS2_EET_RKS5_fEEXadL_ZNS_18packed_silu_kernelIS3_EES5_S7_fEELb1ELb1ELb0ELb0EEEvPS5_PS6_ifff--5,L2_cache_stats_breakdown[CHIPLET_ACC_R][TOTAL_ACCESS],2.0,2.0,\s+L2_cache_stats_breakdown\[CHIPLET_ACC_R\]\[TOTAL_ACCESS\]\s*=\s*(.*)
instance,llm_layer,layer,H100-SASS-Accelwattch_SASS_SIM,nvjet_sm90_tst_64x8_64x16_4x1_v_bz_splitK_TNT--4,L2_cache_stats_breakdown[CHIPLET_ACC_R][TOTAL_ACCESS],81772.0,81772.0,\s+L2_cache_stats_breakdown\[CHIPLET_ACC_R\]\[TOTAL_ACCESS\]\s*=\s*(.*)
instance,llm_layer,layer,H100-SASS-Accelwattch_SASS_SIM,_ZN8cublasLt19splitKreduce_kernelILi32ELi16Eif13__nv_bfloat16fS1_Lb0EfS1_S1_Lb1ELb0ELb0ELb0EEEvNS_18cublasSplitKParamsIT4_EEPKT2_PKT8_PT7_PT3_PKS3_SG_PKT9_S7_PSH_PvlPS3_PiSM_SM_SG_SG_SG_SG_SG_--5,L2_cache_stats_breakdown[CHIPLET_ACC_R][TOTAL_ACCESS],0.0,0.0,\s+L2_cache_stats_breakdown\[CHIPLET_ACC_R\]\[TOTAL_ACCESS\]\s*=\s*(.*)
instance,llm_layer,layer,H100-SASS-Accelwattch_SASS_SIM,_ZN4vllm25fused_add_rms_norm_kernelIN3c108BFloat16ELi8ELb1EEENSt9enable_ifIXaagtT0_Li0Esr4vllm12_typeConvertIT_EE6existsEvE4typeEPS4_lS7_PKS4_fiil--12,L2_cache_stats_breakdown[CHIPLET_ACC_R][TOTAL_ACCESS],56.0,56.0,\s+L2_cache_stats_breakdown\[CHIPLET_ACC_R\]\[TOTAL_ACCESS\]\s*=\s*(.*)
instance,llm_layer,layer,H100-SASS-Accelwattch_SASS_SIM,nvjet_sm90_tst_64x8_64x16_4x1_v_bz_bias_TNT--5,L2_cache_stats_breakdown[CHIPLET_ACC_R][TOTAL_ACCESS],27032.0,27032.0,\s+L2_cache_stats_breakdown\[CHIPLET_ACC_R\]\[TOTAL_ACCESS\]\s*=\s*(.*)
instance,llm_layer,layer,H100-SASS-Accelwattch_SASS_SIM,_ZN4vllm23rotary_embedding_kernelIN3c108BFloat16ES2_Lb1EEEvPKlPT_S6_PKT0_illliiilb--6,L2_cache_stats_breakdown[CHIPLET_ACC_R][TOTAL_ACCESS],0.0,0.0,\s+L2_cache_stats_breakdown\[CHIPLET_ACC_R\]\[TOTAL_ACCESS\]\s*=\s*(.*)
instance,llm_layer,layer,H100-SASS-Accelwattch_SASS_SIM,_ZN4vllm30reshape_and_cache_flash_kernelI13__nv_bfloat16S1_LNS_18Fp8KVCacheDataTypeE0EEEvPKT_S5_PT0_S7_PKlllllliiiPKfSB_i--6,L2_cache_stats_breakdown[CHIPLET_ACC_R][TOTAL_ACCESS],0.0,0.0,\s+L2_cache_stats_breakdown\[CHIPLET_ACC_R\]\[TOTAL_ACCESS\]\s*=\s*(.*)
instance,llm_layer,layer,H100-SASS-Accelwattch_SASS_SIM,_ZN7cutlass13device_kernelIN5flash20enable_sm90_or_laterINS1_16FlashAttnFwdSm90INS1_25CollectiveMainloopFwdSm90ILi2EN4cute5tupleIJNS5_1CILi1EEES8_S8_EEENS6_IJNS7_ILi64EEENS7_ILi192EEESA_EEELi64ENS_10bfloat16_tEfNS_4arch4Sm90ELb0ELb0ELb0ELb1ELb1ELb0ELb0ELb1ELb1ELb1ELb0ELb0ESD_Li1EEENS1_21CollectiveEpilogueFwdINS6_IJSA_SA_SB_EEES9_SD_SF_Li128ELb1ELb1ELb0ELb0ELi1EEENS1_36VarlenDynamicPersistentTileSchedulerILi64ELi192ELi128ELi128ELb0ELb1ELb1ELb0ELb0ELb1EEEEEEEEEvNT_6ParamsE--5,L2_cache_stats_breakdown[CHIPLET_ACC_R][TOTAL_ACCESS],257.0,257.0,\s+L2_cache_stats_breakdown\[CHIPLET_ACC_R\]\[TOTAL_ACCESS\]\s*=\s*(.*)
instance,llm_layer,layer,H100-SASS-Accelwattch_SASS_SIM,_ZN2at6native29vectorized_elementwise_kernelILi4ENS0_11FillFunctorIiEESt5arrayIPcLm1EEEEviT0_T1_--6,L2_cache_stats_breakdown[CHIPLET_ACC_R][TOTAL_ACCESS],0.0,0.0,\s+L2_cache_stats_breakdown\[CHIPLET_ACC_R\]\[TOTAL_ACCESS\]\s*=\s*(.*)
instance,llm_layer,layer,H100-SASS-Accelwattch_SASS_SIM,nvjet_sm90_tst_64x8_64x16_4x1_v_bz_TNT--5,L2_cache_stats_breakdown[CHIPLET_ACC_R][TOTAL_ACCESS],19052.0,19052.0,\s+L2_cache_stats_breakdown\[CHIPLET_ACC_R\]\[TOTAL_ACCESS\]\s*=\s*(.*)
instance,llm_layer,layer,H100-SASS-Accelwattch_SASS_SIM,_ZN4vllm25fused_add_rms_norm_kernelIN3c108BFloat16ELi8ELb1EEENSt9enable_ifIXaagtT0_Li0Esr4vllm12_typeConvertIT_EE6existsEvE4typeEPS4_lS7_PKS4_fiil--13,L2_cache_stats_breakdown[CHIPLET_ACC_R][TOTAL_ACCESS],56.0,56.0,\s+L2_cache_stats_breakdown\[CHIPLET_ACC_R\]\[TOTAL_ACCESS\]\s*=\s*(.*)
instance,llm_layer,layer,H100-SASS-Accelwattch_SASS_SIM,nvjet_sm90_tst_128x8_64x12_4x1_v_bz_TNT--5,L2_cache_stats_breakdown[CHIPLET_ACC_R][TOTAL_ACCESS],140876.0,140876.0,\s+L2_cache_stats_breakdown\[CHIPLET_ACC_R\]\[TOTAL_ACCESS\]\s*=\s*(.*)
instance,llm_layer,layer,H100-SASS-Accelwattch_SASS_SIM,_ZN4vllm18act_and_mul_kernelIN3c108BFloat16E14__nv_bfloat162XadL_ZNS_11silu_kernelIS2_EET_RKS5_fEEXadL_ZNS_18packed_silu_kernelIS3_EES5_S7_fEELb1ELb1ELb0ELb0EEEvPS5_PS6_ifff--6,L2_cache_stats_breakdown[CHIPLET_ACC_R][TOTAL_ACCESS],112.0,112.0,\s+L2_cache_stats_breakdown\[CHIPLET_ACC_R\]\[TOTAL_ACCESS\]\s*=\s*(.*)
instance,llm_layer,layer,H100-SASS-Accelwattch_SASS_SIM,nvjet_sm90_tst_64x8_64x16_4x1_v_bz_splitK_TNT--5,L2_cache_stats_breakdown[CHIPLET_ACC_R][TOTAL_ACCESS],59788.0,59788.0,\s+L2_cache_stats_breakdown\[CHIPLET_ACC_R\]\[TOTAL_ACCESS\]\s*=\s*(.*)
instance,llm_layer,layer,H100-SASS-Accelwattch_SASS_SIM,_ZN8cublasLt19splitKreduce_kernelILi32ELi16Eif13__nv_bfloat16fS1_Lb0EfS1_S1_Lb1ELb0ELb0ELb0EEEvNS_18cublasSplitKParamsIT4_EEPKT2_PKT8_PT7_PT3_PKS3_SG_PKT9_S7_PSH_PvlPS3_PiSM_SM_SG_SG_SG_SG_SG_--6,L2_cache_stats_breakdown[CHIPLET_ACC_R][TOTAL_ACCESS],0.0,0.0,\s+L2_cache_stats_breakdown\[CHIPLET_ACC_R\]\[TOTAL_ACCESS\]\s*=\s*(.*)
instance,llm_layer,layer,H100-SASS-Accelwattch_SASS_SIM,_ZN4vllm25fused_add_rms_norm_kernelIN3c108BFloat16ELi8ELb1EEENSt9enable_ifIXaagtT0_Li0Esr4vllm12_typeConvertIT_EE6existsEvE4typeEPS4_lS7_PKS4_fiil--14,L2_cache_stats_breakdown[CHIPLET_ACC_R][TOTAL_ACCESS],16.0,16.0,\s+L2_cache_stats_breakdown\[CHIPLET_ACC_R\]\[TOTAL_ACCESS\]\s*=\s*(.*)
instance,llm_layer,layer,H100-SASS-Accelwattch_SASS_SIM,nvjet_sm90_tst_64x8_64x16_4x1_v_bz_bias_TNT--6,L2_cache_stats_breakdown[CHIPLET_ACC_R][TOTAL_ACCESS],6588.0,6588.0,\s+L2_cache_stats_breakdown\[CHIPLET_ACC_R\]\[TOTAL_ACCESS\]\s*=\s*(.*)
instance,llm_layer,layer,H100-SASS-Accelwattch_SASS_SIM,_ZN4vllm23rotary_embedding_kernelIN3c108BFloat16ES2_Lb1EEEvPKlPT_S6_PKT0_illliiilb--7,L2_cache_stats_breakdown[CHIPLET_ACC_R][TOTAL_ACCESS],5.0,5.0,\s+L2_cache_stats_breakdown\[CHIPLET_ACC_R\]\[TOTAL_ACCESS\]\s*=\s*(.*)
instance,llm_layer,layer,H100-SASS-Accelwattch_SASS_SIM,_ZN4vllm30reshape_and_cache_flash_kernelI13__nv_bfloat16S1_LNS_18Fp8KVCacheDataTypeE0EEEvPKT_S5_PT0_S7_PKlllllliiiPKfSB_i--7,L2_cache_stats_breakdown[CHIPLET_ACC_R][TOTAL_ACCESS],1.0,1.0,\s+L2_cache_stats_breakdown\[CHIPLET_ACC_R\]\[TOTAL_ACCESS\]\s*=\s*(.*)
instance,llm_layer,layer,H100-SASS-Accelwattch_SASS_SIM,_ZN7cutlass13device_kernelIN5flash20enable_sm90_or_laterINS1_16FlashAttnFwdSm90INS1_25CollectiveMainloopFwdSm90ILi2EN4cute5tupleIJNS5_1CILi1EEES8_S8_EEENS6_IJNS7_ILi64EEENS7_ILi192EEESA_EEELi64ENS_10bfloat16_tEfNS_4arch4Sm90ELb0ELb0ELb0ELb1ELb1ELb0ELb0ELb1ELb1ELb1ELb0ELb0ESD_Li1EEENS1_21CollectiveEpilogueFwdINS6_IJSA_SA_SB_EEES9_SD_SF_Li128ELb1ELb1ELb0ELb0ELi1EEENS1_36VarlenDynamicPersistentTileSchedulerILi64ELi192ELi128ELi128ELb0ELb1ELb1ELb0ELb0ELb1EEEEEEEEEvNT_6ParamsE--6,L2_cache_stats_breakdown[CHIPLET_ACC_R][TOTAL_ACCESS],193.0,193.0,\s+L2_cache_stats_breakdown\[CHIPLET_ACC_R\]\[TOTAL_ACCESS\]\s*=\s*(.*)
instance,llm_layer,layer,H100-SASS-Accelwattch_SASS_SIM,_ZN2at6native29vectorized_elementwise_kernelILi4ENS0_11FillFunctorIiEESt5arrayIPcLm1EEEEviT0_T1_--7,L2_cache_stats_breakdown[CHIPLET_ACC_R][TOTAL_ACCESS],0.0,0.0,\s+L2_cache_stats_breakdown\[CHIPLET_ACC_R\]\[TOTAL_ACCESS\]\s*=\s*(.*)
instance,llm_layer,layer,H100-SASS-Accelwattch_SASS_SIM,nvjet_sm90_tst_64x8_64x16_4x1_v_bz_TNT--6,L2_cache_stats_breakdown[CHIPLET_ACC_R][TOTAL_ACCESS],10760.0,10760.0,\s+L2_cache_stats_breakdown\[CHIPLET_ACC_R\]\[TOTAL_ACCESS\]\s*=\s*(.*)
instance,llm_layer,layer,H100-SASS-Accelwattch_SASS_SIM,_ZN4vllm25fused_add_rms_norm_kernelIN3c108BFloat16ELi8ELb1EEENSt9enable_ifIXaagtT0_Li0Esr4vllm12_typeConvertIT_EE6existsEvE4typeEPS4_lS7_PKS4_fiil--15,L2_cache_stats_breakdown[CHIPLET_ACC_R][TOTAL_ACCESS],56.0,56.0,\s+L2_cache_stats_breakdown\[CHIPLET_ACC_R\]\[TOTAL_ACCESS\]\s*=\s*(.*)
instance,llm_layer,layer,H100-SASS-Accelwattch_SASS_SIM,nvjet_sm90_tst_128x8_64x12_4x1_v_bz_TNT--6,L2_cache_stats_breakdown[CHIPLET_ACC_R][TOTAL_ACCESS],128436.0,128436.0,\s+L2_cache_stats_breakdown\[CHIPLET_ACC_R\]\[TOTAL_ACCESS\]\s*=\s*(.*)
instance,llm_layer,layer,H100-SASS-Accelwattch_SASS_SIM,_ZN4vllm18act_and_mul_kernelIN3c108BFloat16E14__nv_bfloat162XadL_ZNS_11silu_kernelIS2_EET_RKS5_fEEXadL_ZNS_18packed_silu_kernelIS3_EES5_S7_fEELb1ELb1ELb0ELb0EEEvPS5_PS6_ifff--7,L2_cache_stats_breakdown[CHIPLET_ACC_R][TOTAL_ACCESS],0.0,0.0,\s+L2_cache_stats_breakdown\[CHIPLET_ACC_R\]\[TOTAL_ACCESS\]\s*=\s*(.*)
instance,llm_layer,layer,H100-SASS-Accelwattch_SASS_SIM,nvjet_sm90_tst_64x8_64x16_4x1_v_bz_splitK_TNT--6,L2_cache_stats_breakdown[CHIPLET_ACC_R][TOTAL_ACCESS],64288.0,64288.0,\s+L2_cache_stats_breakdown\[CHIPLET_ACC_R\]\[TOTAL_ACCESS\]\s*=\s*(.*)
instance,llm_layer,layer,H100-SASS-Accelwattch_SASS_SIM,_ZN8cublasLt19splitKreduce_kernelILi32ELi16Eif13__nv_bfloat16fS1_Lb0EfS1_S1_Lb1ELb0ELb0ELb0EEEvNS_18cublasSplitKParamsIT4_EEPKT2_PKT8_PT7_PT3_PKS3_SG_PKT9_S7_PSH_PvlPS3_PiSM_SM_SG_SG_SG_SG_SG_--7,L2_cache_stats_breakdown[CHIPLET_ACC_R][TOTAL_ACCESS],36.0,36.0,\s+L2_cache_stats_breakdown\[CHIPLET_ACC_R\]\[TOTAL_ACCESS\]\s*=\s*(.*)
instance,llm_layer,layer,H100-SASS-Accelwattch_SASS_SIM,_ZN4vllm25fused_add_rms_norm_kernelIN3c108BFloat16ELi8ELb1EEENSt9enable_ifIXaagtT0_Li0Esr4vllm12_typeConvertIT_EE6existsEvE4typeEPS4_lS7_PKS4_fiil--0,L2_cache_stats_breakdown[CHIPLET_ACC_W][HIT],0.0,0.0,\s+L2_cache_stats_breakdown\[CHIPLET_ACC_W\]\[HIT\]\s*=\s*(.*)
instance,llm_layer,layer,H100-SASS-Accelwattch_SASS_SIM,nvjet_sm90_tst_64x8_64x16_4x2_h_bz_bias_TNT--0,L2_cache_stats_breakdown[CHIPLET_ACC_W][HIT],0.0,0.0,\s+L2_cache_stats_breakdown\[CHIPLET_ACC_W\]\[HIT\]\s*=\s*(.*)
instance,llm_layer,layer,H100-SASS-Accelwattch_SASS_SIM,_ZN4vllm23rotary_embedding_kernelIN3c108BFloat16ES2_Lb1EEEvPKlPT_S6_PKT0_illliiilb--0,L2_cache_stats_breakdown[CHIPLET_ACC_W][HIT],0.0,0.0,\s+L2_cache_stats_breakdown\[CHIPLET_ACC_W\]\[HIT\]\s*=\s*(.*)
instance,llm_layer,layer,H100-SASS-Accelwattch_SASS_SIM,_ZN4vllm30reshape_and_cache_flash_kernelI13__nv_bfloat16S1_LNS_18Fp8KVCacheDataTypeE0EEEvPKT_S5_PT0_S7_PKlllllliiiPKfSB_i--0,L2_cache_stats_breakdown[CHIPLET_ACC_W][HIT],0.0,0.0,\s+L2_cache_stats_breakdown\[CHIPLET_ACC_W\]\[HIT\]\s*=\s*(.*)
instance,llm_layer,layer,H100-SASS-Accelwattch_SASS_SIM,_ZN7cutlass13device_kernelIN5flash20enable_sm90_or_laterINS1_16FlashAttnFwdSm90INS1_25CollectiveMainloopFwdSm90ILi2EN4cute5tupleIJNS5_1CILi1EEES8_S8_EEENS6_IJNS7_ILi192EEENS7_ILi128EEENS7_ILi64EEEEEELi64ENS_10bfloat16_tEfNS_4arch4Sm90ELb1ELb0ELb0ELb1ELb1ELb0ELb0ELb1ELb1ELb1ELb0ELb0ESE_Li1EEENS1_21CollectiveEpilogueFwdINS6_IJSA_SC_SB_EEES9_SE_SG_Li384ELb1ELb1ELb0ELb0ELi1EEENS1_36VarlenDynamicPersistentTileSchedulerILi192ELi128ELi384ELi128ELb0ELb1ELb1ELb1ELb0ELb1EEEEEEEEEvNT_6ParamsE--0,L2_cache_stats_breakdown[CHIPLET_ACC_W][HIT],0.0,0.0,\s+L2_cache_stats_breakdown\[CHIPLET_ACC_W\]\[HIT\]\s*=\s*(.*)
instance,llm_layer,layer,H100-SASS-Accelwattch_SASS_SIM,_ZN2at6native29vectorized_elementwise_kernelILi4ENS0_11FillFunctorIiEESt5arrayIPcLm1EEEEviT0_T1_--0,L2_cache_stats_breakdown[CHIPLET_ACC_W][HIT],0.0,0.0,\s+L2_cache_stats_breakdown\[CHIPLET_ACC_W\]\[HIT\]\s*=\s*(.*)
instance,llm_layer,layer,H100-SASS-Accelwattch_SASS_SIM,nvjet_sm90_tst_64x8_64x16_4x2_h_bz_TNT--0,L2_cache_stats_breakdown[CHIPLET_ACC_W][HIT],0.0,0.0,\s+L2_cache_stats_breakdown\[CHIPLET_ACC_W\]\[HIT\]\s*=\s*(.*)
instance,llm_layer,layer,H100-SASS-Accelwattch_SASS_SIM,_ZN4vllm25fused_add_rms_norm_kernelIN3c108BFloat16ELi8ELb1EEENSt9enable_ifIXaagtT0_Li0Esr4vllm12_typeConvertIT_EE6existsEvE4typeEPS4_lS7_PKS4_fiil--1,L2_cache_stats_breakdown[CHIPLET_ACC_W][HIT],0.0,0.0,\s+L2_cache_stats_breakdown\[CHIPLET_ACC_W\]\[HIT\]\s*=\s*(.*)
instance,llm_layer,layer,H100-SASS-Accelwattch_SASS_SIM,nvjet_sm90_tst_128x16_64x11_4x1_v_bz_TNT--0,L2_cache_stats_breakdown[CHIPLET_ACC_W][HIT],0.0,0.0,\s+L2_cache_stats_breakdown\[CHIPLET_ACC_W\]\[HIT\]\s*=\s*(.*)
instance,llm_layer,layer,H100-SASS-Accelwattch_SASS_SIM,_ZN4vllm18act_and_mul_kernelIN3c108BFloat16E14__nv_bfloat162XadL_ZNS_11silu_kernelIS2_EET_RKS5_fEEXadL_ZNS_18packed_silu_kernelIS3_EES5_S7_fEELb1ELb1ELb0ELb0EEEvPS5_PS6_ifff--0,L2_cache_stats_breakdown[CHIPLET_ACC_W][HIT],0.0,0.0,\s+L2_cache_stats_breakdown\[CHIPLET_ACC_W\]\[HIT\]\s*=\s*(.*)
instance,llm_layer,layer,H100-SASS-Accelwattch_SASS_SIM,nvjet_sm90_tst_64x16_64x16_4x1_v_bz_splitK_TNT--0,L2_cache_stats_breakdown[CHIPLET_ACC_W][HIT],0.0,0.0,\s+L2_cache_stats_breakdown\[CHIPLET_ACC_W\]\[HIT\]\s*=\s*(.*)
instance,llm_layer,layer,H100-SASS-Accelwattch_SASS_SIM,_ZN8cublasLt19splitKreduce_kernelILi32ELi16Eif13__nv_bfloat16fS1_Lb0EfS1_S1_Lb1ELb0ELb0ELb0EEEvNS_18cublasSplitKParamsIT4_EEPKT2_PKT8_PT7_PT3_PKS3_SG_PKT9_S7_PSH_PvlPS3_PiSM_SM_SG_SG_SG_SG_SG_--0,L2_cache_stats_breakdown[CHIPLET_ACC_W][HIT],0.0,0.0,\s+L2_cache_stats_breakdown\[CHIPLET_ACC_W\]\[HIT\]\s*=\s*(.*)
instance,llm_layer,layer,H100-SASS-Accelwattch_SASS_SIM,_ZN4vllm25fused_add_rms_norm_kernelIN3c108BFloat16ELi8ELb1EEENSt9enable_ifIXaagtT0_Li0Esr4vllm12_typeConvertIT_EE6existsEvE4typeEPS4_lS7_PKS4_fiil--2,L2_cache_stats_breakdown[CHIPLET_ACC_W][HIT],0.0,0.0,\s+L2_cache_stats_breakdown\[CHIPLET_ACC_W\]\[HIT\]\s*=\s*(.*)
instance,llm_layer,layer,H100-SASS-Accelwattch_SASS_SIM,nvjet_sm90_tst_64x8_64x16_4x1_v_bz_bias_TNT--0,L2_cache_stats_breakdown[CHIPLET_ACC_W][HIT],0.0,0.0,\s+L2_cache_stats_breakdown\[CHIPLET_ACC_W\]\[HIT\]\s*=\s*(.*)
instance,llm_layer,layer,H100-SASS-Accelwattch_SASS_SIM,_ZN4vllm23rotary_embedding_kernelIN3c108BFloat16ES2_Lb1EEEvPKlPT_S6_PKT0_illliiilb--1,L2_cache_stats_breakdown[CHIPLET_ACC_W][HIT],0.0,0.0,\s+L2_cache_stats_breakdown\[CHIPLET_ACC_W\]\[HIT\]\s*=\s*(.*)
instance,llm_layer,layer,H100-SASS-Accelwattch_SASS_SIM,_ZN4vllm30reshape_and_cache_flash_kernelI13__nv_bfloat16S1_LNS_18Fp8KVCacheDataTypeE0EEEvPKT_S5_PT0_S7_PKlllllliiiPKfSB_i--1,L2_cache_stats_breakdown[CHIPLET_ACC_W][HIT],0.0,0.0,\s+L2_cache_stats_breakdown\[CHIPLET_ACC_W\]\[HIT\]\s*=\s*(.*)
instance,llm_layer,layer,H100-SASS-Accelwattch_SASS_SIM,_ZN7cutlass13device_kernelIN5flash20enable_sm90_or_laterINS1_16FlashAttnFwdSm90INS1_25CollectiveMainloopFwdSm90ILi2EN4cute5tupleIJNS5_1CILi1EEES8_S8_EEENS6_IJNS7_ILi64EEENS7_ILi192EEESA_EEELi64ENS_10bfloat16_tEfNS_4arch4Sm90ELb0ELb0ELb0ELb1ELb1ELb0ELb0ELb1ELb1ELb1ELb0ELb0ESD_Li1EEENS1_21CollectiveEpilogueFwdINS6_IJSA_SA_SB_EEES9_SD_SF_Li128ELb1ELb1ELb0ELb0ELi1EEENS1_36VarlenDynamicPersistentTileSchedulerILi64ELi192ELi128ELi128ELb0ELb1ELb1ELb0ELb0ELb1EEEEEEEEEvNT_6ParamsE--0,L2_cache_stats_breakdown[CHIPLET_ACC_W][HIT],0.0,0.0,\s+L2_cache_stats_breakdown\[CHIPLET_ACC_W\]\[HIT\]\s*=\s*(.*)
instance,llm_layer,layer,H100-SASS-Accelwattch_SASS_SIM,_ZN2at6native29vectorized_elementwise_kernelILi4ENS0_11FillFunctorIiEESt5arrayIPcLm1EEEEviT0_T1_--1,L2_cache_stats_breakdown[CHIPLET_ACC_W][HIT],0.0,0.0,\s+L2_cache_stats_breakdown\[CHIPLET_ACC_W\]\[HIT\]\s*=\s*(.*)
instance,llm_layer,layer,H100-SASS-Accelwattch_SASS_SIM,nvjet_sm90_tst_64x8_64x16_4x1_v_bz_TNT--0,L2_cache_stats_breakdown[CHIPLET_ACC_W][HIT],0.0,0.0,\s+L2_cache_stats_breakdown\[CHIPLET_ACC_W\]\[HIT\]\s*=\s*(.*)
instance,llm_layer,layer,H100-SASS-Accelwattch_SASS_SIM,_ZN4vllm25fused_add_rms_norm_kernelIN3c108BFloat16ELi8ELb1EEENSt9enable_ifIXaagtT0_Li0Esr4vllm12_typeConvertIT_EE6existsEvE4typeEPS4_lS7_PKS4_fiil--3,L2_cache_stats_breakdown[CHIPLET_ACC_W][HIT],0.0,0.0,\s+L2_cache_stats_breakdown\[CHIPLET_ACC_W\]\[HIT\]\s*=\s*(.*)
instance,llm_layer,layer,H100-SASS-Accelwattch_SASS_SIM,nvjet_sm90_tst_128x8_64x12_4x1_v_bz_TNT--0,L2_cache_stats_breakdown[CHIPLET_ACC_W][HIT],0.0,0.0,\s+L2_cache_stats_breakdown\[CHIPLET_ACC_W\]\[HIT\]\s*=\s*(.*)
instance,llm_layer,layer,H100-SASS-Accelwattch_SASS_SIM,_ZN4vllm18act_and_mul_kernelIN3c108BFloat16E14__nv_bfloat162XadL_ZNS_11silu_kernelIS2_EET_RKS5_fEEXadL_ZNS_18packed_silu_kernelIS3_EES5_S7_fEELb1ELb1ELb0ELb0EEEvPS5_PS6_ifff--1,L2_cache_stats_breakdown[CHIPLET_ACC_W][HIT],0.0,0.0,\s+L2_cache_stats_breakdown\[CHIPLET_ACC_W\]\[HIT\]\s*=\s*(.*)
instance,llm_layer,layer,H100-SASS-Accelwattch_SASS_SIM,nvjet_sm90_tst_64x8_64x16_4x1_v_bz_splitK_TNT--0,L2_cache_stats_breakdown[CHIPLET_ACC_W][HIT],0.0,0.0,\s+L2_cache_stats_breakdown\[CHIPLET_ACC_W\]\[HIT\]\s*=\s*(.*)
instance,llm_layer,layer,H100-SASS-Accelwattch_SASS_SIM,_ZN8cublasLt19splitKreduce_kernelILi32ELi16Eif13__nv_bfloat16fS1_Lb0EfS1_S1_Lb1ELb0ELb0ELb0EEEvNS_18cublasSplitKParamsIT4_EEPKT2_PKT8_PT7_PT3_PKS3_SG_PKT9_S7_PSH_PvlPS3_PiSM_SM_SG_SG_SG_SG_SG_--1,L2_cache_stats_breakdown[CHIPLET_ACC_W][HIT],0.0,0.0,\s+L2_cache_stats_breakdown\[CHIPLET_ACC_W\]\[HIT\]\s*=\s*(.*)
instance,llm_layer,layer,H100-SASS-Accelwattch_SASS_SIM,_ZN4vllm25fused_add_rms_norm_kernelIN3c108BFloat16ELi8ELb1EEENSt9enable_ifIXaagtT0_Li0Esr4vllm12_typeConvertIT_EE6existsEvE4typeEPS4_lS7_PKS4_fiil--4,L2_cache_stats_breakdown[CHIPLET_ACC_W][HIT],0.0,0.0,\s+L2_cache_stats_breakdown\[CHIPLET_ACC_W\]\[HIT\]\s*=\s*(.*)
instance,llm_layer,layer,H100-SASS-Accelwattch_SASS_SIM,nvjet_sm90_tst_64x8_64x16_4x1_v_bz_bias_TNT--1,L2_cache_stats_breakdown[CHIPLET_ACC_W][HIT],0.0,0.0,\s+L2_cache_stats_breakdown\[CHIPLET_ACC_W\]\[HIT\]\s*=\s*(.*)
instance,llm_layer,layer,H100-SASS-Accelwattch_SASS_SIM,_ZN4vllm23rotary_embedding_kernelIN3c108BFloat16ES2_Lb1EEEvPKlPT_S6_PKT0_illliiilb--2,L2_cache_stats_breakdown[CHIPLET_ACC_W][HIT],0.0,0.0,\s+L2_cache_stats_breakdown\[CHIPLET_ACC_W\]\[HIT\]\s*=\s*(.*)
instance,llm_layer,layer,H100-SASS-Accelwattch_SASS_SIM,_ZN4vllm30reshape_and_cache_flash_kernelI13__nv_bfloat16S1_LNS_18Fp8KVCacheDataTypeE0EEEvPKT_S5_PT0_S7_PKlllllliiiPKfSB_i--2,L2_cache_stats_breakdown[CHIPLET_ACC_W][HIT],0.0,0.0,\s+L2_cache_stats_breakdown\[CHIPLET_ACC_W\]\[HIT\]\s*=\s*(.*)
instance,llm_layer,layer,H100-SASS-Accelwattch_SASS_SIM,_ZN7cutlass13device_kernelIN5flash20enable_sm90_or_laterINS1_16FlashAttnFwdSm90INS1_25CollectiveMainloopFwdSm90ILi2EN4cute5tupleIJNS5_1CILi1EEES8_S8_EEENS6_IJNS7_ILi64EEENS7_ILi192EEESA_EEELi64ENS_10bfloat16_tEfNS_4arch4Sm90ELb0ELb0ELb0ELb1ELb1ELb0ELb0ELb1ELb1ELb1ELb0ELb0ESD_Li1EEENS1_21CollectiveEpilogueFwdINS6_IJSA_SA_SB_EEES9_SD_SF_Li128ELb1ELb1ELb0ELb0ELi1EEENS1_36VarlenDynamicPersistentTileSchedulerILi64ELi192ELi128ELi128ELb0ELb1ELb1ELb0ELb0ELb1EEEEEEEEEvNT_6ParamsE--1,L2_cache_stats_breakdown[CHIPLET_ACC_W][HIT],0.0,0.0,\s+L2_cache_stats_breakdown\[CHIPLET_ACC_W\]\[HIT\]\s*=\s*(.*)
instance,llm_layer,layer,H100-SASS-Accelwattch_SASS_SIM,_ZN2at6native29vectorized_elementwise_kernelILi4ENS0_11FillFunctorIiEESt5arrayIPcLm1EEEEviT0_T1_--2,L2_cache_stats_breakdown[CHIPLET_ACC_W][HIT],0.0,0.0,\s+L2_cache_stats_breakdown\[CHIPLET_ACC_W\]\[HIT\]\s*=\s*(.*)
instance,llm_layer,layer,H100-SASS-Accelwattch_SASS_SIM,nvjet_sm90_tst_64x8_64x16_4x1_v_bz_TNT--1,L2_cache_stats_breakdown[CHIPLET_ACC_W][HIT],0.0,0.0,\s+L2_cache_stats_breakdown\[CHIPLET_ACC_W\]\[HIT\]\s*=\s*(.*)
instance,llm_layer,layer,H100-SASS-Accelwattch_SASS_SIM,_ZN4vllm25fused_add_rms_norm_kernelIN3c108BFloat16ELi8ELb1EEENSt9enable_ifIXaagtT0_Li0Esr4vllm12_typeConvertIT_EE6existsEvE4typeEPS4_lS7_PKS4_fiil--5,L2_cache_stats_breakdown[CHIPLET_ACC_W][HIT],0.0,0.0,\s+L2_cache_stats_breakdown\[CHIPLET_ACC_W\]\[HIT\]\s*=\s*(.*)
instance,llm_layer,layer,H100-SASS-Accelwattch_SASS_SIM,nvjet_sm90_tst_128x8_64x12_4x1_v_bz_TNT--1,L2_cache_stats_breakdown[CHIPLET_ACC_W][HIT],0.0,0.0,\s+L2_cache_stats_breakdown\[CHIPLET_ACC_W\]\[HIT\]\s*=\s*(.*)
instance,llm_layer,layer,H100-SASS-Accelwattch_SASS_SIM,_ZN4vllm18act_and_mul_kernelIN3c108BFloat16E14__nv_bfloat162XadL_ZNS_11silu_kernelIS2_EET_RKS5_fEEXadL_ZNS_18packed_silu_kernelIS3_EES5_S7_fEELb1ELb1ELb0ELb0EEEvPS5_PS6_ifff--2,L2_cache_stats_breakdown[CHIPLET_ACC_W][HIT],0.0,0.0,\s+L2_cache_stats_breakdown\[CHIPLET_ACC_W\]\[HIT\]\s*=\s*(.*)
instance,llm_layer,layer,H100-SASS-Accelwattch_SASS_SIM,nvjet_sm90_tst_64x8_64x16_4x1_v_bz_splitK_TNT--1,L2_cache_stats_breakdown[CHIPLET_ACC_W][HIT],0.0,0.0,\s+L2_cache_stats_breakdown\[CHIPLET_ACC_W\]\[HIT\]\s*=\s*(.*)
instance,llm_layer,layer,H100-SASS-Accelwattch_SASS_SIM,_ZN8cublasLt19splitKreduce_kernelILi32ELi16Eif13__nv_bfloat16fS1_Lb0EfS1_S1_Lb1ELb0ELb0ELb0EEEvNS_18cublasSplitKParamsIT4_EEPKT2_PKT8_PT7_PT3_PKS3_SG_PKT9_S7_PSH_PvlPS3_PiSM_SM_SG_SG_SG_SG_SG_--2,L2_cache_stats_breakdown[CHIPLET_ACC_W][HIT],0.0,0.0,\s+L2_cache_stats_breakdown\[CHIPLET_ACC_W\]\[HIT\]\s*=\s*(.*)
instance,llm_layer,layer,H100-SASS-Accelwattch_SASS_SIM,_ZN4vllm25fused_add_rms_norm_kernelIN3c108BFloat16ELi8ELb1EEENSt9enable_ifIXaagtT0_Li0Esr4vllm12_typeConvertIT_EE6existsEvE4typeEPS4_lS7_PKS4_fiil--6,L2_cache_stats_breakdown[CHIPLET_ACC_W][HIT],0.0,0.0,\s+L2_cache_stats_breakdown\[CHIPLET_ACC_W\]\[HIT\]\s*=\s*(.*)
instance,llm_layer,layer,H100-SASS-Accelwattch_SASS_SIM,nvjet_sm90_tst_64x8_64x16_4x1_v_bz_bias_TNT--2,L2_cache_stats_breakdown[CHIPLET_ACC_W][HIT],0.0,0.0,\s+L2_cache_stats_breakdown\[CHIPLET_ACC_W\]\[HIT\]\s*=\s*(.*)
instance,llm_layer,layer,H100-SASS-Accelwattch_SASS_SIM,_ZN4vllm23rotary_embedding_kernelIN3c108BFloat16ES2_Lb1EEEvPKlPT_S6_PKT0_illliiilb--3,L2_cache_stats_breakdown[CHIPLET_ACC_W][HIT],0.0,0.0,\s+L2_cache_stats_breakdown\[CHIPLET_ACC_W\]\[HIT\]\s*=\s*(.*)
instance,llm_layer,layer,H100-SASS-Accelwattch_SASS_SIM,_ZN4vllm30reshape_and_cache_flash_kernelI13__nv_bfloat16S1_LNS_18Fp8KVCacheDataTypeE0EEEvPKT_S5_PT0_S7_PKlllllliiiPKfSB_i--3,L2_cache_stats_breakdown[CHIPLET_ACC_W][HIT],0.0,0.0,\s+L2_cache_stats_breakdown\[CHIPLET_ACC_W\]\[HIT\]\s*=\s*(.*)
instance,llm_layer,layer,H100-SASS-Accelwattch_SASS_SIM,_ZN7cutlass13device_kernelIN5flash20enable_sm90_or_laterINS1_16FlashAttnFwdSm90INS1_25CollectiveMainloopFwdSm90ILi2EN4cute5tupleIJNS5_1CILi1EEES8_S8_EEENS6_IJNS7_ILi64EEENS7_ILi192EEESA_EEELi64ENS_10bfloat16_tEfNS_4arch4Sm90ELb0ELb0ELb0ELb1ELb1ELb0ELb0ELb1ELb1ELb1ELb0ELb0ESD_Li1EEENS1_21CollectiveEpilogueFwdINS6_IJSA_SA_SB_EEES9_SD_SF_Li128ELb1ELb1ELb0ELb0ELi1EEENS1_36VarlenDynamicPersistentTileSchedulerILi64ELi192ELi128ELi128ELb0ELb1ELb1ELb0ELb0ELb1EEEEEEEEEvNT_6ParamsE--2,L2_cache_stats_breakdown[CHIPLET_ACC_W][HIT],0.0,0.0,\s+L2_cache_stats_breakdown\[CHIPLET_ACC_W\]\[HIT\]\s*=\s*(.*)
instance,llm_layer,layer,H100-SASS-Accelwattch_SASS_SIM,_ZN2at6native29vectorized_elementwise_kernelILi4ENS0_11FillFunctorIiEESt5arrayIPcLm1EEEEviT0_T1_--3,L2_cache_stats_breakdown[CHIPLET_ACC_W][HIT],0.0,0.0,\s+L2_cache_stats_breakdown\[CHIPLET_ACC_W\]\[HIT\]\s*=\s*(.*)
instance,llm_layer,layer,H100-SASS-Accelwattch_SASS_SIM,nvjet_sm90_tst_64x8_64x16_4x1_v_bz_TNT--2,L2_cache_stats_breakdown[CHIPLET_ACC_W][HIT],0.0,0.0,\s+L2_cache_stats_breakdown\[CHIPLET_ACC_W\]\[HIT\]\s*=\s*(.*)
instance,llm_layer,layer,H100-SASS-Accelwattch_SASS_SIM,_ZN4vllm25fused_add_rms_norm_kernelIN3c108BFloat16ELi8ELb1EEENSt9enable_ifIXaagtT0_Li0Esr4vllm12_typeConvertIT_EE6existsEvE4typeEPS4_lS7_PKS4_fiil--7,L2_cache_stats_breakdown[CHIPLET_ACC_W][HIT],0.0,0.0,\s+L2_cache_stats_breakdown\[CHIPLET_ACC_W\]\[HIT\]\s*=\s*(.*)
instance,llm_layer,layer,H100-SASS-Accelwattch_SASS_SIM,nvjet_sm90_tst_128x8_64x12_4x1_v_bz_TNT--2,L2_cache_stats_breakdown[CHIPLET_ACC_W][HIT],0.0,0.0,\s+L2_cache_stats_breakdown\[CHIPLET_ACC_W\]\[HIT\]\s*=\s*(.*)
instance,llm_layer,layer,H100-SASS-Accelwattch_SASS_SIM,_ZN4vllm18act_and_mul_kernelIN3c108BFloat16E14__nv_bfloat162XadL_ZNS_11silu_kernelIS2_EET_RKS5_fEEXadL_ZNS_18packed_silu_kernelIS3_EES5_S7_fEELb1ELb1ELb0ELb0EEEvPS5_PS6_ifff--3,L2_cache_stats_breakdown[CHIPLET_ACC_W][HIT],0.0,0.0,\s+L2_cache_stats_breakdown\[CHIPLET_ACC_W\]\[HIT\]\s*=\s*(.*)
instance,llm_layer,layer,H100-SASS-Accelwattch_SASS_SIM,nvjet_sm90_tst_64x8_64x16_4x1_v_bz_splitK_TNT--2,L2_cache_stats_breakdown[CHIPLET_ACC_W][HIT],0.0,0.0,\s+L2_cache_stats_breakdown\[CHIPLET_ACC_W\]\[HIT\]\s*=\s*(.*)
instance,llm_layer,layer,H100-SASS-Accelwattch_SASS_SIM,_ZN8cublasLt19splitKreduce_kernelILi32ELi16Eif13__nv_bfloat16fS1_Lb0EfS1_S1_Lb1ELb0ELb0ELb0EEEvNS_18cublasSplitKParamsIT4_EEPKT2_PKT8_PT7_PT3_PKS3_SG_PKT9_S7_PSH_PvlPS3_PiSM_SM_SG_SG_SG_SG_SG_--3,L2_cache_stats_breakdown[CHIPLET_ACC_W][HIT],0.0,0.0,\s+L2_cache_stats_breakdown\[CHIPLET_ACC_W\]\[HIT\]\s*=\s*(.*)
instance,llm_layer,layer,H100-SASS-Accelwattch_SASS_SIM,_ZN4vllm25fused_add_rms_norm_kernelIN3c108BFloat16ELi8ELb1EEENSt9enable_ifIXaagtT0_Li0Esr4vllm12_typeConvertIT_EE6existsEvE4typeEPS4_lS7_PKS4_fiil--8,L2_cache_stats_breakdown[CHIPLET_ACC_W][HIT],0.0,0.0,\s+L2_cache_stats_breakdown\[CHIPLET_ACC_W\]\[HIT\]\s*=\s*(.*)
instance,llm_layer,layer,H100-SASS-Accelwattch_SASS_SIM,nvjet_sm90_tst_64x8_64x16_4x1_v_bz_bias_TNT--3,L2_cache_stats_breakdown[CHIPLET_ACC_W][HIT],0.0,0.0,\s+L2_cache_stats_breakdown\[CHIPLET_ACC_W\]\[HIT\]\s*=\s*(.*)
instance,llm_layer,layer,H100-SASS-Accelwattch_SASS_SIM,_ZN4vllm23rotary_embedding_kernelIN3c108BFloat16ES2_Lb1EEEvPKlPT_S6_PKT0_illliiilb--4,L2_cache_stats_breakdown[CHIPLET_ACC_W][HIT],0.0,0.0,\s+L2_cache_stats_breakdown\[CHIPLET_ACC_W\]\[HIT\]\s*=\s*(.*)
instance,llm_layer,layer,H100-SASS-Accelwattch_SASS_SIM,_ZN4vllm30reshape_and_cache_flash_kernelI13__nv_bfloat16S1_LNS_18Fp8KVCacheDataTypeE0EEEvPKT_S5_PT0_S7_PKlllllliiiPKfSB_i--4,L2_cache_stats_breakdown[CHIPLET_ACC_W][HIT],0.0,0.0,\s+L2_cache_stats_breakdown\[CHIPLET_ACC_W\]\[HIT\]\s*=\s*(.*)
instance,llm_layer,layer,H100-SASS-Accelwattch_SASS_SIM,_ZN7cutlass13device_kernelIN5flash20enable_sm90_or_laterINS1_16FlashAttnFwdSm90INS1_25CollectiveMainloopFwdSm90ILi2EN4cute5tupleIJNS5_1CILi1EEES8_S8_EEENS6_IJNS7_ILi64EEENS7_ILi192EEESA_EEELi64ENS_10bfloat16_tEfNS_4arch4Sm90ELb0ELb0ELb0ELb1ELb1ELb0ELb0ELb1ELb1ELb1ELb0ELb0ESD_Li1EEENS1_21CollectiveEpilogueFwdINS6_IJSA_SA_SB_EEES9_SD_SF_Li128ELb1ELb1ELb0ELb0ELi1EEENS1_36VarlenDynamicPersistentTileSchedulerILi64ELi192ELi128ELi128ELb0ELb1ELb1ELb0ELb0ELb1EEEEEEEEEvNT_6ParamsE--3,L2_cache_stats_breakdown[CHIPLET_ACC_W][HIT],0.0,0.0,\s+L2_cache_stats_breakdown\[CHIPLET_ACC_W\]\[HIT\]\s*=\s*(.*)
instance,llm_layer,layer,H100-SASS-Accelwattch_SASS_SIM,_ZN2at6native29vectorized_elementwise_kernelILi4ENS0_11FillFunctorIiEESt5arrayIPcLm1EEEEviT0_T1_--4,L2_cache_stats_breakdown[CHIPLET_ACC_W][HIT],0.0,0.0,\s+L2_cache_stats_breakdown\[CHIPLET_ACC_W\]\[HIT\]\s*=\s*(.*)
instance,llm_layer,layer,H100-SASS-Accelwattch_SASS_SIM,nvjet_sm90_tst_64x8_64x16_4x1_v_bz_TNT--3,L2_cache_stats_breakdown[CHIPLET_ACC_W][HIT],0.0,0.0,\s+L2_cache_stats_breakdown\[CHIPLET_ACC_W\]\[HIT\]\s*=\s*(.*)
instance,llm_layer,layer,H100-SASS-Accelwattch_SASS_SIM,_ZN4vllm25fused_add_rms_norm_kernelIN3c108BFloat16ELi8ELb1EEENSt9enable_ifIXaagtT0_Li0Esr4vllm12_typeConvertIT_EE6existsEvE4typeEPS4_lS7_PKS4_fiil--9,L2_cache_stats_breakdown[CHIPLET_ACC_W][HIT],0.0,0.0,\s+L2_cache_stats_breakdown\[CHIPLET_ACC_W\]\[HIT\]\s*=\s*(.*)
instance,llm_layer,layer,H100-SASS-Accelwattch_SASS_SIM,nvjet_sm90_tst_128x8_64x12_4x1_v_bz_TNT--3,L2_cache_stats_breakdown[CHIPLET_ACC_W][HIT],0.0,0.0,\s+L2_cache_stats_breakdown\[CHIPLET_ACC_W\]\[HIT\]\s*=\s*(.*)
instance,llm_layer,layer,H100-SASS-Accelwattch_SASS_SIM,_ZN4vllm18act_and_mul_kernelIN3c108BFloat16E14__nv_bfloat162XadL_ZNS_11silu_kernelIS2_EET_RKS5_fEEXadL_ZNS_18packed_silu_kernelIS3_EES5_S7_fEELb1ELb1ELb0ELb0EEEvPS5_PS6_ifff--4,L2_cache_stats_breakdown[CHIPLET_ACC_W][HIT],0.0,0.0,\s+L2_cache_stats_breakdown\[CHIPLET_ACC_W\]\[HIT\]\s*=\s*(.*)
instance,llm_layer,layer,H100-SASS-Accelwattch_SASS_SIM,nvjet_sm90_tst_64x8_64x16_4x1_v_bz_splitK_TNT--3,L2_cache_stats_breakdown[CHIPLET_ACC_W][HIT],0.0,0.0,\s+L2_cache_stats_breakdown\[CHIPLET_ACC_W\]\[HIT\]\s*=\s*(.*)
instance,llm_layer,layer,H100-SASS-Accelwattch_SASS_SIM,_ZN8cublasLt19splitKreduce_kernelILi32ELi16Eif13__nv_bfloat16fS1_Lb0EfS1_S1_Lb1ELb0ELb0ELb0EEEvNS_18cublasSplitKParamsIT4_EEPKT2_PKT8_PT7_PT3_PKS3_SG_PKT9_S7_PSH_PvlPS3_PiSM_SM_SG_SG_SG_SG_SG_--4,L2_cache_stats_breakdown[CHIPLET_ACC_W][HIT],0.0,0.0,\s+L2_cache_stats_breakdown\[CHIPLET_ACC_W\]\[HIT\]\s*=\s*(.*)
instance,llm_layer,layer,H100-SASS-Accelwattch_SASS_SIM,_ZN4vllm25fused_add_rms_norm_kernelIN3c108BFloat16ELi8ELb1EEENSt9enable_ifIXaagtT0_Li0Esr4vllm12_typeConvertIT_EE6existsEvE4typeEPS4_lS7_PKS4_fiil--10,L2_cache_stats_breakdown[CHIPLET_ACC_W][HIT],0.0,0.0,\s+L2_cache_stats_breakdown\[CHIPLET_ACC_W\]\[HIT\]\s*=\s*(.*)
instance,llm_layer,layer,H100-SASS-Accelwattch_SASS_SIM,nvjet_sm90_tst_64x8_64x16_4x1_v_bz_bias_TNT--4,L2_cache_stats_breakdown[CHIPLET_ACC_W][HIT],0.0,0.0,\s+L2_cache_stats_breakdown\[CHIPLET_ACC_W\]\[HIT\]\s*=\s*(.*)
instance,llm_layer,layer,H100-SASS-Accelwattch_SASS_SIM,_ZN4vllm23rotary_embedding_kernelIN3c108BFloat16ES2_Lb1EEEvPKlPT_S6_PKT0_illliiilb--5,L2_cache_stats_breakdown[CHIPLET_ACC_W][HIT],0.0,0.0,\s+L2_cache_stats_breakdown\[CHIPLET_ACC_W\]\[HIT\]\s*=\s*(.*)
instance,llm_layer,layer,H100-SASS-Accelwattch_SASS_SIM,_ZN4vllm30reshape_and_cache_flash_kernelI13__nv_bfloat16S1_LNS_18Fp8KVCacheDataTypeE0EEEvPKT_S5_PT0_S7_PKlllllliiiPKfSB_i--5,L2_cache_stats_breakdown[CHIPLET_ACC_W][HIT],0.0,0.0,\s+L2_cache_stats_breakdown\[CHIPLET_ACC_W\]\[HIT\]\s*=\s*(.*)
instance,llm_layer,layer,H100-SASS-Accelwattch_SASS_SIM,_ZN7cutlass13device_kernelIN5flash20enable_sm90_or_laterINS1_16FlashAttnFwdSm90INS1_25CollectiveMainloopFwdSm90ILi2EN4cute5tupleIJNS5_1CILi1EEES8_S8_EEENS6_IJNS7_ILi64EEENS7_ILi192EEESA_EEELi64ENS_10bfloat16_tEfNS_4arch4Sm90ELb0ELb0ELb0ELb1ELb1ELb0ELb0ELb1ELb1ELb1ELb0ELb0ESD_Li1EEENS1_21CollectiveEpilogueFwdINS6_IJSA_SA_SB_EEES9_SD_SF_Li128ELb1ELb1ELb0ELb0ELi1EEENS1_36VarlenDynamicPersistentTileSchedulerILi64ELi192ELi128ELi128ELb0ELb1ELb1ELb0ELb0ELb1EEEEEEEEEvNT_6ParamsE--4,L2_cache_stats_breakdown[CHIPLET_ACC_W][HIT],0.0,0.0,\s+L2_cache_stats_breakdown\[CHIPLET_ACC_W\]\[HIT\]\s*=\s*(.*)
instance,llm_layer,layer,H100-SASS-Accelwattch_SASS_SIM,_ZN2at6native29vectorized_elementwise_kernelILi4ENS0_11FillFunctorIiEESt5arrayIPcLm1EEEEviT0_T1_--5,L2_cache_stats_breakdown[CHIPLET_ACC_W][HIT],0.0,0.0,\s+L2_cache_stats_breakdown\[CHIPLET_ACC_W\]\[HIT\]\s*=\s*(.*)
instance,llm_layer,layer,H100-SASS-Accelwattch_SASS_SIM,nvjet_sm90_tst_64x8_64x16_4x1_v_bz_TNT--4,L2_cache_stats_breakdown[CHIPLET_ACC_W][HIT],0.0,0.0,\s+L2_cache_stats_breakdown\[CHIPLET_ACC_W\]\[HIT\]\s*=\s*(.*)
instance,llm_layer,layer,H100-SASS-Accelwattch_SASS_SIM,_ZN4vllm25fused_add_rms_norm_kernelIN3c108BFloat16ELi8ELb1EEENSt9enable_ifIXaagtT0_Li0Esr4vllm12_typeConvertIT_EE6existsEvE4typeEPS4_lS7_PKS4_fiil--11,L2_cache_stats_breakdown[CHIPLET_ACC_W][HIT],0.0,0.0,\s+L2_cache_stats_breakdown\[CHIPLET_ACC_W\]\[HIT\]\s*=\s*(.*)
instance,llm_layer,layer,H100-SASS-Accelwattch_SASS_SIM,nvjet_sm90_tst_128x8_64x12_4x1_v_bz_TNT--4,L2_cache_stats_breakdown[CHIPLET_ACC_W][HIT],0.0,0.0,\s+L2_cache_stats_breakdown\[CHIPLET_ACC_W\]\[HIT\]\s*=\s*(.*)
instance,llm_layer,layer,H100-SASS-Accelwattch_SASS_SIM,_ZN4vllm18act_and_mul_kernelIN3c108BFloat16E14__nv_bfloat162XadL_ZNS_11silu_kernelIS2_EET_RKS5_fEEXadL_ZNS_18packed_silu_kernelIS3_EES5_S7_fEELb1ELb1ELb0ELb0EEEvPS5_PS6_ifff--5,L2_cache_stats_breakdown[CHIPLET_ACC_W][HIT],0.0,0.0,\s+L2_cache_stats_breakdown\[CHIPLET_ACC_W\]\[HIT\]\s*=\s*(.*)
instance,llm_layer,layer,H100-SASS-Accelwattch_SASS_SIM,nvjet_sm90_tst_64x8_64x16_4x1_v_bz_splitK_TNT--4,L2_cache_stats_breakdown[CHIPLET_ACC_W][HIT],0.0,0.0,\s+L2_cache_stats_breakdown\[CHIPLET_ACC_W\]\[HIT\]\s*=\s*(.*)
instance,llm_layer,layer,H100-SASS-Accelwattch_SASS_SIM,_ZN8cublasLt19splitKreduce_kernelILi32ELi16Eif13__nv_bfloat16fS1_Lb0EfS1_S1_Lb1ELb0ELb0ELb0EEEvNS_18cublasSplitKParamsIT4_EEPKT2_PKT8_PT7_PT3_PKS3_SG_PKT9_S7_PSH_PvlPS3_PiSM_SM_SG_SG_SG_SG_SG_--5,L2_cache_stats_breakdown[CHIPLET_ACC_W][HIT],0.0,0.0,\s+L2_cache_stats_breakdown\[CHIPLET_ACC_W\]\[HIT\]\s*=\s*(.*)
instance,llm_layer,layer,H100-SASS-Accelwattch_SASS_SIM,_ZN4vllm25fused_add_rms_norm_kernelIN3c108BFloat16ELi8ELb1EEENSt9enable_ifIXaagtT0_Li0Esr4vllm12_typeConvertIT_EE6existsEvE4typeEPS4_lS7_PKS4_fiil--12,L2_cache_stats_breakdown[CHIPLET_ACC_W][HIT],0.0,0.0,\s+L2_cache_stats_breakdown\[CHIPLET_ACC_W\]\[HIT\]\s*=\s*(.*)
instance,llm_layer,layer,H100-SASS-Accelwattch_SASS_SIM,nvjet_sm90_tst_64x8_64x16_4x1_v_bz_bias_TNT--5,L2_cache_stats_breakdown[CHIPLET_ACC_W][HIT],0.0,0.0,\s+L2_cache_stats_breakdown\[CHIPLET_ACC_W\]\[HIT\]\s*=\s*(.*)
instance,llm_layer,layer,H100-SASS-Accelwattch_SASS_SIM,_ZN4vllm23rotary_embedding_kernelIN3c108BFloat16ES2_Lb1EEEvPKlPT_S6_PKT0_illliiilb--6,L2_cache_stats_breakdown[CHIPLET_ACC_W][HIT],0.0,0.0,\s+L2_cache_stats_breakdown\[CHIPLET_ACC_W\]\[HIT\]\s*=\s*(.*)
instance,llm_layer,layer,H100-SASS-Accelwattch_SASS_SIM,_ZN4vllm30reshape_and_cache_flash_kernelI13__nv_bfloat16S1_LNS_18Fp8KVCacheDataTypeE0EEEvPKT_S5_PT0_S7_PKlllllliiiPKfSB_i--6,L2_cache_stats_breakdown[CHIPLET_ACC_W][HIT],0.0,0.0,\s+L2_cache_stats_breakdown\[CHIPLET_ACC_W\]\[HIT\]\s*=\s*(.*)
instance,llm_layer,layer,H100-SASS-Accelwattch_SASS_SIM,_ZN7cutlass13device_kernelIN5flash20enable_sm90_or_laterINS1_16FlashAttnFwdSm90INS1_25CollectiveMainloopFwdSm90ILi2EN4cute5tupleIJNS5_1CILi1EEES8_S8_EEENS6_IJNS7_ILi64EEENS7_ILi192EEESA_EEELi64ENS_10bfloat16_tEfNS_4arch4Sm90ELb0ELb0ELb0ELb1ELb1ELb0ELb0ELb1ELb1ELb1ELb0ELb0ESD_Li1EEENS1_21CollectiveEpilogueFwdINS6_IJSA_SA_SB_EEES9_SD_SF_Li128ELb1ELb1ELb0ELb0ELi1EEENS1_36VarlenDynamicPersistentTileSchedulerILi64ELi192ELi128ELi128ELb0ELb1ELb1ELb0ELb0ELb1EEEEEEEEEvNT_6ParamsE--5,L2_cache_stats_breakdown[CHIPLET_ACC_W][HIT],0.0,0.0,\s+L2_cache_stats_breakdown\[CHIPLET_ACC_W\]\[HIT\]\s*=\s*(.*)
instance,llm_layer,layer,H100-SASS-Accelwattch_SASS_SIM,_ZN2at6native29vectorized_elementwise_kernelILi4ENS0_11FillFunctorIiEESt5arrayIPcLm1EEEEviT0_T1_--6,L2_cache_stats_breakdown[CHIPLET_ACC_W][HIT],0.0,0.0,\s+L2_cache_stats_breakdown\[CHIPLET_ACC_W\]\[HIT\]\s*=\s*(.*)
instance,llm_layer,layer,H100-SASS-Accelwattch_SASS_SIM,nvjet_sm90_tst_64x8_64x16_4x1_v_bz_TNT--5,L2_cache_stats_breakdown[CHIPLET_ACC_W][HIT],0.0,0.0,\s+L2_cache_stats_breakdown\[CHIPLET_ACC_W\]\[HIT\]\s*=\s*(.*)
instance,llm_layer,layer,H100-SASS-Accelwattch_SASS_SIM,_ZN4vllm25fused_add_rms_norm_kernelIN3c108BFloat16ELi8ELb1EEENSt9enable_ifIXaagtT0_Li0Esr4vllm12_typeConvertIT_EE6existsEvE4typeEPS4_lS7_PKS4_fiil--13,L2_cache_stats_breakdown[CHIPLET_ACC_W][HIT],0.0,0.0,\s+L2_cache_stats_breakdown\[CHIPLET_ACC_W\]\[HIT\]\s*=\s*(.*)
instance,llm_layer,layer,H100-SASS-Accelwattch_SASS_SIM,nvjet_sm90_tst_128x8_64x12_4x1_v_bz_TNT--5,L2_cache_stats_breakdown[CHIPLET_ACC_W][HIT],0.0,0.0,\s+L2_cache_stats_breakdown\[CHIPLET_ACC_W\]\[HIT\]\s*=\s*(.*)
instance,llm_layer,layer,H100-SASS-Accelwattch_SASS_SIM,_ZN4vllm18act_and_mul_kernelIN3c108BFloat16E14__nv_bfloat162XadL_ZNS_11silu_kernelIS2_EET_RKS5_fEEXadL_ZNS_18packed_silu_kernelIS3_EES5_S7_fEELb1ELb1ELb0ELb0EEEvPS5_PS6_ifff--6,L2_cache_stats_breakdown[CHIPLET_ACC_W][HIT],0.0,0.0,\s+L2_cache_stats_breakdown\[CHIPLET_ACC_W\]\[HIT\]\s*=\s*(.*)
instance,llm_layer,layer,H100-SASS-Accelwattch_SASS_SIM,nvjet_sm90_tst_64x8_64x16_4x1_v_bz_splitK_TNT--5,L2_cache_stats_breakdown[CHIPLET_ACC_W][HIT],0.0,0.0,\s+L2_cache_stats_breakdown\[CHIPLET_ACC_W\]\[HIT\]\s*=\s*(.*)
instance,llm_layer,layer,H100-SASS-Accelwattch_SASS_SIM,_ZN8cublasLt19splitKreduce_kernelILi32ELi16Eif13__nv_bfloat16fS1_Lb0EfS1_S1_Lb1ELb0ELb0ELb0EEEvNS_18cublasSplitKParamsIT4_EEPKT2_PKT8_PT7_PT3_PKS3_SG_PKT9_S7_PSH_PvlPS3_PiSM_SM_SG_SG_SG_SG_SG_--6,L2_cache_stats_breakdown[CHIPLET_ACC_W][HIT],0.0,0.0,\s+L2_cache_stats_breakdown\[CHIPLET_ACC_W\]\[HIT\]\s*=\s*(.*)
instance,llm_layer,layer,H100-SASS-Accelwattch_SASS_SIM,_ZN4vllm25fused_add_rms_norm_kernelIN3c108BFloat16ELi8ELb1EEENSt9enable_ifIXaagtT0_Li0Esr4vllm12_typeConvertIT_EE6existsEvE4typeEPS4_lS7_PKS4_fiil--14,L2_cache_stats_breakdown[CHIPLET_ACC_W][HIT],0.0,0.0,\s+L2_cache_stats_breakdown\[CHIPLET_ACC_W\]\[HIT\]\s*=\s*(.*)
instance,llm_layer,layer,H100-SASS-Accelwattch_SASS_SIM,nvjet_sm90_tst_64x8_64x16_4x1_v_bz_bias_TNT--6,L2_cache_stats_breakdown[CHIPLET_ACC_W][HIT],0.0,0.0,\s+L2_cache_stats_breakdown\[CHIPLET_ACC_W\]\[HIT\]\s*=\s*(.*)
instance,llm_layer,layer,H100-SASS-Accelwattch_SASS_SIM,_ZN4vllm23rotary_embedding_kernelIN3c108BFloat16ES2_Lb1EEEvPKlPT_S6_PKT0_illliiilb--7,L2_cache_stats_breakdown[CHIPLET_ACC_W][HIT],0.0,0.0,\s+L2_cache_stats_breakdown\[CHIPLET_ACC_W\]\[HIT\]\s*=\s*(.*)
instance,llm_layer,layer,H100-SASS-Accelwattch_SASS_SIM,_ZN4vllm30reshape_and_cache_flash_kernelI13__nv_bfloat16S1_LNS_18Fp8KVCacheDataTypeE0EEEvPKT_S5_PT0_S7_PKlllllliiiPKfSB_i--7,L2_cache_stats_breakdown[CHIPLET_ACC_W][HIT],0.0,0.0,\s+L2_cache_stats_breakdown\[CHIPLET_ACC_W\]\[HIT\]\s*=\s*(.*)
instance,llm_layer,layer,H100-SASS-Accelwattch_SASS_SIM,_ZN7cutlass13device_kernelIN5flash20enable_sm90_or_laterINS1_16FlashAttnFwdSm90INS1_25CollectiveMainloopFwdSm90ILi2EN4cute5tupleIJNS5_1CILi1EEES8_S8_EEENS6_IJNS7_ILi64EEENS7_ILi192EEESA_EEELi64ENS_10bfloat16_tEfNS_4arch4Sm90ELb0ELb0ELb0ELb1ELb1ELb0ELb0ELb1ELb1ELb1ELb0ELb0ESD_Li1EEENS1_21CollectiveEpilogueFwdINS6_IJSA_SA_SB_EEES9_SD_SF_Li128ELb1ELb1ELb0ELb0ELi1EEENS1_36VarlenDynamicPersistentTileSchedulerILi64ELi192ELi128ELi128ELb0ELb1ELb1ELb0ELb0ELb1EEEEEEEEEvNT_6ParamsE--6,L2_cache_stats_breakdown[CHIPLET_ACC_W][HIT],0.0,0.0,\s+L2_cache_stats_breakdown\[CHIPLET_ACC_W\]\[HIT\]\s*=\s*(.*)
instance,llm_layer,layer,H100-SASS-Accelwattch_SASS_SIM,_ZN2at6native29vectorized_elementwise_kernelILi4ENS0_11FillFunctorIiEESt5arrayIPcLm1EEEEviT0_T1_--7,L2_cache_stats_breakdown[CHIPLET_ACC_W][HIT],0.0,0.0,\s+L2_cache_stats_breakdown\[CHIPLET_ACC_W\]\[HIT\]\s*=\s*(.*)
instance,llm_layer,layer,H100-SASS-Accelwattch_SASS_SIM,nvjet_sm90_tst_64x8_64x16_4x1_v_bz_TNT--6,L2_cache_stats_breakdown[CHIPLET_ACC_W][HIT],0.0,0.0,\s+L2_cache_stats_breakdown\[CHIPLET_ACC_W\]\[HIT\]\s*=\s*(.*)
instance,llm_layer,layer,H100-SASS-Accelwattch_SASS_SIM,_ZN4vllm25fused_add_rms_norm_kernelIN3c108BFloat16ELi8ELb1EEENSt9enable_ifIXaagtT0_Li0Esr4vllm12_typeConvertIT_EE6existsEvE4typeEPS4_lS7_PKS4_fiil--15,L2_cache_stats_breakdown[CHIPLET_ACC_W][HIT],0.0,0.0,\s+L2_cache_stats_breakdown\[CHIPLET_ACC_W\]\[HIT\]\s*=\s*(.*)
instance,llm_layer,layer,H100-SASS-Accelwattch_SASS_SIM,nvjet_sm90_tst_128x8_64x12_4x1_v_bz_TNT--6,L2_cache_stats_breakdown[CHIPLET_ACC_W][HIT],0.0,0.0,\s+L2_cache_stats_breakdown\[CHIPLET_ACC_W\]\[HIT\]\s*=\s*(.*)
instance,llm_layer,layer,H100-SASS-Accelwattch_SASS_SIM,_ZN4vllm18act_and_mul_kernelIN3c108BFloat16E14__nv_bfloat162XadL_ZNS_11silu_kernelIS2_EET_RKS5_fEEXadL_ZNS_18packed_silu_kernelIS3_EES5_S7_fEELb1ELb1ELb0ELb0EEEvPS5_PS6_ifff--7,L2_cache_stats_breakdown[CHIPLET_ACC_W][HIT],0.0,0.0,\s+L2_cache_stats_breakdown\[CHIPLET_ACC_W\]\[HIT\]\s*=\s*(.*)
instance,llm_layer,layer,H100-SASS-Accelwattch_SASS_SIM,nvjet_sm90_tst_64x8_64x16_4x1_v_bz_splitK_TNT--6,L2_cache_stats_breakdown[CHIPLET_ACC_W][HIT],0.0,0.0,\s+L2_cache_stats_breakdown\[CHIPLET_ACC_W\]\[HIT\]\s*=\s*(.*)
instance,llm_layer,layer,H100-SASS-Accelwattch_SASS_SIM,_ZN8cublasLt19splitKreduce_kernelILi32ELi16Eif13__nv_bfloat16fS1_Lb0EfS1_S1_Lb1ELb0ELb0ELb0EEEvNS_18cublasSplitKParamsIT4_EEPKT2_PKT8_PT7_PT3_PKS3_SG_PKT9_S7_PSH_PvlPS3_PiSM_SM_SG_SG_SG_SG_SG_--7,L2_cache_stats_breakdown[CHIPLET_ACC_W][HIT],0.0,0.0,\s+L2_cache_stats_breakdown\[CHIPLET_ACC_W\]\[HIT\]\s*=\s*(.*)
instance,llm_layer,layer,H100-SASS-Accelwattch_SASS_SIM,_ZN4vllm25fused_add_rms_norm_kernelIN3c108BFloat16ELi8ELb1EEENSt9enable_ifIXaagtT0_Li0Esr4vllm12_typeConvertIT_EE6existsEvE4typeEPS4_lS7_PKS4_fiil--0,L2_cache_stats_breakdown[CHIPLET_ACC_W][TOTAL_ACCESS],,NA,\s+L2_cache_stats_breakdown\[CHIPLET_ACC_W\]\[TOTAL_ACCESS\]\s*=\s*(.*)
instance,llm_layer,layer,H100-SASS-Accelwattch_SASS_SIM,nvjet_sm90_tst_64x8_64x16_4x2_h_bz_bias_TNT--0,L2_cache_stats_breakdown[CHIPLET_ACC_W][TOTAL_ACCESS],,NA,\s+L2_cache_stats_breakdown\[CHIPLET_ACC_W\]\[TOTAL_ACCESS\]\s*=\s*(.*)
instance,llm_layer,layer,H100-SASS-Accelwattch_SASS_SIM,_ZN4vllm23rotary_embedding_kernelIN3c108BFloat16ES2_Lb1EEEvPKlPT_S6_PKT0_illliiilb--0,L2_cache_stats_breakdown[CHIPLET_ACC_W][TOTAL_ACCESS],,NA,\s+L2_cache_stats_breakdown\[CHIPLET_ACC_W\]\[TOTAL_ACCESS\]\s*=\s*(.*)
instance,llm_layer,layer,H100-SASS-Accelwattch_SASS_SIM,_ZN4vllm30reshape_and_cache_flash_kernelI13__nv_bfloat16S1_LNS_18Fp8KVCacheDataTypeE0EEEvPKT_S5_PT0_S7_PKlllllliiiPKfSB_i--0,L2_cache_stats_breakdown[CHIPLET_ACC_W][TOTAL_ACCESS],,NA,\s+L2_cache_stats_breakdown\[CHIPLET_ACC_W\]\[TOTAL_ACCESS\]\s*=\s*(.*)
instance,llm_layer,layer,H100-SASS-Accelwattch_SASS_SIM,_ZN7cutlass13device_kernelIN5flash20enable_sm90_or_laterINS1_16FlashAttnFwdSm90INS1_25CollectiveMainloopFwdSm90ILi2EN4cute5tupleIJNS5_1CILi1EEES8_S8_EEENS6_IJNS7_ILi192EEENS7_ILi128EEENS7_ILi64EEEEEELi64ENS_10bfloat16_tEfNS_4arch4Sm90ELb1ELb0ELb0ELb1ELb1ELb0ELb0ELb1ELb1ELb1ELb0ELb0ESE_Li1EEENS1_21CollectiveEpilogueFwdINS6_IJSA_SC_SB_EEES9_SE_SG_Li384ELb1ELb1ELb0ELb0ELi1EEENS1_36VarlenDynamicPersistentTileSchedulerILi192ELi128ELi384ELi128ELb0ELb1ELb1ELb1ELb0ELb1EEEEEEEEEvNT_6ParamsE--0,L2_cache_stats_breakdown[CHIPLET_ACC_W][TOTAL_ACCESS],,NA,\s+L2_cache_stats_breakdown\[CHIPLET_ACC_W\]\[TOTAL_ACCESS\]\s*=\s*(.*)
instance,llm_layer,layer,H100-SASS-Accelwattch_SASS_SIM,_ZN2at6native29vectorized_elementwise_kernelILi4ENS0_11FillFunctorIiEESt5arrayIPcLm1EEEEviT0_T1_--0,L2_cache_stats_breakdown[CHIPLET_ACC_W][TOTAL_ACCESS],,NA,\s+L2_cache_stats_breakdown\[CHIPLET_ACC_W\]\[TOTAL_ACCESS\]\s*=\s*(.*)
instance,llm_layer,layer,H100-SASS-Accelwattch_SASS_SIM,nvjet_sm90_tst_64x8_64x16_4x2_h_bz_TNT--0,L2_cache_stats_breakdown[CHIPLET_ACC_W][TOTAL_ACCESS],,NA,\s+L2_cache_stats_breakdown\[CHIPLET_ACC_W\]\[TOTAL_ACCESS\]\s*=\s*(.*)
instance,llm_layer,layer,H100-SASS-Accelwattch_SASS_SIM,_ZN4vllm25fused_add_rms_norm_kernelIN3c108BFloat16ELi8ELb1EEENSt9enable_ifIXaagtT0_Li0Esr4vllm12_typeConvertIT_EE6existsEvE4typeEPS4_lS7_PKS4_fiil--1,L2_cache_stats_breakdown[CHIPLET_ACC_W][TOTAL_ACCESS],,NA,\s+L2_cache_stats_breakdown\[CHIPLET_ACC_W\]\[TOTAL_ACCESS\]\s*=\s*(.*)
instance,llm_layer,layer,H100-SASS-Accelwattch_SASS_SIM,nvjet_sm90_tst_128x16_64x11_4x1_v_bz_TNT--0,L2_cache_stats_breakdown[CHIPLET_ACC_W][TOTAL_ACCESS],,NA,\s+L2_cache_stats_breakdown\[CHIPLET_ACC_W\]\[TOTAL_ACCESS\]\s*=\s*(.*)
instance,llm_layer,layer,H100-SASS-Accelwattch_SASS_SIM,_ZN4vllm18act_and_mul_kernelIN3c108BFloat16E14__nv_bfloat162XadL_ZNS_11silu_kernelIS2_EET_RKS5_fEEXadL_ZNS_18packed_silu_kernelIS3_EES5_S7_fEELb1ELb1ELb0ELb0EEEvPS5_PS6_ifff--0,L2_cache_stats_breakdown[CHIPLET_ACC_W][TOTAL_ACCESS],,NA,\s+L2_cache_stats_breakdown\[CHIPLET_ACC_W\]\[TOTAL_ACCESS\]\s*=\s*(.*)
instance,llm_layer,layer,H100-SASS-Accelwattch_SASS_SIM,nvjet_sm90_tst_64x16_64x16_4x1_v_bz_splitK_TNT--0,L2_cache_stats_breakdown[CHIPLET_ACC_W][TOTAL_ACCESS],,NA,\s+L2_cache_stats_breakdown\[CHIPLET_ACC_W\]\[TOTAL_ACCESS\]\s*=\s*(.*)
instance,llm_layer,layer,H100-SASS-Accelwattch_SASS_SIM,_ZN8cublasLt19splitKreduce_kernelILi32ELi16Eif13__nv_bfloat16fS1_Lb0EfS1_S1_Lb1ELb0ELb0ELb0EEEvNS_18cublasSplitKParamsIT4_EEPKT2_PKT8_PT7_PT3_PKS3_SG_PKT9_S7_PSH_PvlPS3_PiSM_SM_SG_SG_SG_SG_SG_--0,L2_cache_stats_breakdown[CHIPLET_ACC_W][TOTAL_ACCESS],,NA,\s+L2_cache_stats_breakdown\[CHIPLET_ACC_W\]\[TOTAL_ACCESS\]\s*=\s*(.*)
instance,llm_layer,layer,H100-SASS-Accelwattch_SASS_SIM,_ZN4vllm25fused_add_rms_norm_kernelIN3c108BFloat16ELi8ELb1EEENSt9enable_ifIXaagtT0_Li0Esr4vllm12_typeConvertIT_EE6existsEvE4typeEPS4_lS7_PKS4_fiil--2,L2_cache_stats_breakdown[CHIPLET_ACC_W][TOTAL_ACCESS],,NA,\s+L2_cache_stats_breakdown\[CHIPLET_ACC_W\]\[TOTAL_ACCESS\]\s*=\s*(.*)
instance,llm_layer,layer,H100-SASS-Accelwattch_SASS_SIM,nvjet_sm90_tst_64x8_64x16_4x1_v_bz_bias_TNT--0,L2_cache_stats_breakdown[CHIPLET_ACC_W][TOTAL_ACCESS],,NA,\s+L2_cache_stats_breakdown\[CHIPLET_ACC_W\]\[TOTAL_ACCESS\]\s*=\s*(.*)
instance,llm_layer,layer,H100-SASS-Accelwattch_SASS_SIM,_ZN4vllm23rotary_embedding_kernelIN3c108BFloat16ES2_Lb1EEEvPKlPT_S6_PKT0_illliiilb--1,L2_cache_stats_breakdown[CHIPLET_ACC_W][TOTAL_ACCESS],,NA,\s+L2_cache_stats_breakdown\[CHIPLET_ACC_W\]\[TOTAL_ACCESS\]\s*=\s*(.*)
instance,llm_layer,layer,H100-SASS-Accelwattch_SASS_SIM,_ZN4vllm30reshape_and_cache_flash_kernelI13__nv_bfloat16S1_LNS_18Fp8KVCacheDataTypeE0EEEvPKT_S5_PT0_S7_PKlllllliiiPKfSB_i--1,L2_cache_stats_breakdown[CHIPLET_ACC_W][TOTAL_ACCESS],,NA,\s+L2_cache_stats_breakdown\[CHIPLET_ACC_W\]\[TOTAL_ACCESS\]\s*=\s*(.*)
instance,llm_layer,layer,H100-SASS-Accelwattch_SASS_SIM,_ZN7cutlass13device_kernelIN5flash20enable_sm90_or_laterINS1_16FlashAttnFwdSm90INS1_25CollectiveMainloopFwdSm90ILi2EN4cute5tupleIJNS5_1CILi1EEES8_S8_EEENS6_IJNS7_ILi64EEENS7_ILi192EEESA_EEELi64ENS_10bfloat16_tEfNS_4arch4Sm90ELb0ELb0ELb0ELb1ELb1ELb0ELb0ELb1ELb1ELb1ELb0ELb0ESD_Li1EEENS1_21CollectiveEpilogueFwdINS6_IJSA_SA_SB_EEES9_SD_SF_Li128ELb1ELb1ELb0ELb0ELi1EEENS1_36VarlenDynamicPersistentTileSchedulerILi64ELi192ELi128ELi128ELb0ELb1ELb1ELb0ELb0ELb1EEEEEEEEEvNT_6ParamsE--0,L2_cache_stats_breakdown[CHIPLET_ACC_W][TOTAL_ACCESS],,NA,\s+L2_cache_stats_breakdown\[CHIPLET_ACC_W\]\[TOTAL_ACCESS\]\s*=\s*(.*)
instance,llm_layer,layer,H100-SASS-Accelwattch_SASS_SIM,_ZN2at6native29vectorized_elementwise_kernelILi4ENS0_11FillFunctorIiEESt5arrayIPcLm1EEEEviT0_T1_--1,L2_cache_stats_breakdown[CHIPLET_ACC_W][TOTAL_ACCESS],,NA,\s+L2_cache_stats_breakdown\[CHIPLET_ACC_W\]\[TOTAL_ACCESS\]\s*=\s*(.*)
instance,llm_layer,layer,H100-SASS-Accelwattch_SASS_SIM,nvjet_sm90_tst_64x8_64x16_4x1_v_bz_TNT--0,L2_cache_stats_breakdown[CHIPLET_ACC_W][TOTAL_ACCESS],,NA,\s+L2_cache_stats_breakdown\[CHIPLET_ACC_W\]\[TOTAL_ACCESS\]\s*=\s*(.*)
instance,llm_layer,layer,H100-SASS-Accelwattch_SASS_SIM,_ZN4vllm25fused_add_rms_norm_kernelIN3c108BFloat16ELi8ELb1EEENSt9enable_ifIXaagtT0_Li0Esr4vllm12_typeConvertIT_EE6existsEvE4typeEPS4_lS7_PKS4_fiil--3,L2_cache_stats_breakdown[CHIPLET_ACC_W][TOTAL_ACCESS],,NA,\s+L2_cache_stats_breakdown\[CHIPLET_ACC_W\]\[TOTAL_ACCESS\]\s*=\s*(.*)
instance,llm_layer,layer,H100-SASS-Accelwattch_SASS_SIM,nvjet_sm90_tst_128x8_64x12_4x1_v_bz_TNT--0,L2_cache_stats_breakdown[CHIPLET_ACC_W][TOTAL_ACCESS],,NA,\s+L2_cache_stats_breakdown\[CHIPLET_ACC_W\]\[TOTAL_ACCESS\]\s*=\s*(.*)
instance,llm_layer,layer,H100-SASS-Accelwattch_SASS_SIM,_ZN4vllm18act_and_mul_kernelIN3c108BFloat16E14__nv_bfloat162XadL_ZNS_11silu_kernelIS2_EET_RKS5_fEEXadL_ZNS_18packed_silu_kernelIS3_EES5_S7_fEELb1ELb1ELb0ELb0EEEvPS5_PS6_ifff--1,L2_cache_stats_breakdown[CHIPLET_ACC_W][TOTAL_ACCESS],,NA,\s+L2_cache_stats_breakdown\[CHIPLET_ACC_W\]\[TOTAL_ACCESS\]\s*=\s*(.*)
instance,llm_layer,layer,H100-SASS-Accelwattch_SASS_SIM,nvjet_sm90_tst_64x8_64x16_4x1_v_bz_splitK_TNT--0,L2_cache_stats_breakdown[CHIPLET_ACC_W][TOTAL_ACCESS],,NA,\s+L2_cache_stats_breakdown\[CHIPLET_ACC_W\]\[TOTAL_ACCESS\]\s*=\s*(.*)
instance,llm_layer,layer,H100-SASS-Accelwattch_SASS_SIM,_ZN8cublasLt19splitKreduce_kernelILi32ELi16Eif13__nv_bfloat16fS1_Lb0EfS1_S1_Lb1ELb0ELb0ELb0EEEvNS_18cublasSplitKParamsIT4_EEPKT2_PKT8_PT7_PT3_PKS3_SG_PKT9_S7_PSH_PvlPS3_PiSM_SM_SG_SG_SG_SG_SG_--1,L2_cache_stats_breakdown[CHIPLET_ACC_W][TOTAL_ACCESS],,NA,\s+L2_cache_stats_breakdown\[CHIPLET_ACC_W\]\[TOTAL_ACCESS\]\s*=\s*(.*)
instance,llm_layer,layer,H100-SASS-Accelwattch_SASS_SIM,_ZN4vllm25fused_add_rms_norm_kernelIN3c108BFloat16ELi8ELb1EEENSt9enable_ifIXaagtT0_Li0Esr4vllm12_typeConvertIT_EE6existsEvE4typeEPS4_lS7_PKS4_fiil--4,L2_cache_stats_breakdown[CHIPLET_ACC_W][TOTAL_ACCESS],,NA,\s+L2_cache_stats_breakdown\[CHIPLET_ACC_W\]\[TOTAL_ACCESS\]\s*=\s*(.*)
instance,llm_layer,layer,H100-SASS-Accelwattch_SASS_SIM,nvjet_sm90_tst_64x8_64x16_4x1_v_bz_bias_TNT--1,L2_cache_stats_breakdown[CHIPLET_ACC_W][TOTAL_ACCESS],,NA,\s+L2_cache_stats_breakdown\[CHIPLET_ACC_W\]\[TOTAL_ACCESS\]\s*=\s*(.*)
instance,llm_layer,layer,H100-SASS-Accelwattch_SASS_SIM,_ZN4vllm23rotary_embedding_kernelIN3c108BFloat16ES2_Lb1EEEvPKlPT_S6_PKT0_illliiilb--2,L2_cache_stats_breakdown[CHIPLET_ACC_W][TOTAL_ACCESS],,NA,\s+L2_cache_stats_breakdown\[CHIPLET_ACC_W\]\[TOTAL_ACCESS\]\s*=\s*(.*)
instance,llm_layer,layer,H100-SASS-Accelwattch_SASS_SIM,_ZN4vllm30reshape_and_cache_flash_kernelI13__nv_bfloat16S1_LNS_18Fp8KVCacheDataTypeE0EEEvPKT_S5_PT0_S7_PKlllllliiiPKfSB_i--2,L2_cache_stats_breakdown[CHIPLET_ACC_W][TOTAL_ACCESS],,NA,\s+L2_cache_stats_breakdown\[CHIPLET_ACC_W\]\[TOTAL_ACCESS\]\s*=\s*(.*)
instance,llm_layer,layer,H100-SASS-Accelwattch_SASS_SIM,_ZN7cutlass13device_kernelIN5flash20enable_sm90_or_laterINS1_16FlashAttnFwdSm90INS1_25CollectiveMainloopFwdSm90ILi2EN4cute5tupleIJNS5_1CILi1EEES8_S8_EEENS6_IJNS7_ILi64EEENS7_ILi192EEESA_EEELi64ENS_10bfloat16_tEfNS_4arch4Sm90ELb0ELb0ELb0ELb1ELb1ELb0ELb0ELb1ELb1ELb1ELb0ELb0ESD_Li1EEENS1_21CollectiveEpilogueFwdINS6_IJSA_SA_SB_EEES9_SD_SF_Li128ELb1ELb1ELb0ELb0ELi1EEENS1_36VarlenDynamicPersistentTileSchedulerILi64ELi192ELi128ELi128ELb0ELb1ELb1ELb0ELb0ELb1EEEEEEEEEvNT_6ParamsE--1,L2_cache_stats_breakdown[CHIPLET_ACC_W][TOTAL_ACCESS],,NA,\s+L2_cache_stats_breakdown\[CHIPLET_ACC_W\]\[TOTAL_ACCESS\]\s*=\s*(.*)
instance,llm_layer,layer,H100-SASS-Accelwattch_SASS_SIM,_ZN2at6native29vectorized_elementwise_kernelILi4ENS0_11FillFunctorIiEESt5arrayIPcLm1EEEEviT0_T1_--2,L2_cache_stats_breakdown[CHIPLET_ACC_W][TOTAL_ACCESS],,NA,\s+L2_cache_stats_breakdown\[CHIPLET_ACC_W\]\[TOTAL_ACCESS\]\s*=\s*(.*)
instance,llm_layer,layer,H100-SASS-Accelwattch_SASS_SIM,nvjet_sm90_tst_64x8_64x16_4x1_v_bz_TNT--1,L2_cache_stats_breakdown[CHIPLET_ACC_W][TOTAL_ACCESS],,NA,\s+L2_cache_stats_breakdown\[CHIPLET_ACC_W\]\[TOTAL_ACCESS\]\s*=\s*(.*)
instance,llm_layer,layer,H100-SASS-Accelwattch_SASS_SIM,_ZN4vllm25fused_add_rms_norm_kernelIN3c108BFloat16ELi8ELb1EEENSt9enable_ifIXaagtT0_Li0Esr4vllm12_typeConvertIT_EE6existsEvE4typeEPS4_lS7_PKS4_fiil--5,L2_cache_stats_breakdown[CHIPLET_ACC_W][TOTAL_ACCESS],,NA,\s+L2_cache_stats_breakdown\[CHIPLET_ACC_W\]\[TOTAL_ACCESS\]\s*=\s*(.*)
instance,llm_layer,layer,H100-SASS-Accelwattch_SASS_SIM,nvjet_sm90_tst_128x8_64x12_4x1_v_bz_TNT--1,L2_cache_stats_breakdown[CHIPLET_ACC_W][TOTAL_ACCESS],,NA,\s+L2_cache_stats_breakdown\[CHIPLET_ACC_W\]\[TOTAL_ACCESS\]\s*=\s*(.*)
instance,llm_layer,layer,H100-SASS-Accelwattch_SASS_SIM,_ZN4vllm18act_and_mul_kernelIN3c108BFloat16E14__nv_bfloat162XadL_ZNS_11silu_kernelIS2_EET_RKS5_fEEXadL_ZNS_18packed_silu_kernelIS3_EES5_S7_fEELb1ELb1ELb0ELb0EEEvPS5_PS6_ifff--2,L2_cache_stats_breakdown[CHIPLET_ACC_W][TOTAL_ACCESS],,NA,\s+L2_cache_stats_breakdown\[CHIPLET_ACC_W\]\[TOTAL_ACCESS\]\s*=\s*(.*)
instance,llm_layer,layer,H100-SASS-Accelwattch_SASS_SIM,nvjet_sm90_tst_64x8_64x16_4x1_v_bz_splitK_TNT--1,L2_cache_stats_breakdown[CHIPLET_ACC_W][TOTAL_ACCESS],,NA,\s+L2_cache_stats_breakdown\[CHIPLET_ACC_W\]\[TOTAL_ACCESS\]\s*=\s*(.*)
instance,llm_layer,layer,H100-SASS-Accelwattch_SASS_SIM,_ZN8cublasLt19splitKreduce_kernelILi32ELi16Eif13__nv_bfloat16fS1_Lb0EfS1_S1_Lb1ELb0ELb0ELb0EEEvNS_18cublasSplitKParamsIT4_EEPKT2_PKT8_PT7_PT3_PKS3_SG_PKT9_S7_PSH_PvlPS3_PiSM_SM_SG_SG_SG_SG_SG_--2,L2_cache_stats_breakdown[CHIPLET_ACC_W][TOTAL_ACCESS],,NA,\s+L2_cache_stats_breakdown\[CHIPLET_ACC_W\]\[TOTAL_ACCESS\]\s*=\s*(.*)
instance,llm_layer,layer,H100-SASS-Accelwattch_SASS_SIM,_ZN4vllm25fused_add_rms_norm_kernelIN3c108BFloat16ELi8ELb1EEENSt9enable_ifIXaagtT0_Li0Esr4vllm12_typeConvertIT_EE6existsEvE4typeEPS4_lS7_PKS4_fiil--6,L2_cache_stats_breakdown[CHIPLET_ACC_W][TOTAL_ACCESS],,NA,\s+L2_cache_stats_breakdown\[CHIPLET_ACC_W\]\[TOTAL_ACCESS\]\s*=\s*(.*)
instance,llm_layer,layer,H100-SASS-Accelwattch_SASS_SIM,nvjet_sm90_tst_64x8_64x16_4x1_v_bz_bias_TNT--2,L2_cache_stats_breakdown[CHIPLET_ACC_W][TOTAL_ACCESS],,NA,\s+L2_cache_stats_breakdown\[CHIPLET_ACC_W\]\[TOTAL_ACCESS\]\s*=\s*(.*)
instance,llm_layer,layer,H100-SASS-Accelwattch_SASS_SIM,_ZN4vllm23rotary_embedding_kernelIN3c108BFloat16ES2_Lb1EEEvPKlPT_S6_PKT0_illliiilb--3,L2_cache_stats_breakdown[CHIPLET_ACC_W][TOTAL_ACCESS],,NA,\s+L2_cache_stats_breakdown\[CHIPLET_ACC_W\]\[TOTAL_ACCESS\]\s*=\s*(.*)
instance,llm_layer,layer,H100-SASS-Accelwattch_SASS_SIM,_ZN4vllm30reshape_and_cache_flash_kernelI13__nv_bfloat16S1_LNS_18Fp8KVCacheDataTypeE0EEEvPKT_S5_PT0_S7_PKlllllliiiPKfSB_i--3,L2_cache_stats_breakdown[CHIPLET_ACC_W][TOTAL_ACCESS],,NA,\s+L2_cache_stats_breakdown\[CHIPLET_ACC_W\]\[TOTAL_ACCESS\]\s*=\s*(.*)
instance,llm_layer,layer,H100-SASS-Accelwattch_SASS_SIM,_ZN7cutlass13device_kernelIN5flash20enable_sm90_or_laterINS1_16FlashAttnFwdSm90INS1_25CollectiveMainloopFwdSm90ILi2EN4cute5tupleIJNS5_1CILi1EEES8_S8_EEENS6_IJNS7_ILi64EEENS7_ILi192EEESA_EEELi64ENS_10bfloat16_tEfNS_4arch4Sm90ELb0ELb0ELb0ELb1ELb1ELb0ELb0ELb1ELb1ELb1ELb0ELb0ESD_Li1EEENS1_21CollectiveEpilogueFwdINS6_IJSA_SA_SB_EEES9_SD_SF_Li128ELb1ELb1ELb0ELb0ELi1EEENS1_36VarlenDynamicPersistentTileSchedulerILi64ELi192ELi128ELi128ELb0ELb1ELb1ELb0ELb0ELb1EEEEEEEEEvNT_6ParamsE--2,L2_cache_stats_breakdown[CHIPLET_ACC_W][TOTAL_ACCESS],,NA,\s+L2_cache_stats_breakdown\[CHIPLET_ACC_W\]\[TOTAL_ACCESS\]\s*=\s*(.*)
instance,llm_layer,layer,H100-SASS-Accelwattch_SASS_SIM,_ZN2at6native29vectorized_elementwise_kernelILi4ENS0_11FillFunctorIiEESt5arrayIPcLm1EEEEviT0_T1_--3,L2_cache_stats_breakdown[CHIPLET_ACC_W][TOTAL_ACCESS],,NA,\s+L2_cache_stats_breakdown\[CHIPLET_ACC_W\]\[TOTAL_ACCESS\]\s*=\s*(.*)
instance,llm_layer,layer,H100-SASS-Accelwattch_SASS_SIM,nvjet_sm90_tst_64x8_64x16_4x1_v_bz_TNT--2,L2_cache_stats_breakdown[CHIPLET_ACC_W][TOTAL_ACCESS],,NA,\s+L2_cache_stats_breakdown\[CHIPLET_ACC_W\]\[TOTAL_ACCESS\]\s*=\s*(.*)
instance,llm_layer,layer,H100-SASS-Accelwattch_SASS_SIM,_ZN4vllm25fused_add_rms_norm_kernelIN3c108BFloat16ELi8ELb1EEENSt9enable_ifIXaagtT0_Li0Esr4vllm12_typeConvertIT_EE6existsEvE4typeEPS4_lS7_PKS4_fiil--7,L2_cache_stats_breakdown[CHIPLET_ACC_W][TOTAL_ACCESS],,NA,\s+L2_cache_stats_breakdown\[CHIPLET_ACC_W\]\[TOTAL_ACCESS\]\s*=\s*(.*)
instance,llm_layer,layer,H100-SASS-Accelwattch_SASS_SIM,nvjet_sm90_tst_128x8_64x12_4x1_v_bz_TNT--2,L2_cache_stats_breakdown[CHIPLET_ACC_W][TOTAL_ACCESS],,NA,\s+L2_cache_stats_breakdown\[CHIPLET_ACC_W\]\[TOTAL_ACCESS\]\s*=\s*(.*)
instance,llm_layer,layer,H100-SASS-Accelwattch_SASS_SIM,_ZN4vllm18act_and_mul_kernelIN3c108BFloat16E14__nv_bfloat162XadL_ZNS_11silu_kernelIS2_EET_RKS5_fEEXadL_ZNS_18packed_silu_kernelIS3_EES5_S7_fEELb1ELb1ELb0ELb0EEEvPS5_PS6_ifff--3,L2_cache_stats_breakdown[CHIPLET_ACC_W][TOTAL_ACCESS],,NA,\s+L2_cache_stats_breakdown\[CHIPLET_ACC_W\]\[TOTAL_ACCESS\]\s*=\s*(.*)
instance,llm_layer,layer,H100-SASS-Accelwattch_SASS_SIM,nvjet_sm90_tst_64x8_64x16_4x1_v_bz_splitK_TNT--2,L2_cache_stats_breakdown[CHIPLET_ACC_W][TOTAL_ACCESS],,NA,\s+L2_cache_stats_breakdown\[CHIPLET_ACC_W\]\[TOTAL_ACCESS\]\s*=\s*(.*)
instance,llm_layer,layer,H100-SASS-Accelwattch_SASS_SIM,_ZN8cublasLt19splitKreduce_kernelILi32ELi16Eif13__nv_bfloat16fS1_Lb0EfS1_S1_Lb1ELb0ELb0ELb0EEEvNS_18cublasSplitKParamsIT4_EEPKT2_PKT8_PT7_PT3_PKS3_SG_PKT9_S7_PSH_PvlPS3_PiSM_SM_SG_SG_SG_SG_SG_--3,L2_cache_stats_breakdown[CHIPLET_ACC_W][TOTAL_ACCESS],,NA,\s+L2_cache_stats_breakdown\[CHIPLET_ACC_W\]\[TOTAL_ACCESS\]\s*=\s*(.*)
instance,llm_layer,layer,H100-SASS-Accelwattch_SASS_SIM,_ZN4vllm25fused_add_rms_norm_kernelIN3c108BFloat16ELi8ELb1EEENSt9enable_ifIXaagtT0_Li0Esr4vllm12_typeConvertIT_EE6existsEvE4typeEPS4_lS7_PKS4_fiil--8,L2_cache_stats_breakdown[CHIPLET_ACC_W][TOTAL_ACCESS],,NA,\s+L2_cache_stats_breakdown\[CHIPLET_ACC_W\]\[TOTAL_ACCESS\]\s*=\s*(.*)
instance,llm_layer,layer,H100-SASS-Accelwattch_SASS_SIM,nvjet_sm90_tst_64x8_64x16_4x1_v_bz_bias_TNT--3,L2_cache_stats_breakdown[CHIPLET_ACC_W][TOTAL_ACCESS],,NA,\s+L2_cache_stats_breakdown\[CHIPLET_ACC_W\]\[TOTAL_ACCESS\]\s*=\s*(.*)
instance,llm_layer,layer,H100-SASS-Accelwattch_SASS_SIM,_ZN4vllm23rotary_embedding_kernelIN3c108BFloat16ES2_Lb1EEEvPKlPT_S6_PKT0_illliiilb--4,L2_cache_stats_breakdown[CHIPLET_ACC_W][TOTAL_ACCESS],,NA,\s+L2_cache_stats_breakdown\[CHIPLET_ACC_W\]\[TOTAL_ACCESS\]\s*=\s*(.*)
instance,llm_layer,layer,H100-SASS-Accelwattch_SASS_SIM,_ZN4vllm30reshape_and_cache_flash_kernelI13__nv_bfloat16S1_LNS_18Fp8KVCacheDataTypeE0EEEvPKT_S5_PT0_S7_PKlllllliiiPKfSB_i--4,L2_cache_stats_breakdown[CHIPLET_ACC_W][TOTAL_ACCESS],,NA,\s+L2_cache_stats_breakdown\[CHIPLET_ACC_W\]\[TOTAL_ACCESS\]\s*=\s*(.*)
instance,llm_layer,layer,H100-SASS-Accelwattch_SASS_SIM,_ZN7cutlass13device_kernelIN5flash20enable_sm90_or_laterINS1_16FlashAttnFwdSm90INS1_25CollectiveMainloopFwdSm90ILi2EN4cute5tupleIJNS5_1CILi1EEES8_S8_EEENS6_IJNS7_ILi64EEENS7_ILi192EEESA_EEELi64ENS_10bfloat16_tEfNS_4arch4Sm90ELb0ELb0ELb0ELb1ELb1ELb0ELb0ELb1ELb1ELb1ELb0ELb0ESD_Li1EEENS1_21CollectiveEpilogueFwdINS6_IJSA_SA_SB_EEES9_SD_SF_Li128ELb1ELb1ELb0ELb0ELi1EEENS1_36VarlenDynamicPersistentTileSchedulerILi64ELi192ELi128ELi128ELb0ELb1ELb1ELb0ELb0ELb1EEEEEEEEEvNT_6ParamsE--3,L2_cache_stats_breakdown[CHIPLET_ACC_W][TOTAL_ACCESS],,NA,\s+L2_cache_stats_breakdown\[CHIPLET_ACC_W\]\[TOTAL_ACCESS\]\s*=\s*(.*)
instance,llm_layer,layer,H100-SASS-Accelwattch_SASS_SIM,_ZN2at6native29vectorized_elementwise_kernelILi4ENS0_11FillFunctorIiEESt5arrayIPcLm1EEEEviT0_T1_--4,L2_cache_stats_breakdown[CHIPLET_ACC_W][TOTAL_ACCESS],,NA,\s+L2_cache_stats_breakdown\[CHIPLET_ACC_W\]\[TOTAL_ACCESS\]\s*=\s*(.*)
instance,llm_layer,layer,H100-SASS-Accelwattch_SASS_SIM,nvjet_sm90_tst_64x8_64x16_4x1_v_bz_TNT--3,L2_cache_stats_breakdown[CHIPLET_ACC_W][TOTAL_ACCESS],,NA,\s+L2_cache_stats_breakdown\[CHIPLET_ACC_W\]\[TOTAL_ACCESS\]\s*=\s*(.*)
instance,llm_layer,layer,H100-SASS-Accelwattch_SASS_SIM,_ZN4vllm25fused_add_rms_norm_kernelIN3c108BFloat16ELi8ELb1EEENSt9enable_ifIXaagtT0_Li0Esr4vllm12_typeConvertIT_EE6existsEvE4typeEPS4_lS7_PKS4_fiil--9,L2_cache_stats_breakdown[CHIPLET_ACC_W][TOTAL_ACCESS],,NA,\s+L2_cache_stats_breakdown\[CHIPLET_ACC_W\]\[TOTAL_ACCESS\]\s*=\s*(.*)
instance,llm_layer,layer,H100-SASS-Accelwattch_SASS_SIM,nvjet_sm90_tst_128x8_64x12_4x1_v_bz_TNT--3,L2_cache_stats_breakdown[CHIPLET_ACC_W][TOTAL_ACCESS],,NA,\s+L2_cache_stats_breakdown\[CHIPLET_ACC_W\]\[TOTAL_ACCESS\]\s*=\s*(.*)
instance,llm_layer,layer,H100-SASS-Accelwattch_SASS_SIM,_ZN4vllm18act_and_mul_kernelIN3c108BFloat16E14__nv_bfloat162XadL_ZNS_11silu_kernelIS2_EET_RKS5_fEEXadL_ZNS_18packed_silu_kernelIS3_EES5_S7_fEELb1ELb1ELb0ELb0EEEvPS5_PS6_ifff--4,L2_cache_stats_breakdown[CHIPLET_ACC_W][TOTAL_ACCESS],,NA,\s+L2_cache_stats_breakdown\[CHIPLET_ACC_W\]\[TOTAL_ACCESS\]\s*=\s*(.*)
instance,llm_layer,layer,H100-SASS-Accelwattch_SASS_SIM,nvjet_sm90_tst_64x8_64x16_4x1_v_bz_splitK_TNT--3,L2_cache_stats_breakdown[CHIPLET_ACC_W][TOTAL_ACCESS],,NA,\s+L2_cache_stats_breakdown\[CHIPLET_ACC_W\]\[TOTAL_ACCESS\]\s*=\s*(.*)
instance,llm_layer,layer,H100-SASS-Accelwattch_SASS_SIM,_ZN8cublasLt19splitKreduce_kernelILi32ELi16Eif13__nv_bfloat16fS1_Lb0EfS1_S1_Lb1ELb0ELb0ELb0EEEvNS_18cublasSplitKParamsIT4_EEPKT2_PKT8_PT7_PT3_PKS3_SG_PKT9_S7_PSH_PvlPS3_PiSM_SM_SG_SG_SG_SG_SG_--4,L2_cache_stats_breakdown[CHIPLET_ACC_W][TOTAL_ACCESS],,NA,\s+L2_cache_stats_breakdown\[CHIPLET_ACC_W\]\[TOTAL_ACCESS\]\s*=\s*(.*)
instance,llm_layer,layer,H100-SASS-Accelwattch_SASS_SIM,_ZN4vllm25fused_add_rms_norm_kernelIN3c108BFloat16ELi8ELb1EEENSt9enable_ifIXaagtT0_Li0Esr4vllm12_typeConvertIT_EE6existsEvE4typeEPS4_lS7_PKS4_fiil--10,L2_cache_stats_breakdown[CHIPLET_ACC_W][TOTAL_ACCESS],,NA,\s+L2_cache_stats_breakdown\[CHIPLET_ACC_W\]\[TOTAL_ACCESS\]\s*=\s*(.*)
instance,llm_layer,layer,H100-SASS-Accelwattch_SASS_SIM,nvjet_sm90_tst_64x8_64x16_4x1_v_bz_bias_TNT--4,L2_cache_stats_breakdown[CHIPLET_ACC_W][TOTAL_ACCESS],,NA,\s+L2_cache_stats_breakdown\[CHIPLET_ACC_W\]\[TOTAL_ACCESS\]\s*=\s*(.*)
instance,llm_layer,layer,H100-SASS-Accelwattch_SASS_SIM,_ZN4vllm23rotary_embedding_kernelIN3c108BFloat16ES2_Lb1EEEvPKlPT_S6_PKT0_illliiilb--5,L2_cache_stats_breakdown[CHIPLET_ACC_W][TOTAL_ACCESS],,NA,\s+L2_cache_stats_breakdown\[CHIPLET_ACC_W\]\[TOTAL_ACCESS\]\s*=\s*(.*)
instance,llm_layer,layer,H100-SASS-Accelwattch_SASS_SIM,_ZN4vllm30reshape_and_cache_flash_kernelI13__nv_bfloat16S1_LNS_18Fp8KVCacheDataTypeE0EEEvPKT_S5_PT0_S7_PKlllllliiiPKfSB_i--5,L2_cache_stats_breakdown[CHIPLET_ACC_W][TOTAL_ACCESS],,NA,\s+L2_cache_stats_breakdown\[CHIPLET_ACC_W\]\[TOTAL_ACCESS\]\s*=\s*(.*)
instance,llm_layer,layer,H100-SASS-Accelwattch_SASS_SIM,_ZN7cutlass13device_kernelIN5flash20enable_sm90_or_laterINS1_16FlashAttnFwdSm90INS1_25CollectiveMainloopFwdSm90ILi2EN4cute5tupleIJNS5_1CILi1EEES8_S8_EEENS6_IJNS7_ILi64EEENS7_ILi192EEESA_EEELi64ENS_10bfloat16_tEfNS_4arch4Sm90ELb0ELb0ELb0ELb1ELb1ELb0ELb0ELb1ELb1ELb1ELb0ELb0ESD_Li1EEENS1_21CollectiveEpilogueFwdINS6_IJSA_SA_SB_EEES9_SD_SF_Li128ELb1ELb1ELb0ELb0ELi1EEENS1_36VarlenDynamicPersistentTileSchedulerILi64ELi192ELi128ELi128ELb0ELb1ELb1ELb0ELb0ELb1EEEEEEEEEvNT_6ParamsE--4,L2_cache_stats_breakdown[CHIPLET_ACC_W][TOTAL_ACCESS],,NA,\s+L2_cache_stats_breakdown\[CHIPLET_ACC_W\]\[TOTAL_ACCESS\]\s*=\s*(.*)
instance,llm_layer,layer,H100-SASS-Accelwattch_SASS_SIM,_ZN2at6native29vectorized_elementwise_kernelILi4ENS0_11FillFunctorIiEESt5arrayIPcLm1EEEEviT0_T1_--5,L2_cache_stats_breakdown[CHIPLET_ACC_W][TOTAL_ACCESS],,NA,\s+L2_cache_stats_breakdown\[CHIPLET_ACC_W\]\[TOTAL_ACCESS\]\s*=\s*(.*)
instance,llm_layer,layer,H100-SASS-Accelwattch_SASS_SIM,nvjet_sm90_tst_64x8_64x16_4x1_v_bz_TNT--4,L2_cache_stats_breakdown[CHIPLET_ACC_W][TOTAL_ACCESS],,NA,\s+L2_cache_stats_breakdown\[CHIPLET_ACC_W\]\[TOTAL_ACCESS\]\s*=\s*(.*)
instance,llm_layer,layer,H100-SASS-Accelwattch_SASS_SIM,_ZN4vllm25fused_add_rms_norm_kernelIN3c108BFloat16ELi8ELb1EEENSt9enable_ifIXaagtT0_Li0Esr4vllm12_typeConvertIT_EE6existsEvE4typeEPS4_lS7_PKS4_fiil--11,L2_cache_stats_breakdown[CHIPLET_ACC_W][TOTAL_ACCESS],,NA,\s+L2_cache_stats_breakdown\[CHIPLET_ACC_W\]\[TOTAL_ACCESS\]\s*=\s*(.*)
instance,llm_layer,layer,H100-SASS-Accelwattch_SASS_SIM,nvjet_sm90_tst_128x8_64x12_4x1_v_bz_TNT--4,L2_cache_stats_breakdown[CHIPLET_ACC_W][TOTAL_ACCESS],,NA,\s+L2_cache_stats_breakdown\[CHIPLET_ACC_W\]\[TOTAL_ACCESS\]\s*=\s*(.*)
instance,llm_layer,layer,H100-SASS-Accelwattch_SASS_SIM,_ZN4vllm18act_and_mul_kernelIN3c108BFloat16E14__nv_bfloat162XadL_ZNS_11silu_kernelIS2_EET_RKS5_fEEXadL_ZNS_18packed_silu_kernelIS3_EES5_S7_fEELb1ELb1ELb0ELb0EEEvPS5_PS6_ifff--5,L2_cache_stats_breakdown[CHIPLET_ACC_W][TOTAL_ACCESS],,NA,\s+L2_cache_stats_breakdown\[CHIPLET_ACC_W\]\[TOTAL_ACCESS\]\s*=\s*(.*)
instance,llm_layer,layer,H100-SASS-Accelwattch_SASS_SIM,nvjet_sm90_tst_64x8_64x16_4x1_v_bz_splitK_TNT--4,L2_cache_stats_breakdown[CHIPLET_ACC_W][TOTAL_ACCESS],,NA,\s+L2_cache_stats_breakdown\[CHIPLET_ACC_W\]\[TOTAL_ACCESS\]\s*=\s*(.*)
instance,llm_layer,layer,H100-SASS-Accelwattch_SASS_SIM,_ZN8cublasLt19splitKreduce_kernelILi32ELi16Eif13__nv_bfloat16fS1_Lb0EfS1_S1_Lb1ELb0ELb0ELb0EEEvNS_18cublasSplitKParamsIT4_EEPKT2_PKT8_PT7_PT3_PKS3_SG_PKT9_S7_PSH_PvlPS3_PiSM_SM_SG_SG_SG_SG_SG_--5,L2_cache_stats_breakdown[CHIPLET_ACC_W][TOTAL_ACCESS],,NA,\s+L2_cache_stats_breakdown\[CHIPLET_ACC_W\]\[TOTAL_ACCESS\]\s*=\s*(.*)
instance,llm_layer,layer,H100-SASS-Accelwattch_SASS_SIM,_ZN4vllm25fused_add_rms_norm_kernelIN3c108BFloat16ELi8ELb1EEENSt9enable_ifIXaagtT0_Li0Esr4vllm12_typeConvertIT_EE6existsEvE4typeEPS4_lS7_PKS4_fiil--12,L2_cache_stats_breakdown[CHIPLET_ACC_W][TOTAL_ACCESS],,NA,\s+L2_cache_stats_breakdown\[CHIPLET_ACC_W\]\[TOTAL_ACCESS\]\s*=\s*(.*)
instance,llm_layer,layer,H100-SASS-Accelwattch_SASS_SIM,nvjet_sm90_tst_64x8_64x16_4x1_v_bz_bias_TNT--5,L2_cache_stats_breakdown[CHIPLET_ACC_W][TOTAL_ACCESS],,NA,\s+L2_cache_stats_breakdown\[CHIPLET_ACC_W\]\[TOTAL_ACCESS\]\s*=\s*(.*)
instance,llm_layer,layer,H100-SASS-Accelwattch_SASS_SIM,_ZN4vllm23rotary_embedding_kernelIN3c108BFloat16ES2_Lb1EEEvPKlPT_S6_PKT0_illliiilb--6,L2_cache_stats_breakdown[CHIPLET_ACC_W][TOTAL_ACCESS],,NA,\s+L2_cache_stats_breakdown\[CHIPLET_ACC_W\]\[TOTAL_ACCESS\]\s*=\s*(.*)
instance,llm_layer,layer,H100-SASS-Accelwattch_SASS_SIM,_ZN4vllm30reshape_and_cache_flash_kernelI13__nv_bfloat16S1_LNS_18Fp8KVCacheDataTypeE0EEEvPKT_S5_PT0_S7_PKlllllliiiPKfSB_i--6,L2_cache_stats_breakdown[CHIPLET_ACC_W][TOTAL_ACCESS],,NA,\s+L2_cache_stats_breakdown\[CHIPLET_ACC_W\]\[TOTAL_ACCESS\]\s*=\s*(.*)
instance,llm_layer,layer,H100-SASS-Accelwattch_SASS_SIM,_ZN7cutlass13device_kernelIN5flash20enable_sm90_or_laterINS1_16FlashAttnFwdSm90INS1_25CollectiveMainloopFwdSm90ILi2EN4cute5tupleIJNS5_1CILi1EEES8_S8_EEENS6_IJNS7_ILi64EEENS7_ILi192EEESA_EEELi64ENS_10bfloat16_tEfNS_4arch4Sm90ELb0ELb0ELb0ELb1ELb1ELb0ELb0ELb1ELb1ELb1ELb0ELb0ESD_Li1EEENS1_21CollectiveEpilogueFwdINS6_IJSA_SA_SB_EEES9_SD_SF_Li128ELb1ELb1ELb0ELb0ELi1EEENS1_36VarlenDynamicPersistentTileSchedulerILi64ELi192ELi128ELi128ELb0ELb1ELb1ELb0ELb0ELb1EEEEEEEEEvNT_6ParamsE--5,L2_cache_stats_breakdown[CHIPLET_ACC_W][TOTAL_ACCESS],,NA,\s+L2_cache_stats_breakdown\[CHIPLET_ACC_W\]\[TOTAL_ACCESS\]\s*=\s*(.*)
instance,llm_layer,layer,H100-SASS-Accelwattch_SASS_SIM,_ZN2at6native29vectorized_elementwise_kernelILi4ENS0_11FillFunctorIiEESt5arrayIPcLm1EEEEviT0_T1_--6,L2_cache_stats_breakdown[CHIPLET_ACC_W][TOTAL_ACCESS],,NA,\s+L2_cache_stats_breakdown\[CHIPLET_ACC_W\]\[TOTAL_ACCESS\]\s*=\s*(.*)
instance,llm_layer,layer,H100-SASS-Accelwattch_SASS_SIM,nvjet_sm90_tst_64x8_64x16_4x1_v_bz_TNT--5,L2_cache_stats_breakdown[CHIPLET_ACC_W][TOTAL_ACCESS],,NA,\s+L2_cache_stats_breakdown\[CHIPLET_ACC_W\]\[TOTAL_ACCESS\]\s*=\s*(.*)
instance,llm_layer,layer,H100-SASS-Accelwattch_SASS_SIM,_ZN4vllm25fused_add_rms_norm_kernelIN3c108BFloat16ELi8ELb1EEENSt9enable_ifIXaagtT0_Li0Esr4vllm12_typeConvertIT_EE6existsEvE4typeEPS4_lS7_PKS4_fiil--13,L2_cache_stats_breakdown[CHIPLET_ACC_W][TOTAL_ACCESS],,NA,\s+L2_cache_stats_breakdown\[CHIPLET_ACC_W\]\[TOTAL_ACCESS\]\s*=\s*(.*)
instance,llm_layer,layer,H100-SASS-Accelwattch_SASS_SIM,nvjet_sm90_tst_128x8_64x12_4x1_v_bz_TNT--5,L2_cache_stats_breakdown[CHIPLET_ACC_W][TOTAL_ACCESS],,NA,\s+L2_cache_stats_breakdown\[CHIPLET_ACC_W\]\[TOTAL_ACCESS\]\s*=\s*(.*)
instance,llm_layer,layer,H100-SASS-Accelwattch_SASS_SIM,_ZN4vllm18act_and_mul_kernelIN3c108BFloat16E14__nv_bfloat162XadL_ZNS_11silu_kernelIS2_EET_RKS5_fEEXadL_ZNS_18packed_silu_kernelIS3_EES5_S7_fEELb1ELb1ELb0ELb0EEEvPS5_PS6_ifff--6,L2_cache_stats_breakdown[CHIPLET_ACC_W][TOTAL_ACCESS],,NA,\s+L2_cache_stats_breakdown\[CHIPLET_ACC_W\]\[TOTAL_ACCESS\]\s*=\s*(.*)
instance,llm_layer,layer,H100-SASS-Accelwattch_SASS_SIM,nvjet_sm90_tst_64x8_64x16_4x1_v_bz_splitK_TNT--5,L2_cache_stats_breakdown[CHIPLET_ACC_W][TOTAL_ACCESS],,NA,\s+L2_cache_stats_breakdown\[CHIPLET_ACC_W\]\[TOTAL_ACCESS\]\s*=\s*(.*)
instance,llm_layer,layer,H100-SASS-Accelwattch_SASS_SIM,_ZN8cublasLt19splitKreduce_kernelILi32ELi16Eif13__nv_bfloat16fS1_Lb0EfS1_S1_Lb1ELb0ELb0ELb0EEEvNS_18cublasSplitKParamsIT4_EEPKT2_PKT8_PT7_PT3_PKS3_SG_PKT9_S7_PSH_PvlPS3_PiSM_SM_SG_SG_SG_SG_SG_--6,L2_cache_stats_breakdown[CHIPLET_ACC_W][TOTAL_ACCESS],,NA,\s+L2_cache_stats_breakdown\[CHIPLET_ACC_W\]\[TOTAL_ACCESS\]\s*=\s*(.*)
instance,llm_layer,layer,H100-SASS-Accelwattch_SASS_SIM,_ZN4vllm25fused_add_rms_norm_kernelIN3c108BFloat16ELi8ELb1EEENSt9enable_ifIXaagtT0_Li0Esr4vllm12_typeConvertIT_EE6existsEvE4typeEPS4_lS7_PKS4_fiil--14,L2_cache_stats_breakdown[CHIPLET_ACC_W][TOTAL_ACCESS],,NA,\s+L2_cache_stats_breakdown\[CHIPLET_ACC_W\]\[TOTAL_ACCESS\]\s*=\s*(.*)
instance,llm_layer,layer,H100-SASS-Accelwattch_SASS_SIM,nvjet_sm90_tst_64x8_64x16_4x1_v_bz_bias_TNT--6,L2_cache_stats_breakdown[CHIPLET_ACC_W][TOTAL_ACCESS],,NA,\s+L2_cache_stats_breakdown\[CHIPLET_ACC_W\]\[TOTAL_ACCESS\]\s*=\s*(.*)
instance,llm_layer,layer,H100-SASS-Accelwattch_SASS_SIM,_ZN4vllm23rotary_embedding_kernelIN3c108BFloat16ES2_Lb1EEEvPKlPT_S6_PKT0_illliiilb--7,L2_cache_stats_breakdown[CHIPLET_ACC_W][TOTAL_ACCESS],,NA,\s+L2_cache_stats_breakdown\[CHIPLET_ACC_W\]\[TOTAL_ACCESS\]\s*=\s*(.*)
instance,llm_layer,layer,H100-SASS-Accelwattch_SASS_SIM,_ZN4vllm30reshape_and_cache_flash_kernelI13__nv_bfloat16S1_LNS_18Fp8KVCacheDataTypeE0EEEvPKT_S5_PT0_S7_PKlllllliiiPKfSB_i--7,L2_cache_stats_breakdown[CHIPLET_ACC_W][TOTAL_ACCESS],,NA,\s+L2_cache_stats_breakdown\[CHIPLET_ACC_W\]\[TOTAL_ACCESS\]\s*=\s*(.*)
instance,llm_layer,layer,H100-SASS-Accelwattch_SASS_SIM,_ZN7cutlass13device_kernelIN5flash20enable_sm90_or_laterINS1_16FlashAttnFwdSm90INS1_25CollectiveMainloopFwdSm90ILi2EN4cute5tupleIJNS5_1CILi1EEES8_S8_EEENS6_IJNS7_ILi64EEENS7_ILi192EEESA_EEELi64ENS_10bfloat16_tEfNS_4arch4Sm90ELb0ELb0ELb0ELb1ELb1ELb0ELb0ELb1ELb1ELb1ELb0ELb0ESD_Li1EEENS1_21CollectiveEpilogueFwdINS6_IJSA_SA_SB_EEES9_SD_SF_Li128ELb1ELb1ELb0ELb0ELi1EEENS1_36VarlenDynamicPersistentTileSchedulerILi64ELi192ELi128ELi128ELb0ELb1ELb1ELb0ELb0ELb1EEEEEEEEEvNT_6ParamsE--6,L2_cache_stats_breakdown[CHIPLET_ACC_W][TOTAL_ACCESS],,NA,\s+L2_cache_stats_breakdown\[CHIPLET_ACC_W\]\[TOTAL_ACCESS\]\s*=\s*(.*)
instance,llm_layer,layer,H100-SASS-Accelwattch_SASS_SIM,_ZN2at6native29vectorized_elementwise_kernelILi4ENS0_11FillFunctorIiEESt5arrayIPcLm1EEEEviT0_T1_--7,L2_cache_stats_breakdown[CHIPLET_ACC_W][TOTAL_ACCESS],,NA,\s+L2_cache_stats_breakdown\[CHIPLET_ACC_W\]\[TOTAL_ACCESS\]\s*=\s*(.*)
instance,llm_layer,layer,H100-SASS-Accelwattch_SASS_SIM,nvjet_sm90_tst_64x8_64x16_4x1_v_bz_TNT--6,L2_cache_stats_breakdown[CHIPLET_ACC_W][TOTAL_ACCESS],,NA,\s+L2_cache_stats_breakdown\[CHIPLET_ACC_W\]\[TOTAL_ACCESS\]\s*=\s*(.*)
instance,llm_layer,layer,H100-SASS-Accelwattch_SASS_SIM,_ZN4vllm25fused_add_rms_norm_kernelIN3c108BFloat16ELi8ELb1EEENSt9enable_ifIXaagtT0_Li0Esr4vllm12_typeConvertIT_EE6existsEvE4typeEPS4_lS7_PKS4_fiil--15,L2_cache_stats_breakdown[CHIPLET_ACC_W][TOTAL_ACCESS],,NA,\s+L2_cache_stats_breakdown\[CHIPLET_ACC_W\]\[TOTAL_ACCESS\]\s*=\s*(.*)
instance,llm_layer,layer,H100-SASS-Accelwattch_SASS_SIM,nvjet_sm90_tst_128x8_64x12_4x1_v_bz_TNT--6,L2_cache_stats_breakdown[CHIPLET_ACC_W][TOTAL_ACCESS],,NA,\s+L2_cache_stats_breakdown\[CHIPLET_ACC_W\]\[TOTAL_ACCESS\]\s*=\s*(.*)
instance,llm_layer,layer,H100-SASS-Accelwattch_SASS_SIM,_ZN4vllm18act_and_mul_kernelIN3c108BFloat16E14__nv_bfloat162XadL_ZNS_11silu_kernelIS2_EET_RKS5_fEEXadL_ZNS_18packed_silu_kernelIS3_EES5_S7_fEELb1ELb1ELb0ELb0EEEvPS5_PS6_ifff--7,L2_cache_stats_breakdown[CHIPLET_ACC_W][TOTAL_ACCESS],,NA,\s+L2_cache_stats_breakdown\[CHIPLET_ACC_W\]\[TOTAL_ACCESS\]\s*=\s*(.*)
instance,llm_layer,layer,H100-SASS-Accelwattch_SASS_SIM,nvjet_sm90_tst_64x8_64x16_4x1_v_bz_splitK_TNT--6,L2_cache_stats_breakdown[CHIPLET_ACC_W][TOTAL_ACCESS],,NA,\s+L2_cache_stats_breakdown\[CHIPLET_ACC_W\]\[TOTAL_ACCESS\]\s*=\s*(.*)
instance,llm_layer,layer,H100-SASS-Accelwattch_SASS_SIM,_ZN8cublasLt19splitKreduce_kernelILi32ELi16Eif13__nv_bfloat16fS1_Lb0EfS1_S1_Lb1ELb0ELb0ELb0EEEvNS_18cublasSplitKParamsIT4_EEPKT2_PKT8_PT7_PT3_PKS3_SG_PKT9_S7_PSH_PvlPS3_PiSM_SM_SG_SG_SG_SG_SG_--7,L2_cache_stats_breakdown[CHIPLET_ACC_W][TOTAL_ACCESS],,NA,\s+L2_cache_stats_breakdown\[CHIPLET_ACC_W\]\[TOTAL_ACCESS\]\s*=\s*(.*)
instance,llm_layer,layer,H100-SASS-Accelwattch_SASS_SIM,_ZN4vllm25fused_add_rms_norm_kernelIN3c108BFloat16ELi8ELb1EEENSt9enable_ifIXaagtT0_Li0Esr4vllm12_typeConvertIT_EE6existsEvE4typeEPS4_lS7_PKS4_fiil--0,Total_core_cache_stats_breakdown[GLOBAL_ACC_R][TOTAL_ACCESS],2800.0,2800.0,\s+Total_core_cache_stats_breakdown\[GLOBAL_ACC_R\]\[TOTAL_ACCESS\]\s*=\s*(.*)
instance,llm_layer,layer,H100-SASS-Accelwattch_SASS_SIM,nvjet_sm90_tst_64x8_64x16_4x2_h_bz_bias_TNT--0,Total_core_cache_stats_breakdown[GLOBAL_ACC_R][TOTAL_ACCESS],0.0,0.0,\s+Total_core_cache_stats_breakdown\[GLOBAL_ACC_R\]\[TOTAL_ACCESS\]\s*=\s*(.*)
instance,llm_layer,layer,H100-SASS-Accelwattch_SASS_SIM,_ZN4vllm23rotary_embedding_kernelIN3c108BFloat16ES2_Lb1EEEvPKlPT_S6_PKT0_illliiilb--0,Total_core_cache_stats_breakdown[GLOBAL_ACC_R][TOTAL_ACCESS],1420.0,1420.0,\s+Total_core_cache_stats_breakdown\[GLOBAL_ACC_R\]\[TOTAL_ACCESS\]\s*=\s*(.*)
instance,llm_layer,layer,H100-SASS-Accelwattch_SASS_SIM,_ZN4vllm30reshape_and_cache_flash_kernelI13__nv_bfloat16S1_LNS_18Fp8KVCacheDataTypeE0EEEvPKT_S5_PT0_S7_PKlllllliiiPKfSB_i--0,Total_core_cache_stats_breakdown[GLOBAL_ACC_R][TOTAL_ACCESS],200.0,200.0,\s+Total_core_cache_stats_breakdown\[GLOBAL_ACC_R\]\[TOTAL_ACCESS\]\s*=\s*(.*)
instance,llm_layer,layer,H100-SASS-Accelwattch_SASS_SIM,_ZN7cutlass13device_kernelIN5flash20enable_sm90_or_laterINS1_16FlashAttnFwdSm90INS1_25CollectiveMainloopFwdSm90ILi2EN4cute5tupleIJNS5_1CILi1EEES8_S8_EEENS6_IJNS7_ILi192EEENS7_ILi128EEENS7_ILi64EEEEEELi64ENS_10bfloat16_tEfNS_4arch4Sm90ELb1ELb0ELb0ELb1ELb1ELb0ELb0ELb1ELb1ELb1ELb0ELb0ESE_Li1EEENS1_21CollectiveEpilogueFwdINS6_IJSA_SC_SB_EEES9_SE_SG_Li384ELb1ELb1ELb0ELb0ELi1EEENS1_36VarlenDynamicPersistentTileSchedulerILi192ELi128ELi384ELi128ELb0ELb1ELb1ELb1ELb0ELb1EEEEEEEEEvNT_6ParamsE--0,Total_core_cache_stats_breakdown[GLOBAL_ACC_R][TOTAL_ACCESS],1836.0,1836.0,\s+Total_core_cache_stats_breakdown\[GLOBAL_ACC_R\]\[TOTAL_ACCESS\]\s*=\s*(.*)
instance,llm_layer,layer,H100-SASS-Accelwattch_SASS_SIM,_ZN2at6native29vectorized_elementwise_kernelILi4ENS0_11FillFunctorIiEESt5arrayIPcLm1EEEEviT0_T1_--0,Total_core_cache_stats_breakdown[GLOBAL_ACC_R][TOTAL_ACCESS],0.0,0.0,\s+Total_core_cache_stats_breakdown\[GLOBAL_ACC_R\]\[TOTAL_ACCESS\]\s*=\s*(.*)
instance,llm_layer,layer,H100-SASS-Accelwattch_SASS_SIM,nvjet_sm90_tst_64x8_64x16_4x2_h_bz_TNT--0,Total_core_cache_stats_breakdown[GLOBAL_ACC_R][TOTAL_ACCESS],0.0,0.0,\s+Total_core_cache_stats_breakdown\[GLOBAL_ACC_R\]\[TOTAL_ACCESS\]\s*=\s*(.*)
instance,llm_layer,layer,H100-SASS-Accelwattch_SASS_SIM,_ZN4vllm25fused_add_rms_norm_kernelIN3c108BFloat16ELi8ELb1EEENSt9enable_ifIXaagtT0_Li0Esr4vllm12_typeConvertIT_EE6existsEvE4typeEPS4_lS7_PKS4_fiil--1,Total_core_cache_stats_breakdown[GLOBAL_ACC_R][TOTAL_ACCESS],2800.0,2800.0,\s+Total_core_cache_stats_breakdown\[GLOBAL_ACC_R\]\[TOTAL_ACCESS\]\s*=\s*(.*)
instance,llm_layer,layer,H100-SASS-Accelwattch_SASS_SIM,nvjet_sm90_tst_128x16_64x11_4x1_v_bz_TNT--0,Total_core_cache_stats_breakdown[GLOBAL_ACC_R][TOTAL_ACCESS],0.0,0.0,\s+Total_core_cache_stats_breakdown\[GLOBAL_ACC_R\]\[TOTAL_ACCESS\]\s*=\s*(.*)
instance,llm_layer,layer,H100-SASS-Accelwattch_SASS_SIM,_ZN4vllm18act_and_mul_kernelIN3c108BFloat16E14__nv_bfloat162XadL_ZNS_11silu_kernelIS2_EET_RKS5_fEEXadL_ZNS_18packed_silu_kernelIS3_EES5_S7_fEELb1ELb1ELb0ELb0EEEvPS5_PS6_ifff--0,Total_core_cache_stats_breakdown[GLOBAL_ACC_R][TOTAL_ACCESS],6080.0,6080.0,\s+Total_core_cache_stats_breakdown\[GLOBAL_ACC_R\]\[TOTAL_ACCESS\]\s*=\s*(.*)
instance,llm_layer,layer,H100-SASS-Accelwattch_SASS_SIM,nvjet_sm90_tst_64x16_64x16_4x1_v_bz_splitK_TNT--0,Total_core_cache_stats_breakdown[GLOBAL_ACC_R][TOTAL_ACCESS],0.0,0.0,\s+Total_core_cache_stats_breakdown\[GLOBAL_ACC_R\]\[TOTAL_ACCESS\]\s*=\s*(.*)
instance,llm_layer,layer,H100-SASS-Accelwattch_SASS_SIM,_ZN8cublasLt19splitKreduce_kernelILi32ELi16Eif13__nv_bfloat16fS1_Lb0EfS1_S1_Lb1ELb0ELb0ELb0EEEvNS_18cublasSplitKParamsIT4_EEPKT2_PKT8_PT7_PT3_PKS3_SG_PKT9_S7_PSH_PvlPS3_PiSM_SM_SG_SG_SG_SG_SG_--0,Total_core_cache_stats_breakdown[GLOBAL_ACC_R][TOTAL_ACCESS],3360.0,3360.0,\s+Total_core_cache_stats_breakdown\[GLOBAL_ACC_R\]\[TOTAL_ACCESS\]\s*=\s*(.*)
instance,llm_layer,layer,H100-SASS-Accelwattch_SASS_SIM,_ZN4vllm25fused_add_rms_norm_kernelIN3c108BFloat16ELi8ELb1EEENSt9enable_ifIXaagtT0_Li0Esr4vllm12_typeConvertIT_EE6existsEvE4typeEPS4_lS7_PKS4_fiil--2,Total_core_cache_stats_breakdown[GLOBAL_ACC_R][TOTAL_ACCESS],280.0,280.0,\s+Total_core_cache_stats_breakdown\[GLOBAL_ACC_R\]\[TOTAL_ACCESS\]\s*=\s*(.*)
instance,llm_layer,layer,H100-SASS-Accelwattch_SASS_SIM,nvjet_sm90_tst_64x8_64x16_4x1_v_bz_bias_TNT--0,Total_core_cache_stats_breakdown[GLOBAL_ACC_R][TOTAL_ACCESS],0.0,0.0,\s+Total_core_cache_stats_breakdown\[GLOBAL_ACC_R\]\[TOTAL_ACCESS\]\s*=\s*(.*)
instance,llm_layer,layer,H100-SASS-Accelwattch_SASS_SIM,_ZN4vllm23rotary_embedding_kernelIN3c108BFloat16ES2_Lb1EEEvPKlPT_S6_PKT0_illliiilb--1,Total_core_cache_stats_breakdown[GLOBAL_ACC_R][TOTAL_ACCESS],142.0,142.0,\s+Total_core_cache_stats_breakdown\[GLOBAL_ACC_R\]\[TOTAL_ACCESS\]\s*=\s*(.*)
instance,llm_layer,layer,H100-SASS-Accelwattch_SASS_SIM,_ZN4vllm30reshape_and_cache_flash_kernelI13__nv_bfloat16S1_LNS_18Fp8KVCacheDataTypeE0EEEvPKT_S5_PT0_S7_PKlllllliiiPKfSB_i--1,Total_core_cache_stats_breakdown[GLOBAL_ACC_R][TOTAL_ACCESS],20.0,20.0,\s+Total_core_cache_stats_breakdown\[GLOBAL_ACC_R\]\[TOTAL_ACCESS\]\s*=\s*(.*)
instance,llm_layer,layer,H100-SASS-Accelwattch_SASS_SIM,_ZN7cutlass13device_kernelIN5flash20enable_sm90_or_laterINS1_16FlashAttnFwdSm90INS1_25CollectiveMainloopFwdSm90ILi2EN4cute5tupleIJNS5_1CILi1EEES8_S8_EEENS6_IJNS7_ILi64EEENS7_ILi192EEESA_EEELi64ENS_10bfloat16_tEfNS_4arch4Sm90ELb0ELb0ELb0ELb1ELb1ELb0ELb0ELb1ELb1ELb1ELb0ELb0ESD_Li1EEENS1_21CollectiveEpilogueFwdINS6_IJSA_SA_SB_EEES9_SD_SF_Li128ELb1ELb1ELb0ELb0ELi1EEENS1_36VarlenDynamicPersistentTileSchedulerILi64ELi192ELi128ELi128ELb0ELb1ELb1ELb0ELb0ELb1EEEEEEEEEvNT_6ParamsE--0,Total_core_cache_stats_breakdown[GLOBAL_ACC_R][TOTAL_ACCESS],698.0,698.0,\s+Total_core_cache_stats_breakdown\[GLOBAL_ACC_R\]\[TOTAL_ACCESS\]\s*=\s*(.*)
instance,llm_layer,layer,H100-SASS-Accelwattch_SASS_SIM,_ZN2at6native29vectorized_elementwise_kernelILi4ENS0_11FillFunctorIiEESt5arrayIPcLm1EEEEviT0_T1_--1,Total_core_cache_stats_breakdown[GLOBAL_ACC_R][TOTAL_ACCESS],0.0,0.0,\s+Total_core_cache_stats_breakdown\[GLOBAL_ACC_R\]\[TOTAL_ACCESS\]\s*=\s*(.*)
instance,llm_layer,layer,H100-SASS-Accelwattch_SASS_SIM,nvjet_sm90_tst_64x8_64x16_4x1_v_bz_TNT--0,Total_core_cache_stats_breakdown[GLOBAL_ACC_R][TOTAL_ACCESS],0.0,0.0,\s+Total_core_cache_stats_breakdown\[GLOBAL_ACC_R\]\[TOTAL_ACCESS\]\s*=\s*(.*)
instance,llm_layer,layer,H100-SASS-Accelwattch_SASS_SIM,_ZN4vllm25fused_add_rms_norm_kernelIN3c108BFloat16ELi8ELb1EEENSt9enable_ifIXaagtT0_Li0Esr4vllm12_typeConvertIT_EE6existsEvE4typeEPS4_lS7_PKS4_fiil--3,Total_core_cache_stats_breakdown[GLOBAL_ACC_R][TOTAL_ACCESS],280.0,280.0,\s+Total_core_cache_stats_breakdown\[GLOBAL_ACC_R\]\[TOTAL_ACCESS\]\s*=\s*(.*)
instance,llm_layer,layer,H100-SASS-Accelwattch_SASS_SIM,nvjet_sm90_tst_128x8_64x12_4x1_v_bz_TNT--0,Total_core_cache_stats_breakdown[GLOBAL_ACC_R][TOTAL_ACCESS],0.0,0.0,\s+Total_core_cache_stats_breakdown\[GLOBAL_ACC_R\]\[TOTAL_ACCESS\]\s*=\s*(.*)
instance,llm_layer,layer,H100-SASS-Accelwattch_SASS_SIM,_ZN4vllm18act_and_mul_kernelIN3c108BFloat16E14__nv_bfloat162XadL_ZNS_11silu_kernelIS2_EET_RKS5_fEEXadL_ZNS_18packed_silu_kernelIS3_EES5_S7_fEELb1ELb1ELb0ELb0EEEvPS5_PS6_ifff--1,Total_core_cache_stats_breakdown[GLOBAL_ACC_R][TOTAL_ACCESS],608.0,608.0,\s+Total_core_cache_stats_breakdown\[GLOBAL_ACC_R\]\[TOTAL_ACCESS\]\s*=\s*(.*)
instance,llm_layer,layer,H100-SASS-Accelwattch_SASS_SIM,nvjet_sm90_tst_64x8_64x16_4x1_v_bz_splitK_TNT--0,Total_core_cache_stats_breakdown[GLOBAL_ACC_R][TOTAL_ACCESS],0.0,0.0,\s+Total_core_cache_stats_breakdown\[GLOBAL_ACC_R\]\[TOTAL_ACCESS\]\s*=\s*(.*)
instance,llm_layer,layer,H100-SASS-Accelwattch_SASS_SIM,_ZN8cublasLt19splitKreduce_kernelILi32ELi16Eif13__nv_bfloat16fS1_Lb0EfS1_S1_Lb1ELb0ELb0ELb0EEEvNS_18cublasSplitKParamsIT4_EEPKT2_PKT8_PT7_PT3_PKS3_SG_PKT9_S7_PSH_PvlPS3_PiSM_SM_SG_SG_SG_SG_SG_--1,Total_core_cache_stats_breakdown[GLOBAL_ACC_R][TOTAL_ACCESS],336.0,336.0,\s+Total_core_cache_stats_breakdown\[GLOBAL_ACC_R\]\[TOTAL_ACCESS\]\s*=\s*(.*)
instance,llm_layer,layer,H100-SASS-Accelwattch_SASS_SIM,_ZN4vllm25fused_add_rms_norm_kernelIN3c108BFloat16ELi8ELb1EEENSt9enable_ifIXaagtT0_Li0Esr4vllm12_typeConvertIT_EE6existsEvE4typeEPS4_lS7_PKS4_fiil--4,Total_core_cache_stats_breakdown[GLOBAL_ACC_R][TOTAL_ACCESS],280.0,280.0,\s+Total_core_cache_stats_breakdown\[GLOBAL_ACC_R\]\[TOTAL_ACCESS\]\s*=\s*(.*)
instance,llm_layer,layer,H100-SASS-Accelwattch_SASS_SIM,nvjet_sm90_tst_64x8_64x16_4x1_v_bz_bias_TNT--1,Total_core_cache_stats_breakdown[GLOBAL_ACC_R][TOTAL_ACCESS],0.0,0.0,\s+Total_core_cache_stats_breakdown\[GLOBAL_ACC_R\]\[TOTAL_ACCESS\]\s*=\s*(.*)
instance,llm_layer,layer,H100-SASS-Accelwattch_SASS_SIM,_ZN4vllm23rotary_embedding_kernelIN3c108BFloat16ES2_Lb1EEEvPKlPT_S6_PKT0_illliiilb--2,Total_core_cache_stats_breakdown[GLOBAL_ACC_R][TOTAL_ACCESS],142.0,142.0,\s+Total_core_cache_stats_breakdown\[GLOBAL_ACC_R\]\[TOTAL_ACCESS\]\s*=\s*(.*)
instance,llm_layer,layer,H100-SASS-Accelwattch_SASS_SIM,_ZN4vllm30reshape_and_cache_flash_kernelI13__nv_bfloat16S1_LNS_18Fp8KVCacheDataTypeE0EEEvPKT_S5_PT0_S7_PKlllllliiiPKfSB_i--2,Total_core_cache_stats_breakdown[GLOBAL_ACC_R][TOTAL_ACCESS],20.0,20.0,\s+Total_core_cache_stats_breakdown\[GLOBAL_ACC_R\]\[TOTAL_ACCESS\]\s*=\s*(.*)
instance,llm_layer,layer,H100-SASS-Accelwattch_SASS_SIM,_ZN7cutlass13device_kernelIN5flash20enable_sm90_or_laterINS1_16FlashAttnFwdSm90INS1_25CollectiveMainloopFwdSm90ILi2EN4cute5tupleIJNS5_1CILi1EEES8_S8_EEENS6_IJNS7_ILi64EEENS7_ILi192EEESA_EEELi64ENS_10bfloat16_tEfNS_4arch4Sm90ELb0ELb0ELb0ELb1ELb1ELb0ELb0ELb1ELb1ELb1ELb0ELb0ESD_Li1EEENS1_21CollectiveEpilogueFwdINS6_IJSA_SA_SB_EEES9_SD_SF_Li128ELb1ELb1ELb0ELb0ELi1EEENS1_36VarlenDynamicPersistentTileSchedulerILi64ELi192ELi128ELi128ELb0ELb1ELb1ELb0ELb0ELb1EEEEEEEEEvNT_6ParamsE--1,Total_core_cache_stats_breakdown[GLOBAL_ACC_R][TOTAL_ACCESS],698.0,698.0,\s+Total_core_cache_stats_breakdown\[GLOBAL_ACC_R\]\[TOTAL_ACCESS\]\s*=\s*(.*)
instance,llm_layer,layer,H100-SASS-Accelwattch_SASS_SIM,_ZN2at6native29vectorized_elementwise_kernelILi4ENS0_11FillFunctorIiEESt5arrayIPcLm1EEEEviT0_T1_--2,Total_core_cache_stats_breakdown[GLOBAL_ACC_R][TOTAL_ACCESS],0.0,0.0,\s+Total_core_cache_stats_breakdown\[GLOBAL_ACC_R\]\[TOTAL_ACCESS\]\s*=\s*(.*)
instance,llm_layer,layer,H100-SASS-Accelwattch_SASS_SIM,nvjet_sm90_tst_64x8_64x16_4x1_v_bz_TNT--1,Total_core_cache_stats_breakdown[GLOBAL_ACC_R][TOTAL_ACCESS],0.0,0.0,\s+Total_core_cache_stats_breakdown\[GLOBAL_ACC_R\]\[TOTAL_ACCESS\]\s*=\s*(.*)
instance,llm_layer,layer,H100-SASS-Accelwattch_SASS_SIM,_ZN4vllm25fused_add_rms_norm_kernelIN3c108BFloat16ELi8ELb1EEENSt9enable_ifIXaagtT0_Li0Esr4vllm12_typeConvertIT_EE6existsEvE4typeEPS4_lS7_PKS4_fiil--5,Total_core_cache_stats_breakdown[GLOBAL_ACC_R][TOTAL_ACCESS],280.0,280.0,\s+Total_core_cache_stats_breakdown\[GLOBAL_ACC_R\]\[TOTAL_ACCESS\]\s*=\s*(.*)
instance,llm_layer,layer,H100-SASS-Accelwattch_SASS_SIM,nvjet_sm90_tst_128x8_64x12_4x1_v_bz_TNT--1,Total_core_cache_stats_breakdown[GLOBAL_ACC_R][TOTAL_ACCESS],0.0,0.0,\s+Total_core_cache_stats_breakdown\[GLOBAL_ACC_R\]\[TOTAL_ACCESS\]\s*=\s*(.*)
instance,llm_layer,layer,H100-SASS-Accelwattch_SASS_SIM,_ZN4vllm18act_and_mul_kernelIN3c108BFloat16E14__nv_bfloat162XadL_ZNS_11silu_kernelIS2_EET_RKS5_fEEXadL_ZNS_18packed_silu_kernelIS3_EES5_S7_fEELb1ELb1ELb0ELb0EEEvPS5_PS6_ifff--2,Total_core_cache_stats_breakdown[GLOBAL_ACC_R][TOTAL_ACCESS],608.0,608.0,\s+Total_core_cache_stats_breakdown\[GLOBAL_ACC_R\]\[TOTAL_ACCESS\]\s*=\s*(.*)
instance,llm_layer,layer,H100-SASS-Accelwattch_SASS_SIM,nvjet_sm90_tst_64x8_64x16_4x1_v_bz_splitK_TNT--1,Total_core_cache_stats_breakdown[GLOBAL_ACC_R][TOTAL_ACCESS],0.0,0.0,\s+Total_core_cache_stats_breakdown\[GLOBAL_ACC_R\]\[TOTAL_ACCESS\]\s*=\s*(.*)
instance,llm_layer,layer,H100-SASS-Accelwattch_SASS_SIM,_ZN8cublasLt19splitKreduce_kernelILi32ELi16Eif13__nv_bfloat16fS1_Lb0EfS1_S1_Lb1ELb0ELb0ELb0EEEvNS_18cublasSplitKParamsIT4_EEPKT2_PKT8_PT7_PT3_PKS3_SG_PKT9_S7_PSH_PvlPS3_PiSM_SM_SG_SG_SG_SG_SG_--2,Total_core_cache_stats_breakdown[GLOBAL_ACC_R][TOTAL_ACCESS],336.0,336.0,\s+Total_core_cache_stats_breakdown\[GLOBAL_ACC_R\]\[TOTAL_ACCESS\]\s*=\s*(.*)
instance,llm_layer,layer,H100-SASS-Accelwattch_SASS_SIM,_ZN4vllm25fused_add_rms_norm_kernelIN3c108BFloat16ELi8ELb1EEENSt9enable_ifIXaagtT0_Li0Esr4vllm12_typeConvertIT_EE6existsEvE4typeEPS4_lS7_PKS4_fiil--6,Total_core_cache_stats_breakdown[GLOBAL_ACC_R][TOTAL_ACCESS],280.0,280.0,\s+Total_core_cache_stats_breakdown\[GLOBAL_ACC_R\]\[TOTAL_ACCESS\]\s*=\s*(.*)
instance,llm_layer,layer,H100-SASS-Accelwattch_SASS_SIM,nvjet_sm90_tst_64x8_64x16_4x1_v_bz_bias_TNT--2,Total_core_cache_stats_breakdown[GLOBAL_ACC_R][TOTAL_ACCESS],0.0,0.0,\s+Total_core_cache_stats_breakdown\[GLOBAL_ACC_R\]\[TOTAL_ACCESS\]\s*=\s*(.*)
instance,llm_layer,layer,H100-SASS-Accelwattch_SASS_SIM,_ZN4vllm23rotary_embedding_kernelIN3c108BFloat16ES2_Lb1EEEvPKlPT_S6_PKT0_illliiilb--3,Total_core_cache_stats_breakdown[GLOBAL_ACC_R][TOTAL_ACCESS],142.0,142.0,\s+Total_core_cache_stats_breakdown\[GLOBAL_ACC_R\]\[TOTAL_ACCESS\]\s*=\s*(.*)
instance,llm_layer,layer,H100-SASS-Accelwattch_SASS_SIM,_ZN4vllm30reshape_and_cache_flash_kernelI13__nv_bfloat16S1_LNS_18Fp8KVCacheDataTypeE0EEEvPKT_S5_PT0_S7_PKlllllliiiPKfSB_i--3,Total_core_cache_stats_breakdown[GLOBAL_ACC_R][TOTAL_ACCESS],20.0,20.0,\s+Total_core_cache_stats_breakdown\[GLOBAL_ACC_R\]\[TOTAL_ACCESS\]\s*=\s*(.*)
instance,llm_layer,layer,H100-SASS-Accelwattch_SASS_SIM,_ZN7cutlass13device_kernelIN5flash20enable_sm90_or_laterINS1_16FlashAttnFwdSm90INS1_25CollectiveMainloopFwdSm90ILi2EN4cute5tupleIJNS5_1CILi1EEES8_S8_EEENS6_IJNS7_ILi64EEENS7_ILi192EEESA_EEELi64ENS_10bfloat16_tEfNS_4arch4Sm90ELb0ELb0ELb0ELb1ELb1ELb0ELb0ELb1ELb1ELb1ELb0ELb0ESD_Li1EEENS1_21CollectiveEpilogueFwdINS6_IJSA_SA_SB_EEES9_SD_SF_Li128ELb1ELb1ELb0ELb0ELi1EEENS1_36VarlenDynamicPersistentTileSchedulerILi64ELi192ELi128ELi128ELb0ELb1ELb1ELb0ELb0ELb1EEEEEEEEEvNT_6ParamsE--2,Total_core_cache_stats_breakdown[GLOBAL_ACC_R][TOTAL_ACCESS],700.0,700.0,\s+Total_core_cache_stats_breakdown\[GLOBAL_ACC_R\]\[TOTAL_ACCESS\]\s*=\s*(.*)
instance,llm_layer,layer,H100-SASS-Accelwattch_SASS_SIM,_ZN2at6native29vectorized_elementwise_kernelILi4ENS0_11FillFunctorIiEESt5arrayIPcLm1EEEEviT0_T1_--3,Total_core_cache_stats_breakdown[GLOBAL_ACC_R][TOTAL_ACCESS],0.0,0.0,\s+Total_core_cache_stats_breakdown\[GLOBAL_ACC_R\]\[TOTAL_ACCESS\]\s*=\s*(.*)
instance,llm_layer,layer,H100-SASS-Accelwattch_SASS_SIM,nvjet_sm90_tst_64x8_64x16_4x1_v_bz_TNT--2,Total_core_cache_stats_breakdown[GLOBAL_ACC_R][TOTAL_ACCESS],0.0,0.0,\s+Total_core_cache_stats_breakdown\[GLOBAL_ACC_R\]\[TOTAL_ACCESS\]\s*=\s*(.*)
instance,llm_layer,layer,H100-SASS-Accelwattch_SASS_SIM,_ZN4vllm25fused_add_rms_norm_kernelIN3c108BFloat16ELi8ELb1EEENSt9enable_ifIXaagtT0_Li0Esr4vllm12_typeConvertIT_EE6existsEvE4typeEPS4_lS7_PKS4_fiil--7,Total_core_cache_stats_breakdown[GLOBAL_ACC_R][TOTAL_ACCESS],280.0,280.0,\s+Total_core_cache_stats_breakdown\[GLOBAL_ACC_R\]\[TOTAL_ACCESS\]\s*=\s*(.*)
instance,llm_layer,layer,H100-SASS-Accelwattch_SASS_SIM,nvjet_sm90_tst_128x8_64x12_4x1_v_bz_TNT--2,Total_core_cache_stats_breakdown[GLOBAL_ACC_R][TOTAL_ACCESS],0.0,0.0,\s+Total_core_cache_stats_breakdown\[GLOBAL_ACC_R\]\[TOTAL_ACCESS\]\s*=\s*(.*)
instance,llm_layer,layer,H100-SASS-Accelwattch_SASS_SIM,_ZN4vllm18act_and_mul_kernelIN3c108BFloat16E14__nv_bfloat162XadL_ZNS_11silu_kernelIS2_EET_RKS5_fEEXadL_ZNS_18packed_silu_kernelIS3_EES5_S7_fEELb1ELb1ELb0ELb0EEEvPS5_PS6_ifff--3,Total_core_cache_stats_breakdown[GLOBAL_ACC_R][TOTAL_ACCESS],608.0,608.0,\s+Total_core_cache_stats_breakdown\[GLOBAL_ACC_R\]\[TOTAL_ACCESS\]\s*=\s*(.*)
instance,llm_layer,layer,H100-SASS-Accelwattch_SASS_SIM,nvjet_sm90_tst_64x8_64x16_4x1_v_bz_splitK_TNT--2,Total_core_cache_stats_breakdown[GLOBAL_ACC_R][TOTAL_ACCESS],0.0,0.0,\s+Total_core_cache_stats_breakdown\[GLOBAL_ACC_R\]\[TOTAL_ACCESS\]\s*=\s*(.*)
instance,llm_layer,layer,H100-SASS-Accelwattch_SASS_SIM,_ZN8cublasLt19splitKreduce_kernelILi32ELi16Eif13__nv_bfloat16fS1_Lb0EfS1_S1_Lb1ELb0ELb0ELb0EEEvNS_18cublasSplitKParamsIT4_EEPKT2_PKT8_PT7_PT3_PKS3_SG_PKT9_S7_PSH_PvlPS3_PiSM_SM_SG_SG_SG_SG_SG_--3,Total_core_cache_stats_breakdown[GLOBAL_ACC_R][TOTAL_ACCESS],336.0,336.0,\s+Total_core_cache_stats_breakdown\[GLOBAL_ACC_R\]\[TOTAL_ACCESS\]\s*=\s*(.*)
instance,llm_layer,layer,H100-SASS-Accelwattch_SASS_SIM,_ZN4vllm25fused_add_rms_norm_kernelIN3c108BFloat16ELi8ELb1EEENSt9enable_ifIXaagtT0_Li0Esr4vllm12_typeConvertIT_EE6existsEvE4typeEPS4_lS7_PKS4_fiil--8,Total_core_cache_stats_breakdown[GLOBAL_ACC_R][TOTAL_ACCESS],280.0,280.0,\s+Total_core_cache_stats_breakdown\[GLOBAL_ACC_R\]\[TOTAL_ACCESS\]\s*=\s*(.*)
instance,llm_layer,layer,H100-SASS-Accelwattch_SASS_SIM,nvjet_sm90_tst_64x8_64x16_4x1_v_bz_bias_TNT--3,Total_core_cache_stats_breakdown[GLOBAL_ACC_R][TOTAL_ACCESS],0.0,0.0,\s+Total_core_cache_stats_breakdown\[GLOBAL_ACC_R\]\[TOTAL_ACCESS\]\s*=\s*(.*)
instance,llm_layer,layer,H100-SASS-Accelwattch_SASS_SIM,_ZN4vllm23rotary_embedding_kernelIN3c108BFloat16ES2_Lb1EEEvPKlPT_S6_PKT0_illliiilb--4,Total_core_cache_stats_breakdown[GLOBAL_ACC_R][TOTAL_ACCESS],142.0,142.0,\s+Total_core_cache_stats_breakdown\[GLOBAL_ACC_R\]\[TOTAL_ACCESS\]\s*=\s*(.*)
instance,llm_layer,layer,H100-SASS-Accelwattch_SASS_SIM,_ZN4vllm30reshape_and_cache_flash_kernelI13__nv_bfloat16S1_LNS_18Fp8KVCacheDataTypeE0EEEvPKT_S5_PT0_S7_PKlllllliiiPKfSB_i--4,Total_core_cache_stats_breakdown[GLOBAL_ACC_R][TOTAL_ACCESS],20.0,20.0,\s+Total_core_cache_stats_breakdown\[GLOBAL_ACC_R\]\[TOTAL_ACCESS\]\s*=\s*(.*)
instance,llm_layer,layer,H100-SASS-Accelwattch_SASS_SIM,_ZN7cutlass13device_kernelIN5flash20enable_sm90_or_laterINS1_16FlashAttnFwdSm90INS1_25CollectiveMainloopFwdSm90ILi2EN4cute5tupleIJNS5_1CILi1EEES8_S8_EEENS6_IJNS7_ILi64EEENS7_ILi192EEESA_EEELi64ENS_10bfloat16_tEfNS_4arch4Sm90ELb0ELb0ELb0ELb1ELb1ELb0ELb0ELb1ELb1ELb1ELb0ELb0ESD_Li1EEENS1_21CollectiveEpilogueFwdINS6_IJSA_SA_SB_EEES9_SD_SF_Li128ELb1ELb1ELb0ELb0ELi1EEENS1_36VarlenDynamicPersistentTileSchedulerILi64ELi192ELi128ELi128ELb0ELb1ELb1ELb0ELb0ELb1EEEEEEEEEvNT_6ParamsE--3,Total_core_cache_stats_breakdown[GLOBAL_ACC_R][TOTAL_ACCESS],700.0,700.0,\s+Total_core_cache_stats_breakdown\[GLOBAL_ACC_R\]\[TOTAL_ACCESS\]\s*=\s*(.*)
instance,llm_layer,layer,H100-SASS-Accelwattch_SASS_SIM,_ZN2at6native29vectorized_elementwise_kernelILi4ENS0_11FillFunctorIiEESt5arrayIPcLm1EEEEviT0_T1_--4,Total_core_cache_stats_breakdown[GLOBAL_ACC_R][TOTAL_ACCESS],0.0,0.0,\s+Total_core_cache_stats_breakdown\[GLOBAL_ACC_R\]\[TOTAL_ACCESS\]\s*=\s*(.*)
instance,llm_layer,layer,H100-SASS-Accelwattch_SASS_SIM,nvjet_sm90_tst_64x8_64x16_4x1_v_bz_TNT--3,Total_core_cache_stats_breakdown[GLOBAL_ACC_R][TOTAL_ACCESS],0.0,0.0,\s+Total_core_cache_stats_breakdown\[GLOBAL_ACC_R\]\[TOTAL_ACCESS\]\s*=\s*(.*)
instance,llm_layer,layer,H100-SASS-Accelwattch_SASS_SIM,_ZN4vllm25fused_add_rms_norm_kernelIN3c108BFloat16ELi8ELb1EEENSt9enable_ifIXaagtT0_Li0Esr4vllm12_typeConvertIT_EE6existsEvE4typeEPS4_lS7_PKS4_fiil--9,Total_core_cache_stats_breakdown[GLOBAL_ACC_R][TOTAL_ACCESS],280.0,280.0,\s+Total_core_cache_stats_breakdown\[GLOBAL_ACC_R\]\[TOTAL_ACCESS\]\s*=\s*(.*)
instance,llm_layer,layer,H100-SASS-Accelwattch_SASS_SIM,nvjet_sm90_tst_128x8_64x12_4x1_v_bz_TNT--3,Total_core_cache_stats_breakdown[GLOBAL_ACC_R][TOTAL_ACCESS],0.0,0.0,\s+Total_core_cache_stats_breakdown\[GLOBAL_ACC_R\]\[TOTAL_ACCESS\]\s*=\s*(.*)
instance,llm_layer,layer,H100-SASS-Accelwattch_SASS_SIM,_ZN4vllm18act_and_mul_kernelIN3c108BFloat16E14__nv_bfloat162XadL_ZNS_11silu_kernelIS2_EET_RKS5_fEEXadL_ZNS_18packed_silu_kernelIS3_EES5_S7_fEELb1ELb1ELb0ELb0EEEvPS5_PS6_ifff--4,Total_core_cache_stats_breakdown[GLOBAL_ACC_R][TOTAL_ACCESS],608.0,608.0,\s+Total_core_cache_stats_breakdown\[GLOBAL_ACC_R\]\[TOTAL_ACCESS\]\s*=\s*(.*)
instance,llm_layer,layer,H100-SASS-Accelwattch_SASS_SIM,nvjet_sm90_tst_64x8_64x16_4x1_v_bz_splitK_TNT--3,Total_core_cache_stats_breakdown[GLOBAL_ACC_R][TOTAL_ACCESS],0.0,0.0,\s+Total_core_cache_stats_breakdown\[GLOBAL_ACC_R\]\[TOTAL_ACCESS\]\s*=\s*(.*)
instance,llm_layer,layer,H100-SASS-Accelwattch_SASS_SIM,_ZN8cublasLt19splitKreduce_kernelILi32ELi16Eif13__nv_bfloat16fS1_Lb0EfS1_S1_Lb1ELb0ELb0ELb0EEEvNS_18cublasSplitKParamsIT4_EEPKT2_PKT8_PT7_PT3_PKS3_SG_PKT9_S7_PSH_PvlPS3_PiSM_SM_SG_SG_SG_SG_SG_--4,Total_core_cache_stats_breakdown[GLOBAL_ACC_R][TOTAL_ACCESS],336.0,336.0,\s+Total_core_cache_stats_breakdown\[GLOBAL_ACC_R\]\[TOTAL_ACCESS\]\s*=\s*(.*)
instance,llm_layer,layer,H100-SASS-Accelwattch_SASS_SIM,_ZN4vllm25fused_add_rms_norm_kernelIN3c108BFloat16ELi8ELb1EEENSt9enable_ifIXaagtT0_Li0Esr4vllm12_typeConvertIT_EE6existsEvE4typeEPS4_lS7_PKS4_fiil--10,Total_core_cache_stats_breakdown[GLOBAL_ACC_R][TOTAL_ACCESS],280.0,280.0,\s+Total_core_cache_stats_breakdown\[GLOBAL_ACC_R\]\[TOTAL_ACCESS\]\s*=\s*(.*)
instance,llm_layer,layer,H100-SASS-Accelwattch_SASS_SIM,nvjet_sm90_tst_64x8_64x16_4x1_v_bz_bias_TNT--4,Total_core_cache_stats_breakdown[GLOBAL_ACC_R][TOTAL_ACCESS],0.0,0.0,\s+Total_core_cache_stats_breakdown\[GLOBAL_ACC_R\]\[TOTAL_ACCESS\]\s*=\s*(.*)
instance,llm_layer,layer,H100-SASS-Accelwattch_SASS_SIM,_ZN4vllm23rotary_embedding_kernelIN3c108BFloat16ES2_Lb1EEEvPKlPT_S6_PKT0_illliiilb--5,Total_core_cache_stats_breakdown[GLOBAL_ACC_R][TOTAL_ACCESS],142.0,142.0,\s+Total_core_cache_stats_breakdown\[GLOBAL_ACC_R\]\[TOTAL_ACCESS\]\s*=\s*(.*)
instance,llm_layer,layer,H100-SASS-Accelwattch_SASS_SIM,_ZN4vllm30reshape_and_cache_flash_kernelI13__nv_bfloat16S1_LNS_18Fp8KVCacheDataTypeE0EEEvPKT_S5_PT0_S7_PKlllllliiiPKfSB_i--5,Total_core_cache_stats_breakdown[GLOBAL_ACC_R][TOTAL_ACCESS],20.0,20.0,\s+Total_core_cache_stats_breakdown\[GLOBAL_ACC_R\]\[TOTAL_ACCESS\]\s*=\s*(.*)
instance,llm_layer,layer,H100-SASS-Accelwattch_SASS_SIM,_ZN7cutlass13device_kernelIN5flash20enable_sm90_or_laterINS1_16FlashAttnFwdSm90INS1_25CollectiveMainloopFwdSm90ILi2EN4cute5tupleIJNS5_1CILi1EEES8_S8_EEENS6_IJNS7_ILi64EEENS7_ILi192EEESA_EEELi64ENS_10bfloat16_tEfNS_4arch4Sm90ELb0ELb0ELb0ELb1ELb1ELb0ELb0ELb1ELb1ELb1ELb0ELb0ESD_Li1EEENS1_21CollectiveEpilogueFwdINS6_IJSA_SA_SB_EEES9_SD_SF_Li128ELb1ELb1ELb0ELb0ELi1EEENS1_36VarlenDynamicPersistentTileSchedulerILi64ELi192ELi128ELi128ELb0ELb1ELb1ELb0ELb0ELb1EEEEEEEEEvNT_6ParamsE--4,Total_core_cache_stats_breakdown[GLOBAL_ACC_R][TOTAL_ACCESS],700.0,700.0,\s+Total_core_cache_stats_breakdown\[GLOBAL_ACC_R\]\[TOTAL_ACCESS\]\s*=\s*(.*)
instance,llm_layer,layer,H100-SASS-Accelwattch_SASS_SIM,_ZN2at6native29vectorized_elementwise_kernelILi4ENS0_11FillFunctorIiEESt5arrayIPcLm1EEEEviT0_T1_--5,Total_core_cache_stats_breakdown[GLOBAL_ACC_R][TOTAL_ACCESS],0.0,0.0,\s+Total_core_cache_stats_breakdown\[GLOBAL_ACC_R\]\[TOTAL_ACCESS\]\s*=\s*(.*)
instance,llm_layer,layer,H100-SASS-Accelwattch_SASS_SIM,nvjet_sm90_tst_64x8_64x16_4x1_v_bz_TNT--4,Total_core_cache_stats_breakdown[GLOBAL_ACC_R][TOTAL_ACCESS],0.0,0.0,\s+Total_core_cache_stats_breakdown\[GLOBAL_ACC_R\]\[TOTAL_ACCESS\]\s*=\s*(.*)
instance,llm_layer,layer,H100-SASS-Accelwattch_SASS_SIM,_ZN4vllm25fused_add_rms_norm_kernelIN3c108BFloat16ELi8ELb1EEENSt9enable_ifIXaagtT0_Li0Esr4vllm12_typeConvertIT_EE6existsEvE4typeEPS4_lS7_PKS4_fiil--11,Total_core_cache_stats_breakdown[GLOBAL_ACC_R][TOTAL_ACCESS],280.0,280.0,\s+Total_core_cache_stats_breakdown\[GLOBAL_ACC_R\]\[TOTAL_ACCESS\]\s*=\s*(.*)
instance,llm_layer,layer,H100-SASS-Accelwattch_SASS_SIM,nvjet_sm90_tst_128x8_64x12_4x1_v_bz_TNT--4,Total_core_cache_stats_breakdown[GLOBAL_ACC_R][TOTAL_ACCESS],0.0,0.0,\s+Total_core_cache_stats_breakdown\[GLOBAL_ACC_R\]\[TOTAL_ACCESS\]\s*=\s*(.*)
instance,llm_layer,layer,H100-SASS-Accelwattch_SASS_SIM,_ZN4vllm18act_and_mul_kernelIN3c108BFloat16E14__nv_bfloat162XadL_ZNS_11silu_kernelIS2_EET_RKS5_fEEXadL_ZNS_18packed_silu_kernelIS3_EES5_S7_fEELb1ELb1ELb0ELb0EEEvPS5_PS6_ifff--5,Total_core_cache_stats_breakdown[GLOBAL_ACC_R][TOTAL_ACCESS],608.0,608.0,\s+Total_core_cache_stats_breakdown\[GLOBAL_ACC_R\]\[TOTAL_ACCESS\]\s*=\s*(.*)
instance,llm_layer,layer,H100-SASS-Accelwattch_SASS_SIM,nvjet_sm90_tst_64x8_64x16_4x1_v_bz_splitK_TNT--4,Total_core_cache_stats_breakdown[GLOBAL_ACC_R][TOTAL_ACCESS],0.0,0.0,\s+Total_core_cache_stats_breakdown\[GLOBAL_ACC_R\]\[TOTAL_ACCESS\]\s*=\s*(.*)
instance,llm_layer,layer,H100-SASS-Accelwattch_SASS_SIM,_ZN8cublasLt19splitKreduce_kernelILi32ELi16Eif13__nv_bfloat16fS1_Lb0EfS1_S1_Lb1ELb0ELb0ELb0EEEvNS_18cublasSplitKParamsIT4_EEPKT2_PKT8_PT7_PT3_PKS3_SG_PKT9_S7_PSH_PvlPS3_PiSM_SM_SG_SG_SG_SG_SG_--5,Total_core_cache_stats_breakdown[GLOBAL_ACC_R][TOTAL_ACCESS],336.0,336.0,\s+Total_core_cache_stats_breakdown\[GLOBAL_ACC_R\]\[TOTAL_ACCESS\]\s*=\s*(.*)
instance,llm_layer,layer,H100-SASS-Accelwattch_SASS_SIM,_ZN4vllm25fused_add_rms_norm_kernelIN3c108BFloat16ELi8ELb1EEENSt9enable_ifIXaagtT0_Li0Esr4vllm12_typeConvertIT_EE6existsEvE4typeEPS4_lS7_PKS4_fiil--12,Total_core_cache_stats_breakdown[GLOBAL_ACC_R][TOTAL_ACCESS],280.0,280.0,\s+Total_core_cache_stats_breakdown\[GLOBAL_ACC_R\]\[TOTAL_ACCESS\]\s*=\s*(.*)
instance,llm_layer,layer,H100-SASS-Accelwattch_SASS_SIM,nvjet_sm90_tst_64x8_64x16_4x1_v_bz_bias_TNT--5,Total_core_cache_stats_breakdown[GLOBAL_ACC_R][TOTAL_ACCESS],0.0,0.0,\s+Total_core_cache_stats_breakdown\[GLOBAL_ACC_R\]\[TOTAL_ACCESS\]\s*=\s*(.*)
instance,llm_layer,layer,H100-SASS-Accelwattch_SASS_SIM,_ZN4vllm23rotary_embedding_kernelIN3c108BFloat16ES2_Lb1EEEvPKlPT_S6_PKT0_illliiilb--6,Total_core_cache_stats_breakdown[GLOBAL_ACC_R][TOTAL_ACCESS],142.0,142.0,\s+Total_core_cache_stats_breakdown\[GLOBAL_ACC_R\]\[TOTAL_ACCESS\]\s*=\s*(.*)
instance,llm_layer,layer,H100-SASS-Accelwattch_SASS_SIM,_ZN4vllm30reshape_and_cache_flash_kernelI13__nv_bfloat16S1_LNS_18Fp8KVCacheDataTypeE0EEEvPKT_S5_PT0_S7_PKlllllliiiPKfSB_i--6,Total_core_cache_stats_breakdown[GLOBAL_ACC_R][TOTAL_ACCESS],20.0,20.0,\s+Total_core_cache_stats_breakdown\[GLOBAL_ACC_R\]\[TOTAL_ACCESS\]\s*=\s*(.*)
instance,llm_layer,layer,H100-SASS-Accelwattch_SASS_SIM,_ZN7cutlass13device_kernelIN5flash20enable_sm90_or_laterINS1_16FlashAttnFwdSm90INS1_25CollectiveMainloopFwdSm90ILi2EN4cute5tupleIJNS5_1CILi1EEES8_S8_EEENS6_IJNS7_ILi64EEENS7_ILi192EEESA_EEELi64ENS_10bfloat16_tEfNS_4arch4Sm90ELb0ELb0ELb0ELb1ELb1ELb0ELb0ELb1ELb1ELb1ELb0ELb0ESD_Li1EEENS1_21CollectiveEpilogueFwdINS6_IJSA_SA_SB_EEES9_SD_SF_Li128ELb1ELb1ELb0ELb0ELi1EEENS1_36VarlenDynamicPersistentTileSchedulerILi64ELi192ELi128ELi128ELb0ELb1ELb1ELb0ELb0ELb1EEEEEEEEEvNT_6ParamsE--5,Total_core_cache_stats_breakdown[GLOBAL_ACC_R][TOTAL_ACCESS],700.0,700.0,\s+Total_core_cache_stats_breakdown\[GLOBAL_ACC_R\]\[TOTAL_ACCESS\]\s*=\s*(.*)
instance,llm_layer,layer,H100-SASS-Accelwattch_SASS_SIM,_ZN2at6native29vectorized_elementwise_kernelILi4ENS0_11FillFunctorIiEESt5arrayIPcLm1EEEEviT0_T1_--6,Total_core_cache_stats_breakdown[GLOBAL_ACC_R][TOTAL_ACCESS],0.0,0.0,\s+Total_core_cache_stats_breakdown\[GLOBAL_ACC_R\]\[TOTAL_ACCESS\]\s*=\s*(.*)
instance,llm_layer,layer,H100-SASS-Accelwattch_SASS_SIM,nvjet_sm90_tst_64x8_64x16_4x1_v_bz_TNT--5,Total_core_cache_stats_breakdown[GLOBAL_ACC_R][TOTAL_ACCESS],0.0,0.0,\s+Total_core_cache_stats_breakdown\[GLOBAL_ACC_R\]\[TOTAL_ACCESS\]\s*=\s*(.*)
instance,llm_layer,layer,H100-SASS-Accelwattch_SASS_SIM,_ZN4vllm25fused_add_rms_norm_kernelIN3c108BFloat16ELi8ELb1EEENSt9enable_ifIXaagtT0_Li0Esr4vllm12_typeConvertIT_EE6existsEvE4typeEPS4_lS7_PKS4_fiil--13,Total_core_cache_stats_breakdown[GLOBAL_ACC_R][TOTAL_ACCESS],280.0,280.0,\s+Total_core_cache_stats_breakdown\[GLOBAL_ACC_R\]\[TOTAL_ACCESS\]\s*=\s*(.*)
instance,llm_layer,layer,H100-SASS-Accelwattch_SASS_SIM,nvjet_sm90_tst_128x8_64x12_4x1_v_bz_TNT--5,Total_core_cache_stats_breakdown[GLOBAL_ACC_R][TOTAL_ACCESS],0.0,0.0,\s+Total_core_cache_stats_breakdown\[GLOBAL_ACC_R\]\[TOTAL_ACCESS\]\s*=\s*(.*)
instance,llm_layer,layer,H100-SASS-Accelwattch_SASS_SIM,_ZN4vllm18act_and_mul_kernelIN3c108BFloat16E14__nv_bfloat162XadL_ZNS_11silu_kernelIS2_EET_RKS5_fEEXadL_ZNS_18packed_silu_kernelIS3_EES5_S7_fEELb1ELb1ELb0ELb0EEEvPS5_PS6_ifff--6,Total_core_cache_stats_breakdown[GLOBAL_ACC_R][TOTAL_ACCESS],608.0,608.0,\s+Total_core_cache_stats_breakdown\[GLOBAL_ACC_R\]\[TOTAL_ACCESS\]\s*=\s*(.*)
instance,llm_layer,layer,H100-SASS-Accelwattch_SASS_SIM,nvjet_sm90_tst_64x8_64x16_4x1_v_bz_splitK_TNT--5,Total_core_cache_stats_breakdown[GLOBAL_ACC_R][TOTAL_ACCESS],0.0,0.0,\s+Total_core_cache_stats_breakdown\[GLOBAL_ACC_R\]\[TOTAL_ACCESS\]\s*=\s*(.*)
instance,llm_layer,layer,H100-SASS-Accelwattch_SASS_SIM,_ZN8cublasLt19splitKreduce_kernelILi32ELi16Eif13__nv_bfloat16fS1_Lb0EfS1_S1_Lb1ELb0ELb0ELb0EEEvNS_18cublasSplitKParamsIT4_EEPKT2_PKT8_PT7_PT3_PKS3_SG_PKT9_S7_PSH_PvlPS3_PiSM_SM_SG_SG_SG_SG_SG_--6,Total_core_cache_stats_breakdown[GLOBAL_ACC_R][TOTAL_ACCESS],336.0,336.0,\s+Total_core_cache_stats_breakdown\[GLOBAL_ACC_R\]\[TOTAL_ACCESS\]\s*=\s*(.*)
instance,llm_layer,layer,H100-SASS-Accelwattch_SASS_SIM,_ZN4vllm25fused_add_rms_norm_kernelIN3c108BFloat16ELi8ELb1EEENSt9enable_ifIXaagtT0_Li0Esr4vllm12_typeConvertIT_EE6existsEvE4typeEPS4_lS7_PKS4_fiil--14,Total_core_cache_stats_breakdown[GLOBAL_ACC_R][TOTAL_ACCESS],280.0,280.0,\s+Total_core_cache_stats_breakdown\[GLOBAL_ACC_R\]\[TOTAL_ACCESS\]\s*=\s*(.*)
instance,llm_layer,layer,H100-SASS-Accelwattch_SASS_SIM,nvjet_sm90_tst_64x8_64x16_4x1_v_bz_bias_TNT--6,Total_core_cache_stats_breakdown[GLOBAL_ACC_R][TOTAL_ACCESS],0.0,0.0,\s+Total_core_cache_stats_breakdown\[GLOBAL_ACC_R\]\[TOTAL_ACCESS\]\s*=\s*(.*)
instance,llm_layer,layer,H100-SASS-Accelwattch_SASS_SIM,_ZN4vllm23rotary_embedding_kernelIN3c108BFloat16ES2_Lb1EEEvPKlPT_S6_PKT0_illliiilb--7,Total_core_cache_stats_breakdown[GLOBAL_ACC_R][TOTAL_ACCESS],142.0,142.0,\s+Total_core_cache_stats_breakdown\[GLOBAL_ACC_R\]\[TOTAL_ACCESS\]\s*=\s*(.*)
instance,llm_layer,layer,H100-SASS-Accelwattch_SASS_SIM,_ZN4vllm30reshape_and_cache_flash_kernelI13__nv_bfloat16S1_LNS_18Fp8KVCacheDataTypeE0EEEvPKT_S5_PT0_S7_PKlllllliiiPKfSB_i--7,Total_core_cache_stats_breakdown[GLOBAL_ACC_R][TOTAL_ACCESS],20.0,20.0,\s+Total_core_cache_stats_breakdown\[GLOBAL_ACC_R\]\[TOTAL_ACCESS\]\s*=\s*(.*)
instance,llm_layer,layer,H100-SASS-Accelwattch_SASS_SIM,_ZN7cutlass13device_kernelIN5flash20enable_sm90_or_laterINS1_16FlashAttnFwdSm90INS1_25CollectiveMainloopFwdSm90ILi2EN4cute5tupleIJNS5_1CILi1EEES8_S8_EEENS6_IJNS7_ILi64EEENS7_ILi192EEESA_EEELi64ENS_10bfloat16_tEfNS_4arch4Sm90ELb0ELb0ELb0ELb1ELb1ELb0ELb0ELb1ELb1ELb1ELb0ELb0ESD_Li1EEENS1_21CollectiveEpilogueFwdINS6_IJSA_SA_SB_EEES9_SD_SF_Li128ELb1ELb1ELb0ELb0ELi1EEENS1_36VarlenDynamicPersistentTileSchedulerILi64ELi192ELi128ELi128ELb0ELb1ELb1ELb0ELb0ELb1EEEEEEEEEvNT_6ParamsE--6,Total_core_cache_stats_breakdown[GLOBAL_ACC_R][TOTAL_ACCESS],700.0,700.0,\s+Total_core_cache_stats_breakdown\[GLOBAL_ACC_R\]\[TOTAL_ACCESS\]\s*=\s*(.*)
instance,llm_layer,layer,H100-SASS-Accelwattch_SASS_SIM,_ZN2at6native29vectorized_elementwise_kernelILi4ENS0_11FillFunctorIiEESt5arrayIPcLm1EEEEviT0_T1_--7,Total_core_cache_stats_breakdown[GLOBAL_ACC_R][TOTAL_ACCESS],0.0,0.0,\s+Total_core_cache_stats_breakdown\[GLOBAL_ACC_R\]\[TOTAL_ACCESS\]\s*=\s*(.*)
instance,llm_layer,layer,H100-SASS-Accelwattch_SASS_SIM,nvjet_sm90_tst_64x8_64x16_4x1_v_bz_TNT--6,Total_core_cache_stats_breakdown[GLOBAL_ACC_R][TOTAL_ACCESS],0.0,0.0,\s+Total_core_cache_stats_breakdown\[GLOBAL_ACC_R\]\[TOTAL_ACCESS\]\s*=\s*(.*)
instance,llm_layer,layer,H100-SASS-Accelwattch_SASS_SIM,_ZN4vllm25fused_add_rms_norm_kernelIN3c108BFloat16ELi8ELb1EEENSt9enable_ifIXaagtT0_Li0Esr4vllm12_typeConvertIT_EE6existsEvE4typeEPS4_lS7_PKS4_fiil--15,Total_core_cache_stats_breakdown[GLOBAL_ACC_R][TOTAL_ACCESS],280.0,280.0,\s+Total_core_cache_stats_breakdown\[GLOBAL_ACC_R\]\[TOTAL_ACCESS\]\s*=\s*(.*)
instance,llm_layer,layer,H100-SASS-Accelwattch_SASS_SIM,nvjet_sm90_tst_128x8_64x12_4x1_v_bz_TNT--6,Total_core_cache_stats_breakdown[GLOBAL_ACC_R][TOTAL_ACCESS],0.0,0.0,\s+Total_core_cache_stats_breakdown\[GLOBAL_ACC_R\]\[TOTAL_ACCESS\]\s*=\s*(.*)
instance,llm_layer,layer,H100-SASS-Accelwattch_SASS_SIM,_ZN4vllm18act_and_mul_kernelIN3c108BFloat16E14__nv_bfloat162XadL_ZNS_11silu_kernelIS2_EET_RKS5_fEEXadL_ZNS_18packed_silu_kernelIS3_EES5_S7_fEELb1ELb1ELb0ELb0EEEvPS5_PS6_ifff--7,Total_core_cache_stats_breakdown[GLOBAL_ACC_R][TOTAL_ACCESS],608.0,608.0,\s+Total_core_cache_stats_breakdown\[GLOBAL_ACC_R\]\[TOTAL_ACCESS\]\s*=\s*(.*)
instance,llm_layer,layer,H100-SASS-Accelwattch_SASS_SIM,nvjet_sm90_tst_64x8_64x16_4x1_v_bz_splitK_TNT--6,Total_core_cache_stats_breakdown[GLOBAL_ACC_R][TOTAL_ACCESS],0.0,0.0,\s+Total_core_cache_stats_breakdown\[GLOBAL_ACC_R\]\[TOTAL_ACCESS\]\s*=\s*(.*)
instance,llm_layer,layer,H100-SASS-Accelwattch_SASS_SIM,_ZN8cublasLt19splitKreduce_kernelILi32ELi16Eif13__nv_bfloat16fS1_Lb0EfS1_S1_Lb1ELb0ELb0ELb0EEEvNS_18cublasSplitKParamsIT4_EEPKT2_PKT8_PT7_PT3_PKS3_SG_PKT9_S7_PSH_PvlPS3_PiSM_SM_SG_SG_SG_SG_SG_--7,Total_core_cache_stats_breakdown[GLOBAL_ACC_R][TOTAL_ACCESS],336.0,336.0,\s+Total_core_cache_stats_breakdown\[GLOBAL_ACC_R\]\[TOTAL_ACCESS\]\s*=\s*(.*)
instance,llm_layer,layer,H100-SASS-Accelwattch_SASS_SIM,_ZN4vllm25fused_add_rms_norm_kernelIN3c108BFloat16ELi8ELb1EEENSt9enable_ifIXaagtT0_Li0Esr4vllm12_typeConvertIT_EE6existsEvE4typeEPS4_lS7_PKS4_fiil--0,Total_core_cache_stats_breakdown[GLOBAL_ACC_R][HIT],560.0,560.0,\s+Total_core_cache_stats_breakdown\[GLOBAL_ACC_R\]\[HIT\]\s*=\s*(.*)
instance,llm_layer,layer,H100-SASS-Accelwattch_SASS_SIM,nvjet_sm90_tst_64x8_64x16_4x2_h_bz_bias_TNT--0,Total_core_cache_stats_breakdown[GLOBAL_ACC_R][HIT],0.0,0.0,\s+Total_core_cache_stats_breakdown\[GLOBAL_ACC_R\]\[HIT\]\s*=\s*(.*)
instance,llm_layer,layer,H100-SASS-Accelwattch_SASS_SIM,_ZN4vllm23rotary_embedding_kernelIN3c108BFloat16ES2_Lb1EEEvPKlPT_S6_PKT0_illliiilb--0,Total_core_cache_stats_breakdown[GLOBAL_ACC_R][HIT],80.0,80.0,\s+Total_core_cache_stats_breakdown\[GLOBAL_ACC_R\]\[HIT\]\s*=\s*(.*)
instance,llm_layer,layer,H100-SASS-Accelwattch_SASS_SIM,_ZN4vllm30reshape_and_cache_flash_kernelI13__nv_bfloat16S1_LNS_18Fp8KVCacheDataTypeE0EEEvPKT_S5_PT0_S7_PKlllllliiiPKfSB_i--0,Total_core_cache_stats_breakdown[GLOBAL_ACC_R][HIT],0.0,0.0,\s+Total_core_cache_stats_breakdown\[GLOBAL_ACC_R\]\[HIT\]\s*=\s*(.*)
instance,llm_layer,layer,H100-SASS-Accelwattch_SASS_SIM,_ZN7cutlass13device_kernelIN5flash20enable_sm90_or_laterINS1_16FlashAttnFwdSm90INS1_25CollectiveMainloopFwdSm90ILi2EN4cute5tupleIJNS5_1CILi1EEES8_S8_EEENS6_IJNS7_ILi192EEENS7_ILi128EEENS7_ILi64EEEEEELi64ENS_10bfloat16_tEfNS_4arch4Sm90ELb1ELb0ELb0ELb1ELb1ELb0ELb0ELb1ELb1ELb1ELb0ELb0ESE_Li1EEENS1_21CollectiveEpilogueFwdINS6_IJSA_SC_SB_EEES9_SE_SG_Li384ELb1ELb1ELb0ELb0ELi1EEENS1_36VarlenDynamicPersistentTileSchedulerILi192ELi128ELi384ELi128ELb0ELb1ELb1ELb1ELb0ELb1EEEEEEEEEvNT_6ParamsE--0,Total_core_cache_stats_breakdown[GLOBAL_ACC_R][HIT],76.0,76.0,\s+Total_core_cache_stats_breakdown\[GLOBAL_ACC_R\]\[HIT\]\s*=\s*(.*)
instance,llm_layer,layer,H100-SASS-Accelwattch_SASS_SIM,_ZN2at6native29vectorized_elementwise_kernelILi4ENS0_11FillFunctorIiEESt5arrayIPcLm1EEEEviT0_T1_--0,Total_core_cache_stats_breakdown[GLOBAL_ACC_R][HIT],0.0,0.0,\s+Total_core_cache_stats_breakdown\[GLOBAL_ACC_R\]\[HIT\]\s*=\s*(.*)
instance,llm_layer,layer,H100-SASS-Accelwattch_SASS_SIM,nvjet_sm90_tst_64x8_64x16_4x2_h_bz_TNT--0,Total_core_cache_stats_breakdown[GLOBAL_ACC_R][HIT],0.0,0.0,\s+Total_core_cache_stats_breakdown\[GLOBAL_ACC_R\]\[HIT\]\s*=\s*(.*)
instance,llm_layer,layer,H100-SASS-Accelwattch_SASS_SIM,_ZN4vllm25fused_add_rms_norm_kernelIN3c108BFloat16ELi8ELb1EEENSt9enable_ifIXaagtT0_Li0Esr4vllm12_typeConvertIT_EE6existsEvE4typeEPS4_lS7_PKS4_fiil--1,Total_core_cache_stats_breakdown[GLOBAL_ACC_R][HIT],560.0,560.0,\s+Total_core_cache_stats_breakdown\[GLOBAL_ACC_R\]\[HIT\]\s*=\s*(.*)
instance,llm_layer,layer,H100-SASS-Accelwattch_SASS_SIM,nvjet_sm90_tst_128x16_64x11_4x1_v_bz_TNT--0,Total_core_cache_stats_breakdown[GLOBAL_ACC_R][HIT],0.0,0.0,\s+Total_core_cache_stats_breakdown\[GLOBAL_ACC_R\]\[HIT\]\s*=\s*(.*)
instance,llm_layer,layer,H100-SASS-Accelwattch_SASS_SIM,_ZN4vllm18act_and_mul_kernelIN3c108BFloat16E14__nv_bfloat162XadL_ZNS_11silu_kernelIS2_EET_RKS5_fEEXadL_ZNS_18packed_silu_kernelIS3_EES5_S7_fEELb1ELb1ELb0ELb0EEEvPS5_PS6_ifff--0,Total_core_cache_stats_breakdown[GLOBAL_ACC_R][HIT],0.0,0.0,\s+Total_core_cache_stats_breakdown\[GLOBAL_ACC_R\]\[HIT\]\s*=\s*(.*)
instance,llm_layer,layer,H100-SASS-Accelwattch_SASS_SIM,nvjet_sm90_tst_64x16_64x16_4x1_v_bz_splitK_TNT--0,Total_core_cache_stats_breakdown[GLOBAL_ACC_R][HIT],0.0,0.0,\s+Total_core_cache_stats_breakdown\[GLOBAL_ACC_R\]\[HIT\]\s*=\s*(.*)
instance,llm_layer,layer,H100-SASS-Accelwattch_SASS_SIM,_ZN8cublasLt19splitKreduce_kernelILi32ELi16Eif13__nv_bfloat16fS1_Lb0EfS1_S1_Lb1ELb0ELb0ELb0EEEvNS_18cublasSplitKParamsIT4_EEPKT2_PKT8_PT7_PT3_PKS3_SG_PKT9_S7_PSH_PvlPS3_PiSM_SM_SG_SG_SG_SG_SG_--0,Total_core_cache_stats_breakdown[GLOBAL_ACC_R][HIT],0.0,0.0,\s+Total_core_cache_stats_breakdown\[GLOBAL_ACC_R\]\[HIT\]\s*=\s*(.*)
instance,llm_layer,layer,H100-SASS-Accelwattch_SASS_SIM,_ZN4vllm25fused_add_rms_norm_kernelIN3c108BFloat16ELi8ELb1EEENSt9enable_ifIXaagtT0_Li0Esr4vllm12_typeConvertIT_EE6existsEvE4typeEPS4_lS7_PKS4_fiil--2,Total_core_cache_stats_breakdown[GLOBAL_ACC_R][HIT],56.0,56.0,\s+Total_core_cache_stats_breakdown\[GLOBAL_ACC_R\]\[HIT\]\s*=\s*(.*)
instance,llm_layer,layer,H100-SASS-Accelwattch_SASS_SIM,nvjet_sm90_tst_64x8_64x16_4x1_v_bz_bias_TNT--0,Total_core_cache_stats_breakdown[GLOBAL_ACC_R][HIT],0.0,0.0,\s+Total_core_cache_stats_breakdown\[GLOBAL_ACC_R\]\[HIT\]\s*=\s*(.*)
instance,llm_layer,layer,H100-SASS-Accelwattch_SASS_SIM,_ZN4vllm23rotary_embedding_kernelIN3c108BFloat16ES2_Lb1EEEvPKlPT_S6_PKT0_illliiilb--1,Total_core_cache_stats_breakdown[GLOBAL_ACC_R][HIT],8.0,8.0,\s+Total_core_cache_stats_breakdown\[GLOBAL_ACC_R\]\[HIT\]\s*=\s*(.*)
instance,llm_layer,layer,H100-SASS-Accelwattch_SASS_SIM,_ZN4vllm30reshape_and_cache_flash_kernelI13__nv_bfloat16S1_LNS_18Fp8KVCacheDataTypeE0EEEvPKT_S5_PT0_S7_PKlllllliiiPKfSB_i--1,Total_core_cache_stats_breakdown[GLOBAL_ACC_R][HIT],0.0,0.0,\s+Total_core_cache_stats_breakdown\[GLOBAL_ACC_R\]\[HIT\]\s*=\s*(.*)
instance,llm_layer,layer,H100-SASS-Accelwattch_SASS_SIM,_ZN7cutlass13device_kernelIN5flash20enable_sm90_or_laterINS1_16FlashAttnFwdSm90INS1_25CollectiveMainloopFwdSm90ILi2EN4cute5tupleIJNS5_1CILi1EEES8_S8_EEENS6_IJNS7_ILi64EEENS7_ILi192EEESA_EEELi64ENS_10bfloat16_tEfNS_4arch4Sm90ELb0ELb0ELb0ELb1ELb1ELb0ELb0ELb1ELb1ELb1ELb0ELb0ESD_Li1EEENS1_21CollectiveEpilogueFwdINS6_IJSA_SA_SB_EEES9_SD_SF_Li128ELb1ELb1ELb0ELb0ELi1EEENS1_36VarlenDynamicPersistentTileSchedulerILi64ELi192ELi128ELi128ELb0ELb1ELb1ELb0ELb0ELb1EEEEEEEEEvNT_6ParamsE--0,Total_core_cache_stats_breakdown[GLOBAL_ACC_R][HIT],34.0,34.0,\s+Total_core_cache_stats_breakdown\[GLOBAL_ACC_R\]\[HIT\]\s*=\s*(.*)
instance,llm_layer,layer,H100-SASS-Accelwattch_SASS_SIM,_ZN2at6native29vectorized_elementwise_kernelILi4ENS0_11FillFunctorIiEESt5arrayIPcLm1EEEEviT0_T1_--1,Total_core_cache_stats_breakdown[GLOBAL_ACC_R][HIT],0.0,0.0,\s+Total_core_cache_stats_breakdown\[GLOBAL_ACC_R\]\[HIT\]\s*=\s*(.*)
instance,llm_layer,layer,H100-SASS-Accelwattch_SASS_SIM,nvjet_sm90_tst_64x8_64x16_4x1_v_bz_TNT--0,Total_core_cache_stats_breakdown[GLOBAL_ACC_R][HIT],0.0,0.0,\s+Total_core_cache_stats_breakdown\[GLOBAL_ACC_R\]\[HIT\]\s*=\s*(.*)
instance,llm_layer,layer,H100-SASS-Accelwattch_SASS_SIM,_ZN4vllm25fused_add_rms_norm_kernelIN3c108BFloat16ELi8ELb1EEENSt9enable_ifIXaagtT0_Li0Esr4vllm12_typeConvertIT_EE6existsEvE4typeEPS4_lS7_PKS4_fiil--3,Total_core_cache_stats_breakdown[GLOBAL_ACC_R][HIT],56.0,56.0,\s+Total_core_cache_stats_breakdown\[GLOBAL_ACC_R\]\[HIT\]\s*=\s*(.*)
instance,llm_layer,layer,H100-SASS-Accelwattch_SASS_SIM,nvjet_sm90_tst_128x8_64x12_4x1_v_bz_TNT--0,Total_core_cache_stats_breakdown[GLOBAL_ACC_R][HIT],0.0,0.0,\s+Total_core_cache_stats_breakdown\[GLOBAL_ACC_R\]\[HIT\]\s*=\s*(.*)
instance,llm_layer,layer,H100-SASS-Accelwattch_SASS_SIM,_ZN4vllm18act_and_mul_kernelIN3c108BFloat16E14__nv_bfloat162XadL_ZNS_11silu_kernelIS2_EET_RKS5_fEEXadL_ZNS_18packed_silu_kernelIS3_EES5_S7_fEELb1ELb1ELb0ELb0EEEvPS5_PS6_ifff--1,Total_core_cache_stats_breakdown[GLOBAL_ACC_R][HIT],0.0,0.0,\s+Total_core_cache_stats_breakdown\[GLOBAL_ACC_R\]\[HIT\]\s*=\s*(.*)
instance,llm_layer,layer,H100-SASS-Accelwattch_SASS_SIM,nvjet_sm90_tst_64x8_64x16_4x1_v_bz_splitK_TNT--0,Total_core_cache_stats_breakdown[GLOBAL_ACC_R][HIT],0.0,0.0,\s+Total_core_cache_stats_breakdown\[GLOBAL_ACC_R\]\[HIT\]\s*=\s*(.*)
instance,llm_layer,layer,H100-SASS-Accelwattch_SASS_SIM,_ZN8cublasLt19splitKreduce_kernelILi32ELi16Eif13__nv_bfloat16fS1_Lb0EfS1_S1_Lb1ELb0ELb0ELb0EEEvNS_18cublasSplitKParamsIT4_EEPKT2_PKT8_PT7_PT3_PKS3_SG_PKT9_S7_PSH_PvlPS3_PiSM_SM_SG_SG_SG_SG_SG_--1,Total_core_cache_stats_breakdown[GLOBAL_ACC_R][HIT],0.0,0.0,\s+Total_core_cache_stats_breakdown\[GLOBAL_ACC_R\]\[HIT\]\s*=\s*(.*)
instance,llm_layer,layer,H100-SASS-Accelwattch_SASS_SIM,_ZN4vllm25fused_add_rms_norm_kernelIN3c108BFloat16ELi8ELb1EEENSt9enable_ifIXaagtT0_Li0Esr4vllm12_typeConvertIT_EE6existsEvE4typeEPS4_lS7_PKS4_fiil--4,Total_core_cache_stats_breakdown[GLOBAL_ACC_R][HIT],56.0,56.0,\s+Total_core_cache_stats_breakdown\[GLOBAL_ACC_R\]\[HIT\]\s*=\s*(.*)
instance,llm_layer,layer,H100-SASS-Accelwattch_SASS_SIM,nvjet_sm90_tst_64x8_64x16_4x1_v_bz_bias_TNT--1,Total_core_cache_stats_breakdown[GLOBAL_ACC_R][HIT],0.0,0.0,\s+Total_core_cache_stats_breakdown\[GLOBAL_ACC_R\]\[HIT\]\s*=\s*(.*)
instance,llm_layer,layer,H100-SASS-Accelwattch_SASS_SIM,_ZN4vllm23rotary_embedding_kernelIN3c108BFloat16ES2_Lb1EEEvPKlPT_S6_PKT0_illliiilb--2,Total_core_cache_stats_breakdown[GLOBAL_ACC_R][HIT],8.0,8.0,\s+Total_core_cache_stats_breakdown\[GLOBAL_ACC_R\]\[HIT\]\s*=\s*(.*)
instance,llm_layer,layer,H100-SASS-Accelwattch_SASS_SIM,_ZN4vllm30reshape_and_cache_flash_kernelI13__nv_bfloat16S1_LNS_18Fp8KVCacheDataTypeE0EEEvPKT_S5_PT0_S7_PKlllllliiiPKfSB_i--2,Total_core_cache_stats_breakdown[GLOBAL_ACC_R][HIT],0.0,0.0,\s+Total_core_cache_stats_breakdown\[GLOBAL_ACC_R\]\[HIT\]\s*=\s*(.*)
instance,llm_layer,layer,H100-SASS-Accelwattch_SASS_SIM,_ZN7cutlass13device_kernelIN5flash20enable_sm90_or_laterINS1_16FlashAttnFwdSm90INS1_25CollectiveMainloopFwdSm90ILi2EN4cute5tupleIJNS5_1CILi1EEES8_S8_EEENS6_IJNS7_ILi64EEENS7_ILi192EEESA_EEELi64ENS_10bfloat16_tEfNS_4arch4Sm90ELb0ELb0ELb0ELb1ELb1ELb0ELb0ELb1ELb1ELb1ELb0ELb0ESD_Li1EEENS1_21CollectiveEpilogueFwdINS6_IJSA_SA_SB_EEES9_SD_SF_Li128ELb1ELb1ELb0ELb0ELi1EEENS1_36VarlenDynamicPersistentTileSchedulerILi64ELi192ELi128ELi128ELb0ELb1ELb1ELb0ELb0ELb1EEEEEEEEEvNT_6ParamsE--1,Total_core_cache_stats_breakdown[GLOBAL_ACC_R][HIT],26.0,26.0,\s+Total_core_cache_stats_breakdown\[GLOBAL_ACC_R\]\[HIT\]\s*=\s*(.*)
instance,llm_layer,layer,H100-SASS-Accelwattch_SASS_SIM,_ZN2at6native29vectorized_elementwise_kernelILi4ENS0_11FillFunctorIiEESt5arrayIPcLm1EEEEviT0_T1_--2,Total_core_cache_stats_breakdown[GLOBAL_ACC_R][HIT],0.0,0.0,\s+Total_core_cache_stats_breakdown\[GLOBAL_ACC_R\]\[HIT\]\s*=\s*(.*)
instance,llm_layer,layer,H100-SASS-Accelwattch_SASS_SIM,nvjet_sm90_tst_64x8_64x16_4x1_v_bz_TNT--1,Total_core_cache_stats_breakdown[GLOBAL_ACC_R][HIT],0.0,0.0,\s+Total_core_cache_stats_breakdown\[GLOBAL_ACC_R\]\[HIT\]\s*=\s*(.*)
instance,llm_layer,layer,H100-SASS-Accelwattch_SASS_SIM,_ZN4vllm25fused_add_rms_norm_kernelIN3c108BFloat16ELi8ELb1EEENSt9enable_ifIXaagtT0_Li0Esr4vllm12_typeConvertIT_EE6existsEvE4typeEPS4_lS7_PKS4_fiil--5,Total_core_cache_stats_breakdown[GLOBAL_ACC_R][HIT],56.0,56.0,\s+Total_core_cache_stats_breakdown\[GLOBAL_ACC_R\]\[HIT\]\s*=\s*(.*)
instance,llm_layer,layer,H100-SASS-Accelwattch_SASS_SIM,nvjet_sm90_tst_128x8_64x12_4x1_v_bz_TNT--1,Total_core_cache_stats_breakdown[GLOBAL_ACC_R][HIT],0.0,0.0,\s+Total_core_cache_stats_breakdown\[GLOBAL_ACC_R\]\[HIT\]\s*=\s*(.*)
instance,llm_layer,layer,H100-SASS-Accelwattch_SASS_SIM,_ZN4vllm18act_and_mul_kernelIN3c108BFloat16E14__nv_bfloat162XadL_ZNS_11silu_kernelIS2_EET_RKS5_fEEXadL_ZNS_18packed_silu_kernelIS3_EES5_S7_fEELb1ELb1ELb0ELb0EEEvPS5_PS6_ifff--2,Total_core_cache_stats_breakdown[GLOBAL_ACC_R][HIT],0.0,0.0,\s+Total_core_cache_stats_breakdown\[GLOBAL_ACC_R\]\[HIT\]\s*=\s*(.*)
instance,llm_layer,layer,H100-SASS-Accelwattch_SASS_SIM,nvjet_sm90_tst_64x8_64x16_4x1_v_bz_splitK_TNT--1,Total_core_cache_stats_breakdown[GLOBAL_ACC_R][HIT],0.0,0.0,\s+Total_core_cache_stats_breakdown\[GLOBAL_ACC_R\]\[HIT\]\s*=\s*(.*)
instance,llm_layer,layer,H100-SASS-Accelwattch_SASS_SIM,_ZN8cublasLt19splitKreduce_kernelILi32ELi16Eif13__nv_bfloat16fS1_Lb0EfS1_S1_Lb1ELb0ELb0ELb0EEEvNS_18cublasSplitKParamsIT4_EEPKT2_PKT8_PT7_PT3_PKS3_SG_PKT9_S7_PSH_PvlPS3_PiSM_SM_SG_SG_SG_SG_SG_--2,Total_core_cache_stats_breakdown[GLOBAL_ACC_R][HIT],0.0,0.0,\s+Total_core_cache_stats_breakdown\[GLOBAL_ACC_R\]\[HIT\]\s*=\s*(.*)
instance,llm_layer,layer,H100-SASS-Accelwattch_SASS_SIM,_ZN4vllm25fused_add_rms_norm_kernelIN3c108BFloat16ELi8ELb1EEENSt9enable_ifIXaagtT0_Li0Esr4vllm12_typeConvertIT_EE6existsEvE4typeEPS4_lS7_PKS4_fiil--6,Total_core_cache_stats_breakdown[GLOBAL_ACC_R][HIT],56.0,56.0,\s+Total_core_cache_stats_breakdown\[GLOBAL_ACC_R\]\[HIT\]\s*=\s*(.*)
instance,llm_layer,layer,H100-SASS-Accelwattch_SASS_SIM,nvjet_sm90_tst_64x8_64x16_4x1_v_bz_bias_TNT--2,Total_core_cache_stats_breakdown[GLOBAL_ACC_R][HIT],0.0,0.0,\s+Total_core_cache_stats_breakdown\[GLOBAL_ACC_R\]\[HIT\]\s*=\s*(.*)
instance,llm_layer,layer,H100-SASS-Accelwattch_SASS_SIM,_ZN4vllm23rotary_embedding_kernelIN3c108BFloat16ES2_Lb1EEEvPKlPT_S6_PKT0_illliiilb--3,Total_core_cache_stats_breakdown[GLOBAL_ACC_R][HIT],8.0,8.0,\s+Total_core_cache_stats_breakdown\[GLOBAL_ACC_R\]\[HIT\]\s*=\s*(.*)
instance,llm_layer,layer,H100-SASS-Accelwattch_SASS_SIM,_ZN4vllm30reshape_and_cache_flash_kernelI13__nv_bfloat16S1_LNS_18Fp8KVCacheDataTypeE0EEEvPKT_S5_PT0_S7_PKlllllliiiPKfSB_i--3,Total_core_cache_stats_breakdown[GLOBAL_ACC_R][HIT],0.0,0.0,\s+Total_core_cache_stats_breakdown\[GLOBAL_ACC_R\]\[HIT\]\s*=\s*(.*)
instance,llm_layer,layer,H100-SASS-Accelwattch_SASS_SIM,_ZN7cutlass13device_kernelIN5flash20enable_sm90_or_laterINS1_16FlashAttnFwdSm90INS1_25CollectiveMainloopFwdSm90ILi2EN4cute5tupleIJNS5_1CILi1EEES8_S8_EEENS6_IJNS7_ILi64EEENS7_ILi192EEESA_EEELi64ENS_10bfloat16_tEfNS_4arch4Sm90ELb0ELb0ELb0ELb1ELb1ELb0ELb0ELb1ELb1ELb1ELb0ELb0ESD_Li1EEENS1_21CollectiveEpilogueFwdINS6_IJSA_SA_SB_EEES9_SD_SF_Li128ELb1ELb1ELb0ELb0ELi1EEENS1_36VarlenDynamicPersistentTileSchedulerILi64ELi192ELi128ELi128ELb0ELb1ELb1ELb0ELb0ELb1EEEEEEEEEvNT_6ParamsE--2,Total_core_cache_stats_breakdown[GLOBAL_ACC_R][HIT],26.0,26.0,\s+Total_core_cache_stats_breakdown\[GLOBAL_ACC_R\]\[HIT\]\s*=\s*(.*)
instance,llm_layer,layer,H100-SASS-Accelwattch_SASS_SIM,_ZN2at6native29vectorized_elementwise_kernelILi4ENS0_11FillFunctorIiEESt5arrayIPcLm1EEEEviT0_T1_--3,Total_core_cache_stats_breakdown[GLOBAL_ACC_R][HIT],0.0,0.0,\s+Total_core_cache_stats_breakdown\[GLOBAL_ACC_R\]\[HIT\]\s*=\s*(.*)
instance,llm_layer,layer,H100-SASS-Accelwattch_SASS_SIM,nvjet_sm90_tst_64x8_64x16_4x1_v_bz_TNT--2,Total_core_cache_stats_breakdown[GLOBAL_ACC_R][HIT],0.0,0.0,\s+Total_core_cache_stats_breakdown\[GLOBAL_ACC_R\]\[HIT\]\s*=\s*(.*)
instance,llm_layer,layer,H100-SASS-Accelwattch_SASS_SIM,_ZN4vllm25fused_add_rms_norm_kernelIN3c108BFloat16ELi8ELb1EEENSt9enable_ifIXaagtT0_Li0Esr4vllm12_typeConvertIT_EE6existsEvE4typeEPS4_lS7_PKS4_fiil--7,Total_core_cache_stats_breakdown[GLOBAL_ACC_R][HIT],56.0,56.0,\s+Total_core_cache_stats_breakdown\[GLOBAL_ACC_R\]\[HIT\]\s*=\s*(.*)
instance,llm_layer,layer,H100-SASS-Accelwattch_SASS_SIM,nvjet_sm90_tst_128x8_64x12_4x1_v_bz_TNT--2,Total_core_cache_stats_breakdown[GLOBAL_ACC_R][HIT],0.0,0.0,\s+Total_core_cache_stats_breakdown\[GLOBAL_ACC_R\]\[HIT\]\s*=\s*(.*)
instance,llm_layer,layer,H100-SASS-Accelwattch_SASS_SIM,_ZN4vllm18act_and_mul_kernelIN3c108BFloat16E14__nv_bfloat162XadL_ZNS_11silu_kernelIS2_EET_RKS5_fEEXadL_ZNS_18packed_silu_kernelIS3_EES5_S7_fEELb1ELb1ELb0ELb0EEEvPS5_PS6_ifff--3,Total_core_cache_stats_breakdown[GLOBAL_ACC_R][HIT],0.0,0.0,\s+Total_core_cache_stats_breakdown\[GLOBAL_ACC_R\]\[HIT\]\s*=\s*(.*)
instance,llm_layer,layer,H100-SASS-Accelwattch_SASS_SIM,nvjet_sm90_tst_64x8_64x16_4x1_v_bz_splitK_TNT--2,Total_core_cache_stats_breakdown[GLOBAL_ACC_R][HIT],0.0,0.0,\s+Total_core_cache_stats_breakdown\[GLOBAL_ACC_R\]\[HIT\]\s*=\s*(.*)
instance,llm_layer,layer,H100-SASS-Accelwattch_SASS_SIM,_ZN8cublasLt19splitKreduce_kernelILi32ELi16Eif13__nv_bfloat16fS1_Lb0EfS1_S1_Lb1ELb0ELb0ELb0EEEvNS_18cublasSplitKParamsIT4_EEPKT2_PKT8_PT7_PT3_PKS3_SG_PKT9_S7_PSH_PvlPS3_PiSM_SM_SG_SG_SG_SG_SG_--3,Total_core_cache_stats_breakdown[GLOBAL_ACC_R][HIT],0.0,0.0,\s+Total_core_cache_stats_breakdown\[GLOBAL_ACC_R\]\[HIT\]\s*=\s*(.*)
instance,llm_layer,layer,H100-SASS-Accelwattch_SASS_SIM,_ZN4vllm25fused_add_rms_norm_kernelIN3c108BFloat16ELi8ELb1EEENSt9enable_ifIXaagtT0_Li0Esr4vllm12_typeConvertIT_EE6existsEvE4typeEPS4_lS7_PKS4_fiil--8,Total_core_cache_stats_breakdown[GLOBAL_ACC_R][HIT],56.0,56.0,\s+Total_core_cache_stats_breakdown\[GLOBAL_ACC_R\]\[HIT\]\s*=\s*(.*)
instance,llm_layer,layer,H100-SASS-Accelwattch_SASS_SIM,nvjet_sm90_tst_64x8_64x16_4x1_v_bz_bias_TNT--3,Total_core_cache_stats_breakdown[GLOBAL_ACC_R][HIT],0.0,0.0,\s+Total_core_cache_stats_breakdown\[GLOBAL_ACC_R\]\[HIT\]\s*=\s*(.*)
instance,llm_layer,layer,H100-SASS-Accelwattch_SASS_SIM,_ZN4vllm23rotary_embedding_kernelIN3c108BFloat16ES2_Lb1EEEvPKlPT_S6_PKT0_illliiilb--4,Total_core_cache_stats_breakdown[GLOBAL_ACC_R][HIT],8.0,8.0,\s+Total_core_cache_stats_breakdown\[GLOBAL_ACC_R\]\[HIT\]\s*=\s*(.*)
instance,llm_layer,layer,H100-SASS-Accelwattch_SASS_SIM,_ZN4vllm30reshape_and_cache_flash_kernelI13__nv_bfloat16S1_LNS_18Fp8KVCacheDataTypeE0EEEvPKT_S5_PT0_S7_PKlllllliiiPKfSB_i--4,Total_core_cache_stats_breakdown[GLOBAL_ACC_R][HIT],0.0,0.0,\s+Total_core_cache_stats_breakdown\[GLOBAL_ACC_R\]\[HIT\]\s*=\s*(.*)
instance,llm_layer,layer,H100-SASS-Accelwattch_SASS_SIM,_ZN7cutlass13device_kernelIN5flash20enable_sm90_or_laterINS1_16FlashAttnFwdSm90INS1_25CollectiveMainloopFwdSm90ILi2EN4cute5tupleIJNS5_1CILi1EEES8_S8_EEENS6_IJNS7_ILi64EEENS7_ILi192EEESA_EEELi64ENS_10bfloat16_tEfNS_4arch4Sm90ELb0ELb0ELb0ELb1ELb1ELb0ELb0ELb1ELb1ELb1ELb0ELb0ESD_Li1EEENS1_21CollectiveEpilogueFwdINS6_IJSA_SA_SB_EEES9_SD_SF_Li128ELb1ELb1ELb0ELb0ELi1EEENS1_36VarlenDynamicPersistentTileSchedulerILi64ELi192ELi128ELi128ELb0ELb1ELb1ELb0ELb0ELb1EEEEEEEEEvNT_6ParamsE--3,Total_core_cache_stats_breakdown[GLOBAL_ACC_R][HIT],34.0,34.0,\s+Total_core_cache_stats_breakdown\[GLOBAL_ACC_R\]\[HIT\]\s*=\s*(.*)
instance,llm_layer,layer,H100-SASS-Accelwattch_SASS_SIM,_ZN2at6native29vectorized_elementwise_kernelILi4ENS0_11FillFunctorIiEESt5arrayIPcLm1EEEEviT0_T1_--4,Total_core_cache_stats_breakdown[GLOBAL_ACC_R][HIT],0.0,0.0,\s+Total_core_cache_stats_breakdown\[GLOBAL_ACC_R\]\[HIT\]\s*=\s*(.*)
instance,llm_layer,layer,H100-SASS-Accelwattch_SASS_SIM,nvjet_sm90_tst_64x8_64x16_4x1_v_bz_TNT--3,Total_core_cache_stats_breakdown[GLOBAL_ACC_R][HIT],0.0,0.0,\s+Total_core_cache_stats_breakdown\[GLOBAL_ACC_R\]\[HIT\]\s*=\s*(.*)
instance,llm_layer,layer,H100-SASS-Accelwattch_SASS_SIM,_ZN4vllm25fused_add_rms_norm_kernelIN3c108BFloat16ELi8ELb1EEENSt9enable_ifIXaagtT0_Li0Esr4vllm12_typeConvertIT_EE6existsEvE4typeEPS4_lS7_PKS4_fiil--9,Total_core_cache_stats_breakdown[GLOBAL_ACC_R][HIT],56.0,56.0,\s+Total_core_cache_stats_breakdown\[GLOBAL_ACC_R\]\[HIT\]\s*=\s*(.*)
instance,llm_layer,layer,H100-SASS-Accelwattch_SASS_SIM,nvjet_sm90_tst_128x8_64x12_4x1_v_bz_TNT--3,Total_core_cache_stats_breakdown[GLOBAL_ACC_R][HIT],0.0,0.0,\s+Total_core_cache_stats_breakdown\[GLOBAL_ACC_R\]\[HIT\]\s*=\s*(.*)
instance,llm_layer,layer,H100-SASS-Accelwattch_SASS_SIM,_ZN4vllm18act_and_mul_kernelIN3c108BFloat16E14__nv_bfloat162XadL_ZNS_11silu_kernelIS2_EET_RKS5_fEEXadL_ZNS_18packed_silu_kernelIS3_EES5_S7_fEELb1ELb1ELb0ELb0EEEvPS5_PS6_ifff--4,Total_core_cache_stats_breakdown[GLOBAL_ACC_R][HIT],0.0,0.0,\s+Total_core_cache_stats_breakdown\[GLOBAL_ACC_R\]\[HIT\]\s*=\s*(.*)
instance,llm_layer,layer,H100-SASS-Accelwattch_SASS_SIM,nvjet_sm90_tst_64x8_64x16_4x1_v_bz_splitK_TNT--3,Total_core_cache_stats_breakdown[GLOBAL_ACC_R][HIT],0.0,0.0,\s+Total_core_cache_stats_breakdown\[GLOBAL_ACC_R\]\[HIT\]\s*=\s*(.*)
instance,llm_layer,layer,H100-SASS-Accelwattch_SASS_SIM,_ZN8cublasLt19splitKreduce_kernelILi32ELi16Eif13__nv_bfloat16fS1_Lb0EfS1_S1_Lb1ELb0ELb0ELb0EEEvNS_18cublasSplitKParamsIT4_EEPKT2_PKT8_PT7_PT3_PKS3_SG_PKT9_S7_PSH_PvlPS3_PiSM_SM_SG_SG_SG_SG_SG_--4,Total_core_cache_stats_breakdown[GLOBAL_ACC_R][HIT],0.0,0.0,\s+Total_core_cache_stats_breakdown\[GLOBAL_ACC_R\]\[HIT\]\s*=\s*(.*)
instance,llm_layer,layer,H100-SASS-Accelwattch_SASS_SIM,_ZN4vllm25fused_add_rms_norm_kernelIN3c108BFloat16ELi8ELb1EEENSt9enable_ifIXaagtT0_Li0Esr4vllm12_typeConvertIT_EE6existsEvE4typeEPS4_lS7_PKS4_fiil--10,Total_core_cache_stats_breakdown[GLOBAL_ACC_R][HIT],56.0,56.0,\s+Total_core_cache_stats_breakdown\[GLOBAL_ACC_R\]\[HIT\]\s*=\s*(.*)
instance,llm_layer,layer,H100-SASS-Accelwattch_SASS_SIM,nvjet_sm90_tst_64x8_64x16_4x1_v_bz_bias_TNT--4,Total_core_cache_stats_breakdown[GLOBAL_ACC_R][HIT],0.0,0.0,\s+Total_core_cache_stats_breakdown\[GLOBAL_ACC_R\]\[HIT\]\s*=\s*(.*)
instance,llm_layer,layer,H100-SASS-Accelwattch_SASS_SIM,_ZN4vllm23rotary_embedding_kernelIN3c108BFloat16ES2_Lb1EEEvPKlPT_S6_PKT0_illliiilb--5,Total_core_cache_stats_breakdown[GLOBAL_ACC_R][HIT],8.0,8.0,\s+Total_core_cache_stats_breakdown\[GLOBAL_ACC_R\]\[HIT\]\s*=\s*(.*)
instance,llm_layer,layer,H100-SASS-Accelwattch_SASS_SIM,_ZN4vllm30reshape_and_cache_flash_kernelI13__nv_bfloat16S1_LNS_18Fp8KVCacheDataTypeE0EEEvPKT_S5_PT0_S7_PKlllllliiiPKfSB_i--5,Total_core_cache_stats_breakdown[GLOBAL_ACC_R][HIT],0.0,0.0,\s+Total_core_cache_stats_breakdown\[GLOBAL_ACC_R\]\[HIT\]\s*=\s*(.*)
instance,llm_layer,layer,H100-SASS-Accelwattch_SASS_SIM,_ZN7cutlass13device_kernelIN5flash20enable_sm90_or_laterINS1_16FlashAttnFwdSm90INS1_25CollectiveMainloopFwdSm90ILi2EN4cute5tupleIJNS5_1CILi1EEES8_S8_EEENS6_IJNS7_ILi64EEENS7_ILi192EEESA_EEELi64ENS_10bfloat16_tEfNS_4arch4Sm90ELb0ELb0ELb0ELb1ELb1ELb0ELb0ELb1ELb1ELb1ELb0ELb0ESD_Li1EEENS1_21CollectiveEpilogueFwdINS6_IJSA_SA_SB_EEES9_SD_SF_Li128ELb1ELb1ELb0ELb0ELi1EEENS1_36VarlenDynamicPersistentTileSchedulerILi64ELi192ELi128ELi128ELb0ELb1ELb1ELb0ELb0ELb1EEEEEEEEEvNT_6ParamsE--4,Total_core_cache_stats_breakdown[GLOBAL_ACC_R][HIT],26.0,26.0,\s+Total_core_cache_stats_breakdown\[GLOBAL_ACC_R\]\[HIT\]\s*=\s*(.*)
instance,llm_layer,layer,H100-SASS-Accelwattch_SASS_SIM,_ZN2at6native29vectorized_elementwise_kernelILi4ENS0_11FillFunctorIiEESt5arrayIPcLm1EEEEviT0_T1_--5,Total_core_cache_stats_breakdown[GLOBAL_ACC_R][HIT],0.0,0.0,\s+Total_core_cache_stats_breakdown\[GLOBAL_ACC_R\]\[HIT\]\s*=\s*(.*)
instance,llm_layer,layer,H100-SASS-Accelwattch_SASS_SIM,nvjet_sm90_tst_64x8_64x16_4x1_v_bz_TNT--4,Total_core_cache_stats_breakdown[GLOBAL_ACC_R][HIT],0.0,0.0,\s+Total_core_cache_stats_breakdown\[GLOBAL_ACC_R\]\[HIT\]\s*=\s*(.*)
instance,llm_layer,layer,H100-SASS-Accelwattch_SASS_SIM,_ZN4vllm25fused_add_rms_norm_kernelIN3c108BFloat16ELi8ELb1EEENSt9enable_ifIXaagtT0_Li0Esr4vllm12_typeConvertIT_EE6existsEvE4typeEPS4_lS7_PKS4_fiil--11,Total_core_cache_stats_breakdown[GLOBAL_ACC_R][HIT],56.0,56.0,\s+Total_core_cache_stats_breakdown\[GLOBAL_ACC_R\]\[HIT\]\s*=\s*(.*)
instance,llm_layer,layer,H100-SASS-Accelwattch_SASS_SIM,nvjet_sm90_tst_128x8_64x12_4x1_v_bz_TNT--4,Total_core_cache_stats_breakdown[GLOBAL_ACC_R][HIT],0.0,0.0,\s+Total_core_cache_stats_breakdown\[GLOBAL_ACC_R\]\[HIT\]\s*=\s*(.*)
instance,llm_layer,layer,H100-SASS-Accelwattch_SASS_SIM,_ZN4vllm18act_and_mul_kernelIN3c108BFloat16E14__nv_bfloat162XadL_ZNS_11silu_kernelIS2_EET_RKS5_fEEXadL_ZNS_18packed_silu_kernelIS3_EES5_S7_fEELb1ELb1ELb0ELb0EEEvPS5_PS6_ifff--5,Total_core_cache_stats_breakdown[GLOBAL_ACC_R][HIT],0.0,0.0,\s+Total_core_cache_stats_breakdown\[GLOBAL_ACC_R\]\[HIT\]\s*=\s*(.*)
instance,llm_layer,layer,H100-SASS-Accelwattch_SASS_SIM,nvjet_sm90_tst_64x8_64x16_4x1_v_bz_splitK_TNT--4,Total_core_cache_stats_breakdown[GLOBAL_ACC_R][HIT],0.0,0.0,\s+Total_core_cache_stats_breakdown\[GLOBAL_ACC_R\]\[HIT\]\s*=\s*(.*)
instance,llm_layer,layer,H100-SASS-Accelwattch_SASS_SIM,_ZN8cublasLt19splitKreduce_kernelILi32ELi16Eif13__nv_bfloat16fS1_Lb0EfS1_S1_Lb1ELb0ELb0ELb0EEEvNS_18cublasSplitKParamsIT4_EEPKT2_PKT8_PT7_PT3_PKS3_SG_PKT9_S7_PSH_PvlPS3_PiSM_SM_SG_SG_SG_SG_SG_--5,Total_core_cache_stats_breakdown[GLOBAL_ACC_R][HIT],0.0,0.0,\s+Total_core_cache_stats_breakdown\[GLOBAL_ACC_R\]\[HIT\]\s*=\s*(.*)
instance,llm_layer,layer,H100-SASS-Accelwattch_SASS_SIM,_ZN4vllm25fused_add_rms_norm_kernelIN3c108BFloat16ELi8ELb1EEENSt9enable_ifIXaagtT0_Li0Esr4vllm12_typeConvertIT_EE6existsEvE4typeEPS4_lS7_PKS4_fiil--12,Total_core_cache_stats_breakdown[GLOBAL_ACC_R][HIT],56.0,56.0,\s+Total_core_cache_stats_breakdown\[GLOBAL_ACC_R\]\[HIT\]\s*=\s*(.*)
instance,llm_layer,layer,H100-SASS-Accelwattch_SASS_SIM,nvjet_sm90_tst_64x8_64x16_4x1_v_bz_bias_TNT--5,Total_core_cache_stats_breakdown[GLOBAL_ACC_R][HIT],0.0,0.0,\s+Total_core_cache_stats_breakdown\[GLOBAL_ACC_R\]\[HIT\]\s*=\s*(.*)
instance,llm_layer,layer,H100-SASS-Accelwattch_SASS_SIM,_ZN4vllm23rotary_embedding_kernelIN3c108BFloat16ES2_Lb1EEEvPKlPT_S6_PKT0_illliiilb--6,Total_core_cache_stats_breakdown[GLOBAL_ACC_R][HIT],8.0,8.0,\s+Total_core_cache_stats_breakdown\[GLOBAL_ACC_R\]\[HIT\]\s*=\s*(.*)
instance,llm_layer,layer,H100-SASS-Accelwattch_SASS_SIM,_ZN4vllm30reshape_and_cache_flash_kernelI13__nv_bfloat16S1_LNS_18Fp8KVCacheDataTypeE0EEEvPKT_S5_PT0_S7_PKlllllliiiPKfSB_i--6,Total_core_cache_stats_breakdown[GLOBAL_ACC_R][HIT],0.0,0.0,\s+Total_core_cache_stats_breakdown\[GLOBAL_ACC_R\]\[HIT\]\s*=\s*(.*)
instance,llm_layer,layer,H100-SASS-Accelwattch_SASS_SIM,_ZN7cutlass13device_kernelIN5flash20enable_sm90_or_laterINS1_16FlashAttnFwdSm90INS1_25CollectiveMainloopFwdSm90ILi2EN4cute5tupleIJNS5_1CILi1EEES8_S8_EEENS6_IJNS7_ILi64EEENS7_ILi192EEESA_EEELi64ENS_10bfloat16_tEfNS_4arch4Sm90ELb0ELb0ELb0ELb1ELb1ELb0ELb0ELb1ELb1ELb1ELb0ELb0ESD_Li1EEENS1_21CollectiveEpilogueFwdINS6_IJSA_SA_SB_EEES9_SD_SF_Li128ELb1ELb1ELb0ELb0ELi1EEENS1_36VarlenDynamicPersistentTileSchedulerILi64ELi192ELi128ELi128ELb0ELb1ELb1ELb0ELb0ELb1EEEEEEEEEvNT_6ParamsE--5,Total_core_cache_stats_breakdown[GLOBAL_ACC_R][HIT],26.0,26.0,\s+Total_core_cache_stats_breakdown\[GLOBAL_ACC_R\]\[HIT\]\s*=\s*(.*)
instance,llm_layer,layer,H100-SASS-Accelwattch_SASS_SIM,_ZN2at6native29vectorized_elementwise_kernelILi4ENS0_11FillFunctorIiEESt5arrayIPcLm1EEEEviT0_T1_--6,Total_core_cache_stats_breakdown[GLOBAL_ACC_R][HIT],0.0,0.0,\s+Total_core_cache_stats_breakdown\[GLOBAL_ACC_R\]\[HIT\]\s*=\s*(.*)
instance,llm_layer,layer,H100-SASS-Accelwattch_SASS_SIM,nvjet_sm90_tst_64x8_64x16_4x1_v_bz_TNT--5,Total_core_cache_stats_breakdown[GLOBAL_ACC_R][HIT],0.0,0.0,\s+Total_core_cache_stats_breakdown\[GLOBAL_ACC_R\]\[HIT\]\s*=\s*(.*)
instance,llm_layer,layer,H100-SASS-Accelwattch_SASS_SIM,_ZN4vllm25fused_add_rms_norm_kernelIN3c108BFloat16ELi8ELb1EEENSt9enable_ifIXaagtT0_Li0Esr4vllm12_typeConvertIT_EE6existsEvE4typeEPS4_lS7_PKS4_fiil--13,Total_core_cache_stats_breakdown[GLOBAL_ACC_R][HIT],56.0,56.0,\s+Total_core_cache_stats_breakdown\[GLOBAL_ACC_R\]\[HIT\]\s*=\s*(.*)
instance,llm_layer,layer,H100-SASS-Accelwattch_SASS_SIM,nvjet_sm90_tst_128x8_64x12_4x1_v_bz_TNT--5,Total_core_cache_stats_breakdown[GLOBAL_ACC_R][HIT],0.0,0.0,\s+Total_core_cache_stats_breakdown\[GLOBAL_ACC_R\]\[HIT\]\s*=\s*(.*)
instance,llm_layer,layer,H100-SASS-Accelwattch_SASS_SIM,_ZN4vllm18act_and_mul_kernelIN3c108BFloat16E14__nv_bfloat162XadL_ZNS_11silu_kernelIS2_EET_RKS5_fEEXadL_ZNS_18packed_silu_kernelIS3_EES5_S7_fEELb1ELb1ELb0ELb0EEEvPS5_PS6_ifff--6,Total_core_cache_stats_breakdown[GLOBAL_ACC_R][HIT],0.0,0.0,\s+Total_core_cache_stats_breakdown\[GLOBAL_ACC_R\]\[HIT\]\s*=\s*(.*)
instance,llm_layer,layer,H100-SASS-Accelwattch_SASS_SIM,nvjet_sm90_tst_64x8_64x16_4x1_v_bz_splitK_TNT--5,Total_core_cache_stats_breakdown[GLOBAL_ACC_R][HIT],0.0,0.0,\s+Total_core_cache_stats_breakdown\[GLOBAL_ACC_R\]\[HIT\]\s*=\s*(.*)
instance,llm_layer,layer,H100-SASS-Accelwattch_SASS_SIM,_ZN8cublasLt19splitKreduce_kernelILi32ELi16Eif13__nv_bfloat16fS1_Lb0EfS1_S1_Lb1ELb0ELb0ELb0EEEvNS_18cublasSplitKParamsIT4_EEPKT2_PKT8_PT7_PT3_PKS3_SG_PKT9_S7_PSH_PvlPS3_PiSM_SM_SG_SG_SG_SG_SG_--6,Total_core_cache_stats_breakdown[GLOBAL_ACC_R][HIT],0.0,0.0,\s+Total_core_cache_stats_breakdown\[GLOBAL_ACC_R\]\[HIT\]\s*=\s*(.*)
instance,llm_layer,layer,H100-SASS-Accelwattch_SASS_SIM,_ZN4vllm25fused_add_rms_norm_kernelIN3c108BFloat16ELi8ELb1EEENSt9enable_ifIXaagtT0_Li0Esr4vllm12_typeConvertIT_EE6existsEvE4typeEPS4_lS7_PKS4_fiil--14,Total_core_cache_stats_breakdown[GLOBAL_ACC_R][HIT],56.0,56.0,\s+Total_core_cache_stats_breakdown\[GLOBAL_ACC_R\]\[HIT\]\s*=\s*(.*)
instance,llm_layer,layer,H100-SASS-Accelwattch_SASS_SIM,nvjet_sm90_tst_64x8_64x16_4x1_v_bz_bias_TNT--6,Total_core_cache_stats_breakdown[GLOBAL_ACC_R][HIT],0.0,0.0,\s+Total_core_cache_stats_breakdown\[GLOBAL_ACC_R\]\[HIT\]\s*=\s*(.*)
instance,llm_layer,layer,H100-SASS-Accelwattch_SASS_SIM,_ZN4vllm23rotary_embedding_kernelIN3c108BFloat16ES2_Lb1EEEvPKlPT_S6_PKT0_illliiilb--7,Total_core_cache_stats_breakdown[GLOBAL_ACC_R][HIT],8.0,8.0,\s+Total_core_cache_stats_breakdown\[GLOBAL_ACC_R\]\[HIT\]\s*=\s*(.*)
instance,llm_layer,layer,H100-SASS-Accelwattch_SASS_SIM,_ZN4vllm30reshape_and_cache_flash_kernelI13__nv_bfloat16S1_LNS_18Fp8KVCacheDataTypeE0EEEvPKT_S5_PT0_S7_PKlllllliiiPKfSB_i--7,Total_core_cache_stats_breakdown[GLOBAL_ACC_R][HIT],0.0,0.0,\s+Total_core_cache_stats_breakdown\[GLOBAL_ACC_R\]\[HIT\]\s*=\s*(.*)
instance,llm_layer,layer,H100-SASS-Accelwattch_SASS_SIM,_ZN7cutlass13device_kernelIN5flash20enable_sm90_or_laterINS1_16FlashAttnFwdSm90INS1_25CollectiveMainloopFwdSm90ILi2EN4cute5tupleIJNS5_1CILi1EEES8_S8_EEENS6_IJNS7_ILi64EEENS7_ILi192EEESA_EEELi64ENS_10bfloat16_tEfNS_4arch4Sm90ELb0ELb0ELb0ELb1ELb1ELb0ELb0ELb1ELb1ELb1ELb0ELb0ESD_Li1EEENS1_21CollectiveEpilogueFwdINS6_IJSA_SA_SB_EEES9_SD_SF_Li128ELb1ELb1ELb0ELb0ELi1EEENS1_36VarlenDynamicPersistentTileSchedulerILi64ELi192ELi128ELi128ELb0ELb1ELb1ELb0ELb0ELb1EEEEEEEEEvNT_6ParamsE--6,Total_core_cache_stats_breakdown[GLOBAL_ACC_R][HIT],34.0,34.0,\s+Total_core_cache_stats_breakdown\[GLOBAL_ACC_R\]\[HIT\]\s*=\s*(.*)
instance,llm_layer,layer,H100-SASS-Accelwattch_SASS_SIM,_ZN2at6native29vectorized_elementwise_kernelILi4ENS0_11FillFunctorIiEESt5arrayIPcLm1EEEEviT0_T1_--7,Total_core_cache_stats_breakdown[GLOBAL_ACC_R][HIT],0.0,0.0,\s+Total_core_cache_stats_breakdown\[GLOBAL_ACC_R\]\[HIT\]\s*=\s*(.*)
instance,llm_layer,layer,H100-SASS-Accelwattch_SASS_SIM,nvjet_sm90_tst_64x8_64x16_4x1_v_bz_TNT--6,Total_core_cache_stats_breakdown[GLOBAL_ACC_R][HIT],0.0,0.0,\s+Total_core_cache_stats_breakdown\[GLOBAL_ACC_R\]\[HIT\]\s*=\s*(.*)
instance,llm_layer,layer,H100-SASS-Accelwattch_SASS_SIM,_ZN4vllm25fused_add_rms_norm_kernelIN3c108BFloat16ELi8ELb1EEENSt9enable_ifIXaagtT0_Li0Esr4vllm12_typeConvertIT_EE6existsEvE4typeEPS4_lS7_PKS4_fiil--15,Total_core_cache_stats_breakdown[GLOBAL_ACC_R][HIT],56.0,56.0,\s+Total_core_cache_stats_breakdown\[GLOBAL_ACC_R\]\[HIT\]\s*=\s*(.*)
instance,llm_layer,layer,H100-SASS-Accelwattch_SASS_SIM,nvjet_sm90_tst_128x8_64x12_4x1_v_bz_TNT--6,Total_core_cache_stats_breakdown[GLOBAL_ACC_R][HIT],0.0,0.0,\s+Total_core_cache_stats_breakdown\[GLOBAL_ACC_R\]\[HIT\]\s*=\s*(.*)
instance,llm_layer,layer,H100-SASS-Accelwattch_SASS_SIM,_ZN4vllm18act_and_mul_kernelIN3c108BFloat16E14__nv_bfloat162XadL_ZNS_11silu_kernelIS2_EET_RKS5_fEEXadL_ZNS_18packed_silu_kernelIS3_EES5_S7_fEELb1ELb1ELb0ELb0EEEvPS5_PS6_ifff--7,Total_core_cache_stats_breakdown[GLOBAL_ACC_R][HIT],0.0,0.0,\s+Total_core_cache_stats_breakdown\[GLOBAL_ACC_R\]\[HIT\]\s*=\s*(.*)
instance,llm_layer,layer,H100-SASS-Accelwattch_SASS_SIM,nvjet_sm90_tst_64x8_64x16_4x1_v_bz_splitK_TNT--6,Total_core_cache_stats_breakdown[GLOBAL_ACC_R][HIT],0.0,0.0,\s+Total_core_cache_stats_breakdown\[GLOBAL_ACC_R\]\[HIT\]\s*=\s*(.*)
instance,llm_layer,layer,H100-SASS-Accelwattch_SASS_SIM,_ZN8cublasLt19splitKreduce_kernelILi32ELi16Eif13__nv_bfloat16fS1_Lb0EfS1_S1_Lb1ELb0ELb0ELb0EEEvNS_18cublasSplitKParamsIT4_EEPKT2_PKT8_PT7_PT3_PKS3_SG_PKT9_S7_PSH_PvlPS3_PiSM_SM_SG_SG_SG_SG_SG_--7,Total_core_cache_stats_breakdown[GLOBAL_ACC_R][HIT],0.0,0.0,\s+Total_core_cache_stats_breakdown\[GLOBAL_ACC_R\]\[HIT\]\s*=\s*(.*)
instance,llm_layer,layer,H100-SASS-Accelwattch_SASS_SIM,_ZN4vllm25fused_add_rms_norm_kernelIN3c108BFloat16ELi8ELb1EEENSt9enable_ifIXaagtT0_Li0Esr4vllm12_typeConvertIT_EE6existsEvE4typeEPS4_lS7_PKS4_fiil--0,Total_core_cache_stats_breakdown[GLOBAL_ACC_W][HIT],1120.0,1120.0,\s+Total_core_cache_stats_breakdown\[GLOBAL_ACC_W\]\[HIT\]\s*=\s*(.*)
instance,llm_layer,layer,H100-SASS-Accelwattch_SASS_SIM,nvjet_sm90_tst_64x8_64x16_4x2_h_bz_bias_TNT--0,Total_core_cache_stats_breakdown[GLOBAL_ACC_W][HIT],0.0,0.0,\s+Total_core_cache_stats_breakdown\[GLOBAL_ACC_W\]\[HIT\]\s*=\s*(.*)
instance,llm_layer,layer,H100-SASS-Accelwattch_SASS_SIM,_ZN4vllm23rotary_embedding_kernelIN3c108BFloat16ES2_Lb1EEEvPKlPT_S6_PKT0_illliiilb--0,Total_core_cache_stats_breakdown[GLOBAL_ACC_W][HIT],640.0,640.0,\s+Total_core_cache_stats_breakdown\[GLOBAL_ACC_W\]\[HIT\]\s*=\s*(.*)
instance,llm_layer,layer,H100-SASS-Accelwattch_SASS_SIM,_ZN4vllm30reshape_and_cache_flash_kernelI13__nv_bfloat16S1_LNS_18Fp8KVCacheDataTypeE0EEEvPKT_S5_PT0_S7_PKlllllliiiPKfSB_i--0,Total_core_cache_stats_breakdown[GLOBAL_ACC_W][HIT],0.0,0.0,\s+Total_core_cache_stats_breakdown\[GLOBAL_ACC_W\]\[HIT\]\s*=\s*(.*)
instance,llm_layer,layer,H100-SASS-Accelwattch_SASS_SIM,_ZN7cutlass13device_kernelIN5flash20enable_sm90_or_laterINS1_16FlashAttnFwdSm90INS1_25CollectiveMainloopFwdSm90ILi2EN4cute5tupleIJNS5_1CILi1EEES8_S8_EEENS6_IJNS7_ILi192EEENS7_ILi128EEENS7_ILi64EEEEEELi64ENS_10bfloat16_tEfNS_4arch4Sm90ELb1ELb0ELb0ELb1ELb1ELb0ELb0ELb1ELb1ELb1ELb0ELb0ESE_Li1EEENS1_21CollectiveEpilogueFwdINS6_IJSA_SC_SB_EEES9_SE_SG_Li384ELb1ELb1ELb0ELb0ELi1EEENS1_36VarlenDynamicPersistentTileSchedulerILi192ELi128ELi384ELi128ELb0ELb1ELb1ELb1ELb0ELb1EEEEEEEEEvNT_6ParamsE--0,Total_core_cache_stats_breakdown[GLOBAL_ACC_W][HIT],113.0,113.0,\s+Total_core_cache_stats_breakdown\[GLOBAL_ACC_W\]\[HIT\]\s*=\s*(.*)
instance,llm_layer,layer,H100-SASS-Accelwattch_SASS_SIM,_ZN2at6native29vectorized_elementwise_kernelILi4ENS0_11FillFunctorIiEESt5arrayIPcLm1EEEEviT0_T1_--0,Total_core_cache_stats_breakdown[GLOBAL_ACC_W][HIT],0.0,0.0,\s+Total_core_cache_stats_breakdown\[GLOBAL_ACC_W\]\[HIT\]\s*=\s*(.*)
instance,llm_layer,layer,H100-SASS-Accelwattch_SASS_SIM,nvjet_sm90_tst_64x8_64x16_4x2_h_bz_TNT--0,Total_core_cache_stats_breakdown[GLOBAL_ACC_W][HIT],0.0,0.0,\s+Total_core_cache_stats_breakdown\[GLOBAL_ACC_W\]\[HIT\]\s*=\s*(.*)
instance,llm_layer,layer,H100-SASS-Accelwattch_SASS_SIM,_ZN4vllm25fused_add_rms_norm_kernelIN3c108BFloat16ELi8ELb1EEENSt9enable_ifIXaagtT0_Li0Esr4vllm12_typeConvertIT_EE6existsEvE4typeEPS4_lS7_PKS4_fiil--1,Total_core_cache_stats_breakdown[GLOBAL_ACC_W][HIT],1120.0,1120.0,\s+Total_core_cache_stats_breakdown\[GLOBAL_ACC_W\]\[HIT\]\s*=\s*(.*)
instance,llm_layer,layer,H100-SASS-Accelwattch_SASS_SIM,nvjet_sm90_tst_128x16_64x11_4x1_v_bz_TNT--0,Total_core_cache_stats_breakdown[GLOBAL_ACC_W][HIT],0.0,0.0,\s+Total_core_cache_stats_breakdown\[GLOBAL_ACC_W\]\[HIT\]\s*=\s*(.*)
instance,llm_layer,layer,H100-SASS-Accelwattch_SASS_SIM,_ZN4vllm18act_and_mul_kernelIN3c108BFloat16E14__nv_bfloat162XadL_ZNS_11silu_kernelIS2_EET_RKS5_fEEXadL_ZNS_18packed_silu_kernelIS3_EES5_S7_fEELb1ELb1ELb0ELb0EEEvPS5_PS6_ifff--0,Total_core_cache_stats_breakdown[GLOBAL_ACC_W][HIT],0.0,0.0,\s+Total_core_cache_stats_breakdown\[GLOBAL_ACC_W\]\[HIT\]\s*=\s*(.*)
instance,llm_layer,layer,H100-SASS-Accelwattch_SASS_SIM,nvjet_sm90_tst_64x16_64x16_4x1_v_bz_splitK_TNT--0,Total_core_cache_stats_breakdown[GLOBAL_ACC_W][HIT],0.0,0.0,\s+Total_core_cache_stats_breakdown\[GLOBAL_ACC_W\]\[HIT\]\s*=\s*(.*)
instance,llm_layer,layer,H100-SASS-Accelwattch_SASS_SIM,_ZN8cublasLt19splitKreduce_kernelILi32ELi16Eif13__nv_bfloat16fS1_Lb0EfS1_S1_Lb1ELb0ELb0ELb0EEEvNS_18cublasSplitKParamsIT4_EEPKT2_PKT8_PT7_PT3_PKS3_SG_PKT9_S7_PSH_PvlPS3_PiSM_SM_SG_SG_SG_SG_SG_--0,Total_core_cache_stats_breakdown[GLOBAL_ACC_W][HIT],0.0,0.0,\s+Total_core_cache_stats_breakdown\[GLOBAL_ACC_W\]\[HIT\]\s*=\s*(.*)
instance,llm_layer,layer,H100-SASS-Accelwattch_SASS_SIM,_ZN4vllm25fused_add_rms_norm_kernelIN3c108BFloat16ELi8ELb1EEENSt9enable_ifIXaagtT0_Li0Esr4vllm12_typeConvertIT_EE6existsEvE4typeEPS4_lS7_PKS4_fiil--2,Total_core_cache_stats_breakdown[GLOBAL_ACC_W][HIT],112.0,112.0,\s+Total_core_cache_stats_breakdown\[GLOBAL_ACC_W\]\[HIT\]\s*=\s*(.*)
instance,llm_layer,layer,H100-SASS-Accelwattch_SASS_SIM,nvjet_sm90_tst_64x8_64x16_4x1_v_bz_bias_TNT--0,Total_core_cache_stats_breakdown[GLOBAL_ACC_W][HIT],0.0,0.0,\s+Total_core_cache_stats_breakdown\[GLOBAL_ACC_W\]\[HIT\]\s*=\s*(.*)
instance,llm_layer,layer,H100-SASS-Accelwattch_SASS_SIM,_ZN4vllm23rotary_embedding_kernelIN3c108BFloat16ES2_Lb1EEEvPKlPT_S6_PKT0_illliiilb--1,Total_core_cache_stats_breakdown[GLOBAL_ACC_W][HIT],64.0,64.0,\s+Total_core_cache_stats_breakdown\[GLOBAL_ACC_W\]\[HIT\]\s*=\s*(.*)
instance,llm_layer,layer,H100-SASS-Accelwattch_SASS_SIM,_ZN4vllm30reshape_and_cache_flash_kernelI13__nv_bfloat16S1_LNS_18Fp8KVCacheDataTypeE0EEEvPKT_S5_PT0_S7_PKlllllliiiPKfSB_i--1,Total_core_cache_stats_breakdown[GLOBAL_ACC_W][HIT],0.0,0.0,\s+Total_core_cache_stats_breakdown\[GLOBAL_ACC_W\]\[HIT\]\s*=\s*(.*)
instance,llm_layer,layer,H100-SASS-Accelwattch_SASS_SIM,_ZN7cutlass13device_kernelIN5flash20enable_sm90_or_laterINS1_16FlashAttnFwdSm90INS1_25CollectiveMainloopFwdSm90ILi2EN4cute5tupleIJNS5_1CILi1EEES8_S8_EEENS6_IJNS7_ILi64EEENS7_ILi192EEESA_EEELi64ENS_10bfloat16_tEfNS_4arch4Sm90ELb0ELb0ELb0ELb1ELb1ELb0ELb0ELb1ELb1ELb1ELb0ELb0ESD_Li1EEENS1_21CollectiveEpilogueFwdINS6_IJSA_SA_SB_EEES9_SD_SF_Li128ELb1ELb1ELb0ELb0ELi1EEENS1_36VarlenDynamicPersistentTileSchedulerILi64ELi192ELi128ELi128ELb0ELb1ELb1ELb0ELb0ELb1EEEEEEEEEvNT_6ParamsE--0,Total_core_cache_stats_breakdown[GLOBAL_ACC_W][HIT],0.0,0.0,\s+Total_core_cache_stats_breakdown\[GLOBAL_ACC_W\]\[HIT\]\s*=\s*(.*)
instance,llm_layer,layer,H100-SASS-Accelwattch_SASS_SIM,_ZN2at6native29vectorized_elementwise_kernelILi4ENS0_11FillFunctorIiEESt5arrayIPcLm1EEEEviT0_T1_--1,Total_core_cache_stats_breakdown[GLOBAL_ACC_W][HIT],0.0,0.0,\s+Total_core_cache_stats_breakdown\[GLOBAL_ACC_W\]\[HIT\]\s*=\s*(.*)
instance,llm_layer,layer,H100-SASS-Accelwattch_SASS_SIM,nvjet_sm90_tst_64x8_64x16_4x1_v_bz_TNT--0,Total_core_cache_stats_breakdown[GLOBAL_ACC_W][HIT],0.0,0.0,\s+Total_core_cache_stats_breakdown\[GLOBAL_ACC_W\]\[HIT\]\s*=\s*(.*)
instance,llm_layer,layer,H100-SASS-Accelwattch_SASS_SIM,_ZN4vllm25fused_add_rms_norm_kernelIN3c108BFloat16ELi8ELb1EEENSt9enable_ifIXaagtT0_Li0Esr4vllm12_typeConvertIT_EE6existsEvE4typeEPS4_lS7_PKS4_fiil--3,Total_core_cache_stats_breakdown[GLOBAL_ACC_W][HIT],112.0,112.0,\s+Total_core_cache_stats_breakdown\[GLOBAL_ACC_W\]\[HIT\]\s*=\s*(.*)
instance,llm_layer,layer,H100-SASS-Accelwattch_SASS_SIM,nvjet_sm90_tst_128x8_64x12_4x1_v_bz_TNT--0,Total_core_cache_stats_breakdown[GLOBAL_ACC_W][HIT],0.0,0.0,\s+Total_core_cache_stats_breakdown\[GLOBAL_ACC_W\]\[HIT\]\s*=\s*(.*)
instance,llm_layer,layer,H100-SASS-Accelwattch_SASS_SIM,_ZN4vllm18act_and_mul_kernelIN3c108BFloat16E14__nv_bfloat162XadL_ZNS_11silu_kernelIS2_EET_RKS5_fEEXadL_ZNS_18packed_silu_kernelIS3_EES5_S7_fEELb1ELb1ELb0ELb0EEEvPS5_PS6_ifff--1,Total_core_cache_stats_breakdown[GLOBAL_ACC_W][HIT],0.0,0.0,\s+Total_core_cache_stats_breakdown\[GLOBAL_ACC_W\]\[HIT\]\s*=\s*(.*)
instance,llm_layer,layer,H100-SASS-Accelwattch_SASS_SIM,nvjet_sm90_tst_64x8_64x16_4x1_v_bz_splitK_TNT--0,Total_core_cache_stats_breakdown[GLOBAL_ACC_W][HIT],0.0,0.0,\s+Total_core_cache_stats_breakdown\[GLOBAL_ACC_W\]\[HIT\]\s*=\s*(.*)
instance,llm_layer,layer,H100-SASS-Accelwattch_SASS_SIM,_ZN8cublasLt19splitKreduce_kernelILi32ELi16Eif13__nv_bfloat16fS1_Lb0EfS1_S1_Lb1ELb0ELb0ELb0EEEvNS_18cublasSplitKParamsIT4_EEPKT2_PKT8_PT7_PT3_PKS3_SG_PKT9_S7_PSH_PvlPS3_PiSM_SM_SG_SG_SG_SG_SG_--1,Total_core_cache_stats_breakdown[GLOBAL_ACC_W][HIT],0.0,0.0,\s+Total_core_cache_stats_breakdown\[GLOBAL_ACC_W\]\[HIT\]\s*=\s*(.*)
instance,llm_layer,layer,H100-SASS-Accelwattch_SASS_SIM,_ZN4vllm25fused_add_rms_norm_kernelIN3c108BFloat16ELi8ELb1EEENSt9enable_ifIXaagtT0_Li0Esr4vllm12_typeConvertIT_EE6existsEvE4typeEPS4_lS7_PKS4_fiil--4,Total_core_cache_stats_breakdown[GLOBAL_ACC_W][HIT],112.0,112.0,\s+Total_core_cache_stats_breakdown\[GLOBAL_ACC_W\]\[HIT\]\s*=\s*(.*)
instance,llm_layer,layer,H100-SASS-Accelwattch_SASS_SIM,nvjet_sm90_tst_64x8_64x16_4x1_v_bz_bias_TNT--1,Total_core_cache_stats_breakdown[GLOBAL_ACC_W][HIT],0.0,0.0,\s+Total_core_cache_stats_breakdown\[GLOBAL_ACC_W\]\[HIT\]\s*=\s*(.*)
instance,llm_layer,layer,H100-SASS-Accelwattch_SASS_SIM,_ZN4vllm23rotary_embedding_kernelIN3c108BFloat16ES2_Lb1EEEvPKlPT_S6_PKT0_illliiilb--2,Total_core_cache_stats_breakdown[GLOBAL_ACC_W][HIT],64.0,64.0,\s+Total_core_cache_stats_breakdown\[GLOBAL_ACC_W\]\[HIT\]\s*=\s*(.*)
instance,llm_layer,layer,H100-SASS-Accelwattch_SASS_SIM,_ZN4vllm30reshape_and_cache_flash_kernelI13__nv_bfloat16S1_LNS_18Fp8KVCacheDataTypeE0EEEvPKT_S5_PT0_S7_PKlllllliiiPKfSB_i--2,Total_core_cache_stats_breakdown[GLOBAL_ACC_W][HIT],0.0,0.0,\s+Total_core_cache_stats_breakdown\[GLOBAL_ACC_W\]\[HIT\]\s*=\s*(.*)
instance,llm_layer,layer,H100-SASS-Accelwattch_SASS_SIM,_ZN7cutlass13device_kernelIN5flash20enable_sm90_or_laterINS1_16FlashAttnFwdSm90INS1_25CollectiveMainloopFwdSm90ILi2EN4cute5tupleIJNS5_1CILi1EEES8_S8_EEENS6_IJNS7_ILi64EEENS7_ILi192EEESA_EEELi64ENS_10bfloat16_tEfNS_4arch4Sm90ELb0ELb0ELb0ELb1ELb1ELb0ELb0ELb1ELb1ELb1ELb0ELb0ESD_Li1EEENS1_21CollectiveEpilogueFwdINS6_IJSA_SA_SB_EEES9_SD_SF_Li128ELb1ELb1ELb0ELb0ELi1EEENS1_36VarlenDynamicPersistentTileSchedulerILi64ELi192ELi128ELi128ELb0ELb1ELb1ELb0ELb0ELb1EEEEEEEEEvNT_6ParamsE--1,Total_core_cache_stats_breakdown[GLOBAL_ACC_W][HIT],0.0,0.0,\s+Total_core_cache_stats_breakdown\[GLOBAL_ACC_W\]\[HIT\]\s*=\s*(.*)
instance,llm_layer,layer,H100-SASS-Accelwattch_SASS_SIM,_ZN2at6native29vectorized_elementwise_kernelILi4ENS0_11FillFunctorIiEESt5arrayIPcLm1EEEEviT0_T1_--2,Total_core_cache_stats_breakdown[GLOBAL_ACC_W][HIT],0.0,0.0,\s+Total_core_cache_stats_breakdown\[GLOBAL_ACC_W\]\[HIT\]\s*=\s*(.*)
instance,llm_layer,layer,H100-SASS-Accelwattch_SASS_SIM,nvjet_sm90_tst_64x8_64x16_4x1_v_bz_TNT--1,Total_core_cache_stats_breakdown[GLOBAL_ACC_W][HIT],0.0,0.0,\s+Total_core_cache_stats_breakdown\[GLOBAL_ACC_W\]\[HIT\]\s*=\s*(.*)
instance,llm_layer,layer,H100-SASS-Accelwattch_SASS_SIM,_ZN4vllm25fused_add_rms_norm_kernelIN3c108BFloat16ELi8ELb1EEENSt9enable_ifIXaagtT0_Li0Esr4vllm12_typeConvertIT_EE6existsEvE4typeEPS4_lS7_PKS4_fiil--5,Total_core_cache_stats_breakdown[GLOBAL_ACC_W][HIT],112.0,112.0,\s+Total_core_cache_stats_breakdown\[GLOBAL_ACC_W\]\[HIT\]\s*=\s*(.*)
instance,llm_layer,layer,H100-SASS-Accelwattch_SASS_SIM,nvjet_sm90_tst_128x8_64x12_4x1_v_bz_TNT--1,Total_core_cache_stats_breakdown[GLOBAL_ACC_W][HIT],0.0,0.0,\s+Total_core_cache_stats_breakdown\[GLOBAL_ACC_W\]\[HIT\]\s*=\s*(.*)
instance,llm_layer,layer,H100-SASS-Accelwattch_SASS_SIM,_ZN4vllm18act_and_mul_kernelIN3c108BFloat16E14__nv_bfloat162XadL_ZNS_11silu_kernelIS2_EET_RKS5_fEEXadL_ZNS_18packed_silu_kernelIS3_EES5_S7_fEELb1ELb1ELb0ELb0EEEvPS5_PS6_ifff--2,Total_core_cache_stats_breakdown[GLOBAL_ACC_W][HIT],0.0,0.0,\s+Total_core_cache_stats_breakdown\[GLOBAL_ACC_W\]\[HIT\]\s*=\s*(.*)
instance,llm_layer,layer,H100-SASS-Accelwattch_SASS_SIM,nvjet_sm90_tst_64x8_64x16_4x1_v_bz_splitK_TNT--1,Total_core_cache_stats_breakdown[GLOBAL_ACC_W][HIT],0.0,0.0,\s+Total_core_cache_stats_breakdown\[GLOBAL_ACC_W\]\[HIT\]\s*=\s*(.*)
instance,llm_layer,layer,H100-SASS-Accelwattch_SASS_SIM,_ZN8cublasLt19splitKreduce_kernelILi32ELi16Eif13__nv_bfloat16fS1_Lb0EfS1_S1_Lb1ELb0ELb0ELb0EEEvNS_18cublasSplitKParamsIT4_EEPKT2_PKT8_PT7_PT3_PKS3_SG_PKT9_S7_PSH_PvlPS3_PiSM_SM_SG_SG_SG_SG_SG_--2,Total_core_cache_stats_breakdown[GLOBAL_ACC_W][HIT],0.0,0.0,\s+Total_core_cache_stats_breakdown\[GLOBAL_ACC_W\]\[HIT\]\s*=\s*(.*)
instance,llm_layer,layer,H100-SASS-Accelwattch_SASS_SIM,_ZN4vllm25fused_add_rms_norm_kernelIN3c108BFloat16ELi8ELb1EEENSt9enable_ifIXaagtT0_Li0Esr4vllm12_typeConvertIT_EE6existsEvE4typeEPS4_lS7_PKS4_fiil--6,Total_core_cache_stats_breakdown[GLOBAL_ACC_W][HIT],112.0,112.0,\s+Total_core_cache_stats_breakdown\[GLOBAL_ACC_W\]\[HIT\]\s*=\s*(.*)
instance,llm_layer,layer,H100-SASS-Accelwattch_SASS_SIM,nvjet_sm90_tst_64x8_64x16_4x1_v_bz_bias_TNT--2,Total_core_cache_stats_breakdown[GLOBAL_ACC_W][HIT],0.0,0.0,\s+Total_core_cache_stats_breakdown\[GLOBAL_ACC_W\]\[HIT\]\s*=\s*(.*)
instance,llm_layer,layer,H100-SASS-Accelwattch_SASS_SIM,_ZN4vllm23rotary_embedding_kernelIN3c108BFloat16ES2_Lb1EEEvPKlPT_S6_PKT0_illliiilb--3,Total_core_cache_stats_breakdown[GLOBAL_ACC_W][HIT],64.0,64.0,\s+Total_core_cache_stats_breakdown\[GLOBAL_ACC_W\]\[HIT\]\s*=\s*(.*)
instance,llm_layer,layer,H100-SASS-Accelwattch_SASS_SIM,_ZN4vllm30reshape_and_cache_flash_kernelI13__nv_bfloat16S1_LNS_18Fp8KVCacheDataTypeE0EEEvPKT_S5_PT0_S7_PKlllllliiiPKfSB_i--3,Total_core_cache_stats_breakdown[GLOBAL_ACC_W][HIT],0.0,0.0,\s+Total_core_cache_stats_breakdown\[GLOBAL_ACC_W\]\[HIT\]\s*=\s*(.*)
instance,llm_layer,layer,H100-SASS-Accelwattch_SASS_SIM,_ZN7cutlass13device_kernelIN5flash20enable_sm90_or_laterINS1_16FlashAttnFwdSm90INS1_25CollectiveMainloopFwdSm90ILi2EN4cute5tupleIJNS5_1CILi1EEES8_S8_EEENS6_IJNS7_ILi64EEENS7_ILi192EEESA_EEELi64ENS_10bfloat16_tEfNS_4arch4Sm90ELb0ELb0ELb0ELb1ELb1ELb0ELb0ELb1ELb1ELb1ELb0ELb0ESD_Li1EEENS1_21CollectiveEpilogueFwdINS6_IJSA_SA_SB_EEES9_SD_SF_Li128ELb1ELb1ELb0ELb0ELi1EEENS1_36VarlenDynamicPersistentTileSchedulerILi64ELi192ELi128ELi128ELb0ELb1ELb1ELb0ELb0ELb1EEEEEEEEEvNT_6ParamsE--2,Total_core_cache_stats_breakdown[GLOBAL_ACC_W][HIT],0.0,0.0,\s+Total_core_cache_stats_breakdown\[GLOBAL_ACC_W\]\[HIT\]\s*=\s*(.*)
instance,llm_layer,layer,H100-SASS-Accelwattch_SASS_SIM,_ZN2at6native29vectorized_elementwise_kernelILi4ENS0_11FillFunctorIiEESt5arrayIPcLm1EEEEviT0_T1_--3,Total_core_cache_stats_breakdown[GLOBAL_ACC_W][HIT],0.0,0.0,\s+Total_core_cache_stats_breakdown\[GLOBAL_ACC_W\]\[HIT\]\s*=\s*(.*)
instance,llm_layer,layer,H100-SASS-Accelwattch_SASS_SIM,nvjet_sm90_tst_64x8_64x16_4x1_v_bz_TNT--2,Total_core_cache_stats_breakdown[GLOBAL_ACC_W][HIT],0.0,0.0,\s+Total_core_cache_stats_breakdown\[GLOBAL_ACC_W\]\[HIT\]\s*=\s*(.*)
instance,llm_layer,layer,H100-SASS-Accelwattch_SASS_SIM,_ZN4vllm25fused_add_rms_norm_kernelIN3c108BFloat16ELi8ELb1EEENSt9enable_ifIXaagtT0_Li0Esr4vllm12_typeConvertIT_EE6existsEvE4typeEPS4_lS7_PKS4_fiil--7,Total_core_cache_stats_breakdown[GLOBAL_ACC_W][HIT],112.0,112.0,\s+Total_core_cache_stats_breakdown\[GLOBAL_ACC_W\]\[HIT\]\s*=\s*(.*)
instance,llm_layer,layer,H100-SASS-Accelwattch_SASS_SIM,nvjet_sm90_tst_128x8_64x12_4x1_v_bz_TNT--2,Total_core_cache_stats_breakdown[GLOBAL_ACC_W][HIT],0.0,0.0,\s+Total_core_cache_stats_breakdown\[GLOBAL_ACC_W\]\[HIT\]\s*=\s*(.*)
instance,llm_layer,layer,H100-SASS-Accelwattch_SASS_SIM,_ZN4vllm18act_and_mul_kernelIN3c108BFloat16E14__nv_bfloat162XadL_ZNS_11silu_kernelIS2_EET_RKS5_fEEXadL_ZNS_18packed_silu_kernelIS3_EES5_S7_fEELb1ELb1ELb0ELb0EEEvPS5_PS6_ifff--3,Total_core_cache_stats_breakdown[GLOBAL_ACC_W][HIT],0.0,0.0,\s+Total_core_cache_stats_breakdown\[GLOBAL_ACC_W\]\[HIT\]\s*=\s*(.*)
instance,llm_layer,layer,H100-SASS-Accelwattch_SASS_SIM,nvjet_sm90_tst_64x8_64x16_4x1_v_bz_splitK_TNT--2,Total_core_cache_stats_breakdown[GLOBAL_ACC_W][HIT],0.0,0.0,\s+Total_core_cache_stats_breakdown\[GLOBAL_ACC_W\]\[HIT\]\s*=\s*(.*)
instance,llm_layer,layer,H100-SASS-Accelwattch_SASS_SIM,_ZN8cublasLt19splitKreduce_kernelILi32ELi16Eif13__nv_bfloat16fS1_Lb0EfS1_S1_Lb1ELb0ELb0ELb0EEEvNS_18cublasSplitKParamsIT4_EEPKT2_PKT8_PT7_PT3_PKS3_SG_PKT9_S7_PSH_PvlPS3_PiSM_SM_SG_SG_SG_SG_SG_--3,Total_core_cache_stats_breakdown[GLOBAL_ACC_W][HIT],0.0,0.0,\s+Total_core_cache_stats_breakdown\[GLOBAL_ACC_W\]\[HIT\]\s*=\s*(.*)
instance,llm_layer,layer,H100-SASS-Accelwattch_SASS_SIM,_ZN4vllm25fused_add_rms_norm_kernelIN3c108BFloat16ELi8ELb1EEENSt9enable_ifIXaagtT0_Li0Esr4vllm12_typeConvertIT_EE6existsEvE4typeEPS4_lS7_PKS4_fiil--8,Total_core_cache_stats_breakdown[GLOBAL_ACC_W][HIT],112.0,112.0,\s+Total_core_cache_stats_breakdown\[GLOBAL_ACC_W\]\[HIT\]\s*=\s*(.*)
instance,llm_layer,layer,H100-SASS-Accelwattch_SASS_SIM,nvjet_sm90_tst_64x8_64x16_4x1_v_bz_bias_TNT--3,Total_core_cache_stats_breakdown[GLOBAL_ACC_W][HIT],0.0,0.0,\s+Total_core_cache_stats_breakdown\[GLOBAL_ACC_W\]\[HIT\]\s*=\s*(.*)
instance,llm_layer,layer,H100-SASS-Accelwattch_SASS_SIM,_ZN4vllm23rotary_embedding_kernelIN3c108BFloat16ES2_Lb1EEEvPKlPT_S6_PKT0_illliiilb--4,Total_core_cache_stats_breakdown[GLOBAL_ACC_W][HIT],64.0,64.0,\s+Total_core_cache_stats_breakdown\[GLOBAL_ACC_W\]\[HIT\]\s*=\s*(.*)
instance,llm_layer,layer,H100-SASS-Accelwattch_SASS_SIM,_ZN4vllm30reshape_and_cache_flash_kernelI13__nv_bfloat16S1_LNS_18Fp8KVCacheDataTypeE0EEEvPKT_S5_PT0_S7_PKlllllliiiPKfSB_i--4,Total_core_cache_stats_breakdown[GLOBAL_ACC_W][HIT],0.0,0.0,\s+Total_core_cache_stats_breakdown\[GLOBAL_ACC_W\]\[HIT\]\s*=\s*(.*)
instance,llm_layer,layer,H100-SASS-Accelwattch_SASS_SIM,_ZN7cutlass13device_kernelIN5flash20enable_sm90_or_laterINS1_16FlashAttnFwdSm90INS1_25CollectiveMainloopFwdSm90ILi2EN4cute5tupleIJNS5_1CILi1EEES8_S8_EEENS6_IJNS7_ILi64EEENS7_ILi192EEESA_EEELi64ENS_10bfloat16_tEfNS_4arch4Sm90ELb0ELb0ELb0ELb1ELb1ELb0ELb0ELb1ELb1ELb1ELb0ELb0ESD_Li1EEENS1_21CollectiveEpilogueFwdINS6_IJSA_SA_SB_EEES9_SD_SF_Li128ELb1ELb1ELb0ELb0ELi1EEENS1_36VarlenDynamicPersistentTileSchedulerILi64ELi192ELi128ELi128ELb0ELb1ELb1ELb0ELb0ELb1EEEEEEEEEvNT_6ParamsE--3,Total_core_cache_stats_breakdown[GLOBAL_ACC_W][HIT],0.0,0.0,\s+Total_core_cache_stats_breakdown\[GLOBAL_ACC_W\]\[HIT\]\s*=\s*(.*)
instance,llm_layer,layer,H100-SASS-Accelwattch_SASS_SIM,_ZN2at6native29vectorized_elementwise_kernelILi4ENS0_11FillFunctorIiEESt5arrayIPcLm1EEEEviT0_T1_--4,Total_core_cache_stats_breakdown[GLOBAL_ACC_W][HIT],0.0,0.0,\s+Total_core_cache_stats_breakdown\[GLOBAL_ACC_W\]\[HIT\]\s*=\s*(.*)
instance,llm_layer,layer,H100-SASS-Accelwattch_SASS_SIM,nvjet_sm90_tst_64x8_64x16_4x1_v_bz_TNT--3,Total_core_cache_stats_breakdown[GLOBAL_ACC_W][HIT],0.0,0.0,\s+Total_core_cache_stats_breakdown\[GLOBAL_ACC_W\]\[HIT\]\s*=\s*(.*)
instance,llm_layer,layer,H100-SASS-Accelwattch_SASS_SIM,_ZN4vllm25fused_add_rms_norm_kernelIN3c108BFloat16ELi8ELb1EEENSt9enable_ifIXaagtT0_Li0Esr4vllm12_typeConvertIT_EE6existsEvE4typeEPS4_lS7_PKS4_fiil--9,Total_core_cache_stats_breakdown[GLOBAL_ACC_W][HIT],112.0,112.0,\s+Total_core_cache_stats_breakdown\[GLOBAL_ACC_W\]\[HIT\]\s*=\s*(.*)
instance,llm_layer,layer,H100-SASS-Accelwattch_SASS_SIM,nvjet_sm90_tst_128x8_64x12_4x1_v_bz_TNT--3,Total_core_cache_stats_breakdown[GLOBAL_ACC_W][HIT],0.0,0.0,\s+Total_core_cache_stats_breakdown\[GLOBAL_ACC_W\]\[HIT\]\s*=\s*(.*)
instance,llm_layer,layer,H100-SASS-Accelwattch_SASS_SIM,_ZN4vllm18act_and_mul_kernelIN3c108BFloat16E14__nv_bfloat162XadL_ZNS_11silu_kernelIS2_EET_RKS5_fEEXadL_ZNS_18packed_silu_kernelIS3_EES5_S7_fEELb1ELb1ELb0ELb0EEEvPS5_PS6_ifff--4,Total_core_cache_stats_breakdown[GLOBAL_ACC_W][HIT],0.0,0.0,\s+Total_core_cache_stats_breakdown\[GLOBAL_ACC_W\]\[HIT\]\s*=\s*(.*)
instance,llm_layer,layer,H100-SASS-Accelwattch_SASS_SIM,nvjet_sm90_tst_64x8_64x16_4x1_v_bz_splitK_TNT--3,Total_core_cache_stats_breakdown[GLOBAL_ACC_W][HIT],0.0,0.0,\s+Total_core_cache_stats_breakdown\[GLOBAL_ACC_W\]\[HIT\]\s*=\s*(.*)
instance,llm_layer,layer,H100-SASS-Accelwattch_SASS_SIM,_ZN8cublasLt19splitKreduce_kernelILi32ELi16Eif13__nv_bfloat16fS1_Lb0EfS1_S1_Lb1ELb0ELb0ELb0EEEvNS_18cublasSplitKParamsIT4_EEPKT2_PKT8_PT7_PT3_PKS3_SG_PKT9_S7_PSH_PvlPS3_PiSM_SM_SG_SG_SG_SG_SG_--4,Total_core_cache_stats_breakdown[GLOBAL_ACC_W][HIT],0.0,0.0,\s+Total_core_cache_stats_breakdown\[GLOBAL_ACC_W\]\[HIT\]\s*=\s*(.*)
instance,llm_layer,layer,H100-SASS-Accelwattch_SASS_SIM,_ZN4vllm25fused_add_rms_norm_kernelIN3c108BFloat16ELi8ELb1EEENSt9enable_ifIXaagtT0_Li0Esr4vllm12_typeConvertIT_EE6existsEvE4typeEPS4_lS7_PKS4_fiil--10,Total_core_cache_stats_breakdown[GLOBAL_ACC_W][HIT],112.0,112.0,\s+Total_core_cache_stats_breakdown\[GLOBAL_ACC_W\]\[HIT\]\s*=\s*(.*)
instance,llm_layer,layer,H100-SASS-Accelwattch_SASS_SIM,nvjet_sm90_tst_64x8_64x16_4x1_v_bz_bias_TNT--4,Total_core_cache_stats_breakdown[GLOBAL_ACC_W][HIT],0.0,0.0,\s+Total_core_cache_stats_breakdown\[GLOBAL_ACC_W\]\[HIT\]\s*=\s*(.*)
instance,llm_layer,layer,H100-SASS-Accelwattch_SASS_SIM,_ZN4vllm23rotary_embedding_kernelIN3c108BFloat16ES2_Lb1EEEvPKlPT_S6_PKT0_illliiilb--5,Total_core_cache_stats_breakdown[GLOBAL_ACC_W][HIT],64.0,64.0,\s+Total_core_cache_stats_breakdown\[GLOBAL_ACC_W\]\[HIT\]\s*=\s*(.*)
instance,llm_layer,layer,H100-SASS-Accelwattch_SASS_SIM,_ZN4vllm30reshape_and_cache_flash_kernelI13__nv_bfloat16S1_LNS_18Fp8KVCacheDataTypeE0EEEvPKT_S5_PT0_S7_PKlllllliiiPKfSB_i--5,Total_core_cache_stats_breakdown[GLOBAL_ACC_W][HIT],0.0,0.0,\s+Total_core_cache_stats_breakdown\[GLOBAL_ACC_W\]\[HIT\]\s*=\s*(.*)
instance,llm_layer,layer,H100-SASS-Accelwattch_SASS_SIM,_ZN7cutlass13device_kernelIN5flash20enable_sm90_or_laterINS1_16FlashAttnFwdSm90INS1_25CollectiveMainloopFwdSm90ILi2EN4cute5tupleIJNS5_1CILi1EEES8_S8_EEENS6_IJNS7_ILi64EEENS7_ILi192EEESA_EEELi64ENS_10bfloat16_tEfNS_4arch4Sm90ELb0ELb0ELb0ELb1ELb1ELb0ELb0ELb1ELb1ELb1ELb0ELb0ESD_Li1EEENS1_21CollectiveEpilogueFwdINS6_IJSA_SA_SB_EEES9_SD_SF_Li128ELb1ELb1ELb0ELb0ELi1EEENS1_36VarlenDynamicPersistentTileSchedulerILi64ELi192ELi128ELi128ELb0ELb1ELb1ELb0ELb0ELb1EEEEEEEEEvNT_6ParamsE--4,Total_core_cache_stats_breakdown[GLOBAL_ACC_W][HIT],0.0,0.0,\s+Total_core_cache_stats_breakdown\[GLOBAL_ACC_W\]\[HIT\]\s*=\s*(.*)
instance,llm_layer,layer,H100-SASS-Accelwattch_SASS_SIM,_ZN2at6native29vectorized_elementwise_kernelILi4ENS0_11FillFunctorIiEESt5arrayIPcLm1EEEEviT0_T1_--5,Total_core_cache_stats_breakdown[GLOBAL_ACC_W][HIT],0.0,0.0,\s+Total_core_cache_stats_breakdown\[GLOBAL_ACC_W\]\[HIT\]\s*=\s*(.*)
instance,llm_layer,layer,H100-SASS-Accelwattch_SASS_SIM,nvjet_sm90_tst_64x8_64x16_4x1_v_bz_TNT--4,Total_core_cache_stats_breakdown[GLOBAL_ACC_W][HIT],0.0,0.0,\s+Total_core_cache_stats_breakdown\[GLOBAL_ACC_W\]\[HIT\]\s*=\s*(.*)
instance,llm_layer,layer,H100-SASS-Accelwattch_SASS_SIM,_ZN4vllm25fused_add_rms_norm_kernelIN3c108BFloat16ELi8ELb1EEENSt9enable_ifIXaagtT0_Li0Esr4vllm12_typeConvertIT_EE6existsEvE4typeEPS4_lS7_PKS4_fiil--11,Total_core_cache_stats_breakdown[GLOBAL_ACC_W][HIT],112.0,112.0,\s+Total_core_cache_stats_breakdown\[GLOBAL_ACC_W\]\[HIT\]\s*=\s*(.*)
instance,llm_layer,layer,H100-SASS-Accelwattch_SASS_SIM,nvjet_sm90_tst_128x8_64x12_4x1_v_bz_TNT--4,Total_core_cache_stats_breakdown[GLOBAL_ACC_W][HIT],0.0,0.0,\s+Total_core_cache_stats_breakdown\[GLOBAL_ACC_W\]\[HIT\]\s*=\s*(.*)
instance,llm_layer,layer,H100-SASS-Accelwattch_SASS_SIM,_ZN4vllm18act_and_mul_kernelIN3c108BFloat16E14__nv_bfloat162XadL_ZNS_11silu_kernelIS2_EET_RKS5_fEEXadL_ZNS_18packed_silu_kernelIS3_EES5_S7_fEELb1ELb1ELb0ELb0EEEvPS5_PS6_ifff--5,Total_core_cache_stats_breakdown[GLOBAL_ACC_W][HIT],0.0,0.0,\s+Total_core_cache_stats_breakdown\[GLOBAL_ACC_W\]\[HIT\]\s*=\s*(.*)
instance,llm_layer,layer,H100-SASS-Accelwattch_SASS_SIM,nvjet_sm90_tst_64x8_64x16_4x1_v_bz_splitK_TNT--4,Total_core_cache_stats_breakdown[GLOBAL_ACC_W][HIT],0.0,0.0,\s+Total_core_cache_stats_breakdown\[GLOBAL_ACC_W\]\[HIT\]\s*=\s*(.*)
instance,llm_layer,layer,H100-SASS-Accelwattch_SASS_SIM,_ZN8cublasLt19splitKreduce_kernelILi32ELi16Eif13__nv_bfloat16fS1_Lb0EfS1_S1_Lb1ELb0ELb0ELb0EEEvNS_18cublasSplitKParamsIT4_EEPKT2_PKT8_PT7_PT3_PKS3_SG_PKT9_S7_PSH_PvlPS3_PiSM_SM_SG_SG_SG_SG_SG_--5,Total_core_cache_stats_breakdown[GLOBAL_ACC_W][HIT],0.0,0.0,\s+Total_core_cache_stats_breakdown\[GLOBAL_ACC_W\]\[HIT\]\s*=\s*(.*)
instance,llm_layer,layer,H100-SASS-Accelwattch_SASS_SIM,_ZN4vllm25fused_add_rms_norm_kernelIN3c108BFloat16ELi8ELb1EEENSt9enable_ifIXaagtT0_Li0Esr4vllm12_typeConvertIT_EE6existsEvE4typeEPS4_lS7_PKS4_fiil--12,Total_core_cache_stats_breakdown[GLOBAL_ACC_W][HIT],112.0,112.0,\s+Total_core_cache_stats_breakdown\[GLOBAL_ACC_W\]\[HIT\]\s*=\s*(.*)
instance,llm_layer,layer,H100-SASS-Accelwattch_SASS_SIM,nvjet_sm90_tst_64x8_64x16_4x1_v_bz_bias_TNT--5,Total_core_cache_stats_breakdown[GLOBAL_ACC_W][HIT],0.0,0.0,\s+Total_core_cache_stats_breakdown\[GLOBAL_ACC_W\]\[HIT\]\s*=\s*(.*)
instance,llm_layer,layer,H100-SASS-Accelwattch_SASS_SIM,_ZN4vllm23rotary_embedding_kernelIN3c108BFloat16ES2_Lb1EEEvPKlPT_S6_PKT0_illliiilb--6,Total_core_cache_stats_breakdown[GLOBAL_ACC_W][HIT],64.0,64.0,\s+Total_core_cache_stats_breakdown\[GLOBAL_ACC_W\]\[HIT\]\s*=\s*(.*)
instance,llm_layer,layer,H100-SASS-Accelwattch_SASS_SIM,_ZN4vllm30reshape_and_cache_flash_kernelI13__nv_bfloat16S1_LNS_18Fp8KVCacheDataTypeE0EEEvPKT_S5_PT0_S7_PKlllllliiiPKfSB_i--6,Total_core_cache_stats_breakdown[GLOBAL_ACC_W][HIT],0.0,0.0,\s+Total_core_cache_stats_breakdown\[GLOBAL_ACC_W\]\[HIT\]\s*=\s*(.*)
instance,llm_layer,layer,H100-SASS-Accelwattch_SASS_SIM,_ZN7cutlass13device_kernelIN5flash20enable_sm90_or_laterINS1_16FlashAttnFwdSm90INS1_25CollectiveMainloopFwdSm90ILi2EN4cute5tupleIJNS5_1CILi1EEES8_S8_EEENS6_IJNS7_ILi64EEENS7_ILi192EEESA_EEELi64ENS_10bfloat16_tEfNS_4arch4Sm90ELb0ELb0ELb0ELb1ELb1ELb0ELb0ELb1ELb1ELb1ELb0ELb0ESD_Li1EEENS1_21CollectiveEpilogueFwdINS6_IJSA_SA_SB_EEES9_SD_SF_Li128ELb1ELb1ELb0ELb0ELi1EEENS1_36VarlenDynamicPersistentTileSchedulerILi64ELi192ELi128ELi128ELb0ELb1ELb1ELb0ELb0ELb1EEEEEEEEEvNT_6ParamsE--5,Total_core_cache_stats_breakdown[GLOBAL_ACC_W][HIT],0.0,0.0,\s+Total_core_cache_stats_breakdown\[GLOBAL_ACC_W\]\[HIT\]\s*=\s*(.*)
instance,llm_layer,layer,H100-SASS-Accelwattch_SASS_SIM,_ZN2at6native29vectorized_elementwise_kernelILi4ENS0_11FillFunctorIiEESt5arrayIPcLm1EEEEviT0_T1_--6,Total_core_cache_stats_breakdown[GLOBAL_ACC_W][HIT],0.0,0.0,\s+Total_core_cache_stats_breakdown\[GLOBAL_ACC_W\]\[HIT\]\s*=\s*(.*)
instance,llm_layer,layer,H100-SASS-Accelwattch_SASS_SIM,nvjet_sm90_tst_64x8_64x16_4x1_v_bz_TNT--5,Total_core_cache_stats_breakdown[GLOBAL_ACC_W][HIT],0.0,0.0,\s+Total_core_cache_stats_breakdown\[GLOBAL_ACC_W\]\[HIT\]\s*=\s*(.*)
instance,llm_layer,layer,H100-SASS-Accelwattch_SASS_SIM,_ZN4vllm25fused_add_rms_norm_kernelIN3c108BFloat16ELi8ELb1EEENSt9enable_ifIXaagtT0_Li0Esr4vllm12_typeConvertIT_EE6existsEvE4typeEPS4_lS7_PKS4_fiil--13,Total_core_cache_stats_breakdown[GLOBAL_ACC_W][HIT],112.0,112.0,\s+Total_core_cache_stats_breakdown\[GLOBAL_ACC_W\]\[HIT\]\s*=\s*(.*)
instance,llm_layer,layer,H100-SASS-Accelwattch_SASS_SIM,nvjet_sm90_tst_128x8_64x12_4x1_v_bz_TNT--5,Total_core_cache_stats_breakdown[GLOBAL_ACC_W][HIT],0.0,0.0,\s+Total_core_cache_stats_breakdown\[GLOBAL_ACC_W\]\[HIT\]\s*=\s*(.*)
instance,llm_layer,layer,H100-SASS-Accelwattch_SASS_SIM,_ZN4vllm18act_and_mul_kernelIN3c108BFloat16E14__nv_bfloat162XadL_ZNS_11silu_kernelIS2_EET_RKS5_fEEXadL_ZNS_18packed_silu_kernelIS3_EES5_S7_fEELb1ELb1ELb0ELb0EEEvPS5_PS6_ifff--6,Total_core_cache_stats_breakdown[GLOBAL_ACC_W][HIT],0.0,0.0,\s+Total_core_cache_stats_breakdown\[GLOBAL_ACC_W\]\[HIT\]\s*=\s*(.*)
instance,llm_layer,layer,H100-SASS-Accelwattch_SASS_SIM,nvjet_sm90_tst_64x8_64x16_4x1_v_bz_splitK_TNT--5,Total_core_cache_stats_breakdown[GLOBAL_ACC_W][HIT],0.0,0.0,\s+Total_core_cache_stats_breakdown\[GLOBAL_ACC_W\]\[HIT\]\s*=\s*(.*)
instance,llm_layer,layer,H100-SASS-Accelwattch_SASS_SIM,_ZN8cublasLt19splitKreduce_kernelILi32ELi16Eif13__nv_bfloat16fS1_Lb0EfS1_S1_Lb1ELb0ELb0ELb0EEEvNS_18cublasSplitKParamsIT4_EEPKT2_PKT8_PT7_PT3_PKS3_SG_PKT9_S7_PSH_PvlPS3_PiSM_SM_SG_SG_SG_SG_SG_--6,Total_core_cache_stats_breakdown[GLOBAL_ACC_W][HIT],0.0,0.0,\s+Total_core_cache_stats_breakdown\[GLOBAL_ACC_W\]\[HIT\]\s*=\s*(.*)
instance,llm_layer,layer,H100-SASS-Accelwattch_SASS_SIM,_ZN4vllm25fused_add_rms_norm_kernelIN3c108BFloat16ELi8ELb1EEENSt9enable_ifIXaagtT0_Li0Esr4vllm12_typeConvertIT_EE6existsEvE4typeEPS4_lS7_PKS4_fiil--14,Total_core_cache_stats_breakdown[GLOBAL_ACC_W][HIT],112.0,112.0,\s+Total_core_cache_stats_breakdown\[GLOBAL_ACC_W\]\[HIT\]\s*=\s*(.*)
instance,llm_layer,layer,H100-SASS-Accelwattch_SASS_SIM,nvjet_sm90_tst_64x8_64x16_4x1_v_bz_bias_TNT--6,Total_core_cache_stats_breakdown[GLOBAL_ACC_W][HIT],0.0,0.0,\s+Total_core_cache_stats_breakdown\[GLOBAL_ACC_W\]\[HIT\]\s*=\s*(.*)
instance,llm_layer,layer,H100-SASS-Accelwattch_SASS_SIM,_ZN4vllm23rotary_embedding_kernelIN3c108BFloat16ES2_Lb1EEEvPKlPT_S6_PKT0_illliiilb--7,Total_core_cache_stats_breakdown[GLOBAL_ACC_W][HIT],64.0,64.0,\s+Total_core_cache_stats_breakdown\[GLOBAL_ACC_W\]\[HIT\]\s*=\s*(.*)
instance,llm_layer,layer,H100-SASS-Accelwattch_SASS_SIM,_ZN4vllm30reshape_and_cache_flash_kernelI13__nv_bfloat16S1_LNS_18Fp8KVCacheDataTypeE0EEEvPKT_S5_PT0_S7_PKlllllliiiPKfSB_i--7,Total_core_cache_stats_breakdown[GLOBAL_ACC_W][HIT],0.0,0.0,\s+Total_core_cache_stats_breakdown\[GLOBAL_ACC_W\]\[HIT\]\s*=\s*(.*)
instance,llm_layer,layer,H100-SASS-Accelwattch_SASS_SIM,_ZN7cutlass13device_kernelIN5flash20enable_sm90_or_laterINS1_16FlashAttnFwdSm90INS1_25CollectiveMainloopFwdSm90ILi2EN4cute5tupleIJNS5_1CILi1EEES8_S8_EEENS6_IJNS7_ILi64EEENS7_ILi192EEESA_EEELi64ENS_10bfloat16_tEfNS_4arch4Sm90ELb0ELb0ELb0ELb1ELb1ELb0ELb0ELb1ELb1ELb1ELb0ELb0ESD_Li1EEENS1_21CollectiveEpilogueFwdINS6_IJSA_SA_SB_EEES9_SD_SF_Li128ELb1ELb1ELb0ELb0ELi1EEENS1_36VarlenDynamicPersistentTileSchedulerILi64ELi192ELi128ELi128ELb0ELb1ELb1ELb0ELb0ELb1EEEEEEEEEvNT_6ParamsE--6,Total_core_cache_stats_breakdown[GLOBAL_ACC_W][HIT],0.0,0.0,\s+Total_core_cache_stats_breakdown\[GLOBAL_ACC_W\]\[HIT\]\s*=\s*(.*)
instance,llm_layer,layer,H100-SASS-Accelwattch_SASS_SIM,_ZN2at6native29vectorized_elementwise_kernelILi4ENS0_11FillFunctorIiEESt5arrayIPcLm1EEEEviT0_T1_--7,Total_core_cache_stats_breakdown[GLOBAL_ACC_W][HIT],0.0,0.0,\s+Total_core_cache_stats_breakdown\[GLOBAL_ACC_W\]\[HIT\]\s*=\s*(.*)
instance,llm_layer,layer,H100-SASS-Accelwattch_SASS_SIM,nvjet_sm90_tst_64x8_64x16_4x1_v_bz_TNT--6,Total_core_cache_stats_breakdown[GLOBAL_ACC_W][HIT],0.0,0.0,\s+Total_core_cache_stats_breakdown\[GLOBAL_ACC_W\]\[HIT\]\s*=\s*(.*)
instance,llm_layer,layer,H100-SASS-Accelwattch_SASS_SIM,_ZN4vllm25fused_add_rms_norm_kernelIN3c108BFloat16ELi8ELb1EEENSt9enable_ifIXaagtT0_Li0Esr4vllm12_typeConvertIT_EE6existsEvE4typeEPS4_lS7_PKS4_fiil--15,Total_core_cache_stats_breakdown[GLOBAL_ACC_W][HIT],112.0,112.0,\s+Total_core_cache_stats_breakdown\[GLOBAL_ACC_W\]\[HIT\]\s*=\s*(.*)
instance,llm_layer,layer,H100-SASS-Accelwattch_SASS_SIM,nvjet_sm90_tst_128x8_64x12_4x1_v_bz_TNT--6,Total_core_cache_stats_breakdown[GLOBAL_ACC_W][HIT],0.0,0.0,\s+Total_core_cache_stats_breakdown\[GLOBAL_ACC_W\]\[HIT\]\s*=\s*(.*)
instance,llm_layer,layer,H100-SASS-Accelwattch_SASS_SIM,_ZN4vllm18act_and_mul_kernelIN3c108BFloat16E14__nv_bfloat162XadL_ZNS_11silu_kernelIS2_EET_RKS5_fEEXadL_ZNS_18packed_silu_kernelIS3_EES5_S7_fEELb1ELb1ELb0ELb0EEEvPS5_PS6_ifff--7,Total_core_cache_stats_breakdown[GLOBAL_ACC_W][HIT],0.0,0.0,\s+Total_core_cache_stats_breakdown\[GLOBAL_ACC_W\]\[HIT\]\s*=\s*(.*)
instance,llm_layer,layer,H100-SASS-Accelwattch_SASS_SIM,nvjet_sm90_tst_64x8_64x16_4x1_v_bz_splitK_TNT--6,Total_core_cache_stats_breakdown[GLOBAL_ACC_W][HIT],0.0,0.0,\s+Total_core_cache_stats_breakdown\[GLOBAL_ACC_W\]\[HIT\]\s*=\s*(.*)
instance,llm_layer,layer,H100-SASS-Accelwattch_SASS_SIM,_ZN8cublasLt19splitKreduce_kernelILi32ELi16Eif13__nv_bfloat16fS1_Lb0EfS1_S1_Lb1ELb0ELb0ELb0EEEvNS_18cublasSplitKParamsIT4_EEPKT2_PKT8_PT7_PT3_PKS3_SG_PKT9_S7_PSH_PvlPS3_PiSM_SM_SG_SG_SG_SG_SG_--7,Total_core_cache_stats_breakdown[GLOBAL_ACC_W][HIT],0.0,0.0,\s+Total_core_cache_stats_breakdown\[GLOBAL_ACC_W\]\[HIT\]\s*=\s*(.*)
instance,llm_layer,layer,H100-SASS-Accelwattch_SASS_SIM,_ZN4vllm25fused_add_rms_norm_kernelIN3c108BFloat16ELi8ELb1EEENSt9enable_ifIXaagtT0_Li0Esr4vllm12_typeConvertIT_EE6existsEvE4typeEPS4_lS7_PKS4_fiil--0,Total_core_cache_stats_breakdown[GLOBAL_ACC_W][TOTAL_ACCESS],1120.0,1120.0,\s+Total_core_cache_stats_breakdown\[GLOBAL_ACC_W\]\[TOTAL_ACCESS\]\s*=\s*(.*)
instance,llm_layer,layer,H100-SASS-Accelwattch_SASS_SIM,nvjet_sm90_tst_64x8_64x16_4x2_h_bz_bias_TNT--0,Total_core_cache_stats_breakdown[GLOBAL_ACC_W][TOTAL_ACCESS],0.0,0.0,\s+Total_core_cache_stats_breakdown\[GLOBAL_ACC_W\]\[TOTAL_ACCESS\]\s*=\s*(.*)
instance,llm_layer,layer,H100-SASS-Accelwattch_SASS_SIM,_ZN4vllm23rotary_embedding_kernelIN3c108BFloat16ES2_Lb1EEEvPKlPT_S6_PKT0_illliiilb--0,Total_core_cache_stats_breakdown[GLOBAL_ACC_W][TOTAL_ACCESS],640.0,640.0,\s+Total_core_cache_stats_breakdown\[GLOBAL_ACC_W\]\[TOTAL_ACCESS\]\s*=\s*(.*)
instance,llm_layer,layer,H100-SASS-Accelwattch_SASS_SIM,_ZN4vllm30reshape_and_cache_flash_kernelI13__nv_bfloat16S1_LNS_18Fp8KVCacheDataTypeE0EEEvPKT_S5_PT0_S7_PKlllllliiiPKfSB_i--0,Total_core_cache_stats_breakdown[GLOBAL_ACC_W][TOTAL_ACCESS],160.0,160.0,\s+Total_core_cache_stats_breakdown\[GLOBAL_ACC_W\]\[TOTAL_ACCESS\]\s*=\s*(.*)
instance,llm_layer,layer,H100-SASS-Accelwattch_SASS_SIM,_ZN7cutlass13device_kernelIN5flash20enable_sm90_or_laterINS1_16FlashAttnFwdSm90INS1_25CollectiveMainloopFwdSm90ILi2EN4cute5tupleIJNS5_1CILi1EEES8_S8_EEENS6_IJNS7_ILi192EEENS7_ILi128EEENS7_ILi64EEEEEELi64ENS_10bfloat16_tEfNS_4arch4Sm90ELb1ELb0ELb0ELb1ELb1ELb0ELb0ELb1ELb1ELb1ELb0ELb0ESE_Li1EEENS1_21CollectiveEpilogueFwdINS6_IJSA_SC_SB_EEES9_SE_SG_Li384ELb1ELb1ELb0ELb0ELi1EEENS1_36VarlenDynamicPersistentTileSchedulerILi192ELi128ELi384ELi128ELb0ELb1ELb1ELb1ELb0ELb1EEEEEEEEEvNT_6ParamsE--0,Total_core_cache_stats_breakdown[GLOBAL_ACC_W][TOTAL_ACCESS],686.0,686.0,\s+Total_core_cache_stats_breakdown\[GLOBAL_ACC_W\]\[TOTAL_ACCESS\]\s*=\s*(.*)
instance,llm_layer,layer,H100-SASS-Accelwattch_SASS_SIM,_ZN2at6native29vectorized_elementwise_kernelILi4ENS0_11FillFunctorIiEESt5arrayIPcLm1EEEEviT0_T1_--0,Total_core_cache_stats_breakdown[GLOBAL_ACC_W][TOTAL_ACCESS],1.0,1.0,\s+Total_core_cache_stats_breakdown\[GLOBAL_ACC_W\]\[TOTAL_ACCESS\]\s*=\s*(.*)
instance,llm_layer,layer,H100-SASS-Accelwattch_SASS_SIM,nvjet_sm90_tst_64x8_64x16_4x2_h_bz_TNT--0,Total_core_cache_stats_breakdown[GLOBAL_ACC_W][TOTAL_ACCESS],0.0,0.0,\s+Total_core_cache_stats_breakdown\[GLOBAL_ACC_W\]\[TOTAL_ACCESS\]\s*=\s*(.*)
instance,llm_layer,layer,H100-SASS-Accelwattch_SASS_SIM,_ZN4vllm25fused_add_rms_norm_kernelIN3c108BFloat16ELi8ELb1EEENSt9enable_ifIXaagtT0_Li0Esr4vllm12_typeConvertIT_EE6existsEvE4typeEPS4_lS7_PKS4_fiil--1,Total_core_cache_stats_breakdown[GLOBAL_ACC_W][TOTAL_ACCESS],1120.0,1120.0,\s+Total_core_cache_stats_breakdown\[GLOBAL_ACC_W\]\[TOTAL_ACCESS\]\s*=\s*(.*)
instance,llm_layer,layer,H100-SASS-Accelwattch_SASS_SIM,nvjet_sm90_tst_128x16_64x11_4x1_v_bz_TNT--0,Total_core_cache_stats_breakdown[GLOBAL_ACC_W][TOTAL_ACCESS],0.0,0.0,\s+Total_core_cache_stats_breakdown\[GLOBAL_ACC_W\]\[TOTAL_ACCESS\]\s*=\s*(.*)
instance,llm_layer,layer,H100-SASS-Accelwattch_SASS_SIM,_ZN4vllm18act_and_mul_kernelIN3c108BFloat16E14__nv_bfloat162XadL_ZNS_11silu_kernelIS2_EET_RKS5_fEEXadL_ZNS_18packed_silu_kernelIS3_EES5_S7_fEELb1ELb1ELb0ELb0EEEvPS5_PS6_ifff--0,Total_core_cache_stats_breakdown[GLOBAL_ACC_W][TOTAL_ACCESS],3040.0,3040.0,\s+Total_core_cache_stats_breakdown\[GLOBAL_ACC_W\]\[TOTAL_ACCESS\]\s*=\s*(.*)
instance,llm_layer,layer,H100-SASS-Accelwattch_SASS_SIM,nvjet_sm90_tst_64x16_64x16_4x1_v_bz_splitK_TNT--0,Total_core_cache_stats_breakdown[GLOBAL_ACC_W][TOTAL_ACCESS],0.0,0.0,\s+Total_core_cache_stats_breakdown\[GLOBAL_ACC_W\]\[TOTAL_ACCESS\]\s*=\s*(.*)
instance,llm_layer,layer,H100-SASS-Accelwattch_SASS_SIM,_ZN8cublasLt19splitKreduce_kernelILi32ELi16Eif13__nv_bfloat16fS1_Lb0EfS1_S1_Lb1ELb0ELb0ELb0EEEvNS_18cublasSplitKParamsIT4_EEPKT2_PKT8_PT7_PT3_PKS3_SG_PKT9_S7_PSH_PvlPS3_PiSM_SM_SG_SG_SG_SG_SG_--0,Total_core_cache_stats_breakdown[GLOBAL_ACC_W][TOTAL_ACCESS],560.0,560.0,\s+Total_core_cache_stats_breakdown\[GLOBAL_ACC_W\]\[TOTAL_ACCESS\]\s*=\s*(.*)
instance,llm_layer,layer,H100-SASS-Accelwattch_SASS_SIM,_ZN4vllm25fused_add_rms_norm_kernelIN3c108BFloat16ELi8ELb1EEENSt9enable_ifIXaagtT0_Li0Esr4vllm12_typeConvertIT_EE6existsEvE4typeEPS4_lS7_PKS4_fiil--2,Total_core_cache_stats_breakdown[GLOBAL_ACC_W][TOTAL_ACCESS],112.0,112.0,\s+Total_core_cache_stats_breakdown\[GLOBAL_ACC_W\]\[TOTAL_ACCESS\]\s*=\s*(.*)
instance,llm_layer,layer,H100-SASS-Accelwattch_SASS_SIM,nvjet_sm90_tst_64x8_64x16_4x1_v_bz_bias_TNT--0,Total_core_cache_stats_breakdown[GLOBAL_ACC_W][TOTAL_ACCESS],0.0,0.0,\s+Total_core_cache_stats_breakdown\[GLOBAL_ACC_W\]\[TOTAL_ACCESS\]\s*=\s*(.*)
instance,llm_layer,layer,H100-SASS-Accelwattch_SASS_SIM,_ZN4vllm23rotary_embedding_kernelIN3c108BFloat16ES2_Lb1EEEvPKlPT_S6_PKT0_illliiilb--1,Total_core_cache_stats_breakdown[GLOBAL_ACC_W][TOTAL_ACCESS],64.0,64.0,\s+Total_core_cache_stats_breakdown\[GLOBAL_ACC_W\]\[TOTAL_ACCESS\]\s*=\s*(.*)
instance,llm_layer,layer,H100-SASS-Accelwattch_SASS_SIM,_ZN4vllm30reshape_and_cache_flash_kernelI13__nv_bfloat16S1_LNS_18Fp8KVCacheDataTypeE0EEEvPKT_S5_PT0_S7_PKlllllliiiPKfSB_i--1,Total_core_cache_stats_breakdown[GLOBAL_ACC_W][TOTAL_ACCESS],16.0,16.0,\s+Total_core_cache_stats_breakdown\[GLOBAL_ACC_W\]\[TOTAL_ACCESS\]\s*=\s*(.*)
instance,llm_layer,layer,H100-SASS-Accelwattch_SASS_SIM,_ZN7cutlass13device_kernelIN5flash20enable_sm90_or_laterINS1_16FlashAttnFwdSm90INS1_25CollectiveMainloopFwdSm90ILi2EN4cute5tupleIJNS5_1CILi1EEES8_S8_EEENS6_IJNS7_ILi64EEENS7_ILi192EEESA_EEELi64ENS_10bfloat16_tEfNS_4arch4Sm90ELb0ELb0ELb0ELb1ELb1ELb0ELb0ELb1ELb1ELb1ELb0ELb0ESD_Li1EEENS1_21CollectiveEpilogueFwdINS6_IJSA_SA_SB_EEES9_SD_SF_Li128ELb1ELb1ELb0ELb0ELi1EEENS1_36VarlenDynamicPersistentTileSchedulerILi64ELi192ELi128ELi128ELb0ELb1ELb1ELb0ELb0ELb1EEEEEEEEEvNT_6ParamsE--0,Total_core_cache_stats_breakdown[GLOBAL_ACC_W][TOTAL_ACCESS],59.0,59.0,\s+Total_core_cache_stats_breakdown\[GLOBAL_ACC_W\]\[TOTAL_ACCESS\]\s*=\s*(.*)
instance,llm_layer,layer,H100-SASS-Accelwattch_SASS_SIM,_ZN2at6native29vectorized_elementwise_kernelILi4ENS0_11FillFunctorIiEESt5arrayIPcLm1EEEEviT0_T1_--1,Total_core_cache_stats_breakdown[GLOBAL_ACC_W][TOTAL_ACCESS],1.0,1.0,\s+Total_core_cache_stats_breakdown\[GLOBAL_ACC_W\]\[TOTAL_ACCESS\]\s*=\s*(.*)
instance,llm_layer,layer,H100-SASS-Accelwattch_SASS_SIM,nvjet_sm90_tst_64x8_64x16_4x1_v_bz_TNT--0,Total_core_cache_stats_breakdown[GLOBAL_ACC_W][TOTAL_ACCESS],0.0,0.0,\s+Total_core_cache_stats_breakdown\[GLOBAL_ACC_W\]\[TOTAL_ACCESS\]\s*=\s*(.*)
instance,llm_layer,layer,H100-SASS-Accelwattch_SASS_SIM,_ZN4vllm25fused_add_rms_norm_kernelIN3c108BFloat16ELi8ELb1EEENSt9enable_ifIXaagtT0_Li0Esr4vllm12_typeConvertIT_EE6existsEvE4typeEPS4_lS7_PKS4_fiil--3,Total_core_cache_stats_breakdown[GLOBAL_ACC_W][TOTAL_ACCESS],112.0,112.0,\s+Total_core_cache_stats_breakdown\[GLOBAL_ACC_W\]\[TOTAL_ACCESS\]\s*=\s*(.*)
instance,llm_layer,layer,H100-SASS-Accelwattch_SASS_SIM,nvjet_sm90_tst_128x8_64x12_4x1_v_bz_TNT--0,Total_core_cache_stats_breakdown[GLOBAL_ACC_W][TOTAL_ACCESS],0.0,0.0,\s+Total_core_cache_stats_breakdown\[GLOBAL_ACC_W\]\[TOTAL_ACCESS\]\s*=\s*(.*)
instance,llm_layer,layer,H100-SASS-Accelwattch_SASS_SIM,_ZN4vllm18act_and_mul_kernelIN3c108BFloat16E14__nv_bfloat162XadL_ZNS_11silu_kernelIS2_EET_RKS5_fEEXadL_ZNS_18packed_silu_kernelIS3_EES5_S7_fEELb1ELb1ELb0ELb0EEEvPS5_PS6_ifff--1,Total_core_cache_stats_breakdown[GLOBAL_ACC_W][TOTAL_ACCESS],304.0,304.0,\s+Total_core_cache_stats_breakdown\[GLOBAL_ACC_W\]\[TOTAL_ACCESS\]\s*=\s*(.*)
instance,llm_layer,layer,H100-SASS-Accelwattch_SASS_SIM,nvjet_sm90_tst_64x8_64x16_4x1_v_bz_splitK_TNT--0,Total_core_cache_stats_breakdown[GLOBAL_ACC_W][TOTAL_ACCESS],0.0,0.0,\s+Total_core_cache_stats_breakdown\[GLOBAL_ACC_W\]\[TOTAL_ACCESS\]\s*=\s*(.*)
instance,llm_layer,layer,H100-SASS-Accelwattch_SASS_SIM,_ZN8cublasLt19splitKreduce_kernelILi32ELi16Eif13__nv_bfloat16fS1_Lb0EfS1_S1_Lb1ELb0ELb0ELb0EEEvNS_18cublasSplitKParamsIT4_EEPKT2_PKT8_PT7_PT3_PKS3_SG_PKT9_S7_PSH_PvlPS3_PiSM_SM_SG_SG_SG_SG_SG_--1,Total_core_cache_stats_breakdown[GLOBAL_ACC_W][TOTAL_ACCESS],56.0,56.0,\s+Total_core_cache_stats_breakdown\[GLOBAL_ACC_W\]\[TOTAL_ACCESS\]\s*=\s*(.*)
instance,llm_layer,layer,H100-SASS-Accelwattch_SASS_SIM,_ZN4vllm25fused_add_rms_norm_kernelIN3c108BFloat16ELi8ELb1EEENSt9enable_ifIXaagtT0_Li0Esr4vllm12_typeConvertIT_EE6existsEvE4typeEPS4_lS7_PKS4_fiil--4,Total_core_cache_stats_breakdown[GLOBAL_ACC_W][TOTAL_ACCESS],112.0,112.0,\s+Total_core_cache_stats_breakdown\[GLOBAL_ACC_W\]\[TOTAL_ACCESS\]\s*=\s*(.*)
instance,llm_layer,layer,H100-SASS-Accelwattch_SASS_SIM,nvjet_sm90_tst_64x8_64x16_4x1_v_bz_bias_TNT--1,Total_core_cache_stats_breakdown[GLOBAL_ACC_W][TOTAL_ACCESS],0.0,0.0,\s+Total_core_cache_stats_breakdown\[GLOBAL_ACC_W\]\[TOTAL_ACCESS\]\s*=\s*(.*)
instance,llm_layer,layer,H100-SASS-Accelwattch_SASS_SIM,_ZN4vllm23rotary_embedding_kernelIN3c108BFloat16ES2_Lb1EEEvPKlPT_S6_PKT0_illliiilb--2,Total_core_cache_stats_breakdown[GLOBAL_ACC_W][TOTAL_ACCESS],64.0,64.0,\s+Total_core_cache_stats_breakdown\[GLOBAL_ACC_W\]\[TOTAL_ACCESS\]\s*=\s*(.*)
instance,llm_layer,layer,H100-SASS-Accelwattch_SASS_SIM,_ZN4vllm30reshape_and_cache_flash_kernelI13__nv_bfloat16S1_LNS_18Fp8KVCacheDataTypeE0EEEvPKT_S5_PT0_S7_PKlllllliiiPKfSB_i--2,Total_core_cache_stats_breakdown[GLOBAL_ACC_W][TOTAL_ACCESS],16.0,16.0,\s+Total_core_cache_stats_breakdown\[GLOBAL_ACC_W\]\[TOTAL_ACCESS\]\s*=\s*(.*)
instance,llm_layer,layer,H100-SASS-Accelwattch_SASS_SIM,_ZN7cutlass13device_kernelIN5flash20enable_sm90_or_laterINS1_16FlashAttnFwdSm90INS1_25CollectiveMainloopFwdSm90ILi2EN4cute5tupleIJNS5_1CILi1EEES8_S8_EEENS6_IJNS7_ILi64EEENS7_ILi192EEESA_EEELi64ENS_10bfloat16_tEfNS_4arch4Sm90ELb0ELb0ELb0ELb1ELb1ELb0ELb0ELb1ELb1ELb1ELb0ELb0ESD_Li1EEENS1_21CollectiveEpilogueFwdINS6_IJSA_SA_SB_EEES9_SD_SF_Li128ELb1ELb1ELb0ELb0ELi1EEENS1_36VarlenDynamicPersistentTileSchedulerILi64ELi192ELi128ELi128ELb0ELb1ELb1ELb0ELb0ELb1EEEEEEEEEvNT_6ParamsE--1,Total_core_cache_stats_breakdown[GLOBAL_ACC_W][TOTAL_ACCESS],59.0,59.0,\s+Total_core_cache_stats_breakdown\[GLOBAL_ACC_W\]\[TOTAL_ACCESS\]\s*=\s*(.*)
instance,llm_layer,layer,H100-SASS-Accelwattch_SASS_SIM,_ZN2at6native29vectorized_elementwise_kernelILi4ENS0_11FillFunctorIiEESt5arrayIPcLm1EEEEviT0_T1_--2,Total_core_cache_stats_breakdown[GLOBAL_ACC_W][TOTAL_ACCESS],1.0,1.0,\s+Total_core_cache_stats_breakdown\[GLOBAL_ACC_W\]\[TOTAL_ACCESS\]\s*=\s*(.*)
instance,llm_layer,layer,H100-SASS-Accelwattch_SASS_SIM,nvjet_sm90_tst_64x8_64x16_4x1_v_bz_TNT--1,Total_core_cache_stats_breakdown[GLOBAL_ACC_W][TOTAL_ACCESS],0.0,0.0,\s+Total_core_cache_stats_breakdown\[GLOBAL_ACC_W\]\[TOTAL_ACCESS\]\s*=\s*(.*)
instance,llm_layer,layer,H100-SASS-Accelwattch_SASS_SIM,_ZN4vllm25fused_add_rms_norm_kernelIN3c108BFloat16ELi8ELb1EEENSt9enable_ifIXaagtT0_Li0Esr4vllm12_typeConvertIT_EE6existsEvE4typeEPS4_lS7_PKS4_fiil--5,Total_core_cache_stats_breakdown[GLOBAL_ACC_W][TOTAL_ACCESS],112.0,112.0,\s+Total_core_cache_stats_breakdown\[GLOBAL_ACC_W\]\[TOTAL_ACCESS\]\s*=\s*(.*)
instance,llm_layer,layer,H100-SASS-Accelwattch_SASS_SIM,nvjet_sm90_tst_128x8_64x12_4x1_v_bz_TNT--1,Total_core_cache_stats_breakdown[GLOBAL_ACC_W][TOTAL_ACCESS],0.0,0.0,\s+Total_core_cache_stats_breakdown\[GLOBAL_ACC_W\]\[TOTAL_ACCESS\]\s*=\s*(.*)
instance,llm_layer,layer,H100-SASS-Accelwattch_SASS_SIM,_ZN4vllm18act_and_mul_kernelIN3c108BFloat16E14__nv_bfloat162XadL_ZNS_11silu_kernelIS2_EET_RKS5_fEEXadL_ZNS_18packed_silu_kernelIS3_EES5_S7_fEELb1ELb1ELb0ELb0EEEvPS5_PS6_ifff--2,Total_core_cache_stats_breakdown[GLOBAL_ACC_W][TOTAL_ACCESS],304.0,304.0,\s+Total_core_cache_stats_breakdown\[GLOBAL_ACC_W\]\[TOTAL_ACCESS\]\s*=\s*(.*)
instance,llm_layer,layer,H100-SASS-Accelwattch_SASS_SIM,nvjet_sm90_tst_64x8_64x16_4x1_v_bz_splitK_TNT--1,Total_core_cache_stats_breakdown[GLOBAL_ACC_W][TOTAL_ACCESS],0.0,0.0,\s+Total_core_cache_stats_breakdown\[GLOBAL_ACC_W\]\[TOTAL_ACCESS\]\s*=\s*(.*)
instance,llm_layer,layer,H100-SASS-Accelwattch_SASS_SIM,_ZN8cublasLt19splitKreduce_kernelILi32ELi16Eif13__nv_bfloat16fS1_Lb0EfS1_S1_Lb1ELb0ELb0ELb0EEEvNS_18cublasSplitKParamsIT4_EEPKT2_PKT8_PT7_PT3_PKS3_SG_PKT9_S7_PSH_PvlPS3_PiSM_SM_SG_SG_SG_SG_SG_--2,Total_core_cache_stats_breakdown[GLOBAL_ACC_W][TOTAL_ACCESS],56.0,56.0,\s+Total_core_cache_stats_breakdown\[GLOBAL_ACC_W\]\[TOTAL_ACCESS\]\s*=\s*(.*)
instance,llm_layer,layer,H100-SASS-Accelwattch_SASS_SIM,_ZN4vllm25fused_add_rms_norm_kernelIN3c108BFloat16ELi8ELb1EEENSt9enable_ifIXaagtT0_Li0Esr4vllm12_typeConvertIT_EE6existsEvE4typeEPS4_lS7_PKS4_fiil--6,Total_core_cache_stats_breakdown[GLOBAL_ACC_W][TOTAL_ACCESS],112.0,112.0,\s+Total_core_cache_stats_breakdown\[GLOBAL_ACC_W\]\[TOTAL_ACCESS\]\s*=\s*(.*)
instance,llm_layer,layer,H100-SASS-Accelwattch_SASS_SIM,nvjet_sm90_tst_64x8_64x16_4x1_v_bz_bias_TNT--2,Total_core_cache_stats_breakdown[GLOBAL_ACC_W][TOTAL_ACCESS],0.0,0.0,\s+Total_core_cache_stats_breakdown\[GLOBAL_ACC_W\]\[TOTAL_ACCESS\]\s*=\s*(.*)
instance,llm_layer,layer,H100-SASS-Accelwattch_SASS_SIM,_ZN4vllm23rotary_embedding_kernelIN3c108BFloat16ES2_Lb1EEEvPKlPT_S6_PKT0_illliiilb--3,Total_core_cache_stats_breakdown[GLOBAL_ACC_W][TOTAL_ACCESS],64.0,64.0,\s+Total_core_cache_stats_breakdown\[GLOBAL_ACC_W\]\[TOTAL_ACCESS\]\s*=\s*(.*)
instance,llm_layer,layer,H100-SASS-Accelwattch_SASS_SIM,_ZN4vllm30reshape_and_cache_flash_kernelI13__nv_bfloat16S1_LNS_18Fp8KVCacheDataTypeE0EEEvPKT_S5_PT0_S7_PKlllllliiiPKfSB_i--3,Total_core_cache_stats_breakdown[GLOBAL_ACC_W][TOTAL_ACCESS],16.0,16.0,\s+Total_core_cache_stats_breakdown\[GLOBAL_ACC_W\]\[TOTAL_ACCESS\]\s*=\s*(.*)
instance,llm_layer,layer,H100-SASS-Accelwattch_SASS_SIM,_ZN7cutlass13device_kernelIN5flash20enable_sm90_or_laterINS1_16FlashAttnFwdSm90INS1_25CollectiveMainloopFwdSm90ILi2EN4cute5tupleIJNS5_1CILi1EEES8_S8_EEENS6_IJNS7_ILi64EEENS7_ILi192EEESA_EEELi64ENS_10bfloat16_tEfNS_4arch4Sm90ELb0ELb0ELb0ELb1ELb1ELb0ELb0ELb1ELb1ELb1ELb0ELb0ESD_Li1EEENS1_21CollectiveEpilogueFwdINS6_IJSA_SA_SB_EEES9_SD_SF_Li128ELb1ELb1ELb0ELb0ELi1EEENS1_36VarlenDynamicPersistentTileSchedulerILi64ELi192ELi128ELi128ELb0ELb1ELb1ELb0ELb0ELb1EEEEEEEEEvNT_6ParamsE--2,Total_core_cache_stats_breakdown[GLOBAL_ACC_W][TOTAL_ACCESS],59.0,59.0,\s+Total_core_cache_stats_breakdown\[GLOBAL_ACC_W\]\[TOTAL_ACCESS\]\s*=\s*(.*)
instance,llm_layer,layer,H100-SASS-Accelwattch_SASS_SIM,_ZN2at6native29vectorized_elementwise_kernelILi4ENS0_11FillFunctorIiEESt5arrayIPcLm1EEEEviT0_T1_--3,Total_core_cache_stats_breakdown[GLOBAL_ACC_W][TOTAL_ACCESS],1.0,1.0,\s+Total_core_cache_stats_breakdown\[GLOBAL_ACC_W\]\[TOTAL_ACCESS\]\s*=\s*(.*)
instance,llm_layer,layer,H100-SASS-Accelwattch_SASS_SIM,nvjet_sm90_tst_64x8_64x16_4x1_v_bz_TNT--2,Total_core_cache_stats_breakdown[GLOBAL_ACC_W][TOTAL_ACCESS],0.0,0.0,\s+Total_core_cache_stats_breakdown\[GLOBAL_ACC_W\]\[TOTAL_ACCESS\]\s*=\s*(.*)
instance,llm_layer,layer,H100-SASS-Accelwattch_SASS_SIM,_ZN4vllm25fused_add_rms_norm_kernelIN3c108BFloat16ELi8ELb1EEENSt9enable_ifIXaagtT0_Li0Esr4vllm12_typeConvertIT_EE6existsEvE4typeEPS4_lS7_PKS4_fiil--7,Total_core_cache_stats_breakdown[GLOBAL_ACC_W][TOTAL_ACCESS],112.0,112.0,\s+Total_core_cache_stats_breakdown\[GLOBAL_ACC_W\]\[TOTAL_ACCESS\]\s*=\s*(.*)
instance,llm_layer,layer,H100-SASS-Accelwattch_SASS_SIM,nvjet_sm90_tst_128x8_64x12_4x1_v_bz_TNT--2,Total_core_cache_stats_breakdown[GLOBAL_ACC_W][TOTAL_ACCESS],0.0,0.0,\s+Total_core_cache_stats_breakdown\[GLOBAL_ACC_W\]\[TOTAL_ACCESS\]\s*=\s*(.*)
instance,llm_layer,layer,H100-SASS-Accelwattch_SASS_SIM,_ZN4vllm18act_and_mul_kernelIN3c108BFloat16E14__nv_bfloat162XadL_ZNS_11silu_kernelIS2_EET_RKS5_fEEXadL_ZNS_18packed_silu_kernelIS3_EES5_S7_fEELb1ELb1ELb0ELb0EEEvPS5_PS6_ifff--3,Total_core_cache_stats_breakdown[GLOBAL_ACC_W][TOTAL_ACCESS],304.0,304.0,\s+Total_core_cache_stats_breakdown\[GLOBAL_ACC_W\]\[TOTAL_ACCESS\]\s*=\s*(.*)
instance,llm_layer,layer,H100-SASS-Accelwattch_SASS_SIM,nvjet_sm90_tst_64x8_64x16_4x1_v_bz_splitK_TNT--2,Total_core_cache_stats_breakdown[GLOBAL_ACC_W][TOTAL_ACCESS],0.0,0.0,\s+Total_core_cache_stats_breakdown\[GLOBAL_ACC_W\]\[TOTAL_ACCESS\]\s*=\s*(.*)
instance,llm_layer,layer,H100-SASS-Accelwattch_SASS_SIM,_ZN8cublasLt19splitKreduce_kernelILi32ELi16Eif13__nv_bfloat16fS1_Lb0EfS1_S1_Lb1ELb0ELb0ELb0EEEvNS_18cublasSplitKParamsIT4_EEPKT2_PKT8_PT7_PT3_PKS3_SG_PKT9_S7_PSH_PvlPS3_PiSM_SM_SG_SG_SG_SG_SG_--3,Total_core_cache_stats_breakdown[GLOBAL_ACC_W][TOTAL_ACCESS],56.0,56.0,\s+Total_core_cache_stats_breakdown\[GLOBAL_ACC_W\]\[TOTAL_ACCESS\]\s*=\s*(.*)
instance,llm_layer,layer,H100-SASS-Accelwattch_SASS_SIM,_ZN4vllm25fused_add_rms_norm_kernelIN3c108BFloat16ELi8ELb1EEENSt9enable_ifIXaagtT0_Li0Esr4vllm12_typeConvertIT_EE6existsEvE4typeEPS4_lS7_PKS4_fiil--8,Total_core_cache_stats_breakdown[GLOBAL_ACC_W][TOTAL_ACCESS],112.0,112.0,\s+Total_core_cache_stats_breakdown\[GLOBAL_ACC_W\]\[TOTAL_ACCESS\]\s*=\s*(.*)
instance,llm_layer,layer,H100-SASS-Accelwattch_SASS_SIM,nvjet_sm90_tst_64x8_64x16_4x1_v_bz_bias_TNT--3,Total_core_cache_stats_breakdown[GLOBAL_ACC_W][TOTAL_ACCESS],0.0,0.0,\s+Total_core_cache_stats_breakdown\[GLOBAL_ACC_W\]\[TOTAL_ACCESS\]\s*=\s*(.*)
instance,llm_layer,layer,H100-SASS-Accelwattch_SASS_SIM,_ZN4vllm23rotary_embedding_kernelIN3c108BFloat16ES2_Lb1EEEvPKlPT_S6_PKT0_illliiilb--4,Total_core_cache_stats_breakdown[GLOBAL_ACC_W][TOTAL_ACCESS],64.0,64.0,\s+Total_core_cache_stats_breakdown\[GLOBAL_ACC_W\]\[TOTAL_ACCESS\]\s*=\s*(.*)
instance,llm_layer,layer,H100-SASS-Accelwattch_SASS_SIM,_ZN4vllm30reshape_and_cache_flash_kernelI13__nv_bfloat16S1_LNS_18Fp8KVCacheDataTypeE0EEEvPKT_S5_PT0_S7_PKlllllliiiPKfSB_i--4,Total_core_cache_stats_breakdown[GLOBAL_ACC_W][TOTAL_ACCESS],16.0,16.0,\s+Total_core_cache_stats_breakdown\[GLOBAL_ACC_W\]\[TOTAL_ACCESS\]\s*=\s*(.*)
instance,llm_layer,layer,H100-SASS-Accelwattch_SASS_SIM,_ZN7cutlass13device_kernelIN5flash20enable_sm90_or_laterINS1_16FlashAttnFwdSm90INS1_25CollectiveMainloopFwdSm90ILi2EN4cute5tupleIJNS5_1CILi1EEES8_S8_EEENS6_IJNS7_ILi64EEENS7_ILi192EEESA_EEELi64ENS_10bfloat16_tEfNS_4arch4Sm90ELb0ELb0ELb0ELb1ELb1ELb0ELb0ELb1ELb1ELb1ELb0ELb0ESD_Li1EEENS1_21CollectiveEpilogueFwdINS6_IJSA_SA_SB_EEES9_SD_SF_Li128ELb1ELb1ELb0ELb0ELi1EEENS1_36VarlenDynamicPersistentTileSchedulerILi64ELi192ELi128ELi128ELb0ELb1ELb1ELb0ELb0ELb1EEEEEEEEEvNT_6ParamsE--3,Total_core_cache_stats_breakdown[GLOBAL_ACC_W][TOTAL_ACCESS],59.0,59.0,\s+Total_core_cache_stats_breakdown\[GLOBAL_ACC_W\]\[TOTAL_ACCESS\]\s*=\s*(.*)
instance,llm_layer,layer,H100-SASS-Accelwattch_SASS_SIM,_ZN2at6native29vectorized_elementwise_kernelILi4ENS0_11FillFunctorIiEESt5arrayIPcLm1EEEEviT0_T1_--4,Total_core_cache_stats_breakdown[GLOBAL_ACC_W][TOTAL_ACCESS],1.0,1.0,\s+Total_core_cache_stats_breakdown\[GLOBAL_ACC_W\]\[TOTAL_ACCESS\]\s*=\s*(.*)
instance,llm_layer,layer,H100-SASS-Accelwattch_SASS_SIM,nvjet_sm90_tst_64x8_64x16_4x1_v_bz_TNT--3,Total_core_cache_stats_breakdown[GLOBAL_ACC_W][TOTAL_ACCESS],0.0,0.0,\s+Total_core_cache_stats_breakdown\[GLOBAL_ACC_W\]\[TOTAL_ACCESS\]\s*=\s*(.*)
instance,llm_layer,layer,H100-SASS-Accelwattch_SASS_SIM,_ZN4vllm25fused_add_rms_norm_kernelIN3c108BFloat16ELi8ELb1EEENSt9enable_ifIXaagtT0_Li0Esr4vllm12_typeConvertIT_EE6existsEvE4typeEPS4_lS7_PKS4_fiil--9,Total_core_cache_stats_breakdown[GLOBAL_ACC_W][TOTAL_ACCESS],112.0,112.0,\s+Total_core_cache_stats_breakdown\[GLOBAL_ACC_W\]\[TOTAL_ACCESS\]\s*=\s*(.*)
instance,llm_layer,layer,H100-SASS-Accelwattch_SASS_SIM,nvjet_sm90_tst_128x8_64x12_4x1_v_bz_TNT--3,Total_core_cache_stats_breakdown[GLOBAL_ACC_W][TOTAL_ACCESS],0.0,0.0,\s+Total_core_cache_stats_breakdown\[GLOBAL_ACC_W\]\[TOTAL_ACCESS\]\s*=\s*(.*)
instance,llm_layer,layer,H100-SASS-Accelwattch_SASS_SIM,_ZN4vllm18act_and_mul_kernelIN3c108BFloat16E14__nv_bfloat162XadL_ZNS_11silu_kernelIS2_EET_RKS5_fEEXadL_ZNS_18packed_silu_kernelIS3_EES5_S7_fEELb1ELb1ELb0ELb0EEEvPS5_PS6_ifff--4,Total_core_cache_stats_breakdown[GLOBAL_ACC_W][TOTAL_ACCESS],304.0,304.0,\s+Total_core_cache_stats_breakdown\[GLOBAL_ACC_W\]\[TOTAL_ACCESS\]\s*=\s*(.*)
instance,llm_layer,layer,H100-SASS-Accelwattch_SASS_SIM,nvjet_sm90_tst_64x8_64x16_4x1_v_bz_splitK_TNT--3,Total_core_cache_stats_breakdown[GLOBAL_ACC_W][TOTAL_ACCESS],0.0,0.0,\s+Total_core_cache_stats_breakdown\[GLOBAL_ACC_W\]\[TOTAL_ACCESS\]\s*=\s*(.*)
instance,llm_layer,layer,H100-SASS-Accelwattch_SASS_SIM,_ZN8cublasLt19splitKreduce_kernelILi32ELi16Eif13__nv_bfloat16fS1_Lb0EfS1_S1_Lb1ELb0ELb0ELb0EEEvNS_18cublasSplitKParamsIT4_EEPKT2_PKT8_PT7_PT3_PKS3_SG_PKT9_S7_PSH_PvlPS3_PiSM_SM_SG_SG_SG_SG_SG_--4,Total_core_cache_stats_breakdown[GLOBAL_ACC_W][TOTAL_ACCESS],56.0,56.0,\s+Total_core_cache_stats_breakdown\[GLOBAL_ACC_W\]\[TOTAL_ACCESS\]\s*=\s*(.*)
instance,llm_layer,layer,H100-SASS-Accelwattch_SASS_SIM,_ZN4vllm25fused_add_rms_norm_kernelIN3c108BFloat16ELi8ELb1EEENSt9enable_ifIXaagtT0_Li0Esr4vllm12_typeConvertIT_EE6existsEvE4typeEPS4_lS7_PKS4_fiil--10,Total_core_cache_stats_breakdown[GLOBAL_ACC_W][TOTAL_ACCESS],112.0,112.0,\s+Total_core_cache_stats_breakdown\[GLOBAL_ACC_W\]\[TOTAL_ACCESS\]\s*=\s*(.*)
instance,llm_layer,layer,H100-SASS-Accelwattch_SASS_SIM,nvjet_sm90_tst_64x8_64x16_4x1_v_bz_bias_TNT--4,Total_core_cache_stats_breakdown[GLOBAL_ACC_W][TOTAL_ACCESS],0.0,0.0,\s+Total_core_cache_stats_breakdown\[GLOBAL_ACC_W\]\[TOTAL_ACCESS\]\s*=\s*(.*)
instance,llm_layer,layer,H100-SASS-Accelwattch_SASS_SIM,_ZN4vllm23rotary_embedding_kernelIN3c108BFloat16ES2_Lb1EEEvPKlPT_S6_PKT0_illliiilb--5,Total_core_cache_stats_breakdown[GLOBAL_ACC_W][TOTAL_ACCESS],64.0,64.0,\s+Total_core_cache_stats_breakdown\[GLOBAL_ACC_W\]\[TOTAL_ACCESS\]\s*=\s*(.*)
instance,llm_layer,layer,H100-SASS-Accelwattch_SASS_SIM,_ZN4vllm30reshape_and_cache_flash_kernelI13__nv_bfloat16S1_LNS_18Fp8KVCacheDataTypeE0EEEvPKT_S5_PT0_S7_PKlllllliiiPKfSB_i--5,Total_core_cache_stats_breakdown[GLOBAL_ACC_W][TOTAL_ACCESS],16.0,16.0,\s+Total_core_cache_stats_breakdown\[GLOBAL_ACC_W\]\[TOTAL_ACCESS\]\s*=\s*(.*)
instance,llm_layer,layer,H100-SASS-Accelwattch_SASS_SIM,_ZN7cutlass13device_kernelIN5flash20enable_sm90_or_laterINS1_16FlashAttnFwdSm90INS1_25CollectiveMainloopFwdSm90ILi2EN4cute5tupleIJNS5_1CILi1EEES8_S8_EEENS6_IJNS7_ILi64EEENS7_ILi192EEESA_EEELi64ENS_10bfloat16_tEfNS_4arch4Sm90ELb0ELb0ELb0ELb1ELb1ELb0ELb0ELb1ELb1ELb1ELb0ELb0ESD_Li1EEENS1_21CollectiveEpilogueFwdINS6_IJSA_SA_SB_EEES9_SD_SF_Li128ELb1ELb1ELb0ELb0ELi1EEENS1_36VarlenDynamicPersistentTileSchedulerILi64ELi192ELi128ELi128ELb0ELb1ELb1ELb0ELb0ELb1EEEEEEEEEvNT_6ParamsE--4,Total_core_cache_stats_breakdown[GLOBAL_ACC_W][TOTAL_ACCESS],59.0,59.0,\s+Total_core_cache_stats_breakdown\[GLOBAL_ACC_W\]\[TOTAL_ACCESS\]\s*=\s*(.*)
instance,llm_layer,layer,H100-SASS-Accelwattch_SASS_SIM,_ZN2at6native29vectorized_elementwise_kernelILi4ENS0_11FillFunctorIiEESt5arrayIPcLm1EEEEviT0_T1_--5,Total_core_cache_stats_breakdown[GLOBAL_ACC_W][TOTAL_ACCESS],1.0,1.0,\s+Total_core_cache_stats_breakdown\[GLOBAL_ACC_W\]\[TOTAL_ACCESS\]\s*=\s*(.*)
instance,llm_layer,layer,H100-SASS-Accelwattch_SASS_SIM,nvjet_sm90_tst_64x8_64x16_4x1_v_bz_TNT--4,Total_core_cache_stats_breakdown[GLOBAL_ACC_W][TOTAL_ACCESS],0.0,0.0,\s+Total_core_cache_stats_breakdown\[GLOBAL_ACC_W\]\[TOTAL_ACCESS\]\s*=\s*(.*)
instance,llm_layer,layer,H100-SASS-Accelwattch_SASS_SIM,_ZN4vllm25fused_add_rms_norm_kernelIN3c108BFloat16ELi8ELb1EEENSt9enable_ifIXaagtT0_Li0Esr4vllm12_typeConvertIT_EE6existsEvE4typeEPS4_lS7_PKS4_fiil--11,Total_core_cache_stats_breakdown[GLOBAL_ACC_W][TOTAL_ACCESS],112.0,112.0,\s+Total_core_cache_stats_breakdown\[GLOBAL_ACC_W\]\[TOTAL_ACCESS\]\s*=\s*(.*)
instance,llm_layer,layer,H100-SASS-Accelwattch_SASS_SIM,nvjet_sm90_tst_128x8_64x12_4x1_v_bz_TNT--4,Total_core_cache_stats_breakdown[GLOBAL_ACC_W][TOTAL_ACCESS],0.0,0.0,\s+Total_core_cache_stats_breakdown\[GLOBAL_ACC_W\]\[TOTAL_ACCESS\]\s*=\s*(.*)
instance,llm_layer,layer,H100-SASS-Accelwattch_SASS_SIM,_ZN4vllm18act_and_mul_kernelIN3c108BFloat16E14__nv_bfloat162XadL_ZNS_11silu_kernelIS2_EET_RKS5_fEEXadL_ZNS_18packed_silu_kernelIS3_EES5_S7_fEELb1ELb1ELb0ELb0EEEvPS5_PS6_ifff--5,Total_core_cache_stats_breakdown[GLOBAL_ACC_W][TOTAL_ACCESS],304.0,304.0,\s+Total_core_cache_stats_breakdown\[GLOBAL_ACC_W\]\[TOTAL_ACCESS\]\s*=\s*(.*)
instance,llm_layer,layer,H100-SASS-Accelwattch_SASS_SIM,nvjet_sm90_tst_64x8_64x16_4x1_v_bz_splitK_TNT--4,Total_core_cache_stats_breakdown[GLOBAL_ACC_W][TOTAL_ACCESS],0.0,0.0,\s+Total_core_cache_stats_breakdown\[GLOBAL_ACC_W\]\[TOTAL_ACCESS\]\s*=\s*(.*)
instance,llm_layer,layer,H100-SASS-Accelwattch_SASS_SIM,_ZN8cublasLt19splitKreduce_kernelILi32ELi16Eif13__nv_bfloat16fS1_Lb0EfS1_S1_Lb1ELb0ELb0ELb0EEEvNS_18cublasSplitKParamsIT4_EEPKT2_PKT8_PT7_PT3_PKS3_SG_PKT9_S7_PSH_PvlPS3_PiSM_SM_SG_SG_SG_SG_SG_--5,Total_core_cache_stats_breakdown[GLOBAL_ACC_W][TOTAL_ACCESS],56.0,56.0,\s+Total_core_cache_stats_breakdown\[GLOBAL_ACC_W\]\[TOTAL_ACCESS\]\s*=\s*(.*)
instance,llm_layer,layer,H100-SASS-Accelwattch_SASS_SIM,_ZN4vllm25fused_add_rms_norm_kernelIN3c108BFloat16ELi8ELb1EEENSt9enable_ifIXaagtT0_Li0Esr4vllm12_typeConvertIT_EE6existsEvE4typeEPS4_lS7_PKS4_fiil--12,Total_core_cache_stats_breakdown[GLOBAL_ACC_W][TOTAL_ACCESS],112.0,112.0,\s+Total_core_cache_stats_breakdown\[GLOBAL_ACC_W\]\[TOTAL_ACCESS\]\s*=\s*(.*)
instance,llm_layer,layer,H100-SASS-Accelwattch_SASS_SIM,nvjet_sm90_tst_64x8_64x16_4x1_v_bz_bias_TNT--5,Total_core_cache_stats_breakdown[GLOBAL_ACC_W][TOTAL_ACCESS],0.0,0.0,\s+Total_core_cache_stats_breakdown\[GLOBAL_ACC_W\]\[TOTAL_ACCESS\]\s*=\s*(.*)
instance,llm_layer,layer,H100-SASS-Accelwattch_SASS_SIM,_ZN4vllm23rotary_embedding_kernelIN3c108BFloat16ES2_Lb1EEEvPKlPT_S6_PKT0_illliiilb--6,Total_core_cache_stats_breakdown[GLOBAL_ACC_W][TOTAL_ACCESS],64.0,64.0,\s+Total_core_cache_stats_breakdown\[GLOBAL_ACC_W\]\[TOTAL_ACCESS\]\s*=\s*(.*)
instance,llm_layer,layer,H100-SASS-Accelwattch_SASS_SIM,_ZN4vllm30reshape_and_cache_flash_kernelI13__nv_bfloat16S1_LNS_18Fp8KVCacheDataTypeE0EEEvPKT_S5_PT0_S7_PKlllllliiiPKfSB_i--6,Total_core_cache_stats_breakdown[GLOBAL_ACC_W][TOTAL_ACCESS],16.0,16.0,\s+Total_core_cache_stats_breakdown\[GLOBAL_ACC_W\]\[TOTAL_ACCESS\]\s*=\s*(.*)
instance,llm_layer,layer,H100-SASS-Accelwattch_SASS_SIM,_ZN7cutlass13device_kernelIN5flash20enable_sm90_or_laterINS1_16FlashAttnFwdSm90INS1_25CollectiveMainloopFwdSm90ILi2EN4cute5tupleIJNS5_1CILi1EEES8_S8_EEENS6_IJNS7_ILi64EEENS7_ILi192EEESA_EEELi64ENS_10bfloat16_tEfNS_4arch4Sm90ELb0ELb0ELb0ELb1ELb1ELb0ELb0ELb1ELb1ELb1ELb0ELb0ESD_Li1EEENS1_21CollectiveEpilogueFwdINS6_IJSA_SA_SB_EEES9_SD_SF_Li128ELb1ELb1ELb0ELb0ELi1EEENS1_36VarlenDynamicPersistentTileSchedulerILi64ELi192ELi128ELi128ELb0ELb1ELb1ELb0ELb0ELb1EEEEEEEEEvNT_6ParamsE--5,Total_core_cache_stats_breakdown[GLOBAL_ACC_W][TOTAL_ACCESS],59.0,59.0,\s+Total_core_cache_stats_breakdown\[GLOBAL_ACC_W\]\[TOTAL_ACCESS\]\s*=\s*(.*)
instance,llm_layer,layer,H100-SASS-Accelwattch_SASS_SIM,_ZN2at6native29vectorized_elementwise_kernelILi4ENS0_11FillFunctorIiEESt5arrayIPcLm1EEEEviT0_T1_--6,Total_core_cache_stats_breakdown[GLOBAL_ACC_W][TOTAL_ACCESS],1.0,1.0,\s+Total_core_cache_stats_breakdown\[GLOBAL_ACC_W\]\[TOTAL_ACCESS\]\s*=\s*(.*)
instance,llm_layer,layer,H100-SASS-Accelwattch_SASS_SIM,nvjet_sm90_tst_64x8_64x16_4x1_v_bz_TNT--5,Total_core_cache_stats_breakdown[GLOBAL_ACC_W][TOTAL_ACCESS],0.0,0.0,\s+Total_core_cache_stats_breakdown\[GLOBAL_ACC_W\]\[TOTAL_ACCESS\]\s*=\s*(.*)
instance,llm_layer,layer,H100-SASS-Accelwattch_SASS_SIM,_ZN4vllm25fused_add_rms_norm_kernelIN3c108BFloat16ELi8ELb1EEENSt9enable_ifIXaagtT0_Li0Esr4vllm12_typeConvertIT_EE6existsEvE4typeEPS4_lS7_PKS4_fiil--13,Total_core_cache_stats_breakdown[GLOBAL_ACC_W][TOTAL_ACCESS],112.0,112.0,\s+Total_core_cache_stats_breakdown\[GLOBAL_ACC_W\]\[TOTAL_ACCESS\]\s*=\s*(.*)
instance,llm_layer,layer,H100-SASS-Accelwattch_SASS_SIM,nvjet_sm90_tst_128x8_64x12_4x1_v_bz_TNT--5,Total_core_cache_stats_breakdown[GLOBAL_ACC_W][TOTAL_ACCESS],0.0,0.0,\s+Total_core_cache_stats_breakdown\[GLOBAL_ACC_W\]\[TOTAL_ACCESS\]\s*=\s*(.*)
instance,llm_layer,layer,H100-SASS-Accelwattch_SASS_SIM,_ZN4vllm18act_and_mul_kernelIN3c108BFloat16E14__nv_bfloat162XadL_ZNS_11silu_kernelIS2_EET_RKS5_fEEXadL_ZNS_18packed_silu_kernelIS3_EES5_S7_fEELb1ELb1ELb0ELb0EEEvPS5_PS6_ifff--6,Total_core_cache_stats_breakdown[GLOBAL_ACC_W][TOTAL_ACCESS],304.0,304.0,\s+Total_core_cache_stats_breakdown\[GLOBAL_ACC_W\]\[TOTAL_ACCESS\]\s*=\s*(.*)
instance,llm_layer,layer,H100-SASS-Accelwattch_SASS_SIM,nvjet_sm90_tst_64x8_64x16_4x1_v_bz_splitK_TNT--5,Total_core_cache_stats_breakdown[GLOBAL_ACC_W][TOTAL_ACCESS],0.0,0.0,\s+Total_core_cache_stats_breakdown\[GLOBAL_ACC_W\]\[TOTAL_ACCESS\]\s*=\s*(.*)
instance,llm_layer,layer,H100-SASS-Accelwattch_SASS_SIM,_ZN8cublasLt19splitKreduce_kernelILi32ELi16Eif13__nv_bfloat16fS1_Lb0EfS1_S1_Lb1ELb0ELb0ELb0EEEvNS_18cublasSplitKParamsIT4_EEPKT2_PKT8_PT7_PT3_PKS3_SG_PKT9_S7_PSH_PvlPS3_PiSM_SM_SG_SG_SG_SG_SG_--6,Total_core_cache_stats_breakdown[GLOBAL_ACC_W][TOTAL_ACCESS],56.0,56.0,\s+Total_core_cache_stats_breakdown\[GLOBAL_ACC_W\]\[TOTAL_ACCESS\]\s*=\s*(.*)
instance,llm_layer,layer,H100-SASS-Accelwattch_SASS_SIM,_ZN4vllm25fused_add_rms_norm_kernelIN3c108BFloat16ELi8ELb1EEENSt9enable_ifIXaagtT0_Li0Esr4vllm12_typeConvertIT_EE6existsEvE4typeEPS4_lS7_PKS4_fiil--14,Total_core_cache_stats_breakdown[GLOBAL_ACC_W][TOTAL_ACCESS],112.0,112.0,\s+Total_core_cache_stats_breakdown\[GLOBAL_ACC_W\]\[TOTAL_ACCESS\]\s*=\s*(.*)
instance,llm_layer,layer,H100-SASS-Accelwattch_SASS_SIM,nvjet_sm90_tst_64x8_64x16_4x1_v_bz_bias_TNT--6,Total_core_cache_stats_breakdown[GLOBAL_ACC_W][TOTAL_ACCESS],0.0,0.0,\s+Total_core_cache_stats_breakdown\[GLOBAL_ACC_W\]\[TOTAL_ACCESS\]\s*=\s*(.*)
instance,llm_layer,layer,H100-SASS-Accelwattch_SASS_SIM,_ZN4vllm23rotary_embedding_kernelIN3c108BFloat16ES2_Lb1EEEvPKlPT_S6_PKT0_illliiilb--7,Total_core_cache_stats_breakdown[GLOBAL_ACC_W][TOTAL_ACCESS],64.0,64.0,\s+Total_core_cache_stats_breakdown\[GLOBAL_ACC_W\]\[TOTAL_ACCESS\]\s*=\s*(.*)
instance,llm_layer,layer,H100-SASS-Accelwattch_SASS_SIM,_ZN4vllm30reshape_and_cache_flash_kernelI13__nv_bfloat16S1_LNS_18Fp8KVCacheDataTypeE0EEEvPKT_S5_PT0_S7_PKlllllliiiPKfSB_i--7,Total_core_cache_stats_breakdown[GLOBAL_ACC_W][TOTAL_ACCESS],16.0,16.0,\s+Total_core_cache_stats_breakdown\[GLOBAL_ACC_W\]\[TOTAL_ACCESS\]\s*=\s*(.*)
instance,llm_layer,layer,H100-SASS-Accelwattch_SASS_SIM,_ZN7cutlass13device_kernelIN5flash20enable_sm90_or_laterINS1_16FlashAttnFwdSm90INS1_25CollectiveMainloopFwdSm90ILi2EN4cute5tupleIJNS5_1CILi1EEES8_S8_EEENS6_IJNS7_ILi64EEENS7_ILi192EEESA_EEELi64ENS_10bfloat16_tEfNS_4arch4Sm90ELb0ELb0ELb0ELb1ELb1ELb0ELb0ELb1ELb1ELb1ELb0ELb0ESD_Li1EEENS1_21CollectiveEpilogueFwdINS6_IJSA_SA_SB_EEES9_SD_SF_Li128ELb1ELb1ELb0ELb0ELi1EEENS1_36VarlenDynamicPersistentTileSchedulerILi64ELi192ELi128ELi128ELb0ELb1ELb1ELb0ELb0ELb1EEEEEEEEEvNT_6ParamsE--6,Total_core_cache_stats_breakdown[GLOBAL_ACC_W][TOTAL_ACCESS],59.0,59.0,\s+Total_core_cache_stats_breakdown\[GLOBAL_ACC_W\]\[TOTAL_ACCESS\]\s*=\s*(.*)
instance,llm_layer,layer,H100-SASS-Accelwattch_SASS_SIM,_ZN2at6native29vectorized_elementwise_kernelILi4ENS0_11FillFunctorIiEESt5arrayIPcLm1EEEEviT0_T1_--7,Total_core_cache_stats_breakdown[GLOBAL_ACC_W][TOTAL_ACCESS],1.0,1.0,\s+Total_core_cache_stats_breakdown\[GLOBAL_ACC_W\]\[TOTAL_ACCESS\]\s*=\s*(.*)
instance,llm_layer,layer,H100-SASS-Accelwattch_SASS_SIM,nvjet_sm90_tst_64x8_64x16_4x1_v_bz_TNT--6,Total_core_cache_stats_breakdown[GLOBAL_ACC_W][TOTAL_ACCESS],0.0,0.0,\s+Total_core_cache_stats_breakdown\[GLOBAL_ACC_W\]\[TOTAL_ACCESS\]\s*=\s*(.*)
instance,llm_layer,layer,H100-SASS-Accelwattch_SASS_SIM,_ZN4vllm25fused_add_rms_norm_kernelIN3c108BFloat16ELi8ELb1EEENSt9enable_ifIXaagtT0_Li0Esr4vllm12_typeConvertIT_EE6existsEvE4typeEPS4_lS7_PKS4_fiil--15,Total_core_cache_stats_breakdown[GLOBAL_ACC_W][TOTAL_ACCESS],112.0,112.0,\s+Total_core_cache_stats_breakdown\[GLOBAL_ACC_W\]\[TOTAL_ACCESS\]\s*=\s*(.*)
instance,llm_layer,layer,H100-SASS-Accelwattch_SASS_SIM,nvjet_sm90_tst_128x8_64x12_4x1_v_bz_TNT--6,Total_core_cache_stats_breakdown[GLOBAL_ACC_W][TOTAL_ACCESS],0.0,0.0,\s+Total_core_cache_stats_breakdown\[GLOBAL_ACC_W\]\[TOTAL_ACCESS\]\s*=\s*(.*)
instance,llm_layer,layer,H100-SASS-Accelwattch_SASS_SIM,_ZN4vllm18act_and_mul_kernelIN3c108BFloat16E14__nv_bfloat162XadL_ZNS_11silu_kernelIS2_EET_RKS5_fEEXadL_ZNS_18packed_silu_kernelIS3_EES5_S7_fEELb1ELb1ELb0ELb0EEEvPS5_PS6_ifff--7,Total_core_cache_stats_breakdown[GLOBAL_ACC_W][TOTAL_ACCESS],304.0,304.0,\s+Total_core_cache_stats_breakdown\[GLOBAL_ACC_W\]\[TOTAL_ACCESS\]\s*=\s*(.*)
instance,llm_layer,layer,H100-SASS-Accelwattch_SASS_SIM,nvjet_sm90_tst_64x8_64x16_4x1_v_bz_splitK_TNT--6,Total_core_cache_stats_breakdown[GLOBAL_ACC_W][TOTAL_ACCESS],0.0,0.0,\s+Total_core_cache_stats_breakdown\[GLOBAL_ACC_W\]\[TOTAL_ACCESS\]\s*=\s*(.*)
instance,llm_layer,layer,H100-SASS-Accelwattch_SASS_SIM,_ZN8cublasLt19splitKreduce_kernelILi32ELi16Eif13__nv_bfloat16fS1_Lb0EfS1_S1_Lb1ELb0ELb0ELb0EEEvNS_18cublasSplitKParamsIT4_EEPKT2_PKT8_PT7_PT3_PKS3_SG_PKT9_S7_PSH_PvlPS3_PiSM_SM_SG_SG_SG_SG_SG_--7,Total_core_cache_stats_breakdown[GLOBAL_ACC_W][TOTAL_ACCESS],56.0,56.0,\s+Total_core_cache_stats_breakdown\[GLOBAL_ACC_W\]\[TOTAL_ACCESS\]\s*=\s*(.*)
instance,llm_layer,layer,H100-SASS-Accelwattch_SASS_SIM,_ZN4vllm25fused_add_rms_norm_kernelIN3c108BFloat16ELi8ELb1EEENSt9enable_ifIXaagtT0_Li0Esr4vllm12_typeConvertIT_EE6existsEvE4typeEPS4_lS7_PKS4_fiil--0,Total_core_cache_stats_breakdown[GLOBAL_ACC_R][MSHR_HIT],560.0,560.0,\s+Total_core_cache_stats_breakdown\[GLOBAL_ACC_R\]\[MSHR_HIT\]\s*=\s*(.*)
instance,llm_layer,layer,H100-SASS-Accelwattch_SASS_SIM,nvjet_sm90_tst_64x8_64x16_4x2_h_bz_bias_TNT--0,Total_core_cache_stats_breakdown[GLOBAL_ACC_R][MSHR_HIT],0.0,0.0,\s+Total_core_cache_stats_breakdown\[GLOBAL_ACC_R\]\[MSHR_HIT\]\s*=\s*(.*)
instance,llm_layer,layer,H100-SASS-Accelwattch_SASS_SIM,_ZN4vllm23rotary_embedding_kernelIN3c108BFloat16ES2_Lb1EEEvPKlPT_S6_PKT0_illliiilb--0,Total_core_cache_stats_breakdown[GLOBAL_ACC_R][MSHR_HIT],650.0,650.0,\s+Total_core_cache_stats_breakdown\[GLOBAL_ACC_R\]\[MSHR_HIT\]\s*=\s*(.*)
instance,llm_layer,layer,H100-SASS-Accelwattch_SASS_SIM,_ZN4vllm30reshape_and_cache_flash_kernelI13__nv_bfloat16S1_LNS_18Fp8KVCacheDataTypeE0EEEvPKT_S5_PT0_S7_PKlllllliiiPKfSB_i--0,Total_core_cache_stats_breakdown[GLOBAL_ACC_R][MSHR_HIT],30.0,30.0,\s+Total_core_cache_stats_breakdown\[GLOBAL_ACC_R\]\[MSHR_HIT\]\s*=\s*(.*)
instance,llm_layer,layer,H100-SASS-Accelwattch_SASS_SIM,_ZN7cutlass13device_kernelIN5flash20enable_sm90_or_laterINS1_16FlashAttnFwdSm90INS1_25CollectiveMainloopFwdSm90ILi2EN4cute5tupleIJNS5_1CILi1EEES8_S8_EEENS6_IJNS7_ILi192EEENS7_ILi128EEENS7_ILi64EEEEEELi64ENS_10bfloat16_tEfNS_4arch4Sm90ELb1ELb0ELb0ELb1ELb1ELb0ELb0ELb1ELb1ELb1ELb0ELb0ESE_Li1EEENS1_21CollectiveEpilogueFwdINS6_IJSA_SC_SB_EEES9_SE_SG_Li384ELb1ELb1ELb0ELb0ELi1EEENS1_36VarlenDynamicPersistentTileSchedulerILi192ELi128ELi384ELi128ELb0ELb1ELb1ELb1ELb0ELb1EEEEEEEEEvNT_6ParamsE--0,Total_core_cache_stats_breakdown[GLOBAL_ACC_R][MSHR_HIT],104.0,104.0,\s+Total_core_cache_stats_breakdown\[GLOBAL_ACC_R\]\[MSHR_HIT\]\s*=\s*(.*)
instance,llm_layer,layer,H100-SASS-Accelwattch_SASS_SIM,_ZN2at6native29vectorized_elementwise_kernelILi4ENS0_11FillFunctorIiEESt5arrayIPcLm1EEEEviT0_T1_--0,Total_core_cache_stats_breakdown[GLOBAL_ACC_R][MSHR_HIT],0.0,0.0,\s+Total_core_cache_stats_breakdown\[GLOBAL_ACC_R\]\[MSHR_HIT\]\s*=\s*(.*)
instance,llm_layer,layer,H100-SASS-Accelwattch_SASS_SIM,nvjet_sm90_tst_64x8_64x16_4x2_h_bz_TNT--0,Total_core_cache_stats_breakdown[GLOBAL_ACC_R][MSHR_HIT],0.0,0.0,\s+Total_core_cache_stats_breakdown\[GLOBAL_ACC_R\]\[MSHR_HIT\]\s*=\s*(.*)
instance,llm_layer,layer,H100-SASS-Accelwattch_SASS_SIM,_ZN4vllm25fused_add_rms_norm_kernelIN3c108BFloat16ELi8ELb1EEENSt9enable_ifIXaagtT0_Li0Esr4vllm12_typeConvertIT_EE6existsEvE4typeEPS4_lS7_PKS4_fiil--1,Total_core_cache_stats_breakdown[GLOBAL_ACC_R][MSHR_HIT],560.0,560.0,\s+Total_core_cache_stats_breakdown\[GLOBAL_ACC_R\]\[MSHR_HIT\]\s*=\s*(.*)
instance,llm_layer,layer,H100-SASS-Accelwattch_SASS_SIM,nvjet_sm90_tst_128x16_64x11_4x1_v_bz_TNT--0,Total_core_cache_stats_breakdown[GLOBAL_ACC_R][MSHR_HIT],0.0,0.0,\s+Total_core_cache_stats_breakdown\[GLOBAL_ACC_R\]\[MSHR_HIT\]\s*=\s*(.*)
instance,llm_layer,layer,H100-SASS-Accelwattch_SASS_SIM,_ZN4vllm18act_and_mul_kernelIN3c108BFloat16E14__nv_bfloat162XadL_ZNS_11silu_kernelIS2_EET_RKS5_fEEXadL_ZNS_18packed_silu_kernelIS3_EES5_S7_fEELb1ELb1ELb0ELb0EEEvPS5_PS6_ifff--0,Total_core_cache_stats_breakdown[GLOBAL_ACC_R][MSHR_HIT],0.0,0.0,\s+Total_core_cache_stats_breakdown\[GLOBAL_ACC_R\]\[MSHR_HIT\]\s*=\s*(.*)
instance,llm_layer,layer,H100-SASS-Accelwattch_SASS_SIM,nvjet_sm90_tst_64x16_64x16_4x1_v_bz_splitK_TNT--0,Total_core_cache_stats_breakdown[GLOBAL_ACC_R][MSHR_HIT],0.0,0.0,\s+Total_core_cache_stats_breakdown\[GLOBAL_ACC_R\]\[MSHR_HIT\]\s*=\s*(.*)
instance,llm_layer,layer,H100-SASS-Accelwattch_SASS_SIM,_ZN8cublasLt19splitKreduce_kernelILi32ELi16Eif13__nv_bfloat16fS1_Lb0EfS1_S1_Lb1ELb0ELb0ELb0EEEvNS_18cublasSplitKParamsIT4_EEPKT2_PKT8_PT7_PT3_PKS3_SG_PKT9_S7_PSH_PvlPS3_PiSM_SM_SG_SG_SG_SG_SG_--0,Total_core_cache_stats_breakdown[GLOBAL_ACC_R][MSHR_HIT],0.0,0.0,\s+Total_core_cache_stats_breakdown\[GLOBAL_ACC_R\]\[MSHR_HIT\]\s*=\s*(.*)
instance,llm_layer,layer,H100-SASS-Accelwattch_SASS_SIM,_ZN4vllm25fused_add_rms_norm_kernelIN3c108BFloat16ELi8ELb1EEENSt9enable_ifIXaagtT0_Li0Esr4vllm12_typeConvertIT_EE6existsEvE4typeEPS4_lS7_PKS4_fiil--2,Total_core_cache_stats_breakdown[GLOBAL_ACC_R][MSHR_HIT],56.0,56.0,\s+Total_core_cache_stats_breakdown\[GLOBAL_ACC_R\]\[MSHR_HIT\]\s*=\s*(.*)
instance,llm_layer,layer,H100-SASS-Accelwattch_SASS_SIM,nvjet_sm90_tst_64x8_64x16_4x1_v_bz_bias_TNT--0,Total_core_cache_stats_breakdown[GLOBAL_ACC_R][MSHR_HIT],0.0,0.0,\s+Total_core_cache_stats_breakdown\[GLOBAL_ACC_R\]\[MSHR_HIT\]\s*=\s*(.*)
instance,llm_layer,layer,H100-SASS-Accelwattch_SASS_SIM,_ZN4vllm23rotary_embedding_kernelIN3c108BFloat16ES2_Lb1EEEvPKlPT_S6_PKT0_illliiilb--1,Total_core_cache_stats_breakdown[GLOBAL_ACC_R][MSHR_HIT],65.0,65.0,\s+Total_core_cache_stats_breakdown\[GLOBAL_ACC_R\]\[MSHR_HIT\]\s*=\s*(.*)
instance,llm_layer,layer,H100-SASS-Accelwattch_SASS_SIM,_ZN4vllm30reshape_and_cache_flash_kernelI13__nv_bfloat16S1_LNS_18Fp8KVCacheDataTypeE0EEEvPKT_S5_PT0_S7_PKlllllliiiPKfSB_i--1,Total_core_cache_stats_breakdown[GLOBAL_ACC_R][MSHR_HIT],3.0,3.0,\s+Total_core_cache_stats_breakdown\[GLOBAL_ACC_R\]\[MSHR_HIT\]\s*=\s*(.*)
instance,llm_layer,layer,H100-SASS-Accelwattch_SASS_SIM,_ZN7cutlass13device_kernelIN5flash20enable_sm90_or_laterINS1_16FlashAttnFwdSm90INS1_25CollectiveMainloopFwdSm90ILi2EN4cute5tupleIJNS5_1CILi1EEES8_S8_EEENS6_IJNS7_ILi64EEENS7_ILi192EEESA_EEELi64ENS_10bfloat16_tEfNS_4arch4Sm90ELb0ELb0ELb0ELb1ELb1ELb0ELb0ELb1ELb1ELb1ELb0ELb0ESD_Li1EEENS1_21CollectiveEpilogueFwdINS6_IJSA_SA_SB_EEES9_SD_SF_Li128ELb1ELb1ELb0ELb0ELi1EEENS1_36VarlenDynamicPersistentTileSchedulerILi64ELi192ELi128ELi128ELb0ELb1ELb1ELb0ELb0ELb1EEEEEEEEEvNT_6ParamsE--0,Total_core_cache_stats_breakdown[GLOBAL_ACC_R][MSHR_HIT],32.0,32.0,\s+Total_core_cache_stats_breakdown\[GLOBAL_ACC_R\]\[MSHR_HIT\]\s*=\s*(.*)
instance,llm_layer,layer,H100-SASS-Accelwattch_SASS_SIM,_ZN2at6native29vectorized_elementwise_kernelILi4ENS0_11FillFunctorIiEESt5arrayIPcLm1EEEEviT0_T1_--1,Total_core_cache_stats_breakdown[GLOBAL_ACC_R][MSHR_HIT],0.0,0.0,\s+Total_core_cache_stats_breakdown\[GLOBAL_ACC_R\]\[MSHR_HIT\]\s*=\s*(.*)
instance,llm_layer,layer,H100-SASS-Accelwattch_SASS_SIM,nvjet_sm90_tst_64x8_64x16_4x1_v_bz_TNT--0,Total_core_cache_stats_breakdown[GLOBAL_ACC_R][MSHR_HIT],0.0,0.0,\s+Total_core_cache_stats_breakdown\[GLOBAL_ACC_R\]\[MSHR_HIT\]\s*=\s*(.*)
instance,llm_layer,layer,H100-SASS-Accelwattch_SASS_SIM,_ZN4vllm25fused_add_rms_norm_kernelIN3c108BFloat16ELi8ELb1EEENSt9enable_ifIXaagtT0_Li0Esr4vllm12_typeConvertIT_EE6existsEvE4typeEPS4_lS7_PKS4_fiil--3,Total_core_cache_stats_breakdown[GLOBAL_ACC_R][MSHR_HIT],56.0,56.0,\s+Total_core_cache_stats_breakdown\[GLOBAL_ACC_R\]\[MSHR_HIT\]\s*=\s*(.*)
instance,llm_layer,layer,H100-SASS-Accelwattch_SASS_SIM,nvjet_sm90_tst_128x8_64x12_4x1_v_bz_TNT--0,Total_core_cache_stats_breakdown[GLOBAL_ACC_R][MSHR_HIT],0.0,0.0,\s+Total_core_cache_stats_breakdown\[GLOBAL_ACC_R\]\[MSHR_HIT\]\s*=\s*(.*)
instance,llm_layer,layer,H100-SASS-Accelwattch_SASS_SIM,_ZN4vllm18act_and_mul_kernelIN3c108BFloat16E14__nv_bfloat162XadL_ZNS_11silu_kernelIS2_EET_RKS5_fEEXadL_ZNS_18packed_silu_kernelIS3_EES5_S7_fEELb1ELb1ELb0ELb0EEEvPS5_PS6_ifff--1,Total_core_cache_stats_breakdown[GLOBAL_ACC_R][MSHR_HIT],0.0,0.0,\s+Total_core_cache_stats_breakdown\[GLOBAL_ACC_R\]\[MSHR_HIT\]\s*=\s*(.*)
instance,llm_layer,layer,H100-SASS-Accelwattch_SASS_SIM,nvjet_sm90_tst_64x8_64x16_4x1_v_bz_splitK_TNT--0,Total_core_cache_stats_breakdown[GLOBAL_ACC_R][MSHR_HIT],0.0,0.0,\s+Total_core_cache_stats_breakdown\[GLOBAL_ACC_R\]\[MSHR_HIT\]\s*=\s*(.*)
instance,llm_layer,layer,H100-SASS-Accelwattch_SASS_SIM,_ZN8cublasLt19splitKreduce_kernelILi32ELi16Eif13__nv_bfloat16fS1_Lb0EfS1_S1_Lb1ELb0ELb0ELb0EEEvNS_18cublasSplitKParamsIT4_EEPKT2_PKT8_PT7_PT3_PKS3_SG_PKT9_S7_PSH_PvlPS3_PiSM_SM_SG_SG_SG_SG_SG_--1,Total_core_cache_stats_breakdown[GLOBAL_ACC_R][MSHR_HIT],0.0,0.0,\s+Total_core_cache_stats_breakdown\[GLOBAL_ACC_R\]\[MSHR_HIT\]\s*=\s*(.*)
instance,llm_layer,layer,H100-SASS-Accelwattch_SASS_SIM,_ZN4vllm25fused_add_rms_norm_kernelIN3c108BFloat16ELi8ELb1EEENSt9enable_ifIXaagtT0_Li0Esr4vllm12_typeConvertIT_EE6existsEvE4typeEPS4_lS7_PKS4_fiil--4,Total_core_cache_stats_breakdown[GLOBAL_ACC_R][MSHR_HIT],56.0,56.0,\s+Total_core_cache_stats_breakdown\[GLOBAL_ACC_R\]\[MSHR_HIT\]\s*=\s*(.*)
instance,llm_layer,layer,H100-SASS-Accelwattch_SASS_SIM,nvjet_sm90_tst_64x8_64x16_4x1_v_bz_bias_TNT--1,Total_core_cache_stats_breakdown[GLOBAL_ACC_R][MSHR_HIT],0.0,0.0,\s+Total_core_cache_stats_breakdown\[GLOBAL_ACC_R\]\[MSHR_HIT\]\s*=\s*(.*)
instance,llm_layer,layer,H100-SASS-Accelwattch_SASS_SIM,_ZN4vllm23rotary_embedding_kernelIN3c108BFloat16ES2_Lb1EEEvPKlPT_S6_PKT0_illliiilb--2,Total_core_cache_stats_breakdown[GLOBAL_ACC_R][MSHR_HIT],65.0,65.0,\s+Total_core_cache_stats_breakdown\[GLOBAL_ACC_R\]\[MSHR_HIT\]\s*=\s*(.*)
instance,llm_layer,layer,H100-SASS-Accelwattch_SASS_SIM,_ZN4vllm30reshape_and_cache_flash_kernelI13__nv_bfloat16S1_LNS_18Fp8KVCacheDataTypeE0EEEvPKT_S5_PT0_S7_PKlllllliiiPKfSB_i--2,Total_core_cache_stats_breakdown[GLOBAL_ACC_R][MSHR_HIT],3.0,3.0,\s+Total_core_cache_stats_breakdown\[GLOBAL_ACC_R\]\[MSHR_HIT\]\s*=\s*(.*)
instance,llm_layer,layer,H100-SASS-Accelwattch_SASS_SIM,_ZN7cutlass13device_kernelIN5flash20enable_sm90_or_laterINS1_16FlashAttnFwdSm90INS1_25CollectiveMainloopFwdSm90ILi2EN4cute5tupleIJNS5_1CILi1EEES8_S8_EEENS6_IJNS7_ILi64EEENS7_ILi192EEESA_EEELi64ENS_10bfloat16_tEfNS_4arch4Sm90ELb0ELb0ELb0ELb1ELb1ELb0ELb0ELb1ELb1ELb1ELb0ELb0ESD_Li1EEENS1_21CollectiveEpilogueFwdINS6_IJSA_SA_SB_EEES9_SD_SF_Li128ELb1ELb1ELb0ELb0ELi1EEENS1_36VarlenDynamicPersistentTileSchedulerILi64ELi192ELi128ELi128ELb0ELb1ELb1ELb0ELb0ELb1EEEEEEEEEvNT_6ParamsE--1,Total_core_cache_stats_breakdown[GLOBAL_ACC_R][MSHR_HIT],40.0,40.0,\s+Total_core_cache_stats_breakdown\[GLOBAL_ACC_R\]\[MSHR_HIT\]\s*=\s*(.*)
instance,llm_layer,layer,H100-SASS-Accelwattch_SASS_SIM,_ZN2at6native29vectorized_elementwise_kernelILi4ENS0_11FillFunctorIiEESt5arrayIPcLm1EEEEviT0_T1_--2,Total_core_cache_stats_breakdown[GLOBAL_ACC_R][MSHR_HIT],0.0,0.0,\s+Total_core_cache_stats_breakdown\[GLOBAL_ACC_R\]\[MSHR_HIT\]\s*=\s*(.*)
instance,llm_layer,layer,H100-SASS-Accelwattch_SASS_SIM,nvjet_sm90_tst_64x8_64x16_4x1_v_bz_TNT--1,Total_core_cache_stats_breakdown[GLOBAL_ACC_R][MSHR_HIT],0.0,0.0,\s+Total_core_cache_stats_breakdown\[GLOBAL_ACC_R\]\[MSHR_HIT\]\s*=\s*(.*)
instance,llm_layer,layer,H100-SASS-Accelwattch_SASS_SIM,_ZN4vllm25fused_add_rms_norm_kernelIN3c108BFloat16ELi8ELb1EEENSt9enable_ifIXaagtT0_Li0Esr4vllm12_typeConvertIT_EE6existsEvE4typeEPS4_lS7_PKS4_fiil--5,Total_core_cache_stats_breakdown[GLOBAL_ACC_R][MSHR_HIT],56.0,56.0,\s+Total_core_cache_stats_breakdown\[GLOBAL_ACC_R\]\[MSHR_HIT\]\s*=\s*(.*)
instance,llm_layer,layer,H100-SASS-Accelwattch_SASS_SIM,nvjet_sm90_tst_128x8_64x12_4x1_v_bz_TNT--1,Total_core_cache_stats_breakdown[GLOBAL_ACC_R][MSHR_HIT],0.0,0.0,\s+Total_core_cache_stats_breakdown\[GLOBAL_ACC_R\]\[MSHR_HIT\]\s*=\s*(.*)
instance,llm_layer,layer,H100-SASS-Accelwattch_SASS_SIM,_ZN4vllm18act_and_mul_kernelIN3c108BFloat16E14__nv_bfloat162XadL_ZNS_11silu_kernelIS2_EET_RKS5_fEEXadL_ZNS_18packed_silu_kernelIS3_EES5_S7_fEELb1ELb1ELb0ELb0EEEvPS5_PS6_ifff--2,Total_core_cache_stats_breakdown[GLOBAL_ACC_R][MSHR_HIT],0.0,0.0,\s+Total_core_cache_stats_breakdown\[GLOBAL_ACC_R\]\[MSHR_HIT\]\s*=\s*(.*)
instance,llm_layer,layer,H100-SASS-Accelwattch_SASS_SIM,nvjet_sm90_tst_64x8_64x16_4x1_v_bz_splitK_TNT--1,Total_core_cache_stats_breakdown[GLOBAL_ACC_R][MSHR_HIT],0.0,0.0,\s+Total_core_cache_stats_breakdown\[GLOBAL_ACC_R\]\[MSHR_HIT\]\s*=\s*(.*)
instance,llm_layer,layer,H100-SASS-Accelwattch_SASS_SIM,_ZN8cublasLt19splitKreduce_kernelILi32ELi16Eif13__nv_bfloat16fS1_Lb0EfS1_S1_Lb1ELb0ELb0ELb0EEEvNS_18cublasSplitKParamsIT4_EEPKT2_PKT8_PT7_PT3_PKS3_SG_PKT9_S7_PSH_PvlPS3_PiSM_SM_SG_SG_SG_SG_SG_--2,Total_core_cache_stats_breakdown[GLOBAL_ACC_R][MSHR_HIT],0.0,0.0,\s+Total_core_cache_stats_breakdown\[GLOBAL_ACC_R\]\[MSHR_HIT\]\s*=\s*(.*)
instance,llm_layer,layer,H100-SASS-Accelwattch_SASS_SIM,_ZN4vllm25fused_add_rms_norm_kernelIN3c108BFloat16ELi8ELb1EEENSt9enable_ifIXaagtT0_Li0Esr4vllm12_typeConvertIT_EE6existsEvE4typeEPS4_lS7_PKS4_fiil--6,Total_core_cache_stats_breakdown[GLOBAL_ACC_R][MSHR_HIT],56.0,56.0,\s+Total_core_cache_stats_breakdown\[GLOBAL_ACC_R\]\[MSHR_HIT\]\s*=\s*(.*)
instance,llm_layer,layer,H100-SASS-Accelwattch_SASS_SIM,nvjet_sm90_tst_64x8_64x16_4x1_v_bz_bias_TNT--2,Total_core_cache_stats_breakdown[GLOBAL_ACC_R][MSHR_HIT],0.0,0.0,\s+Total_core_cache_stats_breakdown\[GLOBAL_ACC_R\]\[MSHR_HIT\]\s*=\s*(.*)
instance,llm_layer,layer,H100-SASS-Accelwattch_SASS_SIM,_ZN4vllm23rotary_embedding_kernelIN3c108BFloat16ES2_Lb1EEEvPKlPT_S6_PKT0_illliiilb--3,Total_core_cache_stats_breakdown[GLOBAL_ACC_R][MSHR_HIT],65.0,65.0,\s+Total_core_cache_stats_breakdown\[GLOBAL_ACC_R\]\[MSHR_HIT\]\s*=\s*(.*)
instance,llm_layer,layer,H100-SASS-Accelwattch_SASS_SIM,_ZN4vllm30reshape_and_cache_flash_kernelI13__nv_bfloat16S1_LNS_18Fp8KVCacheDataTypeE0EEEvPKT_S5_PT0_S7_PKlllllliiiPKfSB_i--3,Total_core_cache_stats_breakdown[GLOBAL_ACC_R][MSHR_HIT],3.0,3.0,\s+Total_core_cache_stats_breakdown\[GLOBAL_ACC_R\]\[MSHR_HIT\]\s*=\s*(.*)
instance,llm_layer,layer,H100-SASS-Accelwattch_SASS_SIM,_ZN7cutlass13device_kernelIN5flash20enable_sm90_or_laterINS1_16FlashAttnFwdSm90INS1_25CollectiveMainloopFwdSm90ILi2EN4cute5tupleIJNS5_1CILi1EEES8_S8_EEENS6_IJNS7_ILi64EEENS7_ILi192EEESA_EEELi64ENS_10bfloat16_tEfNS_4arch4Sm90ELb0ELb0ELb0ELb1ELb1ELb0ELb0ELb1ELb1ELb1ELb0ELb0ESD_Li1EEENS1_21CollectiveEpilogueFwdINS6_IJSA_SA_SB_EEES9_SD_SF_Li128ELb1ELb1ELb0ELb0ELi1EEENS1_36VarlenDynamicPersistentTileSchedulerILi64ELi192ELi128ELi128ELb0ELb1ELb1ELb0ELb0ELb1EEEEEEEEEvNT_6ParamsE--2,Total_core_cache_stats_breakdown[GLOBAL_ACC_R][MSHR_HIT],42.0,42.0,\s+Total_core_cache_stats_breakdown\[GLOBAL_ACC_R\]\[MSHR_HIT\]\s*=\s*(.*)
instance,llm_layer,layer,H100-SASS-Accelwattch_SASS_SIM,_ZN2at6native29vectorized_elementwise_kernelILi4ENS0_11FillFunctorIiEESt5arrayIPcLm1EEEEviT0_T1_--3,Total_core_cache_stats_breakdown[GLOBAL_ACC_R][MSHR_HIT],0.0,0.0,\s+Total_core_cache_stats_breakdown\[GLOBAL_ACC_R\]\[MSHR_HIT\]\s*=\s*(.*)
instance,llm_layer,layer,H100-SASS-Accelwattch_SASS_SIM,nvjet_sm90_tst_64x8_64x16_4x1_v_bz_TNT--2,Total_core_cache_stats_breakdown[GLOBAL_ACC_R][MSHR_HIT],0.0,0.0,\s+Total_core_cache_stats_breakdown\[GLOBAL_ACC_R\]\[MSHR_HIT\]\s*=\s*(.*)
instance,llm_layer,layer,H100-SASS-Accelwattch_SASS_SIM,_ZN4vllm25fused_add_rms_norm_kernelIN3c108BFloat16ELi8ELb1EEENSt9enable_ifIXaagtT0_Li0Esr4vllm12_typeConvertIT_EE6existsEvE4typeEPS4_lS7_PKS4_fiil--7,Total_core_cache_stats_breakdown[GLOBAL_ACC_R][MSHR_HIT],56.0,56.0,\s+Total_core_cache_stats_breakdown\[GLOBAL_ACC_R\]\[MSHR_HIT\]\s*=\s*(.*)
instance,llm_layer,layer,H100-SASS-Accelwattch_SASS_SIM,nvjet_sm90_tst_128x8_64x12_4x1_v_bz_TNT--2,Total_core_cache_stats_breakdown[GLOBAL_ACC_R][MSHR_HIT],0.0,0.0,\s+Total_core_cache_stats_breakdown\[GLOBAL_ACC_R\]\[MSHR_HIT\]\s*=\s*(.*)
instance,llm_layer,layer,H100-SASS-Accelwattch_SASS_SIM,_ZN4vllm18act_and_mul_kernelIN3c108BFloat16E14__nv_bfloat162XadL_ZNS_11silu_kernelIS2_EET_RKS5_fEEXadL_ZNS_18packed_silu_kernelIS3_EES5_S7_fEELb1ELb1ELb0ELb0EEEvPS5_PS6_ifff--3,Total_core_cache_stats_breakdown[GLOBAL_ACC_R][MSHR_HIT],0.0,0.0,\s+Total_core_cache_stats_breakdown\[GLOBAL_ACC_R\]\[MSHR_HIT\]\s*=\s*(.*)
instance,llm_layer,layer,H100-SASS-Accelwattch_SASS_SIM,nvjet_sm90_tst_64x8_64x16_4x1_v_bz_splitK_TNT--2,Total_core_cache_stats_breakdown[GLOBAL_ACC_R][MSHR_HIT],0.0,0.0,\s+Total_core_cache_stats_breakdown\[GLOBAL_ACC_R\]\[MSHR_HIT\]\s*=\s*(.*)
instance,llm_layer,layer,H100-SASS-Accelwattch_SASS_SIM,_ZN8cublasLt19splitKreduce_kernelILi32ELi16Eif13__nv_bfloat16fS1_Lb0EfS1_S1_Lb1ELb0ELb0ELb0EEEvNS_18cublasSplitKParamsIT4_EEPKT2_PKT8_PT7_PT3_PKS3_SG_PKT9_S7_PSH_PvlPS3_PiSM_SM_SG_SG_SG_SG_SG_--3,Total_core_cache_stats_breakdown[GLOBAL_ACC_R][MSHR_HIT],0.0,0.0,\s+Total_core_cache_stats_breakdown\[GLOBAL_ACC_R\]\[MSHR_HIT\]\s*=\s*(.*)
instance,llm_layer,layer,H100-SASS-Accelwattch_SASS_SIM,_ZN4vllm25fused_add_rms_norm_kernelIN3c108BFloat16ELi8ELb1EEENSt9enable_ifIXaagtT0_Li0Esr4vllm12_typeConvertIT_EE6existsEvE4typeEPS4_lS7_PKS4_fiil--8,Total_core_cache_stats_breakdown[GLOBAL_ACC_R][MSHR_HIT],56.0,56.0,\s+Total_core_cache_stats_breakdown\[GLOBAL_ACC_R\]\[MSHR_HIT\]\s*=\s*(.*)
instance,llm_layer,layer,H100-SASS-Accelwattch_SASS_SIM,nvjet_sm90_tst_64x8_64x16_4x1_v_bz_bias_TNT--3,Total_core_cache_stats_breakdown[GLOBAL_ACC_R][MSHR_HIT],0.0,0.0,\s+Total_core_cache_stats_breakdown\[GLOBAL_ACC_R\]\[MSHR_HIT\]\s*=\s*(.*)
instance,llm_layer,layer,H100-SASS-Accelwattch_SASS_SIM,_ZN4vllm23rotary_embedding_kernelIN3c108BFloat16ES2_Lb1EEEvPKlPT_S6_PKT0_illliiilb--4,Total_core_cache_stats_breakdown[GLOBAL_ACC_R][MSHR_HIT],65.0,65.0,\s+Total_core_cache_stats_breakdown\[GLOBAL_ACC_R\]\[MSHR_HIT\]\s*=\s*(.*)
instance,llm_layer,layer,H100-SASS-Accelwattch_SASS_SIM,_ZN4vllm30reshape_and_cache_flash_kernelI13__nv_bfloat16S1_LNS_18Fp8KVCacheDataTypeE0EEEvPKT_S5_PT0_S7_PKlllllliiiPKfSB_i--4,Total_core_cache_stats_breakdown[GLOBAL_ACC_R][MSHR_HIT],3.0,3.0,\s+Total_core_cache_stats_breakdown\[GLOBAL_ACC_R\]\[MSHR_HIT\]\s*=\s*(.*)
instance,llm_layer,layer,H100-SASS-Accelwattch_SASS_SIM,_ZN7cutlass13device_kernelIN5flash20enable_sm90_or_laterINS1_16FlashAttnFwdSm90INS1_25CollectiveMainloopFwdSm90ILi2EN4cute5tupleIJNS5_1CILi1EEES8_S8_EEENS6_IJNS7_ILi64EEENS7_ILi192EEESA_EEELi64ENS_10bfloat16_tEfNS_4arch4Sm90ELb0ELb0ELb0ELb1ELb1ELb0ELb0ELb1ELb1ELb1ELb0ELb0ESD_Li1EEENS1_21CollectiveEpilogueFwdINS6_IJSA_SA_SB_EEES9_SD_SF_Li128ELb1ELb1ELb0ELb0ELi1EEENS1_36VarlenDynamicPersistentTileSchedulerILi64ELi192ELi128ELi128ELb0ELb1ELb1ELb0ELb0ELb1EEEEEEEEEvNT_6ParamsE--3,Total_core_cache_stats_breakdown[GLOBAL_ACC_R][MSHR_HIT],34.0,34.0,\s+Total_core_cache_stats_breakdown\[GLOBAL_ACC_R\]\[MSHR_HIT\]\s*=\s*(.*)
instance,llm_layer,layer,H100-SASS-Accelwattch_SASS_SIM,_ZN2at6native29vectorized_elementwise_kernelILi4ENS0_11FillFunctorIiEESt5arrayIPcLm1EEEEviT0_T1_--4,Total_core_cache_stats_breakdown[GLOBAL_ACC_R][MSHR_HIT],0.0,0.0,\s+Total_core_cache_stats_breakdown\[GLOBAL_ACC_R\]\[MSHR_HIT\]\s*=\s*(.*)
instance,llm_layer,layer,H100-SASS-Accelwattch_SASS_SIM,nvjet_sm90_tst_64x8_64x16_4x1_v_bz_TNT--3,Total_core_cache_stats_breakdown[GLOBAL_ACC_R][MSHR_HIT],0.0,0.0,\s+Total_core_cache_stats_breakdown\[GLOBAL_ACC_R\]\[MSHR_HIT\]\s*=\s*(.*)
instance,llm_layer,layer,H100-SASS-Accelwattch_SASS_SIM,_ZN4vllm25fused_add_rms_norm_kernelIN3c108BFloat16ELi8ELb1EEENSt9enable_ifIXaagtT0_Li0Esr4vllm12_typeConvertIT_EE6existsEvE4typeEPS4_lS7_PKS4_fiil--9,Total_core_cache_stats_breakdown[GLOBAL_ACC_R][MSHR_HIT],56.0,56.0,\s+Total_core_cache_stats_breakdown\[GLOBAL_ACC_R\]\[MSHR_HIT\]\s*=\s*(.*)
instance,llm_layer,layer,H100-SASS-Accelwattch_SASS_SIM,nvjet_sm90_tst_128x8_64x12_4x1_v_bz_TNT--3,Total_core_cache_stats_breakdown[GLOBAL_ACC_R][MSHR_HIT],0.0,0.0,\s+Total_core_cache_stats_breakdown\[GLOBAL_ACC_R\]\[MSHR_HIT\]\s*=\s*(.*)
instance,llm_layer,layer,H100-SASS-Accelwattch_SASS_SIM,_ZN4vllm18act_and_mul_kernelIN3c108BFloat16E14__nv_bfloat162XadL_ZNS_11silu_kernelIS2_EET_RKS5_fEEXadL_ZNS_18packed_silu_kernelIS3_EES5_S7_fEELb1ELb1ELb0ELb0EEEvPS5_PS6_ifff--4,Total_core_cache_stats_breakdown[GLOBAL_ACC_R][MSHR_HIT],0.0,0.0,\s+Total_core_cache_stats_breakdown\[GLOBAL_ACC_R\]\[MSHR_HIT\]\s*=\s*(.*)
instance,llm_layer,layer,H100-SASS-Accelwattch_SASS_SIM,nvjet_sm90_tst_64x8_64x16_4x1_v_bz_splitK_TNT--3,Total_core_cache_stats_breakdown[GLOBAL_ACC_R][MSHR_HIT],0.0,0.0,\s+Total_core_cache_stats_breakdown\[GLOBAL_ACC_R\]\[MSHR_HIT\]\s*=\s*(.*)
instance,llm_layer,layer,H100-SASS-Accelwattch_SASS_SIM,_ZN8cublasLt19splitKreduce_kernelILi32ELi16Eif13__nv_bfloat16fS1_Lb0EfS1_S1_Lb1ELb0ELb0ELb0EEEvNS_18cublasSplitKParamsIT4_EEPKT2_PKT8_PT7_PT3_PKS3_SG_PKT9_S7_PSH_PvlPS3_PiSM_SM_SG_SG_SG_SG_SG_--4,Total_core_cache_stats_breakdown[GLOBAL_ACC_R][MSHR_HIT],0.0,0.0,\s+Total_core_cache_stats_breakdown\[GLOBAL_ACC_R\]\[MSHR_HIT\]\s*=\s*(.*)
instance,llm_layer,layer,H100-SASS-Accelwattch_SASS_SIM,_ZN4vllm25fused_add_rms_norm_kernelIN3c108BFloat16ELi8ELb1EEENSt9enable_ifIXaagtT0_Li0Esr4vllm12_typeConvertIT_EE6existsEvE4typeEPS4_lS7_PKS4_fiil--10,Total_core_cache_stats_breakdown[GLOBAL_ACC_R][MSHR_HIT],56.0,56.0,\s+Total_core_cache_stats_breakdown\[GLOBAL_ACC_R\]\[MSHR_HIT\]\s*=\s*(.*)
instance,llm_layer,layer,H100-SASS-Accelwattch_SASS_SIM,nvjet_sm90_tst_64x8_64x16_4x1_v_bz_bias_TNT--4,Total_core_cache_stats_breakdown[GLOBAL_ACC_R][MSHR_HIT],0.0,0.0,\s+Total_core_cache_stats_breakdown\[GLOBAL_ACC_R\]\[MSHR_HIT\]\s*=\s*(.*)
instance,llm_layer,layer,H100-SASS-Accelwattch_SASS_SIM,_ZN4vllm23rotary_embedding_kernelIN3c108BFloat16ES2_Lb1EEEvPKlPT_S6_PKT0_illliiilb--5,Total_core_cache_stats_breakdown[GLOBAL_ACC_R][MSHR_HIT],65.0,65.0,\s+Total_core_cache_stats_breakdown\[GLOBAL_ACC_R\]\[MSHR_HIT\]\s*=\s*(.*)
instance,llm_layer,layer,H100-SASS-Accelwattch_SASS_SIM,_ZN4vllm30reshape_and_cache_flash_kernelI13__nv_bfloat16S1_LNS_18Fp8KVCacheDataTypeE0EEEvPKT_S5_PT0_S7_PKlllllliiiPKfSB_i--5,Total_core_cache_stats_breakdown[GLOBAL_ACC_R][MSHR_HIT],3.0,3.0,\s+Total_core_cache_stats_breakdown\[GLOBAL_ACC_R\]\[MSHR_HIT\]\s*=\s*(.*)
instance,llm_layer,layer,H100-SASS-Accelwattch_SASS_SIM,_ZN7cutlass13device_kernelIN5flash20enable_sm90_or_laterINS1_16FlashAttnFwdSm90INS1_25CollectiveMainloopFwdSm90ILi2EN4cute5tupleIJNS5_1CILi1EEES8_S8_EEENS6_IJNS7_ILi64EEENS7_ILi192EEESA_EEELi64ENS_10bfloat16_tEfNS_4arch4Sm90ELb0ELb0ELb0ELb1ELb1ELb0ELb0ELb1ELb1ELb1ELb0ELb0ESD_Li1EEENS1_21CollectiveEpilogueFwdINS6_IJSA_SA_SB_EEES9_SD_SF_Li128ELb1ELb1ELb0ELb0ELi1EEENS1_36VarlenDynamicPersistentTileSchedulerILi64ELi192ELi128ELi128ELb0ELb1ELb1ELb0ELb0ELb1EEEEEEEEEvNT_6ParamsE--4,Total_core_cache_stats_breakdown[GLOBAL_ACC_R][MSHR_HIT],42.0,42.0,\s+Total_core_cache_stats_breakdown\[GLOBAL_ACC_R\]\[MSHR_HIT\]\s*=\s*(.*)
instance,llm_layer,layer,H100-SASS-Accelwattch_SASS_SIM,_ZN2at6native29vectorized_elementwise_kernelILi4ENS0_11FillFunctorIiEESt5arrayIPcLm1EEEEviT0_T1_--5,Total_core_cache_stats_breakdown[GLOBAL_ACC_R][MSHR_HIT],0.0,0.0,\s+Total_core_cache_stats_breakdown\[GLOBAL_ACC_R\]\[MSHR_HIT\]\s*=\s*(.*)
instance,llm_layer,layer,H100-SASS-Accelwattch_SASS_SIM,nvjet_sm90_tst_64x8_64x16_4x1_v_bz_TNT--4,Total_core_cache_stats_breakdown[GLOBAL_ACC_R][MSHR_HIT],0.0,0.0,\s+Total_core_cache_stats_breakdown\[GLOBAL_ACC_R\]\[MSHR_HIT\]\s*=\s*(.*)
instance,llm_layer,layer,H100-SASS-Accelwattch_SASS_SIM,_ZN4vllm25fused_add_rms_norm_kernelIN3c108BFloat16ELi8ELb1EEENSt9enable_ifIXaagtT0_Li0Esr4vllm12_typeConvertIT_EE6existsEvE4typeEPS4_lS7_PKS4_fiil--11,Total_core_cache_stats_breakdown[GLOBAL_ACC_R][MSHR_HIT],56.0,56.0,\s+Total_core_cache_stats_breakdown\[GLOBAL_ACC_R\]\[MSHR_HIT\]\s*=\s*(.*)
instance,llm_layer,layer,H100-SASS-Accelwattch_SASS_SIM,nvjet_sm90_tst_128x8_64x12_4x1_v_bz_TNT--4,Total_core_cache_stats_breakdown[GLOBAL_ACC_R][MSHR_HIT],0.0,0.0,\s+Total_core_cache_stats_breakdown\[GLOBAL_ACC_R\]\[MSHR_HIT\]\s*=\s*(.*)
instance,llm_layer,layer,H100-SASS-Accelwattch_SASS_SIM,_ZN4vllm18act_and_mul_kernelIN3c108BFloat16E14__nv_bfloat162XadL_ZNS_11silu_kernelIS2_EET_RKS5_fEEXadL_ZNS_18packed_silu_kernelIS3_EES5_S7_fEELb1ELb1ELb0ELb0EEEvPS5_PS6_ifff--5,Total_core_cache_stats_breakdown[GLOBAL_ACC_R][MSHR_HIT],0.0,0.0,\s+Total_core_cache_stats_breakdown\[GLOBAL_ACC_R\]\[MSHR_HIT\]\s*=\s*(.*)
instance,llm_layer,layer,H100-SASS-Accelwattch_SASS_SIM,nvjet_sm90_tst_64x8_64x16_4x1_v_bz_splitK_TNT--4,Total_core_cache_stats_breakdown[GLOBAL_ACC_R][MSHR_HIT],0.0,0.0,\s+Total_core_cache_stats_breakdown\[GLOBAL_ACC_R\]\[MSHR_HIT\]\s*=\s*(.*)
instance,llm_layer,layer,H100-SASS-Accelwattch_SASS_SIM,_ZN8cublasLt19splitKreduce_kernelILi32ELi16Eif13__nv_bfloat16fS1_Lb0EfS1_S1_Lb1ELb0ELb0ELb0EEEvNS_18cublasSplitKParamsIT4_EEPKT2_PKT8_PT7_PT3_PKS3_SG_PKT9_S7_PSH_PvlPS3_PiSM_SM_SG_SG_SG_SG_SG_--5,Total_core_cache_stats_breakdown[GLOBAL_ACC_R][MSHR_HIT],0.0,0.0,\s+Total_core_cache_stats_breakdown\[GLOBAL_ACC_R\]\[MSHR_HIT\]\s*=\s*(.*)
instance,llm_layer,layer,H100-SASS-Accelwattch_SASS_SIM,_ZN4vllm25fused_add_rms_norm_kernelIN3c108BFloat16ELi8ELb1EEENSt9enable_ifIXaagtT0_Li0Esr4vllm12_typeConvertIT_EE6existsEvE4typeEPS4_lS7_PKS4_fiil--12,Total_core_cache_stats_breakdown[GLOBAL_ACC_R][MSHR_HIT],56.0,56.0,\s+Total_core_cache_stats_breakdown\[GLOBAL_ACC_R\]\[MSHR_HIT\]\s*=\s*(.*)
instance,llm_layer,layer,H100-SASS-Accelwattch_SASS_SIM,nvjet_sm90_tst_64x8_64x16_4x1_v_bz_bias_TNT--5,Total_core_cache_stats_breakdown[GLOBAL_ACC_R][MSHR_HIT],0.0,0.0,\s+Total_core_cache_stats_breakdown\[GLOBAL_ACC_R\]\[MSHR_HIT\]\s*=\s*(.*)
instance,llm_layer,layer,H100-SASS-Accelwattch_SASS_SIM,_ZN4vllm23rotary_embedding_kernelIN3c108BFloat16ES2_Lb1EEEvPKlPT_S6_PKT0_illliiilb--6,Total_core_cache_stats_breakdown[GLOBAL_ACC_R][MSHR_HIT],65.0,65.0,\s+Total_core_cache_stats_breakdown\[GLOBAL_ACC_R\]\[MSHR_HIT\]\s*=\s*(.*)
instance,llm_layer,layer,H100-SASS-Accelwattch_SASS_SIM,_ZN4vllm30reshape_and_cache_flash_kernelI13__nv_bfloat16S1_LNS_18Fp8KVCacheDataTypeE0EEEvPKT_S5_PT0_S7_PKlllllliiiPKfSB_i--6,Total_core_cache_stats_breakdown[GLOBAL_ACC_R][MSHR_HIT],3.0,3.0,\s+Total_core_cache_stats_breakdown\[GLOBAL_ACC_R\]\[MSHR_HIT\]\s*=\s*(.*)
instance,llm_layer,layer,H100-SASS-Accelwattch_SASS_SIM,_ZN7cutlass13device_kernelIN5flash20enable_sm90_or_laterINS1_16FlashAttnFwdSm90INS1_25CollectiveMainloopFwdSm90ILi2EN4cute5tupleIJNS5_1CILi1EEES8_S8_EEENS6_IJNS7_ILi64EEENS7_ILi192EEESA_EEELi64ENS_10bfloat16_tEfNS_4arch4Sm90ELb0ELb0ELb0ELb1ELb1ELb0ELb0ELb1ELb1ELb1ELb0ELb0ESD_Li1EEENS1_21CollectiveEpilogueFwdINS6_IJSA_SA_SB_EEES9_SD_SF_Li128ELb1ELb1ELb0ELb0ELi1EEENS1_36VarlenDynamicPersistentTileSchedulerILi64ELi192ELi128ELi128ELb0ELb1ELb1ELb0ELb0ELb1EEEEEEEEEvNT_6ParamsE--5,Total_core_cache_stats_breakdown[GLOBAL_ACC_R][MSHR_HIT],42.0,42.0,\s+Total_core_cache_stats_breakdown\[GLOBAL_ACC_R\]\[MSHR_HIT\]\s*=\s*(.*)
instance,llm_layer,layer,H100-SASS-Accelwattch_SASS_SIM,_ZN2at6native29vectorized_elementwise_kernelILi4ENS0_11FillFunctorIiEESt5arrayIPcLm1EEEEviT0_T1_--6,Total_core_cache_stats_breakdown[GLOBAL_ACC_R][MSHR_HIT],0.0,0.0,\s+Total_core_cache_stats_breakdown\[GLOBAL_ACC_R\]\[MSHR_HIT\]\s*=\s*(.*)
instance,llm_layer,layer,H100-SASS-Accelwattch_SASS_SIM,nvjet_sm90_tst_64x8_64x16_4x1_v_bz_TNT--5,Total_core_cache_stats_breakdown[GLOBAL_ACC_R][MSHR_HIT],0.0,0.0,\s+Total_core_cache_stats_breakdown\[GLOBAL_ACC_R\]\[MSHR_HIT\]\s*=\s*(.*)
instance,llm_layer,layer,H100-SASS-Accelwattch_SASS_SIM,_ZN4vllm25fused_add_rms_norm_kernelIN3c108BFloat16ELi8ELb1EEENSt9enable_ifIXaagtT0_Li0Esr4vllm12_typeConvertIT_EE6existsEvE4typeEPS4_lS7_PKS4_fiil--13,Total_core_cache_stats_breakdown[GLOBAL_ACC_R][MSHR_HIT],56.0,56.0,\s+Total_core_cache_stats_breakdown\[GLOBAL_ACC_R\]\[MSHR_HIT\]\s*=\s*(.*)
instance,llm_layer,layer,H100-SASS-Accelwattch_SASS_SIM,nvjet_sm90_tst_128x8_64x12_4x1_v_bz_TNT--5,Total_core_cache_stats_breakdown[GLOBAL_ACC_R][MSHR_HIT],0.0,0.0,\s+Total_core_cache_stats_breakdown\[GLOBAL_ACC_R\]\[MSHR_HIT\]\s*=\s*(.*)
instance,llm_layer,layer,H100-SASS-Accelwattch_SASS_SIM,_ZN4vllm18act_and_mul_kernelIN3c108BFloat16E14__nv_bfloat162XadL_ZNS_11silu_kernelIS2_EET_RKS5_fEEXadL_ZNS_18packed_silu_kernelIS3_EES5_S7_fEELb1ELb1ELb0ELb0EEEvPS5_PS6_ifff--6,Total_core_cache_stats_breakdown[GLOBAL_ACC_R][MSHR_HIT],0.0,0.0,\s+Total_core_cache_stats_breakdown\[GLOBAL_ACC_R\]\[MSHR_HIT\]\s*=\s*(.*)
instance,llm_layer,layer,H100-SASS-Accelwattch_SASS_SIM,nvjet_sm90_tst_64x8_64x16_4x1_v_bz_splitK_TNT--5,Total_core_cache_stats_breakdown[GLOBAL_ACC_R][MSHR_HIT],0.0,0.0,\s+Total_core_cache_stats_breakdown\[GLOBAL_ACC_R\]\[MSHR_HIT\]\s*=\s*(.*)
instance,llm_layer,layer,H100-SASS-Accelwattch_SASS_SIM,_ZN8cublasLt19splitKreduce_kernelILi32ELi16Eif13__nv_bfloat16fS1_Lb0EfS1_S1_Lb1ELb0ELb0ELb0EEEvNS_18cublasSplitKParamsIT4_EEPKT2_PKT8_PT7_PT3_PKS3_SG_PKT9_S7_PSH_PvlPS3_PiSM_SM_SG_SG_SG_SG_SG_--6,Total_core_cache_stats_breakdown[GLOBAL_ACC_R][MSHR_HIT],0.0,0.0,\s+Total_core_cache_stats_breakdown\[GLOBAL_ACC_R\]\[MSHR_HIT\]\s*=\s*(.*)
instance,llm_layer,layer,H100-SASS-Accelwattch_SASS_SIM,_ZN4vllm25fused_add_rms_norm_kernelIN3c108BFloat16ELi8ELb1EEENSt9enable_ifIXaagtT0_Li0Esr4vllm12_typeConvertIT_EE6existsEvE4typeEPS4_lS7_PKS4_fiil--14,Total_core_cache_stats_breakdown[GLOBAL_ACC_R][MSHR_HIT],56.0,56.0,\s+Total_core_cache_stats_breakdown\[GLOBAL_ACC_R\]\[MSHR_HIT\]\s*=\s*(.*)
instance,llm_layer,layer,H100-SASS-Accelwattch_SASS_SIM,nvjet_sm90_tst_64x8_64x16_4x1_v_bz_bias_TNT--6,Total_core_cache_stats_breakdown[GLOBAL_ACC_R][MSHR_HIT],0.0,0.0,\s+Total_core_cache_stats_breakdown\[GLOBAL_ACC_R\]\[MSHR_HIT\]\s*=\s*(.*)
instance,llm_layer,layer,H100-SASS-Accelwattch_SASS_SIM,_ZN4vllm23rotary_embedding_kernelIN3c108BFloat16ES2_Lb1EEEvPKlPT_S6_PKT0_illliiilb--7,Total_core_cache_stats_breakdown[GLOBAL_ACC_R][MSHR_HIT],65.0,65.0,\s+Total_core_cache_stats_breakdown\[GLOBAL_ACC_R\]\[MSHR_HIT\]\s*=\s*(.*)
instance,llm_layer,layer,H100-SASS-Accelwattch_SASS_SIM,_ZN4vllm30reshape_and_cache_flash_kernelI13__nv_bfloat16S1_LNS_18Fp8KVCacheDataTypeE0EEEvPKT_S5_PT0_S7_PKlllllliiiPKfSB_i--7,Total_core_cache_stats_breakdown[GLOBAL_ACC_R][MSHR_HIT],3.0,3.0,\s+Total_core_cache_stats_breakdown\[GLOBAL_ACC_R\]\[MSHR_HIT\]\s*=\s*(.*)
instance,llm_layer,layer,H100-SASS-Accelwattch_SASS_SIM,_ZN7cutlass13device_kernelIN5flash20enable_sm90_or_laterINS1_16FlashAttnFwdSm90INS1_25CollectiveMainloopFwdSm90ILi2EN4cute5tupleIJNS5_1CILi1EEES8_S8_EEENS6_IJNS7_ILi64EEENS7_ILi192EEESA_EEELi64ENS_10bfloat16_tEfNS_4arch4Sm90ELb0ELb0ELb0ELb1ELb1ELb0ELb0ELb1ELb1ELb1ELb0ELb0ESD_Li1EEENS1_21CollectiveEpilogueFwdINS6_IJSA_SA_SB_EEES9_SD_SF_Li128ELb1ELb1ELb0ELb0ELi1EEENS1_36VarlenDynamicPersistentTileSchedulerILi64ELi192ELi128ELi128ELb0ELb1ELb1ELb0ELb0ELb1EEEEEEEEEvNT_6ParamsE--6,Total_core_cache_stats_breakdown[GLOBAL_ACC_R][MSHR_HIT],34.0,34.0,\s+Total_core_cache_stats_breakdown\[GLOBAL_ACC_R\]\[MSHR_HIT\]\s*=\s*(.*)
instance,llm_layer,layer,H100-SASS-Accelwattch_SASS_SIM,_ZN2at6native29vectorized_elementwise_kernelILi4ENS0_11FillFunctorIiEESt5arrayIPcLm1EEEEviT0_T1_--7,Total_core_cache_stats_breakdown[GLOBAL_ACC_R][MSHR_HIT],0.0,0.0,\s+Total_core_cache_stats_breakdown\[GLOBAL_ACC_R\]\[MSHR_HIT\]\s*=\s*(.*)
instance,llm_layer,layer,H100-SASS-Accelwattch_SASS_SIM,nvjet_sm90_tst_64x8_64x16_4x1_v_bz_TNT--6,Total_core_cache_stats_breakdown[GLOBAL_ACC_R][MSHR_HIT],0.0,0.0,\s+Total_core_cache_stats_breakdown\[GLOBAL_ACC_R\]\[MSHR_HIT\]\s*=\s*(.*)
instance,llm_layer,layer,H100-SASS-Accelwattch_SASS_SIM,_ZN4vllm25fused_add_rms_norm_kernelIN3c108BFloat16ELi8ELb1EEENSt9enable_ifIXaagtT0_Li0Esr4vllm12_typeConvertIT_EE6existsEvE4typeEPS4_lS7_PKS4_fiil--15,Total_core_cache_stats_breakdown[GLOBAL_ACC_R][MSHR_HIT],56.0,56.0,\s+Total_core_cache_stats_breakdown\[GLOBAL_ACC_R\]\[MSHR_HIT\]\s*=\s*(.*)
instance,llm_layer,layer,H100-SASS-Accelwattch_SASS_SIM,nvjet_sm90_tst_128x8_64x12_4x1_v_bz_TNT--6,Total_core_cache_stats_breakdown[GLOBAL_ACC_R][MSHR_HIT],0.0,0.0,\s+Total_core_cache_stats_breakdown\[GLOBAL_ACC_R\]\[MSHR_HIT\]\s*=\s*(.*)
instance,llm_layer,layer,H100-SASS-Accelwattch_SASS_SIM,_ZN4vllm18act_and_mul_kernelIN3c108BFloat16E14__nv_bfloat162XadL_ZNS_11silu_kernelIS2_EET_RKS5_fEEXadL_ZNS_18packed_silu_kernelIS3_EES5_S7_fEELb1ELb1ELb0ELb0EEEvPS5_PS6_ifff--7,Total_core_cache_stats_breakdown[GLOBAL_ACC_R][MSHR_HIT],0.0,0.0,\s+Total_core_cache_stats_breakdown\[GLOBAL_ACC_R\]\[MSHR_HIT\]\s*=\s*(.*)
instance,llm_layer,layer,H100-SASS-Accelwattch_SASS_SIM,nvjet_sm90_tst_64x8_64x16_4x1_v_bz_splitK_TNT--6,Total_core_cache_stats_breakdown[GLOBAL_ACC_R][MSHR_HIT],0.0,0.0,\s+Total_core_cache_stats_breakdown\[GLOBAL_ACC_R\]\[MSHR_HIT\]\s*=\s*(.*)
instance,llm_layer,layer,H100-SASS-Accelwattch_SASS_SIM,_ZN8cublasLt19splitKreduce_kernelILi32ELi16Eif13__nv_bfloat16fS1_Lb0EfS1_S1_Lb1ELb0ELb0ELb0EEEvNS_18cublasSplitKParamsIT4_EEPKT2_PKT8_PT7_PT3_PKS3_SG_PKT9_S7_PSH_PvlPS3_PiSM_SM_SG_SG_SG_SG_SG_--7,Total_core_cache_stats_breakdown[GLOBAL_ACC_R][MSHR_HIT],0.0,0.0,\s+Total_core_cache_stats_breakdown\[GLOBAL_ACC_R\]\[MSHR_HIT\]\s*=\s*(.*)
instance,llm_layer,layer,H100-SASS-Accelwattch_SASS_SIM,_ZN4vllm25fused_add_rms_norm_kernelIN3c108BFloat16ELi8ELb1EEENSt9enable_ifIXaagtT0_Li0Esr4vllm12_typeConvertIT_EE6existsEvE4typeEPS4_lS7_PKS4_fiil--0,gpgpu_n_tot_w_icount,23530.0,23530.0,gpgpu_n_tot_w_icount\s*=\s*(.*)
instance,llm_layer,layer,H100-SASS-Accelwattch_SASS_SIM,nvjet_sm90_tst_64x8_64x16_4x2_h_bz_bias_TNT--0,gpgpu_n_tot_w_icount,200275.0,200275.0,gpgpu_n_tot_w_icount\s*=\s*(.*)
instance,llm_layer,layer,H100-SASS-Accelwattch_SASS_SIM,_ZN4vllm23rotary_embedding_kernelIN3c108BFloat16ES2_Lb1EEEvPKlPT_S6_PKT0_illliiilb--0,gpgpu_n_tot_w_icount,18980.0,18980.0,gpgpu_n_tot_w_icount\s*=\s*(.*)
instance,llm_layer,layer,H100-SASS-Accelwattch_SASS_SIM,_ZN4vllm30reshape_and_cache_flash_kernelI13__nv_bfloat16S1_LNS_18Fp8KVCacheDataTypeE0EEEvPKT_S5_PT0_S7_PKlllllliiiPKfSB_i--0,gpgpu_n_tot_w_icount,5740.0,5740.0,gpgpu_n_tot_w_icount\s*=\s*(.*)
instance,llm_layer,layer,H100-SASS-Accelwattch_SASS_SIM,_ZN7cutlass13device_kernelIN5flash20enable_sm90_or_laterINS1_16FlashAttnFwdSm90INS1_25CollectiveMainloopFwdSm90ILi2EN4cute5tupleIJNS5_1CILi1EEES8_S8_EEENS6_IJNS7_ILi192EEENS7_ILi128EEENS7_ILi64EEEEEELi64ENS_10bfloat16_tEfNS_4arch4Sm90ELb1ELb0ELb0ELb1ELb1ELb0ELb0ELb1ELb1ELb1ELb0ELb0ESE_Li1EEENS1_21CollectiveEpilogueFwdINS6_IJSA_SC_SB_EEES9_SE_SG_Li384ELb1ELb1ELb0ELb0ELi1EEENS1_36VarlenDynamicPersistentTileSchedulerILi192ELi128ELi384ELi128ELb0ELb1ELb1ELb1ELb0ELb1EEEEEEEEEvNT_6ParamsE--0,gpgpu_n_tot_w_icount,198775.0,198775.0,gpgpu_n_tot_w_icount\s*=\s*(.*)
instance,llm_layer,layer,H100-SASS-Accelwattch_SASS_SIM,_ZN2at6native29vectorized_elementwise_kernelILi4ENS0_11FillFunctorIiEESt5arrayIPcLm1EEEEviT0_T1_--0,gpgpu_n_tot_w_icount,120.0,120.0,gpgpu_n_tot_w_icount\s*=\s*(.*)
instance,llm_layer,layer,H100-SASS-Accelwattch_SASS_SIM,nvjet_sm90_tst_64x8_64x16_4x2_h_bz_TNT--0,gpgpu_n_tot_w_icount,157311.0,157311.0,gpgpu_n_tot_w_icount\s*=\s*(.*)
instance,llm_layer,layer,H100-SASS-Accelwattch_SASS_SIM,_ZN4vllm25fused_add_rms_norm_kernelIN3c108BFloat16ELi8ELb1EEENSt9enable_ifIXaagtT0_Li0Esr4vllm12_typeConvertIT_EE6existsEvE4typeEPS4_lS7_PKS4_fiil--1,gpgpu_n_tot_w_icount,23530.0,23530.0,gpgpu_n_tot_w_icount\s*=\s*(.*)
instance,llm_layer,layer,H100-SASS-Accelwattch_SASS_SIM,nvjet_sm90_tst_128x16_64x11_4x1_v_bz_TNT--0,gpgpu_n_tot_w_icount,442327.0,442327.0,gpgpu_n_tot_w_icount\s*=\s*(.*)
instance,llm_layer,layer,H100-SASS-Accelwattch_SASS_SIM,_ZN4vllm18act_and_mul_kernelIN3c108BFloat16E14__nv_bfloat162XadL_ZNS_11silu_kernelIS2_EET_RKS5_fEEXadL_ZNS_18packed_silu_kernelIS3_EES5_S7_fEELb1ELb1ELb0ELb0EEEvPS5_PS6_ifff--0,gpgpu_n_tot_w_icount,50160.0,50160.0,gpgpu_n_tot_w_icount\s*=\s*(.*)
instance,llm_layer,layer,H100-SASS-Accelwattch_SASS_SIM,nvjet_sm90_tst_64x16_64x16_4x1_v_bz_splitK_TNT--0,gpgpu_n_tot_w_icount,350745.0,350745.0,gpgpu_n_tot_w_icount\s*=\s*(.*)
instance,llm_layer,layer,H100-SASS-Accelwattch_SASS_SIM,_ZN8cublasLt19splitKreduce_kernelILi32ELi16Eif13__nv_bfloat16fS1_Lb0EfS1_S1_Lb1ELb0ELb0ELb0EEEvNS_18cublasSplitKParamsIT4_EEPKT2_PKT8_PT7_PT3_PKS3_SG_PKT9_S7_PSH_PvlPS3_PiSM_SM_SG_SG_SG_SG_SG_--0,gpgpu_n_tot_w_icount,33278.0,33278.0,gpgpu_n_tot_w_icount\s*=\s*(.*)
instance,llm_layer,layer,H100-SASS-Accelwattch_SASS_SIM,_ZN4vllm25fused_add_rms_norm_kernelIN3c108BFloat16ELi8ELb1EEENSt9enable_ifIXaagtT0_Li0Esr4vllm12_typeConvertIT_EE6existsEvE4typeEPS4_lS7_PKS4_fiil--2,gpgpu_n_tot_w_icount,2354.0,2354.0,gpgpu_n_tot_w_icount\s*=\s*(.*)
instance,llm_layer,layer,H100-SASS-Accelwattch_SASS_SIM,nvjet_sm90_tst_64x8_64x16_4x1_v_bz_bias_TNT--0,gpgpu_n_tot_w_icount,100107.0,100107.0,gpgpu_n_tot_w_icount\s*=\s*(.*)
instance,llm_layer,layer,H100-SASS-Accelwattch_SASS_SIM,_ZN4vllm23rotary_embedding_kernelIN3c108BFloat16ES2_Lb1EEEvPKlPT_S6_PKT0_illliiilb--1,gpgpu_n_tot_w_icount,1899.0,1899.0,gpgpu_n_tot_w_icount\s*=\s*(.*)
instance,llm_layer,layer,H100-SASS-Accelwattch_SASS_SIM,_ZN4vllm30reshape_and_cache_flash_kernelI13__nv_bfloat16S1_LNS_18Fp8KVCacheDataTypeE0EEEvPKT_S5_PT0_S7_PKlllllliiiPKfSB_i--1,gpgpu_n_tot_w_icount,574.0,574.0,gpgpu_n_tot_w_icount\s*=\s*(.*)
instance,llm_layer,layer,H100-SASS-Accelwattch_SASS_SIM,_ZN7cutlass13device_kernelIN5flash20enable_sm90_or_laterINS1_16FlashAttnFwdSm90INS1_25CollectiveMainloopFwdSm90ILi2EN4cute5tupleIJNS5_1CILi1EEES8_S8_EEENS6_IJNS7_ILi64EEENS7_ILi192EEESA_EEELi64ENS_10bfloat16_tEfNS_4arch4Sm90ELb0ELb0ELb0ELb1ELb1ELb0ELb0ELb1ELb1ELb1ELb0ELb0ESD_Li1EEENS1_21CollectiveEpilogueFwdINS6_IJSA_SA_SB_EEES9_SD_SF_Li128ELb1ELb1ELb0ELb0ELi1EEENS1_36VarlenDynamicPersistentTileSchedulerILi64ELi192ELi128ELi128ELb0ELb1ELb1ELb0ELb0ELb1EEEEEEEEEvNT_6ParamsE--0,gpgpu_n_tot_w_icount,103889.0,103889.0,gpgpu_n_tot_w_icount\s*=\s*(.*)
instance,llm_layer,layer,H100-SASS-Accelwattch_SASS_SIM,_ZN2at6native29vectorized_elementwise_kernelILi4ENS0_11FillFunctorIiEESt5arrayIPcLm1EEEEviT0_T1_--1,gpgpu_n_tot_w_icount,120.0,120.0,gpgpu_n_tot_w_icount\s*=\s*(.*)
instance,llm_layer,layer,H100-SASS-Accelwattch_SASS_SIM,nvjet_sm90_tst_64x8_64x16_4x1_v_bz_TNT--0,gpgpu_n_tot_w_icount,78677.0,78677.0,gpgpu_n_tot_w_icount\s*=\s*(.*)
instance,llm_layer,layer,H100-SASS-Accelwattch_SASS_SIM,_ZN4vllm25fused_add_rms_norm_kernelIN3c108BFloat16ELi8ELb1EEENSt9enable_ifIXaagtT0_Li0Esr4vllm12_typeConvertIT_EE6existsEvE4typeEPS4_lS7_PKS4_fiil--3,gpgpu_n_tot_w_icount,2353.0,2353.0,gpgpu_n_tot_w_icount\s*=\s*(.*)
instance,llm_layer,layer,H100-SASS-Accelwattch_SASS_SIM,nvjet_sm90_tst_128x8_64x12_4x1_v_bz_TNT--0,gpgpu_n_tot_w_icount,442795.0,442795.0,gpgpu_n_tot_w_icount\s*=\s*(.*)
instance,llm_layer,layer,H100-SASS-Accelwattch_SASS_SIM,_ZN4vllm18act_and_mul_kernelIN3c108BFloat16E14__nv_bfloat162XadL_ZNS_11silu_kernelIS2_EET_RKS5_fEEXadL_ZNS_18packed_silu_kernelIS3_EES5_S7_fEELb1ELb1ELb0ELb0EEEvPS5_PS6_ifff--1,gpgpu_n_tot_w_icount,5017.0,5017.0,gpgpu_n_tot_w_icount\s*=\s*(.*)
instance,llm_layer,layer,H100-SASS-Accelwattch_SASS_SIM,nvjet_sm90_tst_64x8_64x16_4x1_v_bz_splitK_TNT--0,gpgpu_n_tot_w_icount,352094.0,352094.0,gpgpu_n_tot_w_icount\s*=\s*(.*)
instance,llm_layer,layer,H100-SASS-Accelwattch_SASS_SIM,_ZN8cublasLt19splitKreduce_kernelILi32ELi16Eif13__nv_bfloat16fS1_Lb0EfS1_S1_Lb1ELb0ELb0ELb0EEEvNS_18cublasSplitKParamsIT4_EEPKT2_PKT8_PT7_PT3_PKS3_SG_PKT9_S7_PSH_PvlPS3_PiSM_SM_SG_SG_SG_SG_SG_--1,gpgpu_n_tot_w_icount,18658.0,18658.0,gpgpu_n_tot_w_icount\s*=\s*(.*)
instance,llm_layer,layer,H100-SASS-Accelwattch_SASS_SIM,_ZN4vllm25fused_add_rms_norm_kernelIN3c108BFloat16ELi8ELb1EEENSt9enable_ifIXaagtT0_Li0Esr4vllm12_typeConvertIT_EE6existsEvE4typeEPS4_lS7_PKS4_fiil--4,gpgpu_n_tot_w_icount,2354.0,2354.0,gpgpu_n_tot_w_icount\s*=\s*(.*)
instance,llm_layer,layer,H100-SASS-Accelwattch_SASS_SIM,nvjet_sm90_tst_64x8_64x16_4x1_v_bz_bias_TNT--1,gpgpu_n_tot_w_icount,100086.0,100086.0,gpgpu_n_tot_w_icount\s*=\s*(.*)
instance,llm_layer,layer,H100-SASS-Accelwattch_SASS_SIM,_ZN4vllm23rotary_embedding_kernelIN3c108BFloat16ES2_Lb1EEEvPKlPT_S6_PKT0_illliiilb--2,gpgpu_n_tot_w_icount,1899.0,1899.0,gpgpu_n_tot_w_icount\s*=\s*(.*)
instance,llm_layer,layer,H100-SASS-Accelwattch_SASS_SIM,_ZN4vllm30reshape_and_cache_flash_kernelI13__nv_bfloat16S1_LNS_18Fp8KVCacheDataTypeE0EEEvPKT_S5_PT0_S7_PKlllllliiiPKfSB_i--2,gpgpu_n_tot_w_icount,575.0,575.0,gpgpu_n_tot_w_icount\s*=\s*(.*)
instance,llm_layer,layer,H100-SASS-Accelwattch_SASS_SIM,_ZN7cutlass13device_kernelIN5flash20enable_sm90_or_laterINS1_16FlashAttnFwdSm90INS1_25CollectiveMainloopFwdSm90ILi2EN4cute5tupleIJNS5_1CILi1EEES8_S8_EEENS6_IJNS7_ILi64EEENS7_ILi192EEESA_EEELi64ENS_10bfloat16_tEfNS_4arch4Sm90ELb0ELb0ELb0ELb1ELb1ELb0ELb0ELb1ELb1ELb1ELb0ELb0ESD_Li1EEENS1_21CollectiveEpilogueFwdINS6_IJSA_SA_SB_EEES9_SD_SF_Li128ELb1ELb1ELb0ELb0ELi1EEENS1_36VarlenDynamicPersistentTileSchedulerILi64ELi192ELi128ELi128ELb0ELb1ELb1ELb0ELb0ELb1EEEEEEEEEvNT_6ParamsE--1,gpgpu_n_tot_w_icount,103889.0,103889.0,gpgpu_n_tot_w_icount\s*=\s*(.*)
instance,llm_layer,layer,H100-SASS-Accelwattch_SASS_SIM,_ZN2at6native29vectorized_elementwise_kernelILi4ENS0_11FillFunctorIiEESt5arrayIPcLm1EEEEviT0_T1_--2,gpgpu_n_tot_w_icount,120.0,120.0,gpgpu_n_tot_w_icount\s*=\s*(.*)
instance,llm_layer,layer,H100-SASS-Accelwattch_SASS_SIM,nvjet_sm90_tst_64x8_64x16_4x1_v_bz_TNT--1,gpgpu_n_tot_w_icount,78701.0,78701.0,gpgpu_n_tot_w_icount\s*=\s*(.*)
instance,llm_layer,layer,H100-SASS-Accelwattch_SASS_SIM,_ZN4vllm25fused_add_rms_norm_kernelIN3c108BFloat16ELi8ELb1EEENSt9enable_ifIXaagtT0_Li0Esr4vllm12_typeConvertIT_EE6existsEvE4typeEPS4_lS7_PKS4_fiil--5,gpgpu_n_tot_w_icount,2353.0,2353.0,gpgpu_n_tot_w_icount\s*=\s*(.*)
instance,llm_layer,layer,H100-SASS-Accelwattch_SASS_SIM,nvjet_sm90_tst_128x8_64x12_4x1_v_bz_TNT--1,gpgpu_n_tot_w_icount,442877.0,442877.0,gpgpu_n_tot_w_icount\s*=\s*(.*)
instance,llm_layer,layer,H100-SASS-Accelwattch_SASS_SIM,_ZN4vllm18act_and_mul_kernelIN3c108BFloat16E14__nv_bfloat162XadL_ZNS_11silu_kernelIS2_EET_RKS5_fEEXadL_ZNS_18packed_silu_kernelIS3_EES5_S7_fEELb1ELb1ELb0ELb0EEEvPS5_PS6_ifff--2,gpgpu_n_tot_w_icount,5017.0,5017.0,gpgpu_n_tot_w_icount\s*=\s*(.*)
instance,llm_layer,layer,H100-SASS-Accelwattch_SASS_SIM,nvjet_sm90_tst_64x8_64x16_4x1_v_bz_splitK_TNT--1,gpgpu_n_tot_w_icount,353010.0,353010.0,gpgpu_n_tot_w_icount\s*=\s*(.*)
instance,llm_layer,layer,H100-SASS-Accelwattch_SASS_SIM,_ZN8cublasLt19splitKreduce_kernelILi32ELi16Eif13__nv_bfloat16fS1_Lb0EfS1_S1_Lb1ELb0ELb0ELb0EEEvNS_18cublasSplitKParamsIT4_EEPKT2_PKT8_PT7_PT3_PKS3_SG_PKT9_S7_PSH_PvlPS3_PiSM_SM_SG_SG_SG_SG_SG_--2,gpgpu_n_tot_w_icount,18660.0,18660.0,gpgpu_n_tot_w_icount\s*=\s*(.*)
instance,llm_layer,layer,H100-SASS-Accelwattch_SASS_SIM,_ZN4vllm25fused_add_rms_norm_kernelIN3c108BFloat16ELi8ELb1EEENSt9enable_ifIXaagtT0_Li0Esr4vllm12_typeConvertIT_EE6existsEvE4typeEPS4_lS7_PKS4_fiil--6,gpgpu_n_tot_w_icount,2353.0,2353.0,gpgpu_n_tot_w_icount\s*=\s*(.*)
instance,llm_layer,layer,H100-SASS-Accelwattch_SASS_SIM,nvjet_sm90_tst_64x8_64x16_4x1_v_bz_bias_TNT--2,gpgpu_n_tot_w_icount,100054.0,100054.0,gpgpu_n_tot_w_icount\s*=\s*(.*)
instance,llm_layer,layer,H100-SASS-Accelwattch_SASS_SIM,_ZN4vllm23rotary_embedding_kernelIN3c108BFloat16ES2_Lb1EEEvPKlPT_S6_PKT0_illliiilb--3,gpgpu_n_tot_w_icount,1898.0,1898.0,gpgpu_n_tot_w_icount\s*=\s*(.*)
instance,llm_layer,layer,H100-SASS-Accelwattch_SASS_SIM,_ZN4vllm30reshape_and_cache_flash_kernelI13__nv_bfloat16S1_LNS_18Fp8KVCacheDataTypeE0EEEvPKT_S5_PT0_S7_PKlllllliiiPKfSB_i--3,gpgpu_n_tot_w_icount,575.0,575.0,gpgpu_n_tot_w_icount\s*=\s*(.*)
instance,llm_layer,layer,H100-SASS-Accelwattch_SASS_SIM,_ZN7cutlass13device_kernelIN5flash20enable_sm90_or_laterINS1_16FlashAttnFwdSm90INS1_25CollectiveMainloopFwdSm90ILi2EN4cute5tupleIJNS5_1CILi1EEES8_S8_EEENS6_IJNS7_ILi64EEENS7_ILi192EEESA_EEELi64ENS_10bfloat16_tEfNS_4arch4Sm90ELb0ELb0ELb0ELb1ELb1ELb0ELb0ELb1ELb1ELb1ELb0ELb0ESD_Li1EEENS1_21CollectiveEpilogueFwdINS6_IJSA_SA_SB_EEES9_SD_SF_Li128ELb1ELb1ELb0ELb0ELi1EEENS1_36VarlenDynamicPersistentTileSchedulerILi64ELi192ELi128ELi128ELb0ELb1ELb1ELb0ELb0ELb1EEEEEEEEEvNT_6ParamsE--2,gpgpu_n_tot_w_icount,103891.0,103891.0,gpgpu_n_tot_w_icount\s*=\s*(.*)
instance,llm_layer,layer,H100-SASS-Accelwattch_SASS_SIM,_ZN2at6native29vectorized_elementwise_kernelILi4ENS0_11FillFunctorIiEESt5arrayIPcLm1EEEEviT0_T1_--3,gpgpu_n_tot_w_icount,120.0,120.0,gpgpu_n_tot_w_icount\s*=\s*(.*)
instance,llm_layer,layer,H100-SASS-Accelwattch_SASS_SIM,nvjet_sm90_tst_64x8_64x16_4x1_v_bz_TNT--2,gpgpu_n_tot_w_icount,78675.0,78675.0,gpgpu_n_tot_w_icount\s*=\s*(.*)
instance,llm_layer,layer,H100-SASS-Accelwattch_SASS_SIM,_ZN4vllm25fused_add_rms_norm_kernelIN3c108BFloat16ELi8ELb1EEENSt9enable_ifIXaagtT0_Li0Esr4vllm12_typeConvertIT_EE6existsEvE4typeEPS4_lS7_PKS4_fiil--7,gpgpu_n_tot_w_icount,2353.0,2353.0,gpgpu_n_tot_w_icount\s*=\s*(.*)
instance,llm_layer,layer,H100-SASS-Accelwattch_SASS_SIM,nvjet_sm90_tst_128x8_64x12_4x1_v_bz_TNT--2,gpgpu_n_tot_w_icount,442846.0,442846.0,gpgpu_n_tot_w_icount\s*=\s*(.*)
instance,llm_layer,layer,H100-SASS-Accelwattch_SASS_SIM,_ZN4vllm18act_and_mul_kernelIN3c108BFloat16E14__nv_bfloat162XadL_ZNS_11silu_kernelIS2_EET_RKS5_fEEXadL_ZNS_18packed_silu_kernelIS3_EES5_S7_fEELb1ELb1ELb0ELb0EEEvPS5_PS6_ifff--3,gpgpu_n_tot_w_icount,5017.0,5017.0,gpgpu_n_tot_w_icount\s*=\s*(.*)
instance,llm_layer,layer,H100-SASS-Accelwattch_SASS_SIM,nvjet_sm90_tst_64x8_64x16_4x1_v_bz_splitK_TNT--2,gpgpu_n_tot_w_icount,351523.0,351523.0,gpgpu_n_tot_w_icount\s*=\s*(.*)
instance,llm_layer,layer,H100-SASS-Accelwattch_SASS_SIM,_ZN8cublasLt19splitKreduce_kernelILi32ELi16Eif13__nv_bfloat16fS1_Lb0EfS1_S1_Lb1ELb0ELb0ELb0EEEvNS_18cublasSplitKParamsIT4_EEPKT2_PKT8_PT7_PT3_PKS3_SG_PKT9_S7_PSH_PvlPS3_PiSM_SM_SG_SG_SG_SG_SG_--3,gpgpu_n_tot_w_icount,18658.0,18658.0,gpgpu_n_tot_w_icount\s*=\s*(.*)
instance,llm_layer,layer,H100-SASS-Accelwattch_SASS_SIM,_ZN4vllm25fused_add_rms_norm_kernelIN3c108BFloat16ELi8ELb1EEENSt9enable_ifIXaagtT0_Li0Esr4vllm12_typeConvertIT_EE6existsEvE4typeEPS4_lS7_PKS4_fiil--8,gpgpu_n_tot_w_icount,2354.0,2354.0,gpgpu_n_tot_w_icount\s*=\s*(.*)
instance,llm_layer,layer,H100-SASS-Accelwattch_SASS_SIM,nvjet_sm90_tst_64x8_64x16_4x1_v_bz_bias_TNT--3,gpgpu_n_tot_w_icount,100047.0,100047.0,gpgpu_n_tot_w_icount\s*=\s*(.*)
instance,llm_layer,layer,H100-SASS-Accelwattch_SASS_SIM,_ZN4vllm23rotary_embedding_kernelIN3c108BFloat16ES2_Lb1EEEvPKlPT_S6_PKT0_illliiilb--4,gpgpu_n_tot_w_icount,1898.0,1898.0,gpgpu_n_tot_w_icount\s*=\s*(.*)
instance,llm_layer,layer,H100-SASS-Accelwattch_SASS_SIM,_ZN4vllm30reshape_and_cache_flash_kernelI13__nv_bfloat16S1_LNS_18Fp8KVCacheDataTypeE0EEEvPKT_S5_PT0_S7_PKlllllliiiPKfSB_i--4,gpgpu_n_tot_w_icount,574.0,574.0,gpgpu_n_tot_w_icount\s*=\s*(.*)
instance,llm_layer,layer,H100-SASS-Accelwattch_SASS_SIM,_ZN7cutlass13device_kernelIN5flash20enable_sm90_or_laterINS1_16FlashAttnFwdSm90INS1_25CollectiveMainloopFwdSm90ILi2EN4cute5tupleIJNS5_1CILi1EEES8_S8_EEENS6_IJNS7_ILi64EEENS7_ILi192EEESA_EEELi64ENS_10bfloat16_tEfNS_4arch4Sm90ELb0ELb0ELb0ELb1ELb1ELb0ELb0ELb1ELb1ELb1ELb0ELb0ESD_Li1EEENS1_21CollectiveEpilogueFwdINS6_IJSA_SA_SB_EEES9_SD_SF_Li128ELb1ELb1ELb0ELb0ELi1EEENS1_36VarlenDynamicPersistentTileSchedulerILi64ELi192ELi128ELi128ELb0ELb1ELb1ELb0ELb0ELb1EEEEEEEEEvNT_6ParamsE--3,gpgpu_n_tot_w_icount,103881.0,103881.0,gpgpu_n_tot_w_icount\s*=\s*(.*)
instance,llm_layer,layer,H100-SASS-Accelwattch_SASS_SIM,_ZN2at6native29vectorized_elementwise_kernelILi4ENS0_11FillFunctorIiEESt5arrayIPcLm1EEEEviT0_T1_--4,gpgpu_n_tot_w_icount,120.0,120.0,gpgpu_n_tot_w_icount\s*=\s*(.*)
instance,llm_layer,layer,H100-SASS-Accelwattch_SASS_SIM,nvjet_sm90_tst_64x8_64x16_4x1_v_bz_TNT--3,gpgpu_n_tot_w_icount,78727.0,78727.0,gpgpu_n_tot_w_icount\s*=\s*(.*)
instance,llm_layer,layer,H100-SASS-Accelwattch_SASS_SIM,_ZN4vllm25fused_add_rms_norm_kernelIN3c108BFloat16ELi8ELb1EEENSt9enable_ifIXaagtT0_Li0Esr4vllm12_typeConvertIT_EE6existsEvE4typeEPS4_lS7_PKS4_fiil--9,gpgpu_n_tot_w_icount,2353.0,2353.0,gpgpu_n_tot_w_icount\s*=\s*(.*)
instance,llm_layer,layer,H100-SASS-Accelwattch_SASS_SIM,nvjet_sm90_tst_128x8_64x12_4x1_v_bz_TNT--3,gpgpu_n_tot_w_icount,442866.0,442866.0,gpgpu_n_tot_w_icount\s*=\s*(.*)
instance,llm_layer,layer,H100-SASS-Accelwattch_SASS_SIM,_ZN4vllm18act_and_mul_kernelIN3c108BFloat16E14__nv_bfloat162XadL_ZNS_11silu_kernelIS2_EET_RKS5_fEEXadL_ZNS_18packed_silu_kernelIS3_EES5_S7_fEELb1ELb1ELb0ELb0EEEvPS5_PS6_ifff--4,gpgpu_n_tot_w_icount,5017.0,5017.0,gpgpu_n_tot_w_icount\s*=\s*(.*)
instance,llm_layer,layer,H100-SASS-Accelwattch_SASS_SIM,nvjet_sm90_tst_64x8_64x16_4x1_v_bz_splitK_TNT--3,gpgpu_n_tot_w_icount,351384.0,351384.0,gpgpu_n_tot_w_icount\s*=\s*(.*)
instance,llm_layer,layer,H100-SASS-Accelwattch_SASS_SIM,_ZN8cublasLt19splitKreduce_kernelILi32ELi16Eif13__nv_bfloat16fS1_Lb0EfS1_S1_Lb1ELb0ELb0ELb0EEEvNS_18cublasSplitKParamsIT4_EEPKT2_PKT8_PT7_PT3_PKS3_SG_PKT9_S7_PSH_PvlPS3_PiSM_SM_SG_SG_SG_SG_SG_--4,gpgpu_n_tot_w_icount,18657.0,18657.0,gpgpu_n_tot_w_icount\s*=\s*(.*)
instance,llm_layer,layer,H100-SASS-Accelwattch_SASS_SIM,_ZN4vllm25fused_add_rms_norm_kernelIN3c108BFloat16ELi8ELb1EEENSt9enable_ifIXaagtT0_Li0Esr4vllm12_typeConvertIT_EE6existsEvE4typeEPS4_lS7_PKS4_fiil--10,gpgpu_n_tot_w_icount,2353.0,2353.0,gpgpu_n_tot_w_icount\s*=\s*(.*)
instance,llm_layer,layer,H100-SASS-Accelwattch_SASS_SIM,nvjet_sm90_tst_64x8_64x16_4x1_v_bz_bias_TNT--4,gpgpu_n_tot_w_icount,100145.0,100145.0,gpgpu_n_tot_w_icount\s*=\s*(.*)
instance,llm_layer,layer,H100-SASS-Accelwattch_SASS_SIM,_ZN4vllm23rotary_embedding_kernelIN3c108BFloat16ES2_Lb1EEEvPKlPT_S6_PKT0_illliiilb--5,gpgpu_n_tot_w_icount,1899.0,1899.0,gpgpu_n_tot_w_icount\s*=\s*(.*)
instance,llm_layer,layer,H100-SASS-Accelwattch_SASS_SIM,_ZN4vllm30reshape_and_cache_flash_kernelI13__nv_bfloat16S1_LNS_18Fp8KVCacheDataTypeE0EEEvPKT_S5_PT0_S7_PKlllllliiiPKfSB_i--5,gpgpu_n_tot_w_icount,575.0,575.0,gpgpu_n_tot_w_icount\s*=\s*(.*)
instance,llm_layer,layer,H100-SASS-Accelwattch_SASS_SIM,_ZN7cutlass13device_kernelIN5flash20enable_sm90_or_laterINS1_16FlashAttnFwdSm90INS1_25CollectiveMainloopFwdSm90ILi2EN4cute5tupleIJNS5_1CILi1EEES8_S8_EEENS6_IJNS7_ILi64EEENS7_ILi192EEESA_EEELi64ENS_10bfloat16_tEfNS_4arch4Sm90ELb0ELb0ELb0ELb1ELb1ELb0ELb0ELb1ELb1ELb1ELb0ELb0ESD_Li1EEENS1_21CollectiveEpilogueFwdINS6_IJSA_SA_SB_EEES9_SD_SF_Li128ELb1ELb1ELb0ELb0ELi1EEENS1_36VarlenDynamicPersistentTileSchedulerILi64ELi192ELi128ELi128ELb0ELb1ELb1ELb0ELb0ELb1EEEEEEEEEvNT_6ParamsE--4,gpgpu_n_tot_w_icount,103885.0,103885.0,gpgpu_n_tot_w_icount\s*=\s*(.*)
instance,llm_layer,layer,H100-SASS-Accelwattch_SASS_SIM,_ZN2at6native29vectorized_elementwise_kernelILi4ENS0_11FillFunctorIiEESt5arrayIPcLm1EEEEviT0_T1_--5,gpgpu_n_tot_w_icount,120.0,120.0,gpgpu_n_tot_w_icount\s*=\s*(.*)
instance,llm_layer,layer,H100-SASS-Accelwattch_SASS_SIM,nvjet_sm90_tst_64x8_64x16_4x1_v_bz_TNT--4,gpgpu_n_tot_w_icount,78727.0,78727.0,gpgpu_n_tot_w_icount\s*=\s*(.*)
instance,llm_layer,layer,H100-SASS-Accelwattch_SASS_SIM,_ZN4vllm25fused_add_rms_norm_kernelIN3c108BFloat16ELi8ELb1EEENSt9enable_ifIXaagtT0_Li0Esr4vllm12_typeConvertIT_EE6existsEvE4typeEPS4_lS7_PKS4_fiil--11,gpgpu_n_tot_w_icount,2353.0,2353.0,gpgpu_n_tot_w_icount\s*=\s*(.*)
instance,llm_layer,layer,H100-SASS-Accelwattch_SASS_SIM,nvjet_sm90_tst_128x8_64x12_4x1_v_bz_TNT--4,gpgpu_n_tot_w_icount,442702.0,442702.0,gpgpu_n_tot_w_icount\s*=\s*(.*)
instance,llm_layer,layer,H100-SASS-Accelwattch_SASS_SIM,_ZN4vllm18act_and_mul_kernelIN3c108BFloat16E14__nv_bfloat162XadL_ZNS_11silu_kernelIS2_EET_RKS5_fEEXadL_ZNS_18packed_silu_kernelIS3_EES5_S7_fEELb1ELb1ELb0ELb0EEEvPS5_PS6_ifff--5,gpgpu_n_tot_w_icount,5017.0,5017.0,gpgpu_n_tot_w_icount\s*=\s*(.*)
instance,llm_layer,layer,H100-SASS-Accelwattch_SASS_SIM,nvjet_sm90_tst_64x8_64x16_4x1_v_bz_splitK_TNT--4,gpgpu_n_tot_w_icount,352303.0,352303.0,gpgpu_n_tot_w_icount\s*=\s*(.*)
instance,llm_layer,layer,H100-SASS-Accelwattch_SASS_SIM,_ZN8cublasLt19splitKreduce_kernelILi32ELi16Eif13__nv_bfloat16fS1_Lb0EfS1_S1_Lb1ELb0ELb0ELb0EEEvNS_18cublasSplitKParamsIT4_EEPKT2_PKT8_PT7_PT3_PKS3_SG_PKT9_S7_PSH_PvlPS3_PiSM_SM_SG_SG_SG_SG_SG_--5,gpgpu_n_tot_w_icount,18659.0,18659.0,gpgpu_n_tot_w_icount\s*=\s*(.*)
instance,llm_layer,layer,H100-SASS-Accelwattch_SASS_SIM,_ZN4vllm25fused_add_rms_norm_kernelIN3c108BFloat16ELi8ELb1EEENSt9enable_ifIXaagtT0_Li0Esr4vllm12_typeConvertIT_EE6existsEvE4typeEPS4_lS7_PKS4_fiil--12,gpgpu_n_tot_w_icount,2353.0,2353.0,gpgpu_n_tot_w_icount\s*=\s*(.*)
instance,llm_layer,layer,H100-SASS-Accelwattch_SASS_SIM,nvjet_sm90_tst_64x8_64x16_4x1_v_bz_bias_TNT--5,gpgpu_n_tot_w_icount,100127.0,100127.0,gpgpu_n_tot_w_icount\s*=\s*(.*)
instance,llm_layer,layer,H100-SASS-Accelwattch_SASS_SIM,_ZN4vllm23rotary_embedding_kernelIN3c108BFloat16ES2_Lb1EEEvPKlPT_S6_PKT0_illliiilb--6,gpgpu_n_tot_w_icount,1898.0,1898.0,gpgpu_n_tot_w_icount\s*=\s*(.*)
instance,llm_layer,layer,H100-SASS-Accelwattch_SASS_SIM,_ZN4vllm30reshape_and_cache_flash_kernelI13__nv_bfloat16S1_LNS_18Fp8KVCacheDataTypeE0EEEvPKT_S5_PT0_S7_PKlllllliiiPKfSB_i--6,gpgpu_n_tot_w_icount,574.0,574.0,gpgpu_n_tot_w_icount\s*=\s*(.*)
instance,llm_layer,layer,H100-SASS-Accelwattch_SASS_SIM,_ZN7cutlass13device_kernelIN5flash20enable_sm90_or_laterINS1_16FlashAttnFwdSm90INS1_25CollectiveMainloopFwdSm90ILi2EN4cute5tupleIJNS5_1CILi1EEES8_S8_EEENS6_IJNS7_ILi64EEENS7_ILi192EEESA_EEELi64ENS_10bfloat16_tEfNS_4arch4Sm90ELb0ELb0ELb0ELb1ELb1ELb0ELb0ELb1ELb1ELb1ELb0ELb0ESD_Li1EEENS1_21CollectiveEpilogueFwdINS6_IJSA_SA_SB_EEES9_SD_SF_Li128ELb1ELb1ELb0ELb0ELi1EEENS1_36VarlenDynamicPersistentTileSchedulerILi64ELi192ELi128ELi128ELb0ELb1ELb1ELb0ELb0ELb1EEEEEEEEEvNT_6ParamsE--5,gpgpu_n_tot_w_icount,103893.0,103893.0,gpgpu_n_tot_w_icount\s*=\s*(.*)
instance,llm_layer,layer,H100-SASS-Accelwattch_SASS_SIM,_ZN2at6native29vectorized_elementwise_kernelILi4ENS0_11FillFunctorIiEESt5arrayIPcLm1EEEEviT0_T1_--6,gpgpu_n_tot_w_icount,120.0,120.0,gpgpu_n_tot_w_icount\s*=\s*(.*)
instance,llm_layer,layer,H100-SASS-Accelwattch_SASS_SIM,nvjet_sm90_tst_64x8_64x16_4x1_v_bz_TNT--5,gpgpu_n_tot_w_icount,78727.0,78727.0,gpgpu_n_tot_w_icount\s*=\s*(.*)
instance,llm_layer,layer,H100-SASS-Accelwattch_SASS_SIM,_ZN4vllm25fused_add_rms_norm_kernelIN3c108BFloat16ELi8ELb1EEENSt9enable_ifIXaagtT0_Li0Esr4vllm12_typeConvertIT_EE6existsEvE4typeEPS4_lS7_PKS4_fiil--13,gpgpu_n_tot_w_icount,2353.0,2353.0,gpgpu_n_tot_w_icount\s*=\s*(.*)
instance,llm_layer,layer,H100-SASS-Accelwattch_SASS_SIM,nvjet_sm90_tst_128x8_64x12_4x1_v_bz_TNT--5,gpgpu_n_tot_w_icount,442911.0,442911.0,gpgpu_n_tot_w_icount\s*=\s*(.*)
instance,llm_layer,layer,H100-SASS-Accelwattch_SASS_SIM,_ZN4vllm18act_and_mul_kernelIN3c108BFloat16E14__nv_bfloat162XadL_ZNS_11silu_kernelIS2_EET_RKS5_fEEXadL_ZNS_18packed_silu_kernelIS3_EES5_S7_fEELb1ELb1ELb0ELb0EEEvPS5_PS6_ifff--6,gpgpu_n_tot_w_icount,5017.0,5017.0,gpgpu_n_tot_w_icount\s*=\s*(.*)
instance,llm_layer,layer,H100-SASS-Accelwattch_SASS_SIM,nvjet_sm90_tst_64x8_64x16_4x1_v_bz_splitK_TNT--5,gpgpu_n_tot_w_icount,352550.0,352550.0,gpgpu_n_tot_w_icount\s*=\s*(.*)
instance,llm_layer,layer,H100-SASS-Accelwattch_SASS_SIM,_ZN8cublasLt19splitKreduce_kernelILi32ELi16Eif13__nv_bfloat16fS1_Lb0EfS1_S1_Lb1ELb0ELb0ELb0EEEvNS_18cublasSplitKParamsIT4_EEPKT2_PKT8_PT7_PT3_PKS3_SG_PKT9_S7_PSH_PvlPS3_PiSM_SM_SG_SG_SG_SG_SG_--6,gpgpu_n_tot_w_icount,18658.0,18658.0,gpgpu_n_tot_w_icount\s*=\s*(.*)
instance,llm_layer,layer,H100-SASS-Accelwattch_SASS_SIM,_ZN4vllm25fused_add_rms_norm_kernelIN3c108BFloat16ELi8ELb1EEENSt9enable_ifIXaagtT0_Li0Esr4vllm12_typeConvertIT_EE6existsEvE4typeEPS4_lS7_PKS4_fiil--14,gpgpu_n_tot_w_icount,2354.0,2354.0,gpgpu_n_tot_w_icount\s*=\s*(.*)
instance,llm_layer,layer,H100-SASS-Accelwattch_SASS_SIM,nvjet_sm90_tst_64x8_64x16_4x1_v_bz_bias_TNT--6,gpgpu_n_tot_w_icount,100082.0,100082.0,gpgpu_n_tot_w_icount\s*=\s*(.*)
instance,llm_layer,layer,H100-SASS-Accelwattch_SASS_SIM,_ZN4vllm23rotary_embedding_kernelIN3c108BFloat16ES2_Lb1EEEvPKlPT_S6_PKT0_illliiilb--7,gpgpu_n_tot_w_icount,1899.0,1899.0,gpgpu_n_tot_w_icount\s*=\s*(.*)
instance,llm_layer,layer,H100-SASS-Accelwattch_SASS_SIM,_ZN4vllm30reshape_and_cache_flash_kernelI13__nv_bfloat16S1_LNS_18Fp8KVCacheDataTypeE0EEEvPKT_S5_PT0_S7_PKlllllliiiPKfSB_i--7,gpgpu_n_tot_w_icount,574.0,574.0,gpgpu_n_tot_w_icount\s*=\s*(.*)
instance,llm_layer,layer,H100-SASS-Accelwattch_SASS_SIM,_ZN7cutlass13device_kernelIN5flash20enable_sm90_or_laterINS1_16FlashAttnFwdSm90INS1_25CollectiveMainloopFwdSm90ILi2EN4cute5tupleIJNS5_1CILi1EEES8_S8_EEENS6_IJNS7_ILi64EEENS7_ILi192EEESA_EEELi64ENS_10bfloat16_tEfNS_4arch4Sm90ELb0ELb0ELb0ELb1ELb1ELb0ELb0ELb1ELb1ELb1ELb0ELb0ESD_Li1EEENS1_21CollectiveEpilogueFwdINS6_IJSA_SA_SB_EEES9_SD_SF_Li128ELb1ELb1ELb0ELb0ELi1EEENS1_36VarlenDynamicPersistentTileSchedulerILi64ELi192ELi128ELi128ELb0ELb1ELb1ELb0ELb0ELb1EEEEEEEEEvNT_6ParamsE--6,gpgpu_n_tot_w_icount,103885.0,103885.0,gpgpu_n_tot_w_icount\s*=\s*(.*)
instance,llm_layer,layer,H100-SASS-Accelwattch_SASS_SIM,_ZN2at6native29vectorized_elementwise_kernelILi4ENS0_11FillFunctorIiEESt5arrayIPcLm1EEEEviT0_T1_--7,gpgpu_n_tot_w_icount,120.0,120.0,gpgpu_n_tot_w_icount\s*=\s*(.*)
instance,llm_layer,layer,H100-SASS-Accelwattch_SASS_SIM,nvjet_sm90_tst_64x8_64x16_4x1_v_bz_TNT--6,gpgpu_n_tot_w_icount,78664.0,78664.0,gpgpu_n_tot_w_icount\s*=\s*(.*)
instance,llm_layer,layer,H100-SASS-Accelwattch_SASS_SIM,_ZN4vllm25fused_add_rms_norm_kernelIN3c108BFloat16ELi8ELb1EEENSt9enable_ifIXaagtT0_Li0Esr4vllm12_typeConvertIT_EE6existsEvE4typeEPS4_lS7_PKS4_fiil--15,gpgpu_n_tot_w_icount,2353.0,2353.0,gpgpu_n_tot_w_icount\s*=\s*(.*)
instance,llm_layer,layer,H100-SASS-Accelwattch_SASS_SIM,nvjet_sm90_tst_128x8_64x12_4x1_v_bz_TNT--6,gpgpu_n_tot_w_icount,442862.0,442862.0,gpgpu_n_tot_w_icount\s*=\s*(.*)
instance,llm_layer,layer,H100-SASS-Accelwattch_SASS_SIM,_ZN4vllm18act_and_mul_kernelIN3c108BFloat16E14__nv_bfloat162XadL_ZNS_11silu_kernelIS2_EET_RKS5_fEEXadL_ZNS_18packed_silu_kernelIS3_EES5_S7_fEELb1ELb1ELb0ELb0EEEvPS5_PS6_ifff--7,gpgpu_n_tot_w_icount,5017.0,5017.0,gpgpu_n_tot_w_icount\s*=\s*(.*)
instance,llm_layer,layer,H100-SASS-Accelwattch_SASS_SIM,nvjet_sm90_tst_64x8_64x16_4x1_v_bz_splitK_TNT--6,gpgpu_n_tot_w_icount,351298.0,351298.0,gpgpu_n_tot_w_icount\s*=\s*(.*)
instance,llm_layer,layer,H100-SASS-Accelwattch_SASS_SIM,_ZN8cublasLt19splitKreduce_kernelILi32ELi16Eif13__nv_bfloat16fS1_Lb0EfS1_S1_Lb1ELb0ELb0ELb0EEEvNS_18cublasSplitKParamsIT4_EEPKT2_PKT8_PT7_PT3_PKS3_SG_PKT9_S7_PSH_PvlPS3_PiSM_SM_SG_SG_SG_SG_SG_--7,gpgpu_n_tot_w_icount,18659.0,18659.0,gpgpu_n_tot_w_icount\s*=\s*(.*)
instance,llm_layer,layer,H100-SASS-Accelwattch_SASS_SIM,_ZN4vllm25fused_add_rms_norm_kernelIN3c108BFloat16ELi8ELb1EEENSt9enable_ifIXaagtT0_Li0Esr4vllm12_typeConvertIT_EE6existsEvE4typeEPS4_lS7_PKS4_fiil--0,total dram reads,1176.0,1176.0,total dram reads\s*=\s*(.*)
instance,llm_layer,layer,H100-SASS-Accelwattch_SASS_SIM,nvjet_sm90_tst_64x8_64x16_4x2_h_bz_bias_TNT--0,total dram reads,64584.0,64584.0,total dram reads\s*=\s*(.*)
instance,llm_layer,layer,H100-SASS-Accelwattch_SASS_SIM,_ZN4vllm23rotary_embedding_kernelIN3c108BFloat16ES2_Lb1EEEvPKlPT_S6_PKT0_illliiilb--0,total dram reads,43.0,43.0,total dram reads\s*=\s*(.*)
instance,llm_layer,layer,H100-SASS-Accelwattch_SASS_SIM,_ZN4vllm30reshape_and_cache_flash_kernelI13__nv_bfloat16S1_LNS_18Fp8KVCacheDataTypeE0EEEvPKT_S5_PT0_S7_PKlllllliiiPKfSB_i--0,total dram reads,3.0,3.0,total dram reads\s*=\s*(.*)
instance,llm_layer,layer,H100-SASS-Accelwattch_SASS_SIM,_ZN7cutlass13device_kernelIN5flash20enable_sm90_or_laterINS1_16FlashAttnFwdSm90INS1_25CollectiveMainloopFwdSm90ILi2EN4cute5tupleIJNS5_1CILi1EEES8_S8_EEENS6_IJNS7_ILi192EEENS7_ILi128EEENS7_ILi64EEEEEELi64ENS_10bfloat16_tEfNS_4arch4Sm90ELb1ELb0ELb0ELb1ELb1ELb0ELb0ELb1ELb1ELb1ELb0ELb0ESE_Li1EEENS1_21CollectiveEpilogueFwdINS6_IJSA_SC_SB_EEES9_SE_SG_Li384ELb1ELb1ELb0ELb0ELi1EEENS1_36VarlenDynamicPersistentTileSchedulerILi192ELi128ELi384ELi128ELb0ELb1ELb1ELb1ELb0ELb1EEEEEEEEEvNT_6ParamsE--0,total dram reads,901.0,901.0,total dram reads\s*=\s*(.*)
instance,llm_layer,layer,H100-SASS-Accelwattch_SASS_SIM,_ZN2at6native29vectorized_elementwise_kernelILi4ENS0_11FillFunctorIiEESt5arrayIPcLm1EEEEviT0_T1_--0,total dram reads,0.0,0.0,total dram reads\s*=\s*(.*)
instance,llm_layer,layer,H100-SASS-Accelwattch_SASS_SIM,nvjet_sm90_tst_64x8_64x16_4x2_h_bz_TNT--0,total dram reads,50176.0,50176.0,total dram reads\s*=\s*(.*)
instance,llm_layer,layer,H100-SASS-Accelwattch_SASS_SIM,_ZN4vllm25fused_add_rms_norm_kernelIN3c108BFloat16ELi8ELb1EEENSt9enable_ifIXaagtT0_Li0Esr4vllm12_typeConvertIT_EE6existsEvE4typeEPS4_lS7_PKS4_fiil--1,total dram reads,56.0,56.0,total dram reads\s*=\s*(.*)
instance,llm_layer,layer,H100-SASS-Accelwattch_SASS_SIM,nvjet_sm90_tst_128x16_64x11_4x1_v_bz_TNT--0,total dram reads,544768.0,544768.0,total dram reads\s*=\s*(.*)
instance,llm_layer,layer,H100-SASS-Accelwattch_SASS_SIM,_ZN4vllm18act_and_mul_kernelIN3c108BFloat16E14__nv_bfloat162XadL_ZNS_11silu_kernelIS2_EET_RKS5_fEEXadL_ZNS_18packed_silu_kernelIS3_EES5_S7_fEELb1ELb1ELb0ELb0EEEvPS5_PS6_ifff--0,total dram reads,0.0,0.0,total dram reads\s*=\s*(.*)
instance,llm_layer,layer,H100-SASS-Accelwattch_SASS_SIM,nvjet_sm90_tst_64x16_64x16_4x1_v_bz_splitK_TNT--0,total dram reads,272384.0,272384.0,total dram reads\s*=\s*(.*)
instance,llm_layer,layer,H100-SASS-Accelwattch_SASS_SIM,_ZN8cublasLt19splitKreduce_kernelILi32ELi16Eif13__nv_bfloat16fS1_Lb0EfS1_S1_Lb1ELb0ELb0ELb0EEEvNS_18cublasSplitKParamsIT4_EEPKT2_PKT8_PT7_PT3_PKS3_SG_PKT9_S7_PSH_PvlPS3_PiSM_SM_SG_SG_SG_SG_SG_--0,total dram reads,0.0,0.0,total dram reads\s*=\s*(.*)
instance,llm_layer,layer,H100-SASS-Accelwattch_SASS_SIM,_ZN4vllm25fused_add_rms_norm_kernelIN3c108BFloat16ELi8ELb1EEENSt9enable_ifIXaagtT0_Li0Esr4vllm12_typeConvertIT_EE6existsEvE4typeEPS4_lS7_PKS4_fiil--2,total dram reads,112.0,112.0,total dram reads\s*=\s*(.*)
instance,llm_layer,layer,H100-SASS-Accelwattch_SASS_SIM,nvjet_sm90_tst_64x8_64x16_4x1_v_bz_bias_TNT--0,total dram reads,5116.0,5116.0,total dram reads\s*=\s*(.*)
instance,llm_layer,layer,H100-SASS-Accelwattch_SASS_SIM,_ZN4vllm23rotary_embedding_kernelIN3c108BFloat16ES2_Lb1EEEvPKlPT_S6_PKT0_illliiilb--1,total dram reads,4.0,4.0,total dram reads\s*=\s*(.*)
instance,llm_layer,layer,H100-SASS-Accelwattch_SASS_SIM,_ZN4vllm30reshape_and_cache_flash_kernelI13__nv_bfloat16S1_LNS_18Fp8KVCacheDataTypeE0EEEvPKT_S5_PT0_S7_PKlllllliiiPKfSB_i--1,total dram reads,0.0,0.0,total dram reads\s*=\s*(.*)
instance,llm_layer,layer,H100-SASS-Accelwattch_SASS_SIM,_ZN7cutlass13device_kernelIN5flash20enable_sm90_or_laterINS1_16FlashAttnFwdSm90INS1_25CollectiveMainloopFwdSm90ILi2EN4cute5tupleIJNS5_1CILi1EEES8_S8_EEENS6_IJNS7_ILi64EEENS7_ILi192EEESA_EEELi64ENS_10bfloat16_tEfNS_4arch4Sm90ELb0ELb0ELb0ELb1ELb1ELb0ELb0ELb1ELb1ELb1ELb0ELb0ESD_Li1EEENS1_21CollectiveEpilogueFwdINS6_IJSA_SA_SB_EEES9_SD_SF_Li128ELb1ELb1ELb0ELb0ELi1EEENS1_36VarlenDynamicPersistentTileSchedulerILi64ELi192ELi128ELi128ELb0ELb1ELb1ELb0ELb0ELb1EEEEEEEEEvNT_6ParamsE--0,total dram reads,256.0,256.0,total dram reads\s*=\s*(.*)
instance,llm_layer,layer,H100-SASS-Accelwattch_SASS_SIM,_ZN2at6native29vectorized_elementwise_kernelILi4ENS0_11FillFunctorIiEESt5arrayIPcLm1EEEEviT0_T1_--1,total dram reads,0.0,0.0,total dram reads\s*=\s*(.*)
instance,llm_layer,layer,H100-SASS-Accelwattch_SASS_SIM,nvjet_sm90_tst_64x8_64x16_4x1_v_bz_TNT--0,total dram reads,7236.0,7236.0,total dram reads\s*=\s*(.*)
instance,llm_layer,layer,H100-SASS-Accelwattch_SASS_SIM,_ZN4vllm25fused_add_rms_norm_kernelIN3c108BFloat16ELi8ELb1EEENSt9enable_ifIXaagtT0_Li0Esr4vllm12_typeConvertIT_EE6existsEvE4typeEPS4_lS7_PKS4_fiil--3,total dram reads,0.0,0.0,total dram reads\s*=\s*(.*)
instance,llm_layer,layer,H100-SASS-Accelwattch_SASS_SIM,nvjet_sm90_tst_128x8_64x12_4x1_v_bz_TNT--0,total dram reads,49504.0,49504.0,total dram reads\s*=\s*(.*)
instance,llm_layer,layer,H100-SASS-Accelwattch_SASS_SIM,_ZN4vllm18act_and_mul_kernelIN3c108BFloat16E14__nv_bfloat162XadL_ZNS_11silu_kernelIS2_EET_RKS5_fEEXadL_ZNS_18packed_silu_kernelIS3_EES5_S7_fEELb1ELb1ELb0ELb0EEEvPS5_PS6_ifff--1,total dram reads,0.0,0.0,total dram reads\s*=\s*(.*)
instance,llm_layer,layer,H100-SASS-Accelwattch_SASS_SIM,nvjet_sm90_tst_64x8_64x16_4x1_v_bz_splitK_TNT--0,total dram reads,17208.0,17208.0,total dram reads\s*=\s*(.*)
instance,llm_layer,layer,H100-SASS-Accelwattch_SASS_SIM,_ZN8cublasLt19splitKreduce_kernelILi32ELi16Eif13__nv_bfloat16fS1_Lb0EfS1_S1_Lb1ELb0ELb0ELb0EEEvNS_18cublasSplitKParamsIT4_EEPKT2_PKT8_PT7_PT3_PKS3_SG_PKT9_S7_PSH_PvlPS3_PiSM_SM_SG_SG_SG_SG_SG_--1,total dram reads,0.0,0.0,total dram reads\s*=\s*(.*)
instance,llm_layer,layer,H100-SASS-Accelwattch_SASS_SIM,_ZN4vllm25fused_add_rms_norm_kernelIN3c108BFloat16ELi8ELb1EEENSt9enable_ifIXaagtT0_Li0Esr4vllm12_typeConvertIT_EE6existsEvE4typeEPS4_lS7_PKS4_fiil--4,total dram reads,76.0,76.0,total dram reads\s*=\s*(.*)
instance,llm_layer,layer,H100-SASS-Accelwattch_SASS_SIM,nvjet_sm90_tst_64x8_64x16_4x1_v_bz_bias_TNT--1,total dram reads,1556.0,1556.0,total dram reads\s*=\s*(.*)
instance,llm_layer,layer,H100-SASS-Accelwattch_SASS_SIM,_ZN4vllm23rotary_embedding_kernelIN3c108BFloat16ES2_Lb1EEEvPKlPT_S6_PKT0_illliiilb--2,total dram reads,4.0,4.0,total dram reads\s*=\s*(.*)
instance,llm_layer,layer,H100-SASS-Accelwattch_SASS_SIM,_ZN4vllm30reshape_and_cache_flash_kernelI13__nv_bfloat16S1_LNS_18Fp8KVCacheDataTypeE0EEEvPKT_S5_PT0_S7_PKlllllliiiPKfSB_i--2,total dram reads,0.0,0.0,total dram reads\s*=\s*(.*)
instance,llm_layer,layer,H100-SASS-Accelwattch_SASS_SIM,_ZN7cutlass13device_kernelIN5flash20enable_sm90_or_laterINS1_16FlashAttnFwdSm90INS1_25CollectiveMainloopFwdSm90ILi2EN4cute5tupleIJNS5_1CILi1EEES8_S8_EEENS6_IJNS7_ILi64EEENS7_ILi192EEESA_EEELi64ENS_10bfloat16_tEfNS_4arch4Sm90ELb0ELb0ELb0ELb1ELb1ELb0ELb0ELb1ELb1ELb1ELb0ELb0ESD_Li1EEENS1_21CollectiveEpilogueFwdINS6_IJSA_SA_SB_EEES9_SD_SF_Li128ELb1ELb1ELb0ELb0ELi1EEENS1_36VarlenDynamicPersistentTileSchedulerILi64ELi192ELi128ELi128ELb0ELb1ELb1ELb0ELb0ELb1EEEEEEEEEvNT_6ParamsE--1,total dram reads,5.0,5.0,total dram reads\s*=\s*(.*)
instance,llm_layer,layer,H100-SASS-Accelwattch_SASS_SIM,_ZN2at6native29vectorized_elementwise_kernelILi4ENS0_11FillFunctorIiEESt5arrayIPcLm1EEEEviT0_T1_--2,total dram reads,0.0,0.0,total dram reads\s*=\s*(.*)
instance,llm_layer,layer,H100-SASS-Accelwattch_SASS_SIM,nvjet_sm90_tst_64x8_64x16_4x1_v_bz_TNT--1,total dram reads,1280.0,1280.0,total dram reads\s*=\s*(.*)
instance,llm_layer,layer,H100-SASS-Accelwattch_SASS_SIM,_ZN4vllm25fused_add_rms_norm_kernelIN3c108BFloat16ELi8ELb1EEENSt9enable_ifIXaagtT0_Li0Esr4vllm12_typeConvertIT_EE6existsEvE4typeEPS4_lS7_PKS4_fiil--5,total dram reads,8.0,8.0,total dram reads\s*=\s*(.*)
instance,llm_layer,layer,H100-SASS-Accelwattch_SASS_SIM,nvjet_sm90_tst_128x8_64x12_4x1_v_bz_TNT--1,total dram reads,20036.0,20036.0,total dram reads\s*=\s*(.*)
instance,llm_layer,layer,H100-SASS-Accelwattch_SASS_SIM,_ZN4vllm18act_and_mul_kernelIN3c108BFloat16E14__nv_bfloat162XadL_ZNS_11silu_kernelIS2_EET_RKS5_fEEXadL_ZNS_18packed_silu_kernelIS3_EES5_S7_fEELb1ELb1ELb0ELb0EEEvPS5_PS6_ifff--2,total dram reads,16.0,16.0,total dram reads\s*=\s*(.*)
instance,llm_layer,layer,H100-SASS-Accelwattch_SASS_SIM,nvjet_sm90_tst_64x8_64x16_4x1_v_bz_splitK_TNT--1,total dram reads,43952.0,43952.0,total dram reads\s*=\s*(.*)
instance,llm_layer,layer,H100-SASS-Accelwattch_SASS_SIM,_ZN8cublasLt19splitKreduce_kernelILi32ELi16Eif13__nv_bfloat16fS1_Lb0EfS1_S1_Lb1ELb0ELb0ELb0EEEvNS_18cublasSplitKParamsIT4_EEPKT2_PKT8_PT7_PT3_PKS3_SG_PKT9_S7_PSH_PvlPS3_PiSM_SM_SG_SG_SG_SG_SG_--2,total dram reads,0.0,0.0,total dram reads\s*=\s*(.*)
instance,llm_layer,layer,H100-SASS-Accelwattch_SASS_SIM,_ZN4vllm25fused_add_rms_norm_kernelIN3c108BFloat16ELi8ELb1EEENSt9enable_ifIXaagtT0_Li0Esr4vllm12_typeConvertIT_EE6existsEvE4typeEPS4_lS7_PKS4_fiil--6,total dram reads,17.0,17.0,total dram reads\s*=\s*(.*)
instance,llm_layer,layer,H100-SASS-Accelwattch_SASS_SIM,nvjet_sm90_tst_64x8_64x16_4x1_v_bz_bias_TNT--2,total dram reads,21940.0,21940.0,total dram reads\s*=\s*(.*)
instance,llm_layer,layer,H100-SASS-Accelwattch_SASS_SIM,_ZN4vllm23rotary_embedding_kernelIN3c108BFloat16ES2_Lb1EEEvPKlPT_S6_PKT0_illliiilb--3,total dram reads,5.0,5.0,total dram reads\s*=\s*(.*)
instance,llm_layer,layer,H100-SASS-Accelwattch_SASS_SIM,_ZN4vllm30reshape_and_cache_flash_kernelI13__nv_bfloat16S1_LNS_18Fp8KVCacheDataTypeE0EEEvPKT_S5_PT0_S7_PKlllllliiiPKfSB_i--3,total dram reads,1.0,1.0,total dram reads\s*=\s*(.*)
instance,llm_layer,layer,H100-SASS-Accelwattch_SASS_SIM,_ZN7cutlass13device_kernelIN5flash20enable_sm90_or_laterINS1_16FlashAttnFwdSm90INS1_25CollectiveMainloopFwdSm90ILi2EN4cute5tupleIJNS5_1CILi1EEES8_S8_EEENS6_IJNS7_ILi64EEENS7_ILi192EEESA_EEELi64ENS_10bfloat16_tEfNS_4arch4Sm90ELb0ELb0ELb0ELb1ELb1ELb0ELb0ELb1ELb1ELb1ELb0ELb0ESD_Li1EEENS1_21CollectiveEpilogueFwdINS6_IJSA_SA_SB_EEES9_SD_SF_Li128ELb1ELb1ELb0ELb0ELi1EEENS1_36VarlenDynamicPersistentTileSchedulerILi64ELi192ELi128ELi128ELb0ELb1ELb1ELb0ELb0ELb1EEEEEEEEEvNT_6ParamsE--2,total dram reads,318.0,318.0,total dram reads\s*=\s*(.*)
instance,llm_layer,layer,H100-SASS-Accelwattch_SASS_SIM,_ZN2at6native29vectorized_elementwise_kernelILi4ENS0_11FillFunctorIiEESt5arrayIPcLm1EEEEviT0_T1_--3,total dram reads,0.0,0.0,total dram reads\s*=\s*(.*)
instance,llm_layer,layer,H100-SASS-Accelwattch_SASS_SIM,nvjet_sm90_tst_64x8_64x16_4x1_v_bz_TNT--2,total dram reads,17820.0,17820.0,total dram reads\s*=\s*(.*)
instance,llm_layer,layer,H100-SASS-Accelwattch_SASS_SIM,_ZN4vllm25fused_add_rms_norm_kernelIN3c108BFloat16ELi8ELb1EEENSt9enable_ifIXaagtT0_Li0Esr4vllm12_typeConvertIT_EE6existsEvE4typeEPS4_lS7_PKS4_fiil--7,total dram reads,0.0,0.0,total dram reads\s*=\s*(.*)
instance,llm_layer,layer,H100-SASS-Accelwattch_SASS_SIM,nvjet_sm90_tst_128x8_64x12_4x1_v_bz_TNT--2,total dram reads,65724.0,65724.0,total dram reads\s*=\s*(.*)
instance,llm_layer,layer,H100-SASS-Accelwattch_SASS_SIM,_ZN4vllm18act_and_mul_kernelIN3c108BFloat16E14__nv_bfloat162XadL_ZNS_11silu_kernelIS2_EET_RKS5_fEEXadL_ZNS_18packed_silu_kernelIS3_EES5_S7_fEELb1ELb1ELb0ELb0EEEvPS5_PS6_ifff--3,total dram reads,64.0,64.0,total dram reads\s*=\s*(.*)
instance,llm_layer,layer,H100-SASS-Accelwattch_SASS_SIM,nvjet_sm90_tst_64x8_64x16_4x1_v_bz_splitK_TNT--2,total dram reads,28228.0,28228.0,total dram reads\s*=\s*(.*)
instance,llm_layer,layer,H100-SASS-Accelwattch_SASS_SIM,_ZN8cublasLt19splitKreduce_kernelILi32ELi16Eif13__nv_bfloat16fS1_Lb0EfS1_S1_Lb1ELb0ELb0ELb0EEEvNS_18cublasSplitKParamsIT4_EEPKT2_PKT8_PT7_PT3_PKS3_SG_PKT9_S7_PSH_PvlPS3_PiSM_SM_SG_SG_SG_SG_SG_--3,total dram reads,0.0,0.0,total dram reads\s*=\s*(.*)
instance,llm_layer,layer,H100-SASS-Accelwattch_SASS_SIM,_ZN4vllm25fused_add_rms_norm_kernelIN3c108BFloat16ELi8ELb1EEENSt9enable_ifIXaagtT0_Li0Esr4vllm12_typeConvertIT_EE6existsEvE4typeEPS4_lS7_PKS4_fiil--8,total dram reads,0.0,0.0,total dram reads\s*=\s*(.*)
instance,llm_layer,layer,H100-SASS-Accelwattch_SASS_SIM,nvjet_sm90_tst_64x8_64x16_4x1_v_bz_bias_TNT--3,total dram reads,1936.0,1936.0,total dram reads\s*=\s*(.*)
instance,llm_layer,layer,H100-SASS-Accelwattch_SASS_SIM,_ZN4vllm23rotary_embedding_kernelIN3c108BFloat16ES2_Lb1EEEvPKlPT_S6_PKT0_illliiilb--4,total dram reads,12.0,12.0,total dram reads\s*=\s*(.*)
instance,llm_layer,layer,H100-SASS-Accelwattch_SASS_SIM,_ZN4vllm30reshape_and_cache_flash_kernelI13__nv_bfloat16S1_LNS_18Fp8KVCacheDataTypeE0EEEvPKT_S5_PT0_S7_PKlllllliiiPKfSB_i--4,total dram reads,0.0,0.0,total dram reads\s*=\s*(.*)
instance,llm_layer,layer,H100-SASS-Accelwattch_SASS_SIM,_ZN7cutlass13device_kernelIN5flash20enable_sm90_or_laterINS1_16FlashAttnFwdSm90INS1_25CollectiveMainloopFwdSm90ILi2EN4cute5tupleIJNS5_1CILi1EEES8_S8_EEENS6_IJNS7_ILi64EEENS7_ILi192EEESA_EEELi64ENS_10bfloat16_tEfNS_4arch4Sm90ELb0ELb0ELb0ELb1ELb1ELb0ELb0ELb1ELb1ELb1ELb0ELb0ESD_Li1EEENS1_21CollectiveEpilogueFwdINS6_IJSA_SA_SB_EEES9_SD_SF_Li128ELb1ELb1ELb0ELb0ELi1EEENS1_36VarlenDynamicPersistentTileSchedulerILi64ELi192ELi128ELi128ELb0ELb1ELb1ELb0ELb0ELb1EEEEEEEEEvNT_6ParamsE--3,total dram reads,92.0,92.0,total dram reads\s*=\s*(.*)
instance,llm_layer,layer,H100-SASS-Accelwattch_SASS_SIM,_ZN2at6native29vectorized_elementwise_kernelILi4ENS0_11FillFunctorIiEESt5arrayIPcLm1EEEEviT0_T1_--4,total dram reads,0.0,0.0,total dram reads\s*=\s*(.*)
instance,llm_layer,layer,H100-SASS-Accelwattch_SASS_SIM,nvjet_sm90_tst_64x8_64x16_4x1_v_bz_TNT--3,total dram reads,3072.0,3072.0,total dram reads\s*=\s*(.*)
instance,llm_layer,layer,H100-SASS-Accelwattch_SASS_SIM,_ZN4vllm25fused_add_rms_norm_kernelIN3c108BFloat16ELi8ELb1EEENSt9enable_ifIXaagtT0_Li0Esr4vllm12_typeConvertIT_EE6existsEvE4typeEPS4_lS7_PKS4_fiil--9,total dram reads,0.0,0.0,total dram reads\s*=\s*(.*)
instance,llm_layer,layer,H100-SASS-Accelwattch_SASS_SIM,nvjet_sm90_tst_128x8_64x12_4x1_v_bz_TNT--3,total dram reads,82848.0,82848.0,total dram reads\s*=\s*(.*)
instance,llm_layer,layer,H100-SASS-Accelwattch_SASS_SIM,_ZN4vllm18act_and_mul_kernelIN3c108BFloat16E14__nv_bfloat162XadL_ZNS_11silu_kernelIS2_EET_RKS5_fEEXadL_ZNS_18packed_silu_kernelIS3_EES5_S7_fEELb1ELb1ELb0ELb0EEEvPS5_PS6_ifff--4,total dram reads,0.0,0.0,total dram reads\s*=\s*(.*)
instance,llm_layer,layer,H100-SASS-Accelwattch_SASS_SIM,nvjet_sm90_tst_64x8_64x16_4x1_v_bz_splitK_TNT--3,total dram reads,47584.0,47584.0,total dram reads\s*=\s*(.*)
instance,llm_layer,layer,H100-SASS-Accelwattch_SASS_SIM,_ZN8cublasLt19splitKreduce_kernelILi32ELi16Eif13__nv_bfloat16fS1_Lb0EfS1_S1_Lb1ELb0ELb0ELb0EEEvNS_18cublasSplitKParamsIT4_EEPKT2_PKT8_PT7_PT3_PKS3_SG_PKT9_S7_PSH_PvlPS3_PiSM_SM_SG_SG_SG_SG_SG_--4,total dram reads,20.0,20.0,total dram reads\s*=\s*(.*)
instance,llm_layer,layer,H100-SASS-Accelwattch_SASS_SIM,_ZN4vllm25fused_add_rms_norm_kernelIN3c108BFloat16ELi8ELb1EEENSt9enable_ifIXaagtT0_Li0Esr4vllm12_typeConvertIT_EE6existsEvE4typeEPS4_lS7_PKS4_fiil--10,total dram reads,40.0,40.0,total dram reads\s*=\s*(.*)
instance,llm_layer,layer,H100-SASS-Accelwattch_SASS_SIM,nvjet_sm90_tst_64x8_64x16_4x1_v_bz_bias_TNT--4,total dram reads,8836.0,8836.0,total dram reads\s*=\s*(.*)
instance,llm_layer,layer,H100-SASS-Accelwattch_SASS_SIM,_ZN4vllm23rotary_embedding_kernelIN3c108BFloat16ES2_Lb1EEEvPKlPT_S6_PKT0_illliiilb--5,total dram reads,4.0,4.0,total dram reads\s*=\s*(.*)
instance,llm_layer,layer,H100-SASS-Accelwattch_SASS_SIM,_ZN4vllm30reshape_and_cache_flash_kernelI13__nv_bfloat16S1_LNS_18Fp8KVCacheDataTypeE0EEEvPKT_S5_PT0_S7_PKlllllliiiPKfSB_i--5,total dram reads,0.0,0.0,total dram reads\s*=\s*(.*)
instance,llm_layer,layer,H100-SASS-Accelwattch_SASS_SIM,_ZN7cutlass13device_kernelIN5flash20enable_sm90_or_laterINS1_16FlashAttnFwdSm90INS1_25CollectiveMainloopFwdSm90ILi2EN4cute5tupleIJNS5_1CILi1EEES8_S8_EEENS6_IJNS7_ILi64EEENS7_ILi192EEESA_EEELi64ENS_10bfloat16_tEfNS_4arch4Sm90ELb0ELb0ELb0ELb1ELb1ELb0ELb0ELb1ELb1ELb1ELb0ELb0ESD_Li1EEENS1_21CollectiveEpilogueFwdINS6_IJSA_SA_SB_EEES9_SD_SF_Li128ELb1ELb1ELb0ELb0ELi1EEENS1_36VarlenDynamicPersistentTileSchedulerILi64ELi192ELi128ELi128ELb0ELb1ELb1ELb0ELb0ELb1EEEEEEEEEvNT_6ParamsE--4,total dram reads,24.0,24.0,total dram reads\s*=\s*(.*)
instance,llm_layer,layer,H100-SASS-Accelwattch_SASS_SIM,_ZN2at6native29vectorized_elementwise_kernelILi4ENS0_11FillFunctorIiEESt5arrayIPcLm1EEEEviT0_T1_--5,total dram reads,0.0,0.0,total dram reads\s*=\s*(.*)
instance,llm_layer,layer,H100-SASS-Accelwattch_SASS_SIM,nvjet_sm90_tst_64x8_64x16_4x1_v_bz_TNT--4,total dram reads,1992.0,1992.0,total dram reads\s*=\s*(.*)
instance,llm_layer,layer,H100-SASS-Accelwattch_SASS_SIM,_ZN4vllm25fused_add_rms_norm_kernelIN3c108BFloat16ELi8ELb1EEENSt9enable_ifIXaagtT0_Li0Esr4vllm12_typeConvertIT_EE6existsEvE4typeEPS4_lS7_PKS4_fiil--11,total dram reads,8.0,8.0,total dram reads\s*=\s*(.*)
instance,llm_layer,layer,H100-SASS-Accelwattch_SASS_SIM,nvjet_sm90_tst_128x8_64x12_4x1_v_bz_TNT--4,total dram reads,36844.0,36844.0,total dram reads\s*=\s*(.*)
instance,llm_layer,layer,H100-SASS-Accelwattch_SASS_SIM,_ZN4vllm18act_and_mul_kernelIN3c108BFloat16E14__nv_bfloat162XadL_ZNS_11silu_kernelIS2_EET_RKS5_fEEXadL_ZNS_18packed_silu_kernelIS3_EES5_S7_fEELb1ELb1ELb0ELb0EEEvPS5_PS6_ifff--5,total dram reads,16.0,16.0,total dram reads\s*=\s*(.*)
instance,llm_layer,layer,H100-SASS-Accelwattch_SASS_SIM,nvjet_sm90_tst_64x8_64x16_4x1_v_bz_splitK_TNT--4,total dram reads,52936.0,52936.0,total dram reads\s*=\s*(.*)
instance,llm_layer,layer,H100-SASS-Accelwattch_SASS_SIM,_ZN8cublasLt19splitKreduce_kernelILi32ELi16Eif13__nv_bfloat16fS1_Lb0EfS1_S1_Lb1ELb0ELb0ELb0EEEvNS_18cublasSplitKParamsIT4_EEPKT2_PKT8_PT7_PT3_PKS3_SG_PKT9_S7_PSH_PvlPS3_PiSM_SM_SG_SG_SG_SG_SG_--5,total dram reads,0.0,0.0,total dram reads\s*=\s*(.*)
instance,llm_layer,layer,H100-SASS-Accelwattch_SASS_SIM,_ZN4vllm25fused_add_rms_norm_kernelIN3c108BFloat16ELi8ELb1EEENSt9enable_ifIXaagtT0_Li0Esr4vllm12_typeConvertIT_EE6existsEvE4typeEPS4_lS7_PKS4_fiil--12,total dram reads,88.0,88.0,total dram reads\s*=\s*(.*)
instance,llm_layer,layer,H100-SASS-Accelwattch_SASS_SIM,nvjet_sm90_tst_64x8_64x16_4x1_v_bz_bias_TNT--5,total dram reads,21036.0,21036.0,total dram reads\s*=\s*(.*)
instance,llm_layer,layer,H100-SASS-Accelwattch_SASS_SIM,_ZN4vllm23rotary_embedding_kernelIN3c108BFloat16ES2_Lb1EEEvPKlPT_S6_PKT0_illliiilb--6,total dram reads,5.0,5.0,total dram reads\s*=\s*(.*)
instance,llm_layer,layer,H100-SASS-Accelwattch_SASS_SIM,_ZN4vllm30reshape_and_cache_flash_kernelI13__nv_bfloat16S1_LNS_18Fp8KVCacheDataTypeE0EEEvPKT_S5_PT0_S7_PKlllllliiiPKfSB_i--6,total dram reads,1.0,1.0,total dram reads\s*=\s*(.*)
instance,llm_layer,layer,H100-SASS-Accelwattch_SASS_SIM,_ZN7cutlass13device_kernelIN5flash20enable_sm90_or_laterINS1_16FlashAttnFwdSm90INS1_25CollectiveMainloopFwdSm90ILi2EN4cute5tupleIJNS5_1CILi1EEES8_S8_EEENS6_IJNS7_ILi64EEENS7_ILi192EEESA_EEELi64ENS_10bfloat16_tEfNS_4arch4Sm90ELb0ELb0ELb0ELb1ELb1ELb0ELb0ELb1ELb1ELb1ELb0ELb0ESD_Li1EEENS1_21CollectiveEpilogueFwdINS6_IJSA_SA_SB_EEES9_SD_SF_Li128ELb1ELb1ELb0ELb0ELi1EEENS1_36VarlenDynamicPersistentTileSchedulerILi64ELi192ELi128ELi128ELb0ELb1ELb1ELb0ELb0ELb1EEEEEEEEEvNT_6ParamsE--5,total dram reads,326.0,326.0,total dram reads\s*=\s*(.*)
instance,llm_layer,layer,H100-SASS-Accelwattch_SASS_SIM,_ZN2at6native29vectorized_elementwise_kernelILi4ENS0_11FillFunctorIiEESt5arrayIPcLm1EEEEviT0_T1_--6,total dram reads,0.0,0.0,total dram reads\s*=\s*(.*)
instance,llm_layer,layer,H100-SASS-Accelwattch_SASS_SIM,nvjet_sm90_tst_64x8_64x16_4x1_v_bz_TNT--5,total dram reads,17360.0,17360.0,total dram reads\s*=\s*(.*)
instance,llm_layer,layer,H100-SASS-Accelwattch_SASS_SIM,_ZN4vllm25fused_add_rms_norm_kernelIN3c108BFloat16ELi8ELb1EEENSt9enable_ifIXaagtT0_Li0Esr4vllm12_typeConvertIT_EE6existsEvE4typeEPS4_lS7_PKS4_fiil--13,total dram reads,0.0,0.0,total dram reads\s*=\s*(.*)
instance,llm_layer,layer,H100-SASS-Accelwattch_SASS_SIM,nvjet_sm90_tst_128x8_64x12_4x1_v_bz_TNT--5,total dram reads,86516.0,86516.0,total dram reads\s*=\s*(.*)
instance,llm_layer,layer,H100-SASS-Accelwattch_SASS_SIM,_ZN4vllm18act_and_mul_kernelIN3c108BFloat16E14__nv_bfloat162XadL_ZNS_11silu_kernelIS2_EET_RKS5_fEEXadL_ZNS_18packed_silu_kernelIS3_EES5_S7_fEELb1ELb1ELb0ELb0EEEvPS5_PS6_ifff--6,total dram reads,64.0,64.0,total dram reads\s*=\s*(.*)
instance,llm_layer,layer,H100-SASS-Accelwattch_SASS_SIM,nvjet_sm90_tst_64x8_64x16_4x1_v_bz_splitK_TNT--5,total dram reads,30700.0,30700.0,total dram reads\s*=\s*(.*)
instance,llm_layer,layer,H100-SASS-Accelwattch_SASS_SIM,_ZN8cublasLt19splitKreduce_kernelILi32ELi16Eif13__nv_bfloat16fS1_Lb0EfS1_S1_Lb1ELb0ELb0ELb0EEEvNS_18cublasSplitKParamsIT4_EEPKT2_PKT8_PT7_PT3_PKS3_SG_PKT9_S7_PSH_PvlPS3_PiSM_SM_SG_SG_SG_SG_SG_--6,total dram reads,0.0,0.0,total dram reads\s*=\s*(.*)
instance,llm_layer,layer,H100-SASS-Accelwattch_SASS_SIM,_ZN4vllm25fused_add_rms_norm_kernelIN3c108BFloat16ELi8ELb1EEENSt9enable_ifIXaagtT0_Li0Esr4vllm12_typeConvertIT_EE6existsEvE4typeEPS4_lS7_PKS4_fiil--14,total dram reads,0.0,0.0,total dram reads\s*=\s*(.*)
instance,llm_layer,layer,H100-SASS-Accelwattch_SASS_SIM,nvjet_sm90_tst_64x8_64x16_4x1_v_bz_bias_TNT--6,total dram reads,1968.0,1968.0,total dram reads\s*=\s*(.*)
instance,llm_layer,layer,H100-SASS-Accelwattch_SASS_SIM,_ZN4vllm23rotary_embedding_kernelIN3c108BFloat16ES2_Lb1EEEvPKlPT_S6_PKT0_illliiilb--7,total dram reads,12.0,12.0,total dram reads\s*=\s*(.*)
instance,llm_layer,layer,H100-SASS-Accelwattch_SASS_SIM,_ZN4vllm30reshape_and_cache_flash_kernelI13__nv_bfloat16S1_LNS_18Fp8KVCacheDataTypeE0EEEvPKT_S5_PT0_S7_PKlllllliiiPKfSB_i--7,total dram reads,0.0,0.0,total dram reads\s*=\s*(.*)
instance,llm_layer,layer,H100-SASS-Accelwattch_SASS_SIM,_ZN7cutlass13device_kernelIN5flash20enable_sm90_or_laterINS1_16FlashAttnFwdSm90INS1_25CollectiveMainloopFwdSm90ILi2EN4cute5tupleIJNS5_1CILi1EEES8_S8_EEENS6_IJNS7_ILi64EEENS7_ILi192EEESA_EEELi64ENS_10bfloat16_tEfNS_4arch4Sm90ELb0ELb0ELb0ELb1ELb1ELb0ELb0ELb1ELb1ELb1ELb0ELb0ESD_Li1EEENS1_21CollectiveEpilogueFwdINS6_IJSA_SA_SB_EEES9_SD_SF_Li128ELb1ELb1ELb0ELb0ELi1EEENS1_36VarlenDynamicPersistentTileSchedulerILi64ELi192ELi128ELi128ELb0ELb1ELb1ELb0ELb0ELb1EEEEEEEEEvNT_6ParamsE--6,total dram reads,92.0,92.0,total dram reads\s*=\s*(.*)
instance,llm_layer,layer,H100-SASS-Accelwattch_SASS_SIM,_ZN2at6native29vectorized_elementwise_kernelILi4ENS0_11FillFunctorIiEESt5arrayIPcLm1EEEEviT0_T1_--7,total dram reads,0.0,0.0,total dram reads\s*=\s*(.*)
instance,llm_layer,layer,H100-SASS-Accelwattch_SASS_SIM,nvjet_sm90_tst_64x8_64x16_4x1_v_bz_TNT--6,total dram reads,3088.0,3088.0,total dram reads\s*=\s*(.*)
instance,llm_layer,layer,H100-SASS-Accelwattch_SASS_SIM,_ZN4vllm25fused_add_rms_norm_kernelIN3c108BFloat16ELi8ELb1EEENSt9enable_ifIXaagtT0_Li0Esr4vllm12_typeConvertIT_EE6existsEvE4typeEPS4_lS7_PKS4_fiil--15,total dram reads,0.0,0.0,total dram reads\s*=\s*(.*)
instance,llm_layer,layer,H100-SASS-Accelwattch_SASS_SIM,nvjet_sm90_tst_128x8_64x12_4x1_v_bz_TNT--6,total dram reads,90584.0,90584.0,total dram reads\s*=\s*(.*)
instance,llm_layer,layer,H100-SASS-Accelwattch_SASS_SIM,_ZN4vllm18act_and_mul_kernelIN3c108BFloat16E14__nv_bfloat162XadL_ZNS_11silu_kernelIS2_EET_RKS5_fEEXadL_ZNS_18packed_silu_kernelIS3_EES5_S7_fEELb1ELb1ELb0ELb0EEEvPS5_PS6_ifff--7,total dram reads,0.0,0.0,total dram reads\s*=\s*(.*)
instance,llm_layer,layer,H100-SASS-Accelwattch_SASS_SIM,nvjet_sm90_tst_64x8_64x16_4x1_v_bz_splitK_TNT--6,total dram reads,49856.0,49856.0,total dram reads\s*=\s*(.*)
instance,llm_layer,layer,H100-SASS-Accelwattch_SASS_SIM,_ZN8cublasLt19splitKreduce_kernelILi32ELi16Eif13__nv_bfloat16fS1_Lb0EfS1_S1_Lb1ELb0ELb0ELb0EEEvNS_18cublasSplitKParamsIT4_EEPKT2_PKT8_PT7_PT3_PKS3_SG_PKT9_S7_PSH_PvlPS3_PiSM_SM_SG_SG_SG_SG_SG_--7,total dram reads,20.0,20.0,total dram reads\s*=\s*(.*)
instance,llm_layer,layer,H100-SASS-Accelwattch_SASS_SIM,_ZN4vllm25fused_add_rms_norm_kernelIN3c108BFloat16ELi8ELb1EEENSt9enable_ifIXaagtT0_Li0Esr4vllm12_typeConvertIT_EE6existsEvE4typeEPS4_lS7_PKS4_fiil--0,total dram writes,0.0,0.0,total dram writes\s*=\s*(.*)
instance,llm_layer,layer,H100-SASS-Accelwattch_SASS_SIM,nvjet_sm90_tst_64x8_64x16_4x2_h_bz_bias_TNT--0,total dram writes,0.0,0.0,total dram writes\s*=\s*(.*)
instance,llm_layer,layer,H100-SASS-Accelwattch_SASS_SIM,_ZN4vllm23rotary_embedding_kernelIN3c108BFloat16ES2_Lb1EEEvPKlPT_S6_PKT0_illliiilb--0,total dram writes,0.0,0.0,total dram writes\s*=\s*(.*)
instance,llm_layer,layer,H100-SASS-Accelwattch_SASS_SIM,_ZN4vllm30reshape_and_cache_flash_kernelI13__nv_bfloat16S1_LNS_18Fp8KVCacheDataTypeE0EEEvPKT_S5_PT0_S7_PKlllllliiiPKfSB_i--0,total dram writes,0.0,0.0,total dram writes\s*=\s*(.*)
instance,llm_layer,layer,H100-SASS-Accelwattch_SASS_SIM,_ZN7cutlass13device_kernelIN5flash20enable_sm90_or_laterINS1_16FlashAttnFwdSm90INS1_25CollectiveMainloopFwdSm90ILi2EN4cute5tupleIJNS5_1CILi1EEES8_S8_EEENS6_IJNS7_ILi192EEENS7_ILi128EEENS7_ILi64EEEEEELi64ENS_10bfloat16_tEfNS_4arch4Sm90ELb1ELb0ELb0ELb1ELb1ELb0ELb0ELb1ELb1ELb1ELb0ELb0ESE_Li1EEENS1_21CollectiveEpilogueFwdINS6_IJSA_SC_SB_EEES9_SE_SG_Li384ELb1ELb1ELb0ELb0ELi1EEENS1_36VarlenDynamicPersistentTileSchedulerILi192ELi128ELi384ELi128ELb0ELb1ELb1ELb1ELb0ELb1EEEEEEEEEvNT_6ParamsE--0,total dram writes,0.0,0.0,total dram writes\s*=\s*(.*)
instance,llm_layer,layer,H100-SASS-Accelwattch_SASS_SIM,_ZN2at6native29vectorized_elementwise_kernelILi4ENS0_11FillFunctorIiEESt5arrayIPcLm1EEEEviT0_T1_--0,total dram writes,0.0,0.0,total dram writes\s*=\s*(.*)
instance,llm_layer,layer,H100-SASS-Accelwattch_SASS_SIM,nvjet_sm90_tst_64x8_64x16_4x2_h_bz_TNT--0,total dram writes,0.0,0.0,total dram writes\s*=\s*(.*)
instance,llm_layer,layer,H100-SASS-Accelwattch_SASS_SIM,_ZN4vllm25fused_add_rms_norm_kernelIN3c108BFloat16ELi8ELb1EEENSt9enable_ifIXaagtT0_Li0Esr4vllm12_typeConvertIT_EE6existsEvE4typeEPS4_lS7_PKS4_fiil--1,total dram writes,0.0,0.0,total dram writes\s*=\s*(.*)
instance,llm_layer,layer,H100-SASS-Accelwattch_SASS_SIM,nvjet_sm90_tst_128x16_64x11_4x1_v_bz_TNT--0,total dram writes,0.0,0.0,total dram writes\s*=\s*(.*)
instance,llm_layer,layer,H100-SASS-Accelwattch_SASS_SIM,_ZN4vllm18act_and_mul_kernelIN3c108BFloat16E14__nv_bfloat162XadL_ZNS_11silu_kernelIS2_EET_RKS5_fEEXadL_ZNS_18packed_silu_kernelIS3_EES5_S7_fEELb1ELb1ELb0ELb0EEEvPS5_PS6_ifff--0,total dram writes,0.0,0.0,total dram writes\s*=\s*(.*)
instance,llm_layer,layer,H100-SASS-Accelwattch_SASS_SIM,nvjet_sm90_tst_64x16_64x16_4x1_v_bz_splitK_TNT--0,total dram writes,1408.0,1408.0,total dram writes\s*=\s*(.*)
instance,llm_layer,layer,H100-SASS-Accelwattch_SASS_SIM,_ZN8cublasLt19splitKreduce_kernelILi32ELi16Eif13__nv_bfloat16fS1_Lb0EfS1_S1_Lb1ELb0ELb0ELb0EEEvNS_18cublasSplitKParamsIT4_EEPKT2_PKT8_PT7_PT3_PKS3_SG_PKT9_S7_PSH_PvlPS3_PiSM_SM_SG_SG_SG_SG_SG_--0,total dram writes,0.0,0.0,total dram writes\s*=\s*(.*)
instance,llm_layer,layer,H100-SASS-Accelwattch_SASS_SIM,_ZN4vllm25fused_add_rms_norm_kernelIN3c108BFloat16ELi8ELb1EEENSt9enable_ifIXaagtT0_Li0Esr4vllm12_typeConvertIT_EE6existsEvE4typeEPS4_lS7_PKS4_fiil--2,total dram writes,0.0,0.0,total dram writes\s*=\s*(.*)
instance,llm_layer,layer,H100-SASS-Accelwattch_SASS_SIM,nvjet_sm90_tst_64x8_64x16_4x1_v_bz_bias_TNT--0,total dram writes,280.0,280.0,total dram writes\s*=\s*(.*)
instance,llm_layer,layer,H100-SASS-Accelwattch_SASS_SIM,_ZN4vllm23rotary_embedding_kernelIN3c108BFloat16ES2_Lb1EEEvPKlPT_S6_PKT0_illliiilb--1,total dram writes,0.0,0.0,total dram writes\s*=\s*(.*)
instance,llm_layer,layer,H100-SASS-Accelwattch_SASS_SIM,_ZN4vllm30reshape_and_cache_flash_kernelI13__nv_bfloat16S1_LNS_18Fp8KVCacheDataTypeE0EEEvPKT_S5_PT0_S7_PKlllllliiiPKfSB_i--1,total dram writes,0.0,0.0,total dram writes\s*=\s*(.*)
instance,llm_layer,layer,H100-SASS-Accelwattch_SASS_SIM,_ZN7cutlass13device_kernelIN5flash20enable_sm90_or_laterINS1_16FlashAttnFwdSm90INS1_25CollectiveMainloopFwdSm90ILi2EN4cute5tupleIJNS5_1CILi1EEES8_S8_EEENS6_IJNS7_ILi64EEENS7_ILi192EEESA_EEELi64ENS_10bfloat16_tEfNS_4arch4Sm90ELb0ELb0ELb0ELb1ELb1ELb0ELb0ELb1ELb1ELb1ELb0ELb0ESD_Li1EEENS1_21CollectiveEpilogueFwdINS6_IJSA_SA_SB_EEES9_SD_SF_Li128ELb1ELb1ELb0ELb0ELi1EEENS1_36VarlenDynamicPersistentTileSchedulerILi64ELi192ELi128ELi128ELb0ELb1ELb1ELb0ELb0ELb1EEEEEEEEEvNT_6ParamsE--0,total dram writes,52.0,52.0,total dram writes\s*=\s*(.*)
instance,llm_layer,layer,H100-SASS-Accelwattch_SASS_SIM,_ZN2at6native29vectorized_elementwise_kernelILi4ENS0_11FillFunctorIiEESt5arrayIPcLm1EEEEviT0_T1_--1,total dram writes,0.0,0.0,total dram writes\s*=\s*(.*)
instance,llm_layer,layer,H100-SASS-Accelwattch_SASS_SIM,nvjet_sm90_tst_64x8_64x16_4x1_v_bz_TNT--0,total dram writes,528.0,528.0,total dram writes\s*=\s*(.*)
instance,llm_layer,layer,H100-SASS-Accelwattch_SASS_SIM,_ZN4vllm25fused_add_rms_norm_kernelIN3c108BFloat16ELi8ELb1EEENSt9enable_ifIXaagtT0_Li0Esr4vllm12_typeConvertIT_EE6existsEvE4typeEPS4_lS7_PKS4_fiil--3,total dram writes,0.0,0.0,total dram writes\s*=\s*(.*)
instance,llm_layer,layer,H100-SASS-Accelwattch_SASS_SIM,nvjet_sm90_tst_128x8_64x12_4x1_v_bz_TNT--0,total dram writes,7344.0,7344.0,total dram writes\s*=\s*(.*)
instance,llm_layer,layer,H100-SASS-Accelwattch_SASS_SIM,_ZN4vllm18act_and_mul_kernelIN3c108BFloat16E14__nv_bfloat162XadL_ZNS_11silu_kernelIS2_EET_RKS5_fEEXadL_ZNS_18packed_silu_kernelIS3_EES5_S7_fEELb1ELb1ELb0ELb0EEEvPS5_PS6_ifff--1,total dram writes,0.0,0.0,total dram writes\s*=\s*(.*)
instance,llm_layer,layer,H100-SASS-Accelwattch_SASS_SIM,nvjet_sm90_tst_64x8_64x16_4x1_v_bz_splitK_TNT--0,total dram writes,1908.0,1908.0,total dram writes\s*=\s*(.*)
instance,llm_layer,layer,H100-SASS-Accelwattch_SASS_SIM,_ZN8cublasLt19splitKreduce_kernelILi32ELi16Eif13__nv_bfloat16fS1_Lb0EfS1_S1_Lb1ELb0ELb0ELb0EEEvNS_18cublasSplitKParamsIT4_EEPKT2_PKT8_PT7_PT3_PKS3_SG_PKT9_S7_PSH_PvlPS3_PiSM_SM_SG_SG_SG_SG_SG_--1,total dram writes,0.0,0.0,total dram writes\s*=\s*(.*)
instance,llm_layer,layer,H100-SASS-Accelwattch_SASS_SIM,_ZN4vllm25fused_add_rms_norm_kernelIN3c108BFloat16ELi8ELb1EEENSt9enable_ifIXaagtT0_Li0Esr4vllm12_typeConvertIT_EE6existsEvE4typeEPS4_lS7_PKS4_fiil--4,total dram writes,0.0,0.0,total dram writes\s*=\s*(.*)
instance,llm_layer,layer,H100-SASS-Accelwattch_SASS_SIM,nvjet_sm90_tst_64x8_64x16_4x1_v_bz_bias_TNT--1,total dram writes,300.0,300.0,total dram writes\s*=\s*(.*)
instance,llm_layer,layer,H100-SASS-Accelwattch_SASS_SIM,_ZN4vllm23rotary_embedding_kernelIN3c108BFloat16ES2_Lb1EEEvPKlPT_S6_PKT0_illliiilb--2,total dram writes,0.0,0.0,total dram writes\s*=\s*(.*)
instance,llm_layer,layer,H100-SASS-Accelwattch_SASS_SIM,_ZN4vllm30reshape_and_cache_flash_kernelI13__nv_bfloat16S1_LNS_18Fp8KVCacheDataTypeE0EEEvPKT_S5_PT0_S7_PKlllllliiiPKfSB_i--2,total dram writes,0.0,0.0,total dram writes\s*=\s*(.*)
instance,llm_layer,layer,H100-SASS-Accelwattch_SASS_SIM,_ZN7cutlass13device_kernelIN5flash20enable_sm90_or_laterINS1_16FlashAttnFwdSm90INS1_25CollectiveMainloopFwdSm90ILi2EN4cute5tupleIJNS5_1CILi1EEES8_S8_EEENS6_IJNS7_ILi64EEENS7_ILi192EEESA_EEELi64ENS_10bfloat16_tEfNS_4arch4Sm90ELb0ELb0ELb0ELb1ELb1ELb0ELb0ELb1ELb1ELb1ELb0ELb0ESD_Li1EEENS1_21CollectiveEpilogueFwdINS6_IJSA_SA_SB_EEES9_SD_SF_Li128ELb1ELb1ELb0ELb0ELi1EEENS1_36VarlenDynamicPersistentTileSchedulerILi64ELi192ELi128ELi128ELb0ELb1ELb1ELb0ELb0ELb1EEEEEEEEEvNT_6ParamsE--1,total dram writes,0.0,0.0,total dram writes\s*=\s*(.*)
instance,llm_layer,layer,H100-SASS-Accelwattch_SASS_SIM,_ZN2at6native29vectorized_elementwise_kernelILi4ENS0_11FillFunctorIiEESt5arrayIPcLm1EEEEviT0_T1_--2,total dram writes,0.0,0.0,total dram writes\s*=\s*(.*)
instance,llm_layer,layer,H100-SASS-Accelwattch_SASS_SIM,nvjet_sm90_tst_64x8_64x16_4x1_v_bz_TNT--1,total dram writes,0.0,0.0,total dram writes\s*=\s*(.*)
instance,llm_layer,layer,H100-SASS-Accelwattch_SASS_SIM,_ZN4vllm25fused_add_rms_norm_kernelIN3c108BFloat16ELi8ELb1EEENSt9enable_ifIXaagtT0_Li0Esr4vllm12_typeConvertIT_EE6existsEvE4typeEPS4_lS7_PKS4_fiil--5,total dram writes,0.0,0.0,total dram writes\s*=\s*(.*)
instance,llm_layer,layer,H100-SASS-Accelwattch_SASS_SIM,nvjet_sm90_tst_128x8_64x12_4x1_v_bz_TNT--1,total dram writes,4664.0,4664.0,total dram writes\s*=\s*(.*)
instance,llm_layer,layer,H100-SASS-Accelwattch_SASS_SIM,_ZN4vllm18act_and_mul_kernelIN3c108BFloat16E14__nv_bfloat162XadL_ZNS_11silu_kernelIS2_EET_RKS5_fEEXadL_ZNS_18packed_silu_kernelIS3_EES5_S7_fEELb1ELb1ELb0ELb0EEEvPS5_PS6_ifff--2,total dram writes,0.0,0.0,total dram writes\s*=\s*(.*)
instance,llm_layer,layer,H100-SASS-Accelwattch_SASS_SIM,nvjet_sm90_tst_64x8_64x16_4x1_v_bz_splitK_TNT--1,total dram writes,1442.0,1442.0,total dram writes\s*=\s*(.*)
instance,llm_layer,layer,H100-SASS-Accelwattch_SASS_SIM,_ZN8cublasLt19splitKreduce_kernelILi32ELi16Eif13__nv_bfloat16fS1_Lb0EfS1_S1_Lb1ELb0ELb0ELb0EEEvNS_18cublasSplitKParamsIT4_EEPKT2_PKT8_PT7_PT3_PKS3_SG_PKT9_S7_PSH_PvlPS3_PiSM_SM_SG_SG_SG_SG_SG_--2,total dram writes,0.0,0.0,total dram writes\s*=\s*(.*)
instance,llm_layer,layer,H100-SASS-Accelwattch_SASS_SIM,_ZN4vllm25fused_add_rms_norm_kernelIN3c108BFloat16ELi8ELb1EEENSt9enable_ifIXaagtT0_Li0Esr4vllm12_typeConvertIT_EE6existsEvE4typeEPS4_lS7_PKS4_fiil--6,total dram writes,0.0,0.0,total dram writes\s*=\s*(.*)
instance,llm_layer,layer,H100-SASS-Accelwattch_SASS_SIM,nvjet_sm90_tst_64x8_64x16_4x1_v_bz_bias_TNT--2,total dram writes,44.0,44.0,total dram writes\s*=\s*(.*)
instance,llm_layer,layer,H100-SASS-Accelwattch_SASS_SIM,_ZN4vllm23rotary_embedding_kernelIN3c108BFloat16ES2_Lb1EEEvPKlPT_S6_PKT0_illliiilb--3,total dram writes,0.0,0.0,total dram writes\s*=\s*(.*)
instance,llm_layer,layer,H100-SASS-Accelwattch_SASS_SIM,_ZN4vllm30reshape_and_cache_flash_kernelI13__nv_bfloat16S1_LNS_18Fp8KVCacheDataTypeE0EEEvPKT_S5_PT0_S7_PKlllllliiiPKfSB_i--3,total dram writes,0.0,0.0,total dram writes\s*=\s*(.*)
instance,llm_layer,layer,H100-SASS-Accelwattch_SASS_SIM,_ZN7cutlass13device_kernelIN5flash20enable_sm90_or_laterINS1_16FlashAttnFwdSm90INS1_25CollectiveMainloopFwdSm90ILi2EN4cute5tupleIJNS5_1CILi1EEES8_S8_EEENS6_IJNS7_ILi64EEENS7_ILi192EEESA_EEELi64ENS_10bfloat16_tEfNS_4arch4Sm90ELb0ELb0ELb0ELb1ELb1ELb0ELb0ELb1ELb1ELb1ELb0ELb0ESD_Li1EEENS1_21CollectiveEpilogueFwdINS6_IJSA_SA_SB_EEES9_SD_SF_Li128ELb1ELb1ELb0ELb0ELi1EEENS1_36VarlenDynamicPersistentTileSchedulerILi64ELi192ELi128ELi128ELb0ELb1ELb1ELb0ELb0ELb1EEEEEEEEEvNT_6ParamsE--2,total dram writes,0.0,0.0,total dram writes\s*=\s*(.*)
instance,llm_layer,layer,H100-SASS-Accelwattch_SASS_SIM,_ZN2at6native29vectorized_elementwise_kernelILi4ENS0_11FillFunctorIiEESt5arrayIPcLm1EEEEviT0_T1_--3,total dram writes,0.0,0.0,total dram writes\s*=\s*(.*)
instance,llm_layer,layer,H100-SASS-Accelwattch_SASS_SIM,nvjet_sm90_tst_64x8_64x16_4x1_v_bz_TNT--2,total dram writes,1244.0,1244.0,total dram writes\s*=\s*(.*)
instance,llm_layer,layer,H100-SASS-Accelwattch_SASS_SIM,_ZN4vllm25fused_add_rms_norm_kernelIN3c108BFloat16ELi8ELb1EEENSt9enable_ifIXaagtT0_Li0Esr4vllm12_typeConvertIT_EE6existsEvE4typeEPS4_lS7_PKS4_fiil--7,total dram writes,0.0,0.0,total dram writes\s*=\s*(.*)
instance,llm_layer,layer,H100-SASS-Accelwattch_SASS_SIM,nvjet_sm90_tst_128x8_64x12_4x1_v_bz_TNT--2,total dram writes,1362.0,1362.0,total dram writes\s*=\s*(.*)
instance,llm_layer,layer,H100-SASS-Accelwattch_SASS_SIM,_ZN4vllm18act_and_mul_kernelIN3c108BFloat16E14__nv_bfloat162XadL_ZNS_11silu_kernelIS2_EET_RKS5_fEEXadL_ZNS_18packed_silu_kernelIS3_EES5_S7_fEELb1ELb1ELb0ELb0EEEvPS5_PS6_ifff--3,total dram writes,0.0,0.0,total dram writes\s*=\s*(.*)
instance,llm_layer,layer,H100-SASS-Accelwattch_SASS_SIM,nvjet_sm90_tst_64x8_64x16_4x1_v_bz_splitK_TNT--2,total dram writes,316.0,316.0,total dram writes\s*=\s*(.*)
instance,llm_layer,layer,H100-SASS-Accelwattch_SASS_SIM,_ZN8cublasLt19splitKreduce_kernelILi32ELi16Eif13__nv_bfloat16fS1_Lb0EfS1_S1_Lb1ELb0ELb0ELb0EEEvNS_18cublasSplitKParamsIT4_EEPKT2_PKT8_PT7_PT3_PKS3_SG_PKT9_S7_PSH_PvlPS3_PiSM_SM_SG_SG_SG_SG_SG_--3,total dram writes,0.0,0.0,total dram writes\s*=\s*(.*)
instance,llm_layer,layer,H100-SASS-Accelwattch_SASS_SIM,_ZN4vllm25fused_add_rms_norm_kernelIN3c108BFloat16ELi8ELb1EEENSt9enable_ifIXaagtT0_Li0Esr4vllm12_typeConvertIT_EE6existsEvE4typeEPS4_lS7_PKS4_fiil--8,total dram writes,0.0,0.0,total dram writes\s*=\s*(.*)
instance,llm_layer,layer,H100-SASS-Accelwattch_SASS_SIM,nvjet_sm90_tst_64x8_64x16_4x1_v_bz_bias_TNT--3,total dram writes,0.0,0.0,total dram writes\s*=\s*(.*)
instance,llm_layer,layer,H100-SASS-Accelwattch_SASS_SIM,_ZN4vllm23rotary_embedding_kernelIN3c108BFloat16ES2_Lb1EEEvPKlPT_S6_PKT0_illliiilb--4,total dram writes,0.0,0.0,total dram writes\s*=\s*(.*)
instance,llm_layer,layer,H100-SASS-Accelwattch_SASS_SIM,_ZN4vllm30reshape_and_cache_flash_kernelI13__nv_bfloat16S1_LNS_18Fp8KVCacheDataTypeE0EEEvPKT_S5_PT0_S7_PKlllllliiiPKfSB_i--4,total dram writes,0.0,0.0,total dram writes\s*=\s*(.*)
instance,llm_layer,layer,H100-SASS-Accelwattch_SASS_SIM,_ZN7cutlass13device_kernelIN5flash20enable_sm90_or_laterINS1_16FlashAttnFwdSm90INS1_25CollectiveMainloopFwdSm90ILi2EN4cute5tupleIJNS5_1CILi1EEES8_S8_EEENS6_IJNS7_ILi64EEENS7_ILi192EEESA_EEELi64ENS_10bfloat16_tEfNS_4arch4Sm90ELb0ELb0ELb0ELb1ELb1ELb0ELb0ELb1ELb1ELb1ELb0ELb0ESD_Li1EEENS1_21CollectiveEpilogueFwdINS6_IJSA_SA_SB_EEES9_SD_SF_Li128ELb1ELb1ELb0ELb0ELi1EEENS1_36VarlenDynamicPersistentTileSchedulerILi64ELi192ELi128ELi128ELb0ELb1ELb1ELb0ELb0ELb1EEEEEEEEEvNT_6ParamsE--3,total dram writes,0.0,0.0,total dram writes\s*=\s*(.*)
instance,llm_layer,layer,H100-SASS-Accelwattch_SASS_SIM,_ZN2at6native29vectorized_elementwise_kernelILi4ENS0_11FillFunctorIiEESt5arrayIPcLm1EEEEviT0_T1_--4,total dram writes,0.0,0.0,total dram writes\s*=\s*(.*)
instance,llm_layer,layer,H100-SASS-Accelwattch_SASS_SIM,nvjet_sm90_tst_64x8_64x16_4x1_v_bz_TNT--3,total dram writes,40.0,40.0,total dram writes\s*=\s*(.*)
instance,llm_layer,layer,H100-SASS-Accelwattch_SASS_SIM,_ZN4vllm25fused_add_rms_norm_kernelIN3c108BFloat16ELi8ELb1EEENSt9enable_ifIXaagtT0_Li0Esr4vllm12_typeConvertIT_EE6existsEvE4typeEPS4_lS7_PKS4_fiil--9,total dram writes,0.0,0.0,total dram writes\s*=\s*(.*)
instance,llm_layer,layer,H100-SASS-Accelwattch_SASS_SIM,nvjet_sm90_tst_128x8_64x12_4x1_v_bz_TNT--3,total dram writes,500.0,500.0,total dram writes\s*=\s*(.*)
instance,llm_layer,layer,H100-SASS-Accelwattch_SASS_SIM,_ZN4vllm18act_and_mul_kernelIN3c108BFloat16E14__nv_bfloat162XadL_ZNS_11silu_kernelIS2_EET_RKS5_fEEXadL_ZNS_18packed_silu_kernelIS3_EES5_S7_fEELb1ELb1ELb0ELb0EEEvPS5_PS6_ifff--4,total dram writes,0.0,0.0,total dram writes\s*=\s*(.*)
instance,llm_layer,layer,H100-SASS-Accelwattch_SASS_SIM,nvjet_sm90_tst_64x8_64x16_4x1_v_bz_splitK_TNT--3,total dram writes,164.0,164.0,total dram writes\s*=\s*(.*)
instance,llm_layer,layer,H100-SASS-Accelwattch_SASS_SIM,_ZN8cublasLt19splitKreduce_kernelILi32ELi16Eif13__nv_bfloat16fS1_Lb0EfS1_S1_Lb1ELb0ELb0ELb0EEEvNS_18cublasSplitKParamsIT4_EEPKT2_PKT8_PT7_PT3_PKS3_SG_PKT9_S7_PSH_PvlPS3_PiSM_SM_SG_SG_SG_SG_SG_--4,total dram writes,0.0,0.0,total dram writes\s*=\s*(.*)
instance,llm_layer,layer,H100-SASS-Accelwattch_SASS_SIM,_ZN4vllm25fused_add_rms_norm_kernelIN3c108BFloat16ELi8ELb1EEENSt9enable_ifIXaagtT0_Li0Esr4vllm12_typeConvertIT_EE6existsEvE4typeEPS4_lS7_PKS4_fiil--10,total dram writes,0.0,0.0,total dram writes\s*=\s*(.*)
instance,llm_layer,layer,H100-SASS-Accelwattch_SASS_SIM,nvjet_sm90_tst_64x8_64x16_4x1_v_bz_bias_TNT--4,total dram writes,0.0,0.0,total dram writes\s*=\s*(.*)
instance,llm_layer,layer,H100-SASS-Accelwattch_SASS_SIM,_ZN4vllm23rotary_embedding_kernelIN3c108BFloat16ES2_Lb1EEEvPKlPT_S6_PKT0_illliiilb--5,total dram writes,0.0,0.0,total dram writes\s*=\s*(.*)
instance,llm_layer,layer,H100-SASS-Accelwattch_SASS_SIM,_ZN4vllm30reshape_and_cache_flash_kernelI13__nv_bfloat16S1_LNS_18Fp8KVCacheDataTypeE0EEEvPKT_S5_PT0_S7_PKlllllliiiPKfSB_i--5,total dram writes,0.0,0.0,total dram writes\s*=\s*(.*)
instance,llm_layer,layer,H100-SASS-Accelwattch_SASS_SIM,_ZN7cutlass13device_kernelIN5flash20enable_sm90_or_laterINS1_16FlashAttnFwdSm90INS1_25CollectiveMainloopFwdSm90ILi2EN4cute5tupleIJNS5_1CILi1EEES8_S8_EEENS6_IJNS7_ILi64EEENS7_ILi192EEESA_EEELi64ENS_10bfloat16_tEfNS_4arch4Sm90ELb0ELb0ELb0ELb1ELb1ELb0ELb0ELb1ELb1ELb1ELb0ELb0ESD_Li1EEENS1_21CollectiveEpilogueFwdINS6_IJSA_SA_SB_EEES9_SD_SF_Li128ELb1ELb1ELb0ELb0ELi1EEENS1_36VarlenDynamicPersistentTileSchedulerILi64ELi192ELi128ELi128ELb0ELb1ELb1ELb0ELb0ELb1EEEEEEEEEvNT_6ParamsE--4,total dram writes,0.0,0.0,total dram writes\s*=\s*(.*)
instance,llm_layer,layer,H100-SASS-Accelwattch_SASS_SIM,_ZN2at6native29vectorized_elementwise_kernelILi4ENS0_11FillFunctorIiEESt5arrayIPcLm1EEEEviT0_T1_--5,total dram writes,0.0,0.0,total dram writes\s*=\s*(.*)
instance,llm_layer,layer,H100-SASS-Accelwattch_SASS_SIM,nvjet_sm90_tst_64x8_64x16_4x1_v_bz_TNT--4,total dram writes,0.0,0.0,total dram writes\s*=\s*(.*)
instance,llm_layer,layer,H100-SASS-Accelwattch_SASS_SIM,_ZN4vllm25fused_add_rms_norm_kernelIN3c108BFloat16ELi8ELb1EEENSt9enable_ifIXaagtT0_Li0Esr4vllm12_typeConvertIT_EE6existsEvE4typeEPS4_lS7_PKS4_fiil--11,total dram writes,0.0,0.0,total dram writes\s*=\s*(.*)
instance,llm_layer,layer,H100-SASS-Accelwattch_SASS_SIM,nvjet_sm90_tst_128x8_64x12_4x1_v_bz_TNT--4,total dram writes,412.0,412.0,total dram writes\s*=\s*(.*)
instance,llm_layer,layer,H100-SASS-Accelwattch_SASS_SIM,_ZN4vllm18act_and_mul_kernelIN3c108BFloat16E14__nv_bfloat162XadL_ZNS_11silu_kernelIS2_EET_RKS5_fEEXadL_ZNS_18packed_silu_kernelIS3_EES5_S7_fEELb1ELb1ELb0ELb0EEEvPS5_PS6_ifff--5,total dram writes,0.0,0.0,total dram writes\s*=\s*(.*)
instance,llm_layer,layer,H100-SASS-Accelwattch_SASS_SIM,nvjet_sm90_tst_64x8_64x16_4x1_v_bz_splitK_TNT--4,total dram writes,64.0,64.0,total dram writes\s*=\s*(.*)
instance,llm_layer,layer,H100-SASS-Accelwattch_SASS_SIM,_ZN8cublasLt19splitKreduce_kernelILi32ELi16Eif13__nv_bfloat16fS1_Lb0EfS1_S1_Lb1ELb0ELb0ELb0EEEvNS_18cublasSplitKParamsIT4_EEPKT2_PKT8_PT7_PT3_PKS3_SG_PKT9_S7_PSH_PvlPS3_PiSM_SM_SG_SG_SG_SG_SG_--5,total dram writes,0.0,0.0,total dram writes\s*=\s*(.*)
instance,llm_layer,layer,H100-SASS-Accelwattch_SASS_SIM,_ZN4vllm25fused_add_rms_norm_kernelIN3c108BFloat16ELi8ELb1EEENSt9enable_ifIXaagtT0_Li0Esr4vllm12_typeConvertIT_EE6existsEvE4typeEPS4_lS7_PKS4_fiil--12,total dram writes,0.0,0.0,total dram writes\s*=\s*(.*)
instance,llm_layer,layer,H100-SASS-Accelwattch_SASS_SIM,nvjet_sm90_tst_64x8_64x16_4x1_v_bz_bias_TNT--5,total dram writes,56.0,56.0,total dram writes\s*=\s*(.*)
instance,llm_layer,layer,H100-SASS-Accelwattch_SASS_SIM,_ZN4vllm23rotary_embedding_kernelIN3c108BFloat16ES2_Lb1EEEvPKlPT_S6_PKT0_illliiilb--6,total dram writes,0.0,0.0,total dram writes\s*=\s*(.*)
instance,llm_layer,layer,H100-SASS-Accelwattch_SASS_SIM,_ZN4vllm30reshape_and_cache_flash_kernelI13__nv_bfloat16S1_LNS_18Fp8KVCacheDataTypeE0EEEvPKT_S5_PT0_S7_PKlllllliiiPKfSB_i--6,total dram writes,0.0,0.0,total dram writes\s*=\s*(.*)
instance,llm_layer,layer,H100-SASS-Accelwattch_SASS_SIM,_ZN7cutlass13device_kernelIN5flash20enable_sm90_or_laterINS1_16FlashAttnFwdSm90INS1_25CollectiveMainloopFwdSm90ILi2EN4cute5tupleIJNS5_1CILi1EEES8_S8_EEENS6_IJNS7_ILi64EEENS7_ILi192EEESA_EEELi64ENS_10bfloat16_tEfNS_4arch4Sm90ELb0ELb0ELb0ELb1ELb1ELb0ELb0ELb1ELb1ELb1ELb0ELb0ESD_Li1EEENS1_21CollectiveEpilogueFwdINS6_IJSA_SA_SB_EEES9_SD_SF_Li128ELb1ELb1ELb0ELb0ELi1EEENS1_36VarlenDynamicPersistentTileSchedulerILi64ELi192ELi128ELi128ELb0ELb1ELb1ELb0ELb0ELb1EEEEEEEEEvNT_6ParamsE--5,total dram writes,0.0,0.0,total dram writes\s*=\s*(.*)
instance,llm_layer,layer,H100-SASS-Accelwattch_SASS_SIM,_ZN2at6native29vectorized_elementwise_kernelILi4ENS0_11FillFunctorIiEESt5arrayIPcLm1EEEEviT0_T1_--6,total dram writes,0.0,0.0,total dram writes\s*=\s*(.*)
instance,llm_layer,layer,H100-SASS-Accelwattch_SASS_SIM,nvjet_sm90_tst_64x8_64x16_4x1_v_bz_TNT--5,total dram writes,64.0,64.0,total dram writes\s*=\s*(.*)
instance,llm_layer,layer,H100-SASS-Accelwattch_SASS_SIM,_ZN4vllm25fused_add_rms_norm_kernelIN3c108BFloat16ELi8ELb1EEENSt9enable_ifIXaagtT0_Li0Esr4vllm12_typeConvertIT_EE6existsEvE4typeEPS4_lS7_PKS4_fiil--13,total dram writes,0.0,0.0,total dram writes\s*=\s*(.*)
instance,llm_layer,layer,H100-SASS-Accelwattch_SASS_SIM,nvjet_sm90_tst_128x8_64x12_4x1_v_bz_TNT--5,total dram writes,364.0,364.0,total dram writes\s*=\s*(.*)
instance,llm_layer,layer,H100-SASS-Accelwattch_SASS_SIM,_ZN4vllm18act_and_mul_kernelIN3c108BFloat16E14__nv_bfloat162XadL_ZNS_11silu_kernelIS2_EET_RKS5_fEEXadL_ZNS_18packed_silu_kernelIS3_EES5_S7_fEELb1ELb1ELb0ELb0EEEvPS5_PS6_ifff--6,total dram writes,0.0,0.0,total dram writes\s*=\s*(.*)
instance,llm_layer,layer,H100-SASS-Accelwattch_SASS_SIM,nvjet_sm90_tst_64x8_64x16_4x1_v_bz_splitK_TNT--5,total dram writes,8.0,8.0,total dram writes\s*=\s*(.*)
instance,llm_layer,layer,H100-SASS-Accelwattch_SASS_SIM,_ZN8cublasLt19splitKreduce_kernelILi32ELi16Eif13__nv_bfloat16fS1_Lb0EfS1_S1_Lb1ELb0ELb0ELb0EEEvNS_18cublasSplitKParamsIT4_EEPKT2_PKT8_PT7_PT3_PKS3_SG_PKT9_S7_PSH_PvlPS3_PiSM_SM_SG_SG_SG_SG_SG_--6,total dram writes,0.0,0.0,total dram writes\s*=\s*(.*)
instance,llm_layer,layer,H100-SASS-Accelwattch_SASS_SIM,_ZN4vllm25fused_add_rms_norm_kernelIN3c108BFloat16ELi8ELb1EEENSt9enable_ifIXaagtT0_Li0Esr4vllm12_typeConvertIT_EE6existsEvE4typeEPS4_lS7_PKS4_fiil--14,total dram writes,0.0,0.0,total dram writes\s*=\s*(.*)
instance,llm_layer,layer,H100-SASS-Accelwattch_SASS_SIM,nvjet_sm90_tst_64x8_64x16_4x1_v_bz_bias_TNT--6,total dram writes,0.0,0.0,total dram writes\s*=\s*(.*)
instance,llm_layer,layer,H100-SASS-Accelwattch_SASS_SIM,_ZN4vllm23rotary_embedding_kernelIN3c108BFloat16ES2_Lb1EEEvPKlPT_S6_PKT0_illliiilb--7,total dram writes,0.0,0.0,total dram writes\s*=\s*(.*)
instance,llm_layer,layer,H100-SASS-Accelwattch_SASS_SIM,_ZN4vllm30reshape_and_cache_flash_kernelI13__nv_bfloat16S1_LNS_18Fp8KVCacheDataTypeE0EEEvPKT_S5_PT0_S7_PKlllllliiiPKfSB_i--7,total dram writes,0.0,0.0,total dram writes\s*=\s*(.*)
instance,llm_layer,layer,H100-SASS-Accelwattch_SASS_SIM,_ZN7cutlass13device_kernelIN5flash20enable_sm90_or_laterINS1_16FlashAttnFwdSm90INS1_25CollectiveMainloopFwdSm90ILi2EN4cute5tupleIJNS5_1CILi1EEES8_S8_EEENS6_IJNS7_ILi64EEENS7_ILi192EEESA_EEELi64ENS_10bfloat16_tEfNS_4arch4Sm90ELb0ELb0ELb0ELb1ELb1ELb0ELb0ELb1ELb1ELb1ELb0ELb0ESD_Li1EEENS1_21CollectiveEpilogueFwdINS6_IJSA_SA_SB_EEES9_SD_SF_Li128ELb1ELb1ELb0ELb0ELi1EEENS1_36VarlenDynamicPersistentTileSchedulerILi64ELi192ELi128ELi128ELb0ELb1ELb1ELb0ELb0ELb1EEEEEEEEEvNT_6ParamsE--6,total dram writes,0.0,0.0,total dram writes\s*=\s*(.*)
instance,llm_layer,layer,H100-SASS-Accelwattch_SASS_SIM,_ZN2at6native29vectorized_elementwise_kernelILi4ENS0_11FillFunctorIiEESt5arrayIPcLm1EEEEviT0_T1_--7,total dram writes,0.0,0.0,total dram writes\s*=\s*(.*)
instance,llm_layer,layer,H100-SASS-Accelwattch_SASS_SIM,nvjet_sm90_tst_64x8_64x16_4x1_v_bz_TNT--6,total dram writes,40.0,40.0,total dram writes\s*=\s*(.*)
instance,llm_layer,layer,H100-SASS-Accelwattch_SASS_SIM,_ZN4vllm25fused_add_rms_norm_kernelIN3c108BFloat16ELi8ELb1EEENSt9enable_ifIXaagtT0_Li0Esr4vllm12_typeConvertIT_EE6existsEvE4typeEPS4_lS7_PKS4_fiil--15,total dram writes,0.0,0.0,total dram writes\s*=\s*(.*)
instance,llm_layer,layer,H100-SASS-Accelwattch_SASS_SIM,nvjet_sm90_tst_128x8_64x12_4x1_v_bz_TNT--6,total dram writes,512.0,512.0,total dram writes\s*=\s*(.*)
instance,llm_layer,layer,H100-SASS-Accelwattch_SASS_SIM,_ZN4vllm18act_and_mul_kernelIN3c108BFloat16E14__nv_bfloat162XadL_ZNS_11silu_kernelIS2_EET_RKS5_fEEXadL_ZNS_18packed_silu_kernelIS3_EES5_S7_fEELb1ELb1ELb0ELb0EEEvPS5_PS6_ifff--7,total dram writes,0.0,0.0,total dram writes\s*=\s*(.*)
instance,llm_layer,layer,H100-SASS-Accelwattch_SASS_SIM,nvjet_sm90_tst_64x8_64x16_4x1_v_bz_splitK_TNT--6,total dram writes,160.0,160.0,total dram writes\s*=\s*(.*)
instance,llm_layer,layer,H100-SASS-Accelwattch_SASS_SIM,_ZN8cublasLt19splitKreduce_kernelILi32ELi16Eif13__nv_bfloat16fS1_Lb0EfS1_S1_Lb1ELb0ELb0ELb0EEEvNS_18cublasSplitKParamsIT4_EEPKT2_PKT8_PT7_PT3_PKS3_SG_PKT9_S7_PSH_PvlPS3_PiSM_SM_SG_SG_SG_SG_SG_--7,total dram writes,0.0,0.0,total dram writes\s*=\s*(.*)
instance,llm_layer,layer,H100-SASS-Accelwattch_SASS_SIM,_ZN4vllm25fused_add_rms_norm_kernelIN3c108BFloat16ELi8ELb1EEENSt9enable_ifIXaagtT0_Li0Esr4vllm12_typeConvertIT_EE6existsEvE4typeEPS4_lS7_PKS4_fiil--0,kernel_launch_uid,1.0,1.0,kernel_launch_uid\s*=\s*(.*)
instance,llm_layer,layer,H100-SASS-Accelwattch_SASS_SIM,nvjet_sm90_tst_64x8_64x16_4x2_h_bz_bias_TNT--0,kernel_launch_uid,1.0,1.0,kernel_launch_uid\s*=\s*(.*)
instance,llm_layer,layer,H100-SASS-Accelwattch_SASS_SIM,_ZN4vllm23rotary_embedding_kernelIN3c108BFloat16ES2_Lb1EEEvPKlPT_S6_PKT0_illliiilb--0,kernel_launch_uid,1.0,1.0,kernel_launch_uid\s*=\s*(.*)
instance,llm_layer,layer,H100-SASS-Accelwattch_SASS_SIM,_ZN4vllm30reshape_and_cache_flash_kernelI13__nv_bfloat16S1_LNS_18Fp8KVCacheDataTypeE0EEEvPKT_S5_PT0_S7_PKlllllliiiPKfSB_i--0,kernel_launch_uid,1.0,1.0,kernel_launch_uid\s*=\s*(.*)
instance,llm_layer,layer,H100-SASS-Accelwattch_SASS_SIM,_ZN7cutlass13device_kernelIN5flash20enable_sm90_or_laterINS1_16FlashAttnFwdSm90INS1_25CollectiveMainloopFwdSm90ILi2EN4cute5tupleIJNS5_1CILi1EEES8_S8_EEENS6_IJNS7_ILi192EEENS7_ILi128EEENS7_ILi64EEEEEELi64ENS_10bfloat16_tEfNS_4arch4Sm90ELb1ELb0ELb0ELb1ELb1ELb0ELb0ELb1ELb1ELb1ELb0ELb0ESE_Li1EEENS1_21CollectiveEpilogueFwdINS6_IJSA_SC_SB_EEES9_SE_SG_Li384ELb1ELb1ELb0ELb0ELi1EEENS1_36VarlenDynamicPersistentTileSchedulerILi192ELi128ELi384ELi128ELb0ELb1ELb1ELb1ELb0ELb1EEEEEEEEEvNT_6ParamsE--0,kernel_launch_uid,1.0,1.0,kernel_launch_uid\s*=\s*(.*)
instance,llm_layer,layer,H100-SASS-Accelwattch_SASS_SIM,_ZN2at6native29vectorized_elementwise_kernelILi4ENS0_11FillFunctorIiEESt5arrayIPcLm1EEEEviT0_T1_--0,kernel_launch_uid,1.0,1.0,kernel_launch_uid\s*=\s*(.*)
instance,llm_layer,layer,H100-SASS-Accelwattch_SASS_SIM,nvjet_sm90_tst_64x8_64x16_4x2_h_bz_TNT--0,kernel_launch_uid,1.0,1.0,kernel_launch_uid\s*=\s*(.*)
instance,llm_layer,layer,H100-SASS-Accelwattch_SASS_SIM,_ZN4vllm25fused_add_rms_norm_kernelIN3c108BFloat16ELi8ELb1EEENSt9enable_ifIXaagtT0_Li0Esr4vllm12_typeConvertIT_EE6existsEvE4typeEPS4_lS7_PKS4_fiil--1,kernel_launch_uid,1.0,1.0,kernel_launch_uid\s*=\s*(.*)
instance,llm_layer,layer,H100-SASS-Accelwattch_SASS_SIM,nvjet_sm90_tst_128x16_64x11_4x1_v_bz_TNT--0,kernel_launch_uid,1.0,1.0,kernel_launch_uid\s*=\s*(.*)
instance,llm_layer,layer,H100-SASS-Accelwattch_SASS_SIM,_ZN4vllm18act_and_mul_kernelIN3c108BFloat16E14__nv_bfloat162XadL_ZNS_11silu_kernelIS2_EET_RKS5_fEEXadL_ZNS_18packed_silu_kernelIS3_EES5_S7_fEELb1ELb1ELb0ELb0EEEvPS5_PS6_ifff--0,kernel_launch_uid,1.0,1.0,kernel_launch_uid\s*=\s*(.*)
instance,llm_layer,layer,H100-SASS-Accelwattch_SASS_SIM,nvjet_sm90_tst_64x16_64x16_4x1_v_bz_splitK_TNT--0,kernel_launch_uid,1.0,1.0,kernel_launch_uid\s*=\s*(.*)
instance,llm_layer,layer,H100-SASS-Accelwattch_SASS_SIM,_ZN8cublasLt19splitKreduce_kernelILi32ELi16Eif13__nv_bfloat16fS1_Lb0EfS1_S1_Lb1ELb0ELb0ELb0EEEvNS_18cublasSplitKParamsIT4_EEPKT2_PKT8_PT7_PT3_PKS3_SG_PKT9_S7_PSH_PvlPS3_PiSM_SM_SG_SG_SG_SG_SG_--0,kernel_launch_uid,1.0,1.0,kernel_launch_uid\s*=\s*(.*)
instance,llm_layer,layer,H100-SASS-Accelwattch_SASS_SIM,_ZN4vllm25fused_add_rms_norm_kernelIN3c108BFloat16ELi8ELb1EEENSt9enable_ifIXaagtT0_Li0Esr4vllm12_typeConvertIT_EE6existsEvE4typeEPS4_lS7_PKS4_fiil--2,kernel_launch_uid,1.0,1.0,kernel_launch_uid\s*=\s*(.*)
instance,llm_layer,layer,H100-SASS-Accelwattch_SASS_SIM,nvjet_sm90_tst_64x8_64x16_4x1_v_bz_bias_TNT--0,kernel_launch_uid,1.0,1.0,kernel_launch_uid\s*=\s*(.*)
instance,llm_layer,layer,H100-SASS-Accelwattch_SASS_SIM,_ZN4vllm23rotary_embedding_kernelIN3c108BFloat16ES2_Lb1EEEvPKlPT_S6_PKT0_illliiilb--1,kernel_launch_uid,1.0,1.0,kernel_launch_uid\s*=\s*(.*)
instance,llm_layer,layer,H100-SASS-Accelwattch_SASS_SIM,_ZN4vllm30reshape_and_cache_flash_kernelI13__nv_bfloat16S1_LNS_18Fp8KVCacheDataTypeE0EEEvPKT_S5_PT0_S7_PKlllllliiiPKfSB_i--1,kernel_launch_uid,1.0,1.0,kernel_launch_uid\s*=\s*(.*)
instance,llm_layer,layer,H100-SASS-Accelwattch_SASS_SIM,_ZN7cutlass13device_kernelIN5flash20enable_sm90_or_laterINS1_16FlashAttnFwdSm90INS1_25CollectiveMainloopFwdSm90ILi2EN4cute5tupleIJNS5_1CILi1EEES8_S8_EEENS6_IJNS7_ILi64EEENS7_ILi192EEESA_EEELi64ENS_10bfloat16_tEfNS_4arch4Sm90ELb0ELb0ELb0ELb1ELb1ELb0ELb0ELb1ELb1ELb1ELb0ELb0ESD_Li1EEENS1_21CollectiveEpilogueFwdINS6_IJSA_SA_SB_EEES9_SD_SF_Li128ELb1ELb1ELb0ELb0ELi1EEENS1_36VarlenDynamicPersistentTileSchedulerILi64ELi192ELi128ELi128ELb0ELb1ELb1ELb0ELb0ELb1EEEEEEEEEvNT_6ParamsE--0,kernel_launch_uid,1.0,1.0,kernel_launch_uid\s*=\s*(.*)
instance,llm_layer,layer,H100-SASS-Accelwattch_SASS_SIM,_ZN2at6native29vectorized_elementwise_kernelILi4ENS0_11FillFunctorIiEESt5arrayIPcLm1EEEEviT0_T1_--1,kernel_launch_uid,1.0,1.0,kernel_launch_uid\s*=\s*(.*)
instance,llm_layer,layer,H100-SASS-Accelwattch_SASS_SIM,nvjet_sm90_tst_64x8_64x16_4x1_v_bz_TNT--0,kernel_launch_uid,1.0,1.0,kernel_launch_uid\s*=\s*(.*)
instance,llm_layer,layer,H100-SASS-Accelwattch_SASS_SIM,_ZN4vllm25fused_add_rms_norm_kernelIN3c108BFloat16ELi8ELb1EEENSt9enable_ifIXaagtT0_Li0Esr4vllm12_typeConvertIT_EE6existsEvE4typeEPS4_lS7_PKS4_fiil--3,kernel_launch_uid,1.0,1.0,kernel_launch_uid\s*=\s*(.*)
instance,llm_layer,layer,H100-SASS-Accelwattch_SASS_SIM,nvjet_sm90_tst_128x8_64x12_4x1_v_bz_TNT--0,kernel_launch_uid,1.0,1.0,kernel_launch_uid\s*=\s*(.*)
instance,llm_layer,layer,H100-SASS-Accelwattch_SASS_SIM,_ZN4vllm18act_and_mul_kernelIN3c108BFloat16E14__nv_bfloat162XadL_ZNS_11silu_kernelIS2_EET_RKS5_fEEXadL_ZNS_18packed_silu_kernelIS3_EES5_S7_fEELb1ELb1ELb0ELb0EEEvPS5_PS6_ifff--1,kernel_launch_uid,1.0,1.0,kernel_launch_uid\s*=\s*(.*)
instance,llm_layer,layer,H100-SASS-Accelwattch_SASS_SIM,nvjet_sm90_tst_64x8_64x16_4x1_v_bz_splitK_TNT--0,kernel_launch_uid,1.0,1.0,kernel_launch_uid\s*=\s*(.*)
instance,llm_layer,layer,H100-SASS-Accelwattch_SASS_SIM,_ZN8cublasLt19splitKreduce_kernelILi32ELi16Eif13__nv_bfloat16fS1_Lb0EfS1_S1_Lb1ELb0ELb0ELb0EEEvNS_18cublasSplitKParamsIT4_EEPKT2_PKT8_PT7_PT3_PKS3_SG_PKT9_S7_PSH_PvlPS3_PiSM_SM_SG_SG_SG_SG_SG_--1,kernel_launch_uid,1.0,1.0,kernel_launch_uid\s*=\s*(.*)
instance,llm_layer,layer,H100-SASS-Accelwattch_SASS_SIM,_ZN4vllm25fused_add_rms_norm_kernelIN3c108BFloat16ELi8ELb1EEENSt9enable_ifIXaagtT0_Li0Esr4vllm12_typeConvertIT_EE6existsEvE4typeEPS4_lS7_PKS4_fiil--4,kernel_launch_uid,1.0,1.0,kernel_launch_uid\s*=\s*(.*)
instance,llm_layer,layer,H100-SASS-Accelwattch_SASS_SIM,nvjet_sm90_tst_64x8_64x16_4x1_v_bz_bias_TNT--1,kernel_launch_uid,1.0,1.0,kernel_launch_uid\s*=\s*(.*)
instance,llm_layer,layer,H100-SASS-Accelwattch_SASS_SIM,_ZN4vllm23rotary_embedding_kernelIN3c108BFloat16ES2_Lb1EEEvPKlPT_S6_PKT0_illliiilb--2,kernel_launch_uid,1.0,1.0,kernel_launch_uid\s*=\s*(.*)
instance,llm_layer,layer,H100-SASS-Accelwattch_SASS_SIM,_ZN4vllm30reshape_and_cache_flash_kernelI13__nv_bfloat16S1_LNS_18Fp8KVCacheDataTypeE0EEEvPKT_S5_PT0_S7_PKlllllliiiPKfSB_i--2,kernel_launch_uid,1.0,1.0,kernel_launch_uid\s*=\s*(.*)
instance,llm_layer,layer,H100-SASS-Accelwattch_SASS_SIM,_ZN7cutlass13device_kernelIN5flash20enable_sm90_or_laterINS1_16FlashAttnFwdSm90INS1_25CollectiveMainloopFwdSm90ILi2EN4cute5tupleIJNS5_1CILi1EEES8_S8_EEENS6_IJNS7_ILi64EEENS7_ILi192EEESA_EEELi64ENS_10bfloat16_tEfNS_4arch4Sm90ELb0ELb0ELb0ELb1ELb1ELb0ELb0ELb1ELb1ELb1ELb0ELb0ESD_Li1EEENS1_21CollectiveEpilogueFwdINS6_IJSA_SA_SB_EEES9_SD_SF_Li128ELb1ELb1ELb0ELb0ELi1EEENS1_36VarlenDynamicPersistentTileSchedulerILi64ELi192ELi128ELi128ELb0ELb1ELb1ELb0ELb0ELb1EEEEEEEEEvNT_6ParamsE--1,kernel_launch_uid,1.0,1.0,kernel_launch_uid\s*=\s*(.*)
instance,llm_layer,layer,H100-SASS-Accelwattch_SASS_SIM,_ZN2at6native29vectorized_elementwise_kernelILi4ENS0_11FillFunctorIiEESt5arrayIPcLm1EEEEviT0_T1_--2,kernel_launch_uid,1.0,1.0,kernel_launch_uid\s*=\s*(.*)
instance,llm_layer,layer,H100-SASS-Accelwattch_SASS_SIM,nvjet_sm90_tst_64x8_64x16_4x1_v_bz_TNT--1,kernel_launch_uid,1.0,1.0,kernel_launch_uid\s*=\s*(.*)
instance,llm_layer,layer,H100-SASS-Accelwattch_SASS_SIM,_ZN4vllm25fused_add_rms_norm_kernelIN3c108BFloat16ELi8ELb1EEENSt9enable_ifIXaagtT0_Li0Esr4vllm12_typeConvertIT_EE6existsEvE4typeEPS4_lS7_PKS4_fiil--5,kernel_launch_uid,1.0,1.0,kernel_launch_uid\s*=\s*(.*)
instance,llm_layer,layer,H100-SASS-Accelwattch_SASS_SIM,nvjet_sm90_tst_128x8_64x12_4x1_v_bz_TNT--1,kernel_launch_uid,1.0,1.0,kernel_launch_uid\s*=\s*(.*)
instance,llm_layer,layer,H100-SASS-Accelwattch_SASS_SIM,_ZN4vllm18act_and_mul_kernelIN3c108BFloat16E14__nv_bfloat162XadL_ZNS_11silu_kernelIS2_EET_RKS5_fEEXadL_ZNS_18packed_silu_kernelIS3_EES5_S7_fEELb1ELb1ELb0ELb0EEEvPS5_PS6_ifff--2,kernel_launch_uid,1.0,1.0,kernel_launch_uid\s*=\s*(.*)
instance,llm_layer,layer,H100-SASS-Accelwattch_SASS_SIM,nvjet_sm90_tst_64x8_64x16_4x1_v_bz_splitK_TNT--1,kernel_launch_uid,1.0,1.0,kernel_launch_uid\s*=\s*(.*)
instance,llm_layer,layer,H100-SASS-Accelwattch_SASS_SIM,_ZN8cublasLt19splitKreduce_kernelILi32ELi16Eif13__nv_bfloat16fS1_Lb0EfS1_S1_Lb1ELb0ELb0ELb0EEEvNS_18cublasSplitKParamsIT4_EEPKT2_PKT8_PT7_PT3_PKS3_SG_PKT9_S7_PSH_PvlPS3_PiSM_SM_SG_SG_SG_SG_SG_--2,kernel_launch_uid,1.0,1.0,kernel_launch_uid\s*=\s*(.*)
instance,llm_layer,layer,H100-SASS-Accelwattch_SASS_SIM,_ZN4vllm25fused_add_rms_norm_kernelIN3c108BFloat16ELi8ELb1EEENSt9enable_ifIXaagtT0_Li0Esr4vllm12_typeConvertIT_EE6existsEvE4typeEPS4_lS7_PKS4_fiil--6,kernel_launch_uid,1.0,1.0,kernel_launch_uid\s*=\s*(.*)
instance,llm_layer,layer,H100-SASS-Accelwattch_SASS_SIM,nvjet_sm90_tst_64x8_64x16_4x1_v_bz_bias_TNT--2,kernel_launch_uid,1.0,1.0,kernel_launch_uid\s*=\s*(.*)
instance,llm_layer,layer,H100-SASS-Accelwattch_SASS_SIM,_ZN4vllm23rotary_embedding_kernelIN3c108BFloat16ES2_Lb1EEEvPKlPT_S6_PKT0_illliiilb--3,kernel_launch_uid,1.0,1.0,kernel_launch_uid\s*=\s*(.*)
instance,llm_layer,layer,H100-SASS-Accelwattch_SASS_SIM,_ZN4vllm30reshape_and_cache_flash_kernelI13__nv_bfloat16S1_LNS_18Fp8KVCacheDataTypeE0EEEvPKT_S5_PT0_S7_PKlllllliiiPKfSB_i--3,kernel_launch_uid,1.0,1.0,kernel_launch_uid\s*=\s*(.*)
instance,llm_layer,layer,H100-SASS-Accelwattch_SASS_SIM,_ZN7cutlass13device_kernelIN5flash20enable_sm90_or_laterINS1_16FlashAttnFwdSm90INS1_25CollectiveMainloopFwdSm90ILi2EN4cute5tupleIJNS5_1CILi1EEES8_S8_EEENS6_IJNS7_ILi64EEENS7_ILi192EEESA_EEELi64ENS_10bfloat16_tEfNS_4arch4Sm90ELb0ELb0ELb0ELb1ELb1ELb0ELb0ELb1ELb1ELb1ELb0ELb0ESD_Li1EEENS1_21CollectiveEpilogueFwdINS6_IJSA_SA_SB_EEES9_SD_SF_Li128ELb1ELb1ELb0ELb0ELi1EEENS1_36VarlenDynamicPersistentTileSchedulerILi64ELi192ELi128ELi128ELb0ELb1ELb1ELb0ELb0ELb1EEEEEEEEEvNT_6ParamsE--2,kernel_launch_uid,1.0,1.0,kernel_launch_uid\s*=\s*(.*)
instance,llm_layer,layer,H100-SASS-Accelwattch_SASS_SIM,_ZN2at6native29vectorized_elementwise_kernelILi4ENS0_11FillFunctorIiEESt5arrayIPcLm1EEEEviT0_T1_--3,kernel_launch_uid,1.0,1.0,kernel_launch_uid\s*=\s*(.*)
instance,llm_layer,layer,H100-SASS-Accelwattch_SASS_SIM,nvjet_sm90_tst_64x8_64x16_4x1_v_bz_TNT--2,kernel_launch_uid,1.0,1.0,kernel_launch_uid\s*=\s*(.*)
instance,llm_layer,layer,H100-SASS-Accelwattch_SASS_SIM,_ZN4vllm25fused_add_rms_norm_kernelIN3c108BFloat16ELi8ELb1EEENSt9enable_ifIXaagtT0_Li0Esr4vllm12_typeConvertIT_EE6existsEvE4typeEPS4_lS7_PKS4_fiil--7,kernel_launch_uid,1.0,1.0,kernel_launch_uid\s*=\s*(.*)
instance,llm_layer,layer,H100-SASS-Accelwattch_SASS_SIM,nvjet_sm90_tst_128x8_64x12_4x1_v_bz_TNT--2,kernel_launch_uid,1.0,1.0,kernel_launch_uid\s*=\s*(.*)
instance,llm_layer,layer,H100-SASS-Accelwattch_SASS_SIM,_ZN4vllm18act_and_mul_kernelIN3c108BFloat16E14__nv_bfloat162XadL_ZNS_11silu_kernelIS2_EET_RKS5_fEEXadL_ZNS_18packed_silu_kernelIS3_EES5_S7_fEELb1ELb1ELb0ELb0EEEvPS5_PS6_ifff--3,kernel_launch_uid,1.0,1.0,kernel_launch_uid\s*=\s*(.*)
instance,llm_layer,layer,H100-SASS-Accelwattch_SASS_SIM,nvjet_sm90_tst_64x8_64x16_4x1_v_bz_splitK_TNT--2,kernel_launch_uid,1.0,1.0,kernel_launch_uid\s*=\s*(.*)
instance,llm_layer,layer,H100-SASS-Accelwattch_SASS_SIM,_ZN8cublasLt19splitKreduce_kernelILi32ELi16Eif13__nv_bfloat16fS1_Lb0EfS1_S1_Lb1ELb0ELb0ELb0EEEvNS_18cublasSplitKParamsIT4_EEPKT2_PKT8_PT7_PT3_PKS3_SG_PKT9_S7_PSH_PvlPS3_PiSM_SM_SG_SG_SG_SG_SG_--3,kernel_launch_uid,1.0,1.0,kernel_launch_uid\s*=\s*(.*)
instance,llm_layer,layer,H100-SASS-Accelwattch_SASS_SIM,_ZN4vllm25fused_add_rms_norm_kernelIN3c108BFloat16ELi8ELb1EEENSt9enable_ifIXaagtT0_Li0Esr4vllm12_typeConvertIT_EE6existsEvE4typeEPS4_lS7_PKS4_fiil--8,kernel_launch_uid,1.0,1.0,kernel_launch_uid\s*=\s*(.*)
instance,llm_layer,layer,H100-SASS-Accelwattch_SASS_SIM,nvjet_sm90_tst_64x8_64x16_4x1_v_bz_bias_TNT--3,kernel_launch_uid,1.0,1.0,kernel_launch_uid\s*=\s*(.*)
instance,llm_layer,layer,H100-SASS-Accelwattch_SASS_SIM,_ZN4vllm23rotary_embedding_kernelIN3c108BFloat16ES2_Lb1EEEvPKlPT_S6_PKT0_illliiilb--4,kernel_launch_uid,1.0,1.0,kernel_launch_uid\s*=\s*(.*)
instance,llm_layer,layer,H100-SASS-Accelwattch_SASS_SIM,_ZN4vllm30reshape_and_cache_flash_kernelI13__nv_bfloat16S1_LNS_18Fp8KVCacheDataTypeE0EEEvPKT_S5_PT0_S7_PKlllllliiiPKfSB_i--4,kernel_launch_uid,1.0,1.0,kernel_launch_uid\s*=\s*(.*)
instance,llm_layer,layer,H100-SASS-Accelwattch_SASS_SIM,_ZN7cutlass13device_kernelIN5flash20enable_sm90_or_laterINS1_16FlashAttnFwdSm90INS1_25CollectiveMainloopFwdSm90ILi2EN4cute5tupleIJNS5_1CILi1EEES8_S8_EEENS6_IJNS7_ILi64EEENS7_ILi192EEESA_EEELi64ENS_10bfloat16_tEfNS_4arch4Sm90ELb0ELb0ELb0ELb1ELb1ELb0ELb0ELb1ELb1ELb1ELb0ELb0ESD_Li1EEENS1_21CollectiveEpilogueFwdINS6_IJSA_SA_SB_EEES9_SD_SF_Li128ELb1ELb1ELb0ELb0ELi1EEENS1_36VarlenDynamicPersistentTileSchedulerILi64ELi192ELi128ELi128ELb0ELb1ELb1ELb0ELb0ELb1EEEEEEEEEvNT_6ParamsE--3,kernel_launch_uid,1.0,1.0,kernel_launch_uid\s*=\s*(.*)
instance,llm_layer,layer,H100-SASS-Accelwattch_SASS_SIM,_ZN2at6native29vectorized_elementwise_kernelILi4ENS0_11FillFunctorIiEESt5arrayIPcLm1EEEEviT0_T1_--4,kernel_launch_uid,1.0,1.0,kernel_launch_uid\s*=\s*(.*)
instance,llm_layer,layer,H100-SASS-Accelwattch_SASS_SIM,nvjet_sm90_tst_64x8_64x16_4x1_v_bz_TNT--3,kernel_launch_uid,1.0,1.0,kernel_launch_uid\s*=\s*(.*)
instance,llm_layer,layer,H100-SASS-Accelwattch_SASS_SIM,_ZN4vllm25fused_add_rms_norm_kernelIN3c108BFloat16ELi8ELb1EEENSt9enable_ifIXaagtT0_Li0Esr4vllm12_typeConvertIT_EE6existsEvE4typeEPS4_lS7_PKS4_fiil--9,kernel_launch_uid,1.0,1.0,kernel_launch_uid\s*=\s*(.*)
instance,llm_layer,layer,H100-SASS-Accelwattch_SASS_SIM,nvjet_sm90_tst_128x8_64x12_4x1_v_bz_TNT--3,kernel_launch_uid,1.0,1.0,kernel_launch_uid\s*=\s*(.*)
instance,llm_layer,layer,H100-SASS-Accelwattch_SASS_SIM,_ZN4vllm18act_and_mul_kernelIN3c108BFloat16E14__nv_bfloat162XadL_ZNS_11silu_kernelIS2_EET_RKS5_fEEXadL_ZNS_18packed_silu_kernelIS3_EES5_S7_fEELb1ELb1ELb0ELb0EEEvPS5_PS6_ifff--4,kernel_launch_uid,1.0,1.0,kernel_launch_uid\s*=\s*(.*)
instance,llm_layer,layer,H100-SASS-Accelwattch_SASS_SIM,nvjet_sm90_tst_64x8_64x16_4x1_v_bz_splitK_TNT--3,kernel_launch_uid,1.0,1.0,kernel_launch_uid\s*=\s*(.*)
instance,llm_layer,layer,H100-SASS-Accelwattch_SASS_SIM,_ZN8cublasLt19splitKreduce_kernelILi32ELi16Eif13__nv_bfloat16fS1_Lb0EfS1_S1_Lb1ELb0ELb0ELb0EEEvNS_18cublasSplitKParamsIT4_EEPKT2_PKT8_PT7_PT3_PKS3_SG_PKT9_S7_PSH_PvlPS3_PiSM_SM_SG_SG_SG_SG_SG_--4,kernel_launch_uid,1.0,1.0,kernel_launch_uid\s*=\s*(.*)
instance,llm_layer,layer,H100-SASS-Accelwattch_SASS_SIM,_ZN4vllm25fused_add_rms_norm_kernelIN3c108BFloat16ELi8ELb1EEENSt9enable_ifIXaagtT0_Li0Esr4vllm12_typeConvertIT_EE6existsEvE4typeEPS4_lS7_PKS4_fiil--10,kernel_launch_uid,1.0,1.0,kernel_launch_uid\s*=\s*(.*)
instance,llm_layer,layer,H100-SASS-Accelwattch_SASS_SIM,nvjet_sm90_tst_64x8_64x16_4x1_v_bz_bias_TNT--4,kernel_launch_uid,1.0,1.0,kernel_launch_uid\s*=\s*(.*)
instance,llm_layer,layer,H100-SASS-Accelwattch_SASS_SIM,_ZN4vllm23rotary_embedding_kernelIN3c108BFloat16ES2_Lb1EEEvPKlPT_S6_PKT0_illliiilb--5,kernel_launch_uid,1.0,1.0,kernel_launch_uid\s*=\s*(.*)
instance,llm_layer,layer,H100-SASS-Accelwattch_SASS_SIM,_ZN4vllm30reshape_and_cache_flash_kernelI13__nv_bfloat16S1_LNS_18Fp8KVCacheDataTypeE0EEEvPKT_S5_PT0_S7_PKlllllliiiPKfSB_i--5,kernel_launch_uid,1.0,1.0,kernel_launch_uid\s*=\s*(.*)
instance,llm_layer,layer,H100-SASS-Accelwattch_SASS_SIM,_ZN7cutlass13device_kernelIN5flash20enable_sm90_or_laterINS1_16FlashAttnFwdSm90INS1_25CollectiveMainloopFwdSm90ILi2EN4cute5tupleIJNS5_1CILi1EEES8_S8_EEENS6_IJNS7_ILi64EEENS7_ILi192EEESA_EEELi64ENS_10bfloat16_tEfNS_4arch4Sm90ELb0ELb0ELb0ELb1ELb1ELb0ELb0ELb1ELb1ELb1ELb0ELb0ESD_Li1EEENS1_21CollectiveEpilogueFwdINS6_IJSA_SA_SB_EEES9_SD_SF_Li128ELb1ELb1ELb0ELb0ELi1EEENS1_36VarlenDynamicPersistentTileSchedulerILi64ELi192ELi128ELi128ELb0ELb1ELb1ELb0ELb0ELb1EEEEEEEEEvNT_6ParamsE--4,kernel_launch_uid,1.0,1.0,kernel_launch_uid\s*=\s*(.*)
instance,llm_layer,layer,H100-SASS-Accelwattch_SASS_SIM,_ZN2at6native29vectorized_elementwise_kernelILi4ENS0_11FillFunctorIiEESt5arrayIPcLm1EEEEviT0_T1_--5,kernel_launch_uid,1.0,1.0,kernel_launch_uid\s*=\s*(.*)
instance,llm_layer,layer,H100-SASS-Accelwattch_SASS_SIM,nvjet_sm90_tst_64x8_64x16_4x1_v_bz_TNT--4,kernel_launch_uid,1.0,1.0,kernel_launch_uid\s*=\s*(.*)
instance,llm_layer,layer,H100-SASS-Accelwattch_SASS_SIM,_ZN4vllm25fused_add_rms_norm_kernelIN3c108BFloat16ELi8ELb1EEENSt9enable_ifIXaagtT0_Li0Esr4vllm12_typeConvertIT_EE6existsEvE4typeEPS4_lS7_PKS4_fiil--11,kernel_launch_uid,1.0,1.0,kernel_launch_uid\s*=\s*(.*)
instance,llm_layer,layer,H100-SASS-Accelwattch_SASS_SIM,nvjet_sm90_tst_128x8_64x12_4x1_v_bz_TNT--4,kernel_launch_uid,1.0,1.0,kernel_launch_uid\s*=\s*(.*)
instance,llm_layer,layer,H100-SASS-Accelwattch_SASS_SIM,_ZN4vllm18act_and_mul_kernelIN3c108BFloat16E14__nv_bfloat162XadL_ZNS_11silu_kernelIS2_EET_RKS5_fEEXadL_ZNS_18packed_silu_kernelIS3_EES5_S7_fEELb1ELb1ELb0ELb0EEEvPS5_PS6_ifff--5,kernel_launch_uid,1.0,1.0,kernel_launch_uid\s*=\s*(.*)
instance,llm_layer,layer,H100-SASS-Accelwattch_SASS_SIM,nvjet_sm90_tst_64x8_64x16_4x1_v_bz_splitK_TNT--4,kernel_launch_uid,1.0,1.0,kernel_launch_uid\s*=\s*(.*)
instance,llm_layer,layer,H100-SASS-Accelwattch_SASS_SIM,_ZN8cublasLt19splitKreduce_kernelILi32ELi16Eif13__nv_bfloat16fS1_Lb0EfS1_S1_Lb1ELb0ELb0ELb0EEEvNS_18cublasSplitKParamsIT4_EEPKT2_PKT8_PT7_PT3_PKS3_SG_PKT9_S7_PSH_PvlPS3_PiSM_SM_SG_SG_SG_SG_SG_--5,kernel_launch_uid,1.0,1.0,kernel_launch_uid\s*=\s*(.*)
instance,llm_layer,layer,H100-SASS-Accelwattch_SASS_SIM,_ZN4vllm25fused_add_rms_norm_kernelIN3c108BFloat16ELi8ELb1EEENSt9enable_ifIXaagtT0_Li0Esr4vllm12_typeConvertIT_EE6existsEvE4typeEPS4_lS7_PKS4_fiil--12,kernel_launch_uid,1.0,1.0,kernel_launch_uid\s*=\s*(.*)
instance,llm_layer,layer,H100-SASS-Accelwattch_SASS_SIM,nvjet_sm90_tst_64x8_64x16_4x1_v_bz_bias_TNT--5,kernel_launch_uid,1.0,1.0,kernel_launch_uid\s*=\s*(.*)
instance,llm_layer,layer,H100-SASS-Accelwattch_SASS_SIM,_ZN4vllm23rotary_embedding_kernelIN3c108BFloat16ES2_Lb1EEEvPKlPT_S6_PKT0_illliiilb--6,kernel_launch_uid,1.0,1.0,kernel_launch_uid\s*=\s*(.*)
instance,llm_layer,layer,H100-SASS-Accelwattch_SASS_SIM,_ZN4vllm30reshape_and_cache_flash_kernelI13__nv_bfloat16S1_LNS_18Fp8KVCacheDataTypeE0EEEvPKT_S5_PT0_S7_PKlllllliiiPKfSB_i--6,kernel_launch_uid,1.0,1.0,kernel_launch_uid\s*=\s*(.*)
instance,llm_layer,layer,H100-SASS-Accelwattch_SASS_SIM,_ZN7cutlass13device_kernelIN5flash20enable_sm90_or_laterINS1_16FlashAttnFwdSm90INS1_25CollectiveMainloopFwdSm90ILi2EN4cute5tupleIJNS5_1CILi1EEES8_S8_EEENS6_IJNS7_ILi64EEENS7_ILi192EEESA_EEELi64ENS_10bfloat16_tEfNS_4arch4Sm90ELb0ELb0ELb0ELb1ELb1ELb0ELb0ELb1ELb1ELb1ELb0ELb0ESD_Li1EEENS1_21CollectiveEpilogueFwdINS6_IJSA_SA_SB_EEES9_SD_SF_Li128ELb1ELb1ELb0ELb0ELi1EEENS1_36VarlenDynamicPersistentTileSchedulerILi64ELi192ELi128ELi128ELb0ELb1ELb1ELb0ELb0ELb1EEEEEEEEEvNT_6ParamsE--5,kernel_launch_uid,1.0,1.0,kernel_launch_uid\s*=\s*(.*)
instance,llm_layer,layer,H100-SASS-Accelwattch_SASS_SIM,_ZN2at6native29vectorized_elementwise_kernelILi4ENS0_11FillFunctorIiEESt5arrayIPcLm1EEEEviT0_T1_--6,kernel_launch_uid,1.0,1.0,kernel_launch_uid\s*=\s*(.*)
instance,llm_layer,layer,H100-SASS-Accelwattch_SASS_SIM,nvjet_sm90_tst_64x8_64x16_4x1_v_bz_TNT--5,kernel_launch_uid,1.0,1.0,kernel_launch_uid\s*=\s*(.*)
instance,llm_layer,layer,H100-SASS-Accelwattch_SASS_SIM,_ZN4vllm25fused_add_rms_norm_kernelIN3c108BFloat16ELi8ELb1EEENSt9enable_ifIXaagtT0_Li0Esr4vllm12_typeConvertIT_EE6existsEvE4typeEPS4_lS7_PKS4_fiil--13,kernel_launch_uid,1.0,1.0,kernel_launch_uid\s*=\s*(.*)
instance,llm_layer,layer,H100-SASS-Accelwattch_SASS_SIM,nvjet_sm90_tst_128x8_64x12_4x1_v_bz_TNT--5,kernel_launch_uid,1.0,1.0,kernel_launch_uid\s*=\s*(.*)
instance,llm_layer,layer,H100-SASS-Accelwattch_SASS_SIM,_ZN4vllm18act_and_mul_kernelIN3c108BFloat16E14__nv_bfloat162XadL_ZNS_11silu_kernelIS2_EET_RKS5_fEEXadL_ZNS_18packed_silu_kernelIS3_EES5_S7_fEELb1ELb1ELb0ELb0EEEvPS5_PS6_ifff--6,kernel_launch_uid,1.0,1.0,kernel_launch_uid\s*=\s*(.*)
instance,llm_layer,layer,H100-SASS-Accelwattch_SASS_SIM,nvjet_sm90_tst_64x8_64x16_4x1_v_bz_splitK_TNT--5,kernel_launch_uid,1.0,1.0,kernel_launch_uid\s*=\s*(.*)
instance,llm_layer,layer,H100-SASS-Accelwattch_SASS_SIM,_ZN8cublasLt19splitKreduce_kernelILi32ELi16Eif13__nv_bfloat16fS1_Lb0EfS1_S1_Lb1ELb0ELb0ELb0EEEvNS_18cublasSplitKParamsIT4_EEPKT2_PKT8_PT7_PT3_PKS3_SG_PKT9_S7_PSH_PvlPS3_PiSM_SM_SG_SG_SG_SG_SG_--6,kernel_launch_uid,1.0,1.0,kernel_launch_uid\s*=\s*(.*)
instance,llm_layer,layer,H100-SASS-Accelwattch_SASS_SIM,_ZN4vllm25fused_add_rms_norm_kernelIN3c108BFloat16ELi8ELb1EEENSt9enable_ifIXaagtT0_Li0Esr4vllm12_typeConvertIT_EE6existsEvE4typeEPS4_lS7_PKS4_fiil--14,kernel_launch_uid,1.0,1.0,kernel_launch_uid\s*=\s*(.*)
instance,llm_layer,layer,H100-SASS-Accelwattch_SASS_SIM,nvjet_sm90_tst_64x8_64x16_4x1_v_bz_bias_TNT--6,kernel_launch_uid,1.0,1.0,kernel_launch_uid\s*=\s*(.*)
instance,llm_layer,layer,H100-SASS-Accelwattch_SASS_SIM,_ZN4vllm23rotary_embedding_kernelIN3c108BFloat16ES2_Lb1EEEvPKlPT_S6_PKT0_illliiilb--7,kernel_launch_uid,1.0,1.0,kernel_launch_uid\s*=\s*(.*)
instance,llm_layer,layer,H100-SASS-Accelwattch_SASS_SIM,_ZN4vllm30reshape_and_cache_flash_kernelI13__nv_bfloat16S1_LNS_18Fp8KVCacheDataTypeE0EEEvPKT_S5_PT0_S7_PKlllllliiiPKfSB_i--7,kernel_launch_uid,1.0,1.0,kernel_launch_uid\s*=\s*(.*)
instance,llm_layer,layer,H100-SASS-Accelwattch_SASS_SIM,_ZN7cutlass13device_kernelIN5flash20enable_sm90_or_laterINS1_16FlashAttnFwdSm90INS1_25CollectiveMainloopFwdSm90ILi2EN4cute5tupleIJNS5_1CILi1EEES8_S8_EEENS6_IJNS7_ILi64EEENS7_ILi192EEESA_EEELi64ENS_10bfloat16_tEfNS_4arch4Sm90ELb0ELb0ELb0ELb1ELb1ELb0ELb0ELb1ELb1ELb1ELb0ELb0ESD_Li1EEENS1_21CollectiveEpilogueFwdINS6_IJSA_SA_SB_EEES9_SD_SF_Li128ELb1ELb1ELb0ELb0ELi1EEENS1_36VarlenDynamicPersistentTileSchedulerILi64ELi192ELi128ELi128ELb0ELb1ELb1ELb0ELb0ELb1EEEEEEEEEvNT_6ParamsE--6,kernel_launch_uid,1.0,1.0,kernel_launch_uid\s*=\s*(.*)
instance,llm_layer,layer,H100-SASS-Accelwattch_SASS_SIM,_ZN2at6native29vectorized_elementwise_kernelILi4ENS0_11FillFunctorIiEESt5arrayIPcLm1EEEEviT0_T1_--7,kernel_launch_uid,1.0,1.0,kernel_launch_uid\s*=\s*(.*)
instance,llm_layer,layer,H100-SASS-Accelwattch_SASS_SIM,nvjet_sm90_tst_64x8_64x16_4x1_v_bz_TNT--6,kernel_launch_uid,1.0,1.0,kernel_launch_uid\s*=\s*(.*)
instance,llm_layer,layer,H100-SASS-Accelwattch_SASS_SIM,_ZN4vllm25fused_add_rms_norm_kernelIN3c108BFloat16ELi8ELb1EEENSt9enable_ifIXaagtT0_Li0Esr4vllm12_typeConvertIT_EE6existsEvE4typeEPS4_lS7_PKS4_fiil--15,kernel_launch_uid,1.0,1.0,kernel_launch_uid\s*=\s*(.*)
instance,llm_layer,layer,H100-SASS-Accelwattch_SASS_SIM,nvjet_sm90_tst_128x8_64x12_4x1_v_bz_TNT--6,kernel_launch_uid,1.0,1.0,kernel_launch_uid\s*=\s*(.*)
instance,llm_layer,layer,H100-SASS-Accelwattch_SASS_SIM,_ZN4vllm18act_and_mul_kernelIN3c108BFloat16E14__nv_bfloat162XadL_ZNS_11silu_kernelIS2_EET_RKS5_fEEXadL_ZNS_18packed_silu_kernelIS3_EES5_S7_fEELb1ELb1ELb0ELb0EEEvPS5_PS6_ifff--7,kernel_launch_uid,1.0,1.0,kernel_launch_uid\s*=\s*(.*)
instance,llm_layer,layer,H100-SASS-Accelwattch_SASS_SIM,nvjet_sm90_tst_64x8_64x16_4x1_v_bz_splitK_TNT--6,kernel_launch_uid,1.0,1.0,kernel_launch_uid\s*=\s*(.*)
instance,llm_layer,layer,H100-SASS-Accelwattch_SASS_SIM,_ZN8cublasLt19splitKreduce_kernelILi32ELi16Eif13__nv_bfloat16fS1_Lb0EfS1_S1_Lb1ELb0ELb0ELb0EEEvNS_18cublasSplitKParamsIT4_EEPKT2_PKT8_PT7_PT3_PKS3_SG_PKT9_S7_PSH_PvlPS3_PiSM_SM_SG_SG_SG_SG_SG_--7,kernel_launch_uid,1.0,1.0,kernel_launch_uid\s*=\s*(.*)
instance,llm_layer,layer,H100-SASS-Accelwattch_SASS_SIM,_ZN4vllm25fused_add_rms_norm_kernelIN3c108BFloat16ELi8ELb1EEENSt9enable_ifIXaagtT0_Li0Esr4vllm12_typeConvertIT_EE6existsEvE4typeEPS4_lS7_PKS4_fiil--0,gpgpu_n_shmem_bkconflict,0.0,0.0,gpgpu_n_shmem_bkconflict\s*=\s*(.*)
instance,llm_layer,layer,H100-SASS-Accelwattch_SASS_SIM,nvjet_sm90_tst_64x8_64x16_4x2_h_bz_bias_TNT--0,gpgpu_n_shmem_bkconflict,0.0,0.0,gpgpu_n_shmem_bkconflict\s*=\s*(.*)
instance,llm_layer,layer,H100-SASS-Accelwattch_SASS_SIM,_ZN4vllm23rotary_embedding_kernelIN3c108BFloat16ES2_Lb1EEEvPKlPT_S6_PKT0_illliiilb--0,gpgpu_n_shmem_bkconflict,0.0,0.0,gpgpu_n_shmem_bkconflict\s*=\s*(.*)
instance,llm_layer,layer,H100-SASS-Accelwattch_SASS_SIM,_ZN4vllm30reshape_and_cache_flash_kernelI13__nv_bfloat16S1_LNS_18Fp8KVCacheDataTypeE0EEEvPKT_S5_PT0_S7_PKlllllliiiPKfSB_i--0,gpgpu_n_shmem_bkconflict,0.0,0.0,gpgpu_n_shmem_bkconflict\s*=\s*(.*)
instance,llm_layer,layer,H100-SASS-Accelwattch_SASS_SIM,_ZN7cutlass13device_kernelIN5flash20enable_sm90_or_laterINS1_16FlashAttnFwdSm90INS1_25CollectiveMainloopFwdSm90ILi2EN4cute5tupleIJNS5_1CILi1EEES8_S8_EEENS6_IJNS7_ILi192EEENS7_ILi128EEENS7_ILi64EEEEEELi64ENS_10bfloat16_tEfNS_4arch4Sm90ELb1ELb0ELb0ELb1ELb1ELb0ELb0ELb1ELb1ELb1ELb0ELb0ESE_Li1EEENS1_21CollectiveEpilogueFwdINS6_IJSA_SC_SB_EEES9_SE_SG_Li384ELb1ELb1ELb0ELb0ELi1EEENS1_36VarlenDynamicPersistentTileSchedulerILi192ELi128ELi384ELi128ELb0ELb1ELb1ELb1ELb0ELb1EEEEEEEEEvNT_6ParamsE--0,gpgpu_n_shmem_bkconflict,0.0,0.0,gpgpu_n_shmem_bkconflict\s*=\s*(.*)
instance,llm_layer,layer,H100-SASS-Accelwattch_SASS_SIM,_ZN2at6native29vectorized_elementwise_kernelILi4ENS0_11FillFunctorIiEESt5arrayIPcLm1EEEEviT0_T1_--0,gpgpu_n_shmem_bkconflict,0.0,0.0,gpgpu_n_shmem_bkconflict\s*=\s*(.*)
instance,llm_layer,layer,H100-SASS-Accelwattch_SASS_SIM,nvjet_sm90_tst_64x8_64x16_4x2_h_bz_TNT--0,gpgpu_n_shmem_bkconflict,0.0,0.0,gpgpu_n_shmem_bkconflict\s*=\s*(.*)
instance,llm_layer,layer,H100-SASS-Accelwattch_SASS_SIM,_ZN4vllm25fused_add_rms_norm_kernelIN3c108BFloat16ELi8ELb1EEENSt9enable_ifIXaagtT0_Li0Esr4vllm12_typeConvertIT_EE6existsEvE4typeEPS4_lS7_PKS4_fiil--1,gpgpu_n_shmem_bkconflict,0.0,0.0,gpgpu_n_shmem_bkconflict\s*=\s*(.*)
instance,llm_layer,layer,H100-SASS-Accelwattch_SASS_SIM,nvjet_sm90_tst_128x16_64x11_4x1_v_bz_TNT--0,gpgpu_n_shmem_bkconflict,0.0,0.0,gpgpu_n_shmem_bkconflict\s*=\s*(.*)
instance,llm_layer,layer,H100-SASS-Accelwattch_SASS_SIM,_ZN4vllm18act_and_mul_kernelIN3c108BFloat16E14__nv_bfloat162XadL_ZNS_11silu_kernelIS2_EET_RKS5_fEEXadL_ZNS_18packed_silu_kernelIS3_EES5_S7_fEELb1ELb1ELb0ELb0EEEvPS5_PS6_ifff--0,gpgpu_n_shmem_bkconflict,0.0,0.0,gpgpu_n_shmem_bkconflict\s*=\s*(.*)
instance,llm_layer,layer,H100-SASS-Accelwattch_SASS_SIM,nvjet_sm90_tst_64x16_64x16_4x1_v_bz_splitK_TNT--0,gpgpu_n_shmem_bkconflict,0.0,0.0,gpgpu_n_shmem_bkconflict\s*=\s*(.*)
instance,llm_layer,layer,H100-SASS-Accelwattch_SASS_SIM,_ZN8cublasLt19splitKreduce_kernelILi32ELi16Eif13__nv_bfloat16fS1_Lb0EfS1_S1_Lb1ELb0ELb0ELb0EEEvNS_18cublasSplitKParamsIT4_EEPKT2_PKT8_PT7_PT3_PKS3_SG_PKT9_S7_PSH_PvlPS3_PiSM_SM_SG_SG_SG_SG_SG_--0,gpgpu_n_shmem_bkconflict,0.0,0.0,gpgpu_n_shmem_bkconflict\s*=\s*(.*)
instance,llm_layer,layer,H100-SASS-Accelwattch_SASS_SIM,_ZN4vllm25fused_add_rms_norm_kernelIN3c108BFloat16ELi8ELb1EEENSt9enable_ifIXaagtT0_Li0Esr4vllm12_typeConvertIT_EE6existsEvE4typeEPS4_lS7_PKS4_fiil--2,gpgpu_n_shmem_bkconflict,0.0,0.0,gpgpu_n_shmem_bkconflict\s*=\s*(.*)
instance,llm_layer,layer,H100-SASS-Accelwattch_SASS_SIM,nvjet_sm90_tst_64x8_64x16_4x1_v_bz_bias_TNT--0,gpgpu_n_shmem_bkconflict,0.0,0.0,gpgpu_n_shmem_bkconflict\s*=\s*(.*)
instance,llm_layer,layer,H100-SASS-Accelwattch_SASS_SIM,_ZN4vllm23rotary_embedding_kernelIN3c108BFloat16ES2_Lb1EEEvPKlPT_S6_PKT0_illliiilb--1,gpgpu_n_shmem_bkconflict,0.0,0.0,gpgpu_n_shmem_bkconflict\s*=\s*(.*)
instance,llm_layer,layer,H100-SASS-Accelwattch_SASS_SIM,_ZN4vllm30reshape_and_cache_flash_kernelI13__nv_bfloat16S1_LNS_18Fp8KVCacheDataTypeE0EEEvPKT_S5_PT0_S7_PKlllllliiiPKfSB_i--1,gpgpu_n_shmem_bkconflict,0.0,0.0,gpgpu_n_shmem_bkconflict\s*=\s*(.*)
instance,llm_layer,layer,H100-SASS-Accelwattch_SASS_SIM,_ZN7cutlass13device_kernelIN5flash20enable_sm90_or_laterINS1_16FlashAttnFwdSm90INS1_25CollectiveMainloopFwdSm90ILi2EN4cute5tupleIJNS5_1CILi1EEES8_S8_EEENS6_IJNS7_ILi64EEENS7_ILi192EEESA_EEELi64ENS_10bfloat16_tEfNS_4arch4Sm90ELb0ELb0ELb0ELb1ELb1ELb0ELb0ELb1ELb1ELb1ELb0ELb0ESD_Li1EEENS1_21CollectiveEpilogueFwdINS6_IJSA_SA_SB_EEES9_SD_SF_Li128ELb1ELb1ELb0ELb0ELi1EEENS1_36VarlenDynamicPersistentTileSchedulerILi64ELi192ELi128ELi128ELb0ELb1ELb1ELb0ELb0ELb1EEEEEEEEEvNT_6ParamsE--0,gpgpu_n_shmem_bkconflict,0.0,0.0,gpgpu_n_shmem_bkconflict\s*=\s*(.*)
instance,llm_layer,layer,H100-SASS-Accelwattch_SASS_SIM,_ZN2at6native29vectorized_elementwise_kernelILi4ENS0_11FillFunctorIiEESt5arrayIPcLm1EEEEviT0_T1_--1,gpgpu_n_shmem_bkconflict,0.0,0.0,gpgpu_n_shmem_bkconflict\s*=\s*(.*)
instance,llm_layer,layer,H100-SASS-Accelwattch_SASS_SIM,nvjet_sm90_tst_64x8_64x16_4x1_v_bz_TNT--0,gpgpu_n_shmem_bkconflict,0.0,0.0,gpgpu_n_shmem_bkconflict\s*=\s*(.*)
instance,llm_layer,layer,H100-SASS-Accelwattch_SASS_SIM,_ZN4vllm25fused_add_rms_norm_kernelIN3c108BFloat16ELi8ELb1EEENSt9enable_ifIXaagtT0_Li0Esr4vllm12_typeConvertIT_EE6existsEvE4typeEPS4_lS7_PKS4_fiil--3,gpgpu_n_shmem_bkconflict,0.0,0.0,gpgpu_n_shmem_bkconflict\s*=\s*(.*)
instance,llm_layer,layer,H100-SASS-Accelwattch_SASS_SIM,nvjet_sm90_tst_128x8_64x12_4x1_v_bz_TNT--0,gpgpu_n_shmem_bkconflict,0.0,0.0,gpgpu_n_shmem_bkconflict\s*=\s*(.*)
instance,llm_layer,layer,H100-SASS-Accelwattch_SASS_SIM,_ZN4vllm18act_and_mul_kernelIN3c108BFloat16E14__nv_bfloat162XadL_ZNS_11silu_kernelIS2_EET_RKS5_fEEXadL_ZNS_18packed_silu_kernelIS3_EES5_S7_fEELb1ELb1ELb0ELb0EEEvPS5_PS6_ifff--1,gpgpu_n_shmem_bkconflict,0.0,0.0,gpgpu_n_shmem_bkconflict\s*=\s*(.*)
instance,llm_layer,layer,H100-SASS-Accelwattch_SASS_SIM,nvjet_sm90_tst_64x8_64x16_4x1_v_bz_splitK_TNT--0,gpgpu_n_shmem_bkconflict,0.0,0.0,gpgpu_n_shmem_bkconflict\s*=\s*(.*)
instance,llm_layer,layer,H100-SASS-Accelwattch_SASS_SIM,_ZN8cublasLt19splitKreduce_kernelILi32ELi16Eif13__nv_bfloat16fS1_Lb0EfS1_S1_Lb1ELb0ELb0ELb0EEEvNS_18cublasSplitKParamsIT4_EEPKT2_PKT8_PT7_PT3_PKS3_SG_PKT9_S7_PSH_PvlPS3_PiSM_SM_SG_SG_SG_SG_SG_--1,gpgpu_n_shmem_bkconflict,0.0,0.0,gpgpu_n_shmem_bkconflict\s*=\s*(.*)
instance,llm_layer,layer,H100-SASS-Accelwattch_SASS_SIM,_ZN4vllm25fused_add_rms_norm_kernelIN3c108BFloat16ELi8ELb1EEENSt9enable_ifIXaagtT0_Li0Esr4vllm12_typeConvertIT_EE6existsEvE4typeEPS4_lS7_PKS4_fiil--4,gpgpu_n_shmem_bkconflict,0.0,0.0,gpgpu_n_shmem_bkconflict\s*=\s*(.*)
instance,llm_layer,layer,H100-SASS-Accelwattch_SASS_SIM,nvjet_sm90_tst_64x8_64x16_4x1_v_bz_bias_TNT--1,gpgpu_n_shmem_bkconflict,0.0,0.0,gpgpu_n_shmem_bkconflict\s*=\s*(.*)
instance,llm_layer,layer,H100-SASS-Accelwattch_SASS_SIM,_ZN4vllm23rotary_embedding_kernelIN3c108BFloat16ES2_Lb1EEEvPKlPT_S6_PKT0_illliiilb--2,gpgpu_n_shmem_bkconflict,0.0,0.0,gpgpu_n_shmem_bkconflict\s*=\s*(.*)
instance,llm_layer,layer,H100-SASS-Accelwattch_SASS_SIM,_ZN4vllm30reshape_and_cache_flash_kernelI13__nv_bfloat16S1_LNS_18Fp8KVCacheDataTypeE0EEEvPKT_S5_PT0_S7_PKlllllliiiPKfSB_i--2,gpgpu_n_shmem_bkconflict,0.0,0.0,gpgpu_n_shmem_bkconflict\s*=\s*(.*)
instance,llm_layer,layer,H100-SASS-Accelwattch_SASS_SIM,_ZN7cutlass13device_kernelIN5flash20enable_sm90_or_laterINS1_16FlashAttnFwdSm90INS1_25CollectiveMainloopFwdSm90ILi2EN4cute5tupleIJNS5_1CILi1EEES8_S8_EEENS6_IJNS7_ILi64EEENS7_ILi192EEESA_EEELi64ENS_10bfloat16_tEfNS_4arch4Sm90ELb0ELb0ELb0ELb1ELb1ELb0ELb0ELb1ELb1ELb1ELb0ELb0ESD_Li1EEENS1_21CollectiveEpilogueFwdINS6_IJSA_SA_SB_EEES9_SD_SF_Li128ELb1ELb1ELb0ELb0ELi1EEENS1_36VarlenDynamicPersistentTileSchedulerILi64ELi192ELi128ELi128ELb0ELb1ELb1ELb0ELb0ELb1EEEEEEEEEvNT_6ParamsE--1,gpgpu_n_shmem_bkconflict,0.0,0.0,gpgpu_n_shmem_bkconflict\s*=\s*(.*)
instance,llm_layer,layer,H100-SASS-Accelwattch_SASS_SIM,_ZN2at6native29vectorized_elementwise_kernelILi4ENS0_11FillFunctorIiEESt5arrayIPcLm1EEEEviT0_T1_--2,gpgpu_n_shmem_bkconflict,0.0,0.0,gpgpu_n_shmem_bkconflict\s*=\s*(.*)
instance,llm_layer,layer,H100-SASS-Accelwattch_SASS_SIM,nvjet_sm90_tst_64x8_64x16_4x1_v_bz_TNT--1,gpgpu_n_shmem_bkconflict,0.0,0.0,gpgpu_n_shmem_bkconflict\s*=\s*(.*)
instance,llm_layer,layer,H100-SASS-Accelwattch_SASS_SIM,_ZN4vllm25fused_add_rms_norm_kernelIN3c108BFloat16ELi8ELb1EEENSt9enable_ifIXaagtT0_Li0Esr4vllm12_typeConvertIT_EE6existsEvE4typeEPS4_lS7_PKS4_fiil--5,gpgpu_n_shmem_bkconflict,0.0,0.0,gpgpu_n_shmem_bkconflict\s*=\s*(.*)
instance,llm_layer,layer,H100-SASS-Accelwattch_SASS_SIM,nvjet_sm90_tst_128x8_64x12_4x1_v_bz_TNT--1,gpgpu_n_shmem_bkconflict,0.0,0.0,gpgpu_n_shmem_bkconflict\s*=\s*(.*)
instance,llm_layer,layer,H100-SASS-Accelwattch_SASS_SIM,_ZN4vllm18act_and_mul_kernelIN3c108BFloat16E14__nv_bfloat162XadL_ZNS_11silu_kernelIS2_EET_RKS5_fEEXadL_ZNS_18packed_silu_kernelIS3_EES5_S7_fEELb1ELb1ELb0ELb0EEEvPS5_PS6_ifff--2,gpgpu_n_shmem_bkconflict,0.0,0.0,gpgpu_n_shmem_bkconflict\s*=\s*(.*)
instance,llm_layer,layer,H100-SASS-Accelwattch_SASS_SIM,nvjet_sm90_tst_64x8_64x16_4x1_v_bz_splitK_TNT--1,gpgpu_n_shmem_bkconflict,0.0,0.0,gpgpu_n_shmem_bkconflict\s*=\s*(.*)
instance,llm_layer,layer,H100-SASS-Accelwattch_SASS_SIM,_ZN8cublasLt19splitKreduce_kernelILi32ELi16Eif13__nv_bfloat16fS1_Lb0EfS1_S1_Lb1ELb0ELb0ELb0EEEvNS_18cublasSplitKParamsIT4_EEPKT2_PKT8_PT7_PT3_PKS3_SG_PKT9_S7_PSH_PvlPS3_PiSM_SM_SG_SG_SG_SG_SG_--2,gpgpu_n_shmem_bkconflict,0.0,0.0,gpgpu_n_shmem_bkconflict\s*=\s*(.*)
instance,llm_layer,layer,H100-SASS-Accelwattch_SASS_SIM,_ZN4vllm25fused_add_rms_norm_kernelIN3c108BFloat16ELi8ELb1EEENSt9enable_ifIXaagtT0_Li0Esr4vllm12_typeConvertIT_EE6existsEvE4typeEPS4_lS7_PKS4_fiil--6,gpgpu_n_shmem_bkconflict,0.0,0.0,gpgpu_n_shmem_bkconflict\s*=\s*(.*)
instance,llm_layer,layer,H100-SASS-Accelwattch_SASS_SIM,nvjet_sm90_tst_64x8_64x16_4x1_v_bz_bias_TNT--2,gpgpu_n_shmem_bkconflict,0.0,0.0,gpgpu_n_shmem_bkconflict\s*=\s*(.*)
instance,llm_layer,layer,H100-SASS-Accelwattch_SASS_SIM,_ZN4vllm23rotary_embedding_kernelIN3c108BFloat16ES2_Lb1EEEvPKlPT_S6_PKT0_illliiilb--3,gpgpu_n_shmem_bkconflict,0.0,0.0,gpgpu_n_shmem_bkconflict\s*=\s*(.*)
instance,llm_layer,layer,H100-SASS-Accelwattch_SASS_SIM,_ZN4vllm30reshape_and_cache_flash_kernelI13__nv_bfloat16S1_LNS_18Fp8KVCacheDataTypeE0EEEvPKT_S5_PT0_S7_PKlllllliiiPKfSB_i--3,gpgpu_n_shmem_bkconflict,0.0,0.0,gpgpu_n_shmem_bkconflict\s*=\s*(.*)
instance,llm_layer,layer,H100-SASS-Accelwattch_SASS_SIM,_ZN7cutlass13device_kernelIN5flash20enable_sm90_or_laterINS1_16FlashAttnFwdSm90INS1_25CollectiveMainloopFwdSm90ILi2EN4cute5tupleIJNS5_1CILi1EEES8_S8_EEENS6_IJNS7_ILi64EEENS7_ILi192EEESA_EEELi64ENS_10bfloat16_tEfNS_4arch4Sm90ELb0ELb0ELb0ELb1ELb1ELb0ELb0ELb1ELb1ELb1ELb0ELb0ESD_Li1EEENS1_21CollectiveEpilogueFwdINS6_IJSA_SA_SB_EEES9_SD_SF_Li128ELb1ELb1ELb0ELb0ELi1EEENS1_36VarlenDynamicPersistentTileSchedulerILi64ELi192ELi128ELi128ELb0ELb1ELb1ELb0ELb0ELb1EEEEEEEEEvNT_6ParamsE--2,gpgpu_n_shmem_bkconflict,0.0,0.0,gpgpu_n_shmem_bkconflict\s*=\s*(.*)
instance,llm_layer,layer,H100-SASS-Accelwattch_SASS_SIM,_ZN2at6native29vectorized_elementwise_kernelILi4ENS0_11FillFunctorIiEESt5arrayIPcLm1EEEEviT0_T1_--3,gpgpu_n_shmem_bkconflict,0.0,0.0,gpgpu_n_shmem_bkconflict\s*=\s*(.*)
instance,llm_layer,layer,H100-SASS-Accelwattch_SASS_SIM,nvjet_sm90_tst_64x8_64x16_4x1_v_bz_TNT--2,gpgpu_n_shmem_bkconflict,0.0,0.0,gpgpu_n_shmem_bkconflict\s*=\s*(.*)
instance,llm_layer,layer,H100-SASS-Accelwattch_SASS_SIM,_ZN4vllm25fused_add_rms_norm_kernelIN3c108BFloat16ELi8ELb1EEENSt9enable_ifIXaagtT0_Li0Esr4vllm12_typeConvertIT_EE6existsEvE4typeEPS4_lS7_PKS4_fiil--7,gpgpu_n_shmem_bkconflict,0.0,0.0,gpgpu_n_shmem_bkconflict\s*=\s*(.*)
instance,llm_layer,layer,H100-SASS-Accelwattch_SASS_SIM,nvjet_sm90_tst_128x8_64x12_4x1_v_bz_TNT--2,gpgpu_n_shmem_bkconflict,0.0,0.0,gpgpu_n_shmem_bkconflict\s*=\s*(.*)
instance,llm_layer,layer,H100-SASS-Accelwattch_SASS_SIM,_ZN4vllm18act_and_mul_kernelIN3c108BFloat16E14__nv_bfloat162XadL_ZNS_11silu_kernelIS2_EET_RKS5_fEEXadL_ZNS_18packed_silu_kernelIS3_EES5_S7_fEELb1ELb1ELb0ELb0EEEvPS5_PS6_ifff--3,gpgpu_n_shmem_bkconflict,0.0,0.0,gpgpu_n_shmem_bkconflict\s*=\s*(.*)
instance,llm_layer,layer,H100-SASS-Accelwattch_SASS_SIM,nvjet_sm90_tst_64x8_64x16_4x1_v_bz_splitK_TNT--2,gpgpu_n_shmem_bkconflict,0.0,0.0,gpgpu_n_shmem_bkconflict\s*=\s*(.*)
instance,llm_layer,layer,H100-SASS-Accelwattch_SASS_SIM,_ZN8cublasLt19splitKreduce_kernelILi32ELi16Eif13__nv_bfloat16fS1_Lb0EfS1_S1_Lb1ELb0ELb0ELb0EEEvNS_18cublasSplitKParamsIT4_EEPKT2_PKT8_PT7_PT3_PKS3_SG_PKT9_S7_PSH_PvlPS3_PiSM_SM_SG_SG_SG_SG_SG_--3,gpgpu_n_shmem_bkconflict,0.0,0.0,gpgpu_n_shmem_bkconflict\s*=\s*(.*)
instance,llm_layer,layer,H100-SASS-Accelwattch_SASS_SIM,_ZN4vllm25fused_add_rms_norm_kernelIN3c108BFloat16ELi8ELb1EEENSt9enable_ifIXaagtT0_Li0Esr4vllm12_typeConvertIT_EE6existsEvE4typeEPS4_lS7_PKS4_fiil--8,gpgpu_n_shmem_bkconflict,0.0,0.0,gpgpu_n_shmem_bkconflict\s*=\s*(.*)
instance,llm_layer,layer,H100-SASS-Accelwattch_SASS_SIM,nvjet_sm90_tst_64x8_64x16_4x1_v_bz_bias_TNT--3,gpgpu_n_shmem_bkconflict,0.0,0.0,gpgpu_n_shmem_bkconflict\s*=\s*(.*)
instance,llm_layer,layer,H100-SASS-Accelwattch_SASS_SIM,_ZN4vllm23rotary_embedding_kernelIN3c108BFloat16ES2_Lb1EEEvPKlPT_S6_PKT0_illliiilb--4,gpgpu_n_shmem_bkconflict,0.0,0.0,gpgpu_n_shmem_bkconflict\s*=\s*(.*)
instance,llm_layer,layer,H100-SASS-Accelwattch_SASS_SIM,_ZN4vllm30reshape_and_cache_flash_kernelI13__nv_bfloat16S1_LNS_18Fp8KVCacheDataTypeE0EEEvPKT_S5_PT0_S7_PKlllllliiiPKfSB_i--4,gpgpu_n_shmem_bkconflict,0.0,0.0,gpgpu_n_shmem_bkconflict\s*=\s*(.*)
instance,llm_layer,layer,H100-SASS-Accelwattch_SASS_SIM,_ZN7cutlass13device_kernelIN5flash20enable_sm90_or_laterINS1_16FlashAttnFwdSm90INS1_25CollectiveMainloopFwdSm90ILi2EN4cute5tupleIJNS5_1CILi1EEES8_S8_EEENS6_IJNS7_ILi64EEENS7_ILi192EEESA_EEELi64ENS_10bfloat16_tEfNS_4arch4Sm90ELb0ELb0ELb0ELb1ELb1ELb0ELb0ELb1ELb1ELb1ELb0ELb0ESD_Li1EEENS1_21CollectiveEpilogueFwdINS6_IJSA_SA_SB_EEES9_SD_SF_Li128ELb1ELb1ELb0ELb0ELi1EEENS1_36VarlenDynamicPersistentTileSchedulerILi64ELi192ELi128ELi128ELb0ELb1ELb1ELb0ELb0ELb1EEEEEEEEEvNT_6ParamsE--3,gpgpu_n_shmem_bkconflict,0.0,0.0,gpgpu_n_shmem_bkconflict\s*=\s*(.*)
instance,llm_layer,layer,H100-SASS-Accelwattch_SASS_SIM,_ZN2at6native29vectorized_elementwise_kernelILi4ENS0_11FillFunctorIiEESt5arrayIPcLm1EEEEviT0_T1_--4,gpgpu_n_shmem_bkconflict,0.0,0.0,gpgpu_n_shmem_bkconflict\s*=\s*(.*)
instance,llm_layer,layer,H100-SASS-Accelwattch_SASS_SIM,nvjet_sm90_tst_64x8_64x16_4x1_v_bz_TNT--3,gpgpu_n_shmem_bkconflict,0.0,0.0,gpgpu_n_shmem_bkconflict\s*=\s*(.*)
instance,llm_layer,layer,H100-SASS-Accelwattch_SASS_SIM,_ZN4vllm25fused_add_rms_norm_kernelIN3c108BFloat16ELi8ELb1EEENSt9enable_ifIXaagtT0_Li0Esr4vllm12_typeConvertIT_EE6existsEvE4typeEPS4_lS7_PKS4_fiil--9,gpgpu_n_shmem_bkconflict,0.0,0.0,gpgpu_n_shmem_bkconflict\s*=\s*(.*)
instance,llm_layer,layer,H100-SASS-Accelwattch_SASS_SIM,nvjet_sm90_tst_128x8_64x12_4x1_v_bz_TNT--3,gpgpu_n_shmem_bkconflict,0.0,0.0,gpgpu_n_shmem_bkconflict\s*=\s*(.*)
instance,llm_layer,layer,H100-SASS-Accelwattch_SASS_SIM,_ZN4vllm18act_and_mul_kernelIN3c108BFloat16E14__nv_bfloat162XadL_ZNS_11silu_kernelIS2_EET_RKS5_fEEXadL_ZNS_18packed_silu_kernelIS3_EES5_S7_fEELb1ELb1ELb0ELb0EEEvPS5_PS6_ifff--4,gpgpu_n_shmem_bkconflict,0.0,0.0,gpgpu_n_shmem_bkconflict\s*=\s*(.*)
instance,llm_layer,layer,H100-SASS-Accelwattch_SASS_SIM,nvjet_sm90_tst_64x8_64x16_4x1_v_bz_splitK_TNT--3,gpgpu_n_shmem_bkconflict,0.0,0.0,gpgpu_n_shmem_bkconflict\s*=\s*(.*)
instance,llm_layer,layer,H100-SASS-Accelwattch_SASS_SIM,_ZN8cublasLt19splitKreduce_kernelILi32ELi16Eif13__nv_bfloat16fS1_Lb0EfS1_S1_Lb1ELb0ELb0ELb0EEEvNS_18cublasSplitKParamsIT4_EEPKT2_PKT8_PT7_PT3_PKS3_SG_PKT9_S7_PSH_PvlPS3_PiSM_SM_SG_SG_SG_SG_SG_--4,gpgpu_n_shmem_bkconflict,0.0,0.0,gpgpu_n_shmem_bkconflict\s*=\s*(.*)
instance,llm_layer,layer,H100-SASS-Accelwattch_SASS_SIM,_ZN4vllm25fused_add_rms_norm_kernelIN3c108BFloat16ELi8ELb1EEENSt9enable_ifIXaagtT0_Li0Esr4vllm12_typeConvertIT_EE6existsEvE4typeEPS4_lS7_PKS4_fiil--10,gpgpu_n_shmem_bkconflict,0.0,0.0,gpgpu_n_shmem_bkconflict\s*=\s*(.*)
instance,llm_layer,layer,H100-SASS-Accelwattch_SASS_SIM,nvjet_sm90_tst_64x8_64x16_4x1_v_bz_bias_TNT--4,gpgpu_n_shmem_bkconflict,0.0,0.0,gpgpu_n_shmem_bkconflict\s*=\s*(.*)
instance,llm_layer,layer,H100-SASS-Accelwattch_SASS_SIM,_ZN4vllm23rotary_embedding_kernelIN3c108BFloat16ES2_Lb1EEEvPKlPT_S6_PKT0_illliiilb--5,gpgpu_n_shmem_bkconflict,0.0,0.0,gpgpu_n_shmem_bkconflict\s*=\s*(.*)
instance,llm_layer,layer,H100-SASS-Accelwattch_SASS_SIM,_ZN4vllm30reshape_and_cache_flash_kernelI13__nv_bfloat16S1_LNS_18Fp8KVCacheDataTypeE0EEEvPKT_S5_PT0_S7_PKlllllliiiPKfSB_i--5,gpgpu_n_shmem_bkconflict,0.0,0.0,gpgpu_n_shmem_bkconflict\s*=\s*(.*)
instance,llm_layer,layer,H100-SASS-Accelwattch_SASS_SIM,_ZN7cutlass13device_kernelIN5flash20enable_sm90_or_laterINS1_16FlashAttnFwdSm90INS1_25CollectiveMainloopFwdSm90ILi2EN4cute5tupleIJNS5_1CILi1EEES8_S8_EEENS6_IJNS7_ILi64EEENS7_ILi192EEESA_EEELi64ENS_10bfloat16_tEfNS_4arch4Sm90ELb0ELb0ELb0ELb1ELb1ELb0ELb0ELb1ELb1ELb1ELb0ELb0ESD_Li1EEENS1_21CollectiveEpilogueFwdINS6_IJSA_SA_SB_EEES9_SD_SF_Li128ELb1ELb1ELb0ELb0ELi1EEENS1_36VarlenDynamicPersistentTileSchedulerILi64ELi192ELi128ELi128ELb0ELb1ELb1ELb0ELb0ELb1EEEEEEEEEvNT_6ParamsE--4,gpgpu_n_shmem_bkconflict,0.0,0.0,gpgpu_n_shmem_bkconflict\s*=\s*(.*)
instance,llm_layer,layer,H100-SASS-Accelwattch_SASS_SIM,_ZN2at6native29vectorized_elementwise_kernelILi4ENS0_11FillFunctorIiEESt5arrayIPcLm1EEEEviT0_T1_--5,gpgpu_n_shmem_bkconflict,0.0,0.0,gpgpu_n_shmem_bkconflict\s*=\s*(.*)
instance,llm_layer,layer,H100-SASS-Accelwattch_SASS_SIM,nvjet_sm90_tst_64x8_64x16_4x1_v_bz_TNT--4,gpgpu_n_shmem_bkconflict,0.0,0.0,gpgpu_n_shmem_bkconflict\s*=\s*(.*)
instance,llm_layer,layer,H100-SASS-Accelwattch_SASS_SIM,_ZN4vllm25fused_add_rms_norm_kernelIN3c108BFloat16ELi8ELb1EEENSt9enable_ifIXaagtT0_Li0Esr4vllm12_typeConvertIT_EE6existsEvE4typeEPS4_lS7_PKS4_fiil--11,gpgpu_n_shmem_bkconflict,0.0,0.0,gpgpu_n_shmem_bkconflict\s*=\s*(.*)
instance,llm_layer,layer,H100-SASS-Accelwattch_SASS_SIM,nvjet_sm90_tst_128x8_64x12_4x1_v_bz_TNT--4,gpgpu_n_shmem_bkconflict,0.0,0.0,gpgpu_n_shmem_bkconflict\s*=\s*(.*)
instance,llm_layer,layer,H100-SASS-Accelwattch_SASS_SIM,_ZN4vllm18act_and_mul_kernelIN3c108BFloat16E14__nv_bfloat162XadL_ZNS_11silu_kernelIS2_EET_RKS5_fEEXadL_ZNS_18packed_silu_kernelIS3_EES5_S7_fEELb1ELb1ELb0ELb0EEEvPS5_PS6_ifff--5,gpgpu_n_shmem_bkconflict,0.0,0.0,gpgpu_n_shmem_bkconflict\s*=\s*(.*)
instance,llm_layer,layer,H100-SASS-Accelwattch_SASS_SIM,nvjet_sm90_tst_64x8_64x16_4x1_v_bz_splitK_TNT--4,gpgpu_n_shmem_bkconflict,0.0,0.0,gpgpu_n_shmem_bkconflict\s*=\s*(.*)
instance,llm_layer,layer,H100-SASS-Accelwattch_SASS_SIM,_ZN8cublasLt19splitKreduce_kernelILi32ELi16Eif13__nv_bfloat16fS1_Lb0EfS1_S1_Lb1ELb0ELb0ELb0EEEvNS_18cublasSplitKParamsIT4_EEPKT2_PKT8_PT7_PT3_PKS3_SG_PKT9_S7_PSH_PvlPS3_PiSM_SM_SG_SG_SG_SG_SG_--5,gpgpu_n_shmem_bkconflict,0.0,0.0,gpgpu_n_shmem_bkconflict\s*=\s*(.*)
instance,llm_layer,layer,H100-SASS-Accelwattch_SASS_SIM,_ZN4vllm25fused_add_rms_norm_kernelIN3c108BFloat16ELi8ELb1EEENSt9enable_ifIXaagtT0_Li0Esr4vllm12_typeConvertIT_EE6existsEvE4typeEPS4_lS7_PKS4_fiil--12,gpgpu_n_shmem_bkconflict,0.0,0.0,gpgpu_n_shmem_bkconflict\s*=\s*(.*)
instance,llm_layer,layer,H100-SASS-Accelwattch_SASS_SIM,nvjet_sm90_tst_64x8_64x16_4x1_v_bz_bias_TNT--5,gpgpu_n_shmem_bkconflict,0.0,0.0,gpgpu_n_shmem_bkconflict\s*=\s*(.*)
instance,llm_layer,layer,H100-SASS-Accelwattch_SASS_SIM,_ZN4vllm23rotary_embedding_kernelIN3c108BFloat16ES2_Lb1EEEvPKlPT_S6_PKT0_illliiilb--6,gpgpu_n_shmem_bkconflict,0.0,0.0,gpgpu_n_shmem_bkconflict\s*=\s*(.*)
instance,llm_layer,layer,H100-SASS-Accelwattch_SASS_SIM,_ZN4vllm30reshape_and_cache_flash_kernelI13__nv_bfloat16S1_LNS_18Fp8KVCacheDataTypeE0EEEvPKT_S5_PT0_S7_PKlllllliiiPKfSB_i--6,gpgpu_n_shmem_bkconflict,0.0,0.0,gpgpu_n_shmem_bkconflict\s*=\s*(.*)
instance,llm_layer,layer,H100-SASS-Accelwattch_SASS_SIM,_ZN7cutlass13device_kernelIN5flash20enable_sm90_or_laterINS1_16FlashAttnFwdSm90INS1_25CollectiveMainloopFwdSm90ILi2EN4cute5tupleIJNS5_1CILi1EEES8_S8_EEENS6_IJNS7_ILi64EEENS7_ILi192EEESA_EEELi64ENS_10bfloat16_tEfNS_4arch4Sm90ELb0ELb0ELb0ELb1ELb1ELb0ELb0ELb1ELb1ELb1ELb0ELb0ESD_Li1EEENS1_21CollectiveEpilogueFwdINS6_IJSA_SA_SB_EEES9_SD_SF_Li128ELb1ELb1ELb0ELb0ELi1EEENS1_36VarlenDynamicPersistentTileSchedulerILi64ELi192ELi128ELi128ELb0ELb1ELb1ELb0ELb0ELb1EEEEEEEEEvNT_6ParamsE--5,gpgpu_n_shmem_bkconflict,0.0,0.0,gpgpu_n_shmem_bkconflict\s*=\s*(.*)
instance,llm_layer,layer,H100-SASS-Accelwattch_SASS_SIM,_ZN2at6native29vectorized_elementwise_kernelILi4ENS0_11FillFunctorIiEESt5arrayIPcLm1EEEEviT0_T1_--6,gpgpu_n_shmem_bkconflict,0.0,0.0,gpgpu_n_shmem_bkconflict\s*=\s*(.*)
instance,llm_layer,layer,H100-SASS-Accelwattch_SASS_SIM,nvjet_sm90_tst_64x8_64x16_4x1_v_bz_TNT--5,gpgpu_n_shmem_bkconflict,0.0,0.0,gpgpu_n_shmem_bkconflict\s*=\s*(.*)
instance,llm_layer,layer,H100-SASS-Accelwattch_SASS_SIM,_ZN4vllm25fused_add_rms_norm_kernelIN3c108BFloat16ELi8ELb1EEENSt9enable_ifIXaagtT0_Li0Esr4vllm12_typeConvertIT_EE6existsEvE4typeEPS4_lS7_PKS4_fiil--13,gpgpu_n_shmem_bkconflict,0.0,0.0,gpgpu_n_shmem_bkconflict\s*=\s*(.*)
instance,llm_layer,layer,H100-SASS-Accelwattch_SASS_SIM,nvjet_sm90_tst_128x8_64x12_4x1_v_bz_TNT--5,gpgpu_n_shmem_bkconflict,0.0,0.0,gpgpu_n_shmem_bkconflict\s*=\s*(.*)
instance,llm_layer,layer,H100-SASS-Accelwattch_SASS_SIM,_ZN4vllm18act_and_mul_kernelIN3c108BFloat16E14__nv_bfloat162XadL_ZNS_11silu_kernelIS2_EET_RKS5_fEEXadL_ZNS_18packed_silu_kernelIS3_EES5_S7_fEELb1ELb1ELb0ELb0EEEvPS5_PS6_ifff--6,gpgpu_n_shmem_bkconflict,0.0,0.0,gpgpu_n_shmem_bkconflict\s*=\s*(.*)
instance,llm_layer,layer,H100-SASS-Accelwattch_SASS_SIM,nvjet_sm90_tst_64x8_64x16_4x1_v_bz_splitK_TNT--5,gpgpu_n_shmem_bkconflict,0.0,0.0,gpgpu_n_shmem_bkconflict\s*=\s*(.*)
instance,llm_layer,layer,H100-SASS-Accelwattch_SASS_SIM,_ZN8cublasLt19splitKreduce_kernelILi32ELi16Eif13__nv_bfloat16fS1_Lb0EfS1_S1_Lb1ELb0ELb0ELb0EEEvNS_18cublasSplitKParamsIT4_EEPKT2_PKT8_PT7_PT3_PKS3_SG_PKT9_S7_PSH_PvlPS3_PiSM_SM_SG_SG_SG_SG_SG_--6,gpgpu_n_shmem_bkconflict,0.0,0.0,gpgpu_n_shmem_bkconflict\s*=\s*(.*)
instance,llm_layer,layer,H100-SASS-Accelwattch_SASS_SIM,_ZN4vllm25fused_add_rms_norm_kernelIN3c108BFloat16ELi8ELb1EEENSt9enable_ifIXaagtT0_Li0Esr4vllm12_typeConvertIT_EE6existsEvE4typeEPS4_lS7_PKS4_fiil--14,gpgpu_n_shmem_bkconflict,0.0,0.0,gpgpu_n_shmem_bkconflict\s*=\s*(.*)
instance,llm_layer,layer,H100-SASS-Accelwattch_SASS_SIM,nvjet_sm90_tst_64x8_64x16_4x1_v_bz_bias_TNT--6,gpgpu_n_shmem_bkconflict,0.0,0.0,gpgpu_n_shmem_bkconflict\s*=\s*(.*)
instance,llm_layer,layer,H100-SASS-Accelwattch_SASS_SIM,_ZN4vllm23rotary_embedding_kernelIN3c108BFloat16ES2_Lb1EEEvPKlPT_S6_PKT0_illliiilb--7,gpgpu_n_shmem_bkconflict,0.0,0.0,gpgpu_n_shmem_bkconflict\s*=\s*(.*)
instance,llm_layer,layer,H100-SASS-Accelwattch_SASS_SIM,_ZN4vllm30reshape_and_cache_flash_kernelI13__nv_bfloat16S1_LNS_18Fp8KVCacheDataTypeE0EEEvPKT_S5_PT0_S7_PKlllllliiiPKfSB_i--7,gpgpu_n_shmem_bkconflict,0.0,0.0,gpgpu_n_shmem_bkconflict\s*=\s*(.*)
instance,llm_layer,layer,H100-SASS-Accelwattch_SASS_SIM,_ZN7cutlass13device_kernelIN5flash20enable_sm90_or_laterINS1_16FlashAttnFwdSm90INS1_25CollectiveMainloopFwdSm90ILi2EN4cute5tupleIJNS5_1CILi1EEES8_S8_EEENS6_IJNS7_ILi64EEENS7_ILi192EEESA_EEELi64ENS_10bfloat16_tEfNS_4arch4Sm90ELb0ELb0ELb0ELb1ELb1ELb0ELb0ELb1ELb1ELb1ELb0ELb0ESD_Li1EEENS1_21CollectiveEpilogueFwdINS6_IJSA_SA_SB_EEES9_SD_SF_Li128ELb1ELb1ELb0ELb0ELi1EEENS1_36VarlenDynamicPersistentTileSchedulerILi64ELi192ELi128ELi128ELb0ELb1ELb1ELb0ELb0ELb1EEEEEEEEEvNT_6ParamsE--6,gpgpu_n_shmem_bkconflict,0.0,0.0,gpgpu_n_shmem_bkconflict\s*=\s*(.*)
instance,llm_layer,layer,H100-SASS-Accelwattch_SASS_SIM,_ZN2at6native29vectorized_elementwise_kernelILi4ENS0_11FillFunctorIiEESt5arrayIPcLm1EEEEviT0_T1_--7,gpgpu_n_shmem_bkconflict,0.0,0.0,gpgpu_n_shmem_bkconflict\s*=\s*(.*)
instance,llm_layer,layer,H100-SASS-Accelwattch_SASS_SIM,nvjet_sm90_tst_64x8_64x16_4x1_v_bz_TNT--6,gpgpu_n_shmem_bkconflict,0.0,0.0,gpgpu_n_shmem_bkconflict\s*=\s*(.*)
instance,llm_layer,layer,H100-SASS-Accelwattch_SASS_SIM,_ZN4vllm25fused_add_rms_norm_kernelIN3c108BFloat16ELi8ELb1EEENSt9enable_ifIXaagtT0_Li0Esr4vllm12_typeConvertIT_EE6existsEvE4typeEPS4_lS7_PKS4_fiil--15,gpgpu_n_shmem_bkconflict,0.0,0.0,gpgpu_n_shmem_bkconflict\s*=\s*(.*)
instance,llm_layer,layer,H100-SASS-Accelwattch_SASS_SIM,nvjet_sm90_tst_128x8_64x12_4x1_v_bz_TNT--6,gpgpu_n_shmem_bkconflict,0.0,0.0,gpgpu_n_shmem_bkconflict\s*=\s*(.*)
instance,llm_layer,layer,H100-SASS-Accelwattch_SASS_SIM,_ZN4vllm18act_and_mul_kernelIN3c108BFloat16E14__nv_bfloat162XadL_ZNS_11silu_kernelIS2_EET_RKS5_fEEXadL_ZNS_18packed_silu_kernelIS3_EES5_S7_fEELb1ELb1ELb0ELb0EEEvPS5_PS6_ifff--7,gpgpu_n_shmem_bkconflict,0.0,0.0,gpgpu_n_shmem_bkconflict\s*=\s*(.*)
instance,llm_layer,layer,H100-SASS-Accelwattch_SASS_SIM,nvjet_sm90_tst_64x8_64x16_4x1_v_bz_splitK_TNT--6,gpgpu_n_shmem_bkconflict,0.0,0.0,gpgpu_n_shmem_bkconflict\s*=\s*(.*)
instance,llm_layer,layer,H100-SASS-Accelwattch_SASS_SIM,_ZN8cublasLt19splitKreduce_kernelILi32ELi16Eif13__nv_bfloat16fS1_Lb0EfS1_S1_Lb1ELb0ELb0ELb0EEEvNS_18cublasSplitKParamsIT4_EEPKT2_PKT8_PT7_PT3_PKS3_SG_PKT9_S7_PSH_PvlPS3_PiSM_SM_SG_SG_SG_SG_SG_--7,gpgpu_n_shmem_bkconflict,0.0,0.0,gpgpu_n_shmem_bkconflict\s*=\s*(.*)
instance,llm_layer,layer,H100-SASS-Accelwattch_SASS_SIM,_ZN4vllm25fused_add_rms_norm_kernelIN3c108BFloat16ELi8ELb1EEENSt9enable_ifIXaagtT0_Li0Esr4vllm12_typeConvertIT_EE6existsEvE4typeEPS4_lS7_PKS4_fiil--0,gpgpu_n_l1cache_bkconflict,0.0,0.0,gpgpu_n_l1cache_bkconflict\s*=\s*(.*)
instance,llm_layer,layer,H100-SASS-Accelwattch_SASS_SIM,nvjet_sm90_tst_64x8_64x16_4x2_h_bz_bias_TNT--0,gpgpu_n_l1cache_bkconflict,0.0,0.0,gpgpu_n_l1cache_bkconflict\s*=\s*(.*)
instance,llm_layer,layer,H100-SASS-Accelwattch_SASS_SIM,_ZN4vllm23rotary_embedding_kernelIN3c108BFloat16ES2_Lb1EEEvPKlPT_S6_PKT0_illliiilb--0,gpgpu_n_l1cache_bkconflict,0.0,0.0,gpgpu_n_l1cache_bkconflict\s*=\s*(.*)
instance,llm_layer,layer,H100-SASS-Accelwattch_SASS_SIM,_ZN4vllm30reshape_and_cache_flash_kernelI13__nv_bfloat16S1_LNS_18Fp8KVCacheDataTypeE0EEEvPKT_S5_PT0_S7_PKlllllliiiPKfSB_i--0,gpgpu_n_l1cache_bkconflict,0.0,0.0,gpgpu_n_l1cache_bkconflict\s*=\s*(.*)
instance,llm_layer,layer,H100-SASS-Accelwattch_SASS_SIM,_ZN7cutlass13device_kernelIN5flash20enable_sm90_or_laterINS1_16FlashAttnFwdSm90INS1_25CollectiveMainloopFwdSm90ILi2EN4cute5tupleIJNS5_1CILi1EEES8_S8_EEENS6_IJNS7_ILi192EEENS7_ILi128EEENS7_ILi64EEEEEELi64ENS_10bfloat16_tEfNS_4arch4Sm90ELb1ELb0ELb0ELb1ELb1ELb0ELb0ELb1ELb1ELb1ELb0ELb0ESE_Li1EEENS1_21CollectiveEpilogueFwdINS6_IJSA_SC_SB_EEES9_SE_SG_Li384ELb1ELb1ELb0ELb0ELi1EEENS1_36VarlenDynamicPersistentTileSchedulerILi192ELi128ELi384ELi128ELb0ELb1ELb1ELb1ELb0ELb1EEEEEEEEEvNT_6ParamsE--0,gpgpu_n_l1cache_bkconflict,1534.0,1534.0,gpgpu_n_l1cache_bkconflict\s*=\s*(.*)
instance,llm_layer,layer,H100-SASS-Accelwattch_SASS_SIM,_ZN2at6native29vectorized_elementwise_kernelILi4ENS0_11FillFunctorIiEESt5arrayIPcLm1EEEEviT0_T1_--0,gpgpu_n_l1cache_bkconflict,0.0,0.0,gpgpu_n_l1cache_bkconflict\s*=\s*(.*)
instance,llm_layer,layer,H100-SASS-Accelwattch_SASS_SIM,nvjet_sm90_tst_64x8_64x16_4x2_h_bz_TNT--0,gpgpu_n_l1cache_bkconflict,0.0,0.0,gpgpu_n_l1cache_bkconflict\s*=\s*(.*)
instance,llm_layer,layer,H100-SASS-Accelwattch_SASS_SIM,_ZN4vllm25fused_add_rms_norm_kernelIN3c108BFloat16ELi8ELb1EEENSt9enable_ifIXaagtT0_Li0Esr4vllm12_typeConvertIT_EE6existsEvE4typeEPS4_lS7_PKS4_fiil--1,gpgpu_n_l1cache_bkconflict,0.0,0.0,gpgpu_n_l1cache_bkconflict\s*=\s*(.*)
instance,llm_layer,layer,H100-SASS-Accelwattch_SASS_SIM,nvjet_sm90_tst_128x16_64x11_4x1_v_bz_TNT--0,gpgpu_n_l1cache_bkconflict,0.0,0.0,gpgpu_n_l1cache_bkconflict\s*=\s*(.*)
instance,llm_layer,layer,H100-SASS-Accelwattch_SASS_SIM,_ZN4vllm18act_and_mul_kernelIN3c108BFloat16E14__nv_bfloat162XadL_ZNS_11silu_kernelIS2_EET_RKS5_fEEXadL_ZNS_18packed_silu_kernelIS3_EES5_S7_fEELb1ELb1ELb0ELb0EEEvPS5_PS6_ifff--0,gpgpu_n_l1cache_bkconflict,3536.0,3536.0,gpgpu_n_l1cache_bkconflict\s*=\s*(.*)
instance,llm_layer,layer,H100-SASS-Accelwattch_SASS_SIM,nvjet_sm90_tst_64x16_64x16_4x1_v_bz_splitK_TNT--0,gpgpu_n_l1cache_bkconflict,0.0,0.0,gpgpu_n_l1cache_bkconflict\s*=\s*(.*)
instance,llm_layer,layer,H100-SASS-Accelwattch_SASS_SIM,_ZN8cublasLt19splitKreduce_kernelILi32ELi16Eif13__nv_bfloat16fS1_Lb0EfS1_S1_Lb1ELb0ELb0ELb0EEEvNS_18cublasSplitKParamsIT4_EEPKT2_PKT8_PT7_PT3_PKS3_SG_PKT9_S7_PSH_PvlPS3_PiSM_SM_SG_SG_SG_SG_SG_--0,gpgpu_n_l1cache_bkconflict,0.0,0.0,gpgpu_n_l1cache_bkconflict\s*=\s*(.*)
instance,llm_layer,layer,H100-SASS-Accelwattch_SASS_SIM,_ZN4vllm25fused_add_rms_norm_kernelIN3c108BFloat16ELi8ELb1EEENSt9enable_ifIXaagtT0_Li0Esr4vllm12_typeConvertIT_EE6existsEvE4typeEPS4_lS7_PKS4_fiil--2,gpgpu_n_l1cache_bkconflict,0.0,0.0,gpgpu_n_l1cache_bkconflict\s*=\s*(.*)
instance,llm_layer,layer,H100-SASS-Accelwattch_SASS_SIM,nvjet_sm90_tst_64x8_64x16_4x1_v_bz_bias_TNT--0,gpgpu_n_l1cache_bkconflict,0.0,0.0,gpgpu_n_l1cache_bkconflict\s*=\s*(.*)
instance,llm_layer,layer,H100-SASS-Accelwattch_SASS_SIM,_ZN4vllm23rotary_embedding_kernelIN3c108BFloat16ES2_Lb1EEEvPKlPT_S6_PKT0_illliiilb--1,gpgpu_n_l1cache_bkconflict,0.0,0.0,gpgpu_n_l1cache_bkconflict\s*=\s*(.*)
instance,llm_layer,layer,H100-SASS-Accelwattch_SASS_SIM,_ZN4vllm30reshape_and_cache_flash_kernelI13__nv_bfloat16S1_LNS_18Fp8KVCacheDataTypeE0EEEvPKT_S5_PT0_S7_PKlllllliiiPKfSB_i--1,gpgpu_n_l1cache_bkconflict,0.0,0.0,gpgpu_n_l1cache_bkconflict\s*=\s*(.*)
instance,llm_layer,layer,H100-SASS-Accelwattch_SASS_SIM,_ZN7cutlass13device_kernelIN5flash20enable_sm90_or_laterINS1_16FlashAttnFwdSm90INS1_25CollectiveMainloopFwdSm90ILi2EN4cute5tupleIJNS5_1CILi1EEES8_S8_EEENS6_IJNS7_ILi64EEENS7_ILi192EEESA_EEELi64ENS_10bfloat16_tEfNS_4arch4Sm90ELb0ELb0ELb0ELb1ELb1ELb0ELb0ELb1ELb1ELb1ELb0ELb0ESD_Li1EEENS1_21CollectiveEpilogueFwdINS6_IJSA_SA_SB_EEES9_SD_SF_Li128ELb1ELb1ELb0ELb0ELi1EEENS1_36VarlenDynamicPersistentTileSchedulerILi64ELi192ELi128ELi128ELb0ELb1ELb1ELb0ELb0ELb1EEEEEEEEEvNT_6ParamsE--0,gpgpu_n_l1cache_bkconflict,239.0,239.0,gpgpu_n_l1cache_bkconflict\s*=\s*(.*)
instance,llm_layer,layer,H100-SASS-Accelwattch_SASS_SIM,_ZN2at6native29vectorized_elementwise_kernelILi4ENS0_11FillFunctorIiEESt5arrayIPcLm1EEEEviT0_T1_--1,gpgpu_n_l1cache_bkconflict,0.0,0.0,gpgpu_n_l1cache_bkconflict\s*=\s*(.*)
instance,llm_layer,layer,H100-SASS-Accelwattch_SASS_SIM,nvjet_sm90_tst_64x8_64x16_4x1_v_bz_TNT--0,gpgpu_n_l1cache_bkconflict,0.0,0.0,gpgpu_n_l1cache_bkconflict\s*=\s*(.*)
instance,llm_layer,layer,H100-SASS-Accelwattch_SASS_SIM,_ZN4vllm25fused_add_rms_norm_kernelIN3c108BFloat16ELi8ELb1EEENSt9enable_ifIXaagtT0_Li0Esr4vllm12_typeConvertIT_EE6existsEvE4typeEPS4_lS7_PKS4_fiil--3,gpgpu_n_l1cache_bkconflict,0.0,0.0,gpgpu_n_l1cache_bkconflict\s*=\s*(.*)
instance,llm_layer,layer,H100-SASS-Accelwattch_SASS_SIM,nvjet_sm90_tst_128x8_64x12_4x1_v_bz_TNT--0,gpgpu_n_l1cache_bkconflict,0.0,0.0,gpgpu_n_l1cache_bkconflict\s*=\s*(.*)
instance,llm_layer,layer,H100-SASS-Accelwattch_SASS_SIM,_ZN4vllm18act_and_mul_kernelIN3c108BFloat16E14__nv_bfloat162XadL_ZNS_11silu_kernelIS2_EET_RKS5_fEEXadL_ZNS_18packed_silu_kernelIS3_EES5_S7_fEELb1ELb1ELb0ELb0EEEvPS5_PS6_ifff--1,gpgpu_n_l1cache_bkconflict,353.0,353.0,gpgpu_n_l1cache_bkconflict\s*=\s*(.*)
instance,llm_layer,layer,H100-SASS-Accelwattch_SASS_SIM,nvjet_sm90_tst_64x8_64x16_4x1_v_bz_splitK_TNT--0,gpgpu_n_l1cache_bkconflict,0.0,0.0,gpgpu_n_l1cache_bkconflict\s*=\s*(.*)
instance,llm_layer,layer,H100-SASS-Accelwattch_SASS_SIM,_ZN8cublasLt19splitKreduce_kernelILi32ELi16Eif13__nv_bfloat16fS1_Lb0EfS1_S1_Lb1ELb0ELb0ELb0EEEvNS_18cublasSplitKParamsIT4_EEPKT2_PKT8_PT7_PT3_PKS3_SG_PKT9_S7_PSH_PvlPS3_PiSM_SM_SG_SG_SG_SG_SG_--1,gpgpu_n_l1cache_bkconflict,0.0,0.0,gpgpu_n_l1cache_bkconflict\s*=\s*(.*)
instance,llm_layer,layer,H100-SASS-Accelwattch_SASS_SIM,_ZN4vllm25fused_add_rms_norm_kernelIN3c108BFloat16ELi8ELb1EEENSt9enable_ifIXaagtT0_Li0Esr4vllm12_typeConvertIT_EE6existsEvE4typeEPS4_lS7_PKS4_fiil--4,gpgpu_n_l1cache_bkconflict,0.0,0.0,gpgpu_n_l1cache_bkconflict\s*=\s*(.*)
instance,llm_layer,layer,H100-SASS-Accelwattch_SASS_SIM,nvjet_sm90_tst_64x8_64x16_4x1_v_bz_bias_TNT--1,gpgpu_n_l1cache_bkconflict,0.0,0.0,gpgpu_n_l1cache_bkconflict\s*=\s*(.*)
instance,llm_layer,layer,H100-SASS-Accelwattch_SASS_SIM,_ZN4vllm23rotary_embedding_kernelIN3c108BFloat16ES2_Lb1EEEvPKlPT_S6_PKT0_illliiilb--2,gpgpu_n_l1cache_bkconflict,0.0,0.0,gpgpu_n_l1cache_bkconflict\s*=\s*(.*)
instance,llm_layer,layer,H100-SASS-Accelwattch_SASS_SIM,_ZN4vllm30reshape_and_cache_flash_kernelI13__nv_bfloat16S1_LNS_18Fp8KVCacheDataTypeE0EEEvPKT_S5_PT0_S7_PKlllllliiiPKfSB_i--2,gpgpu_n_l1cache_bkconflict,0.0,0.0,gpgpu_n_l1cache_bkconflict\s*=\s*(.*)
instance,llm_layer,layer,H100-SASS-Accelwattch_SASS_SIM,_ZN7cutlass13device_kernelIN5flash20enable_sm90_or_laterINS1_16FlashAttnFwdSm90INS1_25CollectiveMainloopFwdSm90ILi2EN4cute5tupleIJNS5_1CILi1EEES8_S8_EEENS6_IJNS7_ILi64EEENS7_ILi192EEESA_EEELi64ENS_10bfloat16_tEfNS_4arch4Sm90ELb0ELb0ELb0ELb1ELb1ELb0ELb0ELb1ELb1ELb1ELb0ELb0ESD_Li1EEENS1_21CollectiveEpilogueFwdINS6_IJSA_SA_SB_EEES9_SD_SF_Li128ELb1ELb1ELb0ELb0ELi1EEENS1_36VarlenDynamicPersistentTileSchedulerILi64ELi192ELi128ELi128ELb0ELb1ELb1ELb0ELb0ELb1EEEEEEEEEvNT_6ParamsE--1,gpgpu_n_l1cache_bkconflict,242.0,242.0,gpgpu_n_l1cache_bkconflict\s*=\s*(.*)
instance,llm_layer,layer,H100-SASS-Accelwattch_SASS_SIM,_ZN2at6native29vectorized_elementwise_kernelILi4ENS0_11FillFunctorIiEESt5arrayIPcLm1EEEEviT0_T1_--2,gpgpu_n_l1cache_bkconflict,0.0,0.0,gpgpu_n_l1cache_bkconflict\s*=\s*(.*)
instance,llm_layer,layer,H100-SASS-Accelwattch_SASS_SIM,nvjet_sm90_tst_64x8_64x16_4x1_v_bz_TNT--1,gpgpu_n_l1cache_bkconflict,0.0,0.0,gpgpu_n_l1cache_bkconflict\s*=\s*(.*)
instance,llm_layer,layer,H100-SASS-Accelwattch_SASS_SIM,_ZN4vllm25fused_add_rms_norm_kernelIN3c108BFloat16ELi8ELb1EEENSt9enable_ifIXaagtT0_Li0Esr4vllm12_typeConvertIT_EE6existsEvE4typeEPS4_lS7_PKS4_fiil--5,gpgpu_n_l1cache_bkconflict,0.0,0.0,gpgpu_n_l1cache_bkconflict\s*=\s*(.*)
instance,llm_layer,layer,H100-SASS-Accelwattch_SASS_SIM,nvjet_sm90_tst_128x8_64x12_4x1_v_bz_TNT--1,gpgpu_n_l1cache_bkconflict,0.0,0.0,gpgpu_n_l1cache_bkconflict\s*=\s*(.*)
instance,llm_layer,layer,H100-SASS-Accelwattch_SASS_SIM,_ZN4vllm18act_and_mul_kernelIN3c108BFloat16E14__nv_bfloat162XadL_ZNS_11silu_kernelIS2_EET_RKS5_fEEXadL_ZNS_18packed_silu_kernelIS3_EES5_S7_fEELb1ELb1ELb0ELb0EEEvPS5_PS6_ifff--2,gpgpu_n_l1cache_bkconflict,353.0,353.0,gpgpu_n_l1cache_bkconflict\s*=\s*(.*)
instance,llm_layer,layer,H100-SASS-Accelwattch_SASS_SIM,nvjet_sm90_tst_64x8_64x16_4x1_v_bz_splitK_TNT--1,gpgpu_n_l1cache_bkconflict,0.0,0.0,gpgpu_n_l1cache_bkconflict\s*=\s*(.*)
instance,llm_layer,layer,H100-SASS-Accelwattch_SASS_SIM,_ZN8cublasLt19splitKreduce_kernelILi32ELi16Eif13__nv_bfloat16fS1_Lb0EfS1_S1_Lb1ELb0ELb0ELb0EEEvNS_18cublasSplitKParamsIT4_EEPKT2_PKT8_PT7_PT3_PKS3_SG_PKT9_S7_PSH_PvlPS3_PiSM_SM_SG_SG_SG_SG_SG_--2,gpgpu_n_l1cache_bkconflict,0.0,0.0,gpgpu_n_l1cache_bkconflict\s*=\s*(.*)
instance,llm_layer,layer,H100-SASS-Accelwattch_SASS_SIM,_ZN4vllm25fused_add_rms_norm_kernelIN3c108BFloat16ELi8ELb1EEENSt9enable_ifIXaagtT0_Li0Esr4vllm12_typeConvertIT_EE6existsEvE4typeEPS4_lS7_PKS4_fiil--6,gpgpu_n_l1cache_bkconflict,0.0,0.0,gpgpu_n_l1cache_bkconflict\s*=\s*(.*)
instance,llm_layer,layer,H100-SASS-Accelwattch_SASS_SIM,nvjet_sm90_tst_64x8_64x16_4x1_v_bz_bias_TNT--2,gpgpu_n_l1cache_bkconflict,0.0,0.0,gpgpu_n_l1cache_bkconflict\s*=\s*(.*)
instance,llm_layer,layer,H100-SASS-Accelwattch_SASS_SIM,_ZN4vllm23rotary_embedding_kernelIN3c108BFloat16ES2_Lb1EEEvPKlPT_S6_PKT0_illliiilb--3,gpgpu_n_l1cache_bkconflict,0.0,0.0,gpgpu_n_l1cache_bkconflict\s*=\s*(.*)
instance,llm_layer,layer,H100-SASS-Accelwattch_SASS_SIM,_ZN4vllm30reshape_and_cache_flash_kernelI13__nv_bfloat16S1_LNS_18Fp8KVCacheDataTypeE0EEEvPKT_S5_PT0_S7_PKlllllliiiPKfSB_i--3,gpgpu_n_l1cache_bkconflict,0.0,0.0,gpgpu_n_l1cache_bkconflict\s*=\s*(.*)
instance,llm_layer,layer,H100-SASS-Accelwattch_SASS_SIM,_ZN7cutlass13device_kernelIN5flash20enable_sm90_or_laterINS1_16FlashAttnFwdSm90INS1_25CollectiveMainloopFwdSm90ILi2EN4cute5tupleIJNS5_1CILi1EEES8_S8_EEENS6_IJNS7_ILi64EEENS7_ILi192EEESA_EEELi64ENS_10bfloat16_tEfNS_4arch4Sm90ELb0ELb0ELb0ELb1ELb1ELb0ELb0ELb1ELb1ELb1ELb0ELb0ESD_Li1EEENS1_21CollectiveEpilogueFwdINS6_IJSA_SA_SB_EEES9_SD_SF_Li128ELb1ELb1ELb0ELb0ELi1EEENS1_36VarlenDynamicPersistentTileSchedulerILi64ELi192ELi128ELi128ELb0ELb1ELb1ELb0ELb0ELb1EEEEEEEEEvNT_6ParamsE--2,gpgpu_n_l1cache_bkconflict,236.0,236.0,gpgpu_n_l1cache_bkconflict\s*=\s*(.*)
instance,llm_layer,layer,H100-SASS-Accelwattch_SASS_SIM,_ZN2at6native29vectorized_elementwise_kernelILi4ENS0_11FillFunctorIiEESt5arrayIPcLm1EEEEviT0_T1_--3,gpgpu_n_l1cache_bkconflict,0.0,0.0,gpgpu_n_l1cache_bkconflict\s*=\s*(.*)
instance,llm_layer,layer,H100-SASS-Accelwattch_SASS_SIM,nvjet_sm90_tst_64x8_64x16_4x1_v_bz_TNT--2,gpgpu_n_l1cache_bkconflict,0.0,0.0,gpgpu_n_l1cache_bkconflict\s*=\s*(.*)
instance,llm_layer,layer,H100-SASS-Accelwattch_SASS_SIM,_ZN4vllm25fused_add_rms_norm_kernelIN3c108BFloat16ELi8ELb1EEENSt9enable_ifIXaagtT0_Li0Esr4vllm12_typeConvertIT_EE6existsEvE4typeEPS4_lS7_PKS4_fiil--7,gpgpu_n_l1cache_bkconflict,0.0,0.0,gpgpu_n_l1cache_bkconflict\s*=\s*(.*)
instance,llm_layer,layer,H100-SASS-Accelwattch_SASS_SIM,nvjet_sm90_tst_128x8_64x12_4x1_v_bz_TNT--2,gpgpu_n_l1cache_bkconflict,0.0,0.0,gpgpu_n_l1cache_bkconflict\s*=\s*(.*)
instance,llm_layer,layer,H100-SASS-Accelwattch_SASS_SIM,_ZN4vllm18act_and_mul_kernelIN3c108BFloat16E14__nv_bfloat162XadL_ZNS_11silu_kernelIS2_EET_RKS5_fEEXadL_ZNS_18packed_silu_kernelIS3_EES5_S7_fEELb1ELb1ELb0ELb0EEEvPS5_PS6_ifff--3,gpgpu_n_l1cache_bkconflict,353.0,353.0,gpgpu_n_l1cache_bkconflict\s*=\s*(.*)
instance,llm_layer,layer,H100-SASS-Accelwattch_SASS_SIM,nvjet_sm90_tst_64x8_64x16_4x1_v_bz_splitK_TNT--2,gpgpu_n_l1cache_bkconflict,0.0,0.0,gpgpu_n_l1cache_bkconflict\s*=\s*(.*)
instance,llm_layer,layer,H100-SASS-Accelwattch_SASS_SIM,_ZN8cublasLt19splitKreduce_kernelILi32ELi16Eif13__nv_bfloat16fS1_Lb0EfS1_S1_Lb1ELb0ELb0ELb0EEEvNS_18cublasSplitKParamsIT4_EEPKT2_PKT8_PT7_PT3_PKS3_SG_PKT9_S7_PSH_PvlPS3_PiSM_SM_SG_SG_SG_SG_SG_--3,gpgpu_n_l1cache_bkconflict,0.0,0.0,gpgpu_n_l1cache_bkconflict\s*=\s*(.*)
instance,llm_layer,layer,H100-SASS-Accelwattch_SASS_SIM,_ZN4vllm25fused_add_rms_norm_kernelIN3c108BFloat16ELi8ELb1EEENSt9enable_ifIXaagtT0_Li0Esr4vllm12_typeConvertIT_EE6existsEvE4typeEPS4_lS7_PKS4_fiil--8,gpgpu_n_l1cache_bkconflict,0.0,0.0,gpgpu_n_l1cache_bkconflict\s*=\s*(.*)
instance,llm_layer,layer,H100-SASS-Accelwattch_SASS_SIM,nvjet_sm90_tst_64x8_64x16_4x1_v_bz_bias_TNT--3,gpgpu_n_l1cache_bkconflict,0.0,0.0,gpgpu_n_l1cache_bkconflict\s*=\s*(.*)
instance,llm_layer,layer,H100-SASS-Accelwattch_SASS_SIM,_ZN4vllm23rotary_embedding_kernelIN3c108BFloat16ES2_Lb1EEEvPKlPT_S6_PKT0_illliiilb--4,gpgpu_n_l1cache_bkconflict,0.0,0.0,gpgpu_n_l1cache_bkconflict\s*=\s*(.*)
instance,llm_layer,layer,H100-SASS-Accelwattch_SASS_SIM,_ZN4vllm30reshape_and_cache_flash_kernelI13__nv_bfloat16S1_LNS_18Fp8KVCacheDataTypeE0EEEvPKT_S5_PT0_S7_PKlllllliiiPKfSB_i--4,gpgpu_n_l1cache_bkconflict,0.0,0.0,gpgpu_n_l1cache_bkconflict\s*=\s*(.*)
instance,llm_layer,layer,H100-SASS-Accelwattch_SASS_SIM,_ZN7cutlass13device_kernelIN5flash20enable_sm90_or_laterINS1_16FlashAttnFwdSm90INS1_25CollectiveMainloopFwdSm90ILi2EN4cute5tupleIJNS5_1CILi1EEES8_S8_EEENS6_IJNS7_ILi64EEENS7_ILi192EEESA_EEELi64ENS_10bfloat16_tEfNS_4arch4Sm90ELb0ELb0ELb0ELb1ELb1ELb0ELb0ELb1ELb1ELb1ELb0ELb0ESD_Li1EEENS1_21CollectiveEpilogueFwdINS6_IJSA_SA_SB_EEES9_SD_SF_Li128ELb1ELb1ELb0ELb0ELi1EEENS1_36VarlenDynamicPersistentTileSchedulerILi64ELi192ELi128ELi128ELb0ELb1ELb1ELb0ELb0ELb1EEEEEEEEEvNT_6ParamsE--3,gpgpu_n_l1cache_bkconflict,238.0,238.0,gpgpu_n_l1cache_bkconflict\s*=\s*(.*)
instance,llm_layer,layer,H100-SASS-Accelwattch_SASS_SIM,_ZN2at6native29vectorized_elementwise_kernelILi4ENS0_11FillFunctorIiEESt5arrayIPcLm1EEEEviT0_T1_--4,gpgpu_n_l1cache_bkconflict,0.0,0.0,gpgpu_n_l1cache_bkconflict\s*=\s*(.*)
instance,llm_layer,layer,H100-SASS-Accelwattch_SASS_SIM,nvjet_sm90_tst_64x8_64x16_4x1_v_bz_TNT--3,gpgpu_n_l1cache_bkconflict,0.0,0.0,gpgpu_n_l1cache_bkconflict\s*=\s*(.*)
instance,llm_layer,layer,H100-SASS-Accelwattch_SASS_SIM,_ZN4vllm25fused_add_rms_norm_kernelIN3c108BFloat16ELi8ELb1EEENSt9enable_ifIXaagtT0_Li0Esr4vllm12_typeConvertIT_EE6existsEvE4typeEPS4_lS7_PKS4_fiil--9,gpgpu_n_l1cache_bkconflict,0.0,0.0,gpgpu_n_l1cache_bkconflict\s*=\s*(.*)
instance,llm_layer,layer,H100-SASS-Accelwattch_SASS_SIM,nvjet_sm90_tst_128x8_64x12_4x1_v_bz_TNT--3,gpgpu_n_l1cache_bkconflict,0.0,0.0,gpgpu_n_l1cache_bkconflict\s*=\s*(.*)
instance,llm_layer,layer,H100-SASS-Accelwattch_SASS_SIM,_ZN4vllm18act_and_mul_kernelIN3c108BFloat16E14__nv_bfloat162XadL_ZNS_11silu_kernelIS2_EET_RKS5_fEEXadL_ZNS_18packed_silu_kernelIS3_EES5_S7_fEELb1ELb1ELb0ELb0EEEvPS5_PS6_ifff--4,gpgpu_n_l1cache_bkconflict,353.0,353.0,gpgpu_n_l1cache_bkconflict\s*=\s*(.*)
instance,llm_layer,layer,H100-SASS-Accelwattch_SASS_SIM,nvjet_sm90_tst_64x8_64x16_4x1_v_bz_splitK_TNT--3,gpgpu_n_l1cache_bkconflict,0.0,0.0,gpgpu_n_l1cache_bkconflict\s*=\s*(.*)
instance,llm_layer,layer,H100-SASS-Accelwattch_SASS_SIM,_ZN8cublasLt19splitKreduce_kernelILi32ELi16Eif13__nv_bfloat16fS1_Lb0EfS1_S1_Lb1ELb0ELb0ELb0EEEvNS_18cublasSplitKParamsIT4_EEPKT2_PKT8_PT7_PT3_PKS3_SG_PKT9_S7_PSH_PvlPS3_PiSM_SM_SG_SG_SG_SG_SG_--4,gpgpu_n_l1cache_bkconflict,0.0,0.0,gpgpu_n_l1cache_bkconflict\s*=\s*(.*)
instance,llm_layer,layer,H100-SASS-Accelwattch_SASS_SIM,_ZN4vllm25fused_add_rms_norm_kernelIN3c108BFloat16ELi8ELb1EEENSt9enable_ifIXaagtT0_Li0Esr4vllm12_typeConvertIT_EE6existsEvE4typeEPS4_lS7_PKS4_fiil--10,gpgpu_n_l1cache_bkconflict,0.0,0.0,gpgpu_n_l1cache_bkconflict\s*=\s*(.*)
instance,llm_layer,layer,H100-SASS-Accelwattch_SASS_SIM,nvjet_sm90_tst_64x8_64x16_4x1_v_bz_bias_TNT--4,gpgpu_n_l1cache_bkconflict,0.0,0.0,gpgpu_n_l1cache_bkconflict\s*=\s*(.*)
instance,llm_layer,layer,H100-SASS-Accelwattch_SASS_SIM,_ZN4vllm23rotary_embedding_kernelIN3c108BFloat16ES2_Lb1EEEvPKlPT_S6_PKT0_illliiilb--5,gpgpu_n_l1cache_bkconflict,0.0,0.0,gpgpu_n_l1cache_bkconflict\s*=\s*(.*)
instance,llm_layer,layer,H100-SASS-Accelwattch_SASS_SIM,_ZN4vllm30reshape_and_cache_flash_kernelI13__nv_bfloat16S1_LNS_18Fp8KVCacheDataTypeE0EEEvPKT_S5_PT0_S7_PKlllllliiiPKfSB_i--5,gpgpu_n_l1cache_bkconflict,0.0,0.0,gpgpu_n_l1cache_bkconflict\s*=\s*(.*)
instance,llm_layer,layer,H100-SASS-Accelwattch_SASS_SIM,_ZN7cutlass13device_kernelIN5flash20enable_sm90_or_laterINS1_16FlashAttnFwdSm90INS1_25CollectiveMainloopFwdSm90ILi2EN4cute5tupleIJNS5_1CILi1EEES8_S8_EEENS6_IJNS7_ILi64EEENS7_ILi192EEESA_EEELi64ENS_10bfloat16_tEfNS_4arch4Sm90ELb0ELb0ELb0ELb1ELb1ELb0ELb0ELb1ELb1ELb1ELb0ELb0ESD_Li1EEENS1_21CollectiveEpilogueFwdINS6_IJSA_SA_SB_EEES9_SD_SF_Li128ELb1ELb1ELb0ELb0ELi1EEENS1_36VarlenDynamicPersistentTileSchedulerILi64ELi192ELi128ELi128ELb0ELb1ELb1ELb0ELb0ELb1EEEEEEEEEvNT_6ParamsE--4,gpgpu_n_l1cache_bkconflict,236.0,236.0,gpgpu_n_l1cache_bkconflict\s*=\s*(.*)
instance,llm_layer,layer,H100-SASS-Accelwattch_SASS_SIM,_ZN2at6native29vectorized_elementwise_kernelILi4ENS0_11FillFunctorIiEESt5arrayIPcLm1EEEEviT0_T1_--5,gpgpu_n_l1cache_bkconflict,0.0,0.0,gpgpu_n_l1cache_bkconflict\s*=\s*(.*)
instance,llm_layer,layer,H100-SASS-Accelwattch_SASS_SIM,nvjet_sm90_tst_64x8_64x16_4x1_v_bz_TNT--4,gpgpu_n_l1cache_bkconflict,0.0,0.0,gpgpu_n_l1cache_bkconflict\s*=\s*(.*)
instance,llm_layer,layer,H100-SASS-Accelwattch_SASS_SIM,_ZN4vllm25fused_add_rms_norm_kernelIN3c108BFloat16ELi8ELb1EEENSt9enable_ifIXaagtT0_Li0Esr4vllm12_typeConvertIT_EE6existsEvE4typeEPS4_lS7_PKS4_fiil--11,gpgpu_n_l1cache_bkconflict,0.0,0.0,gpgpu_n_l1cache_bkconflict\s*=\s*(.*)
instance,llm_layer,layer,H100-SASS-Accelwattch_SASS_SIM,nvjet_sm90_tst_128x8_64x12_4x1_v_bz_TNT--4,gpgpu_n_l1cache_bkconflict,0.0,0.0,gpgpu_n_l1cache_bkconflict\s*=\s*(.*)
instance,llm_layer,layer,H100-SASS-Accelwattch_SASS_SIM,_ZN4vllm18act_and_mul_kernelIN3c108BFloat16E14__nv_bfloat162XadL_ZNS_11silu_kernelIS2_EET_RKS5_fEEXadL_ZNS_18packed_silu_kernelIS3_EES5_S7_fEELb1ELb1ELb0ELb0EEEvPS5_PS6_ifff--5,gpgpu_n_l1cache_bkconflict,353.0,353.0,gpgpu_n_l1cache_bkconflict\s*=\s*(.*)
instance,llm_layer,layer,H100-SASS-Accelwattch_SASS_SIM,nvjet_sm90_tst_64x8_64x16_4x1_v_bz_splitK_TNT--4,gpgpu_n_l1cache_bkconflict,0.0,0.0,gpgpu_n_l1cache_bkconflict\s*=\s*(.*)
instance,llm_layer,layer,H100-SASS-Accelwattch_SASS_SIM,_ZN8cublasLt19splitKreduce_kernelILi32ELi16Eif13__nv_bfloat16fS1_Lb0EfS1_S1_Lb1ELb0ELb0ELb0EEEvNS_18cublasSplitKParamsIT4_EEPKT2_PKT8_PT7_PT3_PKS3_SG_PKT9_S7_PSH_PvlPS3_PiSM_SM_SG_SG_SG_SG_SG_--5,gpgpu_n_l1cache_bkconflict,0.0,0.0,gpgpu_n_l1cache_bkconflict\s*=\s*(.*)
instance,llm_layer,layer,H100-SASS-Accelwattch_SASS_SIM,_ZN4vllm25fused_add_rms_norm_kernelIN3c108BFloat16ELi8ELb1EEENSt9enable_ifIXaagtT0_Li0Esr4vllm12_typeConvertIT_EE6existsEvE4typeEPS4_lS7_PKS4_fiil--12,gpgpu_n_l1cache_bkconflict,0.0,0.0,gpgpu_n_l1cache_bkconflict\s*=\s*(.*)
instance,llm_layer,layer,H100-SASS-Accelwattch_SASS_SIM,nvjet_sm90_tst_64x8_64x16_4x1_v_bz_bias_TNT--5,gpgpu_n_l1cache_bkconflict,0.0,0.0,gpgpu_n_l1cache_bkconflict\s*=\s*(.*)
instance,llm_layer,layer,H100-SASS-Accelwattch_SASS_SIM,_ZN4vllm23rotary_embedding_kernelIN3c108BFloat16ES2_Lb1EEEvPKlPT_S6_PKT0_illliiilb--6,gpgpu_n_l1cache_bkconflict,0.0,0.0,gpgpu_n_l1cache_bkconflict\s*=\s*(.*)
instance,llm_layer,layer,H100-SASS-Accelwattch_SASS_SIM,_ZN4vllm30reshape_and_cache_flash_kernelI13__nv_bfloat16S1_LNS_18Fp8KVCacheDataTypeE0EEEvPKT_S5_PT0_S7_PKlllllliiiPKfSB_i--6,gpgpu_n_l1cache_bkconflict,0.0,0.0,gpgpu_n_l1cache_bkconflict\s*=\s*(.*)
instance,llm_layer,layer,H100-SASS-Accelwattch_SASS_SIM,_ZN7cutlass13device_kernelIN5flash20enable_sm90_or_laterINS1_16FlashAttnFwdSm90INS1_25CollectiveMainloopFwdSm90ILi2EN4cute5tupleIJNS5_1CILi1EEES8_S8_EEENS6_IJNS7_ILi64EEENS7_ILi192EEESA_EEELi64ENS_10bfloat16_tEfNS_4arch4Sm90ELb0ELb0ELb0ELb1ELb1ELb0ELb0ELb1ELb1ELb1ELb0ELb0ESD_Li1EEENS1_21CollectiveEpilogueFwdINS6_IJSA_SA_SB_EEES9_SD_SF_Li128ELb1ELb1ELb0ELb0ELi1EEENS1_36VarlenDynamicPersistentTileSchedulerILi64ELi192ELi128ELi128ELb0ELb1ELb1ELb0ELb0ELb1EEEEEEEEEvNT_6ParamsE--5,gpgpu_n_l1cache_bkconflict,239.0,239.0,gpgpu_n_l1cache_bkconflict\s*=\s*(.*)
instance,llm_layer,layer,H100-SASS-Accelwattch_SASS_SIM,_ZN2at6native29vectorized_elementwise_kernelILi4ENS0_11FillFunctorIiEESt5arrayIPcLm1EEEEviT0_T1_--6,gpgpu_n_l1cache_bkconflict,0.0,0.0,gpgpu_n_l1cache_bkconflict\s*=\s*(.*)
instance,llm_layer,layer,H100-SASS-Accelwattch_SASS_SIM,nvjet_sm90_tst_64x8_64x16_4x1_v_bz_TNT--5,gpgpu_n_l1cache_bkconflict,0.0,0.0,gpgpu_n_l1cache_bkconflict\s*=\s*(.*)
instance,llm_layer,layer,H100-SASS-Accelwattch_SASS_SIM,_ZN4vllm25fused_add_rms_norm_kernelIN3c108BFloat16ELi8ELb1EEENSt9enable_ifIXaagtT0_Li0Esr4vllm12_typeConvertIT_EE6existsEvE4typeEPS4_lS7_PKS4_fiil--13,gpgpu_n_l1cache_bkconflict,0.0,0.0,gpgpu_n_l1cache_bkconflict\s*=\s*(.*)
instance,llm_layer,layer,H100-SASS-Accelwattch_SASS_SIM,nvjet_sm90_tst_128x8_64x12_4x1_v_bz_TNT--5,gpgpu_n_l1cache_bkconflict,0.0,0.0,gpgpu_n_l1cache_bkconflict\s*=\s*(.*)
instance,llm_layer,layer,H100-SASS-Accelwattch_SASS_SIM,_ZN4vllm18act_and_mul_kernelIN3c108BFloat16E14__nv_bfloat162XadL_ZNS_11silu_kernelIS2_EET_RKS5_fEEXadL_ZNS_18packed_silu_kernelIS3_EES5_S7_fEELb1ELb1ELb0ELb0EEEvPS5_PS6_ifff--6,gpgpu_n_l1cache_bkconflict,353.0,353.0,gpgpu_n_l1cache_bkconflict\s*=\s*(.*)
instance,llm_layer,layer,H100-SASS-Accelwattch_SASS_SIM,nvjet_sm90_tst_64x8_64x16_4x1_v_bz_splitK_TNT--5,gpgpu_n_l1cache_bkconflict,0.0,0.0,gpgpu_n_l1cache_bkconflict\s*=\s*(.*)
instance,llm_layer,layer,H100-SASS-Accelwattch_SASS_SIM,_ZN8cublasLt19splitKreduce_kernelILi32ELi16Eif13__nv_bfloat16fS1_Lb0EfS1_S1_Lb1ELb0ELb0ELb0EEEvNS_18cublasSplitKParamsIT4_EEPKT2_PKT8_PT7_PT3_PKS3_SG_PKT9_S7_PSH_PvlPS3_PiSM_SM_SG_SG_SG_SG_SG_--6,gpgpu_n_l1cache_bkconflict,0.0,0.0,gpgpu_n_l1cache_bkconflict\s*=\s*(.*)
instance,llm_layer,layer,H100-SASS-Accelwattch_SASS_SIM,_ZN4vllm25fused_add_rms_norm_kernelIN3c108BFloat16ELi8ELb1EEENSt9enable_ifIXaagtT0_Li0Esr4vllm12_typeConvertIT_EE6existsEvE4typeEPS4_lS7_PKS4_fiil--14,gpgpu_n_l1cache_bkconflict,0.0,0.0,gpgpu_n_l1cache_bkconflict\s*=\s*(.*)
instance,llm_layer,layer,H100-SASS-Accelwattch_SASS_SIM,nvjet_sm90_tst_64x8_64x16_4x1_v_bz_bias_TNT--6,gpgpu_n_l1cache_bkconflict,0.0,0.0,gpgpu_n_l1cache_bkconflict\s*=\s*(.*)
instance,llm_layer,layer,H100-SASS-Accelwattch_SASS_SIM,_ZN4vllm23rotary_embedding_kernelIN3c108BFloat16ES2_Lb1EEEvPKlPT_S6_PKT0_illliiilb--7,gpgpu_n_l1cache_bkconflict,0.0,0.0,gpgpu_n_l1cache_bkconflict\s*=\s*(.*)
instance,llm_layer,layer,H100-SASS-Accelwattch_SASS_SIM,_ZN4vllm30reshape_and_cache_flash_kernelI13__nv_bfloat16S1_LNS_18Fp8KVCacheDataTypeE0EEEvPKT_S5_PT0_S7_PKlllllliiiPKfSB_i--7,gpgpu_n_l1cache_bkconflict,0.0,0.0,gpgpu_n_l1cache_bkconflict\s*=\s*(.*)
instance,llm_layer,layer,H100-SASS-Accelwattch_SASS_SIM,_ZN7cutlass13device_kernelIN5flash20enable_sm90_or_laterINS1_16FlashAttnFwdSm90INS1_25CollectiveMainloopFwdSm90ILi2EN4cute5tupleIJNS5_1CILi1EEES8_S8_EEENS6_IJNS7_ILi64EEENS7_ILi192EEESA_EEELi64ENS_10bfloat16_tEfNS_4arch4Sm90ELb0ELb0ELb0ELb1ELb1ELb0ELb0ELb1ELb1ELb1ELb0ELb0ESD_Li1EEENS1_21CollectiveEpilogueFwdINS6_IJSA_SA_SB_EEES9_SD_SF_Li128ELb1ELb1ELb0ELb0ELi1EEENS1_36VarlenDynamicPersistentTileSchedulerILi64ELi192ELi128ELi128ELb0ELb1ELb1ELb0ELb0ELb1EEEEEEEEEvNT_6ParamsE--6,gpgpu_n_l1cache_bkconflict,237.0,237.0,gpgpu_n_l1cache_bkconflict\s*=\s*(.*)
instance,llm_layer,layer,H100-SASS-Accelwattch_SASS_SIM,_ZN2at6native29vectorized_elementwise_kernelILi4ENS0_11FillFunctorIiEESt5arrayIPcLm1EEEEviT0_T1_--7,gpgpu_n_l1cache_bkconflict,0.0,0.0,gpgpu_n_l1cache_bkconflict\s*=\s*(.*)
instance,llm_layer,layer,H100-SASS-Accelwattch_SASS_SIM,nvjet_sm90_tst_64x8_64x16_4x1_v_bz_TNT--6,gpgpu_n_l1cache_bkconflict,0.0,0.0,gpgpu_n_l1cache_bkconflict\s*=\s*(.*)
instance,llm_layer,layer,H100-SASS-Accelwattch_SASS_SIM,_ZN4vllm25fused_add_rms_norm_kernelIN3c108BFloat16ELi8ELb1EEENSt9enable_ifIXaagtT0_Li0Esr4vllm12_typeConvertIT_EE6existsEvE4typeEPS4_lS7_PKS4_fiil--15,gpgpu_n_l1cache_bkconflict,0.0,0.0,gpgpu_n_l1cache_bkconflict\s*=\s*(.*)
instance,llm_layer,layer,H100-SASS-Accelwattch_SASS_SIM,nvjet_sm90_tst_128x8_64x12_4x1_v_bz_TNT--6,gpgpu_n_l1cache_bkconflict,0.0,0.0,gpgpu_n_l1cache_bkconflict\s*=\s*(.*)
instance,llm_layer,layer,H100-SASS-Accelwattch_SASS_SIM,_ZN4vllm18act_and_mul_kernelIN3c108BFloat16E14__nv_bfloat162XadL_ZNS_11silu_kernelIS2_EET_RKS5_fEEXadL_ZNS_18packed_silu_kernelIS3_EES5_S7_fEELb1ELb1ELb0ELb0EEEvPS5_PS6_ifff--7,gpgpu_n_l1cache_bkconflict,353.0,353.0,gpgpu_n_l1cache_bkconflict\s*=\s*(.*)
instance,llm_layer,layer,H100-SASS-Accelwattch_SASS_SIM,nvjet_sm90_tst_64x8_64x16_4x1_v_bz_splitK_TNT--6,gpgpu_n_l1cache_bkconflict,0.0,0.0,gpgpu_n_l1cache_bkconflict\s*=\s*(.*)
instance,llm_layer,layer,H100-SASS-Accelwattch_SASS_SIM,_ZN8cublasLt19splitKreduce_kernelILi32ELi16Eif13__nv_bfloat16fS1_Lb0EfS1_S1_Lb1ELb0ELb0ELb0EEEvNS_18cublasSplitKParamsIT4_EEPKT2_PKT8_PT7_PT3_PKS3_SG_PKT9_S7_PSH_PvlPS3_PiSM_SM_SG_SG_SG_SG_SG_--7,gpgpu_n_l1cache_bkconflict,0.0,0.0,gpgpu_n_l1cache_bkconflict\s*=\s*(.*)
instance,llm_layer,layer,H100-SASS-Accelwattch_SASS_SIM,_ZN4vllm25fused_add_rms_norm_kernelIN3c108BFloat16ELi8ELb1EEENSt9enable_ifIXaagtT0_Li0Esr4vllm12_typeConvertIT_EE6existsEvE4typeEPS4_lS7_PKS4_fiil--0,gpu_ipc,111.9651,111.9651,gpu_ipc\s*=\s*(.*)
instance,llm_layer,layer,H100-SASS-Accelwattch_SASS_SIM,nvjet_sm90_tst_64x8_64x16_4x2_h_bz_bias_TNT--0,gpu_ipc,788.5249,788.5249,gpu_ipc\s*=\s*(.*)
instance,llm_layer,layer,H100-SASS-Accelwattch_SASS_SIM,_ZN4vllm23rotary_embedding_kernelIN3c108BFloat16ES2_Lb1EEEvPKlPT_S6_PKT0_illliiilb--0,gpu_ipc,98.9012,98.9012,gpu_ipc\s*=\s*(.*)
instance,llm_layer,layer,H100-SASS-Accelwattch_SASS_SIM,_ZN4vllm30reshape_and_cache_flash_kernelI13__nv_bfloat16S1_LNS_18Fp8KVCacheDataTypeE0EEEvPKT_S5_PT0_S7_PKlllllliiiPKfSB_i--0,gpu_ipc,31.987,31.9870,gpu_ipc\s*=\s*(.*)
instance,llm_layer,layer,H100-SASS-Accelwattch_SASS_SIM,_ZN7cutlass13device_kernelIN5flash20enable_sm90_or_laterINS1_16FlashAttnFwdSm90INS1_25CollectiveMainloopFwdSm90ILi2EN4cute5tupleIJNS5_1CILi1EEES8_S8_EEENS6_IJNS7_ILi192EEENS7_ILi128EEENS7_ILi64EEEEEELi64ENS_10bfloat16_tEfNS_4arch4Sm90ELb1ELb0ELb0ELb1ELb1ELb0ELb0ELb1ELb1ELb1ELb0ELb0ESE_Li1EEENS1_21CollectiveEpilogueFwdINS6_IJSA_SC_SB_EEES9_SE_SG_Li384ELb1ELb1ELb0ELb0ELi1EEENS1_36VarlenDynamicPersistentTileSchedulerILi192ELi128ELi384ELi128ELb0ELb1ELb1ELb1ELb0ELb1EEEEEEEEEvNT_6ParamsE--0,gpu_ipc,362.147,362.1470,gpu_ipc\s*=\s*(.*)
instance,llm_layer,layer,H100-SASS-Accelwattch_SASS_SIM,_ZN2at6native29vectorized_elementwise_kernelILi4ENS0_11FillFunctorIiEESt5arrayIPcLm1EEEEviT0_T1_--0,gpu_ipc,0.8811,0.8811,gpu_ipc\s*=\s*(.*)
instance,llm_layer,layer,H100-SASS-Accelwattch_SASS_SIM,nvjet_sm90_tst_64x8_64x16_4x2_h_bz_TNT--0,gpu_ipc,658.3301,658.3301,gpu_ipc\s*=\s*(.*)
instance,llm_layer,layer,H100-SASS-Accelwattch_SASS_SIM,_ZN4vllm25fused_add_rms_norm_kernelIN3c108BFloat16ELi8ELb1EEENSt9enable_ifIXaagtT0_Li0Esr4vllm12_typeConvertIT_EE6existsEvE4typeEPS4_lS7_PKS4_fiil--1,gpu_ipc,111.8848,111.8848,gpu_ipc\s*=\s*(.*)
instance,llm_layer,layer,H100-SASS-Accelwattch_SASS_SIM,nvjet_sm90_tst_128x16_64x11_4x1_v_bz_TNT--0,gpu_ipc,875.5679,875.5679,gpu_ipc\s*=\s*(.*)
instance,llm_layer,layer,H100-SASS-Accelwattch_SASS_SIM,_ZN4vllm18act_and_mul_kernelIN3c108BFloat16E14__nv_bfloat162XadL_ZNS_11silu_kernelIS2_EET_RKS5_fEEXadL_ZNS_18packed_silu_kernelIS3_EES5_S7_fEELb1ELb1ELb0ELb0EEEvPS5_PS6_ifff--0,gpu_ipc,275.5509,275.5509,gpu_ipc\s*=\s*(.*)
instance,llm_layer,layer,H100-SASS-Accelwattch_SASS_SIM,nvjet_sm90_tst_64x16_64x16_4x1_v_bz_splitK_TNT--0,gpu_ipc,927.8337,927.8337,gpu_ipc\s*=\s*(.*)
instance,llm_layer,layer,H100-SASS-Accelwattch_SASS_SIM,_ZN8cublasLt19splitKreduce_kernelILi32ELi16Eif13__nv_bfloat16fS1_Lb0EfS1_S1_Lb1ELb0ELb0ELb0EEEvNS_18cublasSplitKParamsIT4_EEPKT2_PKT8_PT7_PT3_PKS3_SG_PKT9_S7_PSH_PvlPS3_PiSM_SM_SG_SG_SG_SG_SG_--0,gpu_ipc,206.1113,206.1113,gpu_ipc\s*=\s*(.*)
instance,llm_layer,layer,H100-SASS-Accelwattch_SASS_SIM,_ZN4vllm25fused_add_rms_norm_kernelIN3c108BFloat16ELi8ELb1EEENSt9enable_ifIXaagtT0_Li0Esr4vllm12_typeConvertIT_EE6existsEvE4typeEPS4_lS7_PKS4_fiil--2,gpu_ipc,10.9104,10.9104,gpu_ipc\s*=\s*(.*)
instance,llm_layer,layer,H100-SASS-Accelwattch_SASS_SIM,nvjet_sm90_tst_64x8_64x16_4x1_v_bz_bias_TNT--0,gpu_ipc,398.7656,398.7656,gpu_ipc\s*=\s*(.*)
instance,llm_layer,layer,H100-SASS-Accelwattch_SASS_SIM,_ZN4vllm23rotary_embedding_kernelIN3c108BFloat16ES2_Lb1EEEvPKlPT_S6_PKT0_illliiilb--1,gpu_ipc,10.6342,10.6342,gpu_ipc\s*=\s*(.*)
instance,llm_layer,layer,H100-SASS-Accelwattch_SASS_SIM,_ZN4vllm30reshape_and_cache_flash_kernelI13__nv_bfloat16S1_LNS_18Fp8KVCacheDataTypeE0EEEvPKT_S5_PT0_S7_PKlllllliiiPKfSB_i--1,gpu_ipc,3.4744,3.4744,gpu_ipc\s*=\s*(.*)
instance,llm_layer,layer,H100-SASS-Accelwattch_SASS_SIM,_ZN7cutlass13device_kernelIN5flash20enable_sm90_or_laterINS1_16FlashAttnFwdSm90INS1_25CollectiveMainloopFwdSm90ILi2EN4cute5tupleIJNS5_1CILi1EEES8_S8_EEENS6_IJNS7_ILi64EEENS7_ILi192EEESA_EEELi64ENS_10bfloat16_tEfNS_4arch4Sm90ELb0ELb0ELb0ELb1ELb1ELb0ELb0ELb1ELb1ELb1ELb0ELb0ESD_Li1EEENS1_21CollectiveEpilogueFwdINS6_IJSA_SA_SB_EEES9_SD_SF_Li128ELb1ELb1ELb0ELb0ELi1EEENS1_36VarlenDynamicPersistentTileSchedulerILi64ELi192ELi128ELi128ELb0ELb1ELb1ELb0ELb0ELb1EEEEEEEEEvNT_6ParamsE--0,gpu_ipc,276.1205,276.1205,gpu_ipc\s*=\s*(.*)
instance,llm_layer,layer,H100-SASS-Accelwattch_SASS_SIM,_ZN2at6native29vectorized_elementwise_kernelILi4ENS0_11FillFunctorIiEESt5arrayIPcLm1EEEEviT0_T1_--1,gpu_ipc,0.8811,0.8811,gpu_ipc\s*=\s*(.*)
instance,llm_layer,layer,H100-SASS-Accelwattch_SASS_SIM,nvjet_sm90_tst_64x8_64x16_4x1_v_bz_TNT--0,gpu_ipc,321.8421,321.8421,gpu_ipc\s*=\s*(.*)
instance,llm_layer,layer,H100-SASS-Accelwattch_SASS_SIM,_ZN4vllm25fused_add_rms_norm_kernelIN3c108BFloat16ELi8ELb1EEENSt9enable_ifIXaagtT0_Li0Esr4vllm12_typeConvertIT_EE6existsEvE4typeEPS4_lS7_PKS4_fiil--3,gpu_ipc,11.7142,11.7142,gpu_ipc\s*=\s*(.*)
instance,llm_layer,layer,H100-SASS-Accelwattch_SASS_SIM,nvjet_sm90_tst_128x8_64x12_4x1_v_bz_TNT--0,gpu_ipc,1034.2897,1034.2897,gpu_ipc\s*=\s*(.*)
instance,llm_layer,layer,H100-SASS-Accelwattch_SASS_SIM,_ZN4vllm18act_and_mul_kernelIN3c108BFloat16E14__nv_bfloat162XadL_ZNS_11silu_kernelIS2_EET_RKS5_fEEXadL_ZNS_18packed_silu_kernelIS3_EES5_S7_fEELb1ELb1ELb0ELb0EEEvPS5_PS6_ifff--1,gpu_ipc,27.6172,27.6172,gpu_ipc\s*=\s*(.*)
instance,llm_layer,layer,H100-SASS-Accelwattch_SASS_SIM,nvjet_sm90_tst_64x8_64x16_4x1_v_bz_splitK_TNT--0,gpu_ipc,1060.9843,1060.9843,gpu_ipc\s*=\s*(.*)
instance,llm_layer,layer,H100-SASS-Accelwattch_SASS_SIM,_ZN8cublasLt19splitKreduce_kernelILi32ELi16Eif13__nv_bfloat16fS1_Lb0EfS1_S1_Lb1ELb0ELb0ELb0EEEvNS_18cublasSplitKParamsIT4_EEPKT2_PKT8_PT7_PT3_PKS3_SG_PKT9_S7_PSH_PvlPS3_PiSM_SM_SG_SG_SG_SG_SG_--1,gpu_ipc,122.3666,122.3666,gpu_ipc\s*=\s*(.*)
instance,llm_layer,layer,H100-SASS-Accelwattch_SASS_SIM,_ZN4vllm25fused_add_rms_norm_kernelIN3c108BFloat16ELi8ELb1EEENSt9enable_ifIXaagtT0_Li0Esr4vllm12_typeConvertIT_EE6existsEvE4typeEPS4_lS7_PKS4_fiil--4,gpu_ipc,10.9333,10.9333,gpu_ipc\s*=\s*(.*)
instance,llm_layer,layer,H100-SASS-Accelwattch_SASS_SIM,nvjet_sm90_tst_64x8_64x16_4x1_v_bz_bias_TNT--1,gpu_ipc,402.8542,402.8542,gpu_ipc\s*=\s*(.*)
instance,llm_layer,layer,H100-SASS-Accelwattch_SASS_SIM,_ZN4vllm23rotary_embedding_kernelIN3c108BFloat16ES2_Lb1EEEvPKlPT_S6_PKT0_illliiilb--2,gpu_ipc,10.6283,10.6283,gpu_ipc\s*=\s*(.*)
instance,llm_layer,layer,H100-SASS-Accelwattch_SASS_SIM,_ZN4vllm30reshape_and_cache_flash_kernelI13__nv_bfloat16S1_LNS_18Fp8KVCacheDataTypeE0EEEvPKT_S5_PT0_S7_PKlllllliiiPKfSB_i--2,gpu_ipc,3.4759,3.4759,gpu_ipc\s*=\s*(.*)
instance,llm_layer,layer,H100-SASS-Accelwattch_SASS_SIM,_ZN7cutlass13device_kernelIN5flash20enable_sm90_or_laterINS1_16FlashAttnFwdSm90INS1_25CollectiveMainloopFwdSm90ILi2EN4cute5tupleIJNS5_1CILi1EEES8_S8_EEENS6_IJNS7_ILi64EEENS7_ILi192EEESA_EEELi64ENS_10bfloat16_tEfNS_4arch4Sm90ELb0ELb0ELb0ELb1ELb1ELb0ELb0ELb1ELb1ELb1ELb0ELb0ESD_Li1EEENS1_21CollectiveEpilogueFwdINS6_IJSA_SA_SB_EEES9_SD_SF_Li128ELb1ELb1ELb0ELb0ELi1EEENS1_36VarlenDynamicPersistentTileSchedulerILi64ELi192ELi128ELi128ELb0ELb1ELb1ELb0ELb0ELb1EEEEEEEEEvNT_6ParamsE--1,gpu_ipc,285.0331,285.0331,gpu_ipc\s*=\s*(.*)
instance,llm_layer,layer,H100-SASS-Accelwattch_SASS_SIM,_ZN2at6native29vectorized_elementwise_kernelILi4ENS0_11FillFunctorIiEESt5arrayIPcLm1EEEEviT0_T1_--2,gpu_ipc,0.8811,0.8811,gpu_ipc\s*=\s*(.*)
instance,llm_layer,layer,H100-SASS-Accelwattch_SASS_SIM,nvjet_sm90_tst_64x8_64x16_4x1_v_bz_TNT--1,gpu_ipc,328.0222,328.0222,gpu_ipc\s*=\s*(.*)
instance,llm_layer,layer,H100-SASS-Accelwattch_SASS_SIM,_ZN4vllm25fused_add_rms_norm_kernelIN3c108BFloat16ELi8ELb1EEENSt9enable_ifIXaagtT0_Li0Esr4vllm12_typeConvertIT_EE6existsEvE4typeEPS4_lS7_PKS4_fiil--5,gpu_ipc,11.785,11.7850,gpu_ipc\s*=\s*(.*)
instance,llm_layer,layer,H100-SASS-Accelwattch_SASS_SIM,nvjet_sm90_tst_128x8_64x12_4x1_v_bz_TNT--1,gpu_ipc,1058.3428,1058.3428,gpu_ipc\s*=\s*(.*)
instance,llm_layer,layer,H100-SASS-Accelwattch_SASS_SIM,_ZN4vllm18act_and_mul_kernelIN3c108BFloat16E14__nv_bfloat162XadL_ZNS_11silu_kernelIS2_EET_RKS5_fEEXadL_ZNS_18packed_silu_kernelIS3_EES5_S7_fEELb1ELb1ELb0ELb0EEEvPS5_PS6_ifff--2,gpu_ipc,27.4838,27.4838,gpu_ipc\s*=\s*(.*)
instance,llm_layer,layer,H100-SASS-Accelwattch_SASS_SIM,nvjet_sm90_tst_64x8_64x16_4x1_v_bz_splitK_TNT--1,gpu_ipc,1052.6744,1052.6744,gpu_ipc\s*=\s*(.*)
instance,llm_layer,layer,H100-SASS-Accelwattch_SASS_SIM,_ZN8cublasLt19splitKreduce_kernelILi32ELi16Eif13__nv_bfloat16fS1_Lb0EfS1_S1_Lb1ELb0ELb0ELb0EEEvNS_18cublasSplitKParamsIT4_EEPKT2_PKT8_PT7_PT3_PKS3_SG_PKT9_S7_PSH_PvlPS3_PiSM_SM_SG_SG_SG_SG_SG_--2,gpu_ipc,122.3664,122.3664,gpu_ipc\s*=\s*(.*)
instance,llm_layer,layer,H100-SASS-Accelwattch_SASS_SIM,_ZN4vllm25fused_add_rms_norm_kernelIN3c108BFloat16ELi8ELb1EEENSt9enable_ifIXaagtT0_Li0Esr4vllm12_typeConvertIT_EE6existsEvE4typeEPS4_lS7_PKS4_fiil--6,gpu_ipc,11.3909,11.3909,gpu_ipc\s*=\s*(.*)
instance,llm_layer,layer,H100-SASS-Accelwattch_SASS_SIM,nvjet_sm90_tst_64x8_64x16_4x1_v_bz_bias_TNT--2,gpu_ipc,398.6957,398.6957,gpu_ipc\s*=\s*(.*)
instance,llm_layer,layer,H100-SASS-Accelwattch_SASS_SIM,_ZN4vllm23rotary_embedding_kernelIN3c108BFloat16ES2_Lb1EEEvPKlPT_S6_PKT0_illliiilb--3,gpu_ipc,10.6342,10.6342,gpu_ipc\s*=\s*(.*)
instance,llm_layer,layer,H100-SASS-Accelwattch_SASS_SIM,_ZN4vllm30reshape_and_cache_flash_kernelI13__nv_bfloat16S1_LNS_18Fp8KVCacheDataTypeE0EEEvPKT_S5_PT0_S7_PKlllllliiiPKfSB_i--3,gpu_ipc,3.3319,3.3319,gpu_ipc\s*=\s*(.*)
instance,llm_layer,layer,H100-SASS-Accelwattch_SASS_SIM,_ZN7cutlass13device_kernelIN5flash20enable_sm90_or_laterINS1_16FlashAttnFwdSm90INS1_25CollectiveMainloopFwdSm90ILi2EN4cute5tupleIJNS5_1CILi1EEES8_S8_EEENS6_IJNS7_ILi64EEENS7_ILi192EEESA_EEELi64ENS_10bfloat16_tEfNS_4arch4Sm90ELb0ELb0ELb0ELb1ELb1ELb0ELb0ELb1ELb1ELb1ELb0ELb0ESD_Li1EEENS1_21CollectiveEpilogueFwdINS6_IJSA_SA_SB_EEES9_SD_SF_Li128ELb1ELb1ELb0ELb0ELi1EEENS1_36VarlenDynamicPersistentTileSchedulerILi64ELi192ELi128ELi128ELb0ELb1ELb1ELb0ELb0ELb1EEEEEEEEEvNT_6ParamsE--2,gpu_ipc,279.8011,279.8011,gpu_ipc\s*=\s*(.*)
instance,llm_layer,layer,H100-SASS-Accelwattch_SASS_SIM,_ZN2at6native29vectorized_elementwise_kernelILi4ENS0_11FillFunctorIiEESt5arrayIPcLm1EEEEviT0_T1_--3,gpu_ipc,0.8811,0.8811,gpu_ipc\s*=\s*(.*)
instance,llm_layer,layer,H100-SASS-Accelwattch_SASS_SIM,nvjet_sm90_tst_64x8_64x16_4x1_v_bz_TNT--2,gpu_ipc,329.9926,329.9926,gpu_ipc\s*=\s*(.*)
instance,llm_layer,layer,H100-SASS-Accelwattch_SASS_SIM,_ZN4vllm25fused_add_rms_norm_kernelIN3c108BFloat16ELi8ELb1EEENSt9enable_ifIXaagtT0_Li0Esr4vllm12_typeConvertIT_EE6existsEvE4typeEPS4_lS7_PKS4_fiil--7,gpu_ipc,11.6267,11.6267,gpu_ipc\s*=\s*(.*)
instance,llm_layer,layer,H100-SASS-Accelwattch_SASS_SIM,nvjet_sm90_tst_128x8_64x12_4x1_v_bz_TNT--2,gpu_ipc,1114.0608,1114.0608,gpu_ipc\s*=\s*(.*)
instance,llm_layer,layer,H100-SASS-Accelwattch_SASS_SIM,_ZN4vllm18act_and_mul_kernelIN3c108BFloat16E14__nv_bfloat162XadL_ZNS_11silu_kernelIS2_EET_RKS5_fEEXadL_ZNS_18packed_silu_kernelIS3_EES5_S7_fEELb1ELb1ELb0ELb0EEEvPS5_PS6_ifff--3,gpu_ipc,26.9902,26.9902,gpu_ipc\s*=\s*(.*)
instance,llm_layer,layer,H100-SASS-Accelwattch_SASS_SIM,nvjet_sm90_tst_64x8_64x16_4x1_v_bz_splitK_TNT--2,gpu_ipc,1107.6233,1107.6233,gpu_ipc\s*=\s*(.*)
instance,llm_layer,layer,H100-SASS-Accelwattch_SASS_SIM,_ZN8cublasLt19splitKreduce_kernelILi32ELi16Eif13__nv_bfloat16fS1_Lb0EfS1_S1_Lb1ELb0ELb0ELb0EEEvNS_18cublasSplitKParamsIT4_EEPKT2_PKT8_PT7_PT3_PKS3_SG_PKT9_S7_PSH_PvlPS3_PiSM_SM_SG_SG_SG_SG_SG_--3,gpu_ipc,122.3666,122.3666,gpu_ipc\s*=\s*(.*)
instance,llm_layer,layer,H100-SASS-Accelwattch_SASS_SIM,_ZN4vllm25fused_add_rms_norm_kernelIN3c108BFloat16ELi8ELb1EEENSt9enable_ifIXaagtT0_Li0Esr4vllm12_typeConvertIT_EE6existsEvE4typeEPS4_lS7_PKS4_fiil--8,gpu_ipc,11.6376,11.6376,gpu_ipc\s*=\s*(.*)
instance,llm_layer,layer,H100-SASS-Accelwattch_SASS_SIM,nvjet_sm90_tst_64x8_64x16_4x1_v_bz_bias_TNT--3,gpu_ipc,400.7271,400.7271,gpu_ipc\s*=\s*(.*)
instance,llm_layer,layer,H100-SASS-Accelwattch_SASS_SIM,_ZN4vllm23rotary_embedding_kernelIN3c108BFloat16ES2_Lb1EEEvPKlPT_S6_PKT0_illliiilb--4,gpu_ipc,10.2551,10.2551,gpu_ipc\s*=\s*(.*)
instance,llm_layer,layer,H100-SASS-Accelwattch_SASS_SIM,_ZN4vllm30reshape_and_cache_flash_kernelI13__nv_bfloat16S1_LNS_18Fp8KVCacheDataTypeE0EEEvPKT_S5_PT0_S7_PKlllllliiiPKfSB_i--4,gpu_ipc,3.3263,3.3263,gpu_ipc\s*=\s*(.*)
instance,llm_layer,layer,H100-SASS-Accelwattch_SASS_SIM,_ZN7cutlass13device_kernelIN5flash20enable_sm90_or_laterINS1_16FlashAttnFwdSm90INS1_25CollectiveMainloopFwdSm90ILi2EN4cute5tupleIJNS5_1CILi1EEES8_S8_EEENS6_IJNS7_ILi64EEENS7_ILi192EEESA_EEELi64ENS_10bfloat16_tEfNS_4arch4Sm90ELb0ELb0ELb0ELb1ELb1ELb0ELb0ELb1ELb1ELb1ELb0ELb0ESD_Li1EEENS1_21CollectiveEpilogueFwdINS6_IJSA_SA_SB_EEES9_SD_SF_Li128ELb1ELb1ELb0ELb0ELi1EEENS1_36VarlenDynamicPersistentTileSchedulerILi64ELi192ELi128ELi128ELb0ELb1ELb1ELb0ELb0ELb1EEEEEEEEEvNT_6ParamsE--3,gpu_ipc,281.2585,281.2585,gpu_ipc\s*=\s*(.*)
instance,llm_layer,layer,H100-SASS-Accelwattch_SASS_SIM,_ZN2at6native29vectorized_elementwise_kernelILi4ENS0_11FillFunctorIiEESt5arrayIPcLm1EEEEviT0_T1_--4,gpu_ipc,0.8811,0.8811,gpu_ipc\s*=\s*(.*)
instance,llm_layer,layer,H100-SASS-Accelwattch_SASS_SIM,nvjet_sm90_tst_64x8_64x16_4x1_v_bz_TNT--3,gpu_ipc,322.8705,322.8705,gpu_ipc\s*=\s*(.*)
instance,llm_layer,layer,H100-SASS-Accelwattch_SASS_SIM,_ZN4vllm25fused_add_rms_norm_kernelIN3c108BFloat16ELi8ELb1EEENSt9enable_ifIXaagtT0_Li0Esr4vllm12_typeConvertIT_EE6existsEvE4typeEPS4_lS7_PKS4_fiil--9,gpu_ipc,11.723,11.7230,gpu_ipc\s*=\s*(.*)
instance,llm_layer,layer,H100-SASS-Accelwattch_SASS_SIM,nvjet_sm90_tst_128x8_64x12_4x1_v_bz_TNT--3,gpu_ipc,1118.3307,1118.3307,gpu_ipc\s*=\s*(.*)
instance,llm_layer,layer,H100-SASS-Accelwattch_SASS_SIM,_ZN4vllm18act_and_mul_kernelIN3c108BFloat16E14__nv_bfloat162XadL_ZNS_11silu_kernelIS2_EET_RKS5_fEEXadL_ZNS_18packed_silu_kernelIS3_EES5_S7_fEELb1ELb1ELb0ELb0EEEvPS5_PS6_ifff--4,gpu_ipc,27.6316,27.6316,gpu_ipc\s*=\s*(.*)
instance,llm_layer,layer,H100-SASS-Accelwattch_SASS_SIM,nvjet_sm90_tst_64x8_64x16_4x1_v_bz_splitK_TNT--3,gpu_ipc,1069.2225,1069.2225,gpu_ipc\s*=\s*(.*)
instance,llm_layer,layer,H100-SASS-Accelwattch_SASS_SIM,_ZN8cublasLt19splitKreduce_kernelILi32ELi16Eif13__nv_bfloat16fS1_Lb0EfS1_S1_Lb1ELb0ELb0ELb0EEEvNS_18cublasSplitKParamsIT4_EEPKT2_PKT8_PT7_PT3_PKS3_SG_PKT9_S7_PSH_PvlPS3_PiSM_SM_SG_SG_SG_SG_SG_--4,gpu_ipc,116.8083,116.8083,gpu_ipc\s*=\s*(.*)
instance,llm_layer,layer,H100-SASS-Accelwattch_SASS_SIM,_ZN4vllm25fused_add_rms_norm_kernelIN3c108BFloat16ELi8ELb1EEENSt9enable_ifIXaagtT0_Li0Esr4vllm12_typeConvertIT_EE6existsEvE4typeEPS4_lS7_PKS4_fiil--10,gpu_ipc,11.6528,11.6528,gpu_ipc\s*=\s*(.*)
instance,llm_layer,layer,H100-SASS-Accelwattch_SASS_SIM,nvjet_sm90_tst_64x8_64x16_4x1_v_bz_bias_TNT--4,gpu_ipc,403.1595,403.1595,gpu_ipc\s*=\s*(.*)
instance,llm_layer,layer,H100-SASS-Accelwattch_SASS_SIM,_ZN4vllm23rotary_embedding_kernelIN3c108BFloat16ES2_Lb1EEEvPKlPT_S6_PKT0_illliiilb--5,gpu_ipc,10.6481,10.6481,gpu_ipc\s*=\s*(.*)
instance,llm_layer,layer,H100-SASS-Accelwattch_SASS_SIM,_ZN4vllm30reshape_and_cache_flash_kernelI13__nv_bfloat16S1_LNS_18Fp8KVCacheDataTypeE0EEEvPKT_S5_PT0_S7_PKlllllliiiPKfSB_i--5,gpu_ipc,3.4759,3.4759,gpu_ipc\s*=\s*(.*)
instance,llm_layer,layer,H100-SASS-Accelwattch_SASS_SIM,_ZN7cutlass13device_kernelIN5flash20enable_sm90_or_laterINS1_16FlashAttnFwdSm90INS1_25CollectiveMainloopFwdSm90ILi2EN4cute5tupleIJNS5_1CILi1EEES8_S8_EEENS6_IJNS7_ILi64EEENS7_ILi192EEESA_EEELi64ENS_10bfloat16_tEfNS_4arch4Sm90ELb0ELb0ELb0ELb1ELb1ELb0ELb0ELb1ELb1ELb1ELb0ELb0ESD_Li1EEENS1_21CollectiveEpilogueFwdINS6_IJSA_SA_SB_EEES9_SD_SF_Li128ELb1ELb1ELb0ELb0ELi1EEENS1_36VarlenDynamicPersistentTileSchedulerILi64ELi192ELi128ELi128ELb0ELb1ELb1ELb0ELb0ELb1EEEEEEEEEvNT_6ParamsE--4,gpu_ipc,288.0325,288.0325,gpu_ipc\s*=\s*(.*)
instance,llm_layer,layer,H100-SASS-Accelwattch_SASS_SIM,_ZN2at6native29vectorized_elementwise_kernelILi4ENS0_11FillFunctorIiEESt5arrayIPcLm1EEEEviT0_T1_--5,gpu_ipc,0.8811,0.8811,gpu_ipc\s*=\s*(.*)
instance,llm_layer,layer,H100-SASS-Accelwattch_SASS_SIM,nvjet_sm90_tst_64x8_64x16_4x1_v_bz_TNT--4,gpu_ipc,336.803,336.8030,gpu_ipc\s*=\s*(.*)
instance,llm_layer,layer,H100-SASS-Accelwattch_SASS_SIM,_ZN4vllm25fused_add_rms_norm_kernelIN3c108BFloat16ELi8ELb1EEENSt9enable_ifIXaagtT0_Li0Esr4vllm12_typeConvertIT_EE6existsEvE4typeEPS4_lS7_PKS4_fiil--11,gpu_ipc,11.7806,11.7806,gpu_ipc\s*=\s*(.*)
instance,llm_layer,layer,H100-SASS-Accelwattch_SASS_SIM,nvjet_sm90_tst_128x8_64x12_4x1_v_bz_TNT--4,gpu_ipc,1065.202,1065.2020,gpu_ipc\s*=\s*(.*)
instance,llm_layer,layer,H100-SASS-Accelwattch_SASS_SIM,_ZN4vllm18act_and_mul_kernelIN3c108BFloat16E14__nv_bfloat162XadL_ZNS_11silu_kernelIS2_EET_RKS5_fEEXadL_ZNS_18packed_silu_kernelIS3_EES5_S7_fEELb1ELb1ELb0ELb0EEEvPS5_PS6_ifff--5,gpu_ipc,27.0819,27.0819,gpu_ipc\s*=\s*(.*)
instance,llm_layer,layer,H100-SASS-Accelwattch_SASS_SIM,nvjet_sm90_tst_64x8_64x16_4x1_v_bz_splitK_TNT--4,gpu_ipc,1050.2791,1050.2791,gpu_ipc\s*=\s*(.*)
instance,llm_layer,layer,H100-SASS-Accelwattch_SASS_SIM,_ZN8cublasLt19splitKreduce_kernelILi32ELi16Eif13__nv_bfloat16fS1_Lb0EfS1_S1_Lb1ELb0ELb0ELb0EEEvNS_18cublasSplitKParamsIT4_EEPKT2_PKT8_PT7_PT3_PKS3_SG_PKT9_S7_PSH_PvlPS3_PiSM_SM_SG_SG_SG_SG_SG_--5,gpu_ipc,122.3664,122.3664,gpu_ipc\s*=\s*(.*)
instance,llm_layer,layer,H100-SASS-Accelwattch_SASS_SIM,_ZN4vllm25fused_add_rms_norm_kernelIN3c108BFloat16ELi8ELb1EEENSt9enable_ifIXaagtT0_Li0Esr4vllm12_typeConvertIT_EE6existsEvE4typeEPS4_lS7_PKS4_fiil--12,gpu_ipc,11.2755,11.2755,gpu_ipc\s*=\s*(.*)
instance,llm_layer,layer,H100-SASS-Accelwattch_SASS_SIM,nvjet_sm90_tst_64x8_64x16_4x1_v_bz_bias_TNT--5,gpu_ipc,398.4836,398.4836,gpu_ipc\s*=\s*(.*)
instance,llm_layer,layer,H100-SASS-Accelwattch_SASS_SIM,_ZN4vllm23rotary_embedding_kernelIN3c108BFloat16ES2_Lb1EEEvPKlPT_S6_PKT0_illliiilb--6,gpu_ipc,10.6342,10.6342,gpu_ipc\s*=\s*(.*)
instance,llm_layer,layer,H100-SASS-Accelwattch_SASS_SIM,_ZN4vllm30reshape_and_cache_flash_kernelI13__nv_bfloat16S1_LNS_18Fp8KVCacheDataTypeE0EEEvPKT_S5_PT0_S7_PKlllllliiiPKfSB_i--6,gpu_ipc,3.3305,3.3305,gpu_ipc\s*=\s*(.*)
instance,llm_layer,layer,H100-SASS-Accelwattch_SASS_SIM,_ZN7cutlass13device_kernelIN5flash20enable_sm90_or_laterINS1_16FlashAttnFwdSm90INS1_25CollectiveMainloopFwdSm90ILi2EN4cute5tupleIJNS5_1CILi1EEES8_S8_EEENS6_IJNS7_ILi64EEENS7_ILi192EEESA_EEELi64ENS_10bfloat16_tEfNS_4arch4Sm90ELb0ELb0ELb0ELb1ELb1ELb0ELb0ELb1ELb1ELb1ELb0ELb0ESD_Li1EEENS1_21CollectiveEpilogueFwdINS6_IJSA_SA_SB_EEES9_SD_SF_Li128ELb1ELb1ELb0ELb0ELi1EEENS1_36VarlenDynamicPersistentTileSchedulerILi64ELi192ELi128ELi128ELb0ELb1ELb1ELb0ELb0ELb1EEEEEEEEEvNT_6ParamsE--5,gpu_ipc,276.562,276.5620,gpu_ipc\s*=\s*(.*)
instance,llm_layer,layer,H100-SASS-Accelwattch_SASS_SIM,_ZN2at6native29vectorized_elementwise_kernelILi4ENS0_11FillFunctorIiEESt5arrayIPcLm1EEEEviT0_T1_--6,gpu_ipc,0.8811,0.8811,gpu_ipc\s*=\s*(.*)
instance,llm_layer,layer,H100-SASS-Accelwattch_SASS_SIM,nvjet_sm90_tst_64x8_64x16_4x1_v_bz_TNT--5,gpu_ipc,330.4932,330.4932,gpu_ipc\s*=\s*(.*)
instance,llm_layer,layer,H100-SASS-Accelwattch_SASS_SIM,_ZN4vllm25fused_add_rms_norm_kernelIN3c108BFloat16ELi8ELb1EEENSt9enable_ifIXaagtT0_Li0Esr4vllm12_typeConvertIT_EE6existsEvE4typeEPS4_lS7_PKS4_fiil--13,gpu_ipc,11.6311,11.6311,gpu_ipc\s*=\s*(.*)
instance,llm_layer,layer,H100-SASS-Accelwattch_SASS_SIM,nvjet_sm90_tst_128x8_64x12_4x1_v_bz_TNT--5,gpu_ipc,1102.6785,1102.6785,gpu_ipc\s*=\s*(.*)
instance,llm_layer,layer,H100-SASS-Accelwattch_SASS_SIM,_ZN4vllm18act_and_mul_kernelIN3c108BFloat16E14__nv_bfloat162XadL_ZNS_11silu_kernelIS2_EET_RKS5_fEEXadL_ZNS_18packed_silu_kernelIS3_EES5_S7_fEELb1ELb1ELb0ELb0EEEvPS5_PS6_ifff--6,gpu_ipc,26.9491,26.9491,gpu_ipc\s*=\s*(.*)
instance,llm_layer,layer,H100-SASS-Accelwattch_SASS_SIM,nvjet_sm90_tst_64x8_64x16_4x1_v_bz_splitK_TNT--5,gpu_ipc,1124.3356,1124.3356,gpu_ipc\s*=\s*(.*)
instance,llm_layer,layer,H100-SASS-Accelwattch_SASS_SIM,_ZN8cublasLt19splitKreduce_kernelILi32ELi16Eif13__nv_bfloat16fS1_Lb0EfS1_S1_Lb1ELb0ELb0ELb0EEEvNS_18cublasSplitKParamsIT4_EEPKT2_PKT8_PT7_PT3_PKS3_SG_PKT9_S7_PSH_PvlPS3_PiSM_SM_SG_SG_SG_SG_SG_--6,gpu_ipc,122.3664,122.3664,gpu_ipc\s*=\s*(.*)
instance,llm_layer,layer,H100-SASS-Accelwattch_SASS_SIM,_ZN4vllm25fused_add_rms_norm_kernelIN3c108BFloat16ELi8ELb1EEENSt9enable_ifIXaagtT0_Li0Esr4vllm12_typeConvertIT_EE6existsEvE4typeEPS4_lS7_PKS4_fiil--14,gpu_ipc,11.6333,11.6333,gpu_ipc\s*=\s*(.*)
instance,llm_layer,layer,H100-SASS-Accelwattch_SASS_SIM,nvjet_sm90_tst_64x8_64x16_4x1_v_bz_bias_TNT--6,gpu_ipc,398.2102,398.2102,gpu_ipc\s*=\s*(.*)
instance,llm_layer,layer,H100-SASS-Accelwattch_SASS_SIM,_ZN4vllm23rotary_embedding_kernelIN3c108BFloat16ES2_Lb1EEEvPKlPT_S6_PKT0_illliiilb--7,gpu_ipc,10.2478,10.2478,gpu_ipc\s*=\s*(.*)
instance,llm_layer,layer,H100-SASS-Accelwattch_SASS_SIM,_ZN4vllm30reshape_and_cache_flash_kernelI13__nv_bfloat16S1_LNS_18Fp8KVCacheDataTypeE0EEEvPKT_S5_PT0_S7_PKlllllliiiPKfSB_i--7,gpu_ipc,3.3813,3.3813,gpu_ipc\s*=\s*(.*)
instance,llm_layer,layer,H100-SASS-Accelwattch_SASS_SIM,_ZN7cutlass13device_kernelIN5flash20enable_sm90_or_laterINS1_16FlashAttnFwdSm90INS1_25CollectiveMainloopFwdSm90ILi2EN4cute5tupleIJNS5_1CILi1EEES8_S8_EEENS6_IJNS7_ILi64EEENS7_ILi192EEESA_EEELi64ENS_10bfloat16_tEfNS_4arch4Sm90ELb0ELb0ELb0ELb1ELb1ELb0ELb0ELb1ELb1ELb1ELb0ELb0ESD_Li1EEENS1_21CollectiveEpilogueFwdINS6_IJSA_SA_SB_EEES9_SD_SF_Li128ELb1ELb1ELb0ELb0ELi1EEENS1_36VarlenDynamicPersistentTileSchedulerILi64ELi192ELi128ELi128ELb0ELb1ELb1ELb0ELb0ELb1EEEEEEEEEvNT_6ParamsE--6,gpu_ipc,281.607,281.6070,gpu_ipc\s*=\s*(.*)
instance,llm_layer,layer,H100-SASS-Accelwattch_SASS_SIM,_ZN2at6native29vectorized_elementwise_kernelILi4ENS0_11FillFunctorIiEESt5arrayIPcLm1EEEEviT0_T1_--7,gpu_ipc,0.8811,0.8811,gpu_ipc\s*=\s*(.*)
instance,llm_layer,layer,H100-SASS-Accelwattch_SASS_SIM,nvjet_sm90_tst_64x8_64x16_4x1_v_bz_TNT--6,gpu_ipc,323.7031,323.7031,gpu_ipc\s*=\s*(.*)
instance,llm_layer,layer,H100-SASS-Accelwattch_SASS_SIM,_ZN4vllm25fused_add_rms_norm_kernelIN3c108BFloat16ELi8ELb1EEENSt9enable_ifIXaagtT0_Li0Esr4vllm12_typeConvertIT_EE6existsEvE4typeEPS4_lS7_PKS4_fiil--15,gpu_ipc,11.723,11.7230,gpu_ipc\s*=\s*(.*)
instance,llm_layer,layer,H100-SASS-Accelwattch_SASS_SIM,nvjet_sm90_tst_128x8_64x12_4x1_v_bz_TNT--6,gpu_ipc,1124.0854,1124.0854,gpu_ipc\s*=\s*(.*)
instance,llm_layer,layer,H100-SASS-Accelwattch_SASS_SIM,_ZN4vllm18act_and_mul_kernelIN3c108BFloat16E14__nv_bfloat162XadL_ZNS_11silu_kernelIS2_EET_RKS5_fEEXadL_ZNS_18packed_silu_kernelIS3_EES5_S7_fEELb1ELb1ELb0ELb0EEEvPS5_PS6_ifff--7,gpu_ipc,27.6268,27.6268,gpu_ipc\s*=\s*(.*)
instance,llm_layer,layer,H100-SASS-Accelwattch_SASS_SIM,nvjet_sm90_tst_64x8_64x16_4x1_v_bz_splitK_TNT--6,gpu_ipc,1070.7513,1070.7513,gpu_ipc\s*=\s*(.*)
instance,llm_layer,layer,H100-SASS-Accelwattch_SASS_SIM,_ZN8cublasLt19splitKreduce_kernelILi32ELi16Eif13__nv_bfloat16fS1_Lb0EfS1_S1_Lb1ELb0ELb0ELb0EEEvNS_18cublasSplitKParamsIT4_EEPKT2_PKT8_PT7_PT3_PKS3_SG_PKT9_S7_PSH_PvlPS3_PiSM_SM_SG_SG_SG_SG_SG_--7,gpu_ipc,116.8081,116.8081,gpu_ipc\s*=\s*(.*)
instance,llm_layer,layer,H100-SASS-Accelwattch_SASS_SIM,_ZN4vllm25fused_add_rms_norm_kernelIN3c108BFloat16ELi8ELb1EEENSt9enable_ifIXaagtT0_Li0Esr4vllm12_typeConvertIT_EE6existsEvE4typeEPS4_lS7_PKS4_fiil--0,gpu_occupancy,31.0541,31.0541,gpu_occupancy\s*=\s*(.*)%
instance,llm_layer,layer,H100-SASS-Accelwattch_SASS_SIM,nvjet_sm90_tst_64x8_64x16_4x2_h_bz_bias_TNT--0,gpu_occupancy,12.2929,12.2929,gpu_occupancy\s*=\s*(.*)%
instance,llm_layer,layer,H100-SASS-Accelwattch_SASS_SIM,_ZN4vllm23rotary_embedding_kernelIN3c108BFloat16ES2_Lb1EEEvPKlPT_S6_PKT0_illliiilb--0,gpu_occupancy,17.9178,17.9178,gpu_occupancy\s*=\s*(.*)%
instance,llm_layer,layer,H100-SASS-Accelwattch_SASS_SIM,_ZN4vllm30reshape_and_cache_flash_kernelI13__nv_bfloat16S1_LNS_18Fp8KVCacheDataTypeE0EEEvPKT_S5_PT0_S7_PKlllllliiiPKfSB_i--0,gpu_occupancy,4.4001,4.4001,gpu_occupancy\s*=\s*(.*)%
instance,llm_layer,layer,H100-SASS-Accelwattch_SASS_SIM,_ZN7cutlass13device_kernelIN5flash20enable_sm90_or_laterINS1_16FlashAttnFwdSm90INS1_25CollectiveMainloopFwdSm90ILi2EN4cute5tupleIJNS5_1CILi1EEES8_S8_EEENS6_IJNS7_ILi192EEENS7_ILi128EEENS7_ILi64EEEEEELi64ENS_10bfloat16_tEfNS_4arch4Sm90ELb1ELb0ELb0ELb1ELb1ELb0ELb0ELb1ELb1ELb1ELb0ELb0ESE_Li1EEENS1_21CollectiveEpilogueFwdINS6_IJSA_SC_SB_EEES9_SE_SG_Li384ELb1ELb1ELb0ELb0ELi1EEENS1_36VarlenDynamicPersistentTileSchedulerILi192ELi128ELi384ELi128ELb0ELb1ELb1ELb1ELb0ELb1EEEEEEEEEvNT_6ParamsE--0,gpu_occupancy,22.0216,22.0216,gpu_occupancy\s*=\s*(.*)%
instance,llm_layer,layer,H100-SASS-Accelwattch_SASS_SIM,_ZN2at6native29vectorized_elementwise_kernelILi4ENS0_11FillFunctorIiEESt5arrayIPcLm1EEEEviT0_T1_--0,gpu_occupancy,2.7682,2.7682,gpu_occupancy\s*=\s*(.*)%
instance,llm_layer,layer,H100-SASS-Accelwattch_SASS_SIM,nvjet_sm90_tst_64x8_64x16_4x2_h_bz_TNT--0,gpu_occupancy,13.092,13.0920,gpu_occupancy\s*=\s*(.*)%
instance,llm_layer,layer,H100-SASS-Accelwattch_SASS_SIM,_ZN4vllm25fused_add_rms_norm_kernelIN3c108BFloat16ELi8ELb1EEENSt9enable_ifIXaagtT0_Li0Esr4vllm12_typeConvertIT_EE6existsEvE4typeEPS4_lS7_PKS4_fiil--1,gpu_occupancy,27.8709,27.8709,gpu_occupancy\s*=\s*(.*)%
instance,llm_layer,layer,H100-SASS-Accelwattch_SASS_SIM,nvjet_sm90_tst_128x16_64x11_4x1_v_bz_TNT--0,gpu_occupancy,13.8173,13.8173,gpu_occupancy\s*=\s*(.*)%
instance,llm_layer,layer,H100-SASS-Accelwattch_SASS_SIM,_ZN4vllm18act_and_mul_kernelIN3c108BFloat16E14__nv_bfloat162XadL_ZNS_11silu_kernelIS2_EET_RKS5_fEEXadL_ZNS_18packed_silu_kernelIS3_EES5_S7_fEELb1ELb1ELb0ELb0EEEvPS5_PS6_ifff--0,gpu_occupancy,27.3467,27.3467,gpu_occupancy\s*=\s*(.*)%
instance,llm_layer,layer,H100-SASS-Accelwattch_SASS_SIM,nvjet_sm90_tst_64x16_64x16_4x1_v_bz_splitK_TNT--0,gpu_occupancy,13.6728,13.6728,gpu_occupancy\s*=\s*(.*)%
instance,llm_layer,layer,H100-SASS-Accelwattch_SASS_SIM,_ZN8cublasLt19splitKreduce_kernelILi32ELi16Eif13__nv_bfloat16fS1_Lb0EfS1_S1_Lb1ELb0ELb0ELb0EEEvNS_18cublasSplitKParamsIT4_EEPKT2_PKT8_PT7_PT3_PKS3_SG_PKT9_S7_PSH_PvlPS3_PiSM_SM_SG_SG_SG_SG_SG_--0,gpu_occupancy,16.6264,16.6264,gpu_occupancy\s*=\s*(.*)%
instance,llm_layer,layer,H100-SASS-Accelwattch_SASS_SIM,_ZN4vllm25fused_add_rms_norm_kernelIN3c108BFloat16ELi8ELb1EEENSt9enable_ifIXaagtT0_Li0Esr4vllm12_typeConvertIT_EE6existsEvE4typeEPS4_lS7_PKS4_fiil--2,gpu_occupancy,29.9024,29.9024,gpu_occupancy\s*=\s*(.*)%
instance,llm_layer,layer,H100-SASS-Accelwattch_SASS_SIM,nvjet_sm90_tst_64x8_64x16_4x1_v_bz_bias_TNT--0,gpu_occupancy,12.8592,12.8592,gpu_occupancy\s*=\s*(.*)%
instance,llm_layer,layer,H100-SASS-Accelwattch_SASS_SIM,_ZN4vllm23rotary_embedding_kernelIN3c108BFloat16ES2_Lb1EEEvPKlPT_S6_PKT0_illliiilb--1,gpu_occupancy,17.2505,17.2505,gpu_occupancy\s*=\s*(.*)%
instance,llm_layer,layer,H100-SASS-Accelwattch_SASS_SIM,_ZN4vllm30reshape_and_cache_flash_kernelI13__nv_bfloat16S1_LNS_18Fp8KVCacheDataTypeE0EEEvPKT_S5_PT0_S7_PKlllllliiiPKfSB_i--1,gpu_occupancy,4.034,4.0340,gpu_occupancy\s*=\s*(.*)%
instance,llm_layer,layer,H100-SASS-Accelwattch_SASS_SIM,_ZN7cutlass13device_kernelIN5flash20enable_sm90_or_laterINS1_16FlashAttnFwdSm90INS1_25CollectiveMainloopFwdSm90ILi2EN4cute5tupleIJNS5_1CILi1EEES8_S8_EEENS6_IJNS7_ILi64EEENS7_ILi192EEESA_EEELi64ENS_10bfloat16_tEfNS_4arch4Sm90ELb0ELb0ELb0ELb1ELb1ELb0ELb0ELb1ELb1ELb1ELb0ELb0ESD_Li1EEENS1_21CollectiveEpilogueFwdINS6_IJSA_SA_SB_EEES9_SD_SF_Li128ELb1ELb1ELb0ELb0ELi1EEENS1_36VarlenDynamicPersistentTileSchedulerILi64ELi192ELi128ELi128ELb0ELb1ELb1ELb0ELb0ELb1EEEEEEEEEvNT_6ParamsE--0,gpu_occupancy,11.4496,11.4496,gpu_occupancy\s*=\s*(.*)%
instance,llm_layer,layer,H100-SASS-Accelwattch_SASS_SIM,_ZN2at6native29vectorized_elementwise_kernelILi4ENS0_11FillFunctorIiEESt5arrayIPcLm1EEEEviT0_T1_--1,gpu_occupancy,2.7682,2.7682,gpu_occupancy\s*=\s*(.*)%
instance,llm_layer,layer,H100-SASS-Accelwattch_SASS_SIM,nvjet_sm90_tst_64x8_64x16_4x1_v_bz_TNT--0,gpu_occupancy,13.3042,13.3042,gpu_occupancy\s*=\s*(.*)%
instance,llm_layer,layer,H100-SASS-Accelwattch_SASS_SIM,_ZN4vllm25fused_add_rms_norm_kernelIN3c108BFloat16ELi8ELb1EEENSt9enable_ifIXaagtT0_Li0Esr4vllm12_typeConvertIT_EE6existsEvE4typeEPS4_lS7_PKS4_fiil--3,gpu_occupancy,30.806,30.8060,gpu_occupancy\s*=\s*(.*)%
instance,llm_layer,layer,H100-SASS-Accelwattch_SASS_SIM,nvjet_sm90_tst_128x8_64x12_4x1_v_bz_TNT--0,gpu_occupancy,13.7111,13.7111,gpu_occupancy\s*=\s*(.*)%
instance,llm_layer,layer,H100-SASS-Accelwattch_SASS_SIM,_ZN4vllm18act_and_mul_kernelIN3c108BFloat16E14__nv_bfloat162XadL_ZNS_11silu_kernelIS2_EET_RKS5_fEEXadL_ZNS_18packed_silu_kernelIS3_EES5_S7_fEELb1ELb1ELb0ELb0EEEvPS5_PS6_ifff--1,gpu_occupancy,27.2291,27.2291,gpu_occupancy\s*=\s*(.*)%
instance,llm_layer,layer,H100-SASS-Accelwattch_SASS_SIM,nvjet_sm90_tst_64x8_64x16_4x1_v_bz_splitK_TNT--0,gpu_occupancy,13.7135,13.7135,gpu_occupancy\s*=\s*(.*)%
instance,llm_layer,layer,H100-SASS-Accelwattch_SASS_SIM,_ZN8cublasLt19splitKreduce_kernelILi32ELi16Eif13__nv_bfloat16fS1_Lb0EfS1_S1_Lb1ELb0ELb0ELb0EEEvNS_18cublasSplitKParamsIT4_EEPKT2_PKT8_PT7_PT3_PKS3_SG_PKT9_S7_PSH_PvlPS3_PiSM_SM_SG_SG_SG_SG_SG_--1,gpu_occupancy,5.1883,5.1883,gpu_occupancy\s*=\s*(.*)%
instance,llm_layer,layer,H100-SASS-Accelwattch_SASS_SIM,_ZN4vllm25fused_add_rms_norm_kernelIN3c108BFloat16ELi8ELb1EEENSt9enable_ifIXaagtT0_Li0Esr4vllm12_typeConvertIT_EE6existsEvE4typeEPS4_lS7_PKS4_fiil--4,gpu_occupancy,29.9034,29.9034,gpu_occupancy\s*=\s*(.*)%
instance,llm_layer,layer,H100-SASS-Accelwattch_SASS_SIM,nvjet_sm90_tst_64x8_64x16_4x1_v_bz_bias_TNT--1,gpu_occupancy,12.8983,12.8983,gpu_occupancy\s*=\s*(.*)%
instance,llm_layer,layer,H100-SASS-Accelwattch_SASS_SIM,_ZN4vllm23rotary_embedding_kernelIN3c108BFloat16ES2_Lb1EEEvPKlPT_S6_PKT0_illliiilb--2,gpu_occupancy,17.2157,17.2157,gpu_occupancy\s*=\s*(.*)%
instance,llm_layer,layer,H100-SASS-Accelwattch_SASS_SIM,_ZN4vllm30reshape_and_cache_flash_kernelI13__nv_bfloat16S1_LNS_18Fp8KVCacheDataTypeE0EEEvPKT_S5_PT0_S7_PKlllllliiiPKfSB_i--2,gpu_occupancy,4.0383,4.0383,gpu_occupancy\s*=\s*(.*)%
instance,llm_layer,layer,H100-SASS-Accelwattch_SASS_SIM,_ZN7cutlass13device_kernelIN5flash20enable_sm90_or_laterINS1_16FlashAttnFwdSm90INS1_25CollectiveMainloopFwdSm90ILi2EN4cute5tupleIJNS5_1CILi1EEES8_S8_EEENS6_IJNS7_ILi64EEENS7_ILi192EEESA_EEELi64ENS_10bfloat16_tEfNS_4arch4Sm90ELb0ELb0ELb0ELb1ELb1ELb0ELb0ELb1ELb1ELb1ELb0ELb0ESD_Li1EEENS1_21CollectiveEpilogueFwdINS6_IJSA_SA_SB_EEES9_SD_SF_Li128ELb1ELb1ELb0ELb0ELi1EEENS1_36VarlenDynamicPersistentTileSchedulerILi64ELi192ELi128ELi128ELb0ELb1ELb1ELb0ELb0ELb1EEEEEEEEEvNT_6ParamsE--1,gpu_occupancy,11.6251,11.6251,gpu_occupancy\s*=\s*(.*)%
instance,llm_layer,layer,H100-SASS-Accelwattch_SASS_SIM,_ZN2at6native29vectorized_elementwise_kernelILi4ENS0_11FillFunctorIiEESt5arrayIPcLm1EEEEviT0_T1_--2,gpu_occupancy,2.7682,2.7682,gpu_occupancy\s*=\s*(.*)%
instance,llm_layer,layer,H100-SASS-Accelwattch_SASS_SIM,nvjet_sm90_tst_64x8_64x16_4x1_v_bz_TNT--1,gpu_occupancy,13.4646,13.4646,gpu_occupancy\s*=\s*(.*)%
instance,llm_layer,layer,H100-SASS-Accelwattch_SASS_SIM,_ZN4vllm25fused_add_rms_norm_kernelIN3c108BFloat16ELi8ELb1EEENSt9enable_ifIXaagtT0_Li0Esr4vllm12_typeConvertIT_EE6existsEvE4typeEPS4_lS7_PKS4_fiil--5,gpu_occupancy,28.2821,28.2821,gpu_occupancy\s*=\s*(.*)%
instance,llm_layer,layer,H100-SASS-Accelwattch_SASS_SIM,nvjet_sm90_tst_128x8_64x12_4x1_v_bz_TNT--1,gpu_occupancy,13.6934,13.6934,gpu_occupancy\s*=\s*(.*)%
instance,llm_layer,layer,H100-SASS-Accelwattch_SASS_SIM,_ZN4vllm18act_and_mul_kernelIN3c108BFloat16E14__nv_bfloat162XadL_ZNS_11silu_kernelIS2_EET_RKS5_fEEXadL_ZNS_18packed_silu_kernelIS3_EES5_S7_fEELb1ELb1ELb0ELb0EEEvPS5_PS6_ifff--2,gpu_occupancy,26.9607,26.9607,gpu_occupancy\s*=\s*(.*)%
instance,llm_layer,layer,H100-SASS-Accelwattch_SASS_SIM,nvjet_sm90_tst_64x8_64x16_4x1_v_bz_splitK_TNT--1,gpu_occupancy,13.652,13.6520,gpu_occupancy\s*=\s*(.*)%
instance,llm_layer,layer,H100-SASS-Accelwattch_SASS_SIM,_ZN8cublasLt19splitKreduce_kernelILi32ELi16Eif13__nv_bfloat16fS1_Lb0EfS1_S1_Lb1ELb0ELb0ELb0EEEvNS_18cublasSplitKParamsIT4_EEPKT2_PKT8_PT7_PT3_PKS3_SG_PKT9_S7_PSH_PvlPS3_PiSM_SM_SG_SG_SG_SG_SG_--2,gpu_occupancy,5.1953,5.1953,gpu_occupancy\s*=\s*(.*)%
instance,llm_layer,layer,H100-SASS-Accelwattch_SASS_SIM,_ZN4vllm25fused_add_rms_norm_kernelIN3c108BFloat16ELi8ELb1EEENSt9enable_ifIXaagtT0_Li0Esr4vllm12_typeConvertIT_EE6existsEvE4typeEPS4_lS7_PKS4_fiil--6,gpu_occupancy,28.5457,28.5457,gpu_occupancy\s*=\s*(.*)%
instance,llm_layer,layer,H100-SASS-Accelwattch_SASS_SIM,nvjet_sm90_tst_64x8_64x16_4x1_v_bz_bias_TNT--2,gpu_occupancy,12.7787,12.7787,gpu_occupancy\s*=\s*(.*)%
instance,llm_layer,layer,H100-SASS-Accelwattch_SASS_SIM,_ZN4vllm23rotary_embedding_kernelIN3c108BFloat16ES2_Lb1EEEvPKlPT_S6_PKT0_illliiilb--3,gpu_occupancy,17.2485,17.2485,gpu_occupancy\s*=\s*(.*)%
instance,llm_layer,layer,H100-SASS-Accelwattch_SASS_SIM,_ZN4vllm30reshape_and_cache_flash_kernelI13__nv_bfloat16S1_LNS_18Fp8KVCacheDataTypeE0EEEvPKT_S5_PT0_S7_PKlllllliiiPKfSB_i--3,gpu_occupancy,4.2923,4.2923,gpu_occupancy\s*=\s*(.*)%
instance,llm_layer,layer,H100-SASS-Accelwattch_SASS_SIM,_ZN7cutlass13device_kernelIN5flash20enable_sm90_or_laterINS1_16FlashAttnFwdSm90INS1_25CollectiveMainloopFwdSm90ILi2EN4cute5tupleIJNS5_1CILi1EEES8_S8_EEENS6_IJNS7_ILi64EEENS7_ILi192EEESA_EEELi64ENS_10bfloat16_tEfNS_4arch4Sm90ELb0ELb0ELb0ELb1ELb1ELb0ELb0ELb1ELb1ELb1ELb0ELb0ESD_Li1EEENS1_21CollectiveEpilogueFwdINS6_IJSA_SA_SB_EEES9_SD_SF_Li128ELb1ELb1ELb0ELb0ELi1EEENS1_36VarlenDynamicPersistentTileSchedulerILi64ELi192ELi128ELi128ELb0ELb1ELb1ELb0ELb0ELb1EEEEEEEEEvNT_6ParamsE--2,gpu_occupancy,11.4525,11.4525,gpu_occupancy\s*=\s*(.*)%
instance,llm_layer,layer,H100-SASS-Accelwattch_SASS_SIM,_ZN2at6native29vectorized_elementwise_kernelILi4ENS0_11FillFunctorIiEESt5arrayIPcLm1EEEEviT0_T1_--3,gpu_occupancy,2.7682,2.7682,gpu_occupancy\s*=\s*(.*)%
instance,llm_layer,layer,H100-SASS-Accelwattch_SASS_SIM,nvjet_sm90_tst_64x8_64x16_4x1_v_bz_TNT--2,gpu_occupancy,13.4132,13.4132,gpu_occupancy\s*=\s*(.*)%
instance,llm_layer,layer,H100-SASS-Accelwattch_SASS_SIM,_ZN4vllm25fused_add_rms_norm_kernelIN3c108BFloat16ELi8ELb1EEENSt9enable_ifIXaagtT0_Li0Esr4vllm12_typeConvertIT_EE6existsEvE4typeEPS4_lS7_PKS4_fiil--7,gpu_occupancy,27.8442,27.8442,gpu_occupancy\s*=\s*(.*)%
instance,llm_layer,layer,H100-SASS-Accelwattch_SASS_SIM,nvjet_sm90_tst_128x8_64x12_4x1_v_bz_TNT--2,gpu_occupancy,13.7102,13.7102,gpu_occupancy\s*=\s*(.*)%
instance,llm_layer,layer,H100-SASS-Accelwattch_SASS_SIM,_ZN4vllm18act_and_mul_kernelIN3c108BFloat16E14__nv_bfloat162XadL_ZNS_11silu_kernelIS2_EET_RKS5_fEEXadL_ZNS_18packed_silu_kernelIS3_EES5_S7_fEELb1ELb1ELb0ELb0EEEvPS5_PS6_ifff--3,gpu_occupancy,26.5129,26.5129,gpu_occupancy\s*=\s*(.*)%
instance,llm_layer,layer,H100-SASS-Accelwattch_SASS_SIM,nvjet_sm90_tst_64x8_64x16_4x1_v_bz_splitK_TNT--2,gpu_occupancy,13.7563,13.7563,gpu_occupancy\s*=\s*(.*)%
instance,llm_layer,layer,H100-SASS-Accelwattch_SASS_SIM,_ZN8cublasLt19splitKreduce_kernelILi32ELi16Eif13__nv_bfloat16fS1_Lb0EfS1_S1_Lb1ELb0ELb0ELb0EEEvNS_18cublasSplitKParamsIT4_EEPKT2_PKT8_PT7_PT3_PKS3_SG_PKT9_S7_PSH_PvlPS3_PiSM_SM_SG_SG_SG_SG_SG_--3,gpu_occupancy,5.1913,5.1913,gpu_occupancy\s*=\s*(.*)%
instance,llm_layer,layer,H100-SASS-Accelwattch_SASS_SIM,_ZN4vllm25fused_add_rms_norm_kernelIN3c108BFloat16ELi8ELb1EEENSt9enable_ifIXaagtT0_Li0Esr4vllm12_typeConvertIT_EE6existsEvE4typeEPS4_lS7_PKS4_fiil--8,gpu_occupancy,27.7825,27.7825,gpu_occupancy\s*=\s*(.*)%
instance,llm_layer,layer,H100-SASS-Accelwattch_SASS_SIM,nvjet_sm90_tst_64x8_64x16_4x1_v_bz_bias_TNT--3,gpu_occupancy,12.7103,12.7103,gpu_occupancy\s*=\s*(.*)%
instance,llm_layer,layer,H100-SASS-Accelwattch_SASS_SIM,_ZN4vllm23rotary_embedding_kernelIN3c108BFloat16ES2_Lb1EEEvPKlPT_S6_PKT0_illliiilb--4,gpu_occupancy,17.6011,17.6011,gpu_occupancy\s*=\s*(.*)%
instance,llm_layer,layer,H100-SASS-Accelwattch_SASS_SIM,_ZN4vllm30reshape_and_cache_flash_kernelI13__nv_bfloat16S1_LNS_18Fp8KVCacheDataTypeE0EEEvPKT_S5_PT0_S7_PKlllllliiiPKfSB_i--4,gpu_occupancy,4.2941,4.2941,gpu_occupancy\s*=\s*(.*)%
instance,llm_layer,layer,H100-SASS-Accelwattch_SASS_SIM,_ZN7cutlass13device_kernelIN5flash20enable_sm90_or_laterINS1_16FlashAttnFwdSm90INS1_25CollectiveMainloopFwdSm90ILi2EN4cute5tupleIJNS5_1CILi1EEES8_S8_EEENS6_IJNS7_ILi64EEENS7_ILi192EEESA_EEELi64ENS_10bfloat16_tEfNS_4arch4Sm90ELb0ELb0ELb0ELb1ELb1ELb0ELb0ELb1ELb1ELb1ELb0ELb0ESD_Li1EEENS1_21CollectiveEpilogueFwdINS6_IJSA_SA_SB_EEES9_SD_SF_Li128ELb1ELb1ELb0ELb0ELi1EEENS1_36VarlenDynamicPersistentTileSchedulerILi64ELi192ELi128ELi128ELb0ELb1ELb1ELb0ELb0ELb1EEEEEEEEEvNT_6ParamsE--3,gpu_occupancy,11.4418,11.4418,gpu_occupancy\s*=\s*(.*)%
instance,llm_layer,layer,H100-SASS-Accelwattch_SASS_SIM,_ZN2at6native29vectorized_elementwise_kernelILi4ENS0_11FillFunctorIiEESt5arrayIPcLm1EEEEviT0_T1_--4,gpu_occupancy,2.7682,2.7682,gpu_occupancy\s*=\s*(.*)%
instance,llm_layer,layer,H100-SASS-Accelwattch_SASS_SIM,nvjet_sm90_tst_64x8_64x16_4x1_v_bz_TNT--3,gpu_occupancy,13.284,13.2840,gpu_occupancy\s*=\s*(.*)%
instance,llm_layer,layer,H100-SASS-Accelwattch_SASS_SIM,_ZN4vllm25fused_add_rms_norm_kernelIN3c108BFloat16ELi8ELb1EEENSt9enable_ifIXaagtT0_Li0Esr4vllm12_typeConvertIT_EE6existsEvE4typeEPS4_lS7_PKS4_fiil--9,gpu_occupancy,30.7978,30.7978,gpu_occupancy\s*=\s*(.*)%
instance,llm_layer,layer,H100-SASS-Accelwattch_SASS_SIM,nvjet_sm90_tst_128x8_64x12_4x1_v_bz_TNT--3,gpu_occupancy,13.7351,13.7351,gpu_occupancy\s*=\s*(.*)%
instance,llm_layer,layer,H100-SASS-Accelwattch_SASS_SIM,_ZN4vllm18act_and_mul_kernelIN3c108BFloat16E14__nv_bfloat162XadL_ZNS_11silu_kernelIS2_EET_RKS5_fEEXadL_ZNS_18packed_silu_kernelIS3_EES5_S7_fEELb1ELb1ELb0ELb0EEEvPS5_PS6_ifff--4,gpu_occupancy,27.3548,27.3548,gpu_occupancy\s*=\s*(.*)%
instance,llm_layer,layer,H100-SASS-Accelwattch_SASS_SIM,nvjet_sm90_tst_64x8_64x16_4x1_v_bz_splitK_TNT--3,gpu_occupancy,13.6823,13.6823,gpu_occupancy\s*=\s*(.*)%
instance,llm_layer,layer,H100-SASS-Accelwattch_SASS_SIM,_ZN8cublasLt19splitKreduce_kernelILi32ELi16Eif13__nv_bfloat16fS1_Lb0EfS1_S1_Lb1ELb0ELb0ELb0EEEvNS_18cublasSplitKParamsIT4_EEPKT2_PKT8_PT7_PT3_PKS3_SG_PKT9_S7_PSH_PvlPS3_PiSM_SM_SG_SG_SG_SG_SG_--4,gpu_occupancy,4.9118,4.9118,gpu_occupancy\s*=\s*(.*)%
instance,llm_layer,layer,H100-SASS-Accelwattch_SASS_SIM,_ZN4vllm25fused_add_rms_norm_kernelIN3c108BFloat16ELi8ELb1EEENSt9enable_ifIXaagtT0_Li0Esr4vllm12_typeConvertIT_EE6existsEvE4typeEPS4_lS7_PKS4_fiil--10,gpu_occupancy,27.8267,27.8267,gpu_occupancy\s*=\s*(.*)%
instance,llm_layer,layer,H100-SASS-Accelwattch_SASS_SIM,nvjet_sm90_tst_64x8_64x16_4x1_v_bz_bias_TNT--4,gpu_occupancy,12.868,12.8680,gpu_occupancy\s*=\s*(.*)%
instance,llm_layer,layer,H100-SASS-Accelwattch_SASS_SIM,_ZN4vllm23rotary_embedding_kernelIN3c108BFloat16ES2_Lb1EEEvPKlPT_S6_PKT0_illliiilb--5,gpu_occupancy,17.2369,17.2369,gpu_occupancy\s*=\s*(.*)%
instance,llm_layer,layer,H100-SASS-Accelwattch_SASS_SIM,_ZN4vllm30reshape_and_cache_flash_kernelI13__nv_bfloat16S1_LNS_18Fp8KVCacheDataTypeE0EEEvPKT_S5_PT0_S7_PKlllllliiiPKfSB_i--5,gpu_occupancy,4.0393,4.0393,gpu_occupancy\s*=\s*(.*)%
instance,llm_layer,layer,H100-SASS-Accelwattch_SASS_SIM,_ZN7cutlass13device_kernelIN5flash20enable_sm90_or_laterINS1_16FlashAttnFwdSm90INS1_25CollectiveMainloopFwdSm90ILi2EN4cute5tupleIJNS5_1CILi1EEES8_S8_EEENS6_IJNS7_ILi64EEENS7_ILi192EEESA_EEELi64ENS_10bfloat16_tEfNS_4arch4Sm90ELb0ELb0ELb0ELb1ELb1ELb0ELb0ELb1ELb1ELb1ELb0ELb0ESD_Li1EEENS1_21CollectiveEpilogueFwdINS6_IJSA_SA_SB_EEES9_SD_SF_Li128ELb1ELb1ELb0ELb0ELi1EEENS1_36VarlenDynamicPersistentTileSchedulerILi64ELi192ELi128ELi128ELb0ELb1ELb1ELb0ELb0ELb1EEEEEEEEEvNT_6ParamsE--4,gpu_occupancy,11.4301,11.4301,gpu_occupancy\s*=\s*(.*)%
instance,llm_layer,layer,H100-SASS-Accelwattch_SASS_SIM,_ZN2at6native29vectorized_elementwise_kernelILi4ENS0_11FillFunctorIiEESt5arrayIPcLm1EEEEviT0_T1_--5,gpu_occupancy,2.7682,2.7682,gpu_occupancy\s*=\s*(.*)%
instance,llm_layer,layer,H100-SASS-Accelwattch_SASS_SIM,nvjet_sm90_tst_64x8_64x16_4x1_v_bz_TNT--4,gpu_occupancy,13.4361,13.4361,gpu_occupancy\s*=\s*(.*)%
instance,llm_layer,layer,H100-SASS-Accelwattch_SASS_SIM,_ZN4vllm25fused_add_rms_norm_kernelIN3c108BFloat16ELi8ELb1EEENSt9enable_ifIXaagtT0_Li0Esr4vllm12_typeConvertIT_EE6existsEvE4typeEPS4_lS7_PKS4_fiil--11,gpu_occupancy,28.2957,28.2957,gpu_occupancy\s*=\s*(.*)%
instance,llm_layer,layer,H100-SASS-Accelwattch_SASS_SIM,nvjet_sm90_tst_128x8_64x12_4x1_v_bz_TNT--4,gpu_occupancy,13.6864,13.6864,gpu_occupancy\s*=\s*(.*)%
instance,llm_layer,layer,H100-SASS-Accelwattch_SASS_SIM,_ZN4vllm18act_and_mul_kernelIN3c108BFloat16E14__nv_bfloat162XadL_ZNS_11silu_kernelIS2_EET_RKS5_fEEXadL_ZNS_18packed_silu_kernelIS3_EES5_S7_fEELb1ELb1ELb0ELb0EEEvPS5_PS6_ifff--5,gpu_occupancy,26.174,26.1740,gpu_occupancy\s*=\s*(.*)%
instance,llm_layer,layer,H100-SASS-Accelwattch_SASS_SIM,nvjet_sm90_tst_64x8_64x16_4x1_v_bz_splitK_TNT--4,gpu_occupancy,13.669,13.6690,gpu_occupancy\s*=\s*(.*)%
instance,llm_layer,layer,H100-SASS-Accelwattch_SASS_SIM,_ZN8cublasLt19splitKreduce_kernelILi32ELi16Eif13__nv_bfloat16fS1_Lb0EfS1_S1_Lb1ELb0ELb0ELb0EEEvNS_18cublasSplitKParamsIT4_EEPKT2_PKT8_PT7_PT3_PKS3_SG_PKT9_S7_PSH_PvlPS3_PiSM_SM_SG_SG_SG_SG_SG_--5,gpu_occupancy,5.1909,5.1909,gpu_occupancy\s*=\s*(.*)%
instance,llm_layer,layer,H100-SASS-Accelwattch_SASS_SIM,_ZN4vllm25fused_add_rms_norm_kernelIN3c108BFloat16ELi8ELb1EEENSt9enable_ifIXaagtT0_Li0Esr4vllm12_typeConvertIT_EE6existsEvE4typeEPS4_lS7_PKS4_fiil--12,gpu_occupancy,28.8827,28.8827,gpu_occupancy\s*=\s*(.*)%
instance,llm_layer,layer,H100-SASS-Accelwattch_SASS_SIM,nvjet_sm90_tst_64x8_64x16_4x1_v_bz_bias_TNT--5,gpu_occupancy,12.8233,12.8233,gpu_occupancy\s*=\s*(.*)%
instance,llm_layer,layer,H100-SASS-Accelwattch_SASS_SIM,_ZN4vllm23rotary_embedding_kernelIN3c108BFloat16ES2_Lb1EEEvPKlPT_S6_PKT0_illliiilb--6,gpu_occupancy,17.2485,17.2485,gpu_occupancy\s*=\s*(.*)%
instance,llm_layer,layer,H100-SASS-Accelwattch_SASS_SIM,_ZN4vllm30reshape_and_cache_flash_kernelI13__nv_bfloat16S1_LNS_18Fp8KVCacheDataTypeE0EEEvPKT_S5_PT0_S7_PKlllllliiiPKfSB_i--6,gpu_occupancy,4.29,4.2900,gpu_occupancy\s*=\s*(.*)%
instance,llm_layer,layer,H100-SASS-Accelwattch_SASS_SIM,_ZN7cutlass13device_kernelIN5flash20enable_sm90_or_laterINS1_16FlashAttnFwdSm90INS1_25CollectiveMainloopFwdSm90ILi2EN4cute5tupleIJNS5_1CILi1EEES8_S8_EEENS6_IJNS7_ILi64EEENS7_ILi192EEESA_EEELi64ENS_10bfloat16_tEfNS_4arch4Sm90ELb0ELb0ELb0ELb1ELb1ELb0ELb0ELb1ELb1ELb1ELb0ELb0ESD_Li1EEENS1_21CollectiveEpilogueFwdINS6_IJSA_SA_SB_EEES9_SD_SF_Li128ELb1ELb1ELb0ELb0ELi1EEENS1_36VarlenDynamicPersistentTileSchedulerILi64ELi192ELi128ELi128ELb0ELb1ELb1ELb0ELb0ELb1EEEEEEEEEvNT_6ParamsE--5,gpu_occupancy,11.4541,11.4541,gpu_occupancy\s*=\s*(.*)%
instance,llm_layer,layer,H100-SASS-Accelwattch_SASS_SIM,_ZN2at6native29vectorized_elementwise_kernelILi4ENS0_11FillFunctorIiEESt5arrayIPcLm1EEEEviT0_T1_--6,gpu_occupancy,2.7682,2.7682,gpu_occupancy\s*=\s*(.*)%
instance,llm_layer,layer,H100-SASS-Accelwattch_SASS_SIM,nvjet_sm90_tst_64x8_64x16_4x1_v_bz_TNT--5,gpu_occupancy,13.3249,13.3249,gpu_occupancy\s*=\s*(.*)%
instance,llm_layer,layer,H100-SASS-Accelwattch_SASS_SIM,_ZN4vllm25fused_add_rms_norm_kernelIN3c108BFloat16ELi8ELb1EEENSt9enable_ifIXaagtT0_Li0Esr4vllm12_typeConvertIT_EE6existsEvE4typeEPS4_lS7_PKS4_fiil--13,gpu_occupancy,27.8307,27.8307,gpu_occupancy\s*=\s*(.*)%
instance,llm_layer,layer,H100-SASS-Accelwattch_SASS_SIM,nvjet_sm90_tst_128x8_64x12_4x1_v_bz_TNT--5,gpu_occupancy,13.6453,13.6453,gpu_occupancy\s*=\s*(.*)%
instance,llm_layer,layer,H100-SASS-Accelwattch_SASS_SIM,_ZN4vllm18act_and_mul_kernelIN3c108BFloat16E14__nv_bfloat162XadL_ZNS_11silu_kernelIS2_EET_RKS5_fEEXadL_ZNS_18packed_silu_kernelIS3_EES5_S7_fEELb1ELb1ELb0ELb0EEEvPS5_PS6_ifff--6,gpu_occupancy,26.439,26.4390,gpu_occupancy\s*=\s*(.*)%
instance,llm_layer,layer,H100-SASS-Accelwattch_SASS_SIM,nvjet_sm90_tst_64x8_64x16_4x1_v_bz_splitK_TNT--5,gpu_occupancy,13.7468,13.7468,gpu_occupancy\s*=\s*(.*)%
instance,llm_layer,layer,H100-SASS-Accelwattch_SASS_SIM,_ZN8cublasLt19splitKreduce_kernelILi32ELi16Eif13__nv_bfloat16fS1_Lb0EfS1_S1_Lb1ELb0ELb0ELb0EEEvNS_18cublasSplitKParamsIT4_EEPKT2_PKT8_PT7_PT3_PKS3_SG_PKT9_S7_PSH_PvlPS3_PiSM_SM_SG_SG_SG_SG_SG_--6,gpu_occupancy,5.1894,5.1894,gpu_occupancy\s*=\s*(.*)%
instance,llm_layer,layer,H100-SASS-Accelwattch_SASS_SIM,_ZN4vllm25fused_add_rms_norm_kernelIN3c108BFloat16ELi8ELb1EEENSt9enable_ifIXaagtT0_Li0Esr4vllm12_typeConvertIT_EE6existsEvE4typeEPS4_lS7_PKS4_fiil--14,gpu_occupancy,27.7801,27.7801,gpu_occupancy\s*=\s*(.*)%
instance,llm_layer,layer,H100-SASS-Accelwattch_SASS_SIM,nvjet_sm90_tst_64x8_64x16_4x1_v_bz_bias_TNT--6,gpu_occupancy,12.7385,12.7385,gpu_occupancy\s*=\s*(.*)%
instance,llm_layer,layer,H100-SASS-Accelwattch_SASS_SIM,_ZN4vllm23rotary_embedding_kernelIN3c108BFloat16ES2_Lb1EEEvPKlPT_S6_PKT0_illliiilb--7,gpu_occupancy,17.5763,17.5763,gpu_occupancy\s*=\s*(.*)%
instance,llm_layer,layer,H100-SASS-Accelwattch_SASS_SIM,_ZN4vllm30reshape_and_cache_flash_kernelI13__nv_bfloat16S1_LNS_18Fp8KVCacheDataTypeE0EEEvPKT_S5_PT0_S7_PKlllllliiiPKfSB_i--7,gpu_occupancy,4.2957,4.2957,gpu_occupancy\s*=\s*(.*)%
instance,llm_layer,layer,H100-SASS-Accelwattch_SASS_SIM,_ZN7cutlass13device_kernelIN5flash20enable_sm90_or_laterINS1_16FlashAttnFwdSm90INS1_25CollectiveMainloopFwdSm90ILi2EN4cute5tupleIJNS5_1CILi1EEES8_S8_EEENS6_IJNS7_ILi64EEENS7_ILi192EEESA_EEELi64ENS_10bfloat16_tEfNS_4arch4Sm90ELb0ELb0ELb0ELb1ELb1ELb0ELb0ELb1ELb1ELb1ELb0ELb0ESD_Li1EEENS1_21CollectiveEpilogueFwdINS6_IJSA_SA_SB_EEES9_SD_SF_Li128ELb1ELb1ELb0ELb0ELi1EEENS1_36VarlenDynamicPersistentTileSchedulerILi64ELi192ELi128ELi128ELb0ELb1ELb1ELb0ELb0ELb1EEEEEEEEEvNT_6ParamsE--6,gpu_occupancy,11.442,11.4420,gpu_occupancy\s*=\s*(.*)%
instance,llm_layer,layer,H100-SASS-Accelwattch_SASS_SIM,_ZN2at6native29vectorized_elementwise_kernelILi4ENS0_11FillFunctorIiEESt5arrayIPcLm1EEEEviT0_T1_--7,gpu_occupancy,2.7682,2.7682,gpu_occupancy\s*=\s*(.*)%
instance,llm_layer,layer,H100-SASS-Accelwattch_SASS_SIM,nvjet_sm90_tst_64x8_64x16_4x1_v_bz_TNT--6,gpu_occupancy,13.3018,13.3018,gpu_occupancy\s*=\s*(.*)%
instance,llm_layer,layer,H100-SASS-Accelwattch_SASS_SIM,_ZN4vllm25fused_add_rms_norm_kernelIN3c108BFloat16ELi8ELb1EEENSt9enable_ifIXaagtT0_Li0Esr4vllm12_typeConvertIT_EE6existsEvE4typeEPS4_lS7_PKS4_fiil--15,gpu_occupancy,30.7978,30.7978,gpu_occupancy\s*=\s*(.*)%
instance,llm_layer,layer,H100-SASS-Accelwattch_SASS_SIM,nvjet_sm90_tst_128x8_64x12_4x1_v_bz_TNT--6,gpu_occupancy,13.7083,13.7083,gpu_occupancy\s*=\s*(.*)%
instance,llm_layer,layer,H100-SASS-Accelwattch_SASS_SIM,_ZN4vllm18act_and_mul_kernelIN3c108BFloat16E14__nv_bfloat162XadL_ZNS_11silu_kernelIS2_EET_RKS5_fEEXadL_ZNS_18packed_silu_kernelIS3_EES5_S7_fEELb1ELb1ELb0ELb0EEEvPS5_PS6_ifff--7,gpu_occupancy,27.3765,27.3765,gpu_occupancy\s*=\s*(.*)%
instance,llm_layer,layer,H100-SASS-Accelwattch_SASS_SIM,nvjet_sm90_tst_64x8_64x16_4x1_v_bz_splitK_TNT--6,gpu_occupancy,13.7018,13.7018,gpu_occupancy\s*=\s*(.*)%
instance,llm_layer,layer,H100-SASS-Accelwattch_SASS_SIM,_ZN8cublasLt19splitKreduce_kernelILi32ELi16Eif13__nv_bfloat16fS1_Lb0EfS1_S1_Lb1ELb0ELb0ELb0EEEvNS_18cublasSplitKParamsIT4_EEPKT2_PKT8_PT7_PT3_PKS3_SG_PKT9_S7_PSH_PvlPS3_PiSM_SM_SG_SG_SG_SG_SG_--7,gpu_occupancy,4.913,4.9130,gpu_occupancy\s*=\s*(.*)%
instance,llm_layer,layer,H100-SASS-Accelwattch_SASS_SIM,_ZN4vllm25fused_add_rms_norm_kernelIN3c108BFloat16ELi8ELb1EEENSt9enable_ifIXaagtT0_Li0Esr4vllm12_typeConvertIT_EE6existsEvE4typeEPS4_lS7_PKS4_fiil--0,L2_BW,31.8678,31.8678,L2_BW\s*=\s*(.*)\s*GB\/Sec
instance,llm_layer,layer,H100-SASS-Accelwattch_SASS_SIM,nvjet_sm90_tst_64x8_64x16_4x2_h_bz_bias_TNT--0,L2_BW,605.5897,605.5897,L2_BW\s*=\s*(.*)\s*GB\/Sec
instance,llm_layer,layer,H100-SASS-Accelwattch_SASS_SIM,_ZN4vllm23rotary_embedding_kernelIN3c108BFloat16ES2_Lb1EEEvPKlPT_S6_PKT0_illliiilb--0,L2_BW,14.5592,14.5592,L2_BW\s*=\s*(.*)\s*GB\/Sec
instance,llm_layer,layer,H100-SASS-Accelwattch_SASS_SIM,_ZN4vllm30reshape_and_cache_flash_kernelI13__nv_bfloat16S1_LNS_18Fp8KVCacheDataTypeE0EEEvPKT_S5_PT0_S7_PKlllllliiiPKfSB_i--0,L2_BW,4.2584,4.2584,L2_BW\s*=\s*(.*)\s*GB\/Sec
instance,llm_layer,layer,H100-SASS-Accelwattch_SASS_SIM,_ZN7cutlass13device_kernelIN5flash20enable_sm90_or_laterINS1_16FlashAttnFwdSm90INS1_25CollectiveMainloopFwdSm90ILi2EN4cute5tupleIJNS5_1CILi1EEES8_S8_EEENS6_IJNS7_ILi192EEENS7_ILi128EEENS7_ILi64EEEEEELi64ENS_10bfloat16_tEfNS_4arch4Sm90ELb1ELb0ELb0ELb1ELb1ELb0ELb0ELb1ELb1ELb1ELb0ELb0ESE_Li1EEENS1_21CollectiveEpilogueFwdINS6_IJSA_SC_SB_EEES9_SE_SG_Li384ELb1ELb1ELb0ELb0ELi1EEENS1_36VarlenDynamicPersistentTileSchedulerILi192ELi128ELi384ELi128ELb0ELb1ELb1ELb1ELb0ELb1EEEEEEEEEvNT_6ParamsE--0,L2_BW,37.6929,37.6929,L2_BW\s*=\s*(.*)\s*GB\/Sec
instance,llm_layer,layer,H100-SASS-Accelwattch_SASS_SIM,_ZN2at6native29vectorized_elementwise_kernelILi4ENS0_11FillFunctorIiEESt5arrayIPcLm1EEEEviT0_T1_--0,L2_BW,0.0189,0.0189,L2_BW\s*=\s*(.*)\s*GB\/Sec
instance,llm_layer,layer,H100-SASS-Accelwattch_SASS_SIM,nvjet_sm90_tst_64x8_64x16_4x2_h_bz_TNT--0,L2_BW,501.3532,501.3532,L2_BW\s*=\s*(.*)\s*GB\/Sec
instance,llm_layer,layer,H100-SASS-Accelwattch_SASS_SIM,_ZN4vllm25fused_add_rms_norm_kernelIN3c108BFloat16ELi8ELb1EEENSt9enable_ifIXaagtT0_Li0Esr4vllm12_typeConvertIT_EE6existsEvE4typeEPS4_lS7_PKS4_fiil--1,L2_BW,31.8449,31.8449,L2_BW\s*=\s*(.*)\s*GB\/Sec
instance,llm_layer,layer,H100-SASS-Accelwattch_SASS_SIM,nvjet_sm90_tst_128x16_64x11_4x1_v_bz_TNT--0,L2_BW,2419.1405,2419.1405,L2_BW\s*=\s*(.*)\s*GB\/Sec
instance,llm_layer,layer,H100-SASS-Accelwattch_SASS_SIM,_ZN4vllm18act_and_mul_kernelIN3c108BFloat16E14__nv_bfloat162XadL_ZNS_11silu_kernelIS2_EET_RKS5_fEEXadL_ZNS_18packed_silu_kernelIS3_EES5_S7_fEELb1ELb1ELb0ELb0EEEvPS5_PS6_ifff--0,L2_BW,99.9556,99.9556,L2_BW\s*=\s*(.*)\s*GB\/Sec
instance,llm_layer,layer,H100-SASS-Accelwattch_SASS_SIM,nvjet_sm90_tst_64x16_64x16_4x1_v_bz_splitK_TNT--0,L2_BW,1707.3753,1707.3753,L2_BW\s*=\s*(.*)\s*GB\/Sec
instance,llm_layer,layer,H100-SASS-Accelwattch_SASS_SIM,_ZN8cublasLt19splitKreduce_kernelILi32ELi16Eif13__nv_bfloat16fS1_Lb0EfS1_S1_Lb1ELb0ELb0ELb0EEEvNS_18cublasSplitKParamsIT4_EEPKT2_PKT8_PT7_PT3_PKS3_SG_PKT9_S7_PSH_PvlPS3_PiSM_SM_SG_SG_SG_SG_SG_--0,L2_BW,57.828,57.8280,L2_BW\s*=\s*(.*)\s*GB\/Sec
instance,llm_layer,layer,H100-SASS-Accelwattch_SASS_SIM,_ZN4vllm25fused_add_rms_norm_kernelIN3c108BFloat16ELi8ELb1EEENSt9enable_ifIXaagtT0_Li0Esr4vllm12_typeConvertIT_EE6existsEvE4typeEPS4_lS7_PKS4_fiil--2,L2_BW,3.1048,3.1048,L2_BW\s*=\s*(.*)\s*GB\/Sec
instance,llm_layer,layer,H100-SASS-Accelwattch_SASS_SIM,nvjet_sm90_tst_64x8_64x16_4x1_v_bz_bias_TNT--0,L2_BW,578.5794,578.5794,L2_BW\s*=\s*(.*)\s*GB\/Sec
instance,llm_layer,layer,H100-SASS-Accelwattch_SASS_SIM,_ZN4vllm23rotary_embedding_kernelIN3c108BFloat16ES2_Lb1EEEvPKlPT_S6_PKT0_illliiilb--1,L2_BW,1.5655,1.5655,L2_BW\s*=\s*(.*)\s*GB\/Sec
instance,llm_layer,layer,H100-SASS-Accelwattch_SASS_SIM,_ZN4vllm30reshape_and_cache_flash_kernelI13__nv_bfloat16S1_LNS_18Fp8KVCacheDataTypeE0EEEvPKT_S5_PT0_S7_PKlllllliiiPKfSB_i--1,L2_BW,0.4633,0.4633,L2_BW\s*=\s*(.*)\s*GB\/Sec
instance,llm_layer,layer,H100-SASS-Accelwattch_SASS_SIM,_ZN7cutlass13device_kernelIN5flash20enable_sm90_or_laterINS1_16FlashAttnFwdSm90INS1_25CollectiveMainloopFwdSm90ILi2EN4cute5tupleIJNS5_1CILi1EEES8_S8_EEENS6_IJNS7_ILi64EEENS7_ILi192EEESA_EEELi64ENS_10bfloat16_tEfNS_4arch4Sm90ELb0ELb0ELb0ELb1ELb1ELb0ELb0ELb1ELb1ELb1ELb0ELb0ESD_Li1EEENS1_21CollectiveEpilogueFwdINS6_IJSA_SA_SB_EEES9_SD_SF_Li128ELb1ELb1ELb0ELb0ELi1EEENS1_36VarlenDynamicPersistentTileSchedulerILi64ELi192ELi128ELi128ELb0ELb1ELb1ELb0ELb0ELb1EEEEEEEEEvNT_6ParamsE--0,L2_BW,14.3727,14.3727,L2_BW\s*=\s*(.*)\s*GB\/Sec
instance,llm_layer,layer,H100-SASS-Accelwattch_SASS_SIM,_ZN2at6native29vectorized_elementwise_kernelILi4ENS0_11FillFunctorIiEESt5arrayIPcLm1EEEEviT0_T1_--1,L2_BW,0.0189,0.0189,L2_BW\s*=\s*(.*)\s*GB\/Sec
instance,llm_layer,layer,H100-SASS-Accelwattch_SASS_SIM,nvjet_sm90_tst_64x8_64x16_4x1_v_bz_TNT--0,L2_BW,464.3946,464.3946,L2_BW\s*=\s*(.*)\s*GB\/Sec
instance,llm_layer,layer,H100-SASS-Accelwattch_SASS_SIM,_ZN4vllm25fused_add_rms_norm_kernelIN3c108BFloat16ELi8ELb1EEENSt9enable_ifIXaagtT0_Li0Esr4vllm12_typeConvertIT_EE6existsEvE4typeEPS4_lS7_PKS4_fiil--3,L2_BW,3.3341,3.3341,L2_BW\s*=\s*(.*)\s*GB\/Sec
instance,llm_layer,layer,H100-SASS-Accelwattch_SASS_SIM,nvjet_sm90_tst_128x8_64x12_4x1_v_bz_TNT--0,L2_BW,2789.4327,2789.4327,L2_BW\s*=\s*(.*)\s*GB\/Sec
instance,llm_layer,layer,H100-SASS-Accelwattch_SASS_SIM,_ZN4vllm18act_and_mul_kernelIN3c108BFloat16E14__nv_bfloat162XadL_ZNS_11silu_kernelIS2_EET_RKS5_fEEXadL_ZNS_18packed_silu_kernelIS3_EES5_S7_fEELb1ELb1ELb0ELb0EEEvPS5_PS6_ifff--1,L2_BW,10.0181,10.0181,L2_BW\s*=\s*(.*)\s*GB\/Sec
instance,llm_layer,layer,H100-SASS-Accelwattch_SASS_SIM,nvjet_sm90_tst_64x8_64x16_4x1_v_bz_splitK_TNT--0,L2_BW,1853.5439,1853.5439,L2_BW\s*=\s*(.*)\s*GB\/Sec
instance,llm_layer,layer,H100-SASS-Accelwattch_SASS_SIM,_ZN8cublasLt19splitKreduce_kernelILi32ELi16Eif13__nv_bfloat16fS1_Lb0EfS1_S1_Lb1ELb0ELb0ELb0EEEvNS_18cublasSplitKParamsIT4_EEPKT2_PKT8_PT7_PT3_PKS3_SG_PKT9_S7_PSH_PvlPS3_PiSM_SM_SG_SG_SG_SG_SG_--1,L2_BW,5.9094,5.9094,L2_BW\s*=\s*(.*)\s*GB\/Sec
instance,llm_layer,layer,H100-SASS-Accelwattch_SASS_SIM,_ZN4vllm25fused_add_rms_norm_kernelIN3c108BFloat16ELi8ELb1EEENSt9enable_ifIXaagtT0_Li0Esr4vllm12_typeConvertIT_EE6existsEvE4typeEPS4_lS7_PKS4_fiil--4,L2_BW,3.1119,3.1119,L2_BW\s*=\s*(.*)\s*GB\/Sec
instance,llm_layer,layer,H100-SASS-Accelwattch_SASS_SIM,nvjet_sm90_tst_64x8_64x16_4x1_v_bz_bias_TNT--1,L2_BW,584.6568,584.6568,L2_BW\s*=\s*(.*)\s*GB\/Sec
instance,llm_layer,layer,H100-SASS-Accelwattch_SASS_SIM,_ZN4vllm23rotary_embedding_kernelIN3c108BFloat16ES2_Lb1EEEvPKlPT_S6_PKT0_illliiilb--2,L2_BW,1.5646,1.5646,L2_BW\s*=\s*(.*)\s*GB\/Sec
instance,llm_layer,layer,H100-SASS-Accelwattch_SASS_SIM,_ZN4vllm30reshape_and_cache_flash_kernelI13__nv_bfloat16S1_LNS_18Fp8KVCacheDataTypeE0EEEvPKT_S5_PT0_S7_PKlllllliiiPKfSB_i--2,L2_BW,0.4635,0.4635,L2_BW\s*=\s*(.*)\s*GB\/Sec
instance,llm_layer,layer,H100-SASS-Accelwattch_SASS_SIM,_ZN7cutlass13device_kernelIN5flash20enable_sm90_or_laterINS1_16FlashAttnFwdSm90INS1_25CollectiveMainloopFwdSm90ILi2EN4cute5tupleIJNS5_1CILi1EEES8_S8_EEENS6_IJNS7_ILi64EEENS7_ILi192EEESA_EEELi64ENS_10bfloat16_tEfNS_4arch4Sm90ELb0ELb0ELb0ELb1ELb1ELb0ELb0ELb1ELb1ELb1ELb0ELb0ESD_Li1EEENS1_21CollectiveEpilogueFwdINS6_IJSA_SA_SB_EEES9_SD_SF_Li128ELb1ELb1ELb0ELb0ELi1EEENS1_36VarlenDynamicPersistentTileSchedulerILi64ELi192ELi128ELi128ELb0ELb1ELb1ELb0ELb0ELb1EEEEEEEEEvNT_6ParamsE--1,L2_BW,14.8865,14.8865,L2_BW\s*=\s*(.*)\s*GB\/Sec
instance,llm_layer,layer,H100-SASS-Accelwattch_SASS_SIM,_ZN2at6native29vectorized_elementwise_kernelILi4ENS0_11FillFunctorIiEESt5arrayIPcLm1EEEEviT0_T1_--2,L2_BW,0.0189,0.0189,L2_BW\s*=\s*(.*)\s*GB\/Sec
instance,llm_layer,layer,H100-SASS-Accelwattch_SASS_SIM,nvjet_sm90_tst_64x8_64x16_4x1_v_bz_TNT--1,L2_BW,473.193,473.1930,L2_BW\s*=\s*(.*)\s*GB\/Sec
instance,llm_layer,layer,H100-SASS-Accelwattch_SASS_SIM,_ZN4vllm25fused_add_rms_norm_kernelIN3c108BFloat16ELi8ELb1EEENSt9enable_ifIXaagtT0_Li0Esr4vllm12_typeConvertIT_EE6existsEvE4typeEPS4_lS7_PKS4_fiil--5,L2_BW,3.3543,3.3543,L2_BW\s*=\s*(.*)\s*GB\/Sec
instance,llm_layer,layer,H100-SASS-Accelwattch_SASS_SIM,nvjet_sm90_tst_128x8_64x12_4x1_v_bz_TNT--1,L2_BW,2854.0465,2854.0465,L2_BW\s*=\s*(.*)\s*GB\/Sec
instance,llm_layer,layer,H100-SASS-Accelwattch_SASS_SIM,_ZN4vllm18act_and_mul_kernelIN3c108BFloat16E14__nv_bfloat162XadL_ZNS_11silu_kernelIS2_EET_RKS5_fEEXadL_ZNS_18packed_silu_kernelIS3_EES5_S7_fEELb1ELb1ELb0ELb0EEEvPS5_PS6_ifff--2,L2_BW,9.9697,9.9697,L2_BW\s*=\s*(.*)\s*GB\/Sec
instance,llm_layer,layer,H100-SASS-Accelwattch_SASS_SIM,nvjet_sm90_tst_64x8_64x16_4x1_v_bz_splitK_TNT--1,L2_BW,1836.0928,1836.0928,L2_BW\s*=\s*(.*)\s*GB\/Sec
instance,llm_layer,layer,H100-SASS-Accelwattch_SASS_SIM,_ZN8cublasLt19splitKreduce_kernelILi32ELi16Eif13__nv_bfloat16fS1_Lb0EfS1_S1_Lb1ELb0ELb0ELb0EEEvNS_18cublasSplitKParamsIT4_EEPKT2_PKT8_PT7_PT3_PKS3_SG_PKT9_S7_PSH_PvlPS3_PiSM_SM_SG_SG_SG_SG_SG_--2,L2_BW,5.9094,5.9094,L2_BW\s*=\s*(.*)\s*GB\/Sec
instance,llm_layer,layer,H100-SASS-Accelwattch_SASS_SIM,_ZN4vllm25fused_add_rms_norm_kernelIN3c108BFloat16ELi8ELb1EEENSt9enable_ifIXaagtT0_Li0Esr4vllm12_typeConvertIT_EE6existsEvE4typeEPS4_lS7_PKS4_fiil--6,L2_BW,3.2421,3.2421,L2_BW\s*=\s*(.*)\s*GB\/Sec
instance,llm_layer,layer,H100-SASS-Accelwattch_SASS_SIM,nvjet_sm90_tst_64x8_64x16_4x1_v_bz_bias_TNT--2,L2_BW,578.6607,578.6607,L2_BW\s*=\s*(.*)\s*GB\/Sec
instance,llm_layer,layer,H100-SASS-Accelwattch_SASS_SIM,_ZN4vllm23rotary_embedding_kernelIN3c108BFloat16ES2_Lb1EEEvPKlPT_S6_PKT0_illliiilb--3,L2_BW,1.5655,1.5655,L2_BW\s*=\s*(.*)\s*GB\/Sec
instance,llm_layer,layer,H100-SASS-Accelwattch_SASS_SIM,_ZN4vllm30reshape_and_cache_flash_kernelI13__nv_bfloat16S1_LNS_18Fp8KVCacheDataTypeE0EEEvPKT_S5_PT0_S7_PKlllllliiiPKfSB_i--3,L2_BW,0.4443,0.4443,L2_BW\s*=\s*(.*)\s*GB\/Sec
instance,llm_layer,layer,H100-SASS-Accelwattch_SASS_SIM,_ZN7cutlass13device_kernelIN5flash20enable_sm90_or_laterINS1_16FlashAttnFwdSm90INS1_25CollectiveMainloopFwdSm90ILi2EN4cute5tupleIJNS5_1CILi1EEES8_S8_EEENS6_IJNS7_ILi64EEENS7_ILi192EEESA_EEELi64ENS_10bfloat16_tEfNS_4arch4Sm90ELb0ELb0ELb0ELb1ELb1ELb0ELb0ELb1ELb1ELb1ELb0ELb0ESD_Li1EEENS1_21CollectiveEpilogueFwdINS6_IJSA_SA_SB_EEES9_SD_SF_Li128ELb1ELb1ELb0ELb0ELi1EEENS1_36VarlenDynamicPersistentTileSchedulerILi64ELi192ELi128ELi128ELb0ELb1ELb1ELb0ELb0ELb1EEEEEEEEEvNT_6ParamsE--2,L2_BW,14.6617,14.6617,L2_BW\s*=\s*(.*)\s*GB\/Sec
instance,llm_layer,layer,H100-SASS-Accelwattch_SASS_SIM,_ZN2at6native29vectorized_elementwise_kernelILi4ENS0_11FillFunctorIiEESt5arrayIPcLm1EEEEviT0_T1_--3,L2_BW,0.0189,0.0189,L2_BW\s*=\s*(.*)\s*GB\/Sec
instance,llm_layer,layer,H100-SASS-Accelwattch_SASS_SIM,nvjet_sm90_tst_64x8_64x16_4x1_v_bz_TNT--2,L2_BW,476.1531,476.1531,L2_BW\s*=\s*(.*)\s*GB\/Sec
instance,llm_layer,layer,H100-SASS-Accelwattch_SASS_SIM,_ZN4vllm25fused_add_rms_norm_kernelIN3c108BFloat16ELi8ELb1EEENSt9enable_ifIXaagtT0_Li0Esr4vllm12_typeConvertIT_EE6existsEvE4typeEPS4_lS7_PKS4_fiil--7,L2_BW,3.3092,3.3092,L2_BW\s*=\s*(.*)\s*GB\/Sec
instance,llm_layer,layer,H100-SASS-Accelwattch_SASS_SIM,nvjet_sm90_tst_128x8_64x12_4x1_v_bz_TNT--2,L2_BW,3004.3768,3004.3768,L2_BW\s*=\s*(.*)\s*GB\/Sec
instance,llm_layer,layer,H100-SASS-Accelwattch_SASS_SIM,_ZN4vllm18act_and_mul_kernelIN3c108BFloat16E14__nv_bfloat162XadL_ZNS_11silu_kernelIS2_EET_RKS5_fEEXadL_ZNS_18packed_silu_kernelIS3_EES5_S7_fEELb1ELb1ELb0ELb0EEEvPS5_PS6_ifff--3,L2_BW,9.7906,9.7906,L2_BW\s*=\s*(.*)\s*GB\/Sec
instance,llm_layer,layer,H100-SASS-Accelwattch_SASS_SIM,nvjet_sm90_tst_64x8_64x16_4x1_v_bz_splitK_TNT--2,L2_BW,1937.1189,1937.1189,L2_BW\s*=\s*(.*)\s*GB\/Sec
instance,llm_layer,layer,H100-SASS-Accelwattch_SASS_SIM,_ZN8cublasLt19splitKreduce_kernelILi32ELi16Eif13__nv_bfloat16fS1_Lb0EfS1_S1_Lb1ELb0ELb0ELb0EEEvNS_18cublasSplitKParamsIT4_EEPKT2_PKT8_PT7_PT3_PKS3_SG_PKT9_S7_PSH_PvlPS3_PiSM_SM_SG_SG_SG_SG_SG_--3,L2_BW,5.9094,5.9094,L2_BW\s*=\s*(.*)\s*GB\/Sec
instance,llm_layer,layer,H100-SASS-Accelwattch_SASS_SIM,_ZN4vllm25fused_add_rms_norm_kernelIN3c108BFloat16ELi8ELb1EEENSt9enable_ifIXaagtT0_Li0Esr4vllm12_typeConvertIT_EE6existsEvE4typeEPS4_lS7_PKS4_fiil--8,L2_BW,3.3123,3.3123,L2_BW\s*=\s*(.*)\s*GB\/Sec
instance,llm_layer,layer,H100-SASS-Accelwattch_SASS_SIM,nvjet_sm90_tst_64x8_64x16_4x1_v_bz_bias_TNT--3,L2_BW,581.7665,581.7665,L2_BW\s*=\s*(.*)\s*GB\/Sec
instance,llm_layer,layer,H100-SASS-Accelwattch_SASS_SIM,_ZN4vllm23rotary_embedding_kernelIN3c108BFloat16ES2_Lb1EEEvPKlPT_S6_PKT0_illliiilb--4,L2_BW,1.5097,1.5097,L2_BW\s*=\s*(.*)\s*GB\/Sec
instance,llm_layer,layer,H100-SASS-Accelwattch_SASS_SIM,_ZN4vllm30reshape_and_cache_flash_kernelI13__nv_bfloat16S1_LNS_18Fp8KVCacheDataTypeE0EEEvPKT_S5_PT0_S7_PKlllllliiiPKfSB_i--4,L2_BW,0.4435,0.4435,L2_BW\s*=\s*(.*)\s*GB\/Sec
instance,llm_layer,layer,H100-SASS-Accelwattch_SASS_SIM,_ZN7cutlass13device_kernelIN5flash20enable_sm90_or_laterINS1_16FlashAttnFwdSm90INS1_25CollectiveMainloopFwdSm90ILi2EN4cute5tupleIJNS5_1CILi1EEES8_S8_EEENS6_IJNS7_ILi64EEENS7_ILi192EEESA_EEELi64ENS_10bfloat16_tEfNS_4arch4Sm90ELb0ELb0ELb0ELb1ELb1ELb0ELb0ELb1ELb1ELb1ELb0ELb0ESD_Li1EEENS1_21CollectiveEpilogueFwdINS6_IJSA_SA_SB_EEES9_SD_SF_Li128ELb1ELb1ELb0ELb0ELi1EEENS1_36VarlenDynamicPersistentTileSchedulerILi64ELi192ELi128ELi128ELb0ELb1ELb1ELb0ELb0ELb1EEEEEEEEEvNT_6ParamsE--3,L2_BW,14.7867,14.7867,L2_BW\s*=\s*(.*)\s*GB\/Sec
instance,llm_layer,layer,H100-SASS-Accelwattch_SASS_SIM,_ZN2at6native29vectorized_elementwise_kernelILi4ENS0_11FillFunctorIiEESt5arrayIPcLm1EEEEviT0_T1_--4,L2_BW,0.0189,0.0189,L2_BW\s*=\s*(.*)\s*GB\/Sec
instance,llm_layer,layer,H100-SASS-Accelwattch_SASS_SIM,nvjet_sm90_tst_64x8_64x16_4x1_v_bz_TNT--3,L2_BW,465.7477,465.7477,L2_BW\s*=\s*(.*)\s*GB\/Sec
instance,llm_layer,layer,H100-SASS-Accelwattch_SASS_SIM,_ZN4vllm25fused_add_rms_norm_kernelIN3c108BFloat16ELi8ELb1EEENSt9enable_ifIXaagtT0_Li0Esr4vllm12_typeConvertIT_EE6existsEvE4typeEPS4_lS7_PKS4_fiil--9,L2_BW,3.3366,3.3366,L2_BW\s*=\s*(.*)\s*GB\/Sec
instance,llm_layer,layer,H100-SASS-Accelwattch_SASS_SIM,nvjet_sm90_tst_128x8_64x12_4x1_v_bz_TNT--3,L2_BW,3015.8918,3015.8918,L2_BW\s*=\s*(.*)\s*GB\/Sec
instance,llm_layer,layer,H100-SASS-Accelwattch_SASS_SIM,_ZN4vllm18act_and_mul_kernelIN3c108BFloat16E14__nv_bfloat162XadL_ZNS_11silu_kernelIS2_EET_RKS5_fEEXadL_ZNS_18packed_silu_kernelIS3_EES5_S7_fEELb1ELb1ELb0ELb0EEEvPS5_PS6_ifff--4,L2_BW,10.0233,10.0233,L2_BW\s*=\s*(.*)\s*GB\/Sec
instance,llm_layer,layer,H100-SASS-Accelwattch_SASS_SIM,nvjet_sm90_tst_64x8_64x16_4x1_v_bz_splitK_TNT--3,L2_BW,1870.3217,1870.3217,L2_BW\s*=\s*(.*)\s*GB\/Sec
instance,llm_layer,layer,H100-SASS-Accelwattch_SASS_SIM,_ZN8cublasLt19splitKreduce_kernelILi32ELi16Eif13__nv_bfloat16fS1_Lb0EfS1_S1_Lb1ELb0ELb0ELb0EEEvNS_18cublasSplitKParamsIT4_EEPKT2_PKT8_PT7_PT3_PKS3_SG_PKT9_S7_PSH_PvlPS3_PiSM_SM_SG_SG_SG_SG_SG_--4,L2_BW,5.641,5.6410,L2_BW\s*=\s*(.*)\s*GB\/Sec
instance,llm_layer,layer,H100-SASS-Accelwattch_SASS_SIM,_ZN4vllm25fused_add_rms_norm_kernelIN3c108BFloat16ELi8ELb1EEENSt9enable_ifIXaagtT0_Li0Esr4vllm12_typeConvertIT_EE6existsEvE4typeEPS4_lS7_PKS4_fiil--10,L2_BW,3.3167,3.3167,L2_BW\s*=\s*(.*)\s*GB\/Sec
instance,llm_layer,layer,H100-SASS-Accelwattch_SASS_SIM,nvjet_sm90_tst_64x8_64x16_4x1_v_bz_bias_TNT--4,L2_BW,584.8228,584.8228,L2_BW\s*=\s*(.*)\s*GB\/Sec
instance,llm_layer,layer,H100-SASS-Accelwattch_SASS_SIM,_ZN4vllm23rotary_embedding_kernelIN3c108BFloat16ES2_Lb1EEEvPKlPT_S6_PKT0_illliiilb--5,L2_BW,1.5675,1.5675,L2_BW\s*=\s*(.*)\s*GB\/Sec
instance,llm_layer,layer,H100-SASS-Accelwattch_SASS_SIM,_ZN4vllm30reshape_and_cache_flash_kernelI13__nv_bfloat16S1_LNS_18Fp8KVCacheDataTypeE0EEEvPKT_S5_PT0_S7_PKlllllliiiPKfSB_i--5,L2_BW,0.4635,0.4635,L2_BW\s*=\s*(.*)\s*GB\/Sec
instance,llm_layer,layer,H100-SASS-Accelwattch_SASS_SIM,_ZN7cutlass13device_kernelIN5flash20enable_sm90_or_laterINS1_16FlashAttnFwdSm90INS1_25CollectiveMainloopFwdSm90ILi2EN4cute5tupleIJNS5_1CILi1EEES8_S8_EEENS6_IJNS7_ILi64EEENS7_ILi192EEESA_EEELi64ENS_10bfloat16_tEfNS_4arch4Sm90ELb0ELb0ELb0ELb1ELb1ELb0ELb0ELb1ELb1ELb1ELb0ELb0ESD_Li1EEENS1_21CollectiveEpilogueFwdINS6_IJSA_SA_SB_EEES9_SD_SF_Li128ELb1ELb1ELb0ELb0ELi1EEENS1_36VarlenDynamicPersistentTileSchedulerILi64ELi192ELi128ELi128ELb0ELb1ELb1ELb0ELb0ELb1EEEEEEEEEvNT_6ParamsE--4,L2_BW,15.1925,15.1925,L2_BW\s*=\s*(.*)\s*GB\/Sec
instance,llm_layer,layer,H100-SASS-Accelwattch_SASS_SIM,_ZN2at6native29vectorized_elementwise_kernelILi4ENS0_11FillFunctorIiEESt5arrayIPcLm1EEEEviT0_T1_--5,L2_BW,0.0189,0.0189,L2_BW\s*=\s*(.*)\s*GB\/Sec
instance,llm_layer,layer,H100-SASS-Accelwattch_SASS_SIM,nvjet_sm90_tst_64x8_64x16_4x1_v_bz_TNT--4,L2_BW,485.8499,485.8499,L2_BW\s*=\s*(.*)\s*GB\/Sec
instance,llm_layer,layer,H100-SASS-Accelwattch_SASS_SIM,_ZN4vllm25fused_add_rms_norm_kernelIN3c108BFloat16ELi8ELb1EEENSt9enable_ifIXaagtT0_Li0Esr4vllm12_typeConvertIT_EE6existsEvE4typeEPS4_lS7_PKS4_fiil--11,L2_BW,3.353,3.3530,L2_BW\s*=\s*(.*)\s*GB\/Sec
instance,llm_layer,layer,H100-SASS-Accelwattch_SASS_SIM,nvjet_sm90_tst_128x8_64x12_4x1_v_bz_TNT--4,L2_BW,2873.2314,2873.2314,L2_BW\s*=\s*(.*)\s*GB\/Sec
instance,llm_layer,layer,H100-SASS-Accelwattch_SASS_SIM,_ZN4vllm18act_and_mul_kernelIN3c108BFloat16E14__nv_bfloat162XadL_ZNS_11silu_kernelIS2_EET_RKS5_fEEXadL_ZNS_18packed_silu_kernelIS3_EES5_S7_fEELb1ELb1ELb0ELb0EEEvPS5_PS6_ifff--5,L2_BW,9.8239,9.8239,L2_BW\s*=\s*(.*)\s*GB\/Sec
instance,llm_layer,layer,H100-SASS-Accelwattch_SASS_SIM,nvjet_sm90_tst_64x8_64x16_4x1_v_bz_splitK_TNT--4,L2_BW,1833.3775,1833.3775,L2_BW\s*=\s*(.*)\s*GB\/Sec
instance,llm_layer,layer,H100-SASS-Accelwattch_SASS_SIM,_ZN8cublasLt19splitKreduce_kernelILi32ELi16Eif13__nv_bfloat16fS1_Lb0EfS1_S1_Lb1ELb0ELb0ELb0EEEvNS_18cublasSplitKParamsIT4_EEPKT2_PKT8_PT7_PT3_PKS3_SG_PKT9_S7_PSH_PvlPS3_PiSM_SM_SG_SG_SG_SG_SG_--5,L2_BW,5.9094,5.9094,L2_BW\s*=\s*(.*)\s*GB\/Sec
instance,llm_layer,layer,H100-SASS-Accelwattch_SASS_SIM,_ZN4vllm25fused_add_rms_norm_kernelIN3c108BFloat16ELi8ELb1EEENSt9enable_ifIXaagtT0_Li0Esr4vllm12_typeConvertIT_EE6existsEvE4typeEPS4_lS7_PKS4_fiil--12,L2_BW,3.2093,3.2093,L2_BW\s*=\s*(.*)\s*GB\/Sec
instance,llm_layer,layer,H100-SASS-Accelwattch_SASS_SIM,nvjet_sm90_tst_64x8_64x16_4x1_v_bz_bias_TNT--5,L2_BW,578.0922,578.0922,L2_BW\s*=\s*(.*)\s*GB\/Sec
instance,llm_layer,layer,H100-SASS-Accelwattch_SASS_SIM,_ZN4vllm23rotary_embedding_kernelIN3c108BFloat16ES2_Lb1EEEvPKlPT_S6_PKT0_illliiilb--6,L2_BW,1.5655,1.5655,L2_BW\s*=\s*(.*)\s*GB\/Sec
instance,llm_layer,layer,H100-SASS-Accelwattch_SASS_SIM,_ZN4vllm30reshape_and_cache_flash_kernelI13__nv_bfloat16S1_LNS_18Fp8KVCacheDataTypeE0EEEvPKT_S5_PT0_S7_PKlllllliiiPKfSB_i--6,L2_BW,0.4441,0.4441,L2_BW\s*=\s*(.*)\s*GB\/Sec
instance,llm_layer,layer,H100-SASS-Accelwattch_SASS_SIM,_ZN7cutlass13device_kernelIN5flash20enable_sm90_or_laterINS1_16FlashAttnFwdSm90INS1_25CollectiveMainloopFwdSm90ILi2EN4cute5tupleIJNS5_1CILi1EEES8_S8_EEENS6_IJNS7_ILi64EEENS7_ILi192EEESA_EEELi64ENS_10bfloat16_tEfNS_4arch4Sm90ELb0ELb0ELb0ELb1ELb1ELb0ELb0ELb1ELb1ELb1ELb0ELb0ESD_Li1EEENS1_21CollectiveEpilogueFwdINS6_IJSA_SA_SB_EEES9_SD_SF_Li128ELb1ELb1ELb0ELb0ELi1EEENS1_36VarlenDynamicPersistentTileSchedulerILi64ELi192ELi128ELi128ELb0ELb1ELb1ELb0ELb0ELb1EEEEEEEEEvNT_6ParamsE--5,L2_BW,14.636,14.6360,L2_BW\s*=\s*(.*)\s*GB\/Sec
instance,llm_layer,layer,H100-SASS-Accelwattch_SASS_SIM,_ZN2at6native29vectorized_elementwise_kernelILi4ENS0_11FillFunctorIiEESt5arrayIPcLm1EEEEviT0_T1_--6,L2_BW,0.0189,0.0189,L2_BW\s*=\s*(.*)\s*GB\/Sec
instance,llm_layer,layer,H100-SASS-Accelwattch_SASS_SIM,nvjet_sm90_tst_64x8_64x16_4x1_v_bz_TNT--5,L2_BW,476.6501,476.6501,L2_BW\s*=\s*(.*)\s*GB\/Sec
instance,llm_layer,layer,H100-SASS-Accelwattch_SASS_SIM,_ZN4vllm25fused_add_rms_norm_kernelIN3c108BFloat16ELi8ELb1EEENSt9enable_ifIXaagtT0_Li0Esr4vllm12_typeConvertIT_EE6existsEvE4typeEPS4_lS7_PKS4_fiil--13,L2_BW,3.3105,3.3105,L2_BW\s*=\s*(.*)\s*GB\/Sec
instance,llm_layer,layer,H100-SASS-Accelwattch_SASS_SIM,nvjet_sm90_tst_128x8_64x12_4x1_v_bz_TNT--5,L2_BW,2973.4145,2973.4145,L2_BW\s*=\s*(.*)\s*GB\/Sec
instance,llm_layer,layer,H100-SASS-Accelwattch_SASS_SIM,_ZN4vllm18act_and_mul_kernelIN3c108BFloat16E14__nv_bfloat162XadL_ZNS_11silu_kernelIS2_EET_RKS5_fEEXadL_ZNS_18packed_silu_kernelIS3_EES5_S7_fEELb1ELb1ELb0ELb0EEEvPS5_PS6_ifff--6,L2_BW,9.7757,9.7757,L2_BW\s*=\s*(.*)\s*GB\/Sec
instance,llm_layer,layer,H100-SASS-Accelwattch_SASS_SIM,nvjet_sm90_tst_64x8_64x16_4x1_v_bz_splitK_TNT--5,L2_BW,1962.0829,1962.0829,L2_BW\s*=\s*(.*)\s*GB\/Sec
instance,llm_layer,layer,H100-SASS-Accelwattch_SASS_SIM,_ZN8cublasLt19splitKreduce_kernelILi32ELi16Eif13__nv_bfloat16fS1_Lb0EfS1_S1_Lb1ELb0ELb0ELb0EEEvNS_18cublasSplitKParamsIT4_EEPKT2_PKT8_PT7_PT3_PKS3_SG_PKT9_S7_PSH_PvlPS3_PiSM_SM_SG_SG_SG_SG_SG_--6,L2_BW,5.9094,5.9094,L2_BW\s*=\s*(.*)\s*GB\/Sec
instance,llm_layer,layer,H100-SASS-Accelwattch_SASS_SIM,_ZN4vllm25fused_add_rms_norm_kernelIN3c108BFloat16ELi8ELb1EEENSt9enable_ifIXaagtT0_Li0Esr4vllm12_typeConvertIT_EE6existsEvE4typeEPS4_lS7_PKS4_fiil--14,L2_BW,3.3111,3.3111,L2_BW\s*=\s*(.*)\s*GB\/Sec
instance,llm_layer,layer,H100-SASS-Accelwattch_SASS_SIM,nvjet_sm90_tst_64x8_64x16_4x1_v_bz_bias_TNT--6,L2_BW,577.93,577.9300,L2_BW\s*=\s*(.*)\s*GB\/Sec
instance,llm_layer,layer,H100-SASS-Accelwattch_SASS_SIM,_ZN4vllm23rotary_embedding_kernelIN3c108BFloat16ES2_Lb1EEEvPKlPT_S6_PKT0_illliiilb--7,L2_BW,1.5086,1.5086,L2_BW\s*=\s*(.*)\s*GB\/Sec
instance,llm_layer,layer,H100-SASS-Accelwattch_SASS_SIM,_ZN4vllm30reshape_and_cache_flash_kernelI13__nv_bfloat16S1_LNS_18Fp8KVCacheDataTypeE0EEEvPKT_S5_PT0_S7_PKlllllliiiPKfSB_i--7,L2_BW,0.4436,0.4436,L2_BW\s*=\s*(.*)\s*GB\/Sec
instance,llm_layer,layer,H100-SASS-Accelwattch_SASS_SIM,_ZN7cutlass13device_kernelIN5flash20enable_sm90_or_laterINS1_16FlashAttnFwdSm90INS1_25CollectiveMainloopFwdSm90ILi2EN4cute5tupleIJNS5_1CILi1EEES8_S8_EEENS6_IJNS7_ILi64EEENS7_ILi192EEESA_EEELi64ENS_10bfloat16_tEfNS_4arch4Sm90ELb0ELb0ELb0ELb1ELb1ELb0ELb0ELb1ELb1ELb1ELb0ELb0ESD_Li1EEENS1_21CollectiveEpilogueFwdINS6_IJSA_SA_SB_EEES9_SD_SF_Li128ELb1ELb1ELb0ELb0ELi1EEENS1_36VarlenDynamicPersistentTileSchedulerILi64ELi192ELi128ELi128ELb0ELb1ELb1ELb0ELb0ELb1EEEEEEEEEvNT_6ParamsE--6,L2_BW,14.9522,14.9522,L2_BW\s*=\s*(.*)\s*GB\/Sec
instance,llm_layer,layer,H100-SASS-Accelwattch_SASS_SIM,_ZN2at6native29vectorized_elementwise_kernelILi4ENS0_11FillFunctorIiEESt5arrayIPcLm1EEEEviT0_T1_--7,L2_BW,0.0189,0.0189,L2_BW\s*=\s*(.*)\s*GB\/Sec
instance,llm_layer,layer,H100-SASS-Accelwattch_SASS_SIM,nvjet_sm90_tst_64x8_64x16_4x1_v_bz_TNT--6,L2_BW,467.1087,467.1087,L2_BW\s*=\s*(.*)\s*GB\/Sec
instance,llm_layer,layer,H100-SASS-Accelwattch_SASS_SIM,_ZN4vllm25fused_add_rms_norm_kernelIN3c108BFloat16ELi8ELb1EEENSt9enable_ifIXaagtT0_Li0Esr4vllm12_typeConvertIT_EE6existsEvE4typeEPS4_lS7_PKS4_fiil--15,L2_BW,3.3366,3.3366,L2_BW\s*=\s*(.*)\s*GB\/Sec
instance,llm_layer,layer,H100-SASS-Accelwattch_SASS_SIM,nvjet_sm90_tst_128x8_64x12_4x1_v_bz_TNT--6,L2_BW,3031.4717,3031.4717,L2_BW\s*=\s*(.*)\s*GB\/Sec
instance,llm_layer,layer,H100-SASS-Accelwattch_SASS_SIM,_ZN4vllm18act_and_mul_kernelIN3c108BFloat16E14__nv_bfloat162XadL_ZNS_11silu_kernelIS2_EET_RKS5_fEEXadL_ZNS_18packed_silu_kernelIS3_EES5_S7_fEELb1ELb1ELb0ELb0EEEvPS5_PS6_ifff--7,L2_BW,10.0216,10.0216,L2_BW\s*=\s*(.*)\s*GB\/Sec
instance,llm_layer,layer,H100-SASS-Accelwattch_SASS_SIM,nvjet_sm90_tst_64x8_64x16_4x1_v_bz_splitK_TNT--6,L2_BW,1873.5519,1873.5519,L2_BW\s*=\s*(.*)\s*GB\/Sec
instance,llm_layer,layer,H100-SASS-Accelwattch_SASS_SIM,_ZN8cublasLt19splitKreduce_kernelILi32ELi16Eif13__nv_bfloat16fS1_Lb0EfS1_S1_Lb1ELb0ELb0ELb0EEEvNS_18cublasSplitKParamsIT4_EEPKT2_PKT8_PT7_PT3_PKS3_SG_PKT9_S7_PSH_PvlPS3_PiSM_SM_SG_SG_SG_SG_SG_--7,L2_BW,5.641,5.6410,L2_BW\s*=\s*(.*)\s*GB\/Sec
instance,llm_layer,layer,H100-SASS-Accelwattch_SASS_SIM,_ZN4vllm25fused_add_rms_norm_kernelIN3c108BFloat16ELi8ELb1EEENSt9enable_ifIXaagtT0_Li0Esr4vllm12_typeConvertIT_EE6existsEvE4typeEPS4_lS7_PKS4_fiil--0,gpgpu_simulation_rate_inst_per_sec,311655.0,311655,gpgpu_simulation_rate\s+=\s+(.*)\s+\(inst\/sec\)
instance,llm_layer,layer,H100-SASS-Accelwattch_SASS_SIM,nvjet_sm90_tst_64x8_64x16_4x2_h_bz_bias_TNT--0,gpgpu_simulation_rate_inst_per_sec,695520.0,695520,gpgpu_simulation_rate\s+=\s+(.*)\s+\(inst\/sec\)
instance,llm_layer,layer,H100-SASS-Accelwattch_SASS_SIM,_ZN4vllm23rotary_embedding_kernelIN3c108BFloat16ES2_Lb1EEEvPKlPT_S6_PKT0_illliiilb--0,gpgpu_simulation_rate_inst_per_sec,621102.0,621102,gpgpu_simulation_rate\s+=\s+(.*)\s+\(inst\/sec\)
instance,llm_layer,layer,H100-SASS-Accelwattch_SASS_SIM,_ZN4vllm30reshape_and_cache_flash_kernelI13__nv_bfloat16S1_LNS_18Fp8KVCacheDataTypeE0EEEvPKT_S5_PT0_S7_PKlllllliiiPKfSB_i--0,gpgpu_simulation_rate_inst_per_sec,537629.0,537629,gpgpu_simulation_rate\s+=\s+(.*)\s+\(inst\/sec\)
instance,llm_layer,layer,H100-SASS-Accelwattch_SASS_SIM,_ZN7cutlass13device_kernelIN5flash20enable_sm90_or_laterINS1_16FlashAttnFwdSm90INS1_25CollectiveMainloopFwdSm90ILi2EN4cute5tupleIJNS5_1CILi1EEES8_S8_EEENS6_IJNS7_ILi192EEENS7_ILi128EEENS7_ILi64EEEEEELi64ENS_10bfloat16_tEfNS_4arch4Sm90ELb1ELb0ELb0ELb1ELb1ELb0ELb0ELb1ELb1ELb1ELb0ELb0ESE_Li1EEENS1_21CollectiveEpilogueFwdINS6_IJSA_SC_SB_EEES9_SE_SG_Li384ELb1ELb1ELb0ELb0ELi1EEENS1_36VarlenDynamicPersistentTileSchedulerILi192ELi128ELi384ELi128ELb0ELb1ELb1ELb1ELb0ELb1EEEEEEEEEvNT_6ParamsE--0,gpgpu_simulation_rate_inst_per_sec,478038.0,478038,gpgpu_simulation_rate\s+=\s+(.*)\s+\(inst\/sec\)
instance,llm_layer,layer,H100-SASS-Accelwattch_SASS_SIM,_ZN2at6native29vectorized_elementwise_kernelILi4ENS0_11FillFunctorIiEESt5arrayIPcLm1EEEEviT0_T1_--0,gpgpu_simulation_rate_inst_per_sec,460442.0,460442,gpgpu_simulation_rate\s+=\s+(.*)\s+\(inst\/sec\)
instance,llm_layer,layer,H100-SASS-Accelwattch_SASS_SIM,nvjet_sm90_tst_64x8_64x16_4x2_h_bz_TNT--0,gpgpu_simulation_rate_inst_per_sec,495278.0,495278,gpgpu_simulation_rate\s+=\s+(.*)\s+\(inst\/sec\)
instance,llm_layer,layer,H100-SASS-Accelwattch_SASS_SIM,_ZN4vllm25fused_add_rms_norm_kernelIN3c108BFloat16ELi8ELb1EEENSt9enable_ifIXaagtT0_Li0Esr4vllm12_typeConvertIT_EE6existsEvE4typeEPS4_lS7_PKS4_fiil--1,gpgpu_simulation_rate_inst_per_sec,471966.0,471966,gpgpu_simulation_rate\s+=\s+(.*)\s+\(inst\/sec\)
instance,llm_layer,layer,H100-SASS-Accelwattch_SASS_SIM,nvjet_sm90_tst_128x16_64x11_4x1_v_bz_TNT--0,gpgpu_simulation_rate_inst_per_sec,229839.0,229839,gpgpu_simulation_rate\s+=\s+(.*)\s+\(inst\/sec\)
instance,llm_layer,layer,H100-SASS-Accelwattch_SASS_SIM,_ZN4vllm18act_and_mul_kernelIN3c108BFloat16E14__nv_bfloat162XadL_ZNS_11silu_kernelIS2_EET_RKS5_fEEXadL_ZNS_18packed_silu_kernelIS3_EES5_S7_fEELb1ELb1ELb0ELb0EEEvPS5_PS6_ifff--0,gpgpu_simulation_rate_inst_per_sec,234792.0,234792,gpgpu_simulation_rate\s+=\s+(.*)\s+\(inst\/sec\)
instance,llm_layer,layer,H100-SASS-Accelwattch_SASS_SIM,nvjet_sm90_tst_64x16_64x16_4x1_v_bz_splitK_TNT--0,gpgpu_simulation_rate_inst_per_sec,253604.0,253604,gpgpu_simulation_rate\s+=\s+(.*)\s+\(inst\/sec\)
instance,llm_layer,layer,H100-SASS-Accelwattch_SASS_SIM,_ZN8cublasLt19splitKreduce_kernelILi32ELi16Eif13__nv_bfloat16fS1_Lb0EfS1_S1_Lb1ELb0ELb0ELb0EEEvNS_18cublasSplitKParamsIT4_EEPKT2_PKT8_PT7_PT3_PKS3_SG_PKT9_S7_PSH_PvlPS3_PiSM_SM_SG_SG_SG_SG_SG_--0,gpgpu_simulation_rate_inst_per_sec,254345.0,254345,gpgpu_simulation_rate\s+=\s+(.*)\s+\(inst\/sec\)
instance,llm_layer,layer,H100-SASS-Accelwattch_SASS_SIM,_ZN4vllm25fused_add_rms_norm_kernelIN3c108BFloat16ELi8ELb1EEENSt9enable_ifIXaagtT0_Li0Esr4vllm12_typeConvertIT_EE6existsEvE4typeEPS4_lS7_PKS4_fiil--2,gpgpu_simulation_rate_inst_per_sec,250247.0,250247,gpgpu_simulation_rate\s+=\s+(.*)\s+\(inst\/sec\)
instance,llm_layer,layer,H100-SASS-Accelwattch_SASS_SIM,nvjet_sm90_tst_64x8_64x16_4x1_v_bz_bias_TNT--0,gpgpu_simulation_rate_inst_per_sec,254922.0,254922,gpgpu_simulation_rate\s+=\s+(.*)\s+\(inst\/sec\)
instance,llm_layer,layer,H100-SASS-Accelwattch_SASS_SIM,_ZN4vllm23rotary_embedding_kernelIN3c108BFloat16ES2_Lb1EEEvPKlPT_S6_PKT0_illliiilb--1,gpgpu_simulation_rate_inst_per_sec,251035.0,251035,gpgpu_simulation_rate\s+=\s+(.*)\s+\(inst\/sec\)
instance,llm_layer,layer,H100-SASS-Accelwattch_SASS_SIM,_ZN4vllm30reshape_and_cache_flash_kernelI13__nv_bfloat16S1_LNS_18Fp8KVCacheDataTypeE0EEEvPKT_S5_PT0_S7_PKlllllliiiPKfSB_i--1,gpgpu_simulation_rate_inst_per_sec,247049.0,247049,gpgpu_simulation_rate\s+=\s+(.*)\s+\(inst\/sec\)
instance,llm_layer,layer,H100-SASS-Accelwattch_SASS_SIM,_ZN7cutlass13device_kernelIN5flash20enable_sm90_or_laterINS1_16FlashAttnFwdSm90INS1_25CollectiveMainloopFwdSm90ILi2EN4cute5tupleIJNS5_1CILi1EEES8_S8_EEENS6_IJNS7_ILi64EEENS7_ILi192EEESA_EEELi64ENS_10bfloat16_tEfNS_4arch4Sm90ELb0ELb0ELb0ELb1ELb1ELb0ELb0ELb1ELb1ELb1ELb0ELb0ESD_Li1EEENS1_21CollectiveEpilogueFwdINS6_IJSA_SA_SB_EEES9_SD_SF_Li128ELb1ELb1ELb0ELb0ELi1EEENS1_36VarlenDynamicPersistentTileSchedulerILi64ELi192ELi128ELi128ELb0ELb1ELb1ELb0ELb0ELb1EEEEEEEEEvNT_6ParamsE--0,gpgpu_simulation_rate_inst_per_sec,249192.0,249192,gpgpu_simulation_rate\s+=\s+(.*)\s+\(inst\/sec\)
instance,llm_layer,layer,H100-SASS-Accelwattch_SASS_SIM,_ZN2at6native29vectorized_elementwise_kernelILi4ENS0_11FillFunctorIiEESt5arrayIPcLm1EEEEviT0_T1_--1,gpgpu_simulation_rate_inst_per_sec,246678.0,246678,gpgpu_simulation_rate\s+=\s+(.*)\s+\(inst\/sec\)
instance,llm_layer,layer,H100-SASS-Accelwattch_SASS_SIM,nvjet_sm90_tst_64x8_64x16_4x1_v_bz_TNT--0,gpgpu_simulation_rate_inst_per_sec,250301.0,250301,gpgpu_simulation_rate\s+=\s+(.*)\s+\(inst\/sec\)
instance,llm_layer,layer,H100-SASS-Accelwattch_SASS_SIM,_ZN4vllm25fused_add_rms_norm_kernelIN3c108BFloat16ELi8ELb1EEENSt9enable_ifIXaagtT0_Li0Esr4vllm12_typeConvertIT_EE6existsEvE4typeEPS4_lS7_PKS4_fiil--3,gpgpu_simulation_rate_inst_per_sec,246958.0,246958,gpgpu_simulation_rate\s+=\s+(.*)\s+\(inst\/sec\)
instance,llm_layer,layer,H100-SASS-Accelwattch_SASS_SIM,nvjet_sm90_tst_128x8_64x12_4x1_v_bz_TNT--0,gpgpu_simulation_rate_inst_per_sec,233373.0,233373,gpgpu_simulation_rate\s+=\s+(.*)\s+\(inst\/sec\)
instance,llm_layer,layer,H100-SASS-Accelwattch_SASS_SIM,_ZN4vllm18act_and_mul_kernelIN3c108BFloat16E14__nv_bfloat162XadL_ZNS_11silu_kernelIS2_EET_RKS5_fEEXadL_ZNS_18packed_silu_kernelIS3_EES5_S7_fEELb1ELb1ELb0ELb0EEEvPS5_PS6_ifff--1,gpgpu_simulation_rate_inst_per_sec,230578.0,230578,gpgpu_simulation_rate\s+=\s+(.*)\s+\(inst\/sec\)
instance,llm_layer,layer,H100-SASS-Accelwattch_SASS_SIM,nvjet_sm90_tst_64x8_64x16_4x1_v_bz_splitK_TNT--0,gpgpu_simulation_rate_inst_per_sec,246840.0,246840,gpgpu_simulation_rate\s+=\s+(.*)\s+\(inst\/sec\)
instance,llm_layer,layer,H100-SASS-Accelwattch_SASS_SIM,_ZN8cublasLt19splitKreduce_kernelILi32ELi16Eif13__nv_bfloat16fS1_Lb0EfS1_S1_Lb1ELb0ELb0ELb0EEEvNS_18cublasSplitKParamsIT4_EEPKT2_PKT8_PT7_PT3_PKS3_SG_PKT9_S7_PSH_PvlPS3_PiSM_SM_SG_SG_SG_SG_SG_--1,gpgpu_simulation_rate_inst_per_sec,246091.0,246091,gpgpu_simulation_rate\s+=\s+(.*)\s+\(inst\/sec\)
instance,llm_layer,layer,H100-SASS-Accelwattch_SASS_SIM,_ZN4vllm25fused_add_rms_norm_kernelIN3c108BFloat16ELi8ELb1EEENSt9enable_ifIXaagtT0_Li0Esr4vllm12_typeConvertIT_EE6existsEvE4typeEPS4_lS7_PKS4_fiil--4,gpgpu_simulation_rate_inst_per_sec,243078.0,243078,gpgpu_simulation_rate\s+=\s+(.*)\s+\(inst\/sec\)
instance,llm_layer,layer,H100-SASS-Accelwattch_SASS_SIM,nvjet_sm90_tst_64x8_64x16_4x1_v_bz_bias_TNT--1,gpgpu_simulation_rate_inst_per_sec,246709.0,246709,gpgpu_simulation_rate\s+=\s+(.*)\s+\(inst\/sec\)
instance,llm_layer,layer,H100-SASS-Accelwattch_SASS_SIM,_ZN4vllm23rotary_embedding_kernelIN3c108BFloat16ES2_Lb1EEEvPKlPT_S6_PKT0_illliiilb--2,gpgpu_simulation_rate_inst_per_sec,243777.0,243777,gpgpu_simulation_rate\s+=\s+(.*)\s+\(inst\/sec\)
instance,llm_layer,layer,H100-SASS-Accelwattch_SASS_SIM,_ZN4vllm30reshape_and_cache_flash_kernelI13__nv_bfloat16S1_LNS_18Fp8KVCacheDataTypeE0EEEvPKT_S5_PT0_S7_PKlllllliiiPKfSB_i--2,gpgpu_simulation_rate_inst_per_sec,242298.0,242298,gpgpu_simulation_rate\s+=\s+(.*)\s+\(inst\/sec\)
instance,llm_layer,layer,H100-SASS-Accelwattch_SASS_SIM,_ZN7cutlass13device_kernelIN5flash20enable_sm90_or_laterINS1_16FlashAttnFwdSm90INS1_25CollectiveMainloopFwdSm90ILi2EN4cute5tupleIJNS5_1CILi1EEES8_S8_EEENS6_IJNS7_ILi64EEENS7_ILi192EEESA_EEELi64ENS_10bfloat16_tEfNS_4arch4Sm90ELb0ELb0ELb0ELb1ELb1ELb0ELb0ELb1ELb1ELb1ELb0ELb0ESD_Li1EEENS1_21CollectiveEpilogueFwdINS6_IJSA_SA_SB_EEES9_SD_SF_Li128ELb1ELb1ELb0ELb0ELi1EEENS1_36VarlenDynamicPersistentTileSchedulerILi64ELi192ELi128ELi128ELb0ELb1ELb1ELb0ELb0ELb1EEEEEEEEEvNT_6ParamsE--1,gpgpu_simulation_rate_inst_per_sec,242974.0,242974,gpgpu_simulation_rate\s+=\s+(.*)\s+\(inst\/sec\)
instance,llm_layer,layer,H100-SASS-Accelwattch_SASS_SIM,_ZN2at6native29vectorized_elementwise_kernelILi4ENS0_11FillFunctorIiEESt5arrayIPcLm1EEEEviT0_T1_--2,gpgpu_simulation_rate_inst_per_sec,241519.0,241519,gpgpu_simulation_rate\s+=\s+(.*)\s+\(inst\/sec\)
instance,llm_layer,layer,H100-SASS-Accelwattch_SASS_SIM,nvjet_sm90_tst_64x8_64x16_4x1_v_bz_TNT--1,gpgpu_simulation_rate_inst_per_sec,243789.0,243789,gpgpu_simulation_rate\s+=\s+(.*)\s+\(inst\/sec\)
instance,llm_layer,layer,H100-SASS-Accelwattch_SASS_SIM,_ZN4vllm25fused_add_rms_norm_kernelIN3c108BFloat16ELi8ELb1EEENSt9enable_ifIXaagtT0_Li0Esr4vllm12_typeConvertIT_EE6existsEvE4typeEPS4_lS7_PKS4_fiil--5,gpgpu_simulation_rate_inst_per_sec,241827.0,241827,gpgpu_simulation_rate\s+=\s+(.*)\s+\(inst\/sec\)
instance,llm_layer,layer,H100-SASS-Accelwattch_SASS_SIM,nvjet_sm90_tst_128x8_64x12_4x1_v_bz_TNT--1,gpgpu_simulation_rate_inst_per_sec,241270.0,241270,gpgpu_simulation_rate\s+=\s+(.*)\s+\(inst\/sec\)
instance,llm_layer,layer,H100-SASS-Accelwattch_SASS_SIM,_ZN4vllm18act_and_mul_kernelIN3c108BFloat16E14__nv_bfloat162XadL_ZNS_11silu_kernelIS2_EET_RKS5_fEEXadL_ZNS_18packed_silu_kernelIS3_EES5_S7_fEELb1ELb1ELb0ELb0EEEvPS5_PS6_ifff--2,gpgpu_simulation_rate_inst_per_sec,239851.0,239851,gpgpu_simulation_rate\s+=\s+(.*)\s+\(inst\/sec\)
instance,llm_layer,layer,H100-SASS-Accelwattch_SASS_SIM,nvjet_sm90_tst_64x8_64x16_4x1_v_bz_splitK_TNT--1,gpgpu_simulation_rate_inst_per_sec,250384.0,250384,gpgpu_simulation_rate\s+=\s+(.*)\s+\(inst\/sec\)
instance,llm_layer,layer,H100-SASS-Accelwattch_SASS_SIM,_ZN8cublasLt19splitKreduce_kernelILi32ELi16Eif13__nv_bfloat16fS1_Lb0EfS1_S1_Lb1ELb0ELb0ELb0EEEvNS_18cublasSplitKParamsIT4_EEPKT2_PKT8_PT7_PT3_PKS3_SG_PKT9_S7_PSH_PvlPS3_PiSM_SM_SG_SG_SG_SG_SG_--2,gpgpu_simulation_rate_inst_per_sec,249826.0,249826,gpgpu_simulation_rate\s+=\s+(.*)\s+\(inst\/sec\)
instance,llm_layer,layer,H100-SASS-Accelwattch_SASS_SIM,_ZN4vllm25fused_add_rms_norm_kernelIN3c108BFloat16ELi8ELb1EEENSt9enable_ifIXaagtT0_Li0Esr4vllm12_typeConvertIT_EE6existsEvE4typeEPS4_lS7_PKS4_fiil--6,gpgpu_simulation_rate_inst_per_sec,248216.0,248216,gpgpu_simulation_rate\s+=\s+(.*)\s+\(inst\/sec\)
instance,llm_layer,layer,H100-SASS-Accelwattch_SASS_SIM,nvjet_sm90_tst_64x8_64x16_4x1_v_bz_bias_TNT--2,gpgpu_simulation_rate_inst_per_sec,250176.0,250176,gpgpu_simulation_rate\s+=\s+(.*)\s+\(inst\/sec\)
instance,llm_layer,layer,H100-SASS-Accelwattch_SASS_SIM,_ZN4vllm23rotary_embedding_kernelIN3c108BFloat16ES2_Lb1EEEvPKlPT_S6_PKT0_illliiilb--3,gpgpu_simulation_rate_inst_per_sec,248593.0,248593,gpgpu_simulation_rate\s+=\s+(.*)\s+\(inst\/sec\)
instance,llm_layer,layer,H100-SASS-Accelwattch_SASS_SIM,_ZN4vllm30reshape_and_cache_flash_kernelI13__nv_bfloat16S1_LNS_18Fp8KVCacheDataTypeE0EEEvPKT_S5_PT0_S7_PKlllllliiiPKfSB_i--3,gpgpu_simulation_rate_inst_per_sec,246937.0,246937,gpgpu_simulation_rate\s+=\s+(.*)\s+\(inst\/sec\)
instance,llm_layer,layer,H100-SASS-Accelwattch_SASS_SIM,_ZN7cutlass13device_kernelIN5flash20enable_sm90_or_laterINS1_16FlashAttnFwdSm90INS1_25CollectiveMainloopFwdSm90ILi2EN4cute5tupleIJNS5_1CILi1EEES8_S8_EEENS6_IJNS7_ILi64EEENS7_ILi192EEESA_EEELi64ENS_10bfloat16_tEfNS_4arch4Sm90ELb0ELb0ELb0ELb1ELb1ELb0ELb0ELb1ELb1ELb1ELb0ELb0ESD_Li1EEENS1_21CollectiveEpilogueFwdINS6_IJSA_SA_SB_EEES9_SD_SF_Li128ELb1ELb1ELb0ELb0ELi1EEENS1_36VarlenDynamicPersistentTileSchedulerILi64ELi192ELi128ELi128ELb0ELb1ELb1ELb0ELb0ELb1EEEEEEEEEvNT_6ParamsE--2,gpgpu_simulation_rate_inst_per_sec,247867.0,247867,gpgpu_simulation_rate\s+=\s+(.*)\s+\(inst\/sec\)
instance,llm_layer,layer,H100-SASS-Accelwattch_SASS_SIM,_ZN2at6native29vectorized_elementwise_kernelILi4ENS0_11FillFunctorIiEESt5arrayIPcLm1EEEEviT0_T1_--3,gpgpu_simulation_rate_inst_per_sec,246779.0,246779,gpgpu_simulation_rate\s+=\s+(.*)\s+\(inst\/sec\)
instance,llm_layer,layer,H100-SASS-Accelwattch_SASS_SIM,nvjet_sm90_tst_64x8_64x16_4x1_v_bz_TNT--2,gpgpu_simulation_rate_inst_per_sec,247840.0,247840,gpgpu_simulation_rate\s+=\s+(.*)\s+\(inst\/sec\)
instance,llm_layer,layer,H100-SASS-Accelwattch_SASS_SIM,_ZN4vllm25fused_add_rms_norm_kernelIN3c108BFloat16ELi8ELb1EEENSt9enable_ifIXaagtT0_Li0Esr4vllm12_typeConvertIT_EE6existsEvE4typeEPS4_lS7_PKS4_fiil--7,gpgpu_simulation_rate_inst_per_sec,246369.0,246369,gpgpu_simulation_rate\s+=\s+(.*)\s+\(inst\/sec\)
instance,llm_layer,layer,H100-SASS-Accelwattch_SASS_SIM,nvjet_sm90_tst_128x8_64x12_4x1_v_bz_TNT--2,gpgpu_simulation_rate_inst_per_sec,242189.0,242189,gpgpu_simulation_rate\s+=\s+(.*)\s+\(inst\/sec\)
instance,llm_layer,layer,H100-SASS-Accelwattch_SASS_SIM,_ZN4vllm18act_and_mul_kernelIN3c108BFloat16E14__nv_bfloat162XadL_ZNS_11silu_kernelIS2_EET_RKS5_fEEXadL_ZNS_18packed_silu_kernelIS3_EES5_S7_fEELb1ELb1ELb0ELb0EEEvPS5_PS6_ifff--3,gpgpu_simulation_rate_inst_per_sec,241113.0,241113,gpgpu_simulation_rate\s+=\s+(.*)\s+\(inst\/sec\)
instance,llm_layer,layer,H100-SASS-Accelwattch_SASS_SIM,nvjet_sm90_tst_64x8_64x16_4x1_v_bz_splitK_TNT--2,gpgpu_simulation_rate_inst_per_sec,248622.0,248622,gpgpu_simulation_rate\s+=\s+(.*)\s+\(inst\/sec\)
instance,llm_layer,layer,H100-SASS-Accelwattch_SASS_SIM,_ZN8cublasLt19splitKreduce_kernelILi32ELi16Eif13__nv_bfloat16fS1_Lb0EfS1_S1_Lb1ELb0ELb0ELb0EEEvNS_18cublasSplitKParamsIT4_EEPKT2_PKT8_PT7_PT3_PKS3_SG_PKT9_S7_PSH_PvlPS3_PiSM_SM_SG_SG_SG_SG_SG_--3,gpgpu_simulation_rate_inst_per_sec,247757.0,247757,gpgpu_simulation_rate\s+=\s+(.*)\s+\(inst\/sec\)
instance,llm_layer,layer,H100-SASS-Accelwattch_SASS_SIM,_ZN4vllm25fused_add_rms_norm_kernelIN3c108BFloat16ELi8ELb1EEENSt9enable_ifIXaagtT0_Li0Esr4vllm12_typeConvertIT_EE6existsEvE4typeEPS4_lS7_PKS4_fiil--8,gpgpu_simulation_rate_inst_per_sec,246537.0,246537,gpgpu_simulation_rate\s+=\s+(.*)\s+\(inst\/sec\)
instance,llm_layer,layer,H100-SASS-Accelwattch_SASS_SIM,nvjet_sm90_tst_64x8_64x16_4x1_v_bz_bias_TNT--3,gpgpu_simulation_rate_inst_per_sec,248065.0,248065,gpgpu_simulation_rate\s+=\s+(.*)\s+\(inst\/sec\)
instance,llm_layer,layer,H100-SASS-Accelwattch_SASS_SIM,_ZN4vllm23rotary_embedding_kernelIN3c108BFloat16ES2_Lb1EEEvPKlPT_S6_PKT0_illliiilb--4,gpgpu_simulation_rate_inst_per_sec,246424.0,246424,gpgpu_simulation_rate\s+=\s+(.*)\s+\(inst\/sec\)
instance,llm_layer,layer,H100-SASS-Accelwattch_SASS_SIM,_ZN4vllm30reshape_and_cache_flash_kernelI13__nv_bfloat16S1_LNS_18Fp8KVCacheDataTypeE0EEEvPKT_S5_PT0_S7_PKlllllliiiPKfSB_i--4,gpgpu_simulation_rate_inst_per_sec,245590.0,245590,gpgpu_simulation_rate\s+=\s+(.*)\s+\(inst\/sec\)
instance,llm_layer,layer,H100-SASS-Accelwattch_SASS_SIM,_ZN7cutlass13device_kernelIN5flash20enable_sm90_or_laterINS1_16FlashAttnFwdSm90INS1_25CollectiveMainloopFwdSm90ILi2EN4cute5tupleIJNS5_1CILi1EEES8_S8_EEENS6_IJNS7_ILi64EEENS7_ILi192EEESA_EEELi64ENS_10bfloat16_tEfNS_4arch4Sm90ELb0ELb0ELb0ELb1ELb1ELb0ELb0ELb1ELb1ELb1ELb0ELb0ESD_Li1EEENS1_21CollectiveEpilogueFwdINS6_IJSA_SA_SB_EEES9_SD_SF_Li128ELb1ELb1ELb0ELb0ELi1EEENS1_36VarlenDynamicPersistentTileSchedulerILi64ELi192ELi128ELi128ELb0ELb1ELb1ELb0ELb0ELb1EEEEEEEEEvNT_6ParamsE--3,gpgpu_simulation_rate_inst_per_sec,245911.0,245911,gpgpu_simulation_rate\s+=\s+(.*)\s+\(inst\/sec\)
instance,llm_layer,layer,H100-SASS-Accelwattch_SASS_SIM,_ZN2at6native29vectorized_elementwise_kernelILi4ENS0_11FillFunctorIiEESt5arrayIPcLm1EEEEviT0_T1_--4,gpgpu_simulation_rate_inst_per_sec,245076.0,245076,gpgpu_simulation_rate\s+=\s+(.*)\s+\(inst\/sec\)
instance,llm_layer,layer,H100-SASS-Accelwattch_SASS_SIM,nvjet_sm90_tst_64x8_64x16_4x1_v_bz_TNT--3,gpgpu_simulation_rate_inst_per_sec,245921.0,245921,gpgpu_simulation_rate\s+=\s+(.*)\s+\(inst\/sec\)
instance,llm_layer,layer,H100-SASS-Accelwattch_SASS_SIM,_ZN4vllm25fused_add_rms_norm_kernelIN3c108BFloat16ELi8ELb1EEENSt9enable_ifIXaagtT0_Li0Esr4vllm12_typeConvertIT_EE6existsEvE4typeEPS4_lS7_PKS4_fiil--9,gpgpu_simulation_rate_inst_per_sec,244786.0,244786,gpgpu_simulation_rate\s+=\s+(.*)\s+\(inst\/sec\)
instance,llm_layer,layer,H100-SASS-Accelwattch_SASS_SIM,nvjet_sm90_tst_128x8_64x12_4x1_v_bz_TNT--3,gpgpu_simulation_rate_inst_per_sec,243077.0,243077,gpgpu_simulation_rate\s+=\s+(.*)\s+\(inst\/sec\)
instance,llm_layer,layer,H100-SASS-Accelwattch_SASS_SIM,_ZN4vllm18act_and_mul_kernelIN3c108BFloat16E14__nv_bfloat162XadL_ZNS_11silu_kernelIS2_EET_RKS5_fEEXadL_ZNS_18packed_silu_kernelIS3_EES5_S7_fEELb1ELb1ELb0ELb0EEEvPS5_PS6_ifff--4,gpgpu_simulation_rate_inst_per_sec,242207.0,242207,gpgpu_simulation_rate\s+=\s+(.*)\s+\(inst\/sec\)
instance,llm_layer,layer,H100-SASS-Accelwattch_SASS_SIM,nvjet_sm90_tst_64x8_64x16_4x1_v_bz_splitK_TNT--3,gpgpu_simulation_rate_inst_per_sec,248259.0,248259,gpgpu_simulation_rate\s+=\s+(.*)\s+\(inst\/sec\)
instance,llm_layer,layer,H100-SASS-Accelwattch_SASS_SIM,_ZN8cublasLt19splitKreduce_kernelILi32ELi16Eif13__nv_bfloat16fS1_Lb0EfS1_S1_Lb1ELb0ELb0ELb0EEEvNS_18cublasSplitKParamsIT4_EEPKT2_PKT8_PT7_PT3_PKS3_SG_PKT9_S7_PSH_PvlPS3_PiSM_SM_SG_SG_SG_SG_SG_--4,gpgpu_simulation_rate_inst_per_sec,247921.0,247921,gpgpu_simulation_rate\s+=\s+(.*)\s+\(inst\/sec\)
instance,llm_layer,layer,H100-SASS-Accelwattch_SASS_SIM,_ZN4vllm25fused_add_rms_norm_kernelIN3c108BFloat16ELi8ELb1EEENSt9enable_ifIXaagtT0_Li0Esr4vllm12_typeConvertIT_EE6existsEvE4typeEPS4_lS7_PKS4_fiil--10,gpgpu_simulation_rate_inst_per_sec,246926.0,246926,gpgpu_simulation_rate\s+=\s+(.*)\s+\(inst\/sec\)
instance,llm_layer,layer,H100-SASS-Accelwattch_SASS_SIM,nvjet_sm90_tst_64x8_64x16_4x1_v_bz_bias_TNT--4,gpgpu_simulation_rate_inst_per_sec,248173.0,248173,gpgpu_simulation_rate\s+=\s+(.*)\s+\(inst\/sec\)
instance,llm_layer,layer,H100-SASS-Accelwattch_SASS_SIM,_ZN4vllm23rotary_embedding_kernelIN3c108BFloat16ES2_Lb1EEEvPKlPT_S6_PKT0_illliiilb--5,gpgpu_simulation_rate_inst_per_sec,246831.0,246831,gpgpu_simulation_rate\s+=\s+(.*)\s+\(inst\/sec\)
instance,llm_layer,layer,H100-SASS-Accelwattch_SASS_SIM,_ZN4vllm30reshape_and_cache_flash_kernelI13__nv_bfloat16S1_LNS_18Fp8KVCacheDataTypeE0EEEvPKT_S5_PT0_S7_PKlllllliiiPKfSB_i--5,gpgpu_simulation_rate_inst_per_sec,246147.0,246147,gpgpu_simulation_rate\s+=\s+(.*)\s+\(inst\/sec\)
instance,llm_layer,layer,H100-SASS-Accelwattch_SASS_SIM,_ZN7cutlass13device_kernelIN5flash20enable_sm90_or_laterINS1_16FlashAttnFwdSm90INS1_25CollectiveMainloopFwdSm90ILi2EN4cute5tupleIJNS5_1CILi1EEES8_S8_EEENS6_IJNS7_ILi64EEENS7_ILi192EEESA_EEELi64ENS_10bfloat16_tEfNS_4arch4Sm90ELb0ELb0ELb0ELb1ELb1ELb0ELb0ELb1ELb1ELb1ELb0ELb0ESD_Li1EEENS1_21CollectiveEpilogueFwdINS6_IJSA_SA_SB_EEES9_SD_SF_Li128ELb1ELb1ELb0ELb0ELi1EEENS1_36VarlenDynamicPersistentTileSchedulerILi64ELi192ELi128ELi128ELb0ELb1ELb1ELb0ELb0ELb1EEEEEEEEEvNT_6ParamsE--4,gpgpu_simulation_rate_inst_per_sec,246402.0,246402,gpgpu_simulation_rate\s+=\s+(.*)\s+\(inst\/sec\)
instance,llm_layer,layer,H100-SASS-Accelwattch_SASS_SIM,_ZN2at6native29vectorized_elementwise_kernelILi4ENS0_11FillFunctorIiEESt5arrayIPcLm1EEEEviT0_T1_--5,gpgpu_simulation_rate_inst_per_sec,245714.0,245714,gpgpu_simulation_rate\s+=\s+(.*)\s+\(inst\/sec\)
instance,llm_layer,layer,H100-SASS-Accelwattch_SASS_SIM,nvjet_sm90_tst_64x8_64x16_4x1_v_bz_TNT--4,gpgpu_simulation_rate_inst_per_sec,246748.0,246748,gpgpu_simulation_rate\s+=\s+(.*)\s+\(inst\/sec\)
instance,llm_layer,layer,H100-SASS-Accelwattch_SASS_SIM,_ZN4vllm25fused_add_rms_norm_kernelIN3c108BFloat16ELi8ELb1EEENSt9enable_ifIXaagtT0_Li0Esr4vllm12_typeConvertIT_EE6existsEvE4typeEPS4_lS7_PKS4_fiil--11,gpgpu_simulation_rate_inst_per_sec,245807.0,245807,gpgpu_simulation_rate\s+=\s+(.*)\s+\(inst\/sec\)
instance,llm_layer,layer,H100-SASS-Accelwattch_SASS_SIM,nvjet_sm90_tst_128x8_64x12_4x1_v_bz_TNT--4,gpgpu_simulation_rate_inst_per_sec,244611.0,244611,gpgpu_simulation_rate\s+=\s+(.*)\s+\(inst\/sec\)
instance,llm_layer,layer,H100-SASS-Accelwattch_SASS_SIM,_ZN4vllm18act_and_mul_kernelIN3c108BFloat16E14__nv_bfloat162XadL_ZNS_11silu_kernelIS2_EET_RKS5_fEEXadL_ZNS_18packed_silu_kernelIS3_EES5_S7_fEELb1ELb1ELb0ELb0EEEvPS5_PS6_ifff--5,gpgpu_simulation_rate_inst_per_sec,243562.0,243562,gpgpu_simulation_rate\s+=\s+(.*)\s+\(inst\/sec\)
instance,llm_layer,layer,H100-SASS-Accelwattch_SASS_SIM,nvjet_sm90_tst_64x8_64x16_4x1_v_bz_splitK_TNT--4,gpgpu_simulation_rate_inst_per_sec,248962.0,248962,gpgpu_simulation_rate\s+=\s+(.*)\s+\(inst\/sec\)
instance,llm_layer,layer,H100-SASS-Accelwattch_SASS_SIM,_ZN8cublasLt19splitKreduce_kernelILi32ELi16Eif13__nv_bfloat16fS1_Lb0EfS1_S1_Lb1ELb0ELb0ELb0EEEvNS_18cublasSplitKParamsIT4_EEPKT2_PKT8_PT7_PT3_PKS3_SG_PKT9_S7_PSH_PvlPS3_PiSM_SM_SG_SG_SG_SG_SG_--5,gpgpu_simulation_rate_inst_per_sec,248673.0,248673,gpgpu_simulation_rate\s+=\s+(.*)\s+\(inst\/sec\)
instance,llm_layer,layer,H100-SASS-Accelwattch_SASS_SIM,_ZN4vllm25fused_add_rms_norm_kernelIN3c108BFloat16ELi8ELb1EEENSt9enable_ifIXaagtT0_Li0Esr4vllm12_typeConvertIT_EE6existsEvE4typeEPS4_lS7_PKS4_fiil--12,gpgpu_simulation_rate_inst_per_sec,247524.0,247524,gpgpu_simulation_rate\s+=\s+(.*)\s+\(inst\/sec\)
instance,llm_layer,layer,H100-SASS-Accelwattch_SASS_SIM,nvjet_sm90_tst_64x8_64x16_4x1_v_bz_bias_TNT--5,gpgpu_simulation_rate_inst_per_sec,248573.0,248573,gpgpu_simulation_rate\s+=\s+(.*)\s+\(inst\/sec\)
instance,llm_layer,layer,H100-SASS-Accelwattch_SASS_SIM,_ZN4vllm23rotary_embedding_kernelIN3c108BFloat16ES2_Lb1EEEvPKlPT_S6_PKT0_illliiilb--6,gpgpu_simulation_rate_inst_per_sec,247735.0,247735,gpgpu_simulation_rate\s+=\s+(.*)\s+\(inst\/sec\)
instance,llm_layer,layer,H100-SASS-Accelwattch_SASS_SIM,_ZN4vllm30reshape_and_cache_flash_kernelI13__nv_bfloat16S1_LNS_18Fp8KVCacheDataTypeE0EEEvPKT_S5_PT0_S7_PKlllllliiiPKfSB_i--6,gpgpu_simulation_rate_inst_per_sec,246853.0,246853,gpgpu_simulation_rate\s+=\s+(.*)\s+\(inst\/sec\)
instance,llm_layer,layer,H100-SASS-Accelwattch_SASS_SIM,_ZN7cutlass13device_kernelIN5flash20enable_sm90_or_laterINS1_16FlashAttnFwdSm90INS1_25CollectiveMainloopFwdSm90ILi2EN4cute5tupleIJNS5_1CILi1EEES8_S8_EEENS6_IJNS7_ILi64EEENS7_ILi192EEESA_EEELi64ENS_10bfloat16_tEfNS_4arch4Sm90ELb0ELb0ELb0ELb1ELb1ELb0ELb0ELb1ELb1ELb1ELb0ELb0ESD_Li1EEENS1_21CollectiveEpilogueFwdINS6_IJSA_SA_SB_EEES9_SD_SF_Li128ELb1ELb1ELb0ELb0ELi1EEENS1_36VarlenDynamicPersistentTileSchedulerILi64ELi192ELi128ELi128ELb0ELb1ELb1ELb0ELb0ELb1EEEEEEEEEvNT_6ParamsE--5,gpgpu_simulation_rate_inst_per_sec,247061.0,247061,gpgpu_simulation_rate\s+=\s+(.*)\s+\(inst\/sec\)
instance,llm_layer,layer,H100-SASS-Accelwattch_SASS_SIM,_ZN2at6native29vectorized_elementwise_kernelILi4ENS0_11FillFunctorIiEESt5arrayIPcLm1EEEEviT0_T1_--6,gpgpu_simulation_rate_inst_per_sec,246475.0,246475,gpgpu_simulation_rate\s+=\s+(.*)\s+\(inst\/sec\)
instance,llm_layer,layer,H100-SASS-Accelwattch_SASS_SIM,nvjet_sm90_tst_64x8_64x16_4x1_v_bz_TNT--5,gpgpu_simulation_rate_inst_per_sec,247056.0,247056,gpgpu_simulation_rate\s+=\s+(.*)\s+\(inst\/sec\)
instance,llm_layer,layer,H100-SASS-Accelwattch_SASS_SIM,_ZN4vllm25fused_add_rms_norm_kernelIN3c108BFloat16ELi8ELb1EEENSt9enable_ifIXaagtT0_Li0Esr4vllm12_typeConvertIT_EE6existsEvE4typeEPS4_lS7_PKS4_fiil--13,gpgpu_simulation_rate_inst_per_sec,246256.0,246256,gpgpu_simulation_rate\s+=\s+(.*)\s+\(inst\/sec\)
instance,llm_layer,layer,H100-SASS-Accelwattch_SASS_SIM,nvjet_sm90_tst_128x8_64x12_4x1_v_bz_TNT--5,gpgpu_simulation_rate_inst_per_sec,243855.0,243855,gpgpu_simulation_rate\s+=\s+(.*)\s+\(inst\/sec\)
instance,llm_layer,layer,H100-SASS-Accelwattch_SASS_SIM,_ZN4vllm18act_and_mul_kernelIN3c108BFloat16E14__nv_bfloat162XadL_ZNS_11silu_kernelIS2_EET_RKS5_fEEXadL_ZNS_18packed_silu_kernelIS3_EES5_S7_fEELb1ELb1ELb0ELb0EEEvPS5_PS6_ifff--6,gpgpu_simulation_rate_inst_per_sec,242961.0,242961,gpgpu_simulation_rate\s+=\s+(.*)\s+\(inst\/sec\)
instance,llm_layer,layer,H100-SASS-Accelwattch_SASS_SIM,nvjet_sm90_tst_64x8_64x16_4x1_v_bz_splitK_TNT--5,gpgpu_simulation_rate_inst_per_sec,247617.0,247617,gpgpu_simulation_rate\s+=\s+(.*)\s+\(inst\/sec\)
instance,llm_layer,layer,H100-SASS-Accelwattch_SASS_SIM,_ZN8cublasLt19splitKreduce_kernelILi32ELi16Eif13__nv_bfloat16fS1_Lb0EfS1_S1_Lb1ELb0ELb0ELb0EEEvNS_18cublasSplitKParamsIT4_EEPKT2_PKT8_PT7_PT3_PKS3_SG_PKT9_S7_PSH_PvlPS3_PiSM_SM_SG_SG_SG_SG_SG_--6,gpgpu_simulation_rate_inst_per_sec,247110.0,247110,gpgpu_simulation_rate\s+=\s+(.*)\s+\(inst\/sec\)
instance,llm_layer,layer,H100-SASS-Accelwattch_SASS_SIM,_ZN4vllm25fused_add_rms_norm_kernelIN3c108BFloat16ELi8ELb1EEENSt9enable_ifIXaagtT0_Li0Esr4vllm12_typeConvertIT_EE6existsEvE4typeEPS4_lS7_PKS4_fiil--14,gpgpu_simulation_rate_inst_per_sec,246390.0,246390,gpgpu_simulation_rate\s+=\s+(.*)\s+\(inst\/sec\)
instance,llm_layer,layer,H100-SASS-Accelwattch_SASS_SIM,nvjet_sm90_tst_64x8_64x16_4x1_v_bz_bias_TNT--6,gpgpu_simulation_rate_inst_per_sec,247302.0,247302,gpgpu_simulation_rate\s+=\s+(.*)\s+\(inst\/sec\)
instance,llm_layer,layer,H100-SASS-Accelwattch_SASS_SIM,_ZN4vllm23rotary_embedding_kernelIN3c108BFloat16ES2_Lb1EEEvPKlPT_S6_PKT0_illliiilb--7,gpgpu_simulation_rate_inst_per_sec,246326.0,246326,gpgpu_simulation_rate\s+=\s+(.*)\s+\(inst\/sec\)
instance,llm_layer,layer,H100-SASS-Accelwattch_SASS_SIM,_ZN4vllm30reshape_and_cache_flash_kernelI13__nv_bfloat16S1_LNS_18Fp8KVCacheDataTypeE0EEEvPKT_S5_PT0_S7_PKlllllliiiPKfSB_i--7,gpgpu_simulation_rate_inst_per_sec,245828.0,245828,gpgpu_simulation_rate\s+=\s+(.*)\s+\(inst\/sec\)
instance,llm_layer,layer,H100-SASS-Accelwattch_SASS_SIM,_ZN7cutlass13device_kernelIN5flash20enable_sm90_or_laterINS1_16FlashAttnFwdSm90INS1_25CollectiveMainloopFwdSm90ILi2EN4cute5tupleIJNS5_1CILi1EEES8_S8_EEENS6_IJNS7_ILi64EEENS7_ILi192EEESA_EEELi64ENS_10bfloat16_tEfNS_4arch4Sm90ELb0ELb0ELb0ELb1ELb1ELb0ELb0ELb1ELb1ELb1ELb0ELb0ESD_Li1EEENS1_21CollectiveEpilogueFwdINS6_IJSA_SA_SB_EEES9_SD_SF_Li128ELb1ELb1ELb0ELb0ELi1EEENS1_36VarlenDynamicPersistentTileSchedulerILi64ELi192ELi128ELi128ELb0ELb1ELb1ELb0ELb0ELb1EEEEEEEEEvNT_6ParamsE--6,gpgpu_simulation_rate_inst_per_sec,246019.0,246019,gpgpu_simulation_rate\s+=\s+(.*)\s+\(inst\/sec\)
instance,llm_layer,layer,H100-SASS-Accelwattch_SASS_SIM,_ZN2at6native29vectorized_elementwise_kernelILi4ENS0_11FillFunctorIiEESt5arrayIPcLm1EEEEviT0_T1_--7,gpgpu_simulation_rate_inst_per_sec,245515.0,245515,gpgpu_simulation_rate\s+=\s+(.*)\s+\(inst\/sec\)
instance,llm_layer,layer,H100-SASS-Accelwattch_SASS_SIM,nvjet_sm90_tst_64x8_64x16_4x1_v_bz_TNT--6,gpgpu_simulation_rate_inst_per_sec,246023.0,246023,gpgpu_simulation_rate\s+=\s+(.*)\s+\(inst\/sec\)
instance,llm_layer,layer,H100-SASS-Accelwattch_SASS_SIM,_ZN4vllm25fused_add_rms_norm_kernelIN3c108BFloat16ELi8ELb1EEENSt9enable_ifIXaagtT0_Li0Esr4vllm12_typeConvertIT_EE6existsEvE4typeEPS4_lS7_PKS4_fiil--15,gpgpu_simulation_rate_inst_per_sec,245334.0,245334,gpgpu_simulation_rate\s+=\s+(.*)\s+\(inst\/sec\)
instance,llm_layer,layer,H100-SASS-Accelwattch_SASS_SIM,nvjet_sm90_tst_128x8_64x12_4x1_v_bz_TNT--6,gpgpu_simulation_rate_inst_per_sec,244229.0,244229,gpgpu_simulation_rate\s+=\s+(.*)\s+\(inst\/sec\)
instance,llm_layer,layer,H100-SASS-Accelwattch_SASS_SIM,_ZN4vllm18act_and_mul_kernelIN3c108BFloat16E14__nv_bfloat162XadL_ZNS_11silu_kernelIS2_EET_RKS5_fEEXadL_ZNS_18packed_silu_kernelIS3_EES5_S7_fEELb1ELb1ELb0ELb0EEEvPS5_PS6_ifff--7,gpgpu_simulation_rate_inst_per_sec,243443.0,243443,gpgpu_simulation_rate\s+=\s+(.*)\s+\(inst\/sec\)
instance,llm_layer,layer,H100-SASS-Accelwattch_SASS_SIM,nvjet_sm90_tst_64x8_64x16_4x1_v_bz_splitK_TNT--6,gpgpu_simulation_rate_inst_per_sec,247504.0,247504,gpgpu_simulation_rate\s+=\s+(.*)\s+\(inst\/sec\)
instance,llm_layer,layer,H100-SASS-Accelwattch_SASS_SIM,_ZN8cublasLt19splitKreduce_kernelILi32ELi16Eif13__nv_bfloat16fS1_Lb0EfS1_S1_Lb1ELb0ELb0ELb0EEEvNS_18cublasSplitKParamsIT4_EEPKT2_PKT8_PT7_PT3_PKS3_SG_PKT9_S7_PSH_PvlPS3_PiSM_SM_SG_SG_SG_SG_SG_--7,gpgpu_simulation_rate_inst_per_sec,247290.0,247290,gpgpu_simulation_rate\s+=\s+(.*)\s+\(inst\/sec\)
instance,llm_layer,layer,H100-SASS-Accelwattch_SASS_SIM,_ZN4vllm25fused_add_rms_norm_kernelIN3c108BFloat16ELi8ELb1EEENSt9enable_ifIXaagtT0_Li0Esr4vllm12_typeConvertIT_EE6existsEvE4typeEPS4_lS7_PKS4_fiil--0,gpgpu_simulation_rate_cycle_per_sec,2783.0,2783,gpgpu_simulation_rate\s+=\s+(.*)\s+\(cycle\/sec\)
instance,llm_layer,layer,H100-SASS-Accelwattch_SASS_SIM,nvjet_sm90_tst_64x8_64x16_4x2_h_bz_bias_TNT--0,gpgpu_simulation_rate_cycle_per_sec,1412.0,1412,gpgpu_simulation_rate\s+=\s+(.*)\s+\(cycle\/sec\)
instance,llm_layer,layer,H100-SASS-Accelwattch_SASS_SIM,_ZN4vllm23rotary_embedding_kernelIN3c108BFloat16ES2_Lb1EEEvPKlPT_S6_PKT0_illliiilb--0,gpgpu_simulation_rate_cycle_per_sec,1682.0,1682,gpgpu_simulation_rate\s+=\s+(.*)\s+\(cycle\/sec\)
instance,llm_layer,layer,H100-SASS-Accelwattch_SASS_SIM,_ZN4vllm30reshape_and_cache_flash_kernelI13__nv_bfloat16S1_LNS_18Fp8KVCacheDataTypeE0EEEvPKT_S5_PT0_S7_PKlllllliiiPKfSB_i--0,gpgpu_simulation_rate_cycle_per_sec,1801.0,1801,gpgpu_simulation_rate\s+=\s+(.*)\s+\(cycle\/sec\)
instance,llm_layer,layer,H100-SASS-Accelwattch_SASS_SIM,_ZN7cutlass13device_kernelIN5flash20enable_sm90_or_laterINS1_16FlashAttnFwdSm90INS1_25CollectiveMainloopFwdSm90ILi2EN4cute5tupleIJNS5_1CILi1EEES8_S8_EEENS6_IJNS7_ILi192EEENS7_ILi128EEENS7_ILi64EEEEEELi64ENS_10bfloat16_tEfNS_4arch4Sm90ELb1ELb0ELb0ELb1ELb1ELb0ELb0ELb1ELb1ELb1ELb0ELb0ESE_Li1EEENS1_21CollectiveEpilogueFwdINS6_IJSA_SC_SB_EEES9_SE_SG_Li384ELb1ELb1ELb0ELb0ELi1EEENS1_36VarlenDynamicPersistentTileSchedulerILi192ELi128ELi384ELi128ELb0ELb1ELb1ELb1ELb0ELb1EEEEEEEEEvNT_6ParamsE--0,gpgpu_simulation_rate_cycle_per_sec,1478.0,1478,gpgpu_simulation_rate\s+=\s+(.*)\s+\(cycle\/sec\)
instance,llm_layer,layer,H100-SASS-Accelwattch_SASS_SIM,_ZN2at6native29vectorized_elementwise_kernelILi4ENS0_11FillFunctorIiEESt5arrayIPcLm1EEEEviT0_T1_--0,gpgpu_simulation_rate_cycle_per_sec,1547.0,1547,gpgpu_simulation_rate\s+=\s+(.*)\s+\(cycle\/sec\)
instance,llm_layer,layer,H100-SASS-Accelwattch_SASS_SIM,nvjet_sm90_tst_64x8_64x16_4x2_h_bz_TNT--0,gpgpu_simulation_rate_cycle_per_sec,1425.0,1425,gpgpu_simulation_rate\s+=\s+(.*)\s+\(cycle\/sec\)
instance,llm_layer,layer,H100-SASS-Accelwattch_SASS_SIM,_ZN4vllm25fused_add_rms_norm_kernelIN3c108BFloat16ELi8ELb1EEENSt9enable_ifIXaagtT0_Li0Esr4vllm12_typeConvertIT_EE6existsEvE4typeEPS4_lS7_PKS4_fiil--1,gpgpu_simulation_rate_cycle_per_sec,1460.0,1460,gpgpu_simulation_rate\s+=\s+(.*)\s+\(cycle\/sec\)
instance,llm_layer,layer,H100-SASS-Accelwattch_SASS_SIM,nvjet_sm90_tst_128x16_64x11_4x1_v_bz_TNT--0,gpgpu_simulation_rate_cycle_per_sec,520.0,520,gpgpu_simulation_rate\s+=\s+(.*)\s+\(cycle\/sec\)
instance,llm_layer,layer,H100-SASS-Accelwattch_SASS_SIM,_ZN4vllm18act_and_mul_kernelIN3c108BFloat16E14__nv_bfloat162XadL_ZNS_11silu_kernelIS2_EET_RKS5_fEEXadL_ZNS_18packed_silu_kernelIS3_EES5_S7_fEELb1ELb1ELb0ELb0EEEvPS5_PS6_ifff--0,gpgpu_simulation_rate_cycle_per_sec,548.0,548,gpgpu_simulation_rate\s+=\s+(.*)\s+\(cycle\/sec\)
instance,llm_layer,layer,H100-SASS-Accelwattch_SASS_SIM,nvjet_sm90_tst_64x16_64x16_4x1_v_bz_splitK_TNT--0,gpgpu_simulation_rate_cycle_per_sec,516.0,516,gpgpu_simulation_rate\s+=\s+(.*)\s+\(cycle\/sec\)
instance,llm_layer,layer,H100-SASS-Accelwattch_SASS_SIM,_ZN8cublasLt19splitKreduce_kernelILi32ELi16Eif13__nv_bfloat16fS1_Lb0EfS1_S1_Lb1ELb0ELb0ELb0EEEvNS_18cublasSplitKParamsIT4_EEPKT2_PKT8_PT7_PT3_PKS3_SG_PKT9_S7_PSH_PvlPS3_PiSM_SM_SG_SG_SG_SG_SG_--0,gpgpu_simulation_rate_cycle_per_sec,532.0,532,gpgpu_simulation_rate\s+=\s+(.*)\s+\(cycle\/sec\)
instance,llm_layer,layer,H100-SASS-Accelwattch_SASS_SIM,_ZN4vllm25fused_add_rms_norm_kernelIN3c108BFloat16ELi8ELb1EEENSt9enable_ifIXaagtT0_Li0Esr4vllm12_typeConvertIT_EE6existsEvE4typeEPS4_lS7_PKS4_fiil--2,gpgpu_simulation_rate_cycle_per_sec,556.0,556,gpgpu_simulation_rate\s+=\s+(.*)\s+\(cycle\/sec\)
instance,llm_layer,layer,H100-SASS-Accelwattch_SASS_SIM,nvjet_sm90_tst_64x8_64x16_4x1_v_bz_bias_TNT--0,gpgpu_simulation_rate_cycle_per_sec,571.0,571,gpgpu_simulation_rate\s+=\s+(.*)\s+\(cycle\/sec\)
instance,llm_layer,layer,H100-SASS-Accelwattch_SASS_SIM,_ZN4vllm23rotary_embedding_kernelIN3c108BFloat16ES2_Lb1EEEvPKlPT_S6_PKT0_illliiilb--1,gpgpu_simulation_rate_cycle_per_sec,591.0,591,gpgpu_simulation_rate\s+=\s+(.*)\s+\(cycle\/sec\)
instance,llm_layer,layer,H100-SASS-Accelwattch_SASS_SIM,_ZN4vllm30reshape_and_cache_flash_kernelI13__nv_bfloat16S1_LNS_18Fp8KVCacheDataTypeE0EEEvPKT_S5_PT0_S7_PKlllllliiiPKfSB_i--1,gpgpu_simulation_rate_cycle_per_sec,606.0,606,gpgpu_simulation_rate\s+=\s+(.*)\s+\(cycle\/sec\)
instance,llm_layer,layer,H100-SASS-Accelwattch_SASS_SIM,_ZN7cutlass13device_kernelIN5flash20enable_sm90_or_laterINS1_16FlashAttnFwdSm90INS1_25CollectiveMainloopFwdSm90ILi2EN4cute5tupleIJNS5_1CILi1EEES8_S8_EEENS6_IJNS7_ILi64EEENS7_ILi192EEESA_EEELi64ENS_10bfloat16_tEfNS_4arch4Sm90ELb0ELb0ELb0ELb1ELb1ELb0ELb0ELb1ELb1ELb1ELb0ELb0ESD_Li1EEENS1_21CollectiveEpilogueFwdINS6_IJSA_SA_SB_EEES9_SD_SF_Li128ELb1ELb1ELb0ELb0ELi1EEENS1_36VarlenDynamicPersistentTileSchedulerILi64ELi192ELi128ELi128ELb0ELb1ELb1ELb0ELb0ELb1EEEEEEEEEvNT_6ParamsE--0,gpgpu_simulation_rate_cycle_per_sec,629.0,629,gpgpu_simulation_rate\s+=\s+(.*)\s+\(cycle\/sec\)
instance,llm_layer,layer,H100-SASS-Accelwattch_SASS_SIM,_ZN2at6native29vectorized_elementwise_kernelILi4ENS0_11FillFunctorIiEESt5arrayIPcLm1EEEEviT0_T1_--1,gpgpu_simulation_rate_cycle_per_sec,639.0,639,gpgpu_simulation_rate\s+=\s+(.*)\s+\(cycle\/sec\)
instance,llm_layer,layer,H100-SASS-Accelwattch_SASS_SIM,nvjet_sm90_tst_64x8_64x16_4x1_v_bz_TNT--0,gpgpu_simulation_rate_cycle_per_sec,654.0,654,gpgpu_simulation_rate\s+=\s+(.*)\s+\(cycle\/sec\)
instance,llm_layer,layer,H100-SASS-Accelwattch_SASS_SIM,_ZN4vllm25fused_add_rms_norm_kernelIN3c108BFloat16ELi8ELb1EEENSt9enable_ifIXaagtT0_Li0Esr4vllm12_typeConvertIT_EE6existsEvE4typeEPS4_lS7_PKS4_fiil--3,gpgpu_simulation_rate_cycle_per_sec,671.0,671,gpgpu_simulation_rate\s+=\s+(.*)\s+\(cycle\/sec\)
instance,llm_layer,layer,H100-SASS-Accelwattch_SASS_SIM,nvjet_sm90_tst_128x8_64x12_4x1_v_bz_TNT--0,gpgpu_simulation_rate_cycle_per_sec,551.0,551,gpgpu_simulation_rate\s+=\s+(.*)\s+\(cycle\/sec\)
instance,llm_layer,layer,H100-SASS-Accelwattch_SASS_SIM,_ZN4vllm18act_and_mul_kernelIN3c108BFloat16E14__nv_bfloat162XadL_ZNS_11silu_kernelIS2_EET_RKS5_fEEXadL_ZNS_18packed_silu_kernelIS3_EES5_S7_fEELb1ELb1ELb0ELb0EEEvPS5_PS6_ifff--1,gpgpu_simulation_rate_cycle_per_sec,564.0,564,gpgpu_simulation_rate\s+=\s+(.*)\s+\(cycle\/sec\)
instance,llm_layer,layer,H100-SASS-Accelwattch_SASS_SIM,nvjet_sm90_tst_64x8_64x16_4x1_v_bz_splitK_TNT--0,gpgpu_simulation_rate_cycle_per_sec,554.0,554,gpgpu_simulation_rate\s+=\s+(.*)\s+\(cycle\/sec\)
instance,llm_layer,layer,H100-SASS-Accelwattch_SASS_SIM,_ZN8cublasLt19splitKreduce_kernelILi32ELi16Eif13__nv_bfloat16fS1_Lb0EfS1_S1_Lb1ELb0ELb0ELb0EEEvNS_18cublasSplitKParamsIT4_EEPKT2_PKT8_PT7_PT3_PKS3_SG_PKT9_S7_PSH_PvlPS3_PiSM_SM_SG_SG_SG_SG_SG_--1,gpgpu_simulation_rate_cycle_per_sec,562.0,562,gpgpu_simulation_rate\s+=\s+(.*)\s+\(cycle\/sec\)
instance,llm_layer,layer,H100-SASS-Accelwattch_SASS_SIM,_ZN4vllm25fused_add_rms_norm_kernelIN3c108BFloat16ELi8ELb1EEENSt9enable_ifIXaagtT0_Li0Esr4vllm12_typeConvertIT_EE6existsEvE4typeEPS4_lS7_PKS4_fiil--4,gpgpu_simulation_rate_cycle_per_sec,574.0,574,gpgpu_simulation_rate\s+=\s+(.*)\s+\(cycle\/sec\)
instance,llm_layer,layer,H100-SASS-Accelwattch_SASS_SIM,nvjet_sm90_tst_64x8_64x16_4x1_v_bz_bias_TNT--1,gpgpu_simulation_rate_cycle_per_sec,583.0,583,gpgpu_simulation_rate\s+=\s+(.*)\s+\(cycle\/sec\)
instance,llm_layer,layer,H100-SASS-Accelwattch_SASS_SIM,_ZN4vllm23rotary_embedding_kernelIN3c108BFloat16ES2_Lb1EEEvPKlPT_S6_PKT0_illliiilb--2,gpgpu_simulation_rate_cycle_per_sec,593.0,593,gpgpu_simulation_rate\s+=\s+(.*)\s+\(cycle\/sec\)
instance,llm_layer,layer,H100-SASS-Accelwattch_SASS_SIM,_ZN4vllm30reshape_and_cache_flash_kernelI13__nv_bfloat16S1_LNS_18Fp8KVCacheDataTypeE0EEEvPKT_S5_PT0_S7_PKlllllliiiPKfSB_i--2,gpgpu_simulation_rate_cycle_per_sec,603.0,603,gpgpu_simulation_rate\s+=\s+(.*)\s+\(cycle\/sec\)
instance,llm_layer,layer,H100-SASS-Accelwattch_SASS_SIM,_ZN7cutlass13device_kernelIN5flash20enable_sm90_or_laterINS1_16FlashAttnFwdSm90INS1_25CollectiveMainloopFwdSm90ILi2EN4cute5tupleIJNS5_1CILi1EEES8_S8_EEENS6_IJNS7_ILi64EEENS7_ILi192EEESA_EEELi64ENS_10bfloat16_tEfNS_4arch4Sm90ELb0ELb0ELb0ELb1ELb1ELb0ELb0ELb1ELb1ELb1ELb0ELb0ESD_Li1EEENS1_21CollectiveEpilogueFwdINS6_IJSA_SA_SB_EEES9_SD_SF_Li128ELb1ELb1ELb0ELb0ELi1EEENS1_36VarlenDynamicPersistentTileSchedulerILi64ELi192ELi128ELi128ELb0ELb1ELb1ELb0ELb0ELb1EEEEEEEEEvNT_6ParamsE--1,gpgpu_simulation_rate_cycle_per_sec,614.0,614,gpgpu_simulation_rate\s+=\s+(.*)\s+\(cycle\/sec\)
instance,llm_layer,layer,H100-SASS-Accelwattch_SASS_SIM,_ZN2at6native29vectorized_elementwise_kernelILi4ENS0_11FillFunctorIiEESt5arrayIPcLm1EEEEviT0_T1_--2,gpgpu_simulation_rate_cycle_per_sec,620.0,620,gpgpu_simulation_rate\s+=\s+(.*)\s+\(cycle\/sec\)
instance,llm_layer,layer,H100-SASS-Accelwattch_SASS_SIM,nvjet_sm90_tst_64x8_64x16_4x1_v_bz_TNT--1,gpgpu_simulation_rate_cycle_per_sec,629.0,629,gpgpu_simulation_rate\s+=\s+(.*)\s+\(cycle\/sec\)
instance,llm_layer,layer,H100-SASS-Accelwattch_SASS_SIM,_ZN4vllm25fused_add_rms_norm_kernelIN3c108BFloat16ELi8ELb1EEENSt9enable_ifIXaagtT0_Li0Esr4vllm12_typeConvertIT_EE6existsEvE4typeEPS4_lS7_PKS4_fiil--5,gpgpu_simulation_rate_cycle_per_sec,639.0,639,gpgpu_simulation_rate\s+=\s+(.*)\s+\(cycle\/sec\)
instance,llm_layer,layer,H100-SASS-Accelwattch_SASS_SIM,nvjet_sm90_tst_128x8_64x12_4x1_v_bz_TNT--1,gpgpu_simulation_rate_cycle_per_sec,583.0,583,gpgpu_simulation_rate\s+=\s+(.*)\s+\(cycle\/sec\)
instance,llm_layer,layer,H100-SASS-Accelwattch_SASS_SIM,_ZN4vllm18act_and_mul_kernelIN3c108BFloat16E14__nv_bfloat162XadL_ZNS_11silu_kernelIS2_EET_RKS5_fEEXadL_ZNS_18packed_silu_kernelIS3_EES5_S7_fEELb1ELb1ELb0ELb0EEEvPS5_PS6_ifff--2,gpgpu_simulation_rate_cycle_per_sec,593.0,593,gpgpu_simulation_rate\s+=\s+(.*)\s+\(cycle\/sec\)
instance,llm_layer,layer,H100-SASS-Accelwattch_SASS_SIM,nvjet_sm90_tst_64x8_64x16_4x1_v_bz_splitK_TNT--1,gpgpu_simulation_rate_cycle_per_sec,583.0,583,gpgpu_simulation_rate\s+=\s+(.*)\s+\(cycle\/sec\)
instance,llm_layer,layer,H100-SASS-Accelwattch_SASS_SIM,_ZN8cublasLt19splitKreduce_kernelILi32ELi16Eif13__nv_bfloat16fS1_Lb0EfS1_S1_Lb1ELb0ELb0ELb0EEEvNS_18cublasSplitKParamsIT4_EEPKT2_PKT8_PT7_PT3_PKS3_SG_PKT9_S7_PSH_PvlPS3_PiSM_SM_SG_SG_SG_SG_SG_--2,gpgpu_simulation_rate_cycle_per_sec,589.0,589,gpgpu_simulation_rate\s+=\s+(.*)\s+\(cycle\/sec\)
instance,llm_layer,layer,H100-SASS-Accelwattch_SASS_SIM,_ZN4vllm25fused_add_rms_norm_kernelIN3c108BFloat16ELi8ELb1EEENSt9enable_ifIXaagtT0_Li0Esr4vllm12_typeConvertIT_EE6existsEvE4typeEPS4_lS7_PKS4_fiil--6,gpgpu_simulation_rate_cycle_per_sec,597.0,597,gpgpu_simulation_rate\s+=\s+(.*)\s+\(cycle\/sec\)
instance,llm_layer,layer,H100-SASS-Accelwattch_SASS_SIM,nvjet_sm90_tst_64x8_64x16_4x1_v_bz_bias_TNT--2,gpgpu_simulation_rate_cycle_per_sec,603.0,603,gpgpu_simulation_rate\s+=\s+(.*)\s+\(cycle\/sec\)
instance,llm_layer,layer,H100-SASS-Accelwattch_SASS_SIM,_ZN4vllm23rotary_embedding_kernelIN3c108BFloat16ES2_Lb1EEEvPKlPT_S6_PKT0_illliiilb--3,gpgpu_simulation_rate_cycle_per_sec,611.0,611,gpgpu_simulation_rate\s+=\s+(.*)\s+\(cycle\/sec\)
instance,llm_layer,layer,H100-SASS-Accelwattch_SASS_SIM,_ZN4vllm30reshape_and_cache_flash_kernelI13__nv_bfloat16S1_LNS_18Fp8KVCacheDataTypeE0EEEvPKT_S5_PT0_S7_PKlllllliiiPKfSB_i--3,gpgpu_simulation_rate_cycle_per_sec,617.0,617,gpgpu_simulation_rate\s+=\s+(.*)\s+\(cycle\/sec\)
instance,llm_layer,layer,H100-SASS-Accelwattch_SASS_SIM,_ZN7cutlass13device_kernelIN5flash20enable_sm90_or_laterINS1_16FlashAttnFwdSm90INS1_25CollectiveMainloopFwdSm90ILi2EN4cute5tupleIJNS5_1CILi1EEES8_S8_EEENS6_IJNS7_ILi64EEENS7_ILi192EEESA_EEELi64ENS_10bfloat16_tEfNS_4arch4Sm90ELb0ELb0ELb0ELb1ELb1ELb0ELb0ELb1ELb1ELb1ELb0ELb0ESD_Li1EEENS1_21CollectiveEpilogueFwdINS6_IJSA_SA_SB_EEES9_SD_SF_Li128ELb1ELb1ELb0ELb0ELi1EEENS1_36VarlenDynamicPersistentTileSchedulerILi64ELi192ELi128ELi128ELb0ELb1ELb1ELb0ELb0ELb1EEEEEEEEEvNT_6ParamsE--2,gpgpu_simulation_rate_cycle_per_sec,626.0,626,gpgpu_simulation_rate\s+=\s+(.*)\s+\(cycle\/sec\)
instance,llm_layer,layer,H100-SASS-Accelwattch_SASS_SIM,_ZN2at6native29vectorized_elementwise_kernelILi4ENS0_11FillFunctorIiEESt5arrayIPcLm1EEEEviT0_T1_--3,gpgpu_simulation_rate_cycle_per_sec,631.0,631,gpgpu_simulation_rate\s+=\s+(.*)\s+\(cycle\/sec\)
instance,llm_layer,layer,H100-SASS-Accelwattch_SASS_SIM,nvjet_sm90_tst_64x8_64x16_4x1_v_bz_TNT--2,gpgpu_simulation_rate_cycle_per_sec,636.0,636,gpgpu_simulation_rate\s+=\s+(.*)\s+\(cycle\/sec\)
instance,llm_layer,layer,H100-SASS-Accelwattch_SASS_SIM,_ZN4vllm25fused_add_rms_norm_kernelIN3c108BFloat16ELi8ELb1EEENSt9enable_ifIXaagtT0_Li0Esr4vllm12_typeConvertIT_EE6existsEvE4typeEPS4_lS7_PKS4_fiil--7,gpgpu_simulation_rate_cycle_per_sec,644.0,644,gpgpu_simulation_rate\s+=\s+(.*)\s+\(cycle\/sec\)
instance,llm_layer,layer,H100-SASS-Accelwattch_SASS_SIM,nvjet_sm90_tst_128x8_64x12_4x1_v_bz_TNT--2,gpgpu_simulation_rate_cycle_per_sec,591.0,591,gpgpu_simulation_rate\s+=\s+(.*)\s+\(cycle\/sec\)
instance,llm_layer,layer,H100-SASS-Accelwattch_SASS_SIM,_ZN4vllm18act_and_mul_kernelIN3c108BFloat16E14__nv_bfloat162XadL_ZNS_11silu_kernelIS2_EET_RKS5_fEEXadL_ZNS_18packed_silu_kernelIS3_EES5_S7_fEELb1ELb1ELb0ELb0EEEvPS5_PS6_ifff--3,gpgpu_simulation_rate_cycle_per_sec,598.0,598,gpgpu_simulation_rate\s+=\s+(.*)\s+\(cycle\/sec\)
instance,llm_layer,layer,H100-SASS-Accelwattch_SASS_SIM,nvjet_sm90_tst_64x8_64x16_4x1_v_bz_splitK_TNT--2,gpgpu_simulation_rate_cycle_per_sec,589.0,589,gpgpu_simulation_rate\s+=\s+(.*)\s+\(cycle\/sec\)
instance,llm_layer,layer,H100-SASS-Accelwattch_SASS_SIM,_ZN8cublasLt19splitKreduce_kernelILi32ELi16Eif13__nv_bfloat16fS1_Lb0EfS1_S1_Lb1ELb0ELb0ELb0EEEvNS_18cublasSplitKParamsIT4_EEPKT2_PKT8_PT7_PT3_PKS3_SG_PKT9_S7_PSH_PvlPS3_PiSM_SM_SG_SG_SG_SG_SG_--3,gpgpu_simulation_rate_cycle_per_sec,592.0,592,gpgpu_simulation_rate\s+=\s+(.*)\s+\(cycle\/sec\)
instance,llm_layer,layer,H100-SASS-Accelwattch_SASS_SIM,_ZN4vllm25fused_add_rms_norm_kernelIN3c108BFloat16ELi8ELb1EEENSt9enable_ifIXaagtT0_Li0Esr4vllm12_typeConvertIT_EE6existsEvE4typeEPS4_lS7_PKS4_fiil--8,gpgpu_simulation_rate_cycle_per_sec,598.0,598,gpgpu_simulation_rate\s+=\s+(.*)\s+\(cycle\/sec\)
instance,llm_layer,layer,H100-SASS-Accelwattch_SASS_SIM,nvjet_sm90_tst_64x8_64x16_4x1_v_bz_bias_TNT--3,gpgpu_simulation_rate_cycle_per_sec,602.0,602,gpgpu_simulation_rate\s+=\s+(.*)\s+\(cycle\/sec\)
instance,llm_layer,layer,H100-SASS-Accelwattch_SASS_SIM,_ZN4vllm23rotary_embedding_kernelIN3c108BFloat16ES2_Lb1EEEvPKlPT_S6_PKT0_illliiilb--4,gpgpu_simulation_rate_cycle_per_sec,608.0,608,gpgpu_simulation_rate\s+=\s+(.*)\s+\(cycle\/sec\)
instance,llm_layer,layer,H100-SASS-Accelwattch_SASS_SIM,_ZN4vllm30reshape_and_cache_flash_kernelI13__nv_bfloat16S1_LNS_18Fp8KVCacheDataTypeE0EEEvPKT_S5_PT0_S7_PKlllllliiiPKfSB_i--4,gpgpu_simulation_rate_cycle_per_sec,614.0,614,gpgpu_simulation_rate\s+=\s+(.*)\s+\(cycle\/sec\)
instance,llm_layer,layer,H100-SASS-Accelwattch_SASS_SIM,_ZN7cutlass13device_kernelIN5flash20enable_sm90_or_laterINS1_16FlashAttnFwdSm90INS1_25CollectiveMainloopFwdSm90ILi2EN4cute5tupleIJNS5_1CILi1EEES8_S8_EEENS6_IJNS7_ILi64EEENS7_ILi192EEESA_EEELi64ENS_10bfloat16_tEfNS_4arch4Sm90ELb0ELb0ELb0ELb1ELb1ELb0ELb0ELb1ELb1ELb1ELb0ELb0ESD_Li1EEENS1_21CollectiveEpilogueFwdINS6_IJSA_SA_SB_EEES9_SD_SF_Li128ELb1ELb1ELb0ELb0ELi1EEENS1_36VarlenDynamicPersistentTileSchedulerILi64ELi192ELi128ELi128ELb0ELb1ELb1ELb0ELb0ELb1EEEEEEEEEvNT_6ParamsE--3,gpgpu_simulation_rate_cycle_per_sec,620.0,620,gpgpu_simulation_rate\s+=\s+(.*)\s+\(cycle\/sec\)
instance,llm_layer,layer,H100-SASS-Accelwattch_SASS_SIM,_ZN2at6native29vectorized_elementwise_kernelILi4ENS0_11FillFunctorIiEESt5arrayIPcLm1EEEEviT0_T1_--4,gpgpu_simulation_rate_cycle_per_sec,624.0,624,gpgpu_simulation_rate\s+=\s+(.*)\s+\(cycle\/sec\)
instance,llm_layer,layer,H100-SASS-Accelwattch_SASS_SIM,nvjet_sm90_tst_64x8_64x16_4x1_v_bz_TNT--3,gpgpu_simulation_rate_cycle_per_sec,628.0,628,gpgpu_simulation_rate\s+=\s+(.*)\s+\(cycle\/sec\)
instance,llm_layer,layer,H100-SASS-Accelwattch_SASS_SIM,_ZN4vllm25fused_add_rms_norm_kernelIN3c108BFloat16ELi8ELb1EEENSt9enable_ifIXaagtT0_Li0Esr4vllm12_typeConvertIT_EE6existsEvE4typeEPS4_lS7_PKS4_fiil--9,gpgpu_simulation_rate_cycle_per_sec,634.0,634,gpgpu_simulation_rate\s+=\s+(.*)\s+\(cycle\/sec\)
instance,llm_layer,layer,H100-SASS-Accelwattch_SASS_SIM,nvjet_sm90_tst_128x8_64x12_4x1_v_bz_TNT--3,gpgpu_simulation_rate_cycle_per_sec,596.0,596,gpgpu_simulation_rate\s+=\s+(.*)\s+\(cycle\/sec\)
instance,llm_layer,layer,H100-SASS-Accelwattch_SASS_SIM,_ZN4vllm18act_and_mul_kernelIN3c108BFloat16E14__nv_bfloat162XadL_ZNS_11silu_kernelIS2_EET_RKS5_fEEXadL_ZNS_18packed_silu_kernelIS3_EES5_S7_fEELb1ELb1ELb0ELb0EEEvPS5_PS6_ifff--4,gpgpu_simulation_rate_cycle_per_sec,602.0,602,gpgpu_simulation_rate\s+=\s+(.*)\s+\(cycle\/sec\)
instance,llm_layer,layer,H100-SASS-Accelwattch_SASS_SIM,nvjet_sm90_tst_64x8_64x16_4x1_v_bz_splitK_TNT--3,gpgpu_simulation_rate_cycle_per_sec,594.0,594,gpgpu_simulation_rate\s+=\s+(.*)\s+\(cycle\/sec\)
instance,llm_layer,layer,H100-SASS-Accelwattch_SASS_SIM,_ZN8cublasLt19splitKreduce_kernelILi32ELi16Eif13__nv_bfloat16fS1_Lb0EfS1_S1_Lb1ELb0ELb0ELb0EEEvNS_18cublasSplitKParamsIT4_EEPKT2_PKT8_PT7_PT3_PKS3_SG_PKT9_S7_PSH_PvlPS3_PiSM_SM_SG_SG_SG_SG_SG_--4,gpgpu_simulation_rate_cycle_per_sec,598.0,598,gpgpu_simulation_rate\s+=\s+(.*)\s+\(cycle\/sec\)
instance,llm_layer,layer,H100-SASS-Accelwattch_SASS_SIM,_ZN4vllm25fused_add_rms_norm_kernelIN3c108BFloat16ELi8ELb1EEENSt9enable_ifIXaagtT0_Li0Esr4vllm12_typeConvertIT_EE6existsEvE4typeEPS4_lS7_PKS4_fiil--10,gpgpu_simulation_rate_cycle_per_sec,603.0,603,gpgpu_simulation_rate\s+=\s+(.*)\s+\(cycle\/sec\)
instance,llm_layer,layer,H100-SASS-Accelwattch_SASS_SIM,nvjet_sm90_tst_64x8_64x16_4x1_v_bz_bias_TNT--4,gpgpu_simulation_rate_cycle_per_sec,606.0,606,gpgpu_simulation_rate\s+=\s+(.*)\s+\(cycle\/sec\)
instance,llm_layer,layer,H100-SASS-Accelwattch_SASS_SIM,_ZN4vllm23rotary_embedding_kernelIN3c108BFloat16ES2_Lb1EEEvPKlPT_S6_PKT0_illliiilb--5,gpgpu_simulation_rate_cycle_per_sec,611.0,611,gpgpu_simulation_rate\s+=\s+(.*)\s+\(cycle\/sec\)
instance,llm_layer,layer,H100-SASS-Accelwattch_SASS_SIM,_ZN4vllm30reshape_and_cache_flash_kernelI13__nv_bfloat16S1_LNS_18Fp8KVCacheDataTypeE0EEEvPKT_S5_PT0_S7_PKlllllliiiPKfSB_i--5,gpgpu_simulation_rate_cycle_per_sec,615.0,615,gpgpu_simulation_rate\s+=\s+(.*)\s+\(cycle\/sec\)
instance,llm_layer,layer,H100-SASS-Accelwattch_SASS_SIM,_ZN7cutlass13device_kernelIN5flash20enable_sm90_or_laterINS1_16FlashAttnFwdSm90INS1_25CollectiveMainloopFwdSm90ILi2EN4cute5tupleIJNS5_1CILi1EEES8_S8_EEENS6_IJNS7_ILi64EEENS7_ILi192EEESA_EEELi64ENS_10bfloat16_tEfNS_4arch4Sm90ELb0ELb0ELb0ELb1ELb1ELb0ELb0ELb1ELb1ELb1ELb0ELb0ESD_Li1EEENS1_21CollectiveEpilogueFwdINS6_IJSA_SA_SB_EEES9_SD_SF_Li128ELb1ELb1ELb0ELb0ELi1EEENS1_36VarlenDynamicPersistentTileSchedulerILi64ELi192ELi128ELi128ELb0ELb1ELb1ELb0ELb0ELb1EEEEEEEEEvNT_6ParamsE--4,gpgpu_simulation_rate_cycle_per_sec,620.0,620,gpgpu_simulation_rate\s+=\s+(.*)\s+\(cycle\/sec\)
instance,llm_layer,layer,H100-SASS-Accelwattch_SASS_SIM,_ZN2at6native29vectorized_elementwise_kernelILi4ENS0_11FillFunctorIiEESt5arrayIPcLm1EEEEviT0_T1_--5,gpgpu_simulation_rate_cycle_per_sec,623.0,623,gpgpu_simulation_rate\s+=\s+(.*)\s+\(cycle\/sec\)
instance,llm_layer,layer,H100-SASS-Accelwattch_SASS_SIM,nvjet_sm90_tst_64x8_64x16_4x1_v_bz_TNT--4,gpgpu_simulation_rate_cycle_per_sec,627.0,627,gpgpu_simulation_rate\s+=\s+(.*)\s+\(cycle\/sec\)
instance,llm_layer,layer,H100-SASS-Accelwattch_SASS_SIM,_ZN4vllm25fused_add_rms_norm_kernelIN3c108BFloat16ELi8ELb1EEENSt9enable_ifIXaagtT0_Li0Esr4vllm12_typeConvertIT_EE6existsEvE4typeEPS4_lS7_PKS4_fiil--11,gpgpu_simulation_rate_cycle_per_sec,632.0,632,gpgpu_simulation_rate\s+=\s+(.*)\s+\(cycle\/sec\)
instance,llm_layer,layer,H100-SASS-Accelwattch_SASS_SIM,nvjet_sm90_tst_128x8_64x12_4x1_v_bz_TNT--4,gpgpu_simulation_rate_cycle_per_sec,602.0,602,gpgpu_simulation_rate\s+=\s+(.*)\s+\(cycle\/sec\)
instance,llm_layer,layer,H100-SASS-Accelwattch_SASS_SIM,_ZN4vllm18act_and_mul_kernelIN3c108BFloat16E14__nv_bfloat162XadL_ZNS_11silu_kernelIS2_EET_RKS5_fEEXadL_ZNS_18packed_silu_kernelIS3_EES5_S7_fEELb1ELb1ELb0ELb0EEEvPS5_PS6_ifff--5,gpgpu_simulation_rate_cycle_per_sec,606.0,606,gpgpu_simulation_rate\s+=\s+(.*)\s+\(cycle\/sec\)
instance,llm_layer,layer,H100-SASS-Accelwattch_SASS_SIM,nvjet_sm90_tst_64x8_64x16_4x1_v_bz_splitK_TNT--4,gpgpu_simulation_rate_cycle_per_sec,600.0,600,gpgpu_simulation_rate\s+=\s+(.*)\s+\(cycle\/sec\)
instance,llm_layer,layer,H100-SASS-Accelwattch_SASS_SIM,_ZN8cublasLt19splitKreduce_kernelILi32ELi16Eif13__nv_bfloat16fS1_Lb0EfS1_S1_Lb1ELb0ELb0ELb0EEEvNS_18cublasSplitKParamsIT4_EEPKT2_PKT8_PT7_PT3_PKS3_SG_PKT9_S7_PSH_PvlPS3_PiSM_SM_SG_SG_SG_SG_SG_--5,gpgpu_simulation_rate_cycle_per_sec,603.0,603,gpgpu_simulation_rate\s+=\s+(.*)\s+\(cycle\/sec\)
instance,llm_layer,layer,H100-SASS-Accelwattch_SASS_SIM,_ZN4vllm25fused_add_rms_norm_kernelIN3c108BFloat16ELi8ELb1EEENSt9enable_ifIXaagtT0_Li0Esr4vllm12_typeConvertIT_EE6existsEvE4typeEPS4_lS7_PKS4_fiil--12,gpgpu_simulation_rate_cycle_per_sec,607.0,607,gpgpu_simulation_rate\s+=\s+(.*)\s+\(cycle\/sec\)
instance,llm_layer,layer,H100-SASS-Accelwattch_SASS_SIM,nvjet_sm90_tst_64x8_64x16_4x1_v_bz_bias_TNT--5,gpgpu_simulation_rate_cycle_per_sec,610.0,610,gpgpu_simulation_rate\s+=\s+(.*)\s+\(cycle\/sec\)
instance,llm_layer,layer,H100-SASS-Accelwattch_SASS_SIM,_ZN4vllm23rotary_embedding_kernelIN3c108BFloat16ES2_Lb1EEEvPKlPT_S6_PKT0_illliiilb--6,gpgpu_simulation_rate_cycle_per_sec,614.0,614,gpgpu_simulation_rate\s+=\s+(.*)\s+\(cycle\/sec\)
instance,llm_layer,layer,H100-SASS-Accelwattch_SASS_SIM,_ZN4vllm30reshape_and_cache_flash_kernelI13__nv_bfloat16S1_LNS_18Fp8KVCacheDataTypeE0EEEvPKT_S5_PT0_S7_PKlllllliiiPKfSB_i--6,gpgpu_simulation_rate_cycle_per_sec,618.0,618,gpgpu_simulation_rate\s+=\s+(.*)\s+\(cycle\/sec\)
instance,llm_layer,layer,H100-SASS-Accelwattch_SASS_SIM,_ZN7cutlass13device_kernelIN5flash20enable_sm90_or_laterINS1_16FlashAttnFwdSm90INS1_25CollectiveMainloopFwdSm90ILi2EN4cute5tupleIJNS5_1CILi1EEES8_S8_EEENS6_IJNS7_ILi64EEENS7_ILi192EEESA_EEELi64ENS_10bfloat16_tEfNS_4arch4Sm90ELb0ELb0ELb0ELb1ELb1ELb0ELb0ELb1ELb1ELb1ELb0ELb0ESD_Li1EEENS1_21CollectiveEpilogueFwdINS6_IJSA_SA_SB_EEES9_SD_SF_Li128ELb1ELb1ELb0ELb0ELi1EEENS1_36VarlenDynamicPersistentTileSchedulerILi64ELi192ELi128ELi128ELb0ELb1ELb1ELb0ELb0ELb1EEEEEEEEEvNT_6ParamsE--5,gpgpu_simulation_rate_cycle_per_sec,622.0,622,gpgpu_simulation_rate\s+=\s+(.*)\s+\(cycle\/sec\)
instance,llm_layer,layer,H100-SASS-Accelwattch_SASS_SIM,_ZN2at6native29vectorized_elementwise_kernelILi4ENS0_11FillFunctorIiEESt5arrayIPcLm1EEEEviT0_T1_--6,gpgpu_simulation_rate_cycle_per_sec,625.0,625,gpgpu_simulation_rate\s+=\s+(.*)\s+\(cycle\/sec\)
instance,llm_layer,layer,H100-SASS-Accelwattch_SASS_SIM,nvjet_sm90_tst_64x8_64x16_4x1_v_bz_TNT--5,gpgpu_simulation_rate_cycle_per_sec,627.0,627,gpgpu_simulation_rate\s+=\s+(.*)\s+\(cycle\/sec\)
instance,llm_layer,layer,H100-SASS-Accelwattch_SASS_SIM,_ZN4vllm25fused_add_rms_norm_kernelIN3c108BFloat16ELi8ELb1EEENSt9enable_ifIXaagtT0_Li0Esr4vllm12_typeConvertIT_EE6existsEvE4typeEPS4_lS7_PKS4_fiil--13,gpgpu_simulation_rate_cycle_per_sec,632.0,632,gpgpu_simulation_rate\s+=\s+(.*)\s+\(cycle\/sec\)
instance,llm_layer,layer,H100-SASS-Accelwattch_SASS_SIM,nvjet_sm90_tst_128x8_64x12_4x1_v_bz_TNT--5,gpgpu_simulation_rate_cycle_per_sec,602.0,602,gpgpu_simulation_rate\s+=\s+(.*)\s+\(cycle\/sec\)
instance,llm_layer,layer,H100-SASS-Accelwattch_SASS_SIM,_ZN4vllm18act_and_mul_kernelIN3c108BFloat16E14__nv_bfloat162XadL_ZNS_11silu_kernelIS2_EET_RKS5_fEEXadL_ZNS_18packed_silu_kernelIS3_EES5_S7_fEELb1ELb1ELb0ELb0EEEvPS5_PS6_ifff--6,gpgpu_simulation_rate_cycle_per_sec,606.0,606,gpgpu_simulation_rate\s+=\s+(.*)\s+\(cycle\/sec\)
instance,llm_layer,layer,H100-SASS-Accelwattch_SASS_SIM,nvjet_sm90_tst_64x8_64x16_4x1_v_bz_splitK_TNT--5,gpgpu_simulation_rate_cycle_per_sec,600.0,600,gpgpu_simulation_rate\s+=\s+(.*)\s+\(cycle\/sec\)
instance,llm_layer,layer,H100-SASS-Accelwattch_SASS_SIM,_ZN8cublasLt19splitKreduce_kernelILi32ELi16Eif13__nv_bfloat16fS1_Lb0EfS1_S1_Lb1ELb0ELb0ELb0EEEvNS_18cublasSplitKParamsIT4_EEPKT2_PKT8_PT7_PT3_PKS3_SG_PKT9_S7_PSH_PvlPS3_PiSM_SM_SG_SG_SG_SG_SG_--6,gpgpu_simulation_rate_cycle_per_sec,602.0,602,gpgpu_simulation_rate\s+=\s+(.*)\s+\(cycle\/sec\)
instance,llm_layer,layer,H100-SASS-Accelwattch_SASS_SIM,_ZN4vllm25fused_add_rms_norm_kernelIN3c108BFloat16ELi8ELb1EEENSt9enable_ifIXaagtT0_Li0Esr4vllm12_typeConvertIT_EE6existsEvE4typeEPS4_lS7_PKS4_fiil--14,gpgpu_simulation_rate_cycle_per_sec,606.0,606,gpgpu_simulation_rate\s+=\s+(.*)\s+\(cycle\/sec\)
instance,llm_layer,layer,H100-SASS-Accelwattch_SASS_SIM,nvjet_sm90_tst_64x8_64x16_4x1_v_bz_bias_TNT--6,gpgpu_simulation_rate_cycle_per_sec,608.0,608,gpgpu_simulation_rate\s+=\s+(.*)\s+\(cycle\/sec\)
instance,llm_layer,layer,H100-SASS-Accelwattch_SASS_SIM,_ZN4vllm23rotary_embedding_kernelIN3c108BFloat16ES2_Lb1EEEvPKlPT_S6_PKT0_illliiilb--7,gpgpu_simulation_rate_cycle_per_sec,612.0,612,gpgpu_simulation_rate\s+=\s+(.*)\s+\(cycle\/sec\)
instance,llm_layer,layer,H100-SASS-Accelwattch_SASS_SIM,_ZN4vllm30reshape_and_cache_flash_kernelI13__nv_bfloat16S1_LNS_18Fp8KVCacheDataTypeE0EEEvPKT_S5_PT0_S7_PKlllllliiiPKfSB_i--7,gpgpu_simulation_rate_cycle_per_sec,615.0,615,gpgpu_simulation_rate\s+=\s+(.*)\s+\(cycle\/sec\)
instance,llm_layer,layer,H100-SASS-Accelwattch_SASS_SIM,_ZN7cutlass13device_kernelIN5flash20enable_sm90_or_laterINS1_16FlashAttnFwdSm90INS1_25CollectiveMainloopFwdSm90ILi2EN4cute5tupleIJNS5_1CILi1EEES8_S8_EEENS6_IJNS7_ILi64EEENS7_ILi192EEESA_EEELi64ENS_10bfloat16_tEfNS_4arch4Sm90ELb0ELb0ELb0ELb1ELb1ELb0ELb0ELb1ELb1ELb1ELb0ELb0ESD_Li1EEENS1_21CollectiveEpilogueFwdINS6_IJSA_SA_SB_EEES9_SD_SF_Li128ELb1ELb1ELb0ELb0ELi1EEENS1_36VarlenDynamicPersistentTileSchedulerILi64ELi192ELi128ELi128ELb0ELb1ELb1ELb0ELb0ELb1EEEEEEEEEvNT_6ParamsE--6,gpgpu_simulation_rate_cycle_per_sec,619.0,619,gpgpu_simulation_rate\s+=\s+(.*)\s+\(cycle\/sec\)
instance,llm_layer,layer,H100-SASS-Accelwattch_SASS_SIM,_ZN2at6native29vectorized_elementwise_kernelILi4ENS0_11FillFunctorIiEESt5arrayIPcLm1EEEEviT0_T1_--7,gpgpu_simulation_rate_cycle_per_sec,621.0,621,gpgpu_simulation_rate\s+=\s+(.*)\s+\(cycle\/sec\)
instance,llm_layer,layer,H100-SASS-Accelwattch_SASS_SIM,nvjet_sm90_tst_64x8_64x16_4x1_v_bz_TNT--6,gpgpu_simulation_rate_cycle_per_sec,624.0,624,gpgpu_simulation_rate\s+=\s+(.*)\s+\(cycle\/sec\)
instance,llm_layer,layer,H100-SASS-Accelwattch_SASS_SIM,_ZN4vllm25fused_add_rms_norm_kernelIN3c108BFloat16ELi8ELb1EEENSt9enable_ifIXaagtT0_Li0Esr4vllm12_typeConvertIT_EE6existsEvE4typeEPS4_lS7_PKS4_fiil--15,gpgpu_simulation_rate_cycle_per_sec,627.0,627,gpgpu_simulation_rate\s+=\s+(.*)\s+\(cycle\/sec\)
instance,llm_layer,layer,H100-SASS-Accelwattch_SASS_SIM,nvjet_sm90_tst_128x8_64x12_4x1_v_bz_TNT--6,gpgpu_simulation_rate_cycle_per_sec,604.0,604,gpgpu_simulation_rate\s+=\s+(.*)\s+\(cycle\/sec\)
instance,llm_layer,layer,H100-SASS-Accelwattch_SASS_SIM,_ZN4vllm18act_and_mul_kernelIN3c108BFloat16E14__nv_bfloat162XadL_ZNS_11silu_kernelIS2_EET_RKS5_fEEXadL_ZNS_18packed_silu_kernelIS3_EES5_S7_fEELb1ELb1ELb0ELb0EEEvPS5_PS6_ifff--7,gpgpu_simulation_rate_cycle_per_sec,607.0,607,gpgpu_simulation_rate\s+=\s+(.*)\s+\(cycle\/sec\)
instance,llm_layer,layer,H100-SASS-Accelwattch_SASS_SIM,nvjet_sm90_tst_64x8_64x16_4x1_v_bz_splitK_TNT--6,gpgpu_simulation_rate_cycle_per_sec,602.0,602,gpgpu_simulation_rate\s+=\s+(.*)\s+\(cycle\/sec\)
instance,llm_layer,layer,H100-SASS-Accelwattch_SASS_SIM,_ZN8cublasLt19splitKreduce_kernelILi32ELi16Eif13__nv_bfloat16fS1_Lb0EfS1_S1_Lb1ELb0ELb0ELb0EEEvNS_18cublasSplitKParamsIT4_EEPKT2_PKT8_PT7_PT3_PKS3_SG_PKT9_S7_PSH_PvlPS3_PiSM_SM_SG_SG_SG_SG_SG_--7,gpgpu_simulation_rate_cycle_per_sec,605.0,605,gpgpu_simulation_rate\s+=\s+(.*)\s+\(cycle\/sec\)
instance,llm_layer,layer,H100-SASS-Accelwattch_SASS_SIM,_ZN4vllm25fused_add_rms_norm_kernelIN3c108BFloat16ELi8ELb1EEENSt9enable_ifIXaagtT0_Li0Esr4vllm12_typeConvertIT_EE6existsEvE4typeEPS4_lS7_PKS4_fiil--0,gpgpu_silicon_slowdown,711462.0,711462,gpgpu_silicon_slowdown\s*=\s*(.*)x
instance,llm_layer,layer,H100-SASS-Accelwattch_SASS_SIM,nvjet_sm90_tst_64x8_64x16_4x2_h_bz_bias_TNT--0,gpgpu_silicon_slowdown,1402266.0,1402266,gpgpu_silicon_slowdown\s*=\s*(.*)x
instance,llm_layer,layer,H100-SASS-Accelwattch_SASS_SIM,_ZN4vllm23rotary_embedding_kernelIN3c108BFloat16ES2_Lb1EEEvPKlPT_S6_PKT0_illliiilb--0,gpgpu_silicon_slowdown,1177170.0,1177170,gpgpu_silicon_slowdown\s*=\s*(.*)x
instance,llm_layer,layer,H100-SASS-Accelwattch_SASS_SIM,_ZN4vllm30reshape_and_cache_flash_kernelI13__nv_bfloat16S1_LNS_18Fp8KVCacheDataTypeE0EEEvPKT_S5_PT0_S7_PKlllllliiiPKfSB_i--0,gpgpu_silicon_slowdown,1099389.0,1099389,gpgpu_silicon_slowdown\s*=\s*(.*)x
instance,llm_layer,layer,H100-SASS-Accelwattch_SASS_SIM,_ZN7cutlass13device_kernelIN5flash20enable_sm90_or_laterINS1_16FlashAttnFwdSm90INS1_25CollectiveMainloopFwdSm90ILi2EN4cute5tupleIJNS5_1CILi1EEES8_S8_EEENS6_IJNS7_ILi192EEENS7_ILi128EEENS7_ILi64EEEEEELi64ENS_10bfloat16_tEfNS_4arch4Sm90ELb1ELb0ELb0ELb1ELb1ELb0ELb0ELb1ELb1ELb1ELb0ELb0ESE_Li1EEENS1_21CollectiveEpilogueFwdINS6_IJSA_SC_SB_EEES9_SE_SG_Li384ELb1ELb1ELb0ELb0ELi1EEENS1_36VarlenDynamicPersistentTileSchedulerILi192ELi128ELi384ELi128ELb0ELb1ELb1ELb1ELb0ELb1EEEEEEEEEvNT_6ParamsE--0,gpgpu_silicon_slowdown,1339648.0,1339648,gpgpu_silicon_slowdown\s*=\s*(.*)x
instance,llm_layer,layer,H100-SASS-Accelwattch_SASS_SIM,_ZN2at6native29vectorized_elementwise_kernelILi4ENS0_11FillFunctorIiEESt5arrayIPcLm1EEEEviT0_T1_--0,gpgpu_silicon_slowdown,1279896.0,1279896,gpgpu_silicon_slowdown\s*=\s*(.*)x
instance,llm_layer,layer,H100-SASS-Accelwattch_SASS_SIM,nvjet_sm90_tst_64x8_64x16_4x2_h_bz_TNT--0,gpgpu_silicon_slowdown,1389473.0,1389473,gpgpu_silicon_slowdown\s*=\s*(.*)x
instance,llm_layer,layer,H100-SASS-Accelwattch_SASS_SIM,_ZN4vllm25fused_add_rms_norm_kernelIN3c108BFloat16ELi8ELb1EEENSt9enable_ifIXaagtT0_Li0Esr4vllm12_typeConvertIT_EE6existsEvE4typeEPS4_lS7_PKS4_fiil--1,gpgpu_silicon_slowdown,1356164.0,1356164,gpgpu_silicon_slowdown\s*=\s*(.*)x
instance,llm_layer,layer,H100-SASS-Accelwattch_SASS_SIM,nvjet_sm90_tst_128x16_64x11_4x1_v_bz_TNT--0,gpgpu_silicon_slowdown,3807692.0,3807692,gpgpu_silicon_slowdown\s*=\s*(.*)x
instance,llm_layer,layer,H100-SASS-Accelwattch_SASS_SIM,_ZN4vllm18act_and_mul_kernelIN3c108BFloat16E14__nv_bfloat162XadL_ZNS_11silu_kernelIS2_EET_RKS5_fEEXadL_ZNS_18packed_silu_kernelIS3_EES5_S7_fEELb1ELb1ELb0ELb0EEEvPS5_PS6_ifff--0,gpgpu_silicon_slowdown,3613138.0,3613138,gpgpu_silicon_slowdown\s*=\s*(.*)x
instance,llm_layer,layer,H100-SASS-Accelwattch_SASS_SIM,nvjet_sm90_tst_64x16_64x16_4x1_v_bz_splitK_TNT--0,gpgpu_silicon_slowdown,3837209.0,3837209,gpgpu_silicon_slowdown\s*=\s*(.*)x
instance,llm_layer,layer,H100-SASS-Accelwattch_SASS_SIM,_ZN8cublasLt19splitKreduce_kernelILi32ELi16Eif13__nv_bfloat16fS1_Lb0EfS1_S1_Lb1ELb0ELb0ELb0EEEvNS_18cublasSplitKParamsIT4_EEPKT2_PKT8_PT7_PT3_PKS3_SG_PKT9_S7_PSH_PvlPS3_PiSM_SM_SG_SG_SG_SG_SG_--0,gpgpu_silicon_slowdown,3721804.0,3721804,gpgpu_silicon_slowdown\s*=\s*(.*)x
instance,llm_layer,layer,H100-SASS-Accelwattch_SASS_SIM,_ZN4vllm25fused_add_rms_norm_kernelIN3c108BFloat16ELi8ELb1EEENSt9enable_ifIXaagtT0_Li0Esr4vllm12_typeConvertIT_EE6existsEvE4typeEPS4_lS7_PKS4_fiil--2,gpgpu_silicon_slowdown,3561151.0,3561151,gpgpu_silicon_slowdown\s*=\s*(.*)x
instance,llm_layer,layer,H100-SASS-Accelwattch_SASS_SIM,nvjet_sm90_tst_64x8_64x16_4x1_v_bz_bias_TNT--0,gpgpu_silicon_slowdown,3467600.0,3467600,gpgpu_silicon_slowdown\s*=\s*(.*)x
instance,llm_layer,layer,H100-SASS-Accelwattch_SASS_SIM,_ZN4vllm23rotary_embedding_kernelIN3c108BFloat16ES2_Lb1EEEvPKlPT_S6_PKT0_illliiilb--1,gpgpu_silicon_slowdown,3350253.0,3350253,gpgpu_silicon_slowdown\s*=\s*(.*)x
instance,llm_layer,layer,H100-SASS-Accelwattch_SASS_SIM,_ZN4vllm30reshape_and_cache_flash_kernelI13__nv_bfloat16S1_LNS_18Fp8KVCacheDataTypeE0EEEvPKT_S5_PT0_S7_PKlllllliiiPKfSB_i--1,gpgpu_silicon_slowdown,3267326.0,3267326,gpgpu_silicon_slowdown\s*=\s*(.*)x
instance,llm_layer,layer,H100-SASS-Accelwattch_SASS_SIM,_ZN7cutlass13device_kernelIN5flash20enable_sm90_or_laterINS1_16FlashAttnFwdSm90INS1_25CollectiveMainloopFwdSm90ILi2EN4cute5tupleIJNS5_1CILi1EEES8_S8_EEENS6_IJNS7_ILi64EEENS7_ILi192EEESA_EEELi64ENS_10bfloat16_tEfNS_4arch4Sm90ELb0ELb0ELb0ELb1ELb1ELb0ELb0ELb1ELb1ELb1ELb0ELb0ESD_Li1EEENS1_21CollectiveEpilogueFwdINS6_IJSA_SA_SB_EEES9_SD_SF_Li128ELb1ELb1ELb0ELb0ELi1EEENS1_36VarlenDynamicPersistentTileSchedulerILi64ELi192ELi128ELi128ELb0ELb1ELb1ELb0ELb0ELb1EEEEEEEEEvNT_6ParamsE--0,gpgpu_silicon_slowdown,3147853.0,3147853,gpgpu_silicon_slowdown\s*=\s*(.*)x
instance,llm_layer,layer,H100-SASS-Accelwattch_SASS_SIM,_ZN2at6native29vectorized_elementwise_kernelILi4ENS0_11FillFunctorIiEESt5arrayIPcLm1EEEEviT0_T1_--1,gpgpu_silicon_slowdown,3098591.0,3098591,gpgpu_silicon_slowdown\s*=\s*(.*)x
instance,llm_layer,layer,H100-SASS-Accelwattch_SASS_SIM,nvjet_sm90_tst_64x8_64x16_4x1_v_bz_TNT--0,gpgpu_silicon_slowdown,3027522.0,3027522,gpgpu_silicon_slowdown\s*=\s*(.*)x
instance,llm_layer,layer,H100-SASS-Accelwattch_SASS_SIM,_ZN4vllm25fused_add_rms_norm_kernelIN3c108BFloat16ELi8ELb1EEENSt9enable_ifIXaagtT0_Li0Esr4vllm12_typeConvertIT_EE6existsEvE4typeEPS4_lS7_PKS4_fiil--3,gpgpu_silicon_slowdown,2950819.0,2950819,gpgpu_silicon_slowdown\s*=\s*(.*)x
instance,llm_layer,layer,H100-SASS-Accelwattch_SASS_SIM,nvjet_sm90_tst_128x8_64x12_4x1_v_bz_TNT--0,gpgpu_silicon_slowdown,3593466.0,3593466,gpgpu_silicon_slowdown\s*=\s*(.*)x
instance,llm_layer,layer,H100-SASS-Accelwattch_SASS_SIM,_ZN4vllm18act_and_mul_kernelIN3c108BFloat16E14__nv_bfloat162XadL_ZNS_11silu_kernelIS2_EET_RKS5_fEEXadL_ZNS_18packed_silu_kernelIS3_EES5_S7_fEELb1ELb1ELb0ELb0EEEvPS5_PS6_ifff--1,gpgpu_silicon_slowdown,3510638.0,3510638,gpgpu_silicon_slowdown\s*=\s*(.*)x
instance,llm_layer,layer,H100-SASS-Accelwattch_SASS_SIM,nvjet_sm90_tst_64x8_64x16_4x1_v_bz_splitK_TNT--0,gpgpu_silicon_slowdown,3574007.0,3574007,gpgpu_silicon_slowdown\s*=\s*(.*)x
instance,llm_layer,layer,H100-SASS-Accelwattch_SASS_SIM,_ZN8cublasLt19splitKreduce_kernelILi32ELi16Eif13__nv_bfloat16fS1_Lb0EfS1_S1_Lb1ELb0ELb0ELb0EEEvNS_18cublasSplitKParamsIT4_EEPKT2_PKT8_PT7_PT3_PKS3_SG_PKT9_S7_PSH_PvlPS3_PiSM_SM_SG_SG_SG_SG_SG_--1,gpgpu_silicon_slowdown,3523131.0,3523131,gpgpu_silicon_slowdown\s*=\s*(.*)x
instance,llm_layer,layer,H100-SASS-Accelwattch_SASS_SIM,_ZN4vllm25fused_add_rms_norm_kernelIN3c108BFloat16ELi8ELb1EEENSt9enable_ifIXaagtT0_Li0Esr4vllm12_typeConvertIT_EE6existsEvE4typeEPS4_lS7_PKS4_fiil--4,gpgpu_silicon_slowdown,3449477.0,3449477,gpgpu_silicon_slowdown\s*=\s*(.*)x
instance,llm_layer,layer,H100-SASS-Accelwattch_SASS_SIM,nvjet_sm90_tst_64x8_64x16_4x1_v_bz_bias_TNT--1,gpgpu_silicon_slowdown,3396226.0,3396226,gpgpu_silicon_slowdown\s*=\s*(.*)x
instance,llm_layer,layer,H100-SASS-Accelwattch_SASS_SIM,_ZN4vllm23rotary_embedding_kernelIN3c108BFloat16ES2_Lb1EEEvPKlPT_S6_PKT0_illliiilb--2,gpgpu_silicon_slowdown,3338954.0,3338954,gpgpu_silicon_slowdown\s*=\s*(.*)x
instance,llm_layer,layer,H100-SASS-Accelwattch_SASS_SIM,_ZN4vllm30reshape_and_cache_flash_kernelI13__nv_bfloat16S1_LNS_18Fp8KVCacheDataTypeE0EEEvPKT_S5_PT0_S7_PKlllllliiiPKfSB_i--2,gpgpu_silicon_slowdown,3283582.0,3283582,gpgpu_silicon_slowdown\s*=\s*(.*)x
instance,llm_layer,layer,H100-SASS-Accelwattch_SASS_SIM,_ZN7cutlass13device_kernelIN5flash20enable_sm90_or_laterINS1_16FlashAttnFwdSm90INS1_25CollectiveMainloopFwdSm90ILi2EN4cute5tupleIJNS5_1CILi1EEES8_S8_EEENS6_IJNS7_ILi64EEENS7_ILi192EEESA_EEELi64ENS_10bfloat16_tEfNS_4arch4Sm90ELb0ELb0ELb0ELb1ELb1ELb0ELb0ELb1ELb1ELb1ELb0ELb0ESD_Li1EEENS1_21CollectiveEpilogueFwdINS6_IJSA_SA_SB_EEES9_SD_SF_Li128ELb1ELb1ELb0ELb0ELi1EEENS1_36VarlenDynamicPersistentTileSchedulerILi64ELi192ELi128ELi128ELb0ELb1ELb1ELb0ELb0ELb1EEEEEEEEEvNT_6ParamsE--1,gpgpu_silicon_slowdown,3224755.0,3224755,gpgpu_silicon_slowdown\s*=\s*(.*)x
instance,llm_layer,layer,H100-SASS-Accelwattch_SASS_SIM,_ZN2at6native29vectorized_elementwise_kernelILi4ENS0_11FillFunctorIiEESt5arrayIPcLm1EEEEviT0_T1_--2,gpgpu_silicon_slowdown,3193548.0,3193548,gpgpu_silicon_slowdown\s*=\s*(.*)x
instance,llm_layer,layer,H100-SASS-Accelwattch_SASS_SIM,nvjet_sm90_tst_64x8_64x16_4x1_v_bz_TNT--1,gpgpu_silicon_slowdown,3147853.0,3147853,gpgpu_silicon_slowdown\s*=\s*(.*)x
instance,llm_layer,layer,H100-SASS-Accelwattch_SASS_SIM,_ZN4vllm25fused_add_rms_norm_kernelIN3c108BFloat16ELi8ELb1EEENSt9enable_ifIXaagtT0_Li0Esr4vllm12_typeConvertIT_EE6existsEvE4typeEPS4_lS7_PKS4_fiil--5,gpgpu_silicon_slowdown,3098591.0,3098591,gpgpu_silicon_slowdown\s*=\s*(.*)x
instance,llm_layer,layer,H100-SASS-Accelwattch_SASS_SIM,nvjet_sm90_tst_128x8_64x12_4x1_v_bz_TNT--1,gpgpu_silicon_slowdown,3396226.0,3396226,gpgpu_silicon_slowdown\s*=\s*(.*)x
instance,llm_layer,layer,H100-SASS-Accelwattch_SASS_SIM,_ZN4vllm18act_and_mul_kernelIN3c108BFloat16E14__nv_bfloat162XadL_ZNS_11silu_kernelIS2_EET_RKS5_fEEXadL_ZNS_18packed_silu_kernelIS3_EES5_S7_fEELb1ELb1ELb0ELb0EEEvPS5_PS6_ifff--2,gpgpu_silicon_slowdown,3338954.0,3338954,gpgpu_silicon_slowdown\s*=\s*(.*)x
instance,llm_layer,layer,H100-SASS-Accelwattch_SASS_SIM,nvjet_sm90_tst_64x8_64x16_4x1_v_bz_splitK_TNT--1,gpgpu_silicon_slowdown,3396226.0,3396226,gpgpu_silicon_slowdown\s*=\s*(.*)x
instance,llm_layer,layer,H100-SASS-Accelwattch_SASS_SIM,_ZN8cublasLt19splitKreduce_kernelILi32ELi16Eif13__nv_bfloat16fS1_Lb0EfS1_S1_Lb1ELb0ELb0ELb0EEEvNS_18cublasSplitKParamsIT4_EEPKT2_PKT8_PT7_PT3_PKS3_SG_PKT9_S7_PSH_PvlPS3_PiSM_SM_SG_SG_SG_SG_SG_--2,gpgpu_silicon_slowdown,3361629.0,3361629,gpgpu_silicon_slowdown\s*=\s*(.*)x
instance,llm_layer,layer,H100-SASS-Accelwattch_SASS_SIM,_ZN4vllm25fused_add_rms_norm_kernelIN3c108BFloat16ELi8ELb1EEENSt9enable_ifIXaagtT0_Li0Esr4vllm12_typeConvertIT_EE6existsEvE4typeEPS4_lS7_PKS4_fiil--6,gpgpu_silicon_slowdown,3316582.0,3316582,gpgpu_silicon_slowdown\s*=\s*(.*)x
instance,llm_layer,layer,H100-SASS-Accelwattch_SASS_SIM,nvjet_sm90_tst_64x8_64x16_4x1_v_bz_bias_TNT--2,gpgpu_silicon_slowdown,3283582.0,3283582,gpgpu_silicon_slowdown\s*=\s*(.*)x
instance,llm_layer,layer,H100-SASS-Accelwattch_SASS_SIM,_ZN4vllm23rotary_embedding_kernelIN3c108BFloat16ES2_Lb1EEEvPKlPT_S6_PKT0_illliiilb--3,gpgpu_silicon_slowdown,3240589.0,3240589,gpgpu_silicon_slowdown\s*=\s*(.*)x
instance,llm_layer,layer,H100-SASS-Accelwattch_SASS_SIM,_ZN4vllm30reshape_and_cache_flash_kernelI13__nv_bfloat16S1_LNS_18Fp8KVCacheDataTypeE0EEEvPKT_S5_PT0_S7_PKlllllliiiPKfSB_i--3,gpgpu_silicon_slowdown,3209076.0,3209076,gpgpu_silicon_slowdown\s*=\s*(.*)x
instance,llm_layer,layer,H100-SASS-Accelwattch_SASS_SIM,_ZN7cutlass13device_kernelIN5flash20enable_sm90_or_laterINS1_16FlashAttnFwdSm90INS1_25CollectiveMainloopFwdSm90ILi2EN4cute5tupleIJNS5_1CILi1EEES8_S8_EEENS6_IJNS7_ILi64EEENS7_ILi192EEESA_EEELi64ENS_10bfloat16_tEfNS_4arch4Sm90ELb0ELb0ELb0ELb1ELb1ELb0ELb0ELb1ELb1ELb1ELb0ELb0ESD_Li1EEENS1_21CollectiveEpilogueFwdINS6_IJSA_SA_SB_EEES9_SD_SF_Li128ELb1ELb1ELb0ELb0ELi1EEENS1_36VarlenDynamicPersistentTileSchedulerILi64ELi192ELi128ELi128ELb0ELb1ELb1ELb0ELb0ELb1EEEEEEEEEvNT_6ParamsE--2,gpgpu_silicon_slowdown,3162939.0,3162939,gpgpu_silicon_slowdown\s*=\s*(.*)x
instance,llm_layer,layer,H100-SASS-Accelwattch_SASS_SIM,_ZN2at6native29vectorized_elementwise_kernelILi4ENS0_11FillFunctorIiEESt5arrayIPcLm1EEEEviT0_T1_--3,gpgpu_silicon_slowdown,3137876.0,3137876,gpgpu_silicon_slowdown\s*=\s*(.*)x
instance,llm_layer,layer,H100-SASS-Accelwattch_SASS_SIM,nvjet_sm90_tst_64x8_64x16_4x1_v_bz_TNT--2,gpgpu_silicon_slowdown,3113207.0,3113207,gpgpu_silicon_slowdown\s*=\s*(.*)x
instance,llm_layer,layer,H100-SASS-Accelwattch_SASS_SIM,_ZN4vllm25fused_add_rms_norm_kernelIN3c108BFloat16ELi8ELb1EEENSt9enable_ifIXaagtT0_Li0Esr4vllm12_typeConvertIT_EE6existsEvE4typeEPS4_lS7_PKS4_fiil--7,gpgpu_silicon_slowdown,3074534.0,3074534,gpgpu_silicon_slowdown\s*=\s*(.*)x
instance,llm_layer,layer,H100-SASS-Accelwattch_SASS_SIM,nvjet_sm90_tst_128x8_64x12_4x1_v_bz_TNT--2,gpgpu_silicon_slowdown,3350253.0,3350253,gpgpu_silicon_slowdown\s*=\s*(.*)x
instance,llm_layer,layer,H100-SASS-Accelwattch_SASS_SIM,_ZN4vllm18act_and_mul_kernelIN3c108BFloat16E14__nv_bfloat162XadL_ZNS_11silu_kernelIS2_EET_RKS5_fEEXadL_ZNS_18packed_silu_kernelIS3_EES5_S7_fEELb1ELb1ELb0ELb0EEEvPS5_PS6_ifff--3,gpgpu_silicon_slowdown,3311036.0,3311036,gpgpu_silicon_slowdown\s*=\s*(.*)x
instance,llm_layer,layer,H100-SASS-Accelwattch_SASS_SIM,nvjet_sm90_tst_64x8_64x16_4x1_v_bz_splitK_TNT--2,gpgpu_silicon_slowdown,3361629.0,3361629,gpgpu_silicon_slowdown\s*=\s*(.*)x
instance,llm_layer,layer,H100-SASS-Accelwattch_SASS_SIM,_ZN8cublasLt19splitKreduce_kernelILi32ELi16Eif13__nv_bfloat16fS1_Lb0EfS1_S1_Lb1ELb0ELb0ELb0EEEvNS_18cublasSplitKParamsIT4_EEPKT2_PKT8_PT7_PT3_PKS3_SG_PKT9_S7_PSH_PvlPS3_PiSM_SM_SG_SG_SG_SG_SG_--3,gpgpu_silicon_slowdown,3344594.0,3344594,gpgpu_silicon_slowdown\s*=\s*(.*)x
instance,llm_layer,layer,H100-SASS-Accelwattch_SASS_SIM,_ZN4vllm25fused_add_rms_norm_kernelIN3c108BFloat16ELi8ELb1EEENSt9enable_ifIXaagtT0_Li0Esr4vllm12_typeConvertIT_EE6existsEvE4typeEPS4_lS7_PKS4_fiil--8,gpgpu_silicon_slowdown,3311036.0,3311036,gpgpu_silicon_slowdown\s*=\s*(.*)x
instance,llm_layer,layer,H100-SASS-Accelwattch_SASS_SIM,nvjet_sm90_tst_64x8_64x16_4x1_v_bz_bias_TNT--3,gpgpu_silicon_slowdown,3289036.0,3289036,gpgpu_silicon_slowdown\s*=\s*(.*)x
instance,llm_layer,layer,H100-SASS-Accelwattch_SASS_SIM,_ZN4vllm23rotary_embedding_kernelIN3c108BFloat16ES2_Lb1EEEvPKlPT_S6_PKT0_illliiilb--4,gpgpu_silicon_slowdown,3256578.0,3256578,gpgpu_silicon_slowdown\s*=\s*(.*)x
instance,llm_layer,layer,H100-SASS-Accelwattch_SASS_SIM,_ZN4vllm30reshape_and_cache_flash_kernelI13__nv_bfloat16S1_LNS_18Fp8KVCacheDataTypeE0EEEvPKT_S5_PT0_S7_PKlllllliiiPKfSB_i--4,gpgpu_silicon_slowdown,3224755.0,3224755,gpgpu_silicon_slowdown\s*=\s*(.*)x
instance,llm_layer,layer,H100-SASS-Accelwattch_SASS_SIM,_ZN7cutlass13device_kernelIN5flash20enable_sm90_or_laterINS1_16FlashAttnFwdSm90INS1_25CollectiveMainloopFwdSm90ILi2EN4cute5tupleIJNS5_1CILi1EEES8_S8_EEENS6_IJNS7_ILi64EEENS7_ILi192EEESA_EEELi64ENS_10bfloat16_tEfNS_4arch4Sm90ELb0ELb0ELb0ELb1ELb1ELb0ELb0ELb1ELb1ELb1ELb0ELb0ESD_Li1EEENS1_21CollectiveEpilogueFwdINS6_IJSA_SA_SB_EEES9_SD_SF_Li128ELb1ELb1ELb0ELb0ELi1EEENS1_36VarlenDynamicPersistentTileSchedulerILi64ELi192ELi128ELi128ELb0ELb1ELb1ELb0ELb0ELb1EEEEEEEEEvNT_6ParamsE--3,gpgpu_silicon_slowdown,3193548.0,3193548,gpgpu_silicon_slowdown\s*=\s*(.*)x
instance,llm_layer,layer,H100-SASS-Accelwattch_SASS_SIM,_ZN2at6native29vectorized_elementwise_kernelILi4ENS0_11FillFunctorIiEESt5arrayIPcLm1EEEEviT0_T1_--4,gpgpu_silicon_slowdown,3173076.0,3173076,gpgpu_silicon_slowdown\s*=\s*(.*)x
instance,llm_layer,layer,H100-SASS-Accelwattch_SASS_SIM,nvjet_sm90_tst_64x8_64x16_4x1_v_bz_TNT--3,gpgpu_silicon_slowdown,3152866.0,3152866,gpgpu_silicon_slowdown\s*=\s*(.*)x
instance,llm_layer,layer,H100-SASS-Accelwattch_SASS_SIM,_ZN4vllm25fused_add_rms_norm_kernelIN3c108BFloat16ELi8ELb1EEENSt9enable_ifIXaagtT0_Li0Esr4vllm12_typeConvertIT_EE6existsEvE4typeEPS4_lS7_PKS4_fiil--9,gpgpu_silicon_slowdown,3123028.0,3123028,gpgpu_silicon_slowdown\s*=\s*(.*)x
instance,llm_layer,layer,H100-SASS-Accelwattch_SASS_SIM,nvjet_sm90_tst_128x8_64x12_4x1_v_bz_TNT--3,gpgpu_silicon_slowdown,3322147.0,3322147,gpgpu_silicon_slowdown\s*=\s*(.*)x
instance,llm_layer,layer,H100-SASS-Accelwattch_SASS_SIM,_ZN4vllm18act_and_mul_kernelIN3c108BFloat16E14__nv_bfloat162XadL_ZNS_11silu_kernelIS2_EET_RKS5_fEEXadL_ZNS_18packed_silu_kernelIS3_EES5_S7_fEELb1ELb1ELb0ELb0EEEvPS5_PS6_ifff--4,gpgpu_silicon_slowdown,3289036.0,3289036,gpgpu_silicon_slowdown\s*=\s*(.*)x
instance,llm_layer,layer,H100-SASS-Accelwattch_SASS_SIM,nvjet_sm90_tst_64x8_64x16_4x1_v_bz_splitK_TNT--3,gpgpu_silicon_slowdown,3333333.0,3333333,gpgpu_silicon_slowdown\s*=\s*(.*)x
instance,llm_layer,layer,H100-SASS-Accelwattch_SASS_SIM,_ZN8cublasLt19splitKreduce_kernelILi32ELi16Eif13__nv_bfloat16fS1_Lb0EfS1_S1_Lb1ELb0ELb0ELb0EEEvNS_18cublasSplitKParamsIT4_EEPKT2_PKT8_PT7_PT3_PKS3_SG_PKT9_S7_PSH_PvlPS3_PiSM_SM_SG_SG_SG_SG_SG_--4,gpgpu_silicon_slowdown,3311036.0,3311036,gpgpu_silicon_slowdown\s*=\s*(.*)x
instance,llm_layer,layer,H100-SASS-Accelwattch_SASS_SIM,_ZN4vllm25fused_add_rms_norm_kernelIN3c108BFloat16ELi8ELb1EEENSt9enable_ifIXaagtT0_Li0Esr4vllm12_typeConvertIT_EE6existsEvE4typeEPS4_lS7_PKS4_fiil--10,gpgpu_silicon_slowdown,3283582.0,3283582,gpgpu_silicon_slowdown\s*=\s*(.*)x
instance,llm_layer,layer,H100-SASS-Accelwattch_SASS_SIM,nvjet_sm90_tst_64x8_64x16_4x1_v_bz_bias_TNT--4,gpgpu_silicon_slowdown,3267326.0,3267326,gpgpu_silicon_slowdown\s*=\s*(.*)x
instance,llm_layer,layer,H100-SASS-Accelwattch_SASS_SIM,_ZN4vllm23rotary_embedding_kernelIN3c108BFloat16ES2_Lb1EEEvPKlPT_S6_PKT0_illliiilb--5,gpgpu_silicon_slowdown,3240589.0,3240589,gpgpu_silicon_slowdown\s*=\s*(.*)x
instance,llm_layer,layer,H100-SASS-Accelwattch_SASS_SIM,_ZN4vllm30reshape_and_cache_flash_kernelI13__nv_bfloat16S1_LNS_18Fp8KVCacheDataTypeE0EEEvPKT_S5_PT0_S7_PKlllllliiiPKfSB_i--5,gpgpu_silicon_slowdown,3219512.0,3219512,gpgpu_silicon_slowdown\s*=\s*(.*)x
instance,llm_layer,layer,H100-SASS-Accelwattch_SASS_SIM,_ZN7cutlass13device_kernelIN5flash20enable_sm90_or_laterINS1_16FlashAttnFwdSm90INS1_25CollectiveMainloopFwdSm90ILi2EN4cute5tupleIJNS5_1CILi1EEES8_S8_EEENS6_IJNS7_ILi64EEENS7_ILi192EEESA_EEELi64ENS_10bfloat16_tEfNS_4arch4Sm90ELb0ELb0ELb0ELb1ELb1ELb0ELb0ELb1ELb1ELb1ELb0ELb0ESD_Li1EEENS1_21CollectiveEpilogueFwdINS6_IJSA_SA_SB_EEES9_SD_SF_Li128ELb1ELb1ELb0ELb0ELi1EEENS1_36VarlenDynamicPersistentTileSchedulerILi64ELi192ELi128ELi128ELb0ELb1ELb1ELb0ELb0ELb1EEEEEEEEEvNT_6ParamsE--4,gpgpu_silicon_slowdown,3193548.0,3193548,gpgpu_silicon_slowdown\s*=\s*(.*)x
instance,llm_layer,layer,H100-SASS-Accelwattch_SASS_SIM,_ZN2at6native29vectorized_elementwise_kernelILi4ENS0_11FillFunctorIiEESt5arrayIPcLm1EEEEviT0_T1_--5,gpgpu_silicon_slowdown,3178170.0,3178170,gpgpu_silicon_slowdown\s*=\s*(.*)x
instance,llm_layer,layer,H100-SASS-Accelwattch_SASS_SIM,nvjet_sm90_tst_64x8_64x16_4x1_v_bz_TNT--4,gpgpu_silicon_slowdown,3157894.0,3157894,gpgpu_silicon_slowdown\s*=\s*(.*)x
instance,llm_layer,layer,H100-SASS-Accelwattch_SASS_SIM,_ZN4vllm25fused_add_rms_norm_kernelIN3c108BFloat16ELi8ELb1EEENSt9enable_ifIXaagtT0_Li0Esr4vllm12_typeConvertIT_EE6existsEvE4typeEPS4_lS7_PKS4_fiil--11,gpgpu_silicon_slowdown,3132911.0,3132911,gpgpu_silicon_slowdown\s*=\s*(.*)x
instance,llm_layer,layer,H100-SASS-Accelwattch_SASS_SIM,nvjet_sm90_tst_128x8_64x12_4x1_v_bz_TNT--4,gpgpu_silicon_slowdown,3289036.0,3289036,gpgpu_silicon_slowdown\s*=\s*(.*)x
instance,llm_layer,layer,H100-SASS-Accelwattch_SASS_SIM,_ZN4vllm18act_and_mul_kernelIN3c108BFloat16E14__nv_bfloat162XadL_ZNS_11silu_kernelIS2_EET_RKS5_fEEXadL_ZNS_18packed_silu_kernelIS3_EES5_S7_fEELb1ELb1ELb0ELb0EEEvPS5_PS6_ifff--5,gpgpu_silicon_slowdown,3267326.0,3267326,gpgpu_silicon_slowdown\s*=\s*(.*)x
instance,llm_layer,layer,H100-SASS-Accelwattch_SASS_SIM,nvjet_sm90_tst_64x8_64x16_4x1_v_bz_splitK_TNT--4,gpgpu_silicon_slowdown,3300000.0,3300000,gpgpu_silicon_slowdown\s*=\s*(.*)x
instance,llm_layer,layer,H100-SASS-Accelwattch_SASS_SIM,_ZN8cublasLt19splitKreduce_kernelILi32ELi16Eif13__nv_bfloat16fS1_Lb0EfS1_S1_Lb1ELb0ELb0ELb0EEEvNS_18cublasSplitKParamsIT4_EEPKT2_PKT8_PT7_PT3_PKS3_SG_PKT9_S7_PSH_PvlPS3_PiSM_SM_SG_SG_SG_SG_SG_--5,gpgpu_silicon_slowdown,3283582.0,3283582,gpgpu_silicon_slowdown\s*=\s*(.*)x
instance,llm_layer,layer,H100-SASS-Accelwattch_SASS_SIM,_ZN4vllm25fused_add_rms_norm_kernelIN3c108BFloat16ELi8ELb1EEENSt9enable_ifIXaagtT0_Li0Esr4vllm12_typeConvertIT_EE6existsEvE4typeEPS4_lS7_PKS4_fiil--12,gpgpu_silicon_slowdown,3261943.0,3261943,gpgpu_silicon_slowdown\s*=\s*(.*)x
instance,llm_layer,layer,H100-SASS-Accelwattch_SASS_SIM,nvjet_sm90_tst_64x8_64x16_4x1_v_bz_bias_TNT--5,gpgpu_silicon_slowdown,3245901.0,3245901,gpgpu_silicon_slowdown\s*=\s*(.*)x
instance,llm_layer,layer,H100-SASS-Accelwattch_SASS_SIM,_ZN4vllm23rotary_embedding_kernelIN3c108BFloat16ES2_Lb1EEEvPKlPT_S6_PKT0_illliiilb--6,gpgpu_silicon_slowdown,3224755.0,3224755,gpgpu_silicon_slowdown\s*=\s*(.*)x
instance,llm_layer,layer,H100-SASS-Accelwattch_SASS_SIM,_ZN4vllm30reshape_and_cache_flash_kernelI13__nv_bfloat16S1_LNS_18Fp8KVCacheDataTypeE0EEEvPKT_S5_PT0_S7_PKlllllliiiPKfSB_i--6,gpgpu_silicon_slowdown,3203883.0,3203883,gpgpu_silicon_slowdown\s*=\s*(.*)x
instance,llm_layer,layer,H100-SASS-Accelwattch_SASS_SIM,_ZN7cutlass13device_kernelIN5flash20enable_sm90_or_laterINS1_16FlashAttnFwdSm90INS1_25CollectiveMainloopFwdSm90ILi2EN4cute5tupleIJNS5_1CILi1EEES8_S8_EEENS6_IJNS7_ILi64EEENS7_ILi192EEESA_EEELi64ENS_10bfloat16_tEfNS_4arch4Sm90ELb0ELb0ELb0ELb1ELb1ELb0ELb0ELb1ELb1ELb1ELb0ELb0ESD_Li1EEENS1_21CollectiveEpilogueFwdINS6_IJSA_SA_SB_EEES9_SD_SF_Li128ELb1ELb1ELb0ELb0ELi1EEENS1_36VarlenDynamicPersistentTileSchedulerILi64ELi192ELi128ELi128ELb0ELb1ELb1ELb0ELb0ELb1EEEEEEEEEvNT_6ParamsE--5,gpgpu_silicon_slowdown,3183279.0,3183279,gpgpu_silicon_slowdown\s*=\s*(.*)x
instance,llm_layer,layer,H100-SASS-Accelwattch_SASS_SIM,_ZN2at6native29vectorized_elementwise_kernelILi4ENS0_11FillFunctorIiEESt5arrayIPcLm1EEEEviT0_T1_--6,gpgpu_silicon_slowdown,3168000.0,3168000,gpgpu_silicon_slowdown\s*=\s*(.*)x
instance,llm_layer,layer,H100-SASS-Accelwattch_SASS_SIM,nvjet_sm90_tst_64x8_64x16_4x1_v_bz_TNT--5,gpgpu_silicon_slowdown,3157894.0,3157894,gpgpu_silicon_slowdown\s*=\s*(.*)x
instance,llm_layer,layer,H100-SASS-Accelwattch_SASS_SIM,_ZN4vllm25fused_add_rms_norm_kernelIN3c108BFloat16ELi8ELb1EEENSt9enable_ifIXaagtT0_Li0Esr4vllm12_typeConvertIT_EE6existsEvE4typeEPS4_lS7_PKS4_fiil--13,gpgpu_silicon_slowdown,3132911.0,3132911,gpgpu_silicon_slowdown\s*=\s*(.*)x
instance,llm_layer,layer,H100-SASS-Accelwattch_SASS_SIM,nvjet_sm90_tst_128x8_64x12_4x1_v_bz_TNT--5,gpgpu_silicon_slowdown,3289036.0,3289036,gpgpu_silicon_slowdown\s*=\s*(.*)x
instance,llm_layer,layer,H100-SASS-Accelwattch_SASS_SIM,_ZN4vllm18act_and_mul_kernelIN3c108BFloat16E14__nv_bfloat162XadL_ZNS_11silu_kernelIS2_EET_RKS5_fEEXadL_ZNS_18packed_silu_kernelIS3_EES5_S7_fEELb1ELb1ELb0ELb0EEEvPS5_PS6_ifff--6,gpgpu_silicon_slowdown,3267326.0,3267326,gpgpu_silicon_slowdown\s*=\s*(.*)x
instance,llm_layer,layer,H100-SASS-Accelwattch_SASS_SIM,nvjet_sm90_tst_64x8_64x16_4x1_v_bz_splitK_TNT--5,gpgpu_silicon_slowdown,3300000.0,3300000,gpgpu_silicon_slowdown\s*=\s*(.*)x
instance,llm_layer,layer,H100-SASS-Accelwattch_SASS_SIM,_ZN8cublasLt19splitKreduce_kernelILi32ELi16Eif13__nv_bfloat16fS1_Lb0EfS1_S1_Lb1ELb0ELb0ELb0EEEvNS_18cublasSplitKParamsIT4_EEPKT2_PKT8_PT7_PT3_PKS3_SG_PKT9_S7_PSH_PvlPS3_PiSM_SM_SG_SG_SG_SG_SG_--6,gpgpu_silicon_slowdown,3289036.0,3289036,gpgpu_silicon_slowdown\s*=\s*(.*)x
instance,llm_layer,layer,H100-SASS-Accelwattch_SASS_SIM,_ZN4vllm25fused_add_rms_norm_kernelIN3c108BFloat16ELi8ELb1EEENSt9enable_ifIXaagtT0_Li0Esr4vllm12_typeConvertIT_EE6existsEvE4typeEPS4_lS7_PKS4_fiil--14,gpgpu_silicon_slowdown,3267326.0,3267326,gpgpu_silicon_slowdown\s*=\s*(.*)x
instance,llm_layer,layer,H100-SASS-Accelwattch_SASS_SIM,nvjet_sm90_tst_64x8_64x16_4x1_v_bz_bias_TNT--6,gpgpu_silicon_slowdown,3256578.0,3256578,gpgpu_silicon_slowdown\s*=\s*(.*)x
instance,llm_layer,layer,H100-SASS-Accelwattch_SASS_SIM,_ZN4vllm23rotary_embedding_kernelIN3c108BFloat16ES2_Lb1EEEvPKlPT_S6_PKT0_illliiilb--7,gpgpu_silicon_slowdown,3235294.0,3235294,gpgpu_silicon_slowdown\s*=\s*(.*)x
instance,llm_layer,layer,H100-SASS-Accelwattch_SASS_SIM,_ZN4vllm30reshape_and_cache_flash_kernelI13__nv_bfloat16S1_LNS_18Fp8KVCacheDataTypeE0EEEvPKT_S5_PT0_S7_PKlllllliiiPKfSB_i--7,gpgpu_silicon_slowdown,3219512.0,3219512,gpgpu_silicon_slowdown\s*=\s*(.*)x
instance,llm_layer,layer,H100-SASS-Accelwattch_SASS_SIM,_ZN7cutlass13device_kernelIN5flash20enable_sm90_or_laterINS1_16FlashAttnFwdSm90INS1_25CollectiveMainloopFwdSm90ILi2EN4cute5tupleIJNS5_1CILi1EEES8_S8_EEENS6_IJNS7_ILi64EEENS7_ILi192EEESA_EEELi64ENS_10bfloat16_tEfNS_4arch4Sm90ELb0ELb0ELb0ELb1ELb1ELb0ELb0ELb1ELb1ELb1ELb0ELb0ESD_Li1EEENS1_21CollectiveEpilogueFwdINS6_IJSA_SA_SB_EEES9_SD_SF_Li128ELb1ELb1ELb0ELb0ELi1EEENS1_36VarlenDynamicPersistentTileSchedulerILi64ELi192ELi128ELi128ELb0ELb1ELb1ELb0ELb0ELb1EEEEEEEEEvNT_6ParamsE--6,gpgpu_silicon_slowdown,3198707.0,3198707,gpgpu_silicon_slowdown\s*=\s*(.*)x
instance,llm_layer,layer,H100-SASS-Accelwattch_SASS_SIM,_ZN2at6native29vectorized_elementwise_kernelILi4ENS0_11FillFunctorIiEESt5arrayIPcLm1EEEEviT0_T1_--7,gpgpu_silicon_slowdown,3188405.0,3188405,gpgpu_silicon_slowdown\s*=\s*(.*)x
instance,llm_layer,layer,H100-SASS-Accelwattch_SASS_SIM,nvjet_sm90_tst_64x8_64x16_4x1_v_bz_TNT--6,gpgpu_silicon_slowdown,3173076.0,3173076,gpgpu_silicon_slowdown\s*=\s*(.*)x
instance,llm_layer,layer,H100-SASS-Accelwattch_SASS_SIM,_ZN4vllm25fused_add_rms_norm_kernelIN3c108BFloat16ELi8ELb1EEENSt9enable_ifIXaagtT0_Li0Esr4vllm12_typeConvertIT_EE6existsEvE4typeEPS4_lS7_PKS4_fiil--15,gpgpu_silicon_slowdown,3157894.0,3157894,gpgpu_silicon_slowdown\s*=\s*(.*)x
instance,llm_layer,layer,H100-SASS-Accelwattch_SASS_SIM,nvjet_sm90_tst_128x8_64x12_4x1_v_bz_TNT--6,gpgpu_silicon_slowdown,3278145.0,3278145,gpgpu_silicon_slowdown\s*=\s*(.*)x
instance,llm_layer,layer,H100-SASS-Accelwattch_SASS_SIM,_ZN4vllm18act_and_mul_kernelIN3c108BFloat16E14__nv_bfloat162XadL_ZNS_11silu_kernelIS2_EET_RKS5_fEEXadL_ZNS_18packed_silu_kernelIS3_EES5_S7_fEELb1ELb1ELb0ELb0EEEvPS5_PS6_ifff--7,gpgpu_silicon_slowdown,3261943.0,3261943,gpgpu_silicon_slowdown\s*=\s*(.*)x
instance,llm_layer,layer,H100-SASS-Accelwattch_SASS_SIM,nvjet_sm90_tst_64x8_64x16_4x1_v_bz_splitK_TNT--6,gpgpu_silicon_slowdown,3289036.0,3289036,gpgpu_silicon_slowdown\s*=\s*(.*)x
instance,llm_layer,layer,H100-SASS-Accelwattch_SASS_SIM,_ZN8cublasLt19splitKreduce_kernelILi32ELi16Eif13__nv_bfloat16fS1_Lb0EfS1_S1_Lb1ELb0ELb0ELb0EEEvNS_18cublasSplitKParamsIT4_EEPKT2_PKT8_PT7_PT3_PKS3_SG_PKT9_S7_PSH_PvlPS3_PiSM_SM_SG_SG_SG_SG_SG_--7,gpgpu_silicon_slowdown,3272727.0,3272727,gpgpu_silicon_slowdown\s*=\s*(.*)x
instance,llm_layer,layer,H100-SASS-Accelwattch_SASS_SIM,_ZN4vllm25fused_add_rms_norm_kernelIN3c108BFloat16ELi8ELb1EEENSt9enable_ifIXaagtT0_Li0Esr4vllm12_typeConvertIT_EE6existsEvE4typeEPS4_lS7_PKS4_fiil--0,gpu_tot_ipc,111.9651,111.9651,gpu_tot_ipc\s*=\s*(.*)
instance,llm_layer,layer,H100-SASS-Accelwattch_SASS_SIM,nvjet_sm90_tst_64x8_64x16_4x2_h_bz_bias_TNT--0,gpu_tot_ipc,492.3072,492.3072,gpu_tot_ipc\s*=\s*(.*)
instance,llm_layer,layer,H100-SASS-Accelwattch_SASS_SIM,_ZN4vllm23rotary_embedding_kernelIN3c108BFloat16ES2_Lb1EEEvPKlPT_S6_PKT0_illliiilb--0,gpu_tot_ipc,369.2442,369.2442,gpu_tot_ipc\s*=\s*(.*)
instance,llm_layer,layer,H100-SASS-Accelwattch_SASS_SIM,_ZN4vllm30reshape_and_cache_flash_kernelI13__nv_bfloat16S1_LNS_18Fp8KVCacheDataTypeE0EEEvPKT_S5_PT0_S7_PKlllllliiiPKfSB_i--0,gpu_tot_ipc,298.5172,298.5172,gpu_tot_ipc\s*=\s*(.*)
instance,llm_layer,layer,H100-SASS-Accelwattch_SASS_SIM,_ZN7cutlass13device_kernelIN5flash20enable_sm90_or_laterINS1_16FlashAttnFwdSm90INS1_25CollectiveMainloopFwdSm90ILi2EN4cute5tupleIJNS5_1CILi1EEES8_S8_EEENS6_IJNS7_ILi192EEENS7_ILi128EEENS7_ILi64EEEEEELi64ENS_10bfloat16_tEfNS_4arch4Sm90ELb1ELb0ELb0ELb1ELb1ELb0ELb0ELb1ELb1ELb1ELb0ELb0ESE_Li1EEENS1_21CollectiveEpilogueFwdINS6_IJSA_SC_SB_EEES9_SE_SG_Li384ELb1ELb1ELb0ELb0ELi1EEENS1_36VarlenDynamicPersistentTileSchedulerILi192ELi128ELi384ELi128ELb0ELb1ELb1ELb1ELb0ELb1EEEEEEEEEvNT_6ParamsE--0,gpu_tot_ipc,323.3853,323.3853,gpu_tot_ipc\s*=\s*(.*)
instance,llm_layer,layer,H100-SASS-Accelwattch_SASS_SIM,_ZN2at6native29vectorized_elementwise_kernelILi4ENS0_11FillFunctorIiEESt5arrayIPcLm1EEEEviT0_T1_--0,gpu_tot_ipc,297.543,297.5430,gpu_tot_ipc\s*=\s*(.*)
instance,llm_layer,layer,H100-SASS-Accelwattch_SASS_SIM,nvjet_sm90_tst_64x8_64x16_4x2_h_bz_TNT--0,gpu_tot_ipc,347.3701,347.3701,gpu_tot_ipc\s*=\s*(.*)
instance,llm_layer,layer,H100-SASS-Accelwattch_SASS_SIM,_ZN4vllm25fused_add_rms_norm_kernelIN3c108BFloat16ELi8ELb1EEENSt9enable_ifIXaagtT0_Li0Esr4vllm12_typeConvertIT_EE6existsEvE4typeEPS4_lS7_PKS4_fiil--1,gpu_tot_ipc,323.0975,323.0975,gpu_tot_ipc\s*=\s*(.*)
instance,llm_layer,layer,H100-SASS-Accelwattch_SASS_SIM,nvjet_sm90_tst_128x16_64x11_4x1_v_bz_TNT--0,gpu_tot_ipc,441.267,441.2670,gpu_tot_ipc\s*=\s*(.*)
instance,llm_layer,layer,H100-SASS-Accelwattch_SASS_SIM,_ZN4vllm18act_and_mul_kernelIN3c108BFloat16E14__nv_bfloat162XadL_ZNS_11silu_kernelIS2_EET_RKS5_fEEXadL_ZNS_18packed_silu_kernelIS3_EES5_S7_fEELb1ELb1ELb0ELb0EEEvPS5_PS6_ifff--0,gpu_tot_ipc,428.4139,428.4139,gpu_tot_ipc\s*=\s*(.*)
instance,llm_layer,layer,H100-SASS-Accelwattch_SASS_SIM,nvjet_sm90_tst_64x16_64x16_4x1_v_bz_splitK_TNT--0,gpu_tot_ipc,491.0267,491.0267,gpu_tot_ipc\s*=\s*(.*)
instance,llm_layer,layer,H100-SASS-Accelwattch_SASS_SIM,_ZN8cublasLt19splitKreduce_kernelILi32ELi16Eif13__nv_bfloat16fS1_Lb0EfS1_S1_Lb1ELb0ELb0ELb0EEEvNS_18cublasSplitKParamsIT4_EEPKT2_PKT8_PT7_PT3_PKS3_SG_PKT9_S7_PSH_PvlPS3_PiSM_SM_SG_SG_SG_SG_SG_--0,gpu_tot_ipc,477.3561,477.3561,gpu_tot_ipc\s*=\s*(.*)
instance,llm_layer,layer,H100-SASS-Accelwattch_SASS_SIM,_ZN4vllm25fused_add_rms_norm_kernelIN3c108BFloat16ELi8ELb1EEENSt9enable_ifIXaagtT0_Li0Esr4vllm12_typeConvertIT_EE6existsEvE4typeEPS4_lS7_PKS4_fiil--2,gpu_tot_ipc,449.3678,449.3678,gpu_tot_ipc\s*=\s*(.*)
instance,llm_layer,layer,H100-SASS-Accelwattch_SASS_SIM,nvjet_sm90_tst_64x8_64x16_4x1_v_bz_bias_TNT--0,gpu_tot_ipc,445.8481,445.8481,gpu_tot_ipc\s*=\s*(.*)
instance,llm_layer,layer,H100-SASS-Accelwattch_SASS_SIM,_ZN4vllm23rotary_embedding_kernelIN3c108BFloat16ES2_Lb1EEEvPKlPT_S6_PKT0_illliiilb--1,gpu_tot_ipc,424.1015,424.1015,gpu_tot_ipc\s*=\s*(.*)
instance,llm_layer,layer,H100-SASS-Accelwattch_SASS_SIM,_ZN4vllm30reshape_and_cache_flash_kernelI13__nv_bfloat16S1_LNS_18Fp8KVCacheDataTypeE0EEEvPKT_S5_PT0_S7_PKlllllliiiPKfSB_i--1,gpu_tot_ipc,407.1892,407.1892,gpu_tot_ipc\s*=\s*(.*)
instance,llm_layer,layer,H100-SASS-Accelwattch_SASS_SIM,_ZN7cutlass13device_kernelIN5flash20enable_sm90_or_laterINS1_16FlashAttnFwdSm90INS1_25CollectiveMainloopFwdSm90ILi2EN4cute5tupleIJNS5_1CILi1EEES8_S8_EEENS6_IJNS7_ILi64EEENS7_ILi192EEESA_EEELi64ENS_10bfloat16_tEfNS_4arch4Sm90ELb0ELb0ELb0ELb1ELb1ELb0ELb0ELb1ELb1ELb1ELb0ELb0ESD_Li1EEENS1_21CollectiveEpilogueFwdINS6_IJSA_SA_SB_EEES9_SD_SF_Li128ELb1ELb1ELb0ELb0ELi1EEENS1_36VarlenDynamicPersistentTileSchedulerILi64ELi192ELi128ELi128ELb0ELb1ELb1ELb0ELb0ELb1EEEEEEEEEvNT_6ParamsE--0,gpu_tot_ipc,396.0151,396.0151,gpu_tot_ipc\s*=\s*(.*)
instance,llm_layer,layer,H100-SASS-Accelwattch_SASS_SIM,_ZN2at6native29vectorized_elementwise_kernelILi4ENS0_11FillFunctorIiEESt5arrayIPcLm1EEEEviT0_T1_--1,gpu_tot_ipc,385.5201,385.5201,gpu_tot_ipc\s*=\s*(.*)
instance,llm_layer,layer,H100-SASS-Accelwattch_SASS_SIM,nvjet_sm90_tst_64x8_64x16_4x1_v_bz_TNT--0,gpu_tot_ipc,382.2226,382.2226,gpu_tot_ipc\s*=\s*(.*)
instance,llm_layer,layer,H100-SASS-Accelwattch_SASS_SIM,_ZN4vllm25fused_add_rms_norm_kernelIN3c108BFloat16ELi8ELb1EEENSt9enable_ifIXaagtT0_Li0Esr4vllm12_typeConvertIT_EE6existsEvE4typeEPS4_lS7_PKS4_fiil--3,gpu_tot_ipc,367.9631,367.9631,gpu_tot_ipc\s*=\s*(.*)
instance,llm_layer,layer,H100-SASS-Accelwattch_SASS_SIM,nvjet_sm90_tst_128x8_64x12_4x1_v_bz_TNT--0,gpu_tot_ipc,422.8546,422.8546,gpu_tot_ipc\s*=\s*(.*)
instance,llm_layer,layer,H100-SASS-Accelwattch_SASS_SIM,_ZN4vllm18act_and_mul_kernelIN3c108BFloat16E14__nv_bfloat162XadL_ZNS_11silu_kernelIS2_EET_RKS5_fEEXadL_ZNS_18packed_silu_kernelIS3_EES5_S7_fEELb1ELb1ELb0ELb0EEEvPS5_PS6_ifff--1,gpu_tot_ipc,408.2818,408.2818,gpu_tot_ipc\s*=\s*(.*)
instance,llm_layer,layer,H100-SASS-Accelwattch_SASS_SIM,nvjet_sm90_tst_64x8_64x16_4x1_v_bz_splitK_TNT--0,gpu_tot_ipc,445.1447,445.1447,gpu_tot_ipc\s*=\s*(.*)
instance,llm_layer,layer,H100-SASS-Accelwattch_SASS_SIM,_ZN8cublasLt19splitKreduce_kernelILi32ELi16Eif13__nv_bfloat16fS1_Lb0EfS1_S1_Lb1ELb0ELb0ELb0EEEvNS_18cublasSplitKParamsIT4_EEPKT2_PKT8_PT7_PT3_PKS3_SG_PKT9_S7_PSH_PvlPS3_PiSM_SM_SG_SG_SG_SG_SG_--1,gpu_tot_ipc,437.1646,437.1646,gpu_tot_ipc\s*=\s*(.*)
instance,llm_layer,layer,H100-SASS-Accelwattch_SASS_SIM,_ZN4vllm25fused_add_rms_norm_kernelIN3c108BFloat16ELi8ELb1EEENSt9enable_ifIXaagtT0_Li0Esr4vllm12_typeConvertIT_EE6existsEvE4typeEPS4_lS7_PKS4_fiil--4,gpu_tot_ipc,423.335,423.3350,gpu_tot_ipc\s*=\s*(.*)
instance,llm_layer,layer,H100-SASS-Accelwattch_SASS_SIM,nvjet_sm90_tst_64x8_64x16_4x1_v_bz_bias_TNT--1,gpu_tot_ipc,422.5454,422.5454,gpu_tot_ipc\s*=\s*(.*)
instance,llm_layer,layer,H100-SASS-Accelwattch_SASS_SIM,_ZN4vllm23rotary_embedding_kernelIN3c108BFloat16ES2_Lb1EEEvPKlPT_S6_PKT0_illliiilb--2,gpu_tot_ipc,410.753,410.7530,gpu_tot_ipc\s*=\s*(.*)
instance,llm_layer,layer,H100-SASS-Accelwattch_SASS_SIM,_ZN4vllm30reshape_and_cache_flash_kernelI13__nv_bfloat16S1_LNS_18Fp8KVCacheDataTypeE0EEEvPKT_S5_PT0_S7_PKlllllliiiPKfSB_i--2,gpu_tot_ipc,401.2162,401.2162,gpu_tot_ipc\s*=\s*(.*)
instance,llm_layer,layer,H100-SASS-Accelwattch_SASS_SIM,_ZN7cutlass13device_kernelIN5flash20enable_sm90_or_laterINS1_16FlashAttnFwdSm90INS1_25CollectiveMainloopFwdSm90ILi2EN4cute5tupleIJNS5_1CILi1EEES8_S8_EEENS6_IJNS7_ILi64EEENS7_ILi192EEESA_EEELi64ENS_10bfloat16_tEfNS_4arch4Sm90ELb0ELb0ELb0ELb1ELb1ELb0ELb0ELb1ELb1ELb1ELb0ELb0ESD_Li1EEENS1_21CollectiveEpilogueFwdINS6_IJSA_SA_SB_EEES9_SD_SF_Li128ELb1ELb1ELb0ELb0ELi1EEENS1_36VarlenDynamicPersistentTileSchedulerILi64ELi192ELi128ELi128ELb0ELb1ELb1ELb0ELb0ELb1EEEEEEEEEvNT_6ParamsE--1,gpu_tot_ipc,395.41,395.4100,gpu_tot_ipc\s*=\s*(.*)
instance,llm_layer,layer,H100-SASS-Accelwattch_SASS_SIM,_ZN2at6native29vectorized_elementwise_kernelILi4ENS0_11FillFunctorIiEESt5arrayIPcLm1EEEEviT0_T1_--2,gpu_tot_ipc,389.0019,389.0019,gpu_tot_ipc\s*=\s*(.*)
instance,llm_layer,layer,H100-SASS-Accelwattch_SASS_SIM,nvjet_sm90_tst_64x8_64x16_4x1_v_bz_TNT--1,gpu_tot_ipc,387.0667,387.0667,gpu_tot_ipc\s*=\s*(.*)
instance,llm_layer,layer,H100-SASS-Accelwattch_SASS_SIM,_ZN4vllm25fused_add_rms_norm_kernelIN3c108BFloat16ELi8ELb1EEENSt9enable_ifIXaagtT0_Li0Esr4vllm12_typeConvertIT_EE6existsEvE4typeEPS4_lS7_PKS4_fiil--5,gpu_tot_ipc,377.9691,377.9691,gpu_tot_ipc\s*=\s*(.*)
instance,llm_layer,layer,H100-SASS-Accelwattch_SASS_SIM,nvjet_sm90_tst_128x8_64x12_4x1_v_bz_TNT--1,gpu_tot_ipc,413.8068,413.8068,gpu_tot_ipc\s*=\s*(.*)
instance,llm_layer,layer,H100-SASS-Accelwattch_SASS_SIM,_ZN4vllm18act_and_mul_kernelIN3c108BFloat16E14__nv_bfloat162XadL_ZNS_11silu_kernelIS2_EET_RKS5_fEEXadL_ZNS_18packed_silu_kernelIS3_EES5_S7_fEELb1ELb1ELb0ELb0EEEvPS5_PS6_ifff--2,gpu_tot_ipc,404.3231,404.3231,gpu_tot_ipc\s*=\s*(.*)
instance,llm_layer,layer,H100-SASS-Accelwattch_SASS_SIM,nvjet_sm90_tst_64x8_64x16_4x1_v_bz_splitK_TNT--1,gpu_tot_ipc,429.2824,429.2824,gpu_tot_ipc\s*=\s*(.*)
instance,llm_layer,layer,H100-SASS-Accelwattch_SASS_SIM,_ZN8cublasLt19splitKreduce_kernelILi32ELi16Eif13__nv_bfloat16fS1_Lb0EfS1_S1_Lb1ELb0ELb0ELb0EEEvNS_18cublasSplitKParamsIT4_EEPKT2_PKT8_PT7_PT3_PKS3_SG_PKT9_S7_PSH_PvlPS3_PiSM_SM_SG_SG_SG_SG_SG_--2,gpu_tot_ipc,424.1175,424.1175,gpu_tot_ipc\s*=\s*(.*)
instance,llm_layer,layer,H100-SASS-Accelwattch_SASS_SIM,_ZN4vllm25fused_add_rms_norm_kernelIN3c108BFloat16ELi8ELb1EEENSt9enable_ifIXaagtT0_Li0Esr4vllm12_typeConvertIT_EE6existsEvE4typeEPS4_lS7_PKS4_fiil--6,gpu_tot_ipc,415.2688,415.2688,gpu_tot_ipc\s*=\s*(.*)
instance,llm_layer,layer,H100-SASS-Accelwattch_SASS_SIM,nvjet_sm90_tst_64x8_64x16_4x1_v_bz_bias_TNT--2,gpu_tot_ipc,414.8192,414.8192,gpu_tot_ipc\s*=\s*(.*)
instance,llm_layer,layer,H100-SASS-Accelwattch_SASS_SIM,_ZN4vllm23rotary_embedding_kernelIN3c108BFloat16ES2_Lb1EEEvPKlPT_S6_PKT0_illliiilb--3,gpu_tot_ipc,406.6926,406.6926,gpu_tot_ipc\s*=\s*(.*)
instance,llm_layer,layer,H100-SASS-Accelwattch_SASS_SIM,_ZN4vllm30reshape_and_cache_flash_kernelI13__nv_bfloat16S1_LNS_18Fp8KVCacheDataTypeE0EEEvPKT_S5_PT0_S7_PKlllllliiiPKfSB_i--3,gpu_tot_ipc,399.725,399.7250,gpu_tot_ipc\s*=\s*(.*)
instance,llm_layer,layer,H100-SASS-Accelwattch_SASS_SIM,_ZN7cutlass13device_kernelIN5flash20enable_sm90_or_laterINS1_16FlashAttnFwdSm90INS1_25CollectiveMainloopFwdSm90ILi2EN4cute5tupleIJNS5_1CILi1EEES8_S8_EEENS6_IJNS7_ILi64EEENS7_ILi192EEESA_EEELi64ENS_10bfloat16_tEfNS_4arch4Sm90ELb0ELb0ELb0ELb1ELb1ELb0ELb0ELb1ELb1ELb1ELb0ELb0ESD_Li1EEENS1_21CollectiveEpilogueFwdINS6_IJSA_SA_SB_EEES9_SD_SF_Li128ELb1ELb1ELb0ELb0ELi1EEENS1_36VarlenDynamicPersistentTileSchedulerILi64ELi192ELi128ELi128ELb0ELb1ELb1ELb0ELb0ELb1EEEEEEEEEvNT_6ParamsE--2,gpu_tot_ipc,395.3464,395.3464,gpu_tot_ipc\s*=\s*(.*)
instance,llm_layer,layer,H100-SASS-Accelwattch_SASS_SIM,_ZN2at6native29vectorized_elementwise_kernelILi4ENS0_11FillFunctorIiEESt5arrayIPcLm1EEEEviT0_T1_--3,gpu_tot_ipc,390.7304,390.7304,gpu_tot_ipc\s*=\s*(.*)
instance,llm_layer,layer,H100-SASS-Accelwattch_SASS_SIM,nvjet_sm90_tst_64x8_64x16_4x1_v_bz_TNT--2,gpu_tot_ipc,389.3378,389.3378,gpu_tot_ipc\s*=\s*(.*)
instance,llm_layer,layer,H100-SASS-Accelwattch_SASS_SIM,_ZN4vllm25fused_add_rms_norm_kernelIN3c108BFloat16ELi8ELb1EEENSt9enable_ifIXaagtT0_Li0Esr4vllm12_typeConvertIT_EE6existsEvE4typeEPS4_lS7_PKS4_fiil--7,gpu_tot_ipc,382.547,382.5470,gpu_tot_ipc\s*=\s*(.*)
instance,llm_layer,layer,H100-SASS-Accelwattch_SASS_SIM,nvjet_sm90_tst_128x8_64x12_4x1_v_bz_TNT--2,gpu_tot_ipc,409.7661,409.7661,gpu_tot_ipc\s*=\s*(.*)
instance,llm_layer,layer,H100-SASS-Accelwattch_SASS_SIM,_ZN4vllm18act_and_mul_kernelIN3c108BFloat16E14__nv_bfloat162XadL_ZNS_11silu_kernelIS2_EET_RKS5_fEEXadL_ZNS_18packed_silu_kernelIS3_EES5_S7_fEELb1ELb1ELb0ELb0EEEvPS5_PS6_ifff--3,gpu_tot_ipc,402.6081,402.6081,gpu_tot_ipc\s*=\s*(.*)
instance,llm_layer,layer,H100-SASS-Accelwattch_SASS_SIM,nvjet_sm90_tst_64x8_64x16_4x1_v_bz_splitK_TNT--2,gpu_tot_ipc,422.0706,422.0706,gpu_tot_ipc\s*=\s*(.*)
instance,llm_layer,layer,H100-SASS-Accelwattch_SASS_SIM,_ZN8cublasLt19splitKreduce_kernelILi32ELi16Eif13__nv_bfloat16fS1_Lb0EfS1_S1_Lb1ELb0ELb0ELb0EEEvNS_18cublasSplitKParamsIT4_EEPKT2_PKT8_PT7_PT3_PKS3_SG_PKT9_S7_PSH_PvlPS3_PiSM_SM_SG_SG_SG_SG_SG_--3,gpu_tot_ipc,418.2392,418.2392,gpu_tot_ipc\s*=\s*(.*)
instance,llm_layer,layer,H100-SASS-Accelwattch_SASS_SIM,_ZN4vllm25fused_add_rms_norm_kernelIN3c108BFloat16ELi8ELb1EEENSt9enable_ifIXaagtT0_Li0Esr4vllm12_typeConvertIT_EE6existsEvE4typeEPS4_lS7_PKS4_fiil--8,gpu_tot_ipc,411.7215,411.7215,gpu_tot_ipc\s*=\s*(.*)
instance,llm_layer,layer,H100-SASS-Accelwattch_SASS_SIM,nvjet_sm90_tst_64x8_64x16_4x1_v_bz_bias_TNT--3,gpu_tot_ipc,411.4934,411.4934,gpu_tot_ipc\s*=\s*(.*)
instance,llm_layer,layer,H100-SASS-Accelwattch_SASS_SIM,_ZN4vllm23rotary_embedding_kernelIN3c108BFloat16ES2_Lb1EEEvPKlPT_S6_PKT0_illliiilb--4,gpu_tot_ipc,405.035,405.0350,gpu_tot_ipc\s*=\s*(.*)
instance,llm_layer,layer,H100-SASS-Accelwattch_SASS_SIM,_ZN4vllm30reshape_and_cache_flash_kernelI13__nv_bfloat16S1_LNS_18Fp8KVCacheDataTypeE0EEEvPKT_S5_PT0_S7_PKlllllliiiPKfSB_i--4,gpu_tot_ipc,399.6477,399.6477,gpu_tot_ipc\s*=\s*(.*)
instance,llm_layer,layer,H100-SASS-Accelwattch_SASS_SIM,_ZN7cutlass13device_kernelIN5flash20enable_sm90_or_laterINS1_16FlashAttnFwdSm90INS1_25CollectiveMainloopFwdSm90ILi2EN4cute5tupleIJNS5_1CILi1EEES8_S8_EEENS6_IJNS7_ILi64EEENS7_ILi192EEESA_EEELi64ENS_10bfloat16_tEfNS_4arch4Sm90ELb0ELb0ELb0ELb1ELb1ELb0ELb0ELb1ELb1ELb1ELb0ELb0ESD_Li1EEENS1_21CollectiveEpilogueFwdINS6_IJSA_SA_SB_EEES9_SD_SF_Li128ELb1ELb1ELb0ELb0ELi1EEENS1_36VarlenDynamicPersistentTileSchedulerILi64ELi192ELi128ELi128ELb0ELb1ELb1ELb0ELb0ELb1EEEEEEEEEvNT_6ParamsE--3,gpu_tot_ipc,396.2865,396.2865,gpu_tot_ipc\s*=\s*(.*)
instance,llm_layer,layer,H100-SASS-Accelwattch_SASS_SIM,_ZN2at6native29vectorized_elementwise_kernelILi4ENS0_11FillFunctorIiEESt5arrayIPcLm1EEEEviT0_T1_--4,gpu_tot_ipc,392.6608,392.6608,gpu_tot_ipc\s*=\s*(.*)
instance,llm_layer,layer,H100-SASS-Accelwattch_SASS_SIM,nvjet_sm90_tst_64x8_64x16_4x1_v_bz_TNT--3,gpu_tot_ipc,391.3731,391.3731,gpu_tot_ipc\s*=\s*(.*)
instance,llm_layer,layer,H100-SASS-Accelwattch_SASS_SIM,_ZN4vllm25fused_add_rms_norm_kernelIN3c108BFloat16ELi8ELb1EEENSt9enable_ifIXaagtT0_Li0Esr4vllm12_typeConvertIT_EE6existsEvE4typeEPS4_lS7_PKS4_fiil--9,gpu_tot_ipc,386.023,386.0230,gpu_tot_ipc\s*=\s*(.*)
instance,llm_layer,layer,H100-SASS-Accelwattch_SASS_SIM,nvjet_sm90_tst_128x8_64x12_4x1_v_bz_TNT--3,gpu_tot_ipc,407.6466,407.6466,gpu_tot_ipc\s*=\s*(.*)
instance,llm_layer,layer,H100-SASS-Accelwattch_SASS_SIM,_ZN4vllm18act_and_mul_kernelIN3c108BFloat16E14__nv_bfloat162XadL_ZNS_11silu_kernelIS2_EET_RKS5_fEEXadL_ZNS_18packed_silu_kernelIS3_EES5_S7_fEELb1ELb1ELb0ELb0EEEvPS5_PS6_ifff--4,gpu_tot_ipc,402.0939,402.0939,gpu_tot_ipc\s*=\s*(.*)
instance,llm_layer,layer,H100-SASS-Accelwattch_SASS_SIM,nvjet_sm90_tst_64x8_64x16_4x1_v_bz_splitK_TNT--3,gpu_tot_ipc,417.4246,417.4246,gpu_tot_ipc\s*=\s*(.*)
instance,llm_layer,layer,H100-SASS-Accelwattch_SASS_SIM,_ZN8cublasLt19splitKreduce_kernelILi32ELi16Eif13__nv_bfloat16fS1_Lb0EfS1_S1_Lb1ELb0ELb0ELb0EEEvNS_18cublasSplitKParamsIT4_EEPKT2_PKT8_PT7_PT3_PKS3_SG_PKT9_S7_PSH_PvlPS3_PiSM_SM_SG_SG_SG_SG_SG_--4,gpu_tot_ipc,414.1823,414.1823,gpu_tot_ipc\s*=\s*(.*)
instance,llm_layer,layer,H100-SASS-Accelwattch_SASS_SIM,_ZN4vllm25fused_add_rms_norm_kernelIN3c108BFloat16ELi8ELb1EEENSt9enable_ifIXaagtT0_Li0Esr4vllm12_typeConvertIT_EE6existsEvE4typeEPS4_lS7_PKS4_fiil--10,gpu_tot_ipc,408.9762,408.9762,gpu_tot_ipc\s*=\s*(.*)
instance,llm_layer,layer,H100-SASS-Accelwattch_SASS_SIM,nvjet_sm90_tst_64x8_64x16_4x1_v_bz_bias_TNT--4,gpu_tot_ipc,408.8788,408.8788,gpu_tot_ipc\s*=\s*(.*)
instance,llm_layer,layer,H100-SASS-Accelwattch_SASS_SIM,_ZN4vllm23rotary_embedding_kernelIN3c108BFloat16ES2_Lb1EEEvPKlPT_S6_PKT0_illliiilb--5,gpu_tot_ipc,403.8532,403.8532,gpu_tot_ipc\s*=\s*(.*)
instance,llm_layer,layer,H100-SASS-Accelwattch_SASS_SIM,_ZN4vllm30reshape_and_cache_flash_kernelI13__nv_bfloat16S1_LNS_18Fp8KVCacheDataTypeE0EEEvPKT_S5_PT0_S7_PKlllllliiiPKfSB_i--5,gpu_tot_ipc,399.658,399.6580,gpu_tot_ipc\s*=\s*(.*)
instance,llm_layer,layer,H100-SASS-Accelwattch_SASS_SIM,_ZN7cutlass13device_kernelIN5flash20enable_sm90_or_laterINS1_16FlashAttnFwdSm90INS1_25CollectiveMainloopFwdSm90ILi2EN4cute5tupleIJNS5_1CILi1EEES8_S8_EEENS6_IJNS7_ILi64EEENS7_ILi192EEESA_EEELi64ENS_10bfloat16_tEfNS_4arch4Sm90ELb0ELb0ELb0ELb1ELb1ELb0ELb0ELb1ELb1ELb1ELb0ELb0ESD_Li1EEENS1_21CollectiveEpilogueFwdINS6_IJSA_SA_SB_EEES9_SD_SF_Li128ELb1ELb1ELb0ELb0ELi1EEENS1_36VarlenDynamicPersistentTileSchedulerILi64ELi192ELi128ELi128ELb0ELb1ELb1ELb0ELb0ELb1EEEEEEEEEvNT_6ParamsE--4,gpu_tot_ipc,397.1165,397.1165,gpu_tot_ipc\s*=\s*(.*)
instance,llm_layer,layer,H100-SASS-Accelwattch_SASS_SIM,_ZN2at6native29vectorized_elementwise_kernelILi4ENS0_11FillFunctorIiEESt5arrayIPcLm1EEEEviT0_T1_--5,gpu_tot_ipc,394.128,394.1280,gpu_tot_ipc\s*=\s*(.*)
instance,llm_layer,layer,H100-SASS-Accelwattch_SASS_SIM,nvjet_sm90_tst_64x8_64x16_4x1_v_bz_TNT--4,gpu_tot_ipc,393.2906,393.2906,gpu_tot_ipc\s*=\s*(.*)
instance,llm_layer,layer,H100-SASS-Accelwattch_SASS_SIM,_ZN4vllm25fused_add_rms_norm_kernelIN3c108BFloat16ELi8ELb1EEENSt9enable_ifIXaagtT0_Li0Esr4vllm12_typeConvertIT_EE6existsEvE4typeEPS4_lS7_PKS4_fiil--11,gpu_tot_ipc,388.8616,388.8616,gpu_tot_ipc\s*=\s*(.*)
instance,llm_layer,layer,H100-SASS-Accelwattch_SASS_SIM,nvjet_sm90_tst_128x8_64x12_4x1_v_bz_TNT--4,gpu_tot_ipc,406.283,406.2830,gpu_tot_ipc\s*=\s*(.*)
instance,llm_layer,layer,H100-SASS-Accelwattch_SASS_SIM,_ZN4vllm18act_and_mul_kernelIN3c108BFloat16E14__nv_bfloat162XadL_ZNS_11silu_kernelIS2_EET_RKS5_fEEXadL_ZNS_18packed_silu_kernelIS3_EES5_S7_fEELb1ELb1ELb0ELb0EEEvPS5_PS6_ifff--5,gpu_tot_ipc,401.5743,401.5743,gpu_tot_ipc\s*=\s*(.*)
instance,llm_layer,layer,H100-SASS-Accelwattch_SASS_SIM,nvjet_sm90_tst_64x8_64x16_4x1_v_bz_splitK_TNT--4,gpu_tot_ipc,414.285,414.2850,gpu_tot_ipc\s*=\s*(.*)
instance,llm_layer,layer,H100-SASS-Accelwattch_SASS_SIM,_ZN8cublasLt19splitKreduce_kernelILi32ELi16Eif13__nv_bfloat16fS1_Lb0EfS1_S1_Lb1ELb0ELb0ELb0EEEvNS_18cublasSplitKParamsIT4_EEPKT2_PKT8_PT7_PT3_PKS3_SG_PKT9_S7_PSH_PvlPS3_PiSM_SM_SG_SG_SG_SG_SG_--5,gpu_tot_ipc,411.7675,411.7675,gpu_tot_ipc\s*=\s*(.*)
instance,llm_layer,layer,H100-SASS-Accelwattch_SASS_SIM,_ZN4vllm25fused_add_rms_norm_kernelIN3c108BFloat16ELi8ELb1EEENSt9enable_ifIXaagtT0_Li0Esr4vllm12_typeConvertIT_EE6existsEvE4typeEPS4_lS7_PKS4_fiil--12,gpu_tot_ipc,407.2758,407.2758,gpu_tot_ipc\s*=\s*(.*)
instance,llm_layer,layer,H100-SASS-Accelwattch_SASS_SIM,nvjet_sm90_tst_64x8_64x16_4x1_v_bz_bias_TNT--5,gpu_tot_ipc,407.1505,407.1505,gpu_tot_ipc\s*=\s*(.*)
instance,llm_layer,layer,H100-SASS-Accelwattch_SASS_SIM,_ZN4vllm23rotary_embedding_kernelIN3c108BFloat16ES2_Lb1EEEvPKlPT_S6_PKT0_illliiilb--6,gpu_tot_ipc,402.9272,402.9272,gpu_tot_ipc\s*=\s*(.*)
instance,llm_layer,layer,H100-SASS-Accelwattch_SASS_SIM,_ZN4vllm30reshape_and_cache_flash_kernelI13__nv_bfloat16S1_LNS_18Fp8KVCacheDataTypeE0EEEvPKT_S5_PT0_S7_PKlllllliiiPKfSB_i--6,gpu_tot_ipc,399.2392,399.2392,gpu_tot_ipc\s*=\s*(.*)
instance,llm_layer,layer,H100-SASS-Accelwattch_SASS_SIM,_ZN7cutlass13device_kernelIN5flash20enable_sm90_or_laterINS1_16FlashAttnFwdSm90INS1_25CollectiveMainloopFwdSm90ILi2EN4cute5tupleIJNS5_1CILi1EEES8_S8_EEENS6_IJNS7_ILi64EEENS7_ILi192EEESA_EEELi64ENS_10bfloat16_tEfNS_4arch4Sm90ELb0ELb0ELb0ELb1ELb1ELb0ELb0ELb1ELb1ELb1ELb0ELb0ESD_Li1EEENS1_21CollectiveEpilogueFwdINS6_IJSA_SA_SB_EEES9_SD_SF_Li128ELb1ELb1ELb0ELb0ELi1EEENS1_36VarlenDynamicPersistentTileSchedulerILi64ELi192ELi128ELi128ELb0ELb1ELb1ELb0ELb0ELb1EEEEEEEEEvNT_6ParamsE--5,gpu_tot_ipc,396.7774,396.7774,gpu_tot_ipc\s*=\s*(.*)
instance,llm_layer,layer,H100-SASS-Accelwattch_SASS_SIM,_ZN2at6native29vectorized_elementwise_kernelILi4ENS0_11FillFunctorIiEESt5arrayIPcLm1EEEEviT0_T1_--6,gpu_tot_ipc,394.2474,394.2474,gpu_tot_ipc\s*=\s*(.*)
instance,llm_layer,layer,H100-SASS-Accelwattch_SASS_SIM,nvjet_sm90_tst_64x8_64x16_4x1_v_bz_TNT--5,gpu_tot_ipc,393.4415,393.4415,gpu_tot_ipc\s*=\s*(.*)
instance,llm_layer,layer,H100-SASS-Accelwattch_SASS_SIM,_ZN4vllm25fused_add_rms_norm_kernelIN3c108BFloat16ELi8ELb1EEENSt9enable_ifIXaagtT0_Li0Esr4vllm12_typeConvertIT_EE6existsEvE4typeEPS4_lS7_PKS4_fiil--13,gpu_tot_ipc,389.6239,389.6239,gpu_tot_ipc\s*=\s*(.*)
instance,llm_layer,layer,H100-SASS-Accelwattch_SASS_SIM,nvjet_sm90_tst_128x8_64x12_4x1_v_bz_TNT--5,gpu_tot_ipc,404.7858,404.7858,gpu_tot_ipc\s*=\s*(.*)
instance,llm_layer,layer,H100-SASS-Accelwattch_SASS_SIM,_ZN4vllm18act_and_mul_kernelIN3c108BFloat16E14__nv_bfloat162XadL_ZNS_11silu_kernelIS2_EET_RKS5_fEEXadL_ZNS_18packed_silu_kernelIS3_EES5_S7_fEELb1ELb1ELb0ELb0EEEvPS5_PS6_ifff--6,gpu_tot_ipc,400.7509,400.7509,gpu_tot_ipc\s*=\s*(.*)
instance,llm_layer,layer,H100-SASS-Accelwattch_SASS_SIM,nvjet_sm90_tst_64x8_64x16_4x1_v_bz_splitK_TNT--5,gpu_tot_ipc,412.1329,412.1329,gpu_tot_ipc\s*=\s*(.*)
instance,llm_layer,layer,H100-SASS-Accelwattch_SASS_SIM,_ZN8cublasLt19splitKreduce_kernelILi32ELi16Eif13__nv_bfloat16fS1_Lb0EfS1_S1_Lb1ELb0ELb0ELb0EEEvNS_18cublasSplitKParamsIT4_EEPKT2_PKT8_PT7_PT3_PKS3_SG_PKT9_S7_PSH_PvlPS3_PiSM_SM_SG_SG_SG_SG_SG_--6,gpu_tot_ipc,409.9833,409.9833,gpu_tot_ipc\s*=\s*(.*)
instance,llm_layer,layer,H100-SASS-Accelwattch_SASS_SIM,_ZN4vllm25fused_add_rms_norm_kernelIN3c108BFloat16ELi8ELb1EEENSt9enable_ifIXaagtT0_Li0Esr4vllm12_typeConvertIT_EE6existsEvE4typeEPS4_lS7_PKS4_fiil--14,gpu_tot_ipc,406.2514,406.2514,gpu_tot_ipc\s*=\s*(.*)
instance,llm_layer,layer,H100-SASS-Accelwattch_SASS_SIM,nvjet_sm90_tst_64x8_64x16_4x1_v_bz_bias_TNT--6,gpu_tot_ipc,406.1524,406.1524,gpu_tot_ipc\s*=\s*(.*)
instance,llm_layer,layer,H100-SASS-Accelwattch_SASS_SIM,_ZN4vllm23rotary_embedding_kernelIN3c108BFloat16ES2_Lb1EEEvPKlPT_S6_PKT0_illliiilb--7,gpu_tot_ipc,402.3697,402.3697,gpu_tot_ipc\s*=\s*(.*)
instance,llm_layer,layer,H100-SASS-Accelwattch_SASS_SIM,_ZN4vllm30reshape_and_cache_flash_kernelI13__nv_bfloat16S1_LNS_18Fp8KVCacheDataTypeE0EEEvPKT_S5_PT0_S7_PKlllllliiiPKfSB_i--7,gpu_tot_ipc,399.179,399.1790,gpu_tot_ipc\s*=\s*(.*)
instance,llm_layer,layer,H100-SASS-Accelwattch_SASS_SIM,_ZN7cutlass13device_kernelIN5flash20enable_sm90_or_laterINS1_16FlashAttnFwdSm90INS1_25CollectiveMainloopFwdSm90ILi2EN4cute5tupleIJNS5_1CILi1EEES8_S8_EEENS6_IJNS7_ILi64EEENS7_ILi192EEESA_EEELi64ENS_10bfloat16_tEfNS_4arch4Sm90ELb0ELb0ELb0ELb1ELb1ELb0ELb0ELb1ELb1ELb1ELb0ELb0ESD_Li1EEENS1_21CollectiveEpilogueFwdINS6_IJSA_SA_SB_EEES9_SD_SF_Li128ELb1ELb1ELb0ELb0ELi1EEENS1_36VarlenDynamicPersistentTileSchedulerILi64ELi192ELi128ELi128ELb0ELb1ELb1ELb0ELb0ELb1EEEEEEEEEvNT_6ParamsE--6,gpu_tot_ipc,397.1675,397.1675,gpu_tot_ipc\s*=\s*(.*)
instance,llm_layer,layer,H100-SASS-Accelwattch_SASS_SIM,_ZN2at6native29vectorized_elementwise_kernelILi4ENS0_11FillFunctorIiEESt5arrayIPcLm1EEEEviT0_T1_--7,gpu_tot_ipc,394.967,394.9670,gpu_tot_ipc\s*=\s*(.*)
instance,llm_layer,layer,H100-SASS-Accelwattch_SASS_SIM,nvjet_sm90_tst_64x8_64x16_4x1_v_bz_TNT--6,gpu_tot_ipc,394.1672,394.1672,gpu_tot_ipc\s*=\s*(.*)
instance,llm_layer,layer,H100-SASS-Accelwattch_SASS_SIM,_ZN4vllm25fused_add_rms_norm_kernelIN3c108BFloat16ELi8ELb1EEENSt9enable_ifIXaagtT0_Li0Esr4vllm12_typeConvertIT_EE6existsEvE4typeEPS4_lS7_PKS4_fiil--15,gpu_tot_ipc,390.8615,390.8615,gpu_tot_ipc\s*=\s*(.*)
instance,llm_layer,layer,H100-SASS-Accelwattch_SASS_SIM,nvjet_sm90_tst_128x8_64x12_4x1_v_bz_TNT--6,gpu_tot_ipc,404.2271,404.2271,gpu_tot_ipc\s*=\s*(.*)
instance,llm_layer,layer,H100-SASS-Accelwattch_SASS_SIM,_ZN4vllm18act_and_mul_kernelIN3c108BFloat16E14__nv_bfloat162XadL_ZNS_11silu_kernelIS2_EET_RKS5_fEEXadL_ZNS_18packed_silu_kernelIS3_EES5_S7_fEELb1ELb1ELb0ELb0EEEvPS5_PS6_ifff--7,gpu_tot_ipc,400.7929,400.7929,gpu_tot_ipc\s*=\s*(.*)
instance,llm_layer,layer,H100-SASS-Accelwattch_SASS_SIM,nvjet_sm90_tst_64x8_64x16_4x1_v_bz_splitK_TNT--6,gpu_tot_ipc,410.4668,410.4668,gpu_tot_ipc\s*=\s*(.*)
instance,llm_layer,layer,H100-SASS-Accelwattch_SASS_SIM,_ZN8cublasLt19splitKreduce_kernelILi32ELi16Eif13__nv_bfloat16fS1_Lb0EfS1_S1_Lb1ELb0ELb0ELb0EEEvNS_18cublasSplitKParamsIT4_EEPKT2_PKT8_PT7_PT3_PKS3_SG_PKT9_S7_PSH_PvlPS3_PiSM_SM_SG_SG_SG_SG_SG_--7,gpu_tot_ipc,408.4652,408.4652,gpu_tot_ipc\s*=\s*(.*)
