source,app,args,config,kernel,stat,value,raw,stat_regex
app,llm_layer,layer,H100-SASS-Accelwattch_SASS_SIM,all_kernels,Accel-Sim-build,,accelsim-commit-6465301_modified_0.0_26-09-16-21-52-33,Accel-Sim-build
app,llm_layer,layer,H100-SASS-Accelwattch_SASS_SIM,all_kernels,GPGPU-Sim-build,,gpgpu-sim_git-commit-e10018b6_modified_0.0.,GPGPU-Sim-build
app,llm_layer,layer,H100-SASS-Accelwattch_SASS_SIM,final_kernel,gpu_tot_sim_insn,32639798.0,32639798,gpu_tot_sim_insn\s*=\s*(.*)
app,llm_layer,layer,H100-SASS-Accelwattch_SASS_SIM,final_kernel,gpgpu_simulation_time,137.0,137,gpgpu_simulation_time\s*=.*\(([0-9]+) sec\).*
app,llm_layer,layer,H100-SASS-Accelwattch_SASS_SIM,final_kernel,gpu_tot_sim_cycle,76502.0,76502,gpu_tot_sim_cycle\s*=\s*(.*)
app,llm_layer,layer,H100-SASS-Accelwattch_SASS_SIM,final_kernel,L2_cache_stats_breakdown[GLOBAL_ACC_R][HIT],14267.0,14267,\s+L2_cache_stats_breakdown\[GLOBAL_ACC_R\]\[HIT\]\s*=\s*(.*)
app,llm_layer,layer,H100-SASS-Accelwattch_SASS_SIM,final_kernel,L2_cache_stats_breakdown[GLOBAL_ACC_R][TOTAL_ACCESS],676535.0,676535,\s+L2_cache_stats_breakdown\[GLOBAL_ACC_R\]\[TOTAL_ACCESS\]\s*=\s*(.*)
app,llm_layer,layer,H100-SASS-Accelwattch_SASS_SIM,final_kernel,L2_cache_stats_breakdown[GLOBAL_ACC_W][HIT],2989.0,2989,\s+L2_cache_stats_breakdown\[GLOBAL_ACC_W\]\[HIT\]\s*=\s*(.*)
app,llm_layer,layer,H100-SASS-Accelwattch_SASS_SIM,final_kernel,L2_cache_stats_breakdown[GLOBAL_ACC_W][TOTAL_ACCESS],14127.0,14127,\s+L2_cache_stats_breakdown\[GLOBAL_ACC_W\]\[TOTAL_ACCESS\]\s*=\s*(.*)
app,llm_layer,layer,H100-SASS-Accelwattch_SASS_SIM,final_kernel,L2_cache_stats_breakdown[CHIPLET_ACC_R][HIT],257.0,257,\s+L2_cache_stats_breakdown\[CHIPLET_ACC_R\]\[HIT\]\s*=\s*(.*)
app,llm_layer,layer,H100-SASS-Accelwattch_SASS_SIM,final_kernel,L2_cache_stats_breakdown[CHIPLET_ACC_R][TOTAL_ACCESS],331039.0,331039,\s+L2_cache_stats_breakdown\[CHIPLET_ACC_R\]\[TOTAL_ACCESS\]\s*=\s*(.*)
app,llm_layer,layer,H100-SASS-Accelwattch_SASS_SIM,final_kernel,L2_cache_stats_breakdown[CHIPLET_ACC_W][HIT],0.0,0,\s+L2_cache_stats_breakdown\[CHIPLET_ACC_W\]\[HIT\]\s*=\s*(.*)
app,llm_layer,layer,H100-SASS-Accelwattch_SASS_SIM,final_kernel,L2_cache_stats_breakdown[CHIPLET_ACC_W][TOTAL_ACCESS],,NA,\s+L2_cache_stats_breakdown\[CHIPLET_ACC_W\]\[TOTAL_ACCESS\]\s*=\s*(.*)
app,llm_layer,layer,H100-SASS-Accelwattch_SASS_SIM,final_kernel,Total_core_cache_stats_breakdown[GLOBAL_ACC_R][TOTAL_ACCESS],15154.0,15154,\s+Total_core_cache_stats_breakdown\[GLOBAL_ACC_R\]\[TOTAL_ACCESS\]\s*=\s*(.*)
app,llm_layer,layer,H100-SASS-Accelwattch_SASS_SIM,final_kernel,Total_core_cache_stats_breakdown[GLOBAL_ACC_R][HIT],1276.0,1276,\s+Total_core_cache_stats_breakdown\[GLOBAL_ACC_R\]\[HIT\]\s*=\s*(.*)
app,llm_layer,layer,H100-SASS-Accelwattch_SASS_SIM,final_kernel,Total_core_cache_stats_breakdown[GLOBAL_ACC_W][HIT],2993.0,2993,\s+Total_core_cache_stats_breakdown\[GLOBAL_ACC_W\]\[HIT\]\s*=\s*(.*)
app,llm_layer,layer,H100-SASS-Accelwattch_SASS_SIM,final_kernel,Total_core_cache_stats_breakdown[GLOBAL_ACC_W][TOTAL_ACCESS],6767.0,6767,\s+Total_core_cache_stats_breakdown\[GLOBAL_ACC_W\]\[TOTAL_ACCESS\]\s*=\s*(.*)
app,llm_layer,layer,H100-SASS-Accelwattch_SASS_SIM,final_kernel,Total_core_cache_stats_breakdown[GLOBAL_ACC_R][MSHR_HIT],1904.0,1904,\s+Total_core_cache_stats_breakdown\[GLOBAL_ACC_R\]\[MSHR_HIT\]\s*=\s*(.*)
app,llm_layer,layer,H100-SASS-Accelwattch_SASS_SIM,final_kernel,gpgpu_n_tot_w_icount,1149293.0,1149293,gpgpu_n_tot_w_icount\s*=\s*(.*)
app,llm_layer,layer,H100-SASS-Accelwattch_SASS_SIM,final_kernel,total dram reads,661707.0,661707,total dram reads\s*=\s*(.*)
app,llm_layer,layer,H100-SASS-Accelwattch_SASS_SIM,final_kernel,total dram writes,0.0,0,total dram writes\s*=\s*(.*)
app,llm_layer,layer,H100-SASS-Accelwattch_SASS_SIM,final_kernel,kernel_launch_uid,10.0,10,kernel_launch_uid\s*=\s*(.*)
app,llm_layer,layer,H100-SASS-Accelwattch_SASS_SIM,final_kernel,gpgpu_n_shmem_bkconflict,0.0,0,gpgpu_n_shmem_bkconflict\s*=\s*(.*)
app,llm_layer,layer,H100-SASS-Accelwattch_SASS_SIM,final_kernel,gpgpu_n_l1cache_bkconflict,5068.0,5068,gpgpu_n_l1cache_bkconflict\s*=\s*(.*)
app,llm_layer,layer,H100-SASS-Accelwattch_SASS_SIM,final_kernel,gpu_ipc,275.694,275.6940,gpu_ipc\s*=\s*(.*)
app,llm_layer,layer,H100-SASS-Accelwattch_SASS_SIM,final_kernel,gpu_occupancy,27.359,27.3590,gpu_occupancy\s*=\s*(.*)%
app,llm_layer,layer,H100-SASS-Accelwattch_SASS_SIM,final_kernel,L2_BW,100.0075,100.0075,L2_BW\s*=\s*(.*)\s*GB\/Sec
app,llm_layer,layer,H100-SASS-Accelwattch_SASS_SIM,final_kernel,gpgpu_simulation_rate_inst_per_sec,238246.0,238246,gpgpu_simulation_rate\s+=\s+(.*)\s+\(inst\/sec\)
app,llm_layer,layer,H100-SASS-Accelwattch_SASS_SIM,final_kernel,gpgpu_simulation_rate_cycle_per_sec,558.0,558,gpgpu_simulation_rate\s+=\s+(.*)\s+\(cycle\/sec\)
app,llm_layer,layer,H100-SASS-Accelwattch_SASS_SIM,final_kernel,gpgpu_silicon_slowdown,3548387.0,3548387,gpgpu_silicon_slowdown\s*=\s*(.*)x
app,llm_layer,layer,H100-SASS-Accelwattch_SASS_SIM,final_kernel,gpu_tot_ipc,426.6529,426.6529,gpu_tot_ipc\s*=\s*(.*)
kernel,llm_layer,layer,H100-SASS-Accelwattch_SASS_SIM,all_kernels,Accel-Sim-build,,accelsim-commit-6465301_modified_0.0_26-09-16-21-52-33,Accel-Sim-build
kernel,llm_layer,layer,H100-SASS-Accelwattch_SASS_SIM,all_kernels,GPGPU-Sim-build,,gpgpu-sim_git-commit-e10018b6_modified_0.0.,GPGPU-Sim-build
kernel,llm_layer,layer,H100-SASS-Accelwattch_SASS_SIM,_ZN4vllm25fused_add_rms_norm_kernelIN3c108BFloat16ELi8ELb1EEENSt9enable_ifIXaagtT0_Li0Esr4vllm12_typeConvertIT_EE6existsEvE4typeEPS4_lS7_PKS4_fiil,gpu_tot_sim_insn,1246620.0,1246620.0,gpu_tot_sim_insn\s*=\s*(.*)
kernel,llm_layer,layer,H100-SASS-Accelwattch_SASS_SIM,nvjet_sm90_tst_64x8_64x16_4x2_h_bz_bias_TNT,gpu_tot_sim_insn,5641136.0,5641136.0,gpu_tot_sim_insn\s*=\s*(.*)
kernel,llm_layer,layer,H100-SASS-Accelwattch_SASS_SIM,_ZN4vllm23rotary_embedding_kernelIN3c108BFloat16ES2_Lb1EEEvPKlPT_S6_PKT0_illliiilb,gpu_tot_sim_insn,572440.0,572440.0,gpu_tot_sim_insn\s*=\s*(.*)
kernel,llm_layer,layer,H100-SASS-Accelwattch_SASS_SIM,_ZN4vllm30reshape_and_cache_flash_kernelI13__nv_bfloat16S1_LNS_18Fp8KVCacheDataTypeE0EEEvPKT_S5_PT0_S7_PKlllllliiiPKfSB_i,gpu_tot_sim_insn,157056.0,157056.0,gpu_tot_sim_insn\s*=\s*(.*)
kernel,llm_layer,layer,H100-SASS-Accelwattch_SASS_SIM,_ZN7cutlass13device_kernelIN5flash20enable_sm90_or_laterINS1_16FlashAttnFwdSm90INS1_25CollectiveMainloopFwdSm90ILi2EN4cute5tupleIJNS5_1CILi1EEES8_S8_EEENS6_IJNS7_ILi192EEENS7_ILi128EEENS7_ILi64EEEEEELi64ENS_10bfloat16_tEfNS_4arch4Sm90ELb1ELb0ELb0ELb1ELb1ELb0ELb0ELb1ELb1ELb1ELb0ELb0ESE_Li1EEENS1_21CollectiveEpilogueFwdINS6_IJSA_SC_SB_EEES9_SE_SG_Li384ELb1ELb1ELb0ELb0ELi1EEENS1_36VarlenDynamicPersistentTileSchedulerILi192ELi128ELi384ELi128ELb0ELb1ELb1ELb1ELb0ELb1EEEEEEEEEvNT_6ParamsE,gpu_tot_sim_insn,6140544.0,6140544.0,gpu_tot_sim_insn\s*=\s*(.*)
kernel,llm_layer,layer,H100-SASS-Accelwattch_SASS_SIM,_ZN2at6native29vectorized_elementwise_kernelILi4ENS0_11FillFunctorIiEESt5arrayIPcLm1EEEEviT0_T1_,gpu_tot_sim_insn,2950.0,2950.0,gpu_tot_sim_insn\s*=\s*(.*)
kernel,llm_layer,layer,H100-SASS-Accelwattch_SASS_SIM,nvjet_sm90_tst_64x8_64x16_4x2_h_bz_TNT,gpu_tot_sim_insn,4410171.0,4410171.0,gpu_tot_sim_insn\s*=\s*(.*)
kernel,llm_layer,layer,H100-SASS-Accelwattch_SASS_SIM,nvjet_sm90_tst_128x16_64x11_4x1_v_bz_TNT,gpu_tot_sim_insn,12875921.0,12875921.0,gpu_tot_sim_insn\s*=\s*(.*)
kernel,llm_layer,layer,H100-SASS-Accelwattch_SASS_SIM,_ZN4vllm18act_and_mul_kernelIN3c108BFloat16E14__nv_bfloat162XadL_ZNS_11silu_kernelIS2_EET_RKS5_fEEXadL_ZNS_18packed_silu_kernelIS3_EES5_S7_fEELb1ELb1ELb0ELb0EEEvPS5_PS6_ifff,gpu_tot_sim_insn,1592960.0,1592960.0,gpu_tot_sim_insn\s*=\s*(.*)
kernel,llm_layer,layer,H100-SASS-Accelwattch_SASS_SIM,_ZN4vllm25fused_add_rms_norm_kernelIN3c108BFloat16ELi8ELb1EEENSt9enable_ifIXaagtT0_Li0Esr4vllm12_typeConvertIT_EE6existsEvE4typeEPS4_lS7_PKS4_fiil,gpgpu_simulation_time,6.0,6.0,gpgpu_simulation_time\s*=.*\(([0-9]+) sec\).*
kernel,llm_layer,layer,H100-SASS-Accelwattch_SASS_SIM,nvjet_sm90_tst_64x8_64x16_4x2_h_bz_bias_TNT,gpgpu_simulation_time,7.0,7.0,gpgpu_simulation_time\s*=.*\(([0-9]+) sec\).*
kernel,llm_layer,layer,H100-SASS-Accelwattch_SASS_SIM,_ZN4vllm23rotary_embedding_kernelIN3c108BFloat16ES2_Lb1EEEvPKlPT_S6_PKT0_illliiilb,gpgpu_simulation_time,3.0,3.0,gpgpu_simulation_time\s*=.*\(([0-9]+) sec\).*
kernel,llm_layer,layer,H100-SASS-Accelwattch_SASS_SIM,_ZN4vllm30reshape_and_cache_flash_kernelI13__nv_bfloat16S1_LNS_18Fp8KVCacheDataTypeE0EEEvPKT_S5_PT0_S7_PKlllllliiiPKfSB_i,gpgpu_simulation_time,2.0,2.0,gpgpu_simulation_time\s*=.*\(([0-9]+) sec\).*
kernel,llm_layer,layer,H100-SASS-Accelwattch_SASS_SIM,_ZN7cutlass13device_kernelIN5flash20enable_sm90_or_laterINS1_16FlashAttnFwdSm90INS1_25CollectiveMainloopFwdSm90ILi2EN4cute5tupleIJNS5_1CILi1EEES8_S8_EEENS6_IJNS7_ILi192EEENS7_ILi128EEENS7_ILi64EEEEEELi64ENS_10bfloat16_tEfNS_4arch4Sm90ELb1ELb0ELb0ELb1ELb1ELb0ELb0ELb1ELb1ELb1ELb0ELb0ESE_Li1EEENS1_21CollectiveEpilogueFwdINS6_IJSA_SC_SB_EEES9_SE_SG_Li384ELb1ELb1ELb0ELb0ELi1EEENS1_36VarlenDynamicPersistentTileSchedulerILi192ELi128ELi384ELi128ELb0ELb1ELb1ELb1ELb0ELb1EEEEEEEEEvNT_6ParamsE,gpgpu_simulation_time,16.0,16.0,gpgpu_simulation_time\s*=.*\(([0-9]+) sec\).*
kernel,llm_layer,layer,H100-SASS-Accelwattch_SASS_SIM,_ZN2at6native29vectorized_elementwise_kernelILi4ENS0_11FillFunctorIiEESt5arrayIPcLm1EEEEviT0_T1_,gpgpu_simulation_time,2.0,2.0,gpgpu_simulation_time\s*=.*\(([0-9]+) sec\).*
kernel,llm_layer,layer,H100-SASS-Accelwattch_SASS_SIM,nvjet_sm90_tst_64x8_64x16_4x2_h_bz_TNT,gpgpu_simulation_time,7.0,7.0,gpgpu_simulation_time\s*=.*\(([0-9]+) sec\).*
kernel,llm_layer,layer,H100-SASS-Accelwattch_SASS_SIM,nvjet_sm90_tst_128x16_64x11_4x1_v_bz_TNT,gpgpu_simulation_time,89.0,89.0,gpgpu_simulation_time\s*=.*\(([0-9]+) sec\).*
kernel,llm_layer,layer,H100-SASS-Accelwattch_SASS_SIM,_ZN4vllm18act_and_mul_kernelIN3c108BFloat16E14__nv_bfloat162XadL_ZNS_11silu_kernelIS2_EET_RKS5_fEEXadL_ZNS_18packed_silu_kernelIS3_EES5_S7_fEELb1ELb1ELb0ELb0EEEvPS5_PS6_ifff,gpgpu_simulation_time,5.0,5.0,gpgpu_simulation_time\s*=.*\(([0-9]+) sec\).*
kernel,llm_layer,layer,H100-SASS-Accelwattch_SASS_SIM,_ZN4vllm25fused_add_rms_norm_kernelIN3c108BFloat16ELi8ELb1EEENSt9enable_ifIXaagtT0_Li0Esr4vllm12_typeConvertIT_EE6existsEvE4typeEPS4_lS7_PKS4_fiil,gpu_tot_sim_cycle,11150.0,11150.0,gpu_tot_sim_cycle\s*=\s*(.*)
kernel,llm_layer,layer,H100-SASS-Accelwattch_SASS_SIM,nvjet_sm90_tst_64x8_64x16_4x2_h_bz_bias_TNT,gpu_tot_sim_cycle,7148.0,7148.0,gpu_tot_sim_cycle\s*=\s*(.*)
kernel,llm_layer,layer,H100-SASS-Accelwattch_SASS_SIM,_ZN4vllm23rotary_embedding_kernelIN3c108BFloat16ES2_Lb1EEEvPKlPT_S6_PKT0_illliiilb,gpu_tot_sim_cycle,5786.0,5786.0,gpu_tot_sim_cycle\s*=\s*(.*)
kernel,llm_layer,layer,H100-SASS-Accelwattch_SASS_SIM,_ZN4vllm30reshape_and_cache_flash_kernelI13__nv_bfloat16S1_LNS_18Fp8KVCacheDataTypeE0EEEvPKT_S5_PT0_S7_PKlllllliiiPKfSB_i,gpu_tot_sim_cycle,4910.0,4910.0,gpu_tot_sim_cycle\s*=\s*(.*)
kernel,llm_layer,layer,H100-SASS-Accelwattch_SASS_SIM,_ZN7cutlass13device_kernelIN5flash20enable_sm90_or_laterINS1_16FlashAttnFwdSm90INS1_25CollectiveMainloopFwdSm90ILi2EN4cute5tupleIJNS5_1CILi1EEES8_S8_EEENS6_IJNS7_ILi192EEENS7_ILi128EEENS7_ILi64EEEEEELi64ENS_10bfloat16_tEfNS_4arch4Sm90ELb1ELb0ELb0ELb1ELb1ELb0ELb0ELb1ELb1ELb1ELb0ELb0ESE_Li1EEENS1_21CollectiveEpilogueFwdINS6_IJSA_SC_SB_EEES9_SE_SG_Li384ELb1ELb1ELb0ELb0ELi1EEENS1_36VarlenDynamicPersistentTileSchedulerILi192ELi128ELi384ELi128ELb0ELb1ELb1ELb1ELb0ELb1EEEEEEEEEvNT_6ParamsE,gpu_tot_sim_cycle,14954.0,14954.0,gpu_tot_sim_cycle\s*=\s*(.*)
kernel,llm_layer,layer,H100-SASS-Accelwattch_SASS_SIM,_ZN2at6native29vectorized_elementwise_kernelILi4ENS0_11FillFunctorIiEESt5arrayIPcLm1EEEEviT0_T1_,gpu_tot_sim_cycle,3346.0,3346.0,gpu_tot_sim_cycle\s*=\s*(.*)
kernel,llm_layer,layer,H100-SASS-Accelwattch_SASS_SIM,nvjet_sm90_tst_64x8_64x16_4x2_h_bz_TNT,gpu_tot_sim_cycle,6707.0,6707.0,gpu_tot_sim_cycle\s*=\s*(.*)
kernel,llm_layer,layer,H100-SASS-Accelwattch_SASS_SIM,nvjet_sm90_tst_128x16_64x11_4x1_v_bz_TNT,gpu_tot_sim_cycle,16723.0,16723.0,gpu_tot_sim_cycle\s*=\s*(.*)
kernel,llm_layer,layer,H100-SASS-Accelwattch_SASS_SIM,_ZN4vllm18act_and_mul_kernelIN3c108BFloat16E14__nv_bfloat162XadL_ZNS_11silu_kernelIS2_EET_RKS5_fEEXadL_ZNS_18packed_silu_kernelIS3_EES5_S7_fEELb1ELb1ELb0ELb0EEEvPS5_PS6_ifff,gpu_tot_sim_cycle,5778.0,5778.0,gpu_tot_sim_cycle\s*=\s*(.*)
kernel,llm_layer,layer,H100-SASS-Accelwattch_SASS_SIM,_ZN4vllm25fused_add_rms_norm_kernelIN3c108BFloat16ELi8ELb1EEENSt9enable_ifIXaagtT0_Li0Esr4vllm12_typeConvertIT_EE6existsEvE4typeEPS4_lS7_PKS4_fiil,L2_cache_stats_breakdown[GLOBAL_ACC_R][HIT],919.0,919.0,\s+L2_cache_stats_breakdown\[GLOBAL_ACC_R\]\[HIT\]\s*=\s*(.*)
kernel,llm_layer,layer,H100-SASS-Accelwattch_SASS_SIM,nvjet_sm90_tst_64x8_64x16_4x2_h_bz_bias_TNT,L2_cache_stats_breakdown[GLOBAL_ACC_R][HIT],1120.0,1120.0,\s+L2_cache_stats_breakdown\[GLOBAL_ACC_R\]\[HIT\]\s*=\s*(.*)
kernel,llm_layer,layer,H100-SASS-Accelwattch_SASS_SIM,_ZN4vllm23rotary_embedding_kernelIN3c108BFloat16ES2_Lb1EEEvPKlPT_S6_PKT0_illliiilb,L2_cache_stats_breakdown[GLOBAL_ACC_R][HIT],640.0,640.0,\s+L2_cache_stats_breakdown\[GLOBAL_ACC_R\]\[HIT\]\s*=\s*(.*)
kernel,llm_layer,layer,H100-SASS-Accelwattch_SASS_SIM,_ZN4vllm30reshape_and_cache_flash_kernelI13__nv_bfloat16S1_LNS_18Fp8KVCacheDataTypeE0EEEvPKT_S5_PT0_S7_PKlllllliiiPKfSB_i,L2_cache_stats_breakdown[GLOBAL_ACC_R][HIT],160.0,160.0,\s+L2_cache_stats_breakdown\[GLOBAL_ACC_R\]\[HIT\]\s*=\s*(.*)
kernel,llm_layer,layer,H100-SASS-Accelwattch_SASS_SIM,_ZN7cutlass13device_kernelIN5flash20enable_sm90_or_laterINS1_16FlashAttnFwdSm90INS1_25CollectiveMainloopFwdSm90ILi2EN4cute5tupleIJNS5_1CILi1EEES8_S8_EEENS6_IJNS7_ILi192EEENS7_ILi128EEENS7_ILi64EEEEEELi64ENS_10bfloat16_tEfNS_4arch4Sm90ELb1ELb0ELb0ELb1ELb1ELb0ELb0ELb1ELb1ELb1ELb0ELb0ESE_Li1EEENS1_21CollectiveEpilogueFwdINS6_IJSA_SC_SB_EEES9_SE_SG_Li384ELb1ELb1ELb0ELb0ELi1EEENS1_36VarlenDynamicPersistentTileSchedulerILi192ELi128ELi384ELi128ELb0ELb1ELb1ELb1ELb0ELb1EEEEEEEEEvNT_6ParamsE,L2_cache_stats_breakdown[GLOBAL_ACC_R][HIT],746.0,746.0,\s+L2_cache_stats_breakdown\[GLOBAL_ACC_R\]\[HIT\]\s*=\s*(.*)
kernel,llm_layer,layer,H100-SASS-Accelwattch_SASS_SIM,_ZN2at6native29vectorized_elementwise_kernelILi4ENS0_11FillFunctorIiEESt5arrayIPcLm1EEEEviT0_T1_,L2_cache_stats_breakdown[GLOBAL_ACC_R][HIT],0.0,0.0,\s+L2_cache_stats_breakdown\[GLOBAL_ACC_R\]\[HIT\]\s*=\s*(.*)
kernel,llm_layer,layer,H100-SASS-Accelwattch_SASS_SIM,nvjet_sm90_tst_64x8_64x16_4x2_h_bz_TNT,L2_cache_stats_breakdown[GLOBAL_ACC_R][HIT],653.0,653.0,\s+L2_cache_stats_breakdown\[GLOBAL_ACC_R\]\[HIT\]\s*=\s*(.*)
kernel,llm_layer,layer,H100-SASS-Accelwattch_SASS_SIM,nvjet_sm90_tst_128x16_64x11_4x1_v_bz_TNT,L2_cache_stats_breakdown[GLOBAL_ACC_R][HIT],3949.0,3949.0,\s+L2_cache_stats_breakdown\[GLOBAL_ACC_R\]\[HIT\]\s*=\s*(.*)
kernel,llm_layer,layer,H100-SASS-Accelwattch_SASS_SIM,_ZN4vllm18act_and_mul_kernelIN3c108BFloat16E14__nv_bfloat162XadL_ZNS_11silu_kernelIS2_EET_RKS5_fEEXadL_ZNS_18packed_silu_kernelIS3_EES5_S7_fEELb1ELb1ELb0ELb0EEEvPS5_PS6_ifff,L2_cache_stats_breakdown[GLOBAL_ACC_R][HIT],6080.0,6080.0,\s+L2_cache_stats_breakdown\[GLOBAL_ACC_R\]\[HIT\]\s*=\s*(.*)
kernel,llm_layer,layer,H100-SASS-Accelwattch_SASS_SIM,_ZN4vllm25fused_add_rms_norm_kernelIN3c108BFloat16ELi8ELb1EEENSt9enable_ifIXaagtT0_Li0Esr4vllm12_typeConvertIT_EE6existsEvE4typeEPS4_lS7_PKS4_fiil,L2_cache_stats_breakdown[GLOBAL_ACC_R][TOTAL_ACCESS],2576.0,2576.0,\s+L2_cache_stats_breakdown\[GLOBAL_ACC_R\]\[TOTAL_ACCESS\]\s*=\s*(.*)
kernel,llm_layer,layer,H100-SASS-Accelwattch_SASS_SIM,nvjet_sm90_tst_64x8_64x16_4x2_h_bz_bias_TNT,L2_cache_stats_breakdown[GLOBAL_ACC_R][TOTAL_ACCESS],65704.0,65704.0,\s+L2_cache_stats_breakdown\[GLOBAL_ACC_R\]\[TOTAL_ACCESS\]\s*=\s*(.*)
kernel,llm_layer,layer,H100-SASS-Accelwattch_SASS_SIM,_ZN4vllm23rotary_embedding_kernelIN3c108BFloat16ES2_Lb1EEEvPKlPT_S6_PKT0_illliiilb,L2_cache_stats_breakdown[GLOBAL_ACC_R][TOTAL_ACCESS],683.0,683.0,\s+L2_cache_stats_breakdown\[GLOBAL_ACC_R\]\[TOTAL_ACCESS\]\s*=\s*(.*)
kernel,llm_layer,layer,H100-SASS-Accelwattch_SASS_SIM,_ZN4vllm30reshape_and_cache_flash_kernelI13__nv_bfloat16S1_LNS_18Fp8KVCacheDataTypeE0EEEvPKT_S5_PT0_S7_PKlllllliiiPKfSB_i,L2_cache_stats_breakdown[GLOBAL_ACC_R][TOTAL_ACCESS],164.0,164.0,\s+L2_cache_stats_breakdown\[GLOBAL_ACC_R\]\[TOTAL_ACCESS\]\s*=\s*(.*)
kernel,llm_layer,layer,H100-SASS-Accelwattch_SASS_SIM,_ZN7cutlass13device_kernelIN5flash20enable_sm90_or_laterINS1_16FlashAttnFwdSm90INS1_25CollectiveMainloopFwdSm90ILi2EN4cute5tupleIJNS5_1CILi1EEES8_S8_EEENS6_IJNS7_ILi192EEENS7_ILi128EEENS7_ILi64EEEEEELi64ENS_10bfloat16_tEfNS_4arch4Sm90ELb1ELb0ELb0ELb1ELb1ELb0ELb0ELb1ELb1ELb1ELb0ELb0ESE_Li1EEENS1_21CollectiveEpilogueFwdINS6_IJSA_SC_SB_EEES9_SE_SG_Li384ELb1ELb1ELb0ELb0ELi1EEENS1_36VarlenDynamicPersistentTileSchedulerILi192ELi128ELi384ELi128ELb0ELb1ELb1ELb1ELb0ELb1EEEEEEEEEvNT_6ParamsE,L2_cache_stats_breakdown[GLOBAL_ACC_R][TOTAL_ACCESS],1782.0,1782.0,\s+L2_cache_stats_breakdown\[GLOBAL_ACC_R\]\[TOTAL_ACCESS\]\s*=\s*(.*)
kernel,llm_layer,layer,H100-SASS-Accelwattch_SASS_SIM,_ZN2at6native29vectorized_elementwise_kernelILi4ENS0_11FillFunctorIiEESt5arrayIPcLm1EEEEviT0_T1_,L2_cache_stats_breakdown[GLOBAL_ACC_R][TOTAL_ACCESS],0.0,0.0,\s+L2_cache_stats_breakdown\[GLOBAL_ACC_R\]\[TOTAL_ACCESS\]\s*=\s*(.*)
kernel,llm_layer,layer,H100-SASS-Accelwattch_SASS_SIM,nvjet_sm90_tst_64x8_64x16_4x2_h_bz_TNT,L2_cache_stats_breakdown[GLOBAL_ACC_R][TOTAL_ACCESS],50829.0,50829.0,\s+L2_cache_stats_breakdown\[GLOBAL_ACC_R\]\[TOTAL_ACCESS\]\s*=\s*(.*)
kernel,llm_layer,layer,H100-SASS-Accelwattch_SASS_SIM,nvjet_sm90_tst_128x16_64x11_4x1_v_bz_TNT,L2_cache_stats_breakdown[GLOBAL_ACC_R][TOTAL_ACCESS],548717.0,548717.0,\s+L2_cache_stats_breakdown\[GLOBAL_ACC_R\]\[TOTAL_ACCESS\]\s*=\s*(.*)
kernel,llm_layer,layer,H100-SASS-Accelwattch_SASS_SIM,_ZN4vllm18act_and_mul_kernelIN3c108BFloat16E14__nv_bfloat162XadL_ZNS_11silu_kernelIS2_EET_RKS5_fEEXadL_ZNS_18packed_silu_kernelIS3_EES5_S7_fEELb1ELb1ELb0ELb0EEEvPS5_PS6_ifff,L2_cache_stats_breakdown[GLOBAL_ACC_R][TOTAL_ACCESS],6080.0,6080.0,\s+L2_cache_stats_breakdown\[GLOBAL_ACC_R\]\[TOTAL_ACCESS\]\s*=\s*(.*)
kernel,llm_layer,layer,H100-SASS-Accelwattch_SASS_SIM,_ZN4vllm25fused_add_rms_norm_kernelIN3c108BFloat16ELi8ELb1EEENSt9enable_ifIXaagtT0_Li0Esr4vllm12_typeConvertIT_EE6existsEvE4typeEPS4_lS7_PKS4_fiil,L2_cache_stats_breakdown[GLOBAL_ACC_W][HIT],2240.0,2240.0,\s+L2_cache_stats_breakdown\[GLOBAL_ACC_W\]\[HIT\]\s*=\s*(.*)
kernel,llm_layer,layer,H100-SASS-Accelwattch_SASS_SIM,nvjet_sm90_tst_64x8_64x16_4x2_h_bz_bias_TNT,L2_cache_stats_breakdown[GLOBAL_ACC_W][HIT],0.0,0.0,\s+L2_cache_stats_breakdown\[GLOBAL_ACC_W\]\[HIT\]\s*=\s*(.*)
kernel,llm_layer,layer,H100-SASS-Accelwattch_SASS_SIM,_ZN4vllm23rotary_embedding_kernelIN3c108BFloat16ES2_Lb1EEEvPKlPT_S6_PKT0_illliiilb,L2_cache_stats_breakdown[GLOBAL_ACC_W][HIT],640.0,640.0,\s+L2_cache_stats_breakdown\[GLOBAL_ACC_W\]\[HIT\]\s*=\s*(.*)
kernel,llm_layer,layer,H100-SASS-Accelwattch_SASS_SIM,_ZN4vllm30reshape_and_cache_flash_kernelI13__nv_bfloat16S1_LNS_18Fp8KVCacheDataTypeE0EEEvPKT_S5_PT0_S7_PKlllllliiiPKfSB_i,L2_cache_stats_breakdown[GLOBAL_ACC_W][HIT],0.0,0.0,\s+L2_cache_stats_breakdown\[GLOBAL_ACC_W\]\[HIT\]\s*=\s*(.*)
kernel,llm_layer,layer,H100-SASS-Accelwattch_SASS_SIM,_ZN7cutlass13device_kernelIN5flash20enable_sm90_or_laterINS1_16FlashAttnFwdSm90INS1_25CollectiveMainloopFwdSm90ILi2EN4cute5tupleIJNS5_1CILi1EEES8_S8_EEENS6_IJNS7_ILi192EEENS7_ILi128EEENS7_ILi64EEEEEELi64ENS_10bfloat16_tEfNS_4arch4Sm90ELb1ELb0ELb0ELb1ELb1ELb0ELb0ELb1ELb1ELb1ELb0ELb0ESE_Li1EEENS1_21CollectiveEpilogueFwdINS6_IJSA_SC_SB_EEES9_SE_SG_Li384ELb1ELb1ELb0ELb0ELi1EEENS1_36VarlenDynamicPersistentTileSchedulerILi192ELi128ELi384ELi128ELb0ELb1ELb1ELb1ELb0ELb1EEEEEEEEEvNT_6ParamsE,L2_cache_stats_breakdown[GLOBAL_ACC_W][HIT],108.0,108.0,\s+L2_cache_stats_breakdown\[GLOBAL_ACC_W\]\[HIT\]\s*=\s*(.*)
kernel,llm_layer,layer,H100-SASS-Accelwattch_SASS_SIM,_ZN2at6native29vectorized_elementwise_kernelILi4ENS0_11FillFunctorIiEESt5arrayIPcLm1EEEEviT0_T1_,L2_cache_stats_breakdown[GLOBAL_ACC_W][HIT],1.0,1.0,\s+L2_cache_stats_breakdown\[GLOBAL_ACC_W\]\[HIT\]\s*=\s*(.*)
kernel,llm_layer,layer,H100-SASS-Accelwattch_SASS_SIM,nvjet_sm90_tst_64x8_64x16_4x2_h_bz_TNT,L2_cache_stats_breakdown[GLOBAL_ACC_W][HIT],0.0,0.0,\s+L2_cache_stats_breakdown\[GLOBAL_ACC_W\]\[HIT\]\s*=\s*(.*)
kernel,llm_layer,layer,H100-SASS-Accelwattch_SASS_SIM,nvjet_sm90_tst_128x16_64x11_4x1_v_bz_TNT,L2_cache_stats_breakdown[GLOBAL_ACC_W][HIT],0.0,0.0,\s+L2_cache_stats_breakdown\[GLOBAL_ACC_W\]\[HIT\]\s*=\s*(.*)
kernel,llm_layer,layer,H100-SASS-Accelwattch_SASS_SIM,_ZN4vllm18act_and_mul_kernelIN3c108BFloat16E14__nv_bfloat162XadL_ZNS_11silu_kernelIS2_EET_RKS5_fEEXadL_ZNS_18packed_silu_kernelIS3_EES5_S7_fEELb1ELb1ELb0ELb0EEEvPS5_PS6_ifff,L2_cache_stats_breakdown[GLOBAL_ACC_W][HIT],0.0,0.0,\s+L2_cache_stats_breakdown\[GLOBAL_ACC_W\]\[HIT\]\s*=\s*(.*)
kernel,llm_layer,layer,H100-SASS-Accelwattch_SASS_SIM,_ZN4vllm25fused_add_rms_norm_kernelIN3c108BFloat16ELi8ELb1EEENSt9enable_ifIXaagtT0_Li0Esr4vllm12_typeConvertIT_EE6existsEvE4typeEPS4_lS7_PKS4_fiil,L2_cache_stats_breakdown[GLOBAL_ACC_W][TOTAL_ACCESS],2240.0,2240.0,\s+L2_cache_stats_breakdown\[GLOBAL_ACC_W\]\[TOTAL_ACCESS\]\s*=\s*(.*)
kernel,llm_layer,layer,H100-SASS-Accelwattch_SASS_SIM,nvjet_sm90_tst_64x8_64x16_4x2_h_bz_bias_TNT,L2_cache_stats_breakdown[GLOBAL_ACC_W][TOTAL_ACCESS],720.0,720.0,\s+L2_cache_stats_breakdown\[GLOBAL_ACC_W\]\[TOTAL_ACCESS\]\s*=\s*(.*)
kernel,llm_layer,layer,H100-SASS-Accelwattch_SASS_SIM,_ZN4vllm23rotary_embedding_kernelIN3c108BFloat16ES2_Lb1EEEvPKlPT_S6_PKT0_illliiilb,L2_cache_stats_breakdown[GLOBAL_ACC_W][TOTAL_ACCESS],640.0,640.0,\s+L2_cache_stats_breakdown\[GLOBAL_ACC_W\]\[TOTAL_ACCESS\]\s*=\s*(.*)
kernel,llm_layer,layer,H100-SASS-Accelwattch_SASS_SIM,_ZN4vllm30reshape_and_cache_flash_kernelI13__nv_bfloat16S1_LNS_18Fp8KVCacheDataTypeE0EEEvPKT_S5_PT0_S7_PKlllllliiiPKfSB_i,L2_cache_stats_breakdown[GLOBAL_ACC_W][TOTAL_ACCESS],160.0,160.0,\s+L2_cache_stats_breakdown\[GLOBAL_ACC_W\]\[TOTAL_ACCESS\]\s*=\s*(.*)
kernel,llm_layer,layer,H100-SASS-Accelwattch_SASS_SIM,_ZN7cutlass13device_kernelIN5flash20enable_sm90_or_laterINS1_16FlashAttnFwdSm90INS1_25CollectiveMainloopFwdSm90ILi2EN4cute5tupleIJNS5_1CILi1EEES8_S8_EEENS6_IJNS7_ILi192EEENS7_ILi128EEENS7_ILi64EEEEEELi64ENS_10bfloat16_tEfNS_4arch4Sm90ELb1ELb0ELb0ELb1ELb1ELb0ELb0ELb1ELb1ELb1ELb0ELb0ESE_Li1EEENS1_21CollectiveEpilogueFwdINS6_IJSA_SC_SB_EEES9_SE_SG_Li384ELb1ELb1ELb0ELb0ELi1EEENS1_36VarlenDynamicPersistentTileSchedulerILi192ELi128ELi384ELi128ELb0ELb1ELb1ELb1ELb0ELb1EEEEEEEEEvNT_6ParamsE,L2_cache_stats_breakdown[GLOBAL_ACC_W][TOTAL_ACCESS],686.0,686.0,\s+L2_cache_stats_breakdown\[GLOBAL_ACC_W\]\[TOTAL_ACCESS\]\s*=\s*(.*)
kernel,llm_layer,layer,H100-SASS-Accelwattch_SASS_SIM,_ZN2at6native29vectorized_elementwise_kernelILi4ENS0_11FillFunctorIiEESt5arrayIPcLm1EEEEviT0_T1_,L2_cache_stats_breakdown[GLOBAL_ACC_W][TOTAL_ACCESS],1.0,1.0,\s+L2_cache_stats_breakdown\[GLOBAL_ACC_W\]\[TOTAL_ACCESS\]\s*=\s*(.*)
kernel,llm_layer,layer,H100-SASS-Accelwattch_SASS_SIM,nvjet_sm90_tst_64x8_64x16_4x2_h_bz_TNT,L2_cache_stats_breakdown[GLOBAL_ACC_W][TOTAL_ACCESS],560.0,560.0,\s+L2_cache_stats_breakdown\[GLOBAL_ACC_W\]\[TOTAL_ACCESS\]\s*=\s*(.*)
kernel,llm_layer,layer,H100-SASS-Accelwattch_SASS_SIM,nvjet_sm90_tst_128x16_64x11_4x1_v_bz_TNT,L2_cache_stats_breakdown[GLOBAL_ACC_W][TOTAL_ACCESS],6080.0,6080.0,\s+L2_cache_stats_breakdown\[GLOBAL_ACC_W\]\[TOTAL_ACCESS\]\s*=\s*(.*)
kernel,llm_layer,layer,H100-SASS-Accelwattch_SASS_SIM,_ZN4vllm18act_and_mul_kernelIN3c108BFloat16E14__nv_bfloat162XadL_ZNS_11silu_kernelIS2_EET_RKS5_fEEXadL_ZNS_18packed_silu_kernelIS3_EES5_S7_fEELb1ELb1ELb0ELb0EEEvPS5_PS6_ifff,L2_cache_stats_breakdown[GLOBAL_ACC_W][TOTAL_ACCESS],3040.0,3040.0,\s+L2_cache_stats_breakdown\[GLOBAL_ACC_W\]\[TOTAL_ACCESS\]\s*=\s*(.*)
kernel,llm_layer,layer,H100-SASS-Accelwattch_SASS_SIM,_ZN4vllm25fused_add_rms_norm_kernelIN3c108BFloat16ELi8ELb1EEENSt9enable_ifIXaagtT0_Li0Esr4vllm12_typeConvertIT_EE6existsEvE4typeEPS4_lS7_PKS4_fiil,L2_cache_stats_breakdown[CHIPLET_ACC_R][HIT],256.0,256.0,\s+L2_cache_stats_breakdown\[CHIPLET_ACC_R\]\[HIT\]\s*=\s*(.*)
kernel,llm_layer,layer,H100-SASS-Accelwattch_SASS_SIM,nvjet_sm90_tst_64x8_64x16_4x2_h_bz_bias_TNT,L2_cache_stats_breakdown[CHIPLET_ACC_R][HIT],0.0,0.0,\s+L2_cache_stats_breakdown\[CHIPLET_ACC_R\]\[HIT\]\s*=\s*(.*)
kernel,llm_layer,layer,H100-SASS-Accelwattch_SASS_SIM,_ZN4vllm23rotary_embedding_kernelIN3c108BFloat16ES2_Lb1EEEvPKlPT_S6_PKT0_illliiilb,L2_cache_stats_breakdown[CHIPLET_ACC_R][HIT],0.0,0.0,\s+L2_cache_stats_breakdown\[CHIPLET_ACC_R\]\[HIT\]\s*=\s*(.*)
kernel,llm_layer,layer,H100-SASS-Accelwattch_SASS_SIM,_ZN4vllm30reshape_and_cache_flash_kernelI13__nv_bfloat16S1_LNS_18Fp8KVCacheDataTypeE0EEEvPKT_S5_PT0_S7_PKlllllliiiPKfSB_i,L2_cache_stats_breakdown[CHIPLET_ACC_R][HIT],0.0,0.0,\s+L2_cache_stats_breakdown\[CHIPLET_ACC_R\]\[HIT\]\s*=\s*(.*)
kernel,llm_layer,layer,H100-SASS-Accelwattch_SASS_SIM,_ZN7cutlass13device_kernelIN5flash20enable_sm90_or_laterINS1_16FlashAttnFwdSm90INS1_25CollectiveMainloopFwdSm90ILi2EN4cute5tupleIJNS5_1CILi1EEES8_S8_EEENS6_IJNS7_ILi192EEENS7_ILi128EEENS7_ILi64EEEEEELi64ENS_10bfloat16_tEfNS_4arch4Sm90ELb1ELb0ELb0ELb1ELb1ELb0ELb0ELb1ELb1ELb1ELb0ELb0ESE_Li1EEENS1_21CollectiveEpilogueFwdINS6_IJSA_SC_SB_EEES9_SE_SG_Li384ELb1ELb1ELb0ELb0ELi1EEENS1_36VarlenDynamicPersistentTileSchedulerILi192ELi128ELi384ELi128ELb0ELb1ELb1ELb1ELb0ELb1EEEEEEEEEvNT_6ParamsE,L2_cache_stats_breakdown[CHIPLET_ACC_R][HIT],1.0,1.0,\s+L2_cache_stats_breakdown\[CHIPLET_ACC_R\]\[HIT\]\s*=\s*(.*)
kernel,llm_layer,layer,H100-SASS-Accelwattch_SASS_SIM,_ZN2at6native29vectorized_elementwise_kernelILi4ENS0_11FillFunctorIiEESt5arrayIPcLm1EEEEviT0_T1_,L2_cache_stats_breakdown[CHIPLET_ACC_R][HIT],0.0,0.0,\s+L2_cache_stats_breakdown\[CHIPLET_ACC_R\]\[HIT\]\s*=\s*(.*)
kernel,llm_layer,layer,H100-SASS-Accelwattch_SASS_SIM,nvjet_sm90_tst_64x8_64x16_4x2_h_bz_TNT,L2_cache_stats_breakdown[CHIPLET_ACC_R][HIT],0.0,0.0,\s+L2_cache_stats_breakdown\[CHIPLET_ACC_R\]\[HIT\]\s*=\s*(.*)
kernel,llm_layer,layer,H100-SASS-Accelwattch_SASS_SIM,nvjet_sm90_tst_128x16_64x11_4x1_v_bz_TNT,L2_cache_stats_breakdown[CHIPLET_ACC_R][HIT],0.0,0.0,\s+L2_cache_stats_breakdown\[CHIPLET_ACC_R\]\[HIT\]\s*=\s*(.*)
kernel,llm_layer,layer,H100-SASS-Accelwattch_SASS_SIM,_ZN4vllm18act_and_mul_kernelIN3c108BFloat16E14__nv_bfloat162XadL_ZNS_11silu_kernelIS2_EET_RKS5_fEEXadL_ZNS_18packed_silu_kernelIS3_EES5_S7_fEELb1ELb1ELb0ELb0EEEvPS5_PS6_ifff,L2_cache_stats_breakdown[CHIPLET_ACC_R][HIT],0.0,0.0,\s+L2_cache_stats_breakdown\[CHIPLET_ACC_R\]\[HIT\]\s*=\s*(.*)
kernel,llm_layer,layer,H100-SASS-Accelwattch_SASS_SIM,_ZN4vllm25fused_add_rms_norm_kernelIN3c108BFloat16ELi8ELb1EEENSt9enable_ifIXaagtT0_Li0Esr4vllm12_typeConvertIT_EE6existsEvE4typeEPS4_lS7_PKS4_fiil,L2_cache_stats_breakdown[CHIPLET_ACC_R][TOTAL_ACCESS],904.0,904.0,\s+L2_cache_stats_breakdown\[CHIPLET_ACC_R\]\[TOTAL_ACCESS\]\s*=\s*(.*)
kernel,llm_layer,layer,H100-SASS-Accelwattch_SASS_SIM,nvjet_sm90_tst_64x8_64x16_4x2_h_bz_bias_TNT,L2_cache_stats_breakdown[CHIPLET_ACC_R][TOTAL_ACCESS],32328.0,32328.0,\s+L2_cache_stats_breakdown\[CHIPLET_ACC_R\]\[TOTAL_ACCESS\]\s*=\s*(.*)
kernel,llm_layer,layer,H100-SASS-Accelwattch_SASS_SIM,_ZN4vllm23rotary_embedding_kernelIN3c108BFloat16ES2_Lb1EEEvPKlPT_S6_PKT0_illliiilb,L2_cache_stats_breakdown[CHIPLET_ACC_R][TOTAL_ACCESS],43.0,43.0,\s+L2_cache_stats_breakdown\[CHIPLET_ACC_R\]\[TOTAL_ACCESS\]\s*=\s*(.*)
kernel,llm_layer,layer,H100-SASS-Accelwattch_SASS_SIM,_ZN4vllm30reshape_and_cache_flash_kernelI13__nv_bfloat16S1_LNS_18Fp8KVCacheDataTypeE0EEEvPKT_S5_PT0_S7_PKlllllliiiPKfSB_i,L2_cache_stats_breakdown[CHIPLET_ACC_R][TOTAL_ACCESS],2.0,2.0,\s+L2_cache_stats_breakdown\[CHIPLET_ACC_R\]\[TOTAL_ACCESS\]\s*=\s*(.*)
kernel,llm_layer,layer,H100-SASS-Accelwattch_SASS_SIM,_ZN7cutlass13device_kernelIN5flash20enable_sm90_or_laterINS1_16FlashAttnFwdSm90INS1_25CollectiveMainloopFwdSm90ILi2EN4cute5tupleIJNS5_1CILi1EEES8_S8_EEENS6_IJNS7_ILi192EEENS7_ILi128EEENS7_ILi64EEEEEELi64ENS_10bfloat16_tEfNS_4arch4Sm90ELb1ELb0ELb0ELb1ELb1ELb0ELb0ELb1ELb1ELb1ELb0ELb0ESE_Li1EEENS1_21CollectiveEpilogueFwdINS6_IJSA_SC_SB_EEES9_SE_SG_Li384ELb1ELb1ELb0ELb0ELi1EEENS1_36VarlenDynamicPersistentTileSchedulerILi192ELi128ELi384ELi128ELb0ELb1ELb1ELb1ELb0ELb1EEEEEEEEEvNT_6ParamsE,L2_cache_stats_breakdown[CHIPLET_ACC_R][TOTAL_ACCESS],290.0,290.0,\s+L2_cache_stats_breakdown\[CHIPLET_ACC_R\]\[TOTAL_ACCESS\]\s*=\s*(.*)
kernel,llm_layer,layer,H100-SASS-Accelwattch_SASS_SIM,_ZN2at6native29vectorized_elementwise_kernelILi4ENS0_11FillFunctorIiEESt5arrayIPcLm1EEEEviT0_T1_,L2_cache_stats_breakdown[CHIPLET_ACC_R][TOTAL_ACCESS],0.0,0.0,\s+L2_cache_stats_breakdown\[CHIPLET_ACC_R\]\[TOTAL_ACCESS\]\s*=\s*(.*)
kernel,llm_layer,layer,H100-SASS-Accelwattch_SASS_SIM,nvjet_sm90_tst_64x8_64x16_4x2_h_bz_TNT,L2_cache_stats_breakdown[CHIPLET_ACC_R][TOTAL_ACCESS],25088.0,25088.0,\s+L2_cache_stats_breakdown\[CHIPLET_ACC_R\]\[TOTAL_ACCESS\]\s*=\s*(.*)
kernel,llm_layer,layer,H100-SASS-Accelwattch_SASS_SIM,nvjet_sm90_tst_128x16_64x11_4x1_v_bz_TNT,L2_cache_stats_breakdown[CHIPLET_ACC_R][TOTAL_ACCESS],272384.0,272384.0,\s+L2_cache_stats_breakdown\[CHIPLET_ACC_R\]\[TOTAL_ACCESS\]\s*=\s*(.*)
kernel,llm_layer,layer,H100-SASS-Accelwattch_SASS_SIM,_ZN4vllm18act_and_mul_kernelIN3c108BFloat16E14__nv_bfloat162XadL_ZNS_11silu_kernelIS2_EET_RKS5_fEEXadL_ZNS_18packed_silu_kernelIS3_EES5_S7_fEELb1ELb1ELb0ELb0EEEvPS5_PS6_ifff,L2_cache_stats_breakdown[CHIPLET_ACC_R][TOTAL_ACCESS],0.0,0.0,\s+L2_cache_stats_breakdown\[CHIPLET_ACC_R\]\[TOTAL_ACCESS\]\s*=\s*(.*)
kernel,llm_layer,layer,H100-SASS-Accelwattch_SASS_SIM,_ZN4vllm25fused_add_rms_norm_kernelIN3c108BFloat16ELi8ELb1EEENSt9enable_ifIXaagtT0_Li0Esr4vllm12_typeConvertIT_EE6existsEvE4typeEPS4_lS7_PKS4_fiil,L2_cache_stats_breakdown[CHIPLET_ACC_W][HIT],0.0,0.0,\s+L2_cache_stats_breakdown\[CHIPLET_ACC_W\]\[HIT\]\s*=\s*(.*)
kernel,llm_layer,layer,H100-SASS-Accelwattch_SASS_SIM,nvjet_sm90_tst_64x8_64x16_4x2_h_bz_bias_TNT,L2_cache_stats_breakdown[CHIPLET_ACC_W][HIT],0.0,0.0,\s+L2_cache_stats_breakdown\[CHIPLET_ACC_W\]\[HIT\]\s*=\s*(.*)
kernel,llm_layer,layer,H100-SASS-Accelwattch_SASS_SIM,_ZN4vllm23rotary_embedding_kernelIN3c108BFloat16ES2_Lb1EEEvPKlPT_S6_PKT0_illliiilb,L2_cache_stats_breakdown[CHIPLET_ACC_W][HIT],0.0,0.0,\s+L2_cache_stats_breakdown\[CHIPLET_ACC_W\]\[HIT\]\s*=\s*(.*)
kernel,llm_layer,layer,H100-SASS-Accelwattch_SASS_SIM,_ZN4vllm30reshape_and_cache_flash_kernelI13__nv_bfloat16S1_LNS_18Fp8KVCacheDataTypeE0EEEvPKT_S5_PT0_S7_PKlllllliiiPKfSB_i,L2_cache_stats_breakdown[CHIPLET_ACC_W][HIT],0.0,0.0,\s+L2_cache_stats_breakdown\[CHIPLET_ACC_W\]\[HIT\]\s*=\s*(.*)
kernel,llm_layer,layer,H100-SASS-Accelwattch_SASS_SIM,_ZN7cutlass13device_kernelIN5flash20enable_sm90_or_laterINS1_16FlashAttnFwdSm90INS1_25CollectiveMainloopFwdSm90ILi2EN4cute5tupleIJNS5_1CILi1EEES8_S8_EEENS6_IJNS7_ILi192EEENS7_ILi128EEENS7_ILi64EEEEEELi64ENS_10bfloat16_tEfNS_4arch4Sm90ELb1ELb0ELb0ELb1ELb1ELb0ELb0ELb1ELb1ELb1ELb0ELb0ESE_Li1EEENS1_21CollectiveEpilogueFwdINS6_IJSA_SC_SB_EEES9_SE_SG_Li384ELb1ELb1ELb0ELb0ELi1EEENS1_36VarlenDynamicPersistentTileSchedulerILi192ELi128ELi384ELi128ELb0ELb1ELb1ELb1ELb0ELb1EEEEEEEEEvNT_6ParamsE,L2_cache_stats_breakdown[CHIPLET_ACC_W][HIT],0.0,0.0,\s+L2_cache_stats_breakdown\[CHIPLET_ACC_W\]\[HIT\]\s*=\s*(.*)
kernel,llm_layer,layer,H100-SASS-Accelwattch_SASS_SIM,_ZN2at6native29vectorized_elementwise_kernelILi4ENS0_11FillFunctorIiEESt5arrayIPcLm1EEEEviT0_T1_,L2_cache_stats_breakdown[CHIPLET_ACC_W][HIT],0.0,0.0,\s+L2_cache_stats_breakdown\[CHIPLET_ACC_W\]\[HIT\]\s*=\s*(.*)
kernel,llm_layer,layer,H100-SASS-Accelwattch_SASS_SIM,nvjet_sm90_tst_64x8_64x16_4x2_h_bz_TNT,L2_cache_stats_breakdown[CHIPLET_ACC_W][HIT],0.0,0.0,\s+L2_cache_stats_breakdown\[CHIPLET_ACC_W\]\[HIT\]\s*=\s*(.*)
kernel,llm_layer,layer,H100-SASS-Accelwattch_SASS_SIM,nvjet_sm90_tst_128x16_64x11_4x1_v_bz_TNT,L2_cache_stats_breakdown[CHIPLET_ACC_W][HIT],0.0,0.0,\s+L2_cache_stats_breakdown\[CHIPLET_ACC_W\]\[HIT\]\s*=\s*(.*)
kernel,llm_layer,layer,H100-SASS-Accelwattch_SASS_SIM,_ZN4vllm18act_and_mul_kernelIN3c108BFloat16E14__nv_bfloat162XadL_ZNS_11silu_kernelIS2_EET_RKS5_fEEXadL_ZNS_18packed_silu_kernelIS3_EES5_S7_fEELb1ELb1ELb0ELb0EEEvPS5_PS6_ifff,L2_cache_stats_breakdown[CHIPLET_ACC_W][HIT],0.0,0.0,\s+L2_cache_stats_breakdown\[CHIPLET_ACC_W\]\[HIT\]\s*=\s*(.*)
kernel,llm_layer,layer,H100-SASS-Accelwattch_SASS_SIM,_ZN4vllm25fused_add_rms_norm_kernelIN3c108BFloat16ELi8ELb1EEENSt9enable_ifIXaagtT0_Li0Esr4vllm12_typeConvertIT_EE6existsEvE4typeEPS4_lS7_PKS4_fiil,L2_cache_stats_breakdown[CHIPLET_ACC_W][TOTAL_ACCESS],,NA,\s+L2_cache_stats_breakdown\[CHIPLET_ACC_W\]\[TOTAL_ACCESS\]\s*=\s*(.*)
kernel,llm_layer,layer,H100-SASS-Accelwattch_SASS_SIM,nvjet_sm90_tst_64x8_64x16_4x2_h_bz_bias_TNT,L2_cache_stats_breakdown[CHIPLET_ACC_W][TOTAL_ACCESS],,NA,\s+L2_cache_stats_breakdown\[CHIPLET_ACC_W\]\[TOTAL_ACCESS\]\s*=\s*(.*)
kernel,llm_layer,layer,H100-SASS-Accelwattch_SASS_SIM,_ZN4vllm23rotary_embedding_kernelIN3c108BFloat16ES2_Lb1EEEvPKlPT_S6_PKT0_illliiilb,L2_cache_stats_breakdown[CHIPLET_ACC_W][TOTAL_ACCESS],,NA,\s+L2_cache_stats_breakdown\[CHIPLET_ACC_W\]\[TOTAL_ACCESS\]\s*=\s*(.*)
kernel,llm_layer,layer,H100-SASS-Accelwattch_SASS_SIM,_ZN4vllm30reshape_and_cache_flash_kernelI13__nv_bfloat16S1_LNS_18Fp8KVCacheDataTypeE0EEEvPKT_S5_PT0_S7_PKlllllliiiPKfSB_i,L2_cache_stats_breakdown[CHIPLET_ACC_W][TOTAL_ACCESS],,NA,\s+L2_cache_stats_breakdown\[CHIPLET_ACC_W\]\[TOTAL_ACCESS\]\s*=\s*(.*)
kernel,llm_layer,layer,H100-SASS-Accelwattch_SASS_SIM,_ZN7cutlass13device_kernelIN5flash20enable_sm90_or_laterINS1_16FlashAttnFwdSm90INS1_25CollectiveMainloopFwdSm90ILi2EN4cute5tupleIJNS5_1CILi1EEES8_S8_EEENS6_IJNS7_ILi192EEENS7_ILi128EEENS7_ILi64EEEEEELi64ENS_10bfloat16_tEfNS_4arch4Sm90ELb1ELb0ELb0ELb1ELb1ELb0ELb0ELb1ELb1ELb1ELb0ELb0ESE_Li1EEENS1_21CollectiveEpilogueFwdINS6_IJSA_SC_SB_EEES9_SE_SG_Li384ELb1ELb1ELb0ELb0ELi1EEENS1_36VarlenDynamicPersistentTileSchedulerILi192ELi128ELi384ELi128ELb0ELb1ELb1ELb1ELb0ELb1EEEEEEEEEvNT_6ParamsE,L2_cache_stats_breakdown[CHIPLET_ACC_W][TOTAL_ACCESS],,NA,\s+L2_cache_stats_breakdown\[CHIPLET_ACC_W\]\[TOTAL_ACCESS\]\s*=\s*(.*)
kernel,llm_layer,layer,H100-SASS-Accelwattch_SASS_SIM,_ZN2at6native29vectorized_elementwise_kernelILi4ENS0_11FillFunctorIiEESt5arrayIPcLm1EEEEviT0_T1_,L2_cache_stats_breakdown[CHIPLET_ACC_W][TOTAL_ACCESS],,NA,\s+L2_cache_stats_breakdown\[CHIPLET_ACC_W\]\[TOTAL_ACCESS\]\s*=\s*(.*)
kernel,llm_layer,layer,H100-SASS-Accelwattch_SASS_SIM,nvjet_sm90_tst_64x8_64x16_4x2_h_bz_TNT,L2_cache_stats_breakdown[CHIPLET_ACC_W][TOTAL_ACCESS],,NA,\s+L2_cache_stats_breakdown\[CHIPLET_ACC_W\]\[TOTAL_ACCESS\]\s*=\s*(.*)
kernel,llm_layer,layer,H100-SASS-Accelwattch_SASS_SIM,nvjet_sm90_tst_128x16_64x11_4x1_v_bz_TNT,L2_cache_stats_breakdown[CHIPLET_ACC_W][TOTAL_ACCESS],,NA,\s+L2_cache_stats_breakdown\[CHIPLET_ACC_W\]\[TOTAL_ACCESS\]\s*=\s*(.*)
kernel,llm_layer,layer,H100-SASS-Accelwattch_SASS_SIM,_ZN4vllm18act_and_mul_kernelIN3c108BFloat16E14__nv_bfloat162XadL_ZNS_11silu_kernelIS2_EET_RKS5_fEEXadL_ZNS_18packed_silu_kernelIS3_EES5_S7_fEELb1ELb1ELb0ELb0EEEvPS5_PS6_ifff,L2_cache_stats_breakdown[CHIPLET_ACC_W][TOTAL_ACCESS],,NA,\s+L2_cache_stats_breakdown\[CHIPLET_ACC_W\]\[TOTAL_ACCESS\]\s*=\s*(.*)
kernel,llm_layer,layer,H100-SASS-Accelwattch_SASS_SIM,_ZN4vllm25fused_add_rms_norm_kernelIN3c108BFloat16ELi8ELb1EEENSt9enable_ifIXaagtT0_Li0Esr4vllm12_typeConvertIT_EE6existsEvE4typeEPS4_lS7_PKS4_fiil,Total_core_cache_stats_breakdown[GLOBAL_ACC_R][TOTAL_ACCESS],5600.0,5600.0,\s+Total_core_cache_stats_breakdown\[GLOBAL_ACC_R\]\[TOTAL_ACCESS\]\s*=\s*(.*)
kernel,llm_layer,layer,H100-SASS-Accelwattch_SASS_SIM,nvjet_sm90_tst_64x8_64x16_4x2_h_bz_bias_TNT,Total_core_cache_stats_breakdown[GLOBAL_ACC_R][TOTAL_ACCESS],0.0,0.0,\s+Total_core_cache_stats_breakdown\[GLOBAL_ACC_R\]\[TOTAL_ACCESS\]\s*=\s*(.*)
kernel,llm_layer,layer,H100-SASS-Accelwattch_SASS_SIM,_ZN4vllm23rotary_embedding_kernelIN3c108BFloat16ES2_Lb1EEEvPKlPT_S6_PKT0_illliiilb,Total_core_cache_stats_breakdown[GLOBAL_ACC_R][TOTAL_ACCESS],1420.0,1420.0,\s+Total_core_cache_stats_breakdown\[GLOBAL_ACC_R\]\[TOTAL_ACCESS\]\s*=\s*(.*)
kernel,llm_layer,layer,H100-SASS-Accelwattch_SASS_SIM,_ZN4vllm30reshape_and_cache_flash_kernelI13__nv_bfloat16S1_LNS_18Fp8KVCacheDataTypeE0EEEvPKT_S5_PT0_S7_PKlllllliiiPKfSB_i,Total_core_cache_stats_breakdown[GLOBAL_ACC_R][TOTAL_ACCESS],200.0,200.0,\s+Total_core_cache_stats_breakdown\[GLOBAL_ACC_R\]\[TOTAL_ACCESS\]\s*=\s*(.*)
kernel,llm_layer,layer,H100-SASS-Accelwattch_SASS_SIM,_ZN7cutlass13device_kernelIN5flash20enable_sm90_or_laterINS1_16FlashAttnFwdSm90INS1_25CollectiveMainloopFwdSm90ILi2EN4cute5tupleIJNS5_1CILi1EEES8_S8_EEENS6_IJNS7_ILi192EEENS7_ILi128EEENS7_ILi64EEEEEELi64ENS_10bfloat16_tEfNS_4arch4Sm90ELb1ELb0ELb0ELb1ELb1ELb0ELb0ELb1ELb1ELb1ELb0ELb0ESE_Li1EEENS1_21CollectiveEpilogueFwdINS6_IJSA_SC_SB_EEES9_SE_SG_Li384ELb1ELb1ELb0ELb0ELi1EEENS1_36VarlenDynamicPersistentTileSchedulerILi192ELi128ELi384ELi128ELb0ELb1ELb1ELb1ELb0ELb1EEEEEEEEEvNT_6ParamsE,Total_core_cache_stats_breakdown[GLOBAL_ACC_R][TOTAL_ACCESS],1854.0,1854.0,\s+Total_core_cache_stats_breakdown\[GLOBAL_ACC_R\]\[TOTAL_ACCESS\]\s*=\s*(.*)
kernel,llm_layer,layer,H100-SASS-Accelwattch_SASS_SIM,_ZN2at6native29vectorized_elementwise_kernelILi4ENS0_11FillFunctorIiEESt5arrayIPcLm1EEEEviT0_T1_,Total_core_cache_stats_breakdown[GLOBAL_ACC_R][TOTAL_ACCESS],0.0,0.0,\s+Total_core_cache_stats_breakdown\[GLOBAL_ACC_R\]\[TOTAL_ACCESS\]\s*=\s*(.*)
kernel,llm_layer,layer,H100-SASS-Accelwattch_SASS_SIM,nvjet_sm90_tst_64x8_64x16_4x2_h_bz_TNT,Total_core_cache_stats_breakdown[GLOBAL_ACC_R][TOTAL_ACCESS],0.0,0.0,\s+Total_core_cache_stats_breakdown\[GLOBAL_ACC_R\]\[TOTAL_ACCESS\]\s*=\s*(.*)
kernel,llm_layer,layer,H100-SASS-Accelwattch_SASS_SIM,nvjet_sm90_tst_128x16_64x11_4x1_v_bz_TNT,Total_core_cache_stats_breakdown[GLOBAL_ACC_R][TOTAL_ACCESS],0.0,0.0,\s+Total_core_cache_stats_breakdown\[GLOBAL_ACC_R\]\[TOTAL_ACCESS\]\s*=\s*(.*)
kernel,llm_layer,layer,H100-SASS-Accelwattch_SASS_SIM,_ZN4vllm18act_and_mul_kernelIN3c108BFloat16E14__nv_bfloat162XadL_ZNS_11silu_kernelIS2_EET_RKS5_fEEXadL_ZNS_18packed_silu_kernelIS3_EES5_S7_fEELb1ELb1ELb0ELb0EEEvPS5_PS6_ifff,Total_core_cache_stats_breakdown[GLOBAL_ACC_R][TOTAL_ACCESS],6080.0,6080.0,\s+Total_core_cache_stats_breakdown\[GLOBAL_ACC_R\]\[TOTAL_ACCESS\]\s*=\s*(.*)
kernel,llm_layer,layer,H100-SASS-Accelwattch_SASS_SIM,_ZN4vllm25fused_add_rms_norm_kernelIN3c108BFloat16ELi8ELb1EEENSt9enable_ifIXaagtT0_Li0Esr4vllm12_typeConvertIT_EE6existsEvE4typeEPS4_lS7_PKS4_fiil,Total_core_cache_stats_breakdown[GLOBAL_ACC_R][HIT],1120.0,1120.0,\s+Total_core_cache_stats_breakdown\[GLOBAL_ACC_R\]\[HIT\]\s*=\s*(.*)
kernel,llm_layer,layer,H100-SASS-Accelwattch_SASS_SIM,nvjet_sm90_tst_64x8_64x16_4x2_h_bz_bias_TNT,Total_core_cache_stats_breakdown[GLOBAL_ACC_R][HIT],0.0,0.0,\s+Total_core_cache_stats_breakdown\[GLOBAL_ACC_R\]\[HIT\]\s*=\s*(.*)
kernel,llm_layer,layer,H100-SASS-Accelwattch_SASS_SIM,_ZN4vllm23rotary_embedding_kernelIN3c108BFloat16ES2_Lb1EEEvPKlPT_S6_PKT0_illliiilb,Total_core_cache_stats_breakdown[GLOBAL_ACC_R][HIT],80.0,80.0,\s+Total_core_cache_stats_breakdown\[GLOBAL_ACC_R\]\[HIT\]\s*=\s*(.*)
kernel,llm_layer,layer,H100-SASS-Accelwattch_SASS_SIM,_ZN4vllm30reshape_and_cache_flash_kernelI13__nv_bfloat16S1_LNS_18Fp8KVCacheDataTypeE0EEEvPKT_S5_PT0_S7_PKlllllliiiPKfSB_i,Total_core_cache_stats_breakdown[GLOBAL_ACC_R][HIT],0.0,0.0,\s+Total_core_cache_stats_breakdown\[GLOBAL_ACC_R\]\[HIT\]\s*=\s*(.*)
kernel,llm_layer,layer,H100-SASS-Accelwattch_SASS_SIM,_ZN7cutlass13device_kernelIN5flash20enable_sm90_or_laterINS1_16FlashAttnFwdSm90INS1_25CollectiveMainloopFwdSm90ILi2EN4cute5tupleIJNS5_1CILi1EEES8_S8_EEENS6_IJNS7_ILi192EEENS7_ILi128EEENS7_ILi64EEEEEELi64ENS_10bfloat16_tEfNS_4arch4Sm90ELb1ELb0ELb0ELb1ELb1ELb0ELb0ELb1ELb1ELb1ELb0ELb0ESE_Li1EEENS1_21CollectiveEpilogueFwdINS6_IJSA_SC_SB_EEES9_SE_SG_Li384ELb1ELb1ELb0ELb0ELi1EEENS1_36VarlenDynamicPersistentTileSchedulerILi192ELi128ELi384ELi128ELb0ELb1ELb1ELb1ELb0ELb1EEEEEEEEEvNT_6ParamsE,Total_core_cache_stats_breakdown[GLOBAL_ACC_R][HIT],76.0,76.0,\s+Total_core_cache_stats_breakdown\[GLOBAL_ACC_R\]\[HIT\]\s*=\s*(.*)
kernel,llm_layer,layer,H100-SASS-Accelwattch_SASS_SIM,_ZN2at6native29vectorized_elementwise_kernelILi4ENS0_11FillFunctorIiEESt5arrayIPcLm1EEEEviT0_T1_,Total_core_cache_stats_breakdown[GLOBAL_ACC_R][HIT],0.0,0.0,\s+Total_core_cache_stats_breakdown\[GLOBAL_ACC_R\]\[HIT\]\s*=\s*(.*)
kernel,llm_layer,layer,H100-SASS-Accelwattch_SASS_SIM,nvjet_sm90_tst_64x8_64x16_4x2_h_bz_TNT,Total_core_cache_stats_breakdown[GLOBAL_ACC_R][HIT],0.0,0.0,\s+Total_core_cache_stats_breakdown\[GLOBAL_ACC_R\]\[HIT\]\s*=\s*(.*)
kernel,llm_layer,layer,H100-SASS-Accelwattch_SASS_SIM,nvjet_sm90_tst_128x16_64x11_4x1_v_bz_TNT,Total_core_cache_stats_breakdown[GLOBAL_ACC_R][HIT],0.0,0.0,\s+Total_core_cache_stats_breakdown\[GLOBAL_ACC_R\]\[HIT\]\s*=\s*(.*)
kernel,llm_layer,layer,H100-SASS-Accelwattch_SASS_SIM,_ZN4vllm18act_and_mul_kernelIN3c108BFloat16E14__nv_bfloat162XadL_ZNS_11silu_kernelIS2_EET_RKS5_fEEXadL_ZNS_18packed_silu_kernelIS3_EES5_S7_fEELb1ELb1ELb0ELb0EEEvPS5_PS6_ifff,Total_core_cache_stats_breakdown[GLOBAL_ACC_R][HIT],0.0,0.0,\s+Total_core_cache_stats_breakdown\[GLOBAL_ACC_R\]\[HIT\]\s*=\s*(.*)
kernel,llm_layer,layer,H100-SASS-Accelwattch_SASS_SIM,_ZN4vllm25fused_add_rms_norm_kernelIN3c108BFloat16ELi8ELb1EEENSt9enable_ifIXaagtT0_Li0Esr4vllm12_typeConvertIT_EE6existsEvE4typeEPS4_lS7_PKS4_fiil,Total_core_cache_stats_breakdown[GLOBAL_ACC_W][HIT],2240.0,2240.0,\s+Total_core_cache_stats_breakdown\[GLOBAL_ACC_W\]\[HIT\]\s*=\s*(.*)
kernel,llm_layer,layer,H100-SASS-Accelwattch_SASS_SIM,nvjet_sm90_tst_64x8_64x16_4x2_h_bz_bias_TNT,Total_core_cache_stats_breakdown[GLOBAL_ACC_W][HIT],0.0,0.0,\s+Total_core_cache_stats_breakdown\[GLOBAL_ACC_W\]\[HIT\]\s*=\s*(.*)
kernel,llm_layer,layer,H100-SASS-Accelwattch_SASS_SIM,_ZN4vllm23rotary_embedding_kernelIN3c108BFloat16ES2_Lb1EEEvPKlPT_S6_PKT0_illliiilb,Total_core_cache_stats_breakdown[GLOBAL_ACC_W][HIT],640.0,640.0,\s+Total_core_cache_stats_breakdown\[GLOBAL_ACC_W\]\[HIT\]\s*=\s*(.*)
kernel,llm_layer,layer,H100-SASS-Accelwattch_SASS_SIM,_ZN4vllm30reshape_and_cache_flash_kernelI13__nv_bfloat16S1_LNS_18Fp8KVCacheDataTypeE0EEEvPKT_S5_PT0_S7_PKlllllliiiPKfSB_i,Total_core_cache_stats_breakdown[GLOBAL_ACC_W][HIT],0.0,0.0,\s+Total_core_cache_stats_breakdown\[GLOBAL_ACC_W\]\[HIT\]\s*=\s*(.*)
kernel,llm_layer,layer,H100-SASS-Accelwattch_SASS_SIM,_ZN7cutlass13device_kernelIN5flash20enable_sm90_or_laterINS1_16FlashAttnFwdSm90INS1_25CollectiveMainloopFwdSm90ILi2EN4cute5tupleIJNS5_1CILi1EEES8_S8_EEENS6_IJNS7_ILi192EEENS7_ILi128EEENS7_ILi64EEEEEELi64ENS_10bfloat16_tEfNS_4arch4Sm90ELb1ELb0ELb0ELb1ELb1ELb0ELb0ELb1ELb1ELb1ELb0ELb0ESE_Li1EEENS1_21CollectiveEpilogueFwdINS6_IJSA_SC_SB_EEES9_SE_SG_Li384ELb1ELb1ELb0ELb0ELi1EEENS1_36VarlenDynamicPersistentTileSchedulerILi192ELi128ELi384ELi128ELb0ELb1ELb1ELb1ELb0ELb1EEEEEEEEEvNT_6ParamsE,Total_core_cache_stats_breakdown[GLOBAL_ACC_W][HIT],113.0,113.0,\s+Total_core_cache_stats_breakdown\[GLOBAL_ACC_W\]\[HIT\]\s*=\s*(.*)
kernel,llm_layer,layer,H100-SASS-Accelwattch_SASS_SIM,_ZN2at6native29vectorized_elementwise_kernelILi4ENS0_11FillFunctorIiEESt5arrayIPcLm1EEEEviT0_T1_,Total_core_cache_stats_breakdown[GLOBAL_ACC_W][HIT],0.0,0.0,\s+Total_core_cache_stats_breakdown\[GLOBAL_ACC_W\]\[HIT\]\s*=\s*(.*)
kernel,llm_layer,layer,H100-SASS-Accelwattch_SASS_SIM,nvjet_sm90_tst_64x8_64x16_4x2_h_bz_TNT,Total_core_cache_stats_breakdown[GLOBAL_ACC_W][HIT],0.0,0.0,\s+Total_core_cache_stats_breakdown\[GLOBAL_ACC_W\]\[HIT\]\s*=\s*(.*)
kernel,llm_layer,layer,H100-SASS-Accelwattch_SASS_SIM,nvjet_sm90_tst_128x16_64x11_4x1_v_bz_TNT,Total_core_cache_stats_breakdown[GLOBAL_ACC_W][HIT],0.0,0.0,\s+Total_core_cache_stats_breakdown\[GLOBAL_ACC_W\]\[HIT\]\s*=\s*(.*)
kernel,llm_layer,layer,H100-SASS-Accelwattch_SASS_SIM,_ZN4vllm18act_and_mul_kernelIN3c108BFloat16E14__nv_bfloat162XadL_ZNS_11silu_kernelIS2_EET_RKS5_fEEXadL_ZNS_18packed_silu_kernelIS3_EES5_S7_fEELb1ELb1ELb0ELb0EEEvPS5_PS6_ifff,Total_core_cache_stats_breakdown[GLOBAL_ACC_W][HIT],0.0,0.0,\s+Total_core_cache_stats_breakdown\[GLOBAL_ACC_W\]\[HIT\]\s*=\s*(.*)
kernel,llm_layer,layer,H100-SASS-Accelwattch_SASS_SIM,_ZN4vllm25fused_add_rms_norm_kernelIN3c108BFloat16ELi8ELb1EEENSt9enable_ifIXaagtT0_Li0Esr4vllm12_typeConvertIT_EE6existsEvE4typeEPS4_lS7_PKS4_fiil,Total_core_cache_stats_breakdown[GLOBAL_ACC_W][TOTAL_ACCESS],2240.0,2240.0,\s+Total_core_cache_stats_breakdown\[GLOBAL_ACC_W\]\[TOTAL_ACCESS\]\s*=\s*(.*)
kernel,llm_layer,layer,H100-SASS-Accelwattch_SASS_SIM,nvjet_sm90_tst_64x8_64x16_4x2_h_bz_bias_TNT,Total_core_cache_stats_breakdown[GLOBAL_ACC_W][TOTAL_ACCESS],0.0,0.0,\s+Total_core_cache_stats_breakdown\[GLOBAL_ACC_W\]\[TOTAL_ACCESS\]\s*=\s*(.*)
kernel,llm_layer,layer,H100-SASS-Accelwattch_SASS_SIM,_ZN4vllm23rotary_embedding_kernelIN3c108BFloat16ES2_Lb1EEEvPKlPT_S6_PKT0_illliiilb,Total_core_cache_stats_breakdown[GLOBAL_ACC_W][TOTAL_ACCESS],640.0,640.0,\s+Total_core_cache_stats_breakdown\[GLOBAL_ACC_W\]\[TOTAL_ACCESS\]\s*=\s*(.*)
kernel,llm_layer,layer,H100-SASS-Accelwattch_SASS_SIM,_ZN4vllm30reshape_and_cache_flash_kernelI13__nv_bfloat16S1_LNS_18Fp8KVCacheDataTypeE0EEEvPKT_S5_PT0_S7_PKlllllliiiPKfSB_i,Total_core_cache_stats_breakdown[GLOBAL_ACC_W][TOTAL_ACCESS],160.0,160.0,\s+Total_core_cache_stats_breakdown\[GLOBAL_ACC_W\]\[TOTAL_ACCESS\]\s*=\s*(.*)
kernel,llm_layer,layer,H100-SASS-Accelwattch_SASS_SIM,_ZN7cutlass13device_kernelIN5flash20enable_sm90_or_laterINS1_16FlashAttnFwdSm90INS1_25CollectiveMainloopFwdSm90ILi2EN4cute5tupleIJNS5_1CILi1EEES8_S8_EEENS6_IJNS7_ILi192EEENS7_ILi128EEENS7_ILi64EEEEEELi64ENS_10bfloat16_tEfNS_4arch4Sm90ELb1ELb0ELb0ELb1ELb1ELb0ELb0ELb1ELb1ELb1ELb0ELb0ESE_Li1EEENS1_21CollectiveEpilogueFwdINS6_IJSA_SC_SB_EEES9_SE_SG_Li384ELb1ELb1ELb0ELb0ELi1EEENS1_36VarlenDynamicPersistentTileSchedulerILi192ELi128ELi384ELi128ELb0ELb1ELb1ELb1ELb0ELb1EEEEEEEEEvNT_6ParamsE,Total_core_cache_stats_breakdown[GLOBAL_ACC_W][TOTAL_ACCESS],686.0,686.0,\s+Total_core_cache_stats_breakdown\[GLOBAL_ACC_W\]\[TOTAL_ACCESS\]\s*=\s*(.*)
kernel,llm_layer,layer,H100-SASS-Accelwattch_SASS_SIM,_ZN2at6native29vectorized_elementwise_kernelILi4ENS0_11FillFunctorIiEESt5arrayIPcLm1EEEEviT0_T1_,Total_core_cache_stats_breakdown[GLOBAL_ACC_W][TOTAL_ACCESS],1.0,1.0,\s+Total_core_cache_stats_breakdown\[GLOBAL_ACC_W\]\[TOTAL_ACCESS\]\s*=\s*(.*)
kernel,llm_layer,layer,H100-SASS-Accelwattch_SASS_SIM,nvjet_sm90_tst_64x8_64x16_4x2_h_bz_TNT,Total_core_cache_stats_breakdown[GLOBAL_ACC_W][TOTAL_ACCESS],0.0,0.0,\s+Total_core_cache_stats_breakdown\[GLOBAL_ACC_W\]\[TOTAL_ACCESS\]\s*=\s*(.*)
kernel,llm_layer,layer,H100-SASS-Accelwattch_SASS_SIM,nvjet_sm90_tst_128x16_64x11_4x1_v_bz_TNT,Total_core_cache_stats_breakdown[GLOBAL_ACC_W][TOTAL_ACCESS],0.0,0.0,\s+Total_core_cache_stats_breakdown\[GLOBAL_ACC_W\]\[TOTAL_ACCESS\]\s*=\s*(.*)
kernel,llm_layer,layer,H100-SASS-Accelwattch_SASS_SIM,_ZN4vllm18act_and_mul_kernelIN3c108BFloat16E14__nv_bfloat162XadL_ZNS_11silu_kernelIS2_EET_RKS5_fEEXadL_ZNS_18packed_silu_kernelIS3_EES5_S7_fEELb1ELb1ELb0ELb0EEEvPS5_PS6_ifff,Total_core_cache_stats_breakdown[GLOBAL_ACC_W][TOTAL_ACCESS],3040.0,3040.0,\s+Total_core_cache_stats_breakdown\[GLOBAL_ACC_W\]\[TOTAL_ACCESS\]\s*=\s*(.*)
kernel,llm_layer,layer,H100-SASS-Accelwattch_SASS_SIM,_ZN4vllm25fused_add_rms_norm_kernelIN3c108BFloat16ELi8ELb1EEENSt9enable_ifIXaagtT0_Li0Esr4vllm12_typeConvertIT_EE6existsEvE4typeEPS4_lS7_PKS4_fiil,Total_core_cache_stats_breakdown[GLOBAL_ACC_R][MSHR_HIT],1120.0,1120.0,\s+Total_core_cache_stats_breakdown\[GLOBAL_ACC_R\]\[MSHR_HIT\]\s*=\s*(.*)
kernel,llm_layer,layer,H100-SASS-Accelwattch_SASS_SIM,nvjet_sm90_tst_64x8_64x16_4x2_h_bz_bias_TNT,Total_core_cache_stats_breakdown[GLOBAL_ACC_R][MSHR_HIT],0.0,0.0,\s+Total_core_cache_stats_breakdown\[GLOBAL_ACC_R\]\[MSHR_HIT\]\s*=\s*(.*)
kernel,llm_layer,layer,H100-SASS-Accelwattch_SASS_SIM,_ZN4vllm23rotary_embedding_kernelIN3c108BFloat16ES2_Lb1EEEvPKlPT_S6_PKT0_illliiilb,Total_core_cache_stats_breakdown[GLOBAL_ACC_R][MSHR_HIT],650.0,650.0,\s+Total_core_cache_stats_breakdown\[GLOBAL_ACC_R\]\[MSHR_HIT\]\s*=\s*(.*)
kernel,llm_layer,layer,H100-SASS-Accelwattch_SASS_SIM,_ZN4vllm30reshape_and_cache_flash_kernelI13__nv_bfloat16S1_LNS_18Fp8KVCacheDataTypeE0EEEvPKT_S5_PT0_S7_PKlllllliiiPKfSB_i,Total_core_cache_stats_breakdown[GLOBAL_ACC_R][MSHR_HIT],30.0,30.0,\s+Total_core_cache_stats_breakdown\[GLOBAL_ACC_R\]\[MSHR_HIT\]\s*=\s*(.*)
kernel,llm_layer,layer,H100-SASS-Accelwattch_SASS_SIM,_ZN7cutlass13device_kernelIN5flash20enable_sm90_or_laterINS1_16FlashAttnFwdSm90INS1_25CollectiveMainloopFwdSm90ILi2EN4cute5tupleIJNS5_1CILi1EEES8_S8_EEENS6_IJNS7_ILi192EEENS7_ILi128EEENS7_ILi64EEEEEELi64ENS_10bfloat16_tEfNS_4arch4Sm90ELb1ELb0ELb0ELb1ELb1ELb0ELb0ELb1ELb1ELb1ELb0ELb0ESE_Li1EEENS1_21CollectiveEpilogueFwdINS6_IJSA_SC_SB_EEES9_SE_SG_Li384ELb1ELb1ELb0ELb0ELi1EEENS1_36VarlenDynamicPersistentTileSchedulerILi192ELi128ELi384ELi128ELb0ELb1ELb1ELb1ELb0ELb1EEEEEEEEEvNT_6ParamsE,Total_core_cache_stats_breakdown[GLOBAL_ACC_R][MSHR_HIT],104.0,104.0,\s+Total_core_cache_stats_breakdown\[GLOBAL_ACC_R\]\[MSHR_HIT\]\s*=\s*(.*)
kernel,llm_layer,layer,H100-SASS-Accelwattch_SASS_SIM,_ZN2at6native29vectorized_elementwise_kernelILi4ENS0_11FillFunctorIiEESt5arrayIPcLm1EEEEviT0_T1_,Total_core_cache_stats_breakdown[GLOBAL_ACC_R][MSHR_HIT],0.0,0.0,\s+Total_core_cache_stats_breakdown\[GLOBAL_ACC_R\]\[MSHR_HIT\]\s*=\s*(.*)
kernel,llm_layer,layer,H100-SASS-Accelwattch_SASS_SIM,nvjet_sm90_tst_64x8_64x16_4x2_h_bz_TNT,Total_core_cache_stats_breakdown[GLOBAL_ACC_R][MSHR_HIT],0.0,0.0,\s+Total_core_cache_stats_breakdown\[GLOBAL_ACC_R\]\[MSHR_HIT\]\s*=\s*(.*)
kernel,llm_layer,layer,H100-SASS-Accelwattch_SASS_SIM,nvjet_sm90_tst_128x16_64x11_4x1_v_bz_TNT,Total_core_cache_stats_breakdown[GLOBAL_ACC_R][MSHR_HIT],0.0,0.0,\s+Total_core_cache_stats_breakdown\[GLOBAL_ACC_R\]\[MSHR_HIT\]\s*=\s*(.*)
kernel,llm_layer,layer,H100-SASS-Accelwattch_SASS_SIM,_ZN4vllm18act_and_mul_kernelIN3c108BFloat16E14__nv_bfloat162XadL_ZNS_11silu_kernelIS2_EET_RKS5_fEEXadL_ZNS_18packed_silu_kernelIS3_EES5_S7_fEELb1ELb1ELb0ELb0EEEvPS5_PS6_ifff,Total_core_cache_stats_breakdown[GLOBAL_ACC_R][MSHR_HIT],0.0,0.0,\s+Total_core_cache_stats_breakdown\[GLOBAL_ACC_R\]\[MSHR_HIT\]\s*=\s*(.*)
kernel,llm_layer,layer,H100-SASS-Accelwattch_SASS_SIM,_ZN4vllm25fused_add_rms_norm_kernelIN3c108BFloat16ELi8ELb1EEENSt9enable_ifIXaagtT0_Li0Esr4vllm12_typeConvertIT_EE6existsEvE4typeEPS4_lS7_PKS4_fiil,gpgpu_n_tot_w_icount,47060.0,47060.0,gpgpu_n_tot_w_icount\s*=\s*(.*)
kernel,llm_layer,layer,H100-SASS-Accelwattch_SASS_SIM,nvjet_sm90_tst_64x8_64x16_4x2_h_bz_bias_TNT,gpgpu_n_tot_w_icount,201631.0,201631.0,gpgpu_n_tot_w_icount\s*=\s*(.*)
kernel,llm_layer,layer,H100-SASS-Accelwattch_SASS_SIM,_ZN4vllm23rotary_embedding_kernelIN3c108BFloat16ES2_Lb1EEEvPKlPT_S6_PKT0_illliiilb,gpgpu_n_tot_w_icount,18980.0,18980.0,gpgpu_n_tot_w_icount\s*=\s*(.*)
kernel,llm_layer,layer,H100-SASS-Accelwattch_SASS_SIM,_ZN4vllm30reshape_and_cache_flash_kernelI13__nv_bfloat16S1_LNS_18Fp8KVCacheDataTypeE0EEEvPKT_S5_PT0_S7_PKlllllliiiPKfSB_i,gpgpu_n_tot_w_icount,5740.0,5740.0,gpgpu_n_tot_w_icount\s*=\s*(.*)
kernel,llm_layer,layer,H100-SASS-Accelwattch_SASS_SIM,_ZN7cutlass13device_kernelIN5flash20enable_sm90_or_laterINS1_16FlashAttnFwdSm90INS1_25CollectiveMainloopFwdSm90ILi2EN4cute5tupleIJNS5_1CILi1EEES8_S8_EEENS6_IJNS7_ILi192EEENS7_ILi128EEENS7_ILi64EEEEEELi64ENS_10bfloat16_tEfNS_4arch4Sm90ELb1ELb0ELb0ELb1ELb1ELb0ELb0ELb1ELb1ELb1ELb0ELb0ESE_Li1EEENS1_21CollectiveEpilogueFwdINS6_IJSA_SC_SB_EEES9_SE_SG_Li384ELb1ELb1ELb0ELb0ELi1EEENS1_36VarlenDynamicPersistentTileSchedulerILi192ELi128ELi384ELi128ELb0ELb1ELb1ELb1ELb0ELb1EEEEEEEEEvNT_6ParamsE,gpgpu_n_tot_w_icount,224952.0,224952.0,gpgpu_n_tot_w_icount\s*=\s*(.*)
kernel,llm_layer,layer,H100-SASS-Accelwattch_SASS_SIM,_ZN2at6native29vectorized_elementwise_kernelILi4ENS0_11FillFunctorIiEESt5arrayIPcLm1EEEEviT0_T1_,gpgpu_n_tot_w_icount,120.0,120.0,gpgpu_n_tot_w_icount\s*=\s*(.*)
kernel,llm_layer,layer,H100-SASS-Accelwattch_SASS_SIM,nvjet_sm90_tst_64x8_64x16_4x2_h_bz_TNT,gpgpu_n_tot_w_icount,158345.0,158345.0,gpgpu_n_tot_w_icount\s*=\s*(.*)
kernel,llm_layer,layer,H100-SASS-Accelwattch_SASS_SIM,nvjet_sm90_tst_128x16_64x11_4x1_v_bz_TNT,gpgpu_n_tot_w_icount,442305.0,442305.0,gpgpu_n_tot_w_icount\s*=\s*(.*)
kernel,llm_layer,layer,H100-SASS-Accelwattch_SASS_SIM,_ZN4vllm18act_and_mul_kernelIN3c108BFloat16E14__nv_bfloat162XadL_ZNS_11silu_kernelIS2_EET_RKS5_fEEXadL_ZNS_18packed_silu_kernelIS3_EES5_S7_fEELb1ELb1ELb0ELb0EEEvPS5_PS6_ifff,gpgpu_n_tot_w_icount,50160.0,50160.0,gpgpu_n_tot_w_icount\s*=\s*(.*)
kernel,llm_layer,layer,H100-SASS-Accelwattch_SASS_SIM,_ZN4vllm25fused_add_rms_norm_kernelIN3c108BFloat16ELi8ELb1EEENSt9enable_ifIXaagtT0_Li0Esr4vllm12_typeConvertIT_EE6existsEvE4typeEPS4_lS7_PKS4_fiil,total dram reads,1232.0,1232.0,total dram reads\s*=\s*(.*)
kernel,llm_layer,layer,H100-SASS-Accelwattch_SASS_SIM,nvjet_sm90_tst_64x8_64x16_4x2_h_bz_bias_TNT,total dram reads,64584.0,64584.0,total dram reads\s*=\s*(.*)
kernel,llm_layer,layer,H100-SASS-Accelwattch_SASS_SIM,_ZN4vllm23rotary_embedding_kernelIN3c108BFloat16ES2_Lb1EEEvPKlPT_S6_PKT0_illliiilb,total dram reads,43.0,43.0,total dram reads\s*=\s*(.*)
kernel,llm_layer,layer,H100-SASS-Accelwattch_SASS_SIM,_ZN4vllm30reshape_and_cache_flash_kernelI13__nv_bfloat16S1_LNS_18Fp8KVCacheDataTypeE0EEEvPKT_S5_PT0_S7_PKlllllliiiPKfSB_i,total dram reads,3.0,3.0,total dram reads\s*=\s*(.*)
kernel,llm_layer,layer,H100-SASS-Accelwattch_SASS_SIM,_ZN7cutlass13device_kernelIN5flash20enable_sm90_or_laterINS1_16FlashAttnFwdSm90INS1_25CollectiveMainloopFwdSm90ILi2EN4cute5tupleIJNS5_1CILi1EEES8_S8_EEENS6_IJNS7_ILi192EEENS7_ILi128EEENS7_ILi64EEEEEELi64ENS_10bfloat16_tEfNS_4arch4Sm90ELb1ELb0ELb0ELb1ELb1ELb0ELb0ELb1ELb1ELb1ELb0ELb0ESE_Li1EEENS1_21CollectiveEpilogueFwdINS6_IJSA_SC_SB_EEES9_SE_SG_Li384ELb1ELb1ELb0ELb0ELi1EEENS1_36VarlenDynamicPersistentTileSchedulerILi192ELi128ELi384ELi128ELb0ELb1ELb1ELb1ELb0ELb1EEEEEEEEEvNT_6ParamsE,total dram reads,901.0,901.0,total dram reads\s*=\s*(.*)
kernel,llm_layer,layer,H100-SASS-Accelwattch_SASS_SIM,_ZN2at6native29vectorized_elementwise_kernelILi4ENS0_11FillFunctorIiEESt5arrayIPcLm1EEEEviT0_T1_,total dram reads,0.0,0.0,total dram reads\s*=\s*(.*)
kernel,llm_layer,layer,H100-SASS-Accelwattch_SASS_SIM,nvjet_sm90_tst_64x8_64x16_4x2_h_bz_TNT,total dram reads,50176.0,50176.0,total dram reads\s*=\s*(.*)
kernel,llm_layer,layer,H100-SASS-Accelwattch_SASS_SIM,nvjet_sm90_tst_128x16_64x11_4x1_v_bz_TNT,total dram reads,544768.0,544768.0,total dram reads\s*=\s*(.*)
kernel,llm_layer,layer,H100-SASS-Accelwattch_SASS_SIM,_ZN4vllm18act_and_mul_kernelIN3c108BFloat16E14__nv_bfloat162XadL_ZNS_11silu_kernelIS2_EET_RKS5_fEEXadL_ZNS_18packed_silu_kernelIS3_EES5_S7_fEELb1ELb1ELb0ELb0EEEvPS5_PS6_ifff,total dram reads,0.0,0.0,total dram reads\s*=\s*(.*)
kernel,llm_layer,layer,H100-SASS-Accelwattch_SASS_SIM,_ZN4vllm25fused_add_rms_norm_kernelIN3c108BFloat16ELi8ELb1EEENSt9enable_ifIXaagtT0_Li0Esr4vllm12_typeConvertIT_EE6existsEvE4typeEPS4_lS7_PKS4_fiil,total dram writes,0.0,0.0,total dram writes\s*=\s*(.*)
kernel,llm_layer,layer,H100-SASS-Accelwattch_SASS_SIM,nvjet_sm90_tst_64x8_64x16_4x2_h_bz_bias_TNT,total dram writes,0.0,0.0,total dram writes\s*=\s*(.*)
kernel,llm_layer,layer,H100-SASS-Accelwattch_SASS_SIM,_ZN4vllm23rotary_embedding_kernelIN3c108BFloat16ES2_Lb1EEEvPKlPT_S6_PKT0_illliiilb,total dram writes,0.0,0.0,total dram writes\s*=\s*(.*)
kernel,llm_layer,layer,H100-SASS-Accelwattch_SASS_SIM,_ZN4vllm30reshape_and_cache_flash_kernelI13__nv_bfloat16S1_LNS_18Fp8KVCacheDataTypeE0EEEvPKT_S5_PT0_S7_PKlllllliiiPKfSB_i,total dram writes,0.0,0.0,total dram writes\s*=\s*(.*)
kernel,llm_layer,layer,H100-SASS-Accelwattch_SASS_SIM,_ZN7cutlass13device_kernelIN5flash20enable_sm90_or_laterINS1_16FlashAttnFwdSm90INS1_25CollectiveMainloopFwdSm90ILi2EN4cute5tupleIJNS5_1CILi1EEES8_S8_EEENS6_IJNS7_ILi192EEENS7_ILi128EEENS7_ILi64EEEEEELi64ENS_10bfloat16_tEfNS_4arch4Sm90ELb1ELb0ELb0ELb1ELb1ELb0ELb0ELb1ELb1ELb1ELb0ELb0ESE_Li1EEENS1_21CollectiveEpilogueFwdINS6_IJSA_SC_SB_EEES9_SE_SG_Li384ELb1ELb1ELb0ELb0ELi1EEENS1_36VarlenDynamicPersistentTileSchedulerILi192ELi128ELi384ELi128ELb0ELb1ELb1ELb1ELb0ELb1EEEEEEEEEvNT_6ParamsE,total dram writes,0.0,0.0,total dram writes\s*=\s*(.*)
kernel,llm_layer,layer,H100-SASS-Accelwattch_SASS_SIM,_ZN2at6native29vectorized_elementwise_kernelILi4ENS0_11FillFunctorIiEESt5arrayIPcLm1EEEEviT0_T1_,total dram writes,0.0,0.0,total dram writes\s*=\s*(.*)
kernel,llm_layer,layer,H100-SASS-Accelwattch_SASS_SIM,nvjet_sm90_tst_64x8_64x16_4x2_h_bz_TNT,total dram writes,0.0,0.0,total dram writes\s*=\s*(.*)
kernel,llm_layer,layer,H100-SASS-Accelwattch_SASS_SIM,nvjet_sm90_tst_128x16_64x11_4x1_v_bz_TNT,total dram writes,0.0,0.0,total dram writes\s*=\s*(.*)
kernel,llm_layer,layer,H100-SASS-Accelwattch_SASS_SIM,_ZN4vllm18act_and_mul_kernelIN3c108BFloat16E14__nv_bfloat162XadL_ZNS_11silu_kernelIS2_EET_RKS5_fEEXadL_ZNS_18packed_silu_kernelIS3_EES5_S7_fEELb1ELb1ELb0ELb0EEEvPS5_PS6_ifff,total dram writes,0.0,0.0,total dram writes\s*=\s*(.*)
kernel,llm_layer,layer,H100-SASS-Accelwattch_SASS_SIM,_ZN4vllm25fused_add_rms_norm_kernelIN3c108BFloat16ELi8ELb1EEENSt9enable_ifIXaagtT0_Li0Esr4vllm12_typeConvertIT_EE6existsEvE4typeEPS4_lS7_PKS4_fiil,kernel_launch_uid,2.0,2.0,kernel_launch_uid\s*=\s*(.*)
kernel,llm_layer,layer,H100-SASS-Accelwattch_SASS_SIM,nvjet_sm90_tst_64x8_64x16_4x2_h_bz_bias_TNT,kernel_launch_uid,1.0,1.0,kernel_launch_uid\s*=\s*(.*)
kernel,llm_layer,layer,H100-SASS-Accelwattch_SASS_SIM,_ZN4vllm23rotary_embedding_kernelIN3c108BFloat16ES2_Lb1EEEvPKlPT_S6_PKT0_illliiilb,kernel_launch_uid,1.0,1.0,kernel_launch_uid\s*=\s*(.*)
kernel,llm_layer,layer,H100-SASS-Accelwattch_SASS_SIM,_ZN4vllm30reshape_and_cache_flash_kernelI13__nv_bfloat16S1_LNS_18Fp8KVCacheDataTypeE0EEEvPKT_S5_PT0_S7_PKlllllliiiPKfSB_i,kernel_launch_uid,1.0,1.0,kernel_launch_uid\s*=\s*(.*)
kernel,llm_layer,layer,H100-SASS-Accelwattch_SASS_SIM,_ZN7cutlass13device_kernelIN5flash20enable_sm90_or_laterINS1_16FlashAttnFwdSm90INS1_25CollectiveMainloopFwdSm90ILi2EN4cute5tupleIJNS5_1CILi1EEES8_S8_EEENS6_IJNS7_ILi192EEENS7_ILi128EEENS7_ILi64EEEEEELi64ENS_10bfloat16_tEfNS_4arch4Sm90ELb1ELb0ELb0ELb1ELb1ELb0ELb0ELb1ELb1ELb1ELb0ELb0ESE_Li1EEENS1_21CollectiveEpilogueFwdINS6_IJSA_SC_SB_EEES9_SE_SG_Li384ELb1ELb1ELb0ELb0ELi1EEENS1_36VarlenDynamicPersistentTileSchedulerILi192ELi128ELi384ELi128ELb0ELb1ELb1ELb1ELb0ELb1EEEEEEEEEvNT_6ParamsE,kernel_launch_uid,1.0,1.0,kernel_launch_uid\s*=\s*(.*)
kernel,llm_layer,layer,H100-SASS-Accelwattch_SASS_SIM,_ZN2at6native29vectorized_elementwise_kernelILi4ENS0_11FillFunctorIiEESt5arrayIPcLm1EEEEviT0_T1_,kernel_launch_uid,1.0,1.0,kernel_launch_uid\s*=\s*(.*)
kernel,llm_layer,layer,H100-SASS-Accelwattch_SASS_SIM,nvjet_sm90_tst_64x8_64x16_4x2_h_bz_TNT,kernel_launch_uid,1.0,1.0,kernel_launch_uid\s*=\s*(.*)
kernel,llm_layer,layer,H100-SASS-Accelwattch_SASS_SIM,nvjet_sm90_tst_128x16_64x11_4x1_v_bz_TNT,kernel_launch_uid,1.0,1.0,kernel_launch_uid\s*=\s*(.*)
kernel,llm_layer,layer,H100-SASS-Accelwattch_SASS_SIM,_ZN4vllm18act_and_mul_kernelIN3c108BFloat16E14__nv_bfloat162XadL_ZNS_11silu_kernelIS2_EET_RKS5_fEEXadL_ZNS_18packed_silu_kernelIS3_EES5_S7_fEELb1ELb1ELb0ELb0EEEvPS5_PS6_ifff,kernel_launch_uid,1.0,1.0,kernel_launch_uid\s*=\s*(.*)
kernel,llm_layer,layer,H100-SASS-Accelwattch_SASS_SIM,_ZN4vllm25fused_add_rms_norm_kernelIN3c108BFloat16ELi8ELb1EEENSt9enable_ifIXaagtT0_Li0Esr4vllm12_typeConvertIT_EE6existsEvE4typeEPS4_lS7_PKS4_fiil,gpgpu_n_shmem_bkconflict,0.0,0.0,gpgpu_n_shmem_bkconflict\s*=\s*(.*)
kernel,llm_layer,layer,H100-SASS-Accelwattch_SASS_SIM,nvjet_sm90_tst_64x8_64x16_4x2_h_bz_bias_TNT,gpgpu_n_shmem_bkconflict,0.0,0.0,gpgpu_n_shmem_bkconflict\s*=\s*(.*)
kernel,llm_layer,layer,H100-SASS-Accelwattch_SASS_SIM,_ZN4vllm23rotary_embedding_kernelIN3c108BFloat16ES2_Lb1EEEvPKlPT_S6_PKT0_illliiilb,gpgpu_n_shmem_bkconflict,0.0,0.0,gpgpu_n_shmem_bkconflict\s*=\s*(.*)
kernel,llm_layer,layer,H100-SASS-Accelwattch_SASS_SIM,_ZN4vllm30reshape_and_cache_flash_kernelI13__nv_bfloat16S1_LNS_18Fp8KVCacheDataTypeE0EEEvPKT_S5_PT0_S7_PKlllllliiiPKfSB_i,gpgpu_n_shmem_bkconflict,0.0,0.0,gpgpu_n_shmem_bkconflict\s*=\s*(.*)
kernel,llm_layer,layer,H100-SASS-Accelwattch_SASS_SIM,_ZN7cutlass13device_kernelIN5flash20enable_sm90_or_laterINS1_16FlashAttnFwdSm90INS1_25CollectiveMainloopFwdSm90ILi2EN4cute5tupleIJNS5_1CILi1EEES8_S8_EEENS6_IJNS7_ILi192EEENS7_ILi128EEENS7_ILi64EEEEEELi64ENS_10bfloat16_tEfNS_4arch4Sm90ELb1ELb0ELb0ELb1ELb1ELb0ELb0ELb1ELb1ELb1ELb0ELb0ESE_Li1EEENS1_21CollectiveEpilogueFwdINS6_IJSA_SC_SB_EEES9_SE_SG_Li384ELb1ELb1ELb0ELb0ELi1EEENS1_36VarlenDynamicPersistentTileSchedulerILi192ELi128ELi384ELi128ELb0ELb1ELb1ELb1ELb0ELb1EEEEEEEEEvNT_6ParamsE,gpgpu_n_shmem_bkconflict,0.0,0.0,gpgpu_n_shmem_bkconflict\s*=\s*(.*)
kernel,llm_layer,layer,H100-SASS-Accelwattch_SASS_SIM,_ZN2at6native29vectorized_elementwise_kernelILi4ENS0_11FillFunctorIiEESt5arrayIPcLm1EEEEviT0_T1_,gpgpu_n_shmem_bkconflict,0.0,0.0,gpgpu_n_shmem_bkconflict\s*=\s*(.*)
kernel,llm_layer,layer,H100-SASS-Accelwattch_SASS_SIM,nvjet_sm90_tst_64x8_64x16_4x2_h_bz_TNT,gpgpu_n_shmem_bkconflict,0.0,0.0,gpgpu_n_shmem_bkconflict\s*=\s*(.*)
kernel,llm_layer,layer,H100-SASS-Accelwattch_SASS_SIM,nvjet_sm90_tst_128x16_64x11_4x1_v_bz_TNT,gpgpu_n_shmem_bkconflict,0.0,0.0,gpgpu_n_shmem_bkconflict\s*=\s*(.*)
kernel,llm_layer,layer,H100-SASS-Accelwattch_SASS_SIM,_ZN4vllm18act_and_mul_kernelIN3c108BFloat16E14__nv_bfloat162XadL_ZNS_11silu_kernelIS2_EET_RKS5_fEEXadL_ZNS_18packed_silu_kernelIS3_EES5_S7_fEELb1ELb1ELb0ELb0EEEvPS5_PS6_ifff,gpgpu_n_shmem_bkconflict,0.0,0.0,gpgpu_n_shmem_bkconflict\s*=\s*(.*)
kernel,llm_layer,layer,H100-SASS-Accelwattch_SASS_SIM,_ZN4vllm25fused_add_rms_norm_kernelIN3c108BFloat16ELi8ELb1EEENSt9enable_ifIXaagtT0_Li0Esr4vllm12_typeConvertIT_EE6existsEvE4typeEPS4_lS7_PKS4_fiil,gpgpu_n_l1cache_bkconflict,0.0,0.0,gpgpu_n_l1cache_bkconflict\s*=\s*(.*)
kernel,llm_layer,layer,H100-SASS-Accelwattch_SASS_SIM,nvjet_sm90_tst_64x8_64x16_4x2_h_bz_bias_TNT,gpgpu_n_l1cache_bkconflict,0.0,0.0,gpgpu_n_l1cache_bkconflict\s*=\s*(.*)
kernel,llm_layer,layer,H100-SASS-Accelwattch_SASS_SIM,_ZN4vllm23rotary_embedding_kernelIN3c108BFloat16ES2_Lb1EEEvPKlPT_S6_PKT0_illliiilb,gpgpu_n_l1cache_bkconflict,0.0,0.0,gpgpu_n_l1cache_bkconflict\s*=\s*(.*)
kernel,llm_layer,layer,H100-SASS-Accelwattch_SASS_SIM,_ZN4vllm30reshape_and_cache_flash_kernelI13__nv_bfloat16S1_LNS_18Fp8KVCacheDataTypeE0EEEvPKT_S5_PT0_S7_PKlllllliiiPKfSB_i,gpgpu_n_l1cache_bkconflict,0.0,0.0,gpgpu_n_l1cache_bkconflict\s*=\s*(.*)
kernel,llm_layer,layer,H100-SASS-Accelwattch_SASS_SIM,_ZN7cutlass13device_kernelIN5flash20enable_sm90_or_laterINS1_16FlashAttnFwdSm90INS1_25CollectiveMainloopFwdSm90ILi2EN4cute5tupleIJNS5_1CILi1EEES8_S8_EEENS6_IJNS7_ILi192EEENS7_ILi128EEENS7_ILi64EEEEEELi64ENS_10bfloat16_tEfNS_4arch4Sm90ELb1ELb0ELb0ELb1ELb1ELb0ELb0ELb1ELb1ELb1ELb0ELb0ESE_Li1EEENS1_21CollectiveEpilogueFwdINS6_IJSA_SC_SB_EEES9_SE_SG_Li384ELb1ELb1ELb0ELb0ELi1EEENS1_36VarlenDynamicPersistentTileSchedulerILi192ELi128ELi384ELi128ELb0ELb1ELb1ELb1ELb0ELb1EEEEEEEEEvNT_6ParamsE,gpgpu_n_l1cache_bkconflict,1531.0,1531.0,gpgpu_n_l1cache_bkconflict\s*=\s*(.*)
kernel,llm_layer,layer,H100-SASS-Accelwattch_SASS_SIM,_ZN2at6native29vectorized_elementwise_kernelILi4ENS0_11FillFunctorIiEESt5arrayIPcLm1EEEEviT0_T1_,gpgpu_n_l1cache_bkconflict,0.0,0.0,gpgpu_n_l1cache_bkconflict\s*=\s*(.*)
kernel,llm_layer,layer,H100-SASS-Accelwattch_SASS_SIM,nvjet_sm90_tst_64x8_64x16_4x2_h_bz_TNT,gpgpu_n_l1cache_bkconflict,0.0,0.0,gpgpu_n_l1cache_bkconflict\s*=\s*(.*)
kernel,llm_layer,layer,H100-SASS-Accelwattch_SASS_SIM,nvjet_sm90_tst_128x16_64x11_4x1_v_bz_TNT,gpgpu_n_l1cache_bkconflict,0.0,0.0,gpgpu_n_l1cache_bkconflict\s*=\s*(.*)
kernel,llm_layer,layer,H100-SASS-Accelwattch_SASS_SIM,_ZN4vllm18act_and_mul_kernelIN3c108BFloat16E14__nv_bfloat162XadL_ZNS_11silu_kernelIS2_EET_RKS5_fEEXadL_ZNS_18packed_silu_kernelIS3_EES5_S7_fEELb1ELb1ELb0ELb0EEEvPS5_PS6_ifff,gpgpu_n_l1cache_bkconflict,3537.0,3537.0,gpgpu_n_l1cache_bkconflict\s*=\s*(.*)
kernel,llm_layer,layer,H100-SASS-Accelwattch_SASS_SIM,_ZN4vllm25fused_add_rms_norm_kernelIN3c108BFloat16ELi8ELb1EEENSt9enable_ifIXaagtT0_Li0Esr4vllm12_typeConvertIT_EE6existsEvE4typeEPS4_lS7_PKS4_fiil,gpu_ipc,111.9249,111.9249,gpu_ipc\s*=\s*(.*)
kernel,llm_layer,layer,H100-SASS-Accelwattch_SASS_SIM,nvjet_sm90_tst_64x8_64x16_4x2_h_bz_bias_TNT,gpu_ipc,789.1908,789.1908,gpu_ipc\s*=\s*(.*)
kernel,llm_layer,layer,H100-SASS-Accelwattch_SASS_SIM,_ZN4vllm23rotary_embedding_kernelIN3c108BFloat16ES2_Lb1EEEvPKlPT_S6_PKT0_illliiilb,gpu_ipc,98.9354,98.9354,gpu_ipc\s*=\s*(.*)
kernel,llm_layer,layer,H100-SASS-Accelwattch_SASS_SIM,_ZN4vllm30reshape_and_cache_flash_kernelI13__nv_bfloat16S1_LNS_18Fp8KVCacheDataTypeE0EEEvPKT_S5_PT0_S7_PKlllllliiiPKfSB_i,gpu_ipc,31.987,31.9870,gpu_ipc\s*=\s*(.*)
kernel,llm_layer,layer,H100-SASS-Accelwattch_SASS_SIM,_ZN7cutlass13device_kernelIN5flash20enable_sm90_or_laterINS1_16FlashAttnFwdSm90INS1_25CollectiveMainloopFwdSm90ILi2EN4cute5tupleIJNS5_1CILi1EEES8_S8_EEENS6_IJNS7_ILi192EEENS7_ILi128EEENS7_ILi64EEEEEELi64ENS_10bfloat16_tEfNS_4arch4Sm90ELb1ELb0ELb0ELb1ELb1ELb0ELb0ELb1ELb1ELb1ELb0ELb0ESE_Li1EEENS1_21CollectiveEpilogueFwdINS6_IJSA_SC_SB_EEES9_SE_SG_Li384ELb1ELb1ELb0ELb0ELi1EEENS1_36VarlenDynamicPersistentTileSchedulerILi192ELi128ELi384ELi128ELb0ELb1ELb1ELb1ELb0ELb1EEEEEEEEEvNT_6ParamsE,gpu_ipc,410.6289,410.6289,gpu_ipc\s*=\s*(.*)
kernel,llm_layer,layer,H100-SASS-Accelwattch_SASS_SIM,_ZN2at6native29vectorized_elementwise_kernelILi4ENS0_11FillFunctorIiEESt5arrayIPcLm1EEEEviT0_T1_,gpu_ipc,0.8816,0.8816,gpu_ipc\s*=\s*(.*)
kernel,llm_layer,layer,H100-SASS-Accelwattch_SASS_SIM,nvjet_sm90_tst_64x8_64x16_4x2_h_bz_TNT,gpu_ipc,657.5475,657.5475,gpu_ipc\s*=\s*(.*)
kernel,llm_layer,layer,H100-SASS-Accelwattch_SASS_SIM,nvjet_sm90_tst_128x16_64x11_4x1_v_bz_TNT,gpu_ipc,769.9528,769.9528,gpu_ipc\s*=\s*(.*)
kernel,llm_layer,layer,H100-SASS-Accelwattch_SASS_SIM,_ZN4vllm18act_and_mul_kernelIN3c108BFloat16E14__nv_bfloat162XadL_ZNS_11silu_kernelIS2_EET_RKS5_fEEXadL_ZNS_18packed_silu_kernelIS3_EES5_S7_fEELb1ELb1ELb0ELb0EEEvPS5_PS6_ifff,gpu_ipc,275.694,275.6940,gpu_ipc\s*=\s*(.*)
kernel,llm_layer,layer,H100-SASS-Accelwattch_SASS_SIM,_ZN4vllm25fused_add_rms_norm_kernelIN3c108BFloat16ELi8ELb1EEENSt9enable_ifIXaagtT0_Li0Esr4vllm12_typeConvertIT_EE6existsEvE4typeEPS4_lS7_PKS4_fiil,gpu_occupancy,27.8585,27.8585,gpu_occupancy\s*=\s*(.*)%
kernel,llm_layer,layer,H100-SASS-Accelwattch_SASS_SIM,nvjet_sm90_tst_64x8_64x16_4x2_h_bz_bias_TNT,gpu_occupancy,12.5046,12.5046,gpu_occupancy\s*=\s*(.*)%
kernel,llm_layer,layer,H100-SASS-Accelwattch_SASS_SIM,_ZN4vllm23rotary_embedding_kernelIN3c108BFloat16ES2_Lb1EEEvPKlPT_S6_PKT0_illliiilb,gpu_occupancy,17.9189,17.9189,gpu_occupancy\s*=\s*(.*)%
kernel,llm_layer,layer,H100-SASS-Accelwattch_SASS_SIM,_ZN4vllm30reshape_and_cache_flash_kernelI13__nv_bfloat16S1_LNS_18Fp8KVCacheDataTypeE0EEEvPKT_S5_PT0_S7_PKlllllliiiPKfSB_i,gpu_occupancy,4.4005,4.4005,gpu_occupancy\s*=\s*(.*)%
kernel,llm_layer,layer,H100-SASS-Accelwattch_SASS_SIM,_ZN7cutlass13device_kernelIN5flash20enable_sm90_or_laterINS1_16FlashAttnFwdSm90INS1_25CollectiveMainloopFwdSm90ILi2EN4cute5tupleIJNS5_1CILi1EEES8_S8_EEENS6_IJNS7_ILi192EEENS7_ILi128EEENS7_ILi64EEEEEELi64ENS_10bfloat16_tEfNS_4arch4Sm90ELb1ELb0ELb0ELb1ELb1ELb0ELb0ELb1ELb1ELb1ELb0ELb0ESE_Li1EEENS1_21CollectiveEpilogueFwdINS6_IJSA_SC_SB_EEES9_SE_SG_Li384ELb1ELb1ELb0ELb0ELi1EEENS1_36VarlenDynamicPersistentTileSchedulerILi192ELi128ELi384ELi128ELb0ELb1ELb1ELb1ELb0ELb1EEEEEEEEEvNT_6ParamsE,gpu_occupancy,21.974,21.9740,gpu_occupancy\s*=\s*(.*)%
kernel,llm_layer,layer,H100-SASS-Accelwattch_SASS_SIM,_ZN2at6native29vectorized_elementwise_kernelILi4ENS0_11FillFunctorIiEESt5arrayIPcLm1EEEEviT0_T1_,gpu_occupancy,2.7889,2.7889,gpu_occupancy\s*=\s*(.*)%
kernel,llm_layer,layer,H100-SASS-Accelwattch_SASS_SIM,nvjet_sm90_tst_64x8_64x16_4x2_h_bz_TNT,gpu_occupancy,13.3026,13.3026,gpu_occupancy\s*=\s*(.*)%
kernel,llm_layer,layer,H100-SASS-Accelwattch_SASS_SIM,nvjet_sm90_tst_128x16_64x11_4x1_v_bz_TNT,gpu_occupancy,13.7643,13.7643,gpu_occupancy\s*=\s*(.*)%
kernel,llm_layer,layer,H100-SASS-Accelwattch_SASS_SIM,_ZN4vllm18act_and_mul_kernelIN3c108BFloat16E14__nv_bfloat162XadL_ZNS_11silu_kernelIS2_EET_RKS5_fEEXadL_ZNS_18packed_silu_kernelIS3_EES5_S7_fEELb1ELb1ELb0ELb0EEEvPS5_PS6_ifff,gpu_occupancy,27.359,27.3590,gpu_occupancy\s*=\s*(.*)%
kernel,llm_layer,layer,H100-SASS-Accelwattch_SASS_SIM,_ZN4vllm25fused_add_rms_norm_kernelIN3c108BFloat16ELi8ELb1EEENSt9enable_ifIXaagtT0_Li0Esr4vllm12_typeConvertIT_EE6existsEvE4typeEPS4_lS7_PKS4_fiil,L2_BW,31.8563,31.8563,L2_BW\s*=\s*(.*)\s*GB\/Sec
kernel,llm_layer,layer,H100-SASS-Accelwattch_SASS_SIM,nvjet_sm90_tst_64x8_64x16_4x2_h_bz_bias_TNT,L2_BW,605.5897,605.5897,L2_BW\s*=\s*(.*)\s*GB\/Sec
kernel,llm_layer,layer,H100-SASS-Accelwattch_SASS_SIM,_ZN4vllm23rotary_embedding_kernelIN3c108BFloat16ES2_Lb1EEEvPKlPT_S6_PKT0_illliiilb,L2_BW,14.5643,14.5643,L2_BW\s*=\s*(.*)\s*GB\/Sec
kernel,llm_layer,layer,H100-SASS-Accelwattch_SASS_SIM,_ZN4vllm30reshape_and_cache_flash_kernelI13__nv_bfloat16S1_LNS_18Fp8KVCacheDataTypeE0EEEvPKT_S5_PT0_S7_PKlllllliiiPKfSB_i,L2_BW,4.2584,4.2584,L2_BW\s*=\s*(.*)\s*GB\/Sec
kernel,llm_layer,layer,H100-SASS-Accelwattch_SASS_SIM,_ZN7cutlass13device_kernelIN5flash20enable_sm90_or_laterINS1_16FlashAttnFwdSm90INS1_25CollectiveMainloopFwdSm90ILi2EN4cute5tupleIJNS5_1CILi1EEES8_S8_EEENS6_IJNS7_ILi192EEENS7_ILi128EEENS7_ILi64EEEEEELi64ENS_10bfloat16_tEfNS_4arch4Sm90ELb1ELb0ELb0ELb1ELb1ELb0ELb0ELb1ELb1ELb1ELb0ELb0ESE_Li1EEENS1_21CollectiveEpilogueFwdINS6_IJSA_SC_SB_EEES9_SE_SG_Li384ELb1ELb1ELb0ELb0ELi1EEENS1_36VarlenDynamicPersistentTileSchedulerILi192ELi128ELi384ELi128ELb0ELb1ELb1ELb1ELb0ELb1EEEEEEEEEvNT_6ParamsE,L2_BW,40.3785,40.3785,L2_BW\s*=\s*(.*)\s*GB\/Sec
kernel,llm_layer,layer,H100-SASS-Accelwattch_SASS_SIM,_ZN2at6native29vectorized_elementwise_kernelILi4ENS0_11FillFunctorIiEESt5arrayIPcLm1EEEEviT0_T1_,L2_BW,0.0189,0.0189,L2_BW\s*=\s*(.*)\s*GB\/Sec
kernel,llm_layer,layer,H100-SASS-Accelwattch_SASS_SIM,nvjet_sm90_tst_64x8_64x16_4x2_h_bz_TNT,L2_BW,500.4561,500.4561,L2_BW\s*=\s*(.*)\s*GB\/Sec
kernel,llm_layer,layer,H100-SASS-Accelwattch_SASS_SIM,nvjet_sm90_tst_128x16_64x11_4x1_v_bz_TNT,L2_BW,2127.3623,2127.3623,L2_BW\s*=\s*(.*)\s*GB\/Sec
kernel,llm_layer,layer,H100-SASS-Accelwattch_SASS_SIM,_ZN4vllm18act_and_mul_kernelIN3c108BFloat16E14__nv_bfloat162XadL_ZNS_11silu_kernelIS2_EET_RKS5_fEEXadL_ZNS_18packed_silu_kernelIS3_EES5_S7_fEELb1ELb1ELb0ELb0EEEvPS5_PS6_ifff,L2_BW,100.0075,100.0075,L2_BW\s*=\s*(.*)\s*GB\/Sec
kernel,llm_layer,layer,H100-SASS-Accelwattch_SASS_SIM,_ZN4vllm25fused_add_rms_norm_kernelIN3c108BFloat16ELi8ELb1EEENSt9enable_ifIXaagtT0_Li0Esr4vllm12_typeConvertIT_EE6existsEvE4typeEPS4_lS7_PKS4_fiil,gpgpu_simulation_rate_inst_per_sec,422579.0,422579,gpgpu_simulation_rate\s+=\s+(.*)\s+\(inst\/sec\)
kernel,llm_layer,layer,H100-SASS-Accelwattch_SASS_SIM,nvjet_sm90_tst_64x8_64x16_4x2_h_bz_bias_TNT,gpgpu_simulation_rate_inst_per_sec,696049.0,696049,gpgpu_simulation_rate\s+=\s+(.*)\s+\(inst\/sec\)
kernel,llm_layer,layer,H100-SASS-Accelwattch_SASS_SIM,_ZN4vllm23rotary_embedding_kernelIN3c108BFloat16ES2_Lb1EEEvPKlPT_S6_PKT0_illliiilb,gpgpu_simulation_rate_inst_per_sec,569740.0,569740,gpgpu_simulation_rate\s+=\s+(.*)\s+\(inst\/sec\)
kernel,llm_layer,layer,H100-SASS-Accelwattch_SASS_SIM,_ZN4vllm30reshape_and_cache_flash_kernelI13__nv_bfloat16S1_LNS_18Fp8KVCacheDataTypeE0EEEvPKT_S5_PT0_S7_PKlllllliiiPKfSB_i,gpgpu_simulation_rate_inst_per_sec,499567.0,499567,gpgpu_simulation_rate\s+=\s+(.*)\s+\(inst\/sec\)
kernel,llm_layer,layer,H100-SASS-Accelwattch_SASS_SIM,_ZN7cutlass13device_kernelIN5flash20enable_sm90_or_laterINS1_16FlashAttnFwdSm90INS1_25CollectiveMainloopFwdSm90ILi2EN4cute5tupleIJNS5_1CILi1EEES8_S8_EEENS6_IJNS7_ILi192EEENS7_ILi128EEENS7_ILi64EEEEEELi64ENS_10bfloat16_tEfNS_4arch4Sm90ELb1ELb0ELb0ELb1ELb1ELb0ELb0ELb1ELb1ELb1ELb0ELb0ESE_Li1EEENS1_21CollectiveEpilogueFwdINS6_IJSA_SC_SB_EEES9_SE_SG_Li384ELb1ELb1ELb0ELb0ELi1EEENS1_36VarlenDynamicPersistentTileSchedulerILi192ELi128ELi384ELi128ELb0ELb1ELb1ELb1ELb0ELb1EEEEEEEEEvNT_6ParamsE,gpgpu_simulation_rate_inst_per_sec,437816.0,437816,gpgpu_simulation_rate\s+=\s+(.*)\s+\(inst\/sec\)
kernel,llm_layer,layer,H100-SASS-Accelwattch_SASS_SIM,_ZN2at6native29vectorized_elementwise_kernelILi4ENS0_11FillFunctorIiEESt5arrayIPcLm1EEEEviT0_T1_,gpgpu_simulation_rate_inst_per_sec,410544.0,410544,gpgpu_simulation_rate\s+=\s+(.*)\s+\(inst\/sec\)
kernel,llm_layer,layer,H100-SASS-Accelwattch_SASS_SIM,nvjet_sm90_tst_64x8_64x16_4x2_h_bz_TNT,gpgpu_simulation_rate_inst_per_sec,449938.0,449938,gpgpu_simulation_rate\s+=\s+(.*)\s+\(inst\/sec\)
kernel,llm_layer,layer,H100-SASS-Accelwattch_SASS_SIM,nvjet_sm90_tst_128x16_64x11_4x1_v_bz_TNT,gpgpu_simulation_rate_inst_per_sec,235203.0,235203,gpgpu_simulation_rate\s+=\s+(.*)\s+\(inst\/sec\)
kernel,llm_layer,layer,H100-SASS-Accelwattch_SASS_SIM,_ZN4vllm18act_and_mul_kernelIN3c108BFloat16E14__nv_bfloat162XadL_ZNS_11silu_kernelIS2_EET_RKS5_fEEXadL_ZNS_18packed_silu_kernelIS3_EES5_S7_fEELb1ELb1ELb0ELb0EEEvPS5_PS6_ifff,gpgpu_simulation_rate_inst_per_sec,238246.0,238246,gpgpu_simulation_rate\s+=\s+(.*)\s+\(inst\/sec\)
kernel,llm_layer,layer,H100-SASS-Accelwattch_SASS_SIM,_ZN4vllm25fused_add_rms_norm_kernelIN3c108BFloat16ELi8ELb1EEENSt9enable_ifIXaagtT0_Li0Esr4vllm12_typeConvertIT_EE6existsEvE4typeEPS4_lS7_PKS4_fiil,gpgpu_simulation_rate_cycle_per_sec,1255.0,1255,gpgpu_simulation_rate\s+=\s+(.*)\s+\(cycle\/sec\)
kernel,llm_layer,layer,H100-SASS-Accelwattch_SASS_SIM,nvjet_sm90_tst_64x8_64x16_4x2_h_bz_bias_TNT,gpgpu_simulation_rate_cycle_per_sec,1414.0,1414,gpgpu_simulation_rate\s+=\s+(.*)\s+\(cycle\/sec\)
kernel,llm_layer,layer,H100-SASS-Accelwattch_SASS_SIM,_ZN4vllm23rotary_embedding_kernelIN3c108BFloat16ES2_Lb1EEEvPKlPT_S6_PKT0_illliiilb,gpgpu_simulation_rate_cycle_per_sec,1542.0,1542,gpgpu_simulation_rate\s+=\s+(.*)\s+\(cycle\/sec\)
kernel,llm_layer,layer,H100-SASS-Accelwattch_SASS_SIM,_ZN4vllm30reshape_and_cache_flash_kernelI13__nv_bfloat16S1_LNS_18Fp8KVCacheDataTypeE0EEEvPKT_S5_PT0_S7_PKlllllliiiPKfSB_i,gpgpu_simulation_rate_cycle_per_sec,1673.0,1673,gpgpu_simulation_rate\s+=\s+(.*)\s+\(cycle\/sec\)
kernel,llm_layer,layer,H100-SASS-Accelwattch_SASS_SIM,_ZN7cutlass13device_kernelIN5flash20enable_sm90_or_laterINS1_16FlashAttnFwdSm90INS1_25CollectiveMainloopFwdSm90ILi2EN4cute5tupleIJNS5_1CILi1EEES8_S8_EEENS6_IJNS7_ILi192EEENS7_ILi128EEENS7_ILi64EEEEEELi64ENS_10bfloat16_tEfNS_4arch4Sm90ELb1ELb0ELb0ELb1ELb1ELb0ELb0ELb1ELb1ELb1ELb0ELb0ESE_Li1EEENS1_21CollectiveEpilogueFwdINS6_IJSA_SC_SB_EEES9_SE_SG_Li384ELb1ELb1ELb0ELb0ELi1EEENS1_36VarlenDynamicPersistentTileSchedulerILi192ELi128ELi384ELi128ELb0ELb1ELb1ELb1ELb0ELb1EEEEEEEEEvNT_6ParamsE,gpgpu_simulation_rate_cycle_per_sec,1279.0,1279,gpgpu_simulation_rate\s+=\s+(.*)\s+\(cycle\/sec\)
kernel,llm_layer,layer,H100-SASS-Accelwattch_SASS_SIM,_ZN2at6native29vectorized_elementwise_kernelILi4ENS0_11FillFunctorIiEESt5arrayIPcLm1EEEEviT0_T1_,gpgpu_simulation_rate_cycle_per_sec,1303.0,1303,gpgpu_simulation_rate\s+=\s+(.*)\s+\(cycle\/sec\)
kernel,llm_layer,layer,H100-SASS-Accelwattch_SASS_SIM,nvjet_sm90_tst_64x8_64x16_4x2_h_bz_TNT,gpgpu_simulation_rate_cycle_per_sec,1241.0,1241,gpgpu_simulation_rate\s+=\s+(.*)\s+\(cycle\/sec\)
kernel,llm_layer,layer,H100-SASS-Accelwattch_SASS_SIM,nvjet_sm90_tst_128x16_64x11_4x1_v_bz_TNT,gpgpu_simulation_rate_cycle_per_sec,535.0,535,gpgpu_simulation_rate\s+=\s+(.*)\s+\(cycle\/sec\)
kernel,llm_layer,layer,H100-SASS-Accelwattch_SASS_SIM,_ZN4vllm18act_and_mul_kernelIN3c108BFloat16E14__nv_bfloat162XadL_ZNS_11silu_kernelIS2_EET_RKS5_fEEXadL_ZNS_18packed_silu_kernelIS3_EES5_S7_fEELb1ELb1ELb0ELb0EEEvPS5_PS6_ifff,gpgpu_simulation_rate_cycle_per_sec,558.0,558,gpgpu_simulation_rate\s+=\s+(.*)\s+\(cycle\/sec\)
kernel,llm_layer,layer,H100-SASS-Accelwattch_SASS_SIM,_ZN4vllm25fused_add_rms_norm_kernelIN3c108BFloat16ELi8ELb1EEENSt9enable_ifIXaagtT0_Li0Esr4vllm12_typeConvertIT_EE6existsEvE4typeEPS4_lS7_PKS4_fiil,gpgpu_silicon_slowdown,1577689.0,1577689,gpgpu_silicon_slowdown\s*=\s*(.*)x
kernel,llm_layer,layer,H100-SASS-Accelwattch_SASS_SIM,nvjet_sm90_tst_64x8_64x16_4x2_h_bz_bias_TNT,gpgpu_silicon_slowdown,1400282.0,1400282,gpgpu_silicon_slowdown\s*=\s*(.*)x
kernel,llm_layer,layer,H100-SASS-Accelwattch_SASS_SIM,_ZN4vllm23rotary_embedding_kernelIN3c108BFloat16ES2_Lb1EEEvPKlPT_S6_PKT0_illliiilb,gpgpu_silicon_slowdown,1284046.0,1284046,gpgpu_silicon_slowdown\s*=\s*(.*)x
kernel,llm_layer,layer,H100-SASS-Accelwattch_SASS_SIM,_ZN4vllm30reshape_and_cache_flash_kernelI13__nv_bfloat16S1_LNS_18Fp8KVCacheDataTypeE0EEEvPKT_S5_PT0_S7_PKlllllliiiPKfSB_i,gpgpu_silicon_slowdown,1183502.0,1183502,gpgpu_silicon_slowdown\s*=\s*(.*)x
kernel,llm_layer,layer,H100-SASS-Accelwattch_SASS_SIM,_ZN7cutlass13device_kernelIN5flash20enable_sm90_or_laterINS1_16FlashAttnFwdSm90INS1_25CollectiveMainloopFwdSm90ILi2EN4cute5tupleIJNS5_1CILi1EEES8_S8_EEENS6_IJNS7_ILi192EEENS7_ILi128EEENS7_ILi64EEEEEELi64ENS_10bfloat16_tEfNS_4arch4Sm90ELb1ELb0ELb0ELb1ELb1ELb0ELb0ELb1ELb1ELb1ELb0ELb0ESE_Li1EEENS1_21CollectiveEpilogueFwdINS6_IJSA_SC_SB_EEES9_SE_SG_Li384ELb1ELb1ELb0ELb0ELi1EEENS1_36VarlenDynamicPersistentTileSchedulerILi192ELi128ELi384ELi128ELb0ELb1ELb1ELb1ELb0ELb1EEEEEEEEEvNT_6ParamsE,gpgpu_silicon_slowdown,1548084.0,1548084,gpgpu_silicon_slowdown\s*=\s*(.*)x
kernel,llm_layer,layer,H100-SASS-Accelwattch_SASS_SIM,_ZN2at6native29vectorized_elementwise_kernelILi4ENS0_11FillFunctorIiEESt5arrayIPcLm1EEEEviT0_T1_,gpgpu_silicon_slowdown,1519570.0,1519570,gpgpu_silicon_slowdown\s*=\s*(.*)x
kernel,llm_layer,layer,H100-SASS-Accelwattch_SASS_SIM,nvjet_sm90_tst_64x8_64x16_4x2_h_bz_TNT,gpgpu_silicon_slowdown,1595487.0,1595487,gpgpu_silicon_slowdown\s*=\s*(.*)x
kernel,llm_layer,layer,H100-SASS-Accelwattch_SASS_SIM,nvjet_sm90_tst_128x16_64x11_4x1_v_bz_TNT,gpgpu_silicon_slowdown,3700934.0,3700934,gpgpu_silicon_slowdown\s*=\s*(.*)x
kernel,llm_layer,layer,H100-SASS-Accelwattch_SASS_SIM,_ZN4vllm18act_and_mul_kernelIN3c108BFloat16E14__nv_bfloat162XadL_ZNS_11silu_kernelIS2_EET_RKS5_fEEXadL_ZNS_18packed_silu_kernelIS3_EES5_S7_fEELb1ELb1ELb0ELb0EEEvPS5_PS6_ifff,gpgpu_silicon_slowdown,3548387.0,3548387,gpgpu_silicon_slowdown\s*=\s*(.*)x
kernel,llm_layer,layer,H100-SASS-Accelwattch_SASS_SIM,_ZN4vllm25fused_add_rms_norm_kernelIN3c108BFloat16ELi8ELb1EEENSt9enable_ifIXaagtT0_Li0Esr4vllm12_typeConvertIT_EE6existsEvE4typeEPS4_lS7_PKS4_fiil,gpu_tot_ipc,336.4922,336.4922,gpu_tot_ipc\s*=\s*(.*)
kernel,llm_layer,layer,H100-SASS-Accelwattch_SASS_SIM,nvjet_sm90_tst_64x8_64x16_4x2_h_bz_bias_TNT,gpu_tot_ipc,492.1397,492.1397,gpu_tot_ipc\s*=\s*(.*)
kernel,llm_layer,layer,H100-SASS-Accelwattch_SASS_SIM,_ZN4vllm23rotary_embedding_kernelIN3c108BFloat16ES2_Lb1EEEvPKlPT_S6_PKT0_illliiilb,gpu_tot_ipc,369.262,369.2620,gpu_tot_ipc\s*=\s*(.*)
kernel,llm_layer,layer,H100-SASS-Accelwattch_SASS_SIM,_ZN4vllm30reshape_and_cache_flash_kernelI13__nv_bfloat16S1_LNS_18Fp8KVCacheDataTypeE0EEEvPKT_S5_PT0_S7_PKlllllliiiPKfSB_i,gpu_tot_ipc,298.5674,298.5674,gpu_tot_ipc\s*=\s*(.*)
kernel,llm_layer,layer,H100-SASS-Accelwattch_SASS_SIM,_ZN7cutlass13device_kernelIN5flash20enable_sm90_or_laterINS1_16FlashAttnFwdSm90INS1_25CollectiveMainloopFwdSm90ILi2EN4cute5tupleIJNS5_1CILi1EEES8_S8_EEENS6_IJNS7_ILi192EEENS7_ILi128EEENS7_ILi64EEEEEELi64ENS_10bfloat16_tEfNS_4arch4Sm90ELb1ELb0ELb0ELb1ELb1ELb0ELb0ELb1ELb1ELb1ELb0ELb0ESE_Li1EEENS1_21CollectiveEpilogueFwdINS6_IJSA_SC_SB_EEES9_SE_SG_Li384ELb1ELb1ELb0ELb0ELi1EEENS1_36VarlenDynamicPersistentTileSchedulerILi192ELi128ELi384ELi128ELb0ELb1ELb1ELb1ELb0ELb1EEEEEEEEEvNT_6ParamsE,gpu_tot_ipc,342.2311,342.2311,gpu_tot_ipc\s*=\s*(.*)
kernel,llm_layer,layer,H100-SASS-Accelwattch_SASS_SIM,_ZN2at6native29vectorized_elementwise_kernelILi4ENS0_11FillFunctorIiEESt5arrayIPcLm1EEEEviT0_T1_,gpu_tot_ipc,314.8577,314.8577,gpu_tot_ipc\s*=\s*(.*)
kernel,llm_layer,layer,H100-SASS-Accelwattch_SASS_SIM,nvjet_sm90_tst_64x8_64x16_4x2_h_bz_TNT,gpu_tot_ipc,362.3143,362.3143,gpu_tot_ipc\s*=\s*(.*)
kernel,llm_layer,layer,H100-SASS-Accelwattch_SASS_SIM,nvjet_sm90_tst_128x16_64x11_4x1_v_bz_TNT,gpu_tot_ipc,438.9859,438.9859,gpu_tot_ipc\s*=\s*(.*)
kernel,llm_layer,layer,H100-SASS-Accelwattch_SASS_SIM,_ZN4vllm18act_and_mul_kernelIN3c108BFloat16E14__nv_bfloat162XadL_ZNS_11silu_kernelIS2_EET_RKS5_fEEXadL_ZNS_18packed_silu_kernelIS3_EES5_S7_fEELb1ELb1ELb0ELb0EEEvPS5_PS6_ifff,gpu_tot_ipc,426.6529,426.6529,gpu_tot_ipc\s*=\s*(.*)
instance,llm_layer,layer,H100-SASS-Accelwattch_SASS_SIM,all_kernels,Accel-Sim-build,,accelsim-commit-6465301_modified_0.0_26-09-16-21-52-33,Accel-Sim-build
instance,llm_layer,layer,H100-SASS-Accelwattch_SASS_SIM,all_kernels,GPGPU-Sim-build,,gpgpu-sim_git-commit-e10018b6_modified_0.0.,GPGPU-Sim-build
instance,llm_layer,layer,H100-SASS-Accelwattch_SASS_SIM,_ZN4vllm25fused_add_rms_norm_kernelIN3c108BFloat16ELi8ELb1EEENSt9enable_ifIXaagtT0_Li0Esr4vllm12_typeConvertIT_EE6existsEvE4typeEPS4_lS7_PKS4_fiil--0,gpu_tot_sim_insn,623310.0,623310.0,gpu_tot_sim_insn\s*=\s*(.*)
instance,llm_layer,layer,H100-SASS-Accelwattch_SASS_SIM,nvjet_sm90_tst_64x8_64x16_4x2_h_bz_bias_TNT--0,gpu_tot_sim_insn,5641136.0,5641136.0,gpu_tot_sim_insn\s*=\s*(.*)
instance,llm_layer,layer,H100-SASS-Accelwattch_SASS_SIM,_ZN4vllm23rotary_embedding_kernelIN3c108BFloat16ES2_Lb1EEEvPKlPT_S6_PKT0_illliiilb--0,gpu_tot_sim_insn,572440.0,572440.0,gpu_tot_sim_insn\s*=\s*(.*)
instance,llm_layer,layer,H100-SASS-Accelwattch_SASS_SIM,_ZN4vllm30reshape_and_cache_flash_kernelI13__nv_bfloat16S1_LNS_18Fp8KVCacheDataTypeE0EEEvPKT_S5_PT0_S7_PKlllllliiiPKfSB_i--0,gpu_tot_sim_insn,157056.0,157056.0,gpu_tot_sim_insn\s*=\s*(.*)
instance,llm_layer,layer,H100-SASS-Accelwattch_SASS_SIM,_ZN7cutlass13device_kernelIN5flash20enable_sm90_or_laterINS1_16FlashAttnFwdSm90INS1_25CollectiveMainloopFwdSm90ILi2EN4cute5tupleIJNS5_1CILi1EEES8_S8_EEENS6_IJNS7_ILi192EEENS7_ILi128EEENS7_ILi64EEEEEELi64ENS_10bfloat16_tEfNS_4arch4Sm90ELb1ELb0ELb0ELb1ELb1ELb0ELb0ELb1ELb1ELb1ELb0ELb0ESE_Li1EEENS1_21CollectiveEpilogueFwdINS6_IJSA_SC_SB_EEES9_SE_SG_Li384ELb1ELb1ELb0ELb0ELi1EEENS1_36VarlenDynamicPersistentTileSchedulerILi192ELi128ELi384ELi128ELb0ELb1ELb1ELb1ELb0ELb1EEEEEEEEEvNT_6ParamsE--0,gpu_tot_sim_insn,6140544.0,6140544.0,gpu_tot_sim_insn\s*=\s*(.*)
instance,llm_layer,layer,H100-SASS-Accelwattch_SASS_SIM,_ZN2at6native29vectorized_elementwise_kernelILi4ENS0_11FillFunctorIiEESt5arrayIPcLm1EEEEviT0_T1_--0,gpu_tot_sim_insn,2950.0,2950.0,gpu_tot_sim_insn\s*=\s*(.*)
instance,llm_layer,layer,H100-SASS-Accelwattch_SASS_SIM,nvjet_sm90_tst_64x8_64x16_4x2_h_bz_TNT--0,gpu_tot_sim_insn,4410171.0,4410171.0,gpu_tot_sim_insn\s*=\s*(.*)
instance,llm_layer,layer,H100-SASS-Accelwattch_SASS_SIM,_ZN4vllm25fused_add_rms_norm_kernelIN3c108BFloat16ELi8ELb1EEENSt9enable_ifIXaagtT0_Li0Esr4vllm12_typeConvertIT_EE6existsEvE4typeEPS4_lS7_PKS4_fiil--1,gpu_tot_sim_insn,623310.0,623310.0,gpu_tot_sim_insn\s*=\s*(.*)
instance,llm_layer,layer,H100-SASS-Accelwattch_SASS_SIM,nvjet_sm90_tst_128x16_64x11_4x1_v_bz_TNT--0,gpu_tot_sim_insn,12875921.0,12875921.0,gpu_tot_sim_insn\s*=\s*(.*)
instance,llm_layer,layer,H100-SASS-Accelwattch_SASS_SIM,_ZN4vllm18act_and_mul_kernelIN3c108BFloat16E14__nv_bfloat162XadL_ZNS_11silu_kernelIS2_EET_RKS5_fEEXadL_ZNS_18packed_silu_kernelIS3_EES5_S7_fEELb1ELb1ELb0ELb0EEEvPS5_PS6_ifff--0,gpu_tot_sim_insn,1592960.0,1592960.0,gpu_tot_sim_insn\s*=\s*(.*)
instance,llm_layer,layer,H100-SASS-Accelwattch_SASS_SIM,_ZN4vllm25fused_add_rms_norm_kernelIN3c108BFloat16ELi8ELb1EEENSt9enable_ifIXaagtT0_Li0Esr4vllm12_typeConvertIT_EE6existsEvE4typeEPS4_lS7_PKS4_fiil--0,gpgpu_simulation_time,2.0,2.0,gpgpu_simulation_time\s*=.*\(([0-9]+) sec\).*
instance,llm_layer,layer,H100-SASS-Accelwattch_SASS_SIM,nvjet_sm90_tst_64x8_64x16_4x2_h_bz_bias_TNT--0,gpgpu_simulation_time,7.0,7.0,gpgpu_simulation_time\s*=.*\(([0-9]+) sec\).*
instance,llm_layer,layer,H100-SASS-Accelwattch_SASS_SIM,_ZN4vllm23rotary_embedding_kernelIN3c108BFloat16ES2_Lb1EEEvPKlPT_S6_PKT0_illliiilb--0,gpgpu_simulation_time,3.0,3.0,gpgpu_simulation_time\s*=.*\(([0-9]+) sec\).*
instance,llm_layer,layer,H100-SASS-Accelwattch_SASS_SIM,_ZN4vllm30reshape_and_cache_flash_kernelI13__nv_bfloat16S1_LNS_18Fp8KVCacheDataTypeE0EEEvPKT_S5_PT0_S7_PKlllllliiiPKfSB_i--0,gpgpu_simulation_time,2.0,2.0,gpgpu_simulation_time\s*=.*\(([0-9]+) sec\).*
instance,llm_layer,layer,H100-SASS-Accelwattch_SASS_SIM,_ZN7cutlass13device_kernelIN5flash20enable_sm90_or_laterINS1_16FlashAttnFwdSm90INS1_25CollectiveMainloopFwdSm90ILi2EN4cute5tupleIJNS5_1CILi1EEES8_S8_EEENS6_IJNS7_ILi192EEENS7_ILi128EEENS7_ILi64EEEEEELi64ENS_10bfloat16_tEfNS_4arch4Sm90ELb1ELb0ELb0ELb1ELb1ELb0ELb0ELb1ELb1ELb1ELb0ELb0ESE_Li1EEENS1_21CollectiveEpilogueFwdINS6_IJSA_SC_SB_EEES9_SE_SG_Li384ELb1ELb1ELb0ELb0ELi1EEENS1_36VarlenDynamicPersistentTileSchedulerILi192ELi128ELi384ELi128ELb0ELb1ELb1ELb1ELb0ELb1EEEEEEEEEvNT_6ParamsE--0,gpgpu_simulation_time,16.0,16.0,gpgpu_simulation_time\s*=.*\(([0-9]+) sec\).*
instance,llm_layer,layer,H100-SASS-Accelwattch_SASS_SIM,_ZN2at6native29vectorized_elementwise_kernelILi4ENS0_11FillFunctorIiEESt5arrayIPcLm1EEEEviT0_T1_--0,gpgpu_simulation_time,2.0,2.0,gpgpu_simulation_time\s*=.*\(([0-9]+) sec\).*
instance,llm_layer,layer,H100-SASS-Accelwattch_SASS_SIM,nvjet_sm90_tst_64x8_64x16_4x2_h_bz_TNT--0,gpgpu_simulation_time,7.0,7.0,gpgpu_simulation_time\s*=.*\(([0-9]+) sec\).*
instance,llm_layer,layer,H100-SASS-Accelwattch_SASS_SIM,_ZN4vllm25fused_add_rms_norm_kernelIN3c108BFloat16ELi8ELb1EEENSt9enable_ifIXaagtT0_Li0Esr4vllm12_typeConvertIT_EE6existsEvE4typeEPS4_lS7_PKS4_fiil--1,gpgpu_simulation_time,4.0,4.0,gpgpu_simulation_time\s*=.*\(([0-9]+) sec\).*
instance,llm_layer,layer,H100-SASS-Accelwattch_SASS_SIM,nvjet_sm90_tst_128x16_64x11_4x1_v_bz_TNT--0,gpgpu_simulation_time,89.0,89.0,gpgpu_simulation_time\s*=.*\(([0-9]+) sec\).*
instance,llm_layer,layer,H100-SASS-Accelwattch_SASS_SIM,_ZN4vllm18act_and_mul_kernelIN3c108BFloat16E14__nv_bfloat162XadL_ZNS_11silu_kernelIS2_EET_RKS5_fEEXadL_ZNS_18packed_silu_kernelIS3_EES5_S7_fEELb1ELb1ELb0ELb0EEEvPS5_PS6_ifff--0,gpgpu_simulation_time,5.0,5.0,gpgpu_simulation_time\s*=.*\(([0-9]+) sec\).*
instance,llm_layer,layer,H100-SASS-Accelwattch_SASS_SIM,_ZN4vllm25fused_add_rms_norm_kernelIN3c108BFloat16ELi8ELb1EEENSt9enable_ifIXaagtT0_Li0Esr4vllm12_typeConvertIT_EE6existsEvE4typeEPS4_lS7_PKS4_fiil--0,gpu_tot_sim_cycle,5581.0,5581.0,gpu_tot_sim_cycle\s*=\s*(.*)
instance,llm_layer,layer,H100-SASS-Accelwattch_SASS_SIM,nvjet_sm90_tst_64x8_64x16_4x2_h_bz_bias_TNT--0,gpu_tot_sim_cycle,7148.0,7148.0,gpu_tot_sim_cycle\s*=\s*(.*)
instance,llm_layer,layer,H100-SASS-Accelwattch_SASS_SIM,_ZN4vllm23rotary_embedding_kernelIN3c108BFloat16ES2_Lb1EEEvPKlPT_S6_PKT0_illliiilb--0,gpu_tot_sim_cycle,5786.0,5786.0,gpu_tot_sim_cycle\s*=\s*(.*)
instance,llm_layer,layer,H100-SASS-Accelwattch_SASS_SIM,_ZN4vllm30reshape_and_cache_flash_kernelI13__nv_bfloat16S1_LNS_18Fp8KVCacheDataTypeE0EEEvPKT_S5_PT0_S7_PKlllllliiiPKfSB_i--0,gpu_tot_sim_cycle,4910.0,4910.0,gpu_tot_sim_cycle\s*=\s*(.*)
instance,llm_layer,layer,H100-SASS-Accelwattch_SASS_SIM,_ZN7cutlass13device_kernelIN5flash20enable_sm90_or_laterINS1_16FlashAttnFwdSm90INS1_25CollectiveMainloopFwdSm90ILi2EN4cute5tupleIJNS5_1CILi1EEES8_S8_EEENS6_IJNS7_ILi192EEENS7_ILi128EEENS7_ILi64EEEEEELi64ENS_10bfloat16_tEfNS_4arch4Sm90ELb1ELb0ELb0ELb1ELb1ELb0ELb0ELb1ELb1ELb1ELb0ELb0ESE_Li1EEENS1_21CollectiveEpilogueFwdINS6_IJSA_SC_SB_EEES9_SE_SG_Li384ELb1ELb1ELb0ELb0ELi1EEENS1_36VarlenDynamicPersistentTileSchedulerILi192ELi128ELi384ELi128ELb0ELb1ELb1ELb1ELb0ELb1EEEEEEEEEvNT_6ParamsE--0,gpu_tot_sim_cycle,14954.0,14954.0,gpu_tot_sim_cycle\s*=\s*(.*)
instance,llm_layer,layer,H100-SASS-Accelwattch_SASS_SIM,_ZN2at6native29vectorized_elementwise_kernelILi4ENS0_11FillFunctorIiEESt5arrayIPcLm1EEEEviT0_T1_--0,gpu_tot_sim_cycle,3346.0,3346.0,gpu_tot_sim_cycle\s*=\s*(.*)
instance,llm_layer,layer,H100-SASS-Accelwattch_SASS_SIM,nvjet_sm90_tst_64x8_64x16_4x2_h_bz_TNT--0,gpu_tot_sim_cycle,6707.0,6707.0,gpu_tot_sim_cycle\s*=\s*(.*)
instance,llm_layer,layer,H100-SASS-Accelwattch_SASS_SIM,_ZN4vllm25fused_add_rms_norm_kernelIN3c108BFloat16ELi8ELb1EEENSt9enable_ifIXaagtT0_Li0Esr4vllm12_typeConvertIT_EE6existsEvE4typeEPS4_lS7_PKS4_fiil--1,gpu_tot_sim_cycle,5569.0,5569.0,gpu_tot_sim_cycle\s*=\s*(.*)
instance,llm_layer,layer,H100-SASS-Accelwattch_SASS_SIM,nvjet_sm90_tst_128x16_64x11_4x1_v_bz_TNT--0,gpu_tot_sim_cycle,16723.0,16723.0,gpu_tot_sim_cycle\s*=\s*(.*)
instance,llm_layer,layer,H100-SASS-Accelwattch_SASS_SIM,_ZN4vllm18act_and_mul_kernelIN3c108BFloat16E14__nv_bfloat162XadL_ZNS_11silu_kernelIS2_EET_RKS5_fEEXadL_ZNS_18packed_silu_kernelIS3_EES5_S7_fEELb1ELb1ELb0ELb0EEEvPS5_PS6_ifff--0,gpu_tot_sim_cycle,5778.0,5778.0,gpu_tot_sim_cycle\s*=\s*(.*)
instance,llm_layer,layer,H100-SASS-Accelwattch_SASS_SIM,_ZN4vllm25fused_add_rms_norm_kernelIN3c108BFloat16ELi8ELb1EEENSt9enable_ifIXaagtT0_Li0Esr4vllm12_typeConvertIT_EE6existsEvE4typeEPS4_lS7_PKS4_fiil--0,L2_cache_stats_breakdown[GLOBAL_ACC_R][HIT],55.0,55.0,\s+L2_cache_stats_breakdown\[GLOBAL_ACC_R\]\[HIT\]\s*=\s*(.*)
instance,llm_layer,layer,H100-SASS-Accelwattch_SASS_SIM,nvjet_sm90_tst_64x8_64x16_4x2_h_bz_bias_TNT--0,L2_cache_stats_breakdown[GLOBAL_ACC_R][HIT],1120.0,1120.0,\s+L2_cache_stats_breakdown\[GLOBAL_ACC_R\]\[HIT\]\s*=\s*(.*)
instance,llm_layer,layer,H100-SASS-Accelwattch_SASS_SIM,_ZN4vllm23rotary_embedding_kernelIN3c108BFloat16ES2_Lb1EEEvPKlPT_S6_PKT0_illliiilb--0,L2_cache_stats_breakdown[GLOBAL_ACC_R][HIT],640.0,640.0,\s+L2_cache_stats_breakdown\[GLOBAL_ACC_R\]\[HIT\]\s*=\s*(.*)
instance,llm_layer,layer,H100-SASS-Accelwattch_SASS_SIM,_ZN4vllm30reshape_and_cache_flash_kernelI13__nv_bfloat16S1_LNS_18Fp8KVCacheDataTypeE0EEEvPKT_S5_PT0_S7_PKlllllliiiPKfSB_i--0,L2_cache_stats_breakdown[GLOBAL_ACC_R][HIT],160.0,160.0,\s+L2_cache_stats_breakdown\[GLOBAL_ACC_R\]\[HIT\]\s*=\s*(.*)
instance,llm_layer,layer,H100-SASS-Accelwattch_SASS_SIM,_ZN7cutlass13device_kernelIN5flash20enable_sm90_or_laterINS1_16FlashAttnFwdSm90INS1_25CollectiveMainloopFwdSm90ILi2EN4cute5tupleIJNS5_1CILi1EEES8_S8_EEENS6_IJNS7_ILi192EEENS7_ILi128EEENS7_ILi64EEEEEELi64ENS_10bfloat16_tEfNS_4arch4Sm90ELb1ELb0ELb0ELb1ELb1ELb0ELb0ELb1ELb1ELb1ELb0ELb0ESE_Li1EEENS1_21CollectiveEpilogueFwdINS6_IJSA_SC_SB_EEES9_SE_SG_Li384ELb1ELb1ELb0ELb0ELi1EEENS1_36VarlenDynamicPersistentTileSchedulerILi192ELi128ELi384ELi128ELb0ELb1ELb1ELb1ELb0ELb1EEEEEEEEEvNT_6ParamsE--0,L2_cache_stats_breakdown[GLOBAL_ACC_R][HIT],746.0,746.0,\s+L2_cache_stats_breakdown\[GLOBAL_ACC_R\]\[HIT\]\s*=\s*(.*)
instance,llm_layer,layer,H100-SASS-Accelwattch_SASS_SIM,_ZN2at6native29vectorized_elementwise_kernelILi4ENS0_11FillFunctorIiEESt5arrayIPcLm1EEEEviT0_T1_--0,L2_cache_stats_breakdown[GLOBAL_ACC_R][HIT],0.0,0.0,\s+L2_cache_stats_breakdown\[GLOBAL_ACC_R\]\[HIT\]\s*=\s*(.*)
instance,llm_layer,layer,H100-SASS-Accelwattch_SASS_SIM,nvjet_sm90_tst_64x8_64x16_4x2_h_bz_TNT--0,L2_cache_stats_breakdown[GLOBAL_ACC_R][HIT],653.0,653.0,\s+L2_cache_stats_breakdown\[GLOBAL_ACC_R\]\[HIT\]\s*=\s*(.*)
instance,llm_layer,layer,H100-SASS-Accelwattch_SASS_SIM,_ZN4vllm25fused_add_rms_norm_kernelIN3c108BFloat16ELi8ELb1EEENSt9enable_ifIXaagtT0_Li0Esr4vllm12_typeConvertIT_EE6existsEvE4typeEPS4_lS7_PKS4_fiil--1,L2_cache_stats_breakdown[GLOBAL_ACC_R][HIT],864.0,864.0,\s+L2_cache_stats_breakdown\[GLOBAL_ACC_R\]\[HIT\]\s*=\s*(.*)
instance,llm_layer,layer,H100-SASS-Accelwattch_SASS_SIM,nvjet_sm90_tst_128x16_64x11_4x1_v_bz_TNT--0,L2_cache_stats_breakdown[GLOBAL_ACC_R][HIT],3949.0,3949.0,\s+L2_cache_stats_breakdown\[GLOBAL_ACC_R\]\[HIT\]\s*=\s*(.*)
instance,llm_layer,layer,H100-SASS-Accelwattch_SASS_SIM,_ZN4vllm18act_and_mul_kernelIN3c108BFloat16E14__nv_bfloat162XadL_ZNS_11silu_kernelIS2_EET_RKS5_fEEXadL_ZNS_18packed_silu_kernelIS3_EES5_S7_fEELb1ELb1ELb0ELb0EEEvPS5_PS6_ifff--0,L2_cache_stats_breakdown[GLOBAL_ACC_R][HIT],6080.0,6080.0,\s+L2_cache_stats_breakdown\[GLOBAL_ACC_R\]\[HIT\]\s*=\s*(.*)
instance,llm_layer,layer,H100-SASS-Accelwattch_SASS_SIM,_ZN4vllm25fused_add_rms_norm_kernelIN3c108BFloat16ELi8ELb1EEENSt9enable_ifIXaagtT0_Li0Esr4vllm12_typeConvertIT_EE6existsEvE4typeEPS4_lS7_PKS4_fiil--0,L2_cache_stats_breakdown[GLOBAL_ACC_R][TOTAL_ACCESS],1288.0,1288.0,\s+L2_cache_stats_breakdown\[GLOBAL_ACC_R\]\[TOTAL_ACCESS\]\s*=\s*(.*)
instance,llm_layer,layer,H100-SASS-Accelwattch_SASS_SIM,nvjet_sm90_tst_64x8_64x16_4x2_h_bz_bias_TNT--0,L2_cache_stats_breakdown[GLOBAL_ACC_R][TOTAL_ACCESS],65704.0,65704.0,\s+L2_cache_stats_breakdown\[GLOBAL_ACC_R\]\[TOTAL_ACCESS\]\s*=\s*(.*)
instance,llm_layer,layer,H100-SASS-Accelwattch_SASS_SIM,_ZN4vllm23rotary_embedding_kernelIN3c108BFloat16ES2_Lb1EEEvPKlPT_S6_PKT0_illliiilb--0,L2_cache_stats_breakdown[GLOBAL_ACC_R][TOTAL_ACCESS],683.0,683.0,\s+L2_cache_stats_breakdown\[GLOBAL_ACC_R\]\[TOTAL_ACCESS\]\s*=\s*(.*)
instance,llm_layer,layer,H100-SASS-Accelwattch_SASS_SIM,_ZN4vllm30reshape_and_cache_flash_kernelI13__nv_bfloat16S1_LNS_18Fp8KVCacheDataTypeE0EEEvPKT_S5_PT0_S7_PKlllllliiiPKfSB_i--0,L2_cache_stats_breakdown[GLOBAL_ACC_R][TOTAL_ACCESS],164.0,164.0,\s+L2_cache_stats_breakdown\[GLOBAL_ACC_R\]\[TOTAL_ACCESS\]\s*=\s*(.*)
instance,llm_layer,layer,H100-SASS-Accelwattch_SASS_SIM,_ZN7cutlass13device_kernelIN5flash20enable_sm90_or_laterINS1_16FlashAttnFwdSm90INS1_25CollectiveMainloopFwdSm90ILi2EN4cute5tupleIJNS5_1CILi1EEES8_S8_EEENS6_IJNS7_ILi192EEENS7_ILi128EEENS7_ILi64EEEEEELi64ENS_10bfloat16_tEfNS_4arch4Sm90ELb1ELb0ELb0ELb1ELb1ELb0ELb0ELb1ELb1ELb1ELb0ELb0ESE_Li1EEENS1_21CollectiveEpilogueFwdINS6_IJSA_SC_SB_EEES9_SE_SG_Li384ELb1ELb1ELb0ELb0ELi1EEENS1_36VarlenDynamicPersistentTileSchedulerILi192ELi128ELi384ELi128ELb0ELb1ELb1ELb1ELb0ELb1EEEEEEEEEvNT_6ParamsE--0,L2_cache_stats_breakdown[GLOBAL_ACC_R][TOTAL_ACCESS],1782.0,1782.0,\s+L2_cache_stats_breakdown\[GLOBAL_ACC_R\]\[TOTAL_ACCESS\]\s*=\s*(.*)
instance,llm_layer,layer,H100-SASS-Accelwattch_SASS_SIM,_ZN2at6native29vectorized_elementwise_kernelILi4ENS0_11FillFunctorIiEESt5arrayIPcLm1EEEEviT0_T1_--0,L2_cache_stats_breakdown[GLOBAL_ACC_R][TOTAL_ACCESS],0.0,0.0,\s+L2_cache_stats_breakdown\[GLOBAL_ACC_R\]\[TOTAL_ACCESS\]\s*=\s*(.*)
instance,llm_layer,layer,H100-SASS-Accelwattch_SASS_SIM,nvjet_sm90_tst_64x8_64x16_4x2_h_bz_TNT--0,L2_cache_stats_breakdown[GLOBAL_ACC_R][TOTAL_ACCESS],50829.0,50829.0,\s+L2_cache_stats_breakdown\[GLOBAL_ACC_R\]\[TOTAL_ACCESS\]\s*=\s*(.*)
instance,llm_layer,layer,H100-SASS-Accelwattch_SASS_SIM,_ZN4vllm25fused_add_rms_norm_kernelIN3c108BFloat16ELi8ELb1EEENSt9enable_ifIXaagtT0_Li0Esr4vllm12_typeConvertIT_EE6existsEvE4typeEPS4_lS7_PKS4_fiil--1,L2_cache_stats_breakdown[GLOBAL_ACC_R][TOTAL_ACCESS],1288.0,1288.0,\s+L2_cache_stats_breakdown\[GLOBAL_ACC_R\]\[TOTAL_ACCESS\]\s*=\s*(.*)
instance,llm_layer,layer,H100-SASS-Accelwattch_SASS_SIM,nvjet_sm90_tst_128x16_64x11_4x1_v_bz_TNT--0,L2_cache_stats_breakdown[GLOBAL_ACC_R][TOTAL_ACCESS],548717.0,548717.0,\s+L2_cache_stats_breakdown\[GLOBAL_ACC_R\]\[TOTAL_ACCESS\]\s*=\s*(.*)
instance,llm_layer,layer,H100-SASS-Accelwattch_SASS_SIM,_ZN4vllm18act_and_mul_kernelIN3c108BFloat16E14__nv_bfloat162XadL_ZNS_11silu_kernelIS2_EET_RKS5_fEEXadL_ZNS_18packed_silu_kernelIS3_EES5_S7_fEELb1ELb1ELb0ELb0EEEvPS5_PS6_ifff--0,L2_cache_stats_breakdown[GLOBAL_ACC_R][TOTAL_ACCESS],6080.0,6080.0,\s+L2_cache_stats_breakdown\[GLOBAL_ACC_R\]\[TOTAL_ACCESS\]\s*=\s*(.*)
instance,llm_layer,layer,H100-SASS-Accelwattch_SASS_SIM,_ZN4vllm25fused_add_rms_norm_kernelIN3c108BFloat16ELi8ELb1EEENSt9enable_ifIXaagtT0_Li0Esr4vllm12_typeConvertIT_EE6existsEvE4typeEPS4_lS7_PKS4_fiil--0,L2_cache_stats_breakdown[GLOBAL_ACC_W][HIT],1120.0,1120.0,\s+L2_cache_stats_breakdown\[GLOBAL_ACC_W\]\[HIT\]\s*=\s*(.*)
instance,llm_layer,layer,H100-SASS-Accelwattch_SASS_SIM,nvjet_sm90_tst_64x8_64x16_4x2_h_bz_bias_TNT--0,L2_cache_stats_breakdown[GLOBAL_ACC_W][HIT],0.0,0.0,\s+L2_cache_stats_breakdown\[GLOBAL_ACC_W\]\[HIT\]\s*=\s*(.*)
instance,llm_layer,layer,H100-SASS-Accelwattch_SASS_SIM,_ZN4vllm23rotary_embedding_kernelIN3c108BFloat16ES2_Lb1EEEvPKlPT_S6_PKT0_illliiilb--0,L2_cache_stats_breakdown[GLOBAL_ACC_W][HIT],640.0,640.0,\s+L2_cache_stats_breakdown\[GLOBAL_ACC_W\]\[HIT\]\s*=\s*(.*)
instance,llm_layer,layer,H100-SASS-Accelwattch_SASS_SIM,_ZN4vllm30reshape_and_cache_flash_kernelI13__nv_bfloat16S1_LNS_18Fp8KVCacheDataTypeE0EEEvPKT_S5_PT0_S7_PKlllllliiiPKfSB_i--0,L2_cache_stats_breakdown[GLOBAL_ACC_W][HIT],0.0,0.0,\s+L2_cache_stats_breakdown\[GLOBAL_ACC_W\]\[HIT\]\s*=\s*(.*)
instance,llm_layer,layer,H100-SASS-Accelwattch_SASS_SIM,_ZN7cutlass13device_kernelIN5flash20enable_sm90_or_laterINS1_16FlashAttnFwdSm90INS1_25CollectiveMainloopFwdSm90ILi2EN4cute5tupleIJNS5_1CILi1EEES8_S8_EEENS6_IJNS7_ILi192EEENS7_ILi128EEENS7_ILi64EEEEEELi64ENS_10bfloat16_tEfNS_4arch4Sm90ELb1ELb0ELb0ELb1ELb1ELb0ELb0ELb1ELb1ELb1ELb0ELb0ESE_Li1EEENS1_21CollectiveEpilogueFwdINS6_IJSA_SC_SB_EEES9_SE_SG_Li384ELb1ELb1ELb0ELb0ELi1EEENS1_36VarlenDynamicPersistentTileSchedulerILi192ELi128ELi384ELi128ELb0ELb1ELb1ELb1ELb0ELb1EEEEEEEEEvNT_6ParamsE--0,L2_cache_stats_breakdown[GLOBAL_ACC_W][HIT],108.0,108.0,\s+L2_cache_stats_breakdown\[GLOBAL_ACC_W\]\[HIT\]\s*=\s*(.*)
instance,llm_layer,layer,H100-SASS-Accelwattch_SASS_SIM,_ZN2at6native29vectorized_elementwise_kernelILi4ENS0_11FillFunctorIiEESt5arrayIPcLm1EEEEviT0_T1_--0,L2_cache_stats_breakdown[GLOBAL_ACC_W][HIT],1.0,1.0,\s+L2_cache_stats_breakdown\[GLOBAL_ACC_W\]\[HIT\]\s*=\s*(.*)
instance,llm_layer,layer,H100-SASS-Accelwattch_SASS_SIM,nvjet_sm90_tst_64x8_64x16_4x2_h_bz_TNT--0,L2_cache_stats_breakdown[GLOBAL_ACC_W][HIT],0.0,0.0,\s+L2_cache_stats_breakdown\[GLOBAL_ACC_W\]\[HIT\]\s*=\s*(.*)
instance,llm_layer,layer,H100-SASS-Accelwattch_SASS_SIM,_ZN4vllm25fused_add_rms_norm_kernelIN3c108BFloat16ELi8ELb1EEENSt9enable_ifIXaagtT0_Li0Esr4vllm12_typeConvertIT_EE6existsEvE4typeEPS4_lS7_PKS4_fiil--1,L2_cache_stats_breakdown[GLOBAL_ACC_W][HIT],1120.0,1120.0,\s+L2_cache_stats_breakdown\[GLOBAL_ACC_W\]\[HIT\]\s*=\s*(.*)
instance,llm_layer,layer,H100-SASS-Accelwattch_SASS_SIM,nvjet_sm90_tst_128x16_64x11_4x1_v_bz_TNT--0,L2_cache_stats_breakdown[GLOBAL_ACC_W][HIT],0.0,0.0,\s+L2_cache_stats_breakdown\[GLOBAL_ACC_W\]\[HIT\]\s*=\s*(.*)
instance,llm_layer,layer,H100-SASS-Accelwattch_SASS_SIM,_ZN4vllm18act_and_mul_kernelIN3c108BFloat16E14__nv_bfloat162XadL_ZNS_11silu_kernelIS2_EET_RKS5_fEEXadL_ZNS_18packed_silu_kernelIS3_EES5_S7_fEELb1ELb1ELb0ELb0EEEvPS5_PS6_ifff--0,L2_cache_stats_breakdown[GLOBAL_ACC_W][HIT],0.0,0.0,\s+L2_cache_stats_breakdown\[GLOBAL_ACC_W\]\[HIT\]\s*=\s*(.*)
instance,llm_layer,layer,H100-SASS-Accelwattch_SASS_SIM,_ZN4vllm25fused_add_rms_norm_kernelIN3c108BFloat16ELi8ELb1EEENSt9enable_ifIXaagtT0_Li0Esr4vllm12_typeConvertIT_EE6existsEvE4typeEPS4_lS7_PKS4_fiil--0,L2_cache_stats_breakdown[GLOBAL_ACC_W][TOTAL_ACCESS],1120.0,1120.0,\s+L2_cache_stats_breakdown\[GLOBAL_ACC_W\]\[TOTAL_ACCESS\]\s*=\s*(.*)
instance,llm_layer,layer,H100-SASS-Accelwattch_SASS_SIM,nvjet_sm90_tst_64x8_64x16_4x2_h_bz_bias_TNT--0,L2_cache_stats_breakdown[GLOBAL_ACC_W][TOTAL_ACCESS],720.0,720.0,\s+L2_cache_stats_breakdown\[GLOBAL_ACC_W\]\[TOTAL_ACCESS\]\s*=\s*(.*)
instance,llm_layer,layer,H100-SASS-Accelwattch_SASS_SIM,_ZN4vllm23rotary_embedding_kernelIN3c108BFloat16ES2_Lb1EEEvPKlPT_S6_PKT0_illliiilb--0,L2_cache_stats_breakdown[GLOBAL_ACC_W][TOTAL_ACCESS],640.0,640.0,\s+L2_cache_stats_breakdown\[GLOBAL_ACC_W\]\[TOTAL_ACCESS\]\s*=\s*(.*)
instance,llm_layer,layer,H100-SASS-Accelwattch_SASS_SIM,_ZN4vllm30reshape_and_cache_flash_kernelI13__nv_bfloat16S1_LNS_18Fp8KVCacheDataTypeE0EEEvPKT_S5_PT0_S7_PKlllllliiiPKfSB_i--0,L2_cache_stats_breakdown[GLOBAL_ACC_W][TOTAL_ACCESS],160.0,160.0,\s+L2_cache_stats_breakdown\[GLOBAL_ACC_W\]\[TOTAL_ACCESS\]\s*=\s*(.*)
instance,llm_layer,layer,H100-SASS-Accelwattch_SASS_SIM,_ZN7cutlass13device_kernelIN5flash20enable_sm90_or_laterINS1_16FlashAttnFwdSm90INS1_25CollectiveMainloopFwdSm90ILi2EN4cute5tupleIJNS5_1CILi1EEES8_S8_EEENS6_IJNS7_ILi192EEENS7_ILi128EEENS7_ILi64EEEEEELi64ENS_10bfloat16_tEfNS_4arch4Sm90ELb1ELb0ELb0ELb1ELb1ELb0ELb0ELb1ELb1ELb1ELb0ELb0ESE_Li1EEENS1_21CollectiveEpilogueFwdINS6_IJSA_SC_SB_EEES9_SE_SG_Li384ELb1ELb1ELb0ELb0ELi1EEENS1_36VarlenDynamicPersistentTileSchedulerILi192ELi128ELi384ELi128ELb0ELb1ELb1ELb1ELb0ELb1EEEEEEEEEvNT_6ParamsE--0,L2_cache_stats_breakdown[GLOBAL_ACC_W][TOTAL_ACCESS],686.0,686.0,\s+L2_cache_stats_breakdown\[GLOBAL_ACC_W\]\[TOTAL_ACCESS\]\s*=\s*(.*)
instance,llm_layer,layer,H100-SASS-Accelwattch_SASS_SIM,_ZN2at6native29vectorized_elementwise_kernelILi4ENS0_11FillFunctorIiEESt5arrayIPcLm1EEEEviT0_T1_--0,L2_cache_stats_breakdown[GLOBAL_ACC_W][TOTAL_ACCESS],1.0,1.0,\s+L2_cache_stats_breakdown\[GLOBAL_ACC_W\]\[TOTAL_ACCESS\]\s*=\s*(.*)
instance,llm_layer,layer,H100-SASS-Accelwattch_SASS_SIM,nvjet_sm90_tst_64x8_64x16_4x2_h_bz_TNT--0,L2_cache_stats_breakdown[GLOBAL_ACC_W][TOTAL_ACCESS],560.0,560.0,\s+L2_cache_stats_breakdown\[GLOBAL_ACC_W\]\[TOTAL_ACCESS\]\s*=\s*(.*)
instance,llm_layer,layer,H100-SASS-Accelwattch_SASS_SIM,_ZN4vllm25fused_add_rms_norm_kernelIN3c108BFloat16ELi8ELb1EEENSt9enable_ifIXaagtT0_Li0Esr4vllm12_typeConvertIT_EE6existsEvE4typeEPS4_lS7_PKS4_fiil--1,L2_cache_stats_breakdown[GLOBAL_ACC_W][TOTAL_ACCESS],1120.0,1120.0,\s+L2_cache_stats_breakdown\[GLOBAL_ACC_W\]\[TOTAL_ACCESS\]\s*=\s*(.*)
instance,llm_layer,layer,H100-SASS-Accelwattch_SASS_SIM,nvjet_sm90_tst_128x16_64x11_4x1_v_bz_TNT--0,L2_cache_stats_breakdown[GLOBAL_ACC_W][TOTAL_ACCESS],6080.0,6080.0,\s+L2_cache_stats_breakdown\[GLOBAL_ACC_W\]\[TOTAL_ACCESS\]\s*=\s*(.*)
instance,llm_layer,layer,H100-SASS-Accelwattch_SASS_SIM,_ZN4vllm18act_and_mul_kernelIN3c108BFloat16E14__nv_bfloat162XadL_ZNS_11silu_kernelIS2_EET_RKS5_fEEXadL_ZNS_18packed_silu_kernelIS3_EES5_S7_fEELb1ELb1ELb0ELb0EEEvPS5_PS6_ifff--0,L2_cache_stats_breakdown[GLOBAL_ACC_W][TOTAL_ACCESS],3040.0,3040.0,\s+L2_cache_stats_breakdown\[GLOBAL_ACC_W\]\[TOTAL_ACCESS\]\s*=\s*(.*)
instance,llm_layer,layer,H100-SASS-Accelwattch_SASS_SIM,_ZN4vllm25fused_add_rms_norm_kernelIN3c108BFloat16ELi8ELb1EEENSt9enable_ifIXaagtT0_Li0Esr4vllm12_typeConvertIT_EE6existsEvE4typeEPS4_lS7_PKS4_fiil--0,L2_cache_stats_breakdown[CHIPLET_ACC_R][HIT],0.0,0.0,\s+L2_cache_stats_breakdown\[CHIPLET_ACC_R\]\[HIT\]\s*=\s*(.*)
instance,llm_layer,layer,H100-SASS-Accelwattch_SASS_SIM,nvjet_sm90_tst_64x8_64x16_4x2_h_bz_bias_TNT--0,L2_cache_stats_breakdown[CHIPLET_ACC_R][HIT],0.0,0.0,\s+L2_cache_stats_breakdown\[CHIPLET_ACC_R\]\[HIT\]\s*=\s*(.*)
instance,llm_layer,layer,H100-SASS-Accelwattch_SASS_SIM,_ZN4vllm23rotary_embedding_kernelIN3c108BFloat16ES2_Lb1EEEvPKlPT_S6_PKT0_illliiilb--0,L2_cache_stats_breakdown[CHIPLET_ACC_R][HIT],0.0,0.0,\s+L2_cache_stats_breakdown\[CHIPLET_ACC_R\]\[HIT\]\s*=\s*(.*)
instance,llm_layer,layer,H100-SASS-Accelwattch_SASS_SIM,_ZN4vllm30reshape_and_cache_flash_kernelI13__nv_bfloat16S1_LNS_18Fp8KVCacheDataTypeE0EEEvPKT_S5_PT0_S7_PKlllllliiiPKfSB_i--0,L2_cache_stats_breakdown[CHIPLET_ACC_R][HIT],0.0,0.0,\s+L2_cache_stats_breakdown\[CHIPLET_ACC_R\]\[HIT\]\s*=\s*(.*)
instance,llm_layer,layer,H100-SASS-Accelwattch_SASS_SIM,_ZN7cutlass13device_kernelIN5flash20enable_sm90_or_laterINS1_16FlashAttnFwdSm90INS1_25CollectiveMainloopFwdSm90ILi2EN4cute5tupleIJNS5_1CILi1EEES8_S8_EEENS6_IJNS7_ILi192EEENS7_ILi128EEENS7_ILi64EEEEEELi64ENS_10bfloat16_tEfNS_4arch4Sm90ELb1ELb0ELb0ELb1ELb1ELb0ELb0ELb1ELb1ELb1ELb0ELb0ESE_Li1EEENS1_21CollectiveEpilogueFwdINS6_IJSA_SC_SB_EEES9_SE_SG_Li384ELb1ELb1ELb0ELb0ELi1EEENS1_36VarlenDynamicPersistentTileSchedulerILi192ELi128ELi384ELi128ELb0ELb1ELb1ELb1ELb0ELb1EEEEEEEEEvNT_6ParamsE--0,L2_cache_stats_breakdown[CHIPLET_ACC_R][HIT],1.0,1.0,\s+L2_cache_stats_breakdown\[CHIPLET_ACC_R\]\[HIT\]\s*=\s*(.*)
instance,llm_layer,layer,H100-SASS-Accelwattch_SASS_SIM,_ZN2at6native29vectorized_elementwise_kernelILi4ENS0_11FillFunctorIiEESt5arrayIPcLm1EEEEviT0_T1_--0,L2_cache_stats_breakdown[CHIPLET_ACC_R][HIT],0.0,0.0,\s+L2_cache_stats_breakdown\[CHIPLET_ACC_R\]\[HIT\]\s*=\s*(.*)
instance,llm_layer,layer,H100-SASS-Accelwattch_SASS_SIM,nvjet_sm90_tst_64x8_64x16_4x2_h_bz_TNT--0,L2_cache_stats_breakdown[CHIPLET_ACC_R][HIT],0.0,0.0,\s+L2_cache_stats_breakdown\[CHIPLET_ACC_R\]\[HIT\]\s*=\s*(.*)
instance,llm_layer,layer,H100-SASS-Accelwattch_SASS_SIM,_ZN4vllm25fused_add_rms_norm_kernelIN3c108BFloat16ELi8ELb1EEENSt9enable_ifIXaagtT0_Li0Esr4vllm12_typeConvertIT_EE6existsEvE4typeEPS4_lS7_PKS4_fiil--1,L2_cache_stats_breakdown[CHIPLET_ACC_R][HIT],256.0,256.0,\s+L2_cache_stats_breakdown\[CHIPLET_ACC_R\]\[HIT\]\s*=\s*(.*)
instance,llm_layer,layer,H100-SASS-Accelwattch_SASS_SIM,nvjet_sm90_tst_128x16_64x11_4x1_v_bz_TNT--0,L2_cache_stats_breakdown[CHIPLET_ACC_R][HIT],0.0,0.0,\s+L2_cache_stats_breakdown\[CHIPLET_ACC_R\]\[HIT\]\s*=\s*(.*)
instance,llm_layer,layer,H100-SASS-Accelwattch_SASS_SIM,_ZN4vllm18act_and_mul_kernelIN3c108BFloat16E14__nv_bfloat162XadL_ZNS_11silu_kernelIS2_EET_RKS5_fEEXadL_ZNS_18packed_silu_kernelIS3_EES5_S7_fEELb1ELb1ELb0ELb0EEEvPS5_PS6_ifff--0,L2_cache_stats_breakdown[CHIPLET_ACC_R][HIT],0.0,0.0,\s+L2_cache_stats_breakdown\[CHIPLET_ACC_R\]\[HIT\]\s*=\s*(.*)
instance,llm_layer,layer,H100-SASS-Accelwattch_SASS_SIM,_ZN4vllm25fused_add_rms_norm_kernelIN3c108BFloat16ELi8ELb1EEENSt9enable_ifIXaagtT0_Li0Esr4vllm12_typeConvertIT_EE6existsEvE4typeEPS4_lS7_PKS4_fiil--0,L2_cache_stats_breakdown[CHIPLET_ACC_R][TOTAL_ACCESS],592.0,592.0,\s+L2_cache_stats_breakdown\[CHIPLET_ACC_R\]\[TOTAL_ACCESS\]\s*=\s*(.*)
instance,llm_layer,layer,H100-SASS-Accelwattch_SASS_SIM,nvjet_sm90_tst_64x8_64x16_4x2_h_bz_bias_TNT--0,L2_cache_stats_breakdown[CHIPLET_ACC_R][TOTAL_ACCESS],32328.0,32328.0,\s+L2_cache_stats_breakdown\[CHIPLET_ACC_R\]\[TOTAL_ACCESS\]\s*=\s*(.*)
instance,llm_layer,layer,H100-SASS-Accelwattch_SASS_SIM,_ZN4vllm23rotary_embedding_kernelIN3c108BFloat16ES2_Lb1EEEvPKlPT_S6_PKT0_illliiilb--0,L2_cache_stats_breakdown[CHIPLET_ACC_R][TOTAL_ACCESS],43.0,43.0,\s+L2_cache_stats_breakdown\[CHIPLET_ACC_R\]\[TOTAL_ACCESS\]\s*=\s*(.*)
instance,llm_layer,layer,H100-SASS-Accelwattch_SASS_SIM,_ZN4vllm30reshape_and_cache_flash_kernelI13__nv_bfloat16S1_LNS_18Fp8KVCacheDataTypeE0EEEvPKT_S5_PT0_S7_PKlllllliiiPKfSB_i--0,L2_cache_stats_breakdown[CHIPLET_ACC_R][TOTAL_ACCESS],2.0,2.0,\s+L2_cache_stats_breakdown\[CHIPLET_ACC_R\]\[TOTAL_ACCESS\]\s*=\s*(.*)
instance,llm_layer,layer,H100-SASS-Accelwattch_SASS_SIM,_ZN7cutlass13device_kernelIN5flash20enable_sm90_or_laterINS1_16FlashAttnFwdSm90INS1_25CollectiveMainloopFwdSm90ILi2EN4cute5tupleIJNS5_1CILi1EEES8_S8_EEENS6_IJNS7_ILi192EEENS7_ILi128EEENS7_ILi64EEEEEELi64ENS_10bfloat16_tEfNS_4arch4Sm90ELb1ELb0ELb0ELb1ELb1ELb0ELb0ELb1ELb1ELb1ELb0ELb0ESE_Li1EEENS1_21CollectiveEpilogueFwdINS6_IJSA_SC_SB_EEES9_SE_SG_Li384ELb1ELb1ELb0ELb0ELi1EEENS1_36VarlenDynamicPersistentTileSchedulerILi192ELi128ELi384ELi128ELb0ELb1ELb1ELb1ELb0ELb1EEEEEEEEEvNT_6ParamsE--0,L2_cache_stats_breakdown[CHIPLET_ACC_R][TOTAL_ACCESS],290.0,290.0,\s+L2_cache_stats_breakdown\[CHIPLET_ACC_R\]\[TOTAL_ACCESS\]\s*=\s*(.*)
instance,llm_layer,layer,H100-SASS-Accelwattch_SASS_SIM,_ZN2at6native29vectorized_elementwise_kernelILi4ENS0_11FillFunctorIiEESt5arrayIPcLm1EEEEviT0_T1_--0,L2_cache_stats_breakdown[CHIPLET_ACC_R][TOTAL_ACCESS],0.0,0.0,\s+L2_cache_stats_breakdown\[CHIPLET_ACC_R\]\[TOTAL_ACCESS\]\s*=\s*(.*)
instance,llm_layer,layer,H100-SASS-Accelwattch_SASS_SIM,nvjet_sm90_tst_64x8_64x16_4x2_h_bz_TNT--0,L2_cache_stats_breakdown[CHIPLET_ACC_R][TOTAL_ACCESS],25088.0,25088.0,\s+L2_cache_stats_breakdown\[CHIPLET_ACC_R\]\[TOTAL_ACCESS\]\s*=\s*(.*)
instance,llm_layer,layer,H100-SASS-Accelwattch_SASS_SIM,_ZN4vllm25fused_add_rms_norm_kernelIN3c108BFloat16ELi8ELb1EEENSt9enable_ifIXaagtT0_Li0Esr4vllm12_typeConvertIT_EE6existsEvE4typeEPS4_lS7_PKS4_fiil--1,L2_cache_stats_breakdown[CHIPLET_ACC_R][TOTAL_ACCESS],312.0,312.0,\s+L2_cache_stats_breakdown\[CHIPLET_ACC_R\]\[TOTAL_ACCESS\]\s*=\s*(.*)
instance,llm_layer,layer,H100-SASS-Accelwattch_SASS_SIM,nvjet_sm90_tst_128x16_64x11_4x1_v_bz_TNT--0,L2_cache_stats_breakdown[CHIPLET_ACC_R][TOTAL_ACCESS],272384.0,272384.0,\s+L2_cache_stats_breakdown\[CHIPLET_ACC_R\]\[TOTAL_ACCESS\]\s*=\s*(.*)
instance,llm_layer,layer,H100-SASS-Accelwattch_SASS_SIM,_ZN4vllm18act_and_mul_kernelIN3c108BFloat16E14__nv_bfloat162XadL_ZNS_11silu_kernelIS2_EET_RKS5_fEEXadL_ZNS_18packed_silu_kernelIS3_EES5_S7_fEELb1ELb1ELb0ELb0EEEvPS5_PS6_ifff--0,L2_cache_stats_breakdown[CHIPLET_ACC_R][TOTAL_ACCESS],0.0,0.0,\s+L2_cache_stats_breakdown\[CHIPLET_ACC_R\]\[TOTAL_ACCESS\]\s*=\s*(.*)
instance,llm_layer,layer,H100-SASS-Accelwattch_SASS_SIM,_ZN4vllm25fused_add_rms_norm_kernelIN3c108BFloat16ELi8ELb1EEENSt9enable_ifIXaagtT0_Li0Esr4vllm12_typeConvertIT_EE6existsEvE4typeEPS4_lS7_PKS4_fiil--0,L2_cache_stats_breakdown[CHIPLET_ACC_W][HIT],0.0,0.0,\s+L2_cache_stats_breakdown\[CHIPLET_ACC_W\]\[HIT\]\s*=\s*(.*)
instance,llm_layer,layer,H100-SASS-Accelwattch_SASS_SIM,nvjet_sm90_tst_64x8_64x16_4x2_h_bz_bias_TNT--0,L2_cache_stats_breakdown[CHIPLET_ACC_W][HIT],0.0,0.0,\s+L2_cache_stats_breakdown\[CHIPLET_ACC_W\]\[HIT\]\s*=\s*(.*)
instance,llm_layer,layer,H100-SASS-Accelwattch_SASS_SIM,_ZN4vllm23rotary_embedding_kernelIN3c108BFloat16ES2_Lb1EEEvPKlPT_S6_PKT0_illliiilb--0,L2_cache_stats_breakdown[CHIPLET_ACC_W][HIT],0.0,0.0,\s+L2_cache_stats_breakdown\[CHIPLET_ACC_W\]\[HIT\]\s*=\s*(.*)
instance,llm_layer,layer,H100-SASS-Accelwattch_SASS_SIM,_ZN4vllm30reshape_and_cache_flash_kernelI13__nv_bfloat16S1_LNS_18Fp8KVCacheDataTypeE0EEEvPKT_S5_PT0_S7_PKlllllliiiPKfSB_i--0,L2_cache_stats_breakdown[CHIPLET_ACC_W][HIT],0.0,0.0,\s+L2_cache_stats_breakdown\[CHIPLET_ACC_W\]\[HIT\]\s*=\s*(.*)
instance,llm_layer,layer,H100-SASS-Accelwattch_SASS_SIM,_ZN7cutlass13device_kernelIN5flash20enable_sm90_or_laterINS1_16FlashAttnFwdSm90INS1_25CollectiveMainloopFwdSm90ILi2EN4cute5tupleIJNS5_1CILi1EEES8_S8_EEENS6_IJNS7_ILi192EEENS7_ILi128EEENS7_ILi64EEEEEELi64ENS_10bfloat16_tEfNS_4arch4Sm90ELb1ELb0ELb0ELb1ELb1ELb0ELb0ELb1ELb1ELb1ELb0ELb0ESE_Li1EEENS1_21CollectiveEpilogueFwdINS6_IJSA_SC_SB_EEES9_SE_SG_Li384ELb1ELb1ELb0ELb0ELi1EEENS1_36VarlenDynamicPersistentTileSchedulerILi192ELi128ELi384ELi128ELb0ELb1ELb1ELb1ELb0ELb1EEEEEEEEEvNT_6ParamsE--0,L2_cache_stats_breakdown[CHIPLET_ACC_W][HIT],0.0,0.0,\s+L2_cache_stats_breakdown\[CHIPLET_ACC_W\]\[HIT\]\s*=\s*(.*)
instance,llm_layer,layer,H100-SASS-Accelwattch_SASS_SIM,_ZN2at6native29vectorized_elementwise_kernelILi4ENS0_11FillFunctorIiEESt5arrayIPcLm1EEEEviT0_T1_--0,L2_cache_stats_breakdown[CHIPLET_ACC_W][HIT],0.0,0.0,\s+L2_cache_stats_breakdown\[CHIPLET_ACC_W\]\[HIT\]\s*=\s*(.*)
instance,llm_layer,layer,H100-SASS-Accelwattch_SASS_SIM,nvjet_sm90_tst_64x8_64x16_4x2_h_bz_TNT--0,L2_cache_stats_breakdown[CHIPLET_ACC_W][HIT],0.0,0.0,\s+L2_cache_stats_breakdown\[CHIPLET_ACC_W\]\[HIT\]\s*=\s*(.*)
instance,llm_layer,layer,H100-SASS-Accelwattch_SASS_SIM,_ZN4vllm25fused_add_rms_norm_kernelIN3c108BFloat16ELi8ELb1EEENSt9enable_ifIXaagtT0_Li0Esr4vllm12_typeConvertIT_EE6existsEvE4typeEPS4_lS7_PKS4_fiil--1,L2_cache_stats_breakdown[CHIPLET_ACC_W][HIT],0.0,0.0,\s+L2_cache_stats_breakdown\[CHIPLET_ACC_W\]\[HIT\]\s*=\s*(.*)
instance,llm_layer,layer,H100-SASS-Accelwattch_SASS_SIM,nvjet_sm90_tst_128x16_64x11_4x1_v_bz_TNT--0,L2_cache_stats_breakdown[CHIPLET_ACC_W][HIT],0.0,0.0,\s+L2_cache_stats_breakdown\[CHIPLET_ACC_W\]\[HIT\]\s*=\s*(.*)
instance,llm_layer,layer,H100-SASS-Accelwattch_SASS_SIM,_ZN4vllm18act_and_mul_kernelIN3c108BFloat16E14__nv_bfloat162XadL_ZNS_11silu_kernelIS2_EET_RKS5_fEEXadL_ZNS_18packed_silu_kernelIS3_EES5_S7_fEELb1ELb1ELb0ELb0EEEvPS5_PS6_ifff--0,L2_cache_stats_breakdown[CHIPLET_ACC_W][HIT],0.0,0.0,\s+L2_cache_stats_breakdown\[CHIPLET_ACC_W\]\[HIT\]\s*=\s*(.*)
instance,llm_layer,layer,H100-SASS-Accelwattch_SASS_SIM,_ZN4vllm25fused_add_rms_norm_kernelIN3c108BFloat16ELi8ELb1EEENSt9enable_ifIXaagtT0_Li0Esr4vllm12_typeConvertIT_EE6existsEvE4typeEPS4_lS7_PKS4_fiil--0,L2_cache_stats_breakdown[CHIPLET_ACC_W][TOTAL_ACCESS],,NA,\s+L2_cache_stats_breakdown\[CHIPLET_ACC_W\]\[TOTAL_ACCESS\]\s*=\s*(.*)
instance,llm_layer,layer,H100-SASS-Accelwattch_SASS_SIM,nvjet_sm90_tst_64x8_64x16_4x2_h_bz_bias_TNT--0,L2_cache_stats_breakdown[CHIPLET_ACC_W][TOTAL_ACCESS],,NA,\s+L2_cache_stats_breakdown\[CHIPLET_ACC_W\]\[TOTAL_ACCESS\]\s*=\s*(.*)
instance,llm_layer,layer,H100-SASS-Accelwattch_SASS_SIM,_ZN4vllm23rotary_embedding_kernelIN3c108BFloat16ES2_Lb1EEEvPKlPT_S6_PKT0_illliiilb--0,L2_cache_stats_breakdown[CHIPLET_ACC_W][TOTAL_ACCESS],,NA,\s+L2_cache_stats_breakdown\[CHIPLET_ACC_W\]\[TOTAL_ACCESS\]\s*=\s*(.*)
instance,llm_layer,layer,H100-SASS-Accelwattch_SASS_SIM,_ZN4vllm30reshape_and_cache_flash_kernelI13__nv_bfloat16S1_LNS_18Fp8KVCacheDataTypeE0EEEvPKT_S5_PT0_S7_PKlllllliiiPKfSB_i--0,L2_cache_stats_breakdown[CHIPLET_ACC_W][TOTAL_ACCESS],,NA,\s+L2_cache_stats_breakdown\[CHIPLET_ACC_W\]\[TOTAL_ACCESS\]\s*=\s*(.*)
instance,llm_layer,layer,H100-SASS-Accelwattch_SASS_SIM,_ZN7cutlass13device_kernelIN5flash20enable_sm90_or_laterINS1_16FlashAttnFwdSm90INS1_25CollectiveMainloopFwdSm90ILi2EN4cute5tupleIJNS5_1CILi1EEES8_S8_EEENS6_IJNS7_ILi192EEENS7_ILi128EEENS7_ILi64EEEEEELi64ENS_10bfloat16_tEfNS_4arch4Sm90ELb1ELb0ELb0ELb1ELb1ELb0ELb0ELb1ELb1ELb1ELb0ELb0ESE_Li1EEENS1_21CollectiveEpilogueFwdINS6_IJSA_SC_SB_EEES9_SE_SG_Li384ELb1ELb1ELb0ELb0ELi1EEENS1_36VarlenDynamicPersistentTileSchedulerILi192ELi128ELi384ELi128ELb0ELb1ELb1ELb1ELb0ELb1EEEEEEEEEvNT_6ParamsE--0,L2_cache_stats_breakdown[CHIPLET_ACC_W][TOTAL_ACCESS],,NA,\s+L2_cache_stats_breakdown\[CHIPLET_ACC_W\]\[TOTAL_ACCESS\]\s*=\s*(.*)
instance,llm_layer,layer,H100-SASS-Accelwattch_SASS_SIM,_ZN2at6native29vectorized_elementwise_kernelILi4ENS0_11FillFunctorIiEESt5arrayIPcLm1EEEEviT0_T1_--0,L2_cache_stats_breakdown[CHIPLET_ACC_W][TOTAL_ACCESS],,NA,\s+L2_cache_stats_breakdown\[CHIPLET_ACC_W\]\[TOTAL_ACCESS\]\s*=\s*(.*)
instance,llm_layer,layer,H100-SASS-Accelwattch_SASS_SIM,nvjet_sm90_tst_64x8_64x16_4x2_h_bz_TNT--0,L2_cache_stats_breakdown[CHIPLET_ACC_W][TOTAL_ACCESS],,NA,\s+L2_cache_stats_breakdown\[CHIPLET_ACC_W\]\[TOTAL_ACCESS\]\s*=\s*(.*)
instance,llm_layer,layer,H100-SASS-Accelwattch_SASS_SIM,_ZN4vllm25fused_add_rms_norm_kernelIN3c108BFloat16ELi8ELb1EEENSt9enable_ifIXaagtT0_Li0Esr4vllm12_typeConvertIT_EE6existsEvE4typeEPS4_lS7_PKS4_fiil--1,L2_cache_stats_breakdown[CHIPLET_ACC_W][TOTAL_ACCESS],,NA,\s+L2_cache_stats_breakdown\[CHIPLET_ACC_W\]\[TOTAL_ACCESS\]\s*=\s*(.*)
instance,llm_layer,layer,H100-SASS-Accelwattch_SASS_SIM,nvjet_sm90_tst_128x16_64x11_4x1_v_bz_TNT--0,L2_cache_stats_breakdown[CHIPLET_ACC_W][TOTAL_ACCESS],,NA,\s+L2_cache_stats_breakdown\[CHIPLET_ACC_W\]\[TOTAL_ACCESS\]\s*=\s*(.*)
instance,llm_layer,layer,H100-SASS-Accelwattch_SASS_SIM,_ZN4vllm18act_and_mul_kernelIN3c108BFloat16E14__nv_bfloat162XadL_ZNS_11silu_kernelIS2_EET_RKS5_fEEXadL_ZNS_18packed_silu_kernelIS3_EES5_S7_fEELb1ELb1ELb0ELb0EEEvPS5_PS6_ifff--0,L2_cache_stats_breakdown[CHIPLET_ACC_W][TOTAL_ACCESS],,NA,\s+L2_cache_stats_breakdown\[CHIPLET_ACC_W\]\[TOTAL_ACCESS\]\s*=\s*(.*)
instance,llm_layer,layer,H100-SASS-Accelwattch_SASS_SIM,_ZN4vllm25fused_add_rms_norm_kernelIN3c108BFloat16ELi8ELb1EEENSt9enable_ifIXaagtT0_Li0Esr4vllm12_typeConvertIT_EE6existsEvE4typeEPS4_lS7_PKS4_fiil--0,Total_core_cache_stats_breakdown[GLOBAL_ACC_R][TOTAL_ACCESS],2800.0,2800.0,\s+Total_core_cache_stats_breakdown\[GLOBAL_ACC_R\]\[TOTAL_ACCESS\]\s*=\s*(.*)
instance,llm_layer,layer,H100-SASS-Accelwattch_SASS_SIM,nvjet_sm90_tst_64x8_64x16_4x2_h_bz_bias_TNT--0,Total_core_cache_stats_breakdown[GLOBAL_ACC_R][TOTAL_ACCESS],0.0,0.0,\s+Total_core_cache_stats_breakdown\[GLOBAL_ACC_R\]\[TOTAL_ACCESS\]\s*=\s*(.*)
instance,llm_layer,layer,H100-SASS-Accelwattch_SASS_SIM,_ZN4vllm23rotary_embedding_kernelIN3c108BFloat16ES2_Lb1EEEvPKlPT_S6_PKT0_illliiilb--0,Total_core_cache_stats_breakdown[GLOBAL_ACC_R][TOTAL_ACCESS],1420.0,1420.0,\s+Total_core_cache_stats_breakdown\[GLOBAL_ACC_R\]\[TOTAL_ACCESS\]\s*=\s*(.*)
instance,llm_layer,layer,H100-SASS-Accelwattch_SASS_SIM,_ZN4vllm30reshape_and_cache_flash_kernelI13__nv_bfloat16S1_LNS_18Fp8KVCacheDataTypeE0EEEvPKT_S5_PT0_S7_PKlllllliiiPKfSB_i--0,Total_core_cache_stats_breakdown[GLOBAL_ACC_R][TOTAL_ACCESS],200.0,200.0,\s+Total_core_cache_stats_breakdown\[GLOBAL_ACC_R\]\[TOTAL_ACCESS\]\s*=\s*(.*)
instance,llm_layer,layer,H100-SASS-Accelwattch_SASS_SIM,_ZN7cutlass13device_kernelIN5flash20enable_sm90_or_laterINS1_16FlashAttnFwdSm90INS1_25CollectiveMainloopFwdSm90ILi2EN4cute5tupleIJNS5_1CILi1EEES8_S8_EEENS6_IJNS7_ILi192EEENS7_ILi128EEENS7_ILi64EEEEEELi64ENS_10bfloat16_tEfNS_4arch4Sm90ELb1ELb0ELb0ELb1ELb1ELb0ELb0ELb1ELb1ELb1ELb0ELb0ESE_Li1EEENS1_21CollectiveEpilogueFwdINS6_IJSA_SC_SB_EEES9_SE_SG_Li384ELb1ELb1ELb0ELb0ELi1EEENS1_36VarlenDynamicPersistentTileSchedulerILi192ELi128ELi384ELi128ELb0ELb1ELb1ELb1ELb0ELb1EEEEEEEEEvNT_6ParamsE--0,Total_core_cache_stats_breakdown[GLOBAL_ACC_R][TOTAL_ACCESS],1854.0,1854.0,\s+Total_core_cache_stats_breakdown\[GLOBAL_ACC_R\]\[TOTAL_ACCESS\]\s*=\s*(.*)
instance,llm_layer,layer,H100-SASS-Accelwattch_SASS_SIM,_ZN2at6native29vectorized_elementwise_kernelILi4ENS0_11FillFunctorIiEESt5arrayIPcLm1EEEEviT0_T1_--0,Total_core_cache_stats_breakdown[GLOBAL_ACC_R][TOTAL_ACCESS],0.0,0.0,\s+Total_core_cache_stats_breakdown\[GLOBAL_ACC_R\]\[TOTAL_ACCESS\]\s*=\s*(.*)
instance,llm_layer,layer,H100-SASS-Accelwattch_SASS_SIM,nvjet_sm90_tst_64x8_64x16_4x2_h_bz_TNT--0,Total_core_cache_stats_breakdown[GLOBAL_ACC_R][TOTAL_ACCESS],0.0,0.0,\s+Total_core_cache_stats_breakdown\[GLOBAL_ACC_R\]\[TOTAL_ACCESS\]\s*=\s*(.*)
instance,llm_layer,layer,H100-SASS-Accelwattch_SASS_SIM,_ZN4vllm25fused_add_rms_norm_kernelIN3c108BFloat16ELi8ELb1EEENSt9enable_ifIXaagtT0_Li0Esr4vllm12_typeConvertIT_EE6existsEvE4typeEPS4_lS7_PKS4_fiil--1,Total_core_cache_stats_breakdown[GLOBAL_ACC_R][TOTAL_ACCESS],2800.0,2800.0,\s+Total_core_cache_stats_breakdown\[GLOBAL_ACC_R\]\[TOTAL_ACCESS\]\s*=\s*(.*)
instance,llm_layer,layer,H100-SASS-Accelwattch_SASS_SIM,nvjet_sm90_tst_128x16_64x11_4x1_v_bz_TNT--0,Total_core_cache_stats_breakdown[GLOBAL_ACC_R][TOTAL_ACCESS],0.0,0.0,\s+Total_core_cache_stats_breakdown\[GLOBAL_ACC_R\]\[TOTAL_ACCESS\]\s*=\s*(.*)
instance,llm_layer,layer,H100-SASS-Accelwattch_SASS_SIM,_ZN4vllm18act_and_mul_kernelIN3c108BFloat16E14__nv_bfloat162XadL_ZNS_11silu_kernelIS2_EET_RKS5_fEEXadL_ZNS_18packed_silu_kernelIS3_EES5_S7_fEELb1ELb1ELb0ELb0EEEvPS5_PS6_ifff--0,Total_core_cache_stats_breakdown[GLOBAL_ACC_R][TOTAL_ACCESS],6080.0,6080.0,\s+Total_core_cache_stats_breakdown\[GLOBAL_ACC_R\]\[TOTAL_ACCESS\]\s*=\s*(.*)
instance,llm_layer,layer,H100-SASS-Accelwattch_SASS_SIM,_ZN4vllm25fused_add_rms_norm_kernelIN3c108BFloat16ELi8ELb1EEENSt9enable_ifIXaagtT0_Li0Esr4vllm12_typeConvertIT_EE6existsEvE4typeEPS4_lS7_PKS4_fiil--0,Total_core_cache_stats_breakdown[GLOBAL_ACC_R][HIT],560.0,560.0,\s+Total_core_cache_stats_breakdown\[GLOBAL_ACC_R\]\[HIT\]\s*=\s*(.*)
instance,llm_layer,layer,H100-SASS-Accelwattch_SASS_SIM,nvjet_sm90_tst_64x8_64x16_4x2_h_bz_bias_TNT--0,Total_core_cache_stats_breakdown[GLOBAL_ACC_R][HIT],0.0,0.0,\s+Total_core_cache_stats_breakdown\[GLOBAL_ACC_R\]\[HIT\]\s*=\s*(.*)
instance,llm_layer,layer,H100-SASS-Accelwattch_SASS_SIM,_ZN4vllm23rotary_embedding_kernelIN3c108BFloat16ES2_Lb1EEEvPKlPT_S6_PKT0_illliiilb--0,Total_core_cache_stats_breakdown[GLOBAL_ACC_R][HIT],80.0,80.0,\s+Total_core_cache_stats_breakdown\[GLOBAL_ACC_R\]\[HIT\]\s*=\s*(.*)
instance,llm_layer,layer,H100-SASS-Accelwattch_SASS_SIM,_ZN4vllm30reshape_and_cache_flash_kernelI13__nv_bfloat16S1_LNS_18Fp8KVCacheDataTypeE0EEEvPKT_S5_PT0_S7_PKlllllliiiPKfSB_i--0,Total_core_cache_stats_breakdown[GLOBAL_ACC_R][HIT],0.0,0.0,\s+Total_core_cache_stats_breakdown\[GLOBAL_ACC_R\]\[HIT\]\s*=\s*(.*)
instance,llm_layer,layer,H100-SASS-Accelwattch_SASS_SIM,_ZN7cutlass13device_kernelIN5flash20enable_sm90_or_laterINS1_16FlashAttnFwdSm90INS1_25CollectiveMainloopFwdSm90ILi2EN4cute5tupleIJNS5_1CILi1EEES8_S8_EEENS6_IJNS7_ILi192EEENS7_ILi128EEENS7_ILi64EEEEEELi64ENS_10bfloat16_tEfNS_4arch4Sm90ELb1ELb0ELb0ELb1ELb1ELb0ELb0ELb1ELb1ELb1ELb0ELb0ESE_Li1EEENS1_21CollectiveEpilogueFwdINS6_IJSA_SC_SB_EEES9_SE_SG_Li384ELb1ELb1ELb0ELb0ELi1EEENS1_36VarlenDynamicPersistentTileSchedulerILi192ELi128ELi384ELi128ELb0ELb1ELb1ELb1ELb0ELb1EEEEEEEEEvNT_6ParamsE--0,Total_core_cache_stats_breakdown[GLOBAL_ACC_R][HIT],76.0,76.0,\s+Total_core_cache_stats_breakdown\[GLOBAL_ACC_R\]\[HIT\]\s*=\s*(.*)
instance,llm_layer,layer,H100-SASS-Accelwattch_SASS_SIM,_ZN2at6native29vectorized_elementwise_kernelILi4ENS0_11FillFunctorIiEESt5arrayIPcLm1EEEEviT0_T1_--0,Total_core_cache_stats_breakdown[GLOBAL_ACC_R][HIT],0.0,0.0,\s+Total_core_cache_stats_breakdown\[GLOBAL_ACC_R\]\[HIT\]\s*=\s*(.*)
instance,llm_layer,layer,H100-SASS-Accelwattch_SASS_SIM,nvjet_sm90_tst_64x8_64x16_4x2_h_bz_TNT--0,Total_core_cache_stats_breakdown[GLOBAL_ACC_R][HIT],0.0,0.0,\s+Total_core_cache_stats_breakdown\[GLOBAL_ACC_R\]\[HIT\]\s*=\s*(.*)
instance,llm_layer,layer,H100-SASS-Accelwattch_SASS_SIM,_ZN4vllm25fused_add_rms_norm_kernelIN3c108BFloat16ELi8ELb1EEENSt9enable_ifIXaagtT0_Li0Esr4vllm12_typeConvertIT_EE6existsEvE4typeEPS4_lS7_PKS4_fiil--1,Total_core_cache_stats_breakdown[GLOBAL_ACC_R][HIT],560.0,560.0,\s+Total_core_cache_stats_breakdown\[GLOBAL_ACC_R\]\[HIT\]\s*=\s*(.*)
instance,llm_layer,layer,H100-SASS-Accelwattch_SASS_SIM,nvjet_sm90_tst_128x16_64x11_4x1_v_bz_TNT--0,Total_core_cache_stats_breakdown[GLOBAL_ACC_R][HIT],0.0,0.0,\s+Total_core_cache_stats_breakdown\[GLOBAL_ACC_R\]\[HIT\]\s*=\s*(.*)
instance,llm_layer,layer,H100-SASS-Accelwattch_SASS_SIM,_ZN4vllm18act_and_mul_kernelIN3c108BFloat16E14__nv_bfloat162XadL_ZNS_11silu_kernelIS2_EET_RKS5_fEEXadL_ZNS_18packed_silu_kernelIS3_EES5_S7_fEELb1ELb1ELb0ELb0EEEvPS5_PS6_ifff--0,Total_core_cache_stats_breakdown[GLOBAL_ACC_R][HIT],0.0,0.0,\s+Total_core_cache_stats_breakdown\[GLOBAL_ACC_R\]\[HIT\]\s*=\s*(.*)
instance,llm_layer,layer,H100-SASS-Accelwattch_SASS_SIM,_ZN4vllm25fused_add_rms_norm_kernelIN3c108BFloat16ELi8ELb1EEENSt9enable_ifIXaagtT0_Li0Esr4vllm12_typeConvertIT_EE6existsEvE4typeEPS4_lS7_PKS4_fiil--0,Total_core_cache_stats_breakdown[GLOBAL_ACC_W][HIT],1120.0,1120.0,\s+Total_core_cache_stats_breakdown\[GLOBAL_ACC_W\]\[HIT\]\s*=\s*(.*)
instance,llm_layer,layer,H100-SASS-Accelwattch_SASS_SIM,nvjet_sm90_tst_64x8_64x16_4x2_h_bz_bias_TNT--0,Total_core_cache_stats_breakdown[GLOBAL_ACC_W][HIT],0.0,0.0,\s+Total_core_cache_stats_breakdown\[GLOBAL_ACC_W\]\[HIT\]\s*=\s*(.*)
instance,llm_layer,layer,H100-SASS-Accelwattch_SASS_SIM,_ZN4vllm23rotary_embedding_kernelIN3c108BFloat16ES2_Lb1EEEvPKlPT_S6_PKT0_illliiilb--0,Total_core_cache_stats_breakdown[GLOBAL_ACC_W][HIT],640.0,640.0,\s+Total_core_cache_stats_breakdown\[GLOBAL_ACC_W\]\[HIT\]\s*=\s*(.*)
instance,llm_layer,layer,H100-SASS-Accelwattch_SASS_SIM,_ZN4vllm30reshape_and_cache_flash_kernelI13__nv_bfloat16S1_LNS_18Fp8KVCacheDataTypeE0EEEvPKT_S5_PT0_S7_PKlllllliiiPKfSB_i--0,Total_core_cache_stats_breakdown[GLOBAL_ACC_W][HIT],0.0,0.0,\s+Total_core_cache_stats_breakdown\[GLOBAL_ACC_W\]\[HIT\]\s*=\s*(.*)
instance,llm_layer,layer,H100-SASS-Accelwattch_SASS_SIM,_ZN7cutlass13device_kernelIN5flash20enable_sm90_or_laterINS1_16FlashAttnFwdSm90INS1_25CollectiveMainloopFwdSm90ILi2EN4cute5tupleIJNS5_1CILi1EEES8_S8_EEENS6_IJNS7_ILi192EEENS7_ILi128EEENS7_ILi64EEEEEELi64ENS_10bfloat16_tEfNS_4arch4Sm90ELb1ELb0ELb0ELb1ELb1ELb0ELb0ELb1ELb1ELb1ELb0ELb0ESE_Li1EEENS1_21CollectiveEpilogueFwdINS6_IJSA_SC_SB_EEES9_SE_SG_Li384ELb1ELb1ELb0ELb0ELi1EEENS1_36VarlenDynamicPersistentTileSchedulerILi192ELi128ELi384ELi128ELb0ELb1ELb1ELb1ELb0ELb1EEEEEEEEEvNT_6ParamsE--0,Total_core_cache_stats_breakdown[GLOBAL_ACC_W][HIT],113.0,113.0,\s+Total_core_cache_stats_breakdown\[GLOBAL_ACC_W\]\[HIT\]\s*=\s*(.*)
instance,llm_layer,layer,H100-SASS-Accelwattch_SASS_SIM,_ZN2at6native29vectorized_elementwise_kernelILi4ENS0_11FillFunctorIiEESt5arrayIPcLm1EEEEviT0_T1_--0,Total_core_cache_stats_breakdown[GLOBAL_ACC_W][HIT],0.0,0.0,\s+Total_core_cache_stats_breakdown\[GLOBAL_ACC_W\]\[HIT\]\s*=\s*(.*)
instance,llm_layer,layer,H100-SASS-Accelwattch_SASS_SIM,nvjet_sm90_tst_64x8_64x16_4x2_h_bz_TNT--0,Total_core_cache_stats_breakdown[GLOBAL_ACC_W][HIT],0.0,0.0,\s+Total_core_cache_stats_breakdown\[GLOBAL_ACC_W\]\[HIT\]\s*=\s*(.*)
instance,llm_layer,layer,H100-SASS-Accelwattch_SASS_SIM,_ZN4vllm25fused_add_rms_norm_kernelIN3c108BFloat16ELi8ELb1EEENSt9enable_ifIXaagtT0_Li0Esr4vllm12_typeConvertIT_EE6existsEvE4typeEPS4_lS7_PKS4_fiil--1,Total_core_cache_stats_breakdown[GLOBAL_ACC_W][HIT],1120.0,1120.0,\s+Total_core_cache_stats_breakdown\[GLOBAL_ACC_W\]\[HIT\]\s*=\s*(.*)
instance,llm_layer,layer,H100-SASS-Accelwattch_SASS_SIM,nvjet_sm90_tst_128x16_64x11_4x1_v_bz_TNT--0,Total_core_cache_stats_breakdown[GLOBAL_ACC_W][HIT],0.0,0.0,\s+Total_core_cache_stats_breakdown\[GLOBAL_ACC_W\]\[HIT\]\s*=\s*(.*)
instance,llm_layer,layer,H100-SASS-Accelwattch_SASS_SIM,_ZN4vllm18act_and_mul_kernelIN3c108BFloat16E14__nv_bfloat162XadL_ZNS_11silu_kernelIS2_EET_RKS5_fEEXadL_ZNS_18packed_silu_kernelIS3_EES5_S7_fEELb1ELb1ELb0ELb0EEEvPS5_PS6_ifff--0,Total_core_cache_stats_breakdown[GLOBAL_ACC_W][HIT],0.0,0.0,\s+Total_core_cache_stats_breakdown\[GLOBAL_ACC_W\]\[HIT\]\s*=\s*(.*)
instance,llm_layer,layer,H100-SASS-Accelwattch_SASS_SIM,_ZN4vllm25fused_add_rms_norm_kernelIN3c108BFloat16ELi8ELb1EEENSt9enable_ifIXaagtT0_Li0Esr4vllm12_typeConvertIT_EE6existsEvE4typeEPS4_lS7_PKS4_fiil--0,Total_core_cache_stats_breakdown[GLOBAL_ACC_W][TOTAL_ACCESS],1120.0,1120.0,\s+Total_core_cache_stats_breakdown\[GLOBAL_ACC_W\]\[TOTAL_ACCESS\]\s*=\s*(.*)
instance,llm_layer,layer,H100-SASS-Accelwattch_SASS_SIM,nvjet_sm90_tst_64x8_64x16_4x2_h_bz_bias_TNT--0,Total_core_cache_stats_breakdown[GLOBAL_ACC_W][TOTAL_ACCESS],0.0,0.0,\s+Total_core_cache_stats_breakdown\[GLOBAL_ACC_W\]\[TOTAL_ACCESS\]\s*=\s*(.*)
instance,llm_layer,layer,H100-SASS-Accelwattch_SASS_SIM,_ZN4vllm23rotary_embedding_kernelIN3c108BFloat16ES2_Lb1EEEvPKlPT_S6_PKT0_illliiilb--0,Total_core_cache_stats_breakdown[GLOBAL_ACC_W][TOTAL_ACCESS],640.0,640.0,\s+Total_core_cache_stats_breakdown\[GLOBAL_ACC_W\]\[TOTAL_ACCESS\]\s*=\s*(.*)
instance,llm_layer,layer,H100-SASS-Accelwattch_SASS_SIM,_ZN4vllm30reshape_and_cache_flash_kernelI13__nv_bfloat16S1_LNS_18Fp8KVCacheDataTypeE0EEEvPKT_S5_PT0_S7_PKlllllliiiPKfSB_i--0,Total_core_cache_stats_breakdown[GLOBAL_ACC_W][TOTAL_ACCESS],160.0,160.0,\s+Total_core_cache_stats_breakdown\[GLOBAL_ACC_W\]\[TOTAL_ACCESS\]\s*=\s*(.*)
instance,llm_layer,layer,H100-SASS-Accelwattch_SASS_SIM,_ZN7cutlass13device_kernelIN5flash20enable_sm90_or_laterINS1_16FlashAttnFwdSm90INS1_25CollectiveMainloopFwdSm90ILi2EN4cute5tupleIJNS5_1CILi1EEES8_S8_EEENS6_IJNS7_ILi192EEENS7_ILi128EEENS7_ILi64EEEEEELi64ENS_10bfloat16_tEfNS_4arch4Sm90ELb1ELb0ELb0ELb1ELb1ELb0ELb0ELb1ELb1ELb1ELb0ELb0ESE_Li1EEENS1_21CollectiveEpilogueFwdINS6_IJSA_SC_SB_EEES9_SE_SG_Li384ELb1ELb1ELb0ELb0ELi1EEENS1_36VarlenDynamicPersistentTileSchedulerILi192ELi128ELi384ELi128ELb0ELb1ELb1ELb1ELb0ELb1EEEEEEEEEvNT_6ParamsE--0,Total_core_cache_stats_breakdown[GLOBAL_ACC_W][TOTAL_ACCESS],686.0,686.0,\s+Total_core_cache_stats_breakdown\[GLOBAL_ACC_W\]\[TOTAL_ACCESS\]\s*=\s*(.*)
instance,llm_layer,layer,H100-SASS-Accelwattch_SASS_SIM,_ZN2at6native29vectorized_elementwise_kernelILi4ENS0_11FillFunctorIiEESt5arrayIPcLm1EEEEviT0_T1_--0,Total_core_cache_stats_breakdown[GLOBAL_ACC_W][TOTAL_ACCESS],1.0,1.0,\s+Total_core_cache_stats_breakdown\[GLOBAL_ACC_W\]\[TOTAL_ACCESS\]\s*=\s*(.*)
instance,llm_layer,layer,H100-SASS-Accelwattch_SASS_SIM,nvjet_sm90_tst_64x8_64x16_4x2_h_bz_TNT--0,Total_core_cache_stats_breakdown[GLOBAL_ACC_W][TOTAL_ACCESS],0.0,0.0,\s+Total_core_cache_stats_breakdown\[GLOBAL_ACC_W\]\[TOTAL_ACCESS\]\s*=\s*(.*)
instance,llm_layer,layer,H100-SASS-Accelwattch_SASS_SIM,_ZN4vllm25fused_add_rms_norm_kernelIN3c108BFloat16ELi8ELb1EEENSt9enable_ifIXaagtT0_Li0Esr4vllm12_typeConvertIT_EE6existsEvE4typeEPS4_lS7_PKS4_fiil--1,Total_core_cache_stats_breakdown[GLOBAL_ACC_W][TOTAL_ACCESS],1120.0,1120.0,\s+Total_core_cache_stats_breakdown\[GLOBAL_ACC_W\]\[TOTAL_ACCESS\]\s*=\s*(.*)
instance,llm_layer,layer,H100-SASS-Accelwattch_SASS_SIM,nvjet_sm90_tst_128x16_64x11_4x1_v_bz_TNT--0,Total_core_cache_stats_breakdown[GLOBAL_ACC_W][TOTAL_ACCESS],0.0,0.0,\s+Total_core_cache_stats_breakdown\[GLOBAL_ACC_W\]\[TOTAL_ACCESS\]\s*=\s*(.*)
instance,llm_layer,layer,H100-SASS-Accelwattch_SASS_SIM,_ZN4vllm18act_and_mul_kernelIN3c108BFloat16E14__nv_bfloat162XadL_ZNS_11silu_kernelIS2_EET_RKS5_fEEXadL_ZNS_18packed_silu_kernelIS3_EES5_S7_fEELb1ELb1ELb0ELb0EEEvPS5_PS6_ifff--0,Total_core_cache_stats_breakdown[GLOBAL_ACC_W][TOTAL_ACCESS],3040.0,3040.0,\s+Total_core_cache_stats_breakdown\[GLOBAL_ACC_W\]\[TOTAL_ACCESS\]\s*=\s*(.*)
instance,llm_layer,layer,H100-SASS-Accelwattch_SASS_SIM,_ZN4vllm25fused_add_rms_norm_kernelIN3c108BFloat16ELi8ELb1EEENSt9enable_ifIXaagtT0_Li0Esr4vllm12_typeConvertIT_EE6existsEvE4typeEPS4_lS7_PKS4_fiil--0,Total_core_cache_stats_breakdown[GLOBAL_ACC_R][MSHR_HIT],560.0,560.0,\s+Total_core_cache_stats_breakdown\[GLOBAL_ACC_R\]\[MSHR_HIT\]\s*=\s*(.*)
instance,llm_layer,layer,H100-SASS-Accelwattch_SASS_SIM,nvjet_sm90_tst_64x8_64x16_4x2_h_bz_bias_TNT--0,Total_core_cache_stats_breakdown[GLOBAL_ACC_R][MSHR_HIT],0.0,0.0,\s+Total_core_cache_stats_breakdown\[GLOBAL_ACC_R\]\[MSHR_HIT\]\s*=\s*(.*)
instance,llm_layer,layer,H100-SASS-Accelwattch_SASS_SIM,_ZN4vllm23rotary_embedding_kernelIN3c108BFloat16ES2_Lb1EEEvPKlPT_S6_PKT0_illliiilb--0,Total_core_cache_stats_breakdown[GLOBAL_ACC_R][MSHR_HIT],650.0,650.0,\s+Total_core_cache_stats_breakdown\[GLOBAL_ACC_R\]\[MSHR_HIT\]\s*=\s*(.*)
instance,llm_layer,layer,H100-SASS-Accelwattch_SASS_SIM,_ZN4vllm30reshape_and_cache_flash_kernelI13__nv_bfloat16S1_LNS_18Fp8KVCacheDataTypeE0EEEvPKT_S5_PT0_S7_PKlllllliiiPKfSB_i--0,Total_core_cache_stats_breakdown[GLOBAL_ACC_R][MSHR_HIT],30.0,30.0,\s+Total_core_cache_stats_breakdown\[GLOBAL_ACC_R\]\[MSHR_HIT\]\s*=\s*(.*)
instance,llm_layer,layer,H100-SASS-Accelwattch_SASS_SIM,_ZN7cutlass13device_kernelIN5flash20enable_sm90_or_laterINS1_16FlashAttnFwdSm90INS1_25CollectiveMainloopFwdSm90ILi2EN4cute5tupleIJNS5_1CILi1EEES8_S8_EEENS6_IJNS7_ILi192EEENS7_ILi128EEENS7_ILi64EEEEEELi64ENS_10bfloat16_tEfNS_4arch4Sm90ELb1ELb0ELb0ELb1ELb1ELb0ELb0ELb1ELb1ELb1ELb0ELb0ESE_Li1EEENS1_21CollectiveEpilogueFwdINS6_IJSA_SC_SB_EEES9_SE_SG_Li384ELb1ELb1ELb0ELb0ELi1EEENS1_36VarlenDynamicPersistentTileSchedulerILi192ELi128ELi384ELi128ELb0ELb1ELb1ELb1ELb0ELb1EEEEEEEEEvNT_6ParamsE--0,Total_core_cache_stats_breakdown[GLOBAL_ACC_R][MSHR_HIT],104.0,104.0,\s+Total_core_cache_stats_breakdown\[GLOBAL_ACC_R\]\[MSHR_HIT\]\s*=\s*(.*)
instance,llm_layer,layer,H100-SASS-Accelwattch_SASS_SIM,_ZN2at6native29vectorized_elementwise_kernelILi4ENS0_11FillFunctorIiEESt5arrayIPcLm1EEEEviT0_T1_--0,Total_core_cache_stats_breakdown[GLOBAL_ACC_R][MSHR_HIT],0.0,0.0,\s+Total_core_cache_stats_breakdown\[GLOBAL_ACC_R\]\[MSHR_HIT\]\s*=\s*(.*)
instance,llm_layer,layer,H100-SASS-Accelwattch_SASS_SIM,nvjet_sm90_tst_64x8_64x16_4x2_h_bz_TNT--0,Total_core_cache_stats_breakdown[GLOBAL_ACC_R][MSHR_HIT],0.0,0.0,\s+Total_core_cache_stats_breakdown\[GLOBAL_ACC_R\]\[MSHR_HIT\]\s*=\s*(.*)
instance,llm_layer,layer,H100-SASS-Accelwattch_SASS_SIM,_ZN4vllm25fused_add_rms_norm_kernelIN3c108BFloat16ELi8ELb1EEENSt9enable_ifIXaagtT0_Li0Esr4vllm12_typeConvertIT_EE6existsEvE4typeEPS4_lS7_PKS4_fiil--1,Total_core_cache_stats_breakdown[GLOBAL_ACC_R][MSHR_HIT],560.0,560.0,\s+Total_core_cache_stats_breakdown\[GLOBAL_ACC_R\]\[MSHR_HIT\]\s*=\s*(.*)
instance,llm_layer,layer,H100-SASS-Accelwattch_SASS_SIM,nvjet_sm90_tst_128x16_64x11_4x1_v_bz_TNT--0,Total_core_cache_stats_breakdown[GLOBAL_ACC_R][MSHR_HIT],0.0,0.0,\s+Total_core_cache_stats_breakdown\[GLOBAL_ACC_R\]\[MSHR_HIT\]\s*=\s*(.*)
instance,llm_layer,layer,H100-SASS-Accelwattch_SASS_SIM,_ZN4vllm18act_and_mul_kernelIN3c108BFloat16E14__nv_bfloat162XadL_ZNS_11silu_kernelIS2_EET_RKS5_fEEXadL_ZNS_18packed_silu_kernelIS3_EES5_S7_fEELb1ELb1ELb0ELb0EEEvPS5_PS6_ifff--0,Total_core_cache_stats_breakdown[GLOBAL_ACC_R][MSHR_HIT],0.0,0.0,\s+Total_core_cache_stats_breakdown\[GLOBAL_ACC_R\]\[MSHR_HIT\]\s*=\s*(.*)
instance,llm_layer,layer,H100-SASS-Accelwattch_SASS_SIM,_ZN4vllm25fused_add_rms_norm_kernelIN3c108BFloat16ELi8ELb1EEENSt9enable_ifIXaagtT0_Li0Esr4vllm12_typeConvertIT_EE6existsEvE4typeEPS4_lS7_PKS4_fiil--0,gpgpu_n_tot_w_icount,23530.0,23530.0,gpgpu_n_tot_w_icount\s*=\s*(.*)
instance,llm_layer,layer,H100-SASS-Accelwattch_SASS_SIM,nvjet_sm90_tst_64x8_64x16_4x2_h_bz_bias_TNT--0,gpgpu_n_tot_w_icount,201631.0,201631.0,gpgpu_n_tot_w_icount\s*=\s*(.*)
instance,llm_layer,layer,H100-SASS-Accelwattch_SASS_SIM,_ZN4vllm23rotary_embedding_kernelIN3c108BFloat16ES2_Lb1EEEvPKlPT_S6_PKT0_illliiilb--0,gpgpu_n_tot_w_icount,18980.0,18980.0,gpgpu_n_tot_w_icount\s*=\s*(.*)
instance,llm_layer,layer,H100-SASS-Accelwattch_SASS_SIM,_ZN4vllm30reshape_and_cache_flash_kernelI13__nv_bfloat16S1_LNS_18Fp8KVCacheDataTypeE0EEEvPKT_S5_PT0_S7_PKlllllliiiPKfSB_i--0,gpgpu_n_tot_w_icount,5740.0,5740.0,gpgpu_n_tot_w_icount\s*=\s*(.*)
instance,llm_layer,layer,H100-SASS-Accelwattch_SASS_SIM,_ZN7cutlass13device_kernelIN5flash20enable_sm90_or_laterINS1_16FlashAttnFwdSm90INS1_25CollectiveMainloopFwdSm90ILi2EN4cute5tupleIJNS5_1CILi1EEES8_S8_EEENS6_IJNS7_ILi192EEENS7_ILi128EEENS7_ILi64EEEEEELi64ENS_10bfloat16_tEfNS_4arch4Sm90ELb1ELb0ELb0ELb1ELb1ELb0ELb0ELb1ELb1ELb1ELb0ELb0ESE_Li1EEENS1_21CollectiveEpilogueFwdINS6_IJSA_SC_SB_EEES9_SE_SG_Li384ELb1ELb1ELb0ELb0ELi1EEENS1_36VarlenDynamicPersistentTileSchedulerILi192ELi128ELi384ELi128ELb0ELb1ELb1ELb1ELb0ELb1EEEEEEEEEvNT_6ParamsE--0,gpgpu_n_tot_w_icount,224952.0,224952.0,gpgpu_n_tot_w_icount\s*=\s*(.*)
instance,llm_layer,layer,H100-SASS-Accelwattch_SASS_SIM,_ZN2at6native29vectorized_elementwise_kernelILi4ENS0_11FillFunctorIiEESt5arrayIPcLm1EEEEviT0_T1_--0,gpgpu_n_tot_w_icount,120.0,120.0,gpgpu_n_tot_w_icount\s*=\s*(.*)
instance,llm_layer,layer,H100-SASS-Accelwattch_SASS_SIM,nvjet_sm90_tst_64x8_64x16_4x2_h_bz_TNT--0,gpgpu_n_tot_w_icount,158345.0,158345.0,gpgpu_n_tot_w_icount\s*=\s*(.*)
instance,llm_layer,layer,H100-SASS-Accelwattch_SASS_SIM,_ZN4vllm25fused_add_rms_norm_kernelIN3c108BFloat16ELi8ELb1EEENSt9enable_ifIXaagtT0_Li0Esr4vllm12_typeConvertIT_EE6existsEvE4typeEPS4_lS7_PKS4_fiil--1,gpgpu_n_tot_w_icount,23530.0,23530.0,gpgpu_n_tot_w_icount\s*=\s*(.*)
instance,llm_layer,layer,H100-SASS-Accelwattch_SASS_SIM,nvjet_sm90_tst_128x16_64x11_4x1_v_bz_TNT--0,gpgpu_n_tot_w_icount,442305.0,442305.0,gpgpu_n_tot_w_icount\s*=\s*(.*)
instance,llm_layer,layer,H100-SASS-Accelwattch_SASS_SIM,_ZN4vllm18act_and_mul_kernelIN3c108BFloat16E14__nv_bfloat162XadL_ZNS_11silu_kernelIS2_EET_RKS5_fEEXadL_ZNS_18packed_silu_kernelIS3_EES5_S7_fEELb1ELb1ELb0ELb0EEEvPS5_PS6_ifff--0,gpgpu_n_tot_w_icount,50160.0,50160.0,gpgpu_n_tot_w_icount\s*=\s*(.*)
instance,llm_layer,layer,H100-SASS-Accelwattch_SASS_SIM,_ZN4vllm25fused_add_rms_norm_kernelIN3c108BFloat16ELi8ELb1EEENSt9enable_ifIXaagtT0_Li0Esr4vllm12_typeConvertIT_EE6existsEvE4typeEPS4_lS7_PKS4_fiil--0,total dram reads,1176.0,1176.0,total dram reads\s*=\s*(.*)
instance,llm_layer,layer,H100-SASS-Accelwattch_SASS_SIM,nvjet_sm90_tst_64x8_64x16_4x2_h_bz_bias_TNT--0,total dram reads,64584.0,64584.0,total dram reads\s*=\s*(.*)
instance,llm_layer,layer,H100-SASS-Accelwattch_SASS_SIM,_ZN4vllm23rotary_embedding_kernelIN3c108BFloat16ES2_Lb1EEEvPKlPT_S6_PKT0_illliiilb--0,total dram reads,43.0,43.0,total dram reads\s*=\s*(.*)
instance,llm_layer,layer,H100-SASS-Accelwattch_SASS_SIM,_ZN4vllm30reshape_and_cache_flash_kernelI13__nv_bfloat16S1_LNS_18Fp8KVCacheDataTypeE0EEEvPKT_S5_PT0_S7_PKlllllliiiPKfSB_i--0,total dram reads,3.0,3.0,total dram reads\s*=\s*(.*)
instance,llm_layer,layer,H100-SASS-Accelwattch_SASS_SIM,_ZN7cutlass13device_kernelIN5flash20enable_sm90_or_laterINS1_16FlashAttnFwdSm90INS1_25CollectiveMainloopFwdSm90ILi2EN4cute5tupleIJNS5_1CILi1EEES8_S8_EEENS6_IJNS7_ILi192EEENS7_ILi128EEENS7_ILi64EEEEEELi64ENS_10bfloat16_tEfNS_4arch4Sm90ELb1ELb0ELb0ELb1ELb1ELb0ELb0ELb1ELb1ELb1ELb0ELb0ESE_Li1EEENS1_21CollectiveEpilogueFwdINS6_IJSA_SC_SB_EEES9_SE_SG_Li384ELb1ELb1ELb0ELb0ELi1EEENS1_36VarlenDynamicPersistentTileSchedulerILi192ELi128ELi384ELi128ELb0ELb1ELb1ELb1ELb0ELb1EEEEEEEEEvNT_6ParamsE--0,total dram reads,901.0,901.0,total dram reads\s*=\s*(.*)
instance,llm_layer,layer,H100-SASS-Accelwattch_SASS_SIM,_ZN2at6native29vectorized_elementwise_kernelILi4ENS0_11FillFunctorIiEESt5arrayIPcLm1EEEEviT0_T1_--0,total dram reads,0.0,0.0,total dram reads\s*=\s*(.*)
instance,llm_layer,layer,H100-SASS-Accelwattch_SASS_SIM,nvjet_sm90_tst_64x8_64x16_4x2_h_bz_TNT--0,total dram reads,50176.0,50176.0,total dram reads\s*=\s*(.*)
instance,llm_layer,layer,H100-SASS-Accelwattch_SASS_SIM,_ZN4vllm25fused_add_rms_norm_kernelIN3c108BFloat16ELi8ELb1EEENSt9enable_ifIXaagtT0_Li0Esr4vllm12_typeConvertIT_EE6existsEvE4typeEPS4_lS7_PKS4_fiil--1,total dram reads,56.0,56.0,total dram reads\s*=\s*(.*)
instance,llm_layer,layer,H100-SASS-Accelwattch_SASS_SIM,nvjet_sm90_tst_128x16_64x11_4x1_v_bz_TNT--0,total dram reads,544768.0,544768.0,total dram reads\s*=\s*(.*)
instance,llm_layer,layer,H100-SASS-Accelwattch_SASS_SIM,_ZN4vllm18act_and_mul_kernelIN3c108BFloat16E14__nv_bfloat162XadL_ZNS_11silu_kernelIS2_EET_RKS5_fEEXadL_ZNS_18packed_silu_kernelIS3_EES5_S7_fEELb1ELb1ELb0ELb0EEEvPS5_PS6_ifff--0,total dram reads,0.0,0.0,total dram reads\s*=\s*(.*)
instance,llm_layer,layer,H100-SASS-Accelwattch_SASS_SIM,_ZN4vllm25fused_add_rms_norm_kernelIN3c108BFloat16ELi8ELb1EEENSt9enable_ifIXaagtT0_Li0Esr4vllm12_typeConvertIT_EE6existsEvE4typeEPS4_lS7_PKS4_fiil--0,total dram writes,0.0,0.0,total dram writes\s*=\s*(.*)
instance,llm_layer,layer,H100-SASS-Accelwattch_SASS_SIM,nvjet_sm90_tst_64x8_64x16_4x2_h_bz_bias_TNT--0,total dram writes,0.0,0.0,total dram writes\s*=\s*(.*)
instance,llm_layer,layer,H100-SASS-Accelwattch_SASS_SIM,_ZN4vllm23rotary_embedding_kernelIN3c108BFloat16ES2_Lb1EEEvPKlPT_S6_PKT0_illliiilb--0,total dram writes,0.0,0.0,total dram writes\s*=\s*(.*)
instance,llm_layer,layer,H100-SASS-Accelwattch_SASS_SIM,_ZN4vllm30reshape_and_cache_flash_kernelI13__nv_bfloat16S1_LNS_18Fp8KVCacheDataTypeE0EEEvPKT_S5_PT0_S7_PKlllllliiiPKfSB_i--0,total dram writes,0.0,0.0,total dram writes\s*=\s*(.*)
instance,llm_layer,layer,H100-SASS-Accelwattch_SASS_SIM,_ZN7cutlass13device_kernelIN5flash20enable_sm90_or_laterINS1_16FlashAttnFwdSm90INS1_25CollectiveMainloopFwdSm90ILi2EN4cute5tupleIJNS5_1CILi1EEES8_S8_EEENS6_IJNS7_ILi192EEENS7_ILi128EEENS7_ILi64EEEEEELi64ENS_10bfloat16_tEfNS_4arch4Sm90ELb1ELb0ELb0ELb1ELb1ELb0ELb0ELb1ELb1ELb1ELb0ELb0ESE_Li1EEENS1_21CollectiveEpilogueFwdINS6_IJSA_SC_SB_EEES9_SE_SG_Li384ELb1ELb1ELb0ELb0ELi1EEENS1_36VarlenDynamicPersistentTileSchedulerILi192ELi128ELi384ELi128ELb0ELb1ELb1ELb1ELb0ELb1EEEEEEEEEvNT_6ParamsE--0,total dram writes,0.0,0.0,total dram writes\s*=\s*(.*)
instance,llm_layer,layer,H100-SASS-Accelwattch_SASS_SIM,_ZN2at6native29vectorized_elementwise_kernelILi4ENS0_11FillFunctorIiEESt5arrayIPcLm1EEEEviT0_T1_--0,total dram writes,0.0,0.0,total dram writes\s*=\s*(.*)
instance,llm_layer,layer,H100-SASS-Accelwattch_SASS_SIM,nvjet_sm90_tst_64x8_64x16_4x2_h_bz_TNT--0,total dram writes,0.0,0.0,total dram writes\s*=\s*(.*)
instance,llm_layer,layer,H100-SASS-Accelwattch_SASS_SIM,_ZN4vllm25fused_add_rms_norm_kernelIN3c108BFloat16ELi8ELb1EEENSt9enable_ifIXaagtT0_Li0Esr4vllm12_typeConvertIT_EE6existsEvE4typeEPS4_lS7_PKS4_fiil--1,total dram writes,0.0,0.0,total dram writes\s*=\s*(.*)
instance,llm_layer,layer,H100-SASS-Accelwattch_SASS_SIM,nvjet_sm90_tst_128x16_64x11_4x1_v_bz_TNT--0,total dram writes,0.0,0.0,total dram writes\s*=\s*(.*)
instance,llm_layer,layer,H100-SASS-Accelwattch_SASS_SIM,_ZN4vllm18act_and_mul_kernelIN3c108BFloat16E14__nv_bfloat162XadL_ZNS_11silu_kernelIS2_EET_RKS5_fEEXadL_ZNS_18packed_silu_kernelIS3_EES5_S7_fEELb1ELb1ELb0ELb0EEEvPS5_PS6_ifff--0,total dram writes,0.0,0.0,total dram writes\s*=\s*(.*)
instance,llm_layer,layer,H100-SASS-Accelwattch_SASS_SIM,_ZN4vllm25fused_add_rms_norm_kernelIN3c108BFloat16ELi8ELb1EEENSt9enable_ifIXaagtT0_Li0Esr4vllm12_typeConvertIT_EE6existsEvE4typeEPS4_lS7_PKS4_fiil--0,kernel_launch_uid,1.0,1.0,kernel_launch_uid\s*=\s*(.*)
instance,llm_layer,layer,H100-SASS-Accelwattch_SASS_SIM,nvjet_sm90_tst_64x8_64x16_4x2_h_bz_bias_TNT--0,kernel_launch_uid,1.0,1.0,kernel_launch_uid\s*=\s*(.*)
instance,llm_layer,layer,H100-SASS-Accelwattch_SASS_SIM,_ZN4vllm23rotary_embedding_kernelIN3c108BFloat16ES2_Lb1EEEvPKlPT_S6_PKT0_illliiilb--0,kernel_launch_uid,1.0,1.0,kernel_launch_uid\s*=\s*(.*)
instance,llm_layer,layer,H100-SASS-Accelwattch_SASS_SIM,_ZN4vllm30reshape_and_cache_flash_kernelI13__nv_bfloat16S1_LNS_18Fp8KVCacheDataTypeE0EEEvPKT_S5_PT0_S7_PKlllllliiiPKfSB_i--0,kernel_launch_uid,1.0,1.0,kernel_launch_uid\s*=\s*(.*)
instance,llm_layer,layer,H100-SASS-Accelwattch_SASS_SIM,_ZN7cutlass13device_kernelIN5flash20enable_sm90_or_laterINS1_16FlashAttnFwdSm90INS1_25CollectiveMainloopFwdSm90ILi2EN4cute5tupleIJNS5_1CILi1EEES8_S8_EEENS6_IJNS7_ILi192EEENS7_ILi128EEENS7_ILi64EEEEEELi64ENS_10bfloat16_tEfNS_4arch4Sm90ELb1ELb0ELb0ELb1ELb1ELb0ELb0ELb1ELb1ELb1ELb0ELb0ESE_Li1EEENS1_21CollectiveEpilogueFwdINS6_IJSA_SC_SB_EEES9_SE_SG_Li384ELb1ELb1ELb0ELb0ELi1EEENS1_36VarlenDynamicPersistentTileSchedulerILi192ELi128ELi384ELi128ELb0ELb1ELb1ELb1ELb0ELb1EEEEEEEEEvNT_6ParamsE--0,kernel_launch_uid,1.0,1.0,kernel_launch_uid\s*=\s*(.*)
instance,llm_layer,layer,H100-SASS-Accelwattch_SASS_SIM,_ZN2at6native29vectorized_elementwise_kernelILi4ENS0_11FillFunctorIiEESt5arrayIPcLm1EEEEviT0_T1_--0,kernel_launch_uid,1.0,1.0,kernel_launch_uid\s*=\s*(.*)
instance,llm_layer,layer,H100-SASS-Accelwattch_SASS_SIM,nvjet_sm90_tst_64x8_64x16_4x2_h_bz_TNT--0,kernel_launch_uid,1.0,1.0,kernel_launch_uid\s*=\s*(.*)
instance,llm_layer,layer,H100-SASS-Accelwattch_SASS_SIM,_ZN4vllm25fused_add_rms_norm_kernelIN3c108BFloat16ELi8ELb1EEENSt9enable_ifIXaagtT0_Li0Esr4vllm12_typeConvertIT_EE6existsEvE4typeEPS4_lS7_PKS4_fiil--1,kernel_launch_uid,1.0,1.0,kernel_launch_uid\s*=\s*(.*)
instance,llm_layer,layer,H100-SASS-Accelwattch_SASS_SIM,nvjet_sm90_tst_128x16_64x11_4x1_v_bz_TNT--0,kernel_launch_uid,1.0,1.0,kernel_launch_uid\s*=\s*(.*)
instance,llm_layer,layer,H100-SASS-Accelwattch_SASS_SIM,_ZN4vllm18act_and_mul_kernelIN3c108BFloat16E14__nv_bfloat162XadL_ZNS_11silu_kernelIS2_EET_RKS5_fEEXadL_ZNS_18packed_silu_kernelIS3_EES5_S7_fEELb1ELb1ELb0ELb0EEEvPS5_PS6_ifff--0,kernel_launch_uid,1.0,1.0,kernel_launch_uid\s*=\s*(.*)
instance,llm_layer,layer,H100-SASS-Accelwattch_SASS_SIM,_ZN4vllm25fused_add_rms_norm_kernelIN3c108BFloat16ELi8ELb1EEENSt9enable_ifIXaagtT0_Li0Esr4vllm12_typeConvertIT_EE6existsEvE4typeEPS4_lS7_PKS4_fiil--0,gpgpu_n_shmem_bkconflict,0.0,0.0,gpgpu_n_shmem_bkconflict\s*=\s*(.*)
instance,llm_layer,layer,H100-SASS-Accelwattch_SASS_SIM,nvjet_sm90_tst_64x8_64x16_4x2_h_bz_bias_TNT--0,gpgpu_n_shmem_bkconflict,0.0,0.0,gpgpu_n_shmem_bkconflict\s*=\s*(.*)
instance,llm_layer,layer,H100-SASS-Accelwattch_SASS_SIM,_ZN4vllm23rotary_embedding_kernelIN3c108BFloat16ES2_Lb1EEEvPKlPT_S6_PKT0_illliiilb--0,gpgpu_n_shmem_bkconflict,0.0,0.0,gpgpu_n_shmem_bkconflict\s*=\s*(.*)
instance,llm_layer,layer,H100-SASS-Accelwattch_SASS_SIM,_ZN4vllm30reshape_and_cache_flash_kernelI13__nv_bfloat16S1_LNS_18Fp8KVCacheDataTypeE0EEEvPKT_S5_PT0_S7_PKlllllliiiPKfSB_i--0,gpgpu_n_shmem_bkconflict,0.0,0.0,gpgpu_n_shmem_bkconflict\s*=\s*(.*)
instance,llm_layer,layer,H100-SASS-Accelwattch_SASS_SIM,_ZN7cutlass13device_kernelIN5flash20enable_sm90_or_laterINS1_16FlashAttnFwdSm90INS1_25CollectiveMainloopFwdSm90ILi2EN4cute5tupleIJNS5_1CILi1EEES8_S8_EEENS6_IJNS7_ILi192EEENS7_ILi128EEENS7_ILi64EEEEEELi64ENS_10bfloat16_tEfNS_4arch4Sm90ELb1ELb0ELb0ELb1ELb1ELb0ELb0ELb1ELb1ELb1ELb0ELb0ESE_Li1EEENS1_21CollectiveEpilogueFwdINS6_IJSA_SC_SB_EEES9_SE_SG_Li384ELb1ELb1ELb0ELb0ELi1EEENS1_36VarlenDynamicPersistentTileSchedulerILi192ELi128ELi384ELi128ELb0ELb1ELb1ELb1ELb0ELb1EEEEEEEEEvNT_6ParamsE--0,gpgpu_n_shmem_bkconflict,0.0,0.0,gpgpu_n_shmem_bkconflict\s*=\s*(.*)
instance,llm_layer,layer,H100-SASS-Accelwattch_SASS_SIM,_ZN2at6native29vectorized_elementwise_kernelILi4ENS0_11FillFunctorIiEESt5arrayIPcLm1EEEEviT0_T1_--0,gpgpu_n_shmem_bkconflict,0.0,0.0,gpgpu_n_shmem_bkconflict\s*=\s*(.*)
instance,llm_layer,layer,H100-SASS-Accelwattch_SASS_SIM,nvjet_sm90_tst_64x8_64x16_4x2_h_bz_TNT--0,gpgpu_n_shmem_bkconflict,0.0,0.0,gpgpu_n_shmem_bkconflict\s*=\s*(.*)
instance,llm_layer,layer,H100-SASS-Accelwattch_SASS_SIM,_ZN4vllm25fused_add_rms_norm_kernelIN3c108BFloat16ELi8ELb1EEENSt9enable_ifIXaagtT0_Li0Esr4vllm12_typeConvertIT_EE6existsEvE4typeEPS4_lS7_PKS4_fiil--1,gpgpu_n_shmem_bkconflict,0.0,0.0,gpgpu_n_shmem_bkconflict\s*=\s*(.*)
instance,llm_layer,layer,H100-SASS-Accelwattch_SASS_SIM,nvjet_sm90_tst_128x16_64x11_4x1_v_bz_TNT--0,gpgpu_n_shmem_bkconflict,0.0,0.0,gpgpu_n_shmem_bkconflict\s*=\s*(.*)
instance,llm_layer,layer,H100-SASS-Accelwattch_SASS_SIM,_ZN4vllm18act_and_mul_kernelIN3c108BFloat16E14__nv_bfloat162XadL_ZNS_11silu_kernelIS2_EET_RKS5_fEEXadL_ZNS_18packed_silu_kernelIS3_EES5_S7_fEELb1ELb1ELb0ELb0EEEvPS5_PS6_ifff--0,gpgpu_n_shmem_bkconflict,0.0,0.0,gpgpu_n_shmem_bkconflict\s*=\s*(.*)
instance,llm_layer,layer,H100-SASS-Accelwattch_SASS_SIM,_ZN4vllm25fused_add_rms_norm_kernelIN3c108BFloat16ELi8ELb1EEENSt9enable_ifIXaagtT0_Li0Esr4vllm12_typeConvertIT_EE6existsEvE4typeEPS4_lS7_PKS4_fiil--0,gpgpu_n_l1cache_bkconflict,0.0,0.0,gpgpu_n_l1cache_bkconflict\s*=\s*(.*)
instance,llm_layer,layer,H100-SASS-Accelwattch_SASS_SIM,nvjet_sm90_tst_64x8_64x16_4x2_h_bz_bias_TNT--0,gpgpu_n_l1cache_bkconflict,0.0,0.0,gpgpu_n_l1cache_bkconflict\s*=\s*(.*)
instance,llm_layer,layer,H100-SASS-Accelwattch_SASS_SIM,_ZN4vllm23rotary_embedding_kernelIN3c108BFloat16ES2_Lb1EEEvPKlPT_S6_PKT0_illliiilb--0,gpgpu_n_l1cache_bkconflict,0.0,0.0,gpgpu_n_l1cache_bkconflict\s*=\s*(.*)
instance,llm_layer,layer,H100-SASS-Accelwattch_SASS_SIM,_ZN4vllm30reshape_and_cache_flash_kernelI13__nv_bfloat16S1_LNS_18Fp8KVCacheDataTypeE0EEEvPKT_S5_PT0_S7_PKlllllliiiPKfSB_i--0,gpgpu_n_l1cache_bkconflict,0.0,0.0,gpgpu_n_l1cache_bkconflict\s*=\s*(.*)
instance,llm_layer,layer,H100-SASS-Accelwattch_SASS_SIM,_ZN7cutlass13device_kernelIN5flash20enable_sm90_or_laterINS1_16FlashAttnFwdSm90INS1_25CollectiveMainloopFwdSm90ILi2EN4cute5tupleIJNS5_1CILi1EEES8_S8_EEENS6_IJNS7_ILi192EEENS7_ILi128EEENS7_ILi64EEEEEELi64ENS_10bfloat16_tEfNS_4arch4Sm90ELb1ELb0ELb0ELb1ELb1ELb0ELb0ELb1ELb1ELb1ELb0ELb0ESE_Li1EEENS1_21CollectiveEpilogueFwdINS6_IJSA_SC_SB_EEES9_SE_SG_Li384ELb1ELb1ELb0ELb0ELi1EEENS1_36VarlenDynamicPersistentTileSchedulerILi192ELi128ELi384ELi128ELb0ELb1ELb1ELb1ELb0ELb1EEEEEEEEEvNT_6ParamsE--0,gpgpu_n_l1cache_bkconflict,1531.0,1531.0,gpgpu_n_l1cache_bkconflict\s*=\s*(.*)
instance,llm_layer,layer,H100-SASS-Accelwattch_SASS_SIM,_ZN2at6native29vectorized_elementwise_kernelILi4ENS0_11FillFunctorIiEESt5arrayIPcLm1EEEEviT0_T1_--0,gpgpu_n_l1cache_bkconflict,0.0,0.0,gpgpu_n_l1cache_bkconflict\s*=\s*(.*)
instance,llm_layer,layer,H100-SASS-Accelwattch_SASS_SIM,nvjet_sm90_tst_64x8_64x16_4x2_h_bz_TNT--0,gpgpu_n_l1cache_bkconflict,0.0,0.0,gpgpu_n_l1cache_bkconflict\s*=\s*(.*)
instance,llm_layer,layer,H100-SASS-Accelwattch_SASS_SIM,_ZN4vllm25fused_add_rms_norm_kernelIN3c108BFloat16ELi8ELb1EEENSt9enable_ifIXaagtT0_Li0Esr4vllm12_typeConvertIT_EE6existsEvE4typeEPS4_lS7_PKS4_fiil--1,gpgpu_n_l1cache_bkconflict,0.0,0.0,gpgpu_n_l1cache_bkconflict\s*=\s*(.*)
instance,llm_layer,layer,H100-SASS-Accelwattch_SASS_SIM,nvjet_sm90_tst_128x16_64x11_4x1_v_bz_TNT--0,gpgpu_n_l1cache_bkconflict,0.0,0.0,gpgpu_n_l1cache_bkconflict\s*=\s*(.*)
instance,llm_layer,layer,H100-SASS-Accelwattch_SASS_SIM,_ZN4vllm18act_and_mul_kernelIN3c108BFloat16E14__nv_bfloat162XadL_ZNS_11silu_kernelIS2_EET_RKS5_fEEXadL_ZNS_18packed_silu_kernelIS3_EES5_S7_fEELb1ELb1ELb0ELb0EEEvPS5_PS6_ifff--0,gpgpu_n_l1cache_bkconflict,3537.0,3537.0,gpgpu_n_l1cache_bkconflict\s*=\s*(.*)
instance,llm_layer,layer,H100-SASS-Accelwattch_SASS_SIM,_ZN4vllm25fused_add_rms_norm_kernelIN3c108BFloat16ELi8ELb1EEENSt9enable_ifIXaagtT0_Li0Esr4vllm12_typeConvertIT_EE6existsEvE4typeEPS4_lS7_PKS4_fiil--0,gpu_ipc,111.6843,111.6843,gpu_ipc\s*=\s*(.*)
instance,llm_layer,layer,H100-SASS-Accelwattch_SASS_SIM,nvjet_sm90_tst_64x8_64x16_4x2_h_bz_bias_TNT--0,gpu_ipc,789.1908,789.1908,gpu_ipc\s*=\s*(.*)
instance,llm_layer,layer,H100-SASS-Accelwattch_SASS_SIM,_ZN4vllm23rotary_embedding_kernelIN3c108BFloat16ES2_Lb1EEEvPKlPT_S6_PKT0_illliiilb--0,gpu_ipc,98.9354,98.9354,gpu_ipc\s*=\s*(.*)
instance,llm_layer,layer,H100-SASS-Accelwattch_SASS_SIM,_ZN4vllm30reshape_and_cache_flash_kernelI13__nv_bfloat16S1_LNS_18Fp8KVCacheDataTypeE0EEEvPKT_S5_PT0_S7_PKlllllliiiPKfSB_i--0,gpu_ipc,31.987,31.9870,gpu_ipc\s*=\s*(.*)
instance,llm_layer,layer,H100-SASS-Accelwattch_SASS_SIM,_ZN7cutlass13device_kernelIN5flash20enable_sm90_or_laterINS1_16FlashAttnFwdSm90INS1_25CollectiveMainloopFwdSm90ILi2EN4cute5tupleIJNS5_1CILi1EEES8_S8_EEENS6_IJNS7_ILi192EEENS7_ILi128EEENS7_ILi64EEEEEELi64ENS_10bfloat16_tEfNS_4arch4Sm90ELb1ELb0ELb0ELb1ELb1ELb0ELb0ELb1ELb1ELb1ELb0ELb0ESE_Li1EEENS1_21CollectiveEpilogueFwdINS6_IJSA_SC_SB_EEES9_SE_SG_Li384ELb1ELb1ELb0ELb0ELi1EEENS1_36VarlenDynamicPersistentTileSchedulerILi192ELi128ELi384ELi128ELb0ELb1ELb1ELb1ELb0ELb1EEEEEEEEEvNT_6ParamsE--0,gpu_ipc,410.6289,410.6289,gpu_ipc\s*=\s*(.*)
instance,llm_layer,layer,H100-SASS-Accelwattch_SASS_SIM,_ZN2at6native29vectorized_elementwise_kernelILi4ENS0_11FillFunctorIiEESt5arrayIPcLm1EEEEviT0_T1_--0,gpu_ipc,0.8816,0.8816,gpu_ipc\s*=\s*(.*)
instance,llm_layer,layer,H100-SASS-Accelwattch_SASS_SIM,nvjet_sm90_tst_64x8_64x16_4x2_h_bz_TNT--0,gpu_ipc,657.5475,657.5475,gpu_ipc\s*=\s*(.*)
instance,llm_layer,layer,H100-SASS-Accelwattch_SASS_SIM,_ZN4vllm25fused_add_rms_norm_kernelIN3c108BFloat16ELi8ELb1EEENSt9enable_ifIXaagtT0_Li0Esr4vllm12_typeConvertIT_EE6existsEvE4typeEPS4_lS7_PKS4_fiil--1,gpu_ipc,111.9249,111.9249,gpu_ipc\s*=\s*(.*)
instance,llm_layer,layer,H100-SASS-Accelwattch_SASS_SIM,nvjet_sm90_tst_128x16_64x11_4x1_v_bz_TNT--0,gpu_ipc,769.9528,769.9528,gpu_ipc\s*=\s*(.*)
instance,llm_layer,layer,H100-SASS-Accelwattch_SASS_SIM,_ZN4vllm18act_and_mul_kernelIN3c108BFloat16E14__nv_bfloat162XadL_ZNS_11silu_kernelIS2_EET_RKS5_fEEXadL_ZNS_18packed_silu_kernelIS3_EES5_S7_fEELb1ELb1ELb0ELb0EEEvPS5_PS6_ifff--0,gpu_ipc,275.694,275.6940,gpu_ipc\s*=\s*(.*)
instance,llm_layer,layer,H100-SASS-Accelwattch_SASS_SIM,_ZN4vllm25fused_add_rms_norm_kernelIN3c108BFloat16ELi8ELb1EEENSt9enable_ifIXaagtT0_Li0Esr4vllm12_typeConvertIT_EE6existsEvE4typeEPS4_lS7_PKS4_fiil--0,gpu_occupancy,31.055,31.0550,gpu_occupancy\s*=\s*(.*)%
instance,llm_layer,layer,H100-SASS-Accelwattch_SASS_SIM,nvjet_sm90_tst_64x8_64x16_4x2_h_bz_bias_TNT--0,gpu_occupancy,12.5046,12.5046,gpu_occupancy\s*=\s*(.*)%
instance,llm_layer,layer,H100-SASS-Accelwattch_SASS_SIM,_ZN4vllm23rotary_embedding_kernelIN3c108BFloat16ES2_Lb1EEEvPKlPT_S6_PKT0_illliiilb--0,gpu_occupancy,17.9189,17.9189,gpu_occupancy\s*=\s*(.*)%
instance,llm_layer,layer,H100-SASS-Accelwattch_SASS_SIM,_ZN4vllm30reshape_and_cache_flash_kernelI13__nv_bfloat16S1_LNS_18Fp8KVCacheDataTypeE0EEEvPKT_S5_PT0_S7_PKlllllliiiPKfSB_i--0,gpu_occupancy,4.4005,4.4005,gpu_occupancy\s*=\s*(.*)%
instance,llm_layer,layer,H100-SASS-Accelwattch_SASS_SIM,_ZN7cutlass13device_kernelIN5flash20enable_sm90_or_laterINS1_16FlashAttnFwdSm90INS1_25CollectiveMainloopFwdSm90ILi2EN4cute5tupleIJNS5_1CILi1EEES8_S8_EEENS6_IJNS7_ILi192EEENS7_ILi128EEENS7_ILi64EEEEEELi64ENS_10bfloat16_tEfNS_4arch4Sm90ELb1ELb0ELb0ELb1ELb1ELb0ELb0ELb1ELb1ELb1ELb0ELb0ESE_Li1EEENS1_21CollectiveEpilogueFwdINS6_IJSA_SC_SB_EEES9_SE_SG_Li384ELb1ELb1ELb0ELb0ELi1EEENS1_36VarlenDynamicPersistentTileSchedulerILi192ELi128ELi384ELi128ELb0ELb1ELb1ELb1ELb0ELb1EEEEEEEEEvNT_6ParamsE--0,gpu_occupancy,21.974,21.9740,gpu_occupancy\s*=\s*(.*)%
instance,llm_layer,layer,H100-SASS-Accelwattch_SASS_SIM,_ZN2at6native29vectorized_elementwise_kernelILi4ENS0_11FillFunctorIiEESt5arrayIPcLm1EEEEviT0_T1_--0,gpu_occupancy,2.7889,2.7889,gpu_occupancy\s*=\s*(.*)%
instance,llm_layer,layer,H100-SASS-Accelwattch_SASS_SIM,nvjet_sm90_tst_64x8_64x16_4x2_h_bz_TNT--0,gpu_occupancy,13.3026,13.3026,gpu_occupancy\s*=\s*(.*)%
instance,llm_layer,layer,H100-SASS-Accelwattch_SASS_SIM,_ZN4vllm25fused_add_rms_norm_kernelIN3c108BFloat16ELi8ELb1EEENSt9enable_ifIXaagtT0_Li0Esr4vllm12_typeConvertIT_EE6existsEvE4typeEPS4_lS7_PKS4_fiil--1,gpu_occupancy,27.8585,27.8585,gpu_occupancy\s*=\s*(.*)%
instance,llm_layer,layer,H100-SASS-Accelwattch_SASS_SIM,nvjet_sm90_tst_128x16_64x11_4x1_v_bz_TNT--0,gpu_occupancy,13.7643,13.7643,gpu_occupancy\s*=\s*(.*)%
instance,llm_layer,layer,H100-SASS-Accelwattch_SASS_SIM,_ZN4vllm18act_and_mul_kernelIN3c108BFloat16E14__nv_bfloat162XadL_ZNS_11silu_kernelIS2_EET_RKS5_fEEXadL_ZNS_18packed_silu_kernelIS3_EES5_S7_fEELb1ELb1ELb0ELb0EEEvPS5_PS6_ifff--0,gpu_occupancy,27.359,27.3590,gpu_occupancy\s*=\s*(.*)%
instance,llm_layer,layer,H100-SASS-Accelwattch_SASS_SIM,_ZN4vllm25fused_add_rms_norm_kernelIN3c108BFloat16ELi8ELb1EEENSt9enable_ifIXaagtT0_Li0Esr4vllm12_typeConvertIT_EE6existsEvE4typeEPS4_lS7_PKS4_fiil--0,L2_BW,31.7879,31.7879,L2_BW\s*=\s*(.*)\s*GB\/Sec
instance,llm_layer,layer,H100-SASS-Accelwattch_SASS_SIM,nvjet_sm90_tst_64x8_64x16_4x2_h_bz_bias_TNT--0,L2_BW,605.5897,605.5897,L2_BW\s*=\s*(.*)\s*GB\/Sec
instance,llm_layer,layer,H100-SASS-Accelwattch_SASS_SIM,_ZN4vllm23rotary_embedding_kernelIN3c108BFloat16ES2_Lb1EEEvPKlPT_S6_PKT0_illliiilb--0,L2_BW,14.5643,14.5643,L2_BW\s*=\s*(.*)\s*GB\/Sec
instance,llm_layer,layer,H100-SASS-Accelwattch_SASS_SIM,_ZN4vllm30reshape_and_cache_flash_kernelI13__nv_bfloat16S1_LNS_18Fp8KVCacheDataTypeE0EEEvPKT_S5_PT0_S7_PKlllllliiiPKfSB_i--0,L2_BW,4.2584,4.2584,L2_BW\s*=\s*(.*)\s*GB\/Sec
instance,llm_layer,layer,H100-SASS-Accelwattch_SASS_SIM,_ZN7cutlass13device_kernelIN5flash20enable_sm90_or_laterINS1_16FlashAttnFwdSm90INS1_25CollectiveMainloopFwdSm90ILi2EN4cute5tupleIJNS5_1CILi1EEES8_S8_EEENS6_IJNS7_ILi192EEENS7_ILi128EEENS7_ILi64EEEEEELi64ENS_10bfloat16_tEfNS_4arch4Sm90ELb1ELb0ELb0ELb1ELb1ELb0ELb0ELb1ELb1ELb1ELb0ELb0ESE_Li1EEENS1_21CollectiveEpilogueFwdINS6_IJSA_SC_SB_EEES9_SE_SG_Li384ELb1ELb1ELb0ELb0ELi1EEENS1_36VarlenDynamicPersistentTileSchedulerILi192ELi128ELi384ELi128ELb0ELb1ELb1ELb1ELb0ELb1EEEEEEEEEvNT_6ParamsE--0,L2_BW,40.3785,40.3785,L2_BW\s*=\s*(.*)\s*GB\/Sec
instance,llm_layer,layer,H100-SASS-Accelwattch_SASS_SIM,_ZN2at6native29vectorized_elementwise_kernelILi4ENS0_11FillFunctorIiEESt5arrayIPcLm1EEEEviT0_T1_--0,L2_BW,0.0189,0.0189,L2_BW\s*=\s*(.*)\s*GB\/Sec
instance,llm_layer,layer,H100-SASS-Accelwattch_SASS_SIM,nvjet_sm90_tst_64x8_64x16_4x2_h_bz_TNT--0,L2_BW,500.4561,500.4561,L2_BW\s*=\s*(.*)\s*GB\/Sec
instance,llm_layer,layer,H100-SASS-Accelwattch_SASS_SIM,_ZN4vllm25fused_add_rms_norm_kernelIN3c108BFloat16ELi8ELb1EEENSt9enable_ifIXaagtT0_Li0Esr4vllm12_typeConvertIT_EE6existsEvE4typeEPS4_lS7_PKS4_fiil--1,L2_BW,31.8563,31.8563,L2_BW\s*=\s*(.*)\s*GB\/Sec
instance,llm_layer,layer,H100-SASS-Accelwattch_SASS_SIM,nvjet_sm90_tst_128x16_64x11_4x1_v_bz_TNT--0,L2_BW,2127.3623,2127.3623,L2_BW\s*=\s*(.*)\s*GB\/Sec
instance,llm_layer,layer,H100-SASS-Accelwattch_SASS_SIM,_ZN4vllm18act_and_mul_kernelIN3c108BFloat16E14__nv_bfloat162XadL_ZNS_11silu_kernelIS2_EET_RKS5_fEEXadL_ZNS_18packed_silu_kernelIS3_EES5_S7_fEELb1ELb1ELb0ELb0EEEvPS5_PS6_ifff--0,L2_BW,100.0075,100.0075,L2_BW\s*=\s*(.*)\s*GB\/Sec
instance,llm_layer,layer,H100-SASS-Accelwattch_SASS_SIM,_ZN4vllm25fused_add_rms_norm_kernelIN3c108BFloat16ELi8ELb1EEENSt9enable_ifIXaagtT0_Li0Esr4vllm12_typeConvertIT_EE6existsEvE4typeEPS4_lS7_PKS4_fiil--0,gpgpu_simulation_rate_inst_per_sec,311655.0,311655,gpgpu_simulation_rate\s+=\s+(.*)\s+\(inst\/sec\)
instance,llm_layer,layer,H100-SASS-Accelwattch_SASS_SIM,nvjet_sm90_tst_64x8_64x16_4x2_h_bz_bias_TNT--0,gpgpu_simulation_rate_inst_per_sec,696049.0,696049,gpgpu_simulation_rate\s+=\s+(.*)\s+\(inst\/sec\)
instance,llm_layer,layer,H100-SASS-Accelwattch_SASS_SIM,_ZN4vllm23rotary_embedding_kernelIN3c108BFloat16ES2_Lb1EEEvPKlPT_S6_PKT0_illliiilb--0,gpgpu_simulation_rate_inst_per_sec,569740.0,569740,gpgpu_simulation_rate\s+=\s+(.*)\s+\(inst\/sec\)
instance,llm_layer,layer,H100-SASS-Accelwattch_SASS_SIM,_ZN4vllm30reshape_and_cache_flash_kernelI13__nv_bfloat16S1_LNS_18Fp8KVCacheDataTypeE0EEEvPKT_S5_PT0_S7_PKlllllliiiPKfSB_i--0,gpgpu_simulation_rate_inst_per_sec,499567.0,499567,gpgpu_simulation_rate\s+=\s+(.*)\s+\(inst\/sec\)
instance,llm_layer,layer,H100-SASS-Accelwattch_SASS_SIM,_ZN7cutlass13device_kernelIN5flash20enable_sm90_or_laterINS1_16FlashAttnFwdSm90INS1_25CollectiveMainloopFwdSm90ILi2EN4cute5tupleIJNS5_1CILi1EEES8_S8_EEENS6_IJNS7_ILi192EEENS7_ILi128EEENS7_ILi64EEEEEELi64ENS_10bfloat16_tEfNS_4arch4Sm90ELb1ELb0ELb0ELb1ELb1ELb0ELb0ELb1ELb1ELb1ELb0ELb0ESE_Li1EEENS1_21CollectiveEpilogueFwdINS6_IJSA_SC_SB_EEES9_SE_SG_Li384ELb1ELb1ELb0ELb0ELi1EEENS1_36VarlenDynamicPersistentTileSchedulerILi192ELi128ELi384ELi128ELb0ELb1ELb1ELb1ELb0ELb1EEEEEEEEEvNT_6ParamsE--0,gpgpu_simulation_rate_inst_per_sec,437816.0,437816,gpgpu_simulation_rate\s+=\s+(.*)\s+\(inst\/sec\)
instance,llm_layer,layer,H100-SASS-Accelwattch_SASS_SIM,_ZN2at6native29vectorized_elementwise_kernelILi4ENS0_11FillFunctorIiEESt5arrayIPcLm1EEEEviT0_T1_--0,gpgpu_simulation_rate_inst_per_sec,410544.0,410544,gpgpu_simulation_rate\s+=\s+(.*)\s+\(inst\/sec\)
instance,llm_layer,layer,H100-SASS-Accelwattch_SASS_SIM,nvjet_sm90_tst_64x8_64x16_4x2_h_bz_TNT--0,gpgpu_simulation_rate_inst_per_sec,449938.0,449938,gpgpu_simulation_rate\s+=\s+(.*)\s+\(inst\/sec\)
instance,llm_layer,layer,H100-SASS-Accelwattch_SASS_SIM,_ZN4vllm25fused_add_rms_norm_kernelIN3c108BFloat16ELi8ELb1EEENSt9enable_ifIXaagtT0_Li0Esr4vllm12_typeConvertIT_EE6existsEvE4typeEPS4_lS7_PKS4_fiil--1,gpgpu_simulation_rate_inst_per_sec,422579.0,422579,gpgpu_simulation_rate\s+=\s+(.*)\s+\(inst\/sec\)
instance,llm_layer,layer,H100-SASS-Accelwattch_SASS_SIM,nvjet_sm90_tst_128x16_64x11_4x1_v_bz_TNT--0,gpgpu_simulation_rate_inst_per_sec,235203.0,235203,gpgpu_simulation_rate\s+=\s+(.*)\s+\(inst\/sec\)
instance,llm_layer,layer,H100-SASS-Accelwattch_SASS_SIM,_ZN4vllm18act_and_mul_kernelIN3c108BFloat16E14__nv_bfloat162XadL_ZNS_11silu_kernelIS2_EET_RKS5_fEEXadL_ZNS_18packed_silu_kernelIS3_EES5_S7_fEELb1ELb1ELb0ELb0EEEvPS5_PS6_ifff--0,gpgpu_simulation_rate_inst_per_sec,238246.0,238246,gpgpu_simulation_rate\s+=\s+(.*)\s+\(inst\/sec\)
instance,llm_layer,layer,H100-SASS-Accelwattch_SASS_SIM,_ZN4vllm25fused_add_rms_norm_kernelIN3c108BFloat16ELi8ELb1EEENSt9enable_ifIXaagtT0_Li0Esr4vllm12_typeConvertIT_EE6existsEvE4typeEPS4_lS7_PKS4_fiil--0,gpgpu_simulation_rate_cycle_per_sec,2790.0,2790,gpgpu_simulation_rate\s+=\s+(.*)\s+\(cycle\/sec\)
instance,llm_layer,layer,H100-SASS-Accelwattch_SASS_SIM,nvjet_sm90_tst_64x8_64x16_4x2_h_bz_bias_TNT--0,gpgpu_simulation_rate_cycle_per_sec,1414.0,1414,gpgpu_simulation_rate\s+=\s+(.*)\s+\(cycle\/sec\)
instance,llm_layer,layer,H100-SASS-Accelwattch_SASS_SIM,_ZN4vllm23rotary_embedding_kernelIN3c108BFloat16ES2_Lb1EEEvPKlPT_S6_PKT0_illliiilb--0,gpgpu_simulation_rate_cycle_per_sec,1542.0,1542,gpgpu_simulation_rate\s+=\s+(.*)\s+\(cycle\/sec\)
instance,llm_layer,layer,H100-SASS-Accelwattch_SASS_SIM,_ZN4vllm30reshape_and_cache_flash_kernelI13__nv_bfloat16S1_LNS_18Fp8KVCacheDataTypeE0EEEvPKT_S5_PT0_S7_PKlllllliiiPKfSB_i--0,gpgpu_simulation_rate_cycle_per_sec,1673.0,1673,gpgpu_simulation_rate\s+=\s+(.*)\s+\(cycle\/sec\)
instance,llm_layer,layer,H100-SASS-Accelwattch_SASS_SIM,_ZN7cutlass13device_kernelIN5flash20enable_sm90_or_laterINS1_16FlashAttnFwdSm90INS1_25CollectiveMainloopFwdSm90ILi2EN4cute5tupleIJNS5_1CILi1EEES8_S8_EEENS6_IJNS7_ILi192EEENS7_ILi128EEENS7_ILi64EEEEEELi64ENS_10bfloat16_tEfNS_4arch4Sm90ELb1ELb0ELb0ELb1ELb1ELb0ELb0ELb1ELb1ELb1ELb0ELb0ESE_Li1EEENS1_21CollectiveEpilogueFwdINS6_IJSA_SC_SB_EEES9_SE_SG_Li384ELb1ELb1ELb0ELb0ELi1EEENS1_36VarlenDynamicPersistentTileSchedulerILi192ELi128ELi384ELi128ELb0ELb1ELb1ELb1ELb0ELb1EEEEEEEEEvNT_6ParamsE--0,gpgpu_simulation_rate_cycle_per_sec,1279.0,1279,gpgpu_simulation_rate\s+=\s+(.*)\s+\(cycle\/sec\)
instance,llm_layer,layer,H100-SASS-Accelwattch_SASS_SIM,_ZN2at6native29vectorized_elementwise_kernelILi4ENS0_11FillFunctorIiEESt5arrayIPcLm1EEEEviT0_T1_--0,gpgpu_simulation_rate_cycle_per_sec,1303.0,1303,gpgpu_simulation_rate\s+=\s+(.*)\s+\(cycle\/sec\)
instance,llm_layer,layer,H100-SASS-Accelwattch_SASS_SIM,nvjet_sm90_tst_64x8_64x16_4x2_h_bz_TNT--0,gpgpu_simulation_rate_cycle_per_sec,1241.0,1241,gpgpu_simulation_rate\s+=\s+(.*)\s+\(cycle\/sec\)
instance,llm_layer,layer,H100-SASS-Accelwattch_SASS_SIM,_ZN4vllm25fused_add_rms_norm_kernelIN3c108BFloat16ELi8ELb1EEENSt9enable_ifIXaagtT0_Li0Esr4vllm12_typeConvertIT_EE6existsEvE4typeEPS4_lS7_PKS4_fiil--1,gpgpu_simulation_rate_cycle_per_sec,1255.0,1255,gpgpu_simulation_rate\s+=\s+(.*)\s+\(cycle\/sec\)
instance,llm_layer,layer,H100-SASS-Accelwattch_SASS_SIM,nvjet_sm90_tst_128x16_64x11_4x1_v_bz_TNT--0,gpgpu_simulation_rate_cycle_per_sec,535.0,535,gpgpu_simulation_rate\s+=\s+(.*)\s+\(cycle\/sec\)
instance,llm_layer,layer,H100-SASS-Accelwattch_SASS_SIM,_ZN4vllm18act_and_mul_kernelIN3c108BFloat16E14__nv_bfloat162XadL_ZNS_11silu_kernelIS2_EET_RKS5_fEEXadL_ZNS_18packed_silu_kernelIS3_EES5_S7_fEELb1ELb1ELb0ELb0EEEvPS5_PS6_ifff--0,gpgpu_simulation_rate_cycle_per_sec,558.0,558,gpgpu_simulation_rate\s+=\s+(.*)\s+\(cycle\/sec\)
instance,llm_layer,layer,H100-SASS-Accelwattch_SASS_SIM,_ZN4vllm25fused_add_rms_norm_kernelIN3c108BFloat16ELi8ELb1EEENSt9enable_ifIXaagtT0_Li0Esr4vllm12_typeConvertIT_EE6existsEvE4typeEPS4_lS7_PKS4_fiil--0,gpgpu_silicon_slowdown,709677.0,709677,gpgpu_silicon_slowdown\s*=\s*(.*)x
instance,llm_layer,layer,H100-SASS-Accelwattch_SASS_SIM,nvjet_sm90_tst_64x8_64x16_4x2_h_bz_bias_TNT--0,gpgpu_silicon_slowdown,1400282.0,1400282,gpgpu_silicon_slowdown\s*=\s*(.*)x
instance,llm_layer,layer,H100-SASS-Accelwattch_SASS_SIM,_ZN4vllm23rotary_embedding_kernelIN3c108BFloat16ES2_Lb1EEEvPKlPT_S6_PKT0_illliiilb--0,gpgpu_silicon_slowdown,1284046.0,1284046,gpgpu_silicon_slowdown\s*=\s*(.*)x
instance,llm_layer,layer,H100-SASS-Accelwattch_SASS_SIM,_ZN4vllm30reshape_and_cache_flash_kernelI13__nv_bfloat16S1_LNS_18Fp8KVCacheDataTypeE0EEEvPKT_S5_PT0_S7_PKlllllliiiPKfSB_i--0,gpgpu_silicon_slowdown,1183502.0,1183502,gpgpu_silicon_slowdown\s*=\s*(.*)x
instance,llm_layer,layer,H100-SASS-Accelwattch_SASS_SIM,_ZN7cutlass13device_kernelIN5flash20enable_sm90_or_laterINS1_16FlashAttnFwdSm90INS1_25CollectiveMainloopFwdSm90ILi2EN4cute5tupleIJNS5_1CILi1EEES8_S8_EEENS6_IJNS7_ILi192EEENS7_ILi128EEENS7_ILi64EEEEEELi64ENS_10bfloat16_tEfNS_4arch4Sm90ELb1ELb0ELb0ELb1ELb1ELb0ELb0ELb1ELb1ELb1ELb0ELb0ESE_Li1EEENS1_21CollectiveEpilogueFwdINS6_IJSA_SC_SB_EEES9_SE_SG_Li384ELb1ELb1ELb0ELb0ELi1EEENS1_36VarlenDynamicPersistentTileSchedulerILi192ELi128ELi384ELi128ELb0ELb1ELb1ELb1ELb0ELb1EEEEEEEEEvNT_6ParamsE--0,gpgpu_silicon_slowdown,1548084.0,1548084,gpgpu_silicon_slowdown\s*=\s*(.*)x
instance,llm_layer,layer,H100-SASS-Accelwattch_SASS_SIM,_ZN2at6native29vectorized_elementwise_kernelILi4ENS0_11FillFunctorIiEESt5arrayIPcLm1EEEEviT0_T1_--0,gpgpu_silicon_slowdown,1519570.0,1519570,gpgpu_silicon_slowdown\s*=\s*(.*)x
instance,llm_layer,layer,H100-SASS-Accelwattch_SASS_SIM,nvjet_sm90_tst_64x8_64x16_4x2_h_bz_TNT--0,gpgpu_silicon_slowdown,1595487.0,1595487,gpgpu_silicon_slowdown\s*=\s*(.*)x
instance,llm_layer,layer,H100-SASS-Accelwattch_SASS_SIM,_ZN4vllm25fused_add_rms_norm_kernelIN3c108BFloat16ELi8ELb1EEENSt9enable_ifIXaagtT0_Li0Esr4vllm12_typeConvertIT_EE6existsEvE4typeEPS4_lS7_PKS4_fiil--1,gpgpu_silicon_slowdown,1577689.0,1577689,gpgpu_silicon_slowdown\s*=\s*(.*)x
instance,llm_layer,layer,H100-SASS-Accelwattch_SASS_SIM,nvjet_sm90_tst_128x16_64x11_4x1_v_bz_TNT--0,gpgpu_silicon_slowdown,3700934.0,3700934,gpgpu_silicon_slowdown\s*=\s*(.*)x
instance,llm_layer,layer,H100-SASS-Accelwattch_SASS_SIM,_ZN4vllm18act_and_mul_kernelIN3c108BFloat16E14__nv_bfloat162XadL_ZNS_11silu_kernelIS2_EET_RKS5_fEEXadL_ZNS_18packed_silu_kernelIS3_EES5_S7_fEELb1ELb1ELb0ELb0EEEvPS5_PS6_ifff--0,gpgpu_silicon_slowdown,3548387.0,3548387,gpgpu_silicon_slowdown\s*=\s*(.*)x
instance,llm_layer,layer,H100-SASS-Accelwattch_SASS_SIM,_ZN4vllm25fused_add_rms_norm_kernelIN3c108BFloat16ELi8ELb1EEENSt9enable_ifIXaagtT0_Li0Esr4vllm12_typeConvertIT_EE6existsEvE4typeEPS4_lS7_PKS4_fiil--0,gpu_tot_ipc,111.6843,111.6843,gpu_tot_ipc\s*=\s*(.*)
instance,llm_layer,layer,H100-SASS-Accelwattch_SASS_SIM,nvjet_sm90_tst_64x8_64x16_4x2_h_bz_bias_TNT--0,gpu_tot_ipc,492.1397,492.1397,gpu_tot_ipc\s*=\s*(.*)
instance,llm_layer,layer,H100-SASS-Accelwattch_SASS_SIM,_ZN4vllm23rotary_embedding_kernelIN3c108BFloat16ES2_Lb1EEEvPKlPT_S6_PKT0_illliiilb--0,gpu_tot_ipc,369.262,369.2620,gpu_tot_ipc\s*=\s*(.*)
instance,llm_layer,layer,H100-SASS-Accelwattch_SASS_SIM,_ZN4vllm30reshape_and_cache_flash_kernelI13__nv_bfloat16S1_LNS_18Fp8KVCacheDataTypeE0EEEvPKT_S5_PT0_S7_PKlllllliiiPKfSB_i--0,gpu_tot_ipc,298.5674,298.5674,gpu_tot_ipc\s*=\s*(.*)
instance,llm_layer,layer,H100-SASS-Accelwattch_SASS_SIM,_ZN7cutlass13device_kernelIN5flash20enable_sm90_or_laterINS1_16FlashAttnFwdSm90INS1_25CollectiveMainloopFwdSm90ILi2EN4cute5tupleIJNS5_1CILi1EEES8_S8_EEENS6_IJNS7_ILi192EEENS7_ILi128EEENS7_ILi64EEEEEELi64ENS_10bfloat16_tEfNS_4arch4Sm90ELb1ELb0ELb0ELb1ELb1ELb0ELb0ELb1ELb1ELb1ELb0ELb0ESE_Li1EEENS1_21CollectiveEpilogueFwdINS6_IJSA_SC_SB_EEES9_SE_SG_Li384ELb1ELb1ELb0ELb0ELi1EEENS1_36VarlenDynamicPersistentTileSchedulerILi192ELi128ELi384ELi128ELb0ELb1ELb1ELb1ELb0ELb1EEEEEEEEEvNT_6ParamsE--0,gpu_tot_ipc,342.2311,342.2311,gpu_tot_ipc\s*=\s*(.*)
instance,llm_layer,layer,H100-SASS-Accelwattch_SASS_SIM,_ZN2at6native29vectorized_elementwise_kernelILi4ENS0_11FillFunctorIiEESt5arrayIPcLm1EEEEviT0_T1_--0,gpu_tot_ipc,314.8577,314.8577,gpu_tot_ipc\s*=\s*(.*)
instance,llm_layer,layer,H100-SASS-Accelwattch_SASS_SIM,nvjet_sm90_tst_64x8_64x16_4x2_h_bz_TNT--0,gpu_tot_ipc,362.3143,362.3143,gpu_tot_ipc\s*=\s*(.*)
instance,llm_layer,layer,H100-SASS-Accelwattch_SASS_SIM,_ZN4vllm25fused_add_rms_norm_kernelIN3c108BFloat16ELi8ELb1EEENSt9enable_ifIXaagtT0_Li0Esr4vllm12_typeConvertIT_EE6existsEvE4typeEPS4_lS7_PKS4_fiil--1,gpu_tot_ipc,336.4922,336.4922,gpu_tot_ipc\s*=\s*(.*)
instance,llm_layer,layer,H100-SASS-Accelwattch_SASS_SIM,nvjet_sm90_tst_128x16_64x11_4x1_v_bz_TNT--0,gpu_tot_ipc,438.9859,438.9859,gpu_tot_ipc\s*=\s*(.*)
instance,llm_layer,layer,H100-SASS-Accelwattch_SASS_SIM,_ZN4vllm18act_and_mul_kernelIN3c108BFloat16E14__nv_bfloat162XadL_ZNS_11silu_kernelIS2_EET_RKS5_fEEXadL_ZNS_18packed_silu_kernelIS3_EES5_S7_fEELb1ELb1ELb0ELb0EEEvPS5_PS6_ifff--0,gpu_tot_ipc,426.6529,426.6529,gpu_tot_ipc\s*=\s*(.*)
