app,args,kernel_idx,kernel,field,value
llm_layer,layer,0,_ZN4vllm25fused_add_rms_norm_kernelIN3c108BFloat16ELi8ELb1EEENSt9enable_ifIXaagtT0_Li0Esr4vllm12_typeConvertIT_EE6existsEvE4typeEPS4_lS7_PKS4_fiil,kernel_launch_uid,1.0
llm_layer,layer,0,_ZN4vllm25fused_add_rms_norm_kernelIN3c108BFloat16ELi8ELb1EEENSt9enable_ifIXaagtT0_Li0Esr4vllm12_typeConvertIT_EE6existsEvE4typeEPS4_lS7_PKS4_fiil,kernel_avg_power,72.0851
llm_layer,layer,0,_ZN4vllm25fused_add_rms_norm_kernelIN3c108BFloat16ELi8ELb1EEENSt9enable_ifIXaagtT0_Li0Esr4vllm12_typeConvertIT_EE6existsEvE4typeEPS4_lS7_PKS4_fiil,gpu_avg_IBP,0.0497944
llm_layer,layer,0,_ZN4vllm25fused_add_rms_norm_kernelIN3c108BFloat16ELi8ELb1EEENSt9enable_ifIXaagtT0_Li0Esr4vllm12_typeConvertIT_EE6existsEvE4typeEPS4_lS7_PKS4_fiil,gpu_avg_ICP,0.0
llm_layer,layer,0,_ZN4vllm25fused_add_rms_norm_kernelIN3c108BFloat16ELi8ELb1EEENSt9enable_ifIXaagtT0_Li0Esr4vllm12_typeConvertIT_EE6existsEvE4typeEPS4_lS7_PKS4_fiil,gpu_avg_DCP,0.308854
llm_layer,layer,0,_ZN4vllm25fused_add_rms_norm_kernelIN3c108BFloat16ELi8ELb1EEENSt9enable_ifIXaagtT0_Li0Esr4vllm12_typeConvertIT_EE6existsEvE4typeEPS4_lS7_PKS4_fiil,gpu_avg_TCP,0.0
llm_layer,layer,0,_ZN4vllm25fused_add_rms_norm_kernelIN3c108BFloat16ELi8ELb1EEENSt9enable_ifIXaagtT0_Li0Esr4vllm12_typeConvertIT_EE6existsEvE4typeEPS4_lS7_PKS4_fiil,gpu_avg_CCP,0.00134994
llm_layer,layer,0,_ZN4vllm25fused_add_rms_norm_kernelIN3c108BFloat16ELi8ELb1EEENSt9enable_ifIXaagtT0_Li0Esr4vllm12_typeConvertIT_EE6existsEvE4typeEPS4_lS7_PKS4_fiil,gpu_avg_SHRDP,0.0166205
llm_layer,layer,0,_ZN4vllm25fused_add_rms_norm_kernelIN3c108BFloat16ELi8ELb1EEENSt9enable_ifIXaagtT0_Li0Esr4vllm12_typeConvertIT_EE6existsEvE4typeEPS4_lS7_PKS4_fiil,gpu_avg_RFP,0.0
llm_layer,layer,0,_ZN4vllm25fused_add_rms_norm_kernelIN3c108BFloat16ELi8ELb1EEENSt9enable_ifIXaagtT0_Li0Esr4vllm12_typeConvertIT_EE6existsEvE4typeEPS4_lS7_PKS4_fiil,gpu_avg_INTP,0.691721
llm_layer,layer,0,_ZN4vllm25fused_add_rms_norm_kernelIN3c108BFloat16ELi8ELb1EEENSt9enable_ifIXaagtT0_Li0Esr4vllm12_typeConvertIT_EE6existsEvE4typeEPS4_lS7_PKS4_fiil,gpu_avg_FPUP,0.175257
llm_layer,layer,0,_ZN4vllm25fused_add_rms_norm_kernelIN3c108BFloat16ELi8ELb1EEENSt9enable_ifIXaagtT0_Li0Esr4vllm12_typeConvertIT_EE6existsEvE4typeEPS4_lS7_PKS4_fiil,gpu_avg_DPUP,0.0
llm_layer,layer,0,_ZN4vllm25fused_add_rms_norm_kernelIN3c108BFloat16ELi8ELb1EEENSt9enable_ifIXaagtT0_Li0Esr4vllm12_typeConvertIT_EE6existsEvE4typeEPS4_lS7_PKS4_fiil,gpu_avg_INT_MUL24P,0.0
llm_layer,layer,0,_ZN4vllm25fused_add_rms_norm_kernelIN3c108BFloat16ELi8ELb1EEENSt9enable_ifIXaagtT0_Li0Esr4vllm12_typeConvertIT_EE6existsEvE4typeEPS4_lS7_PKS4_fiil,gpu_avg_INT_MUL32P,0.0
llm_layer,layer,0,_ZN4vllm25fused_add_rms_norm_kernelIN3c108BFloat16ELi8ELb1EEENSt9enable_ifIXaagtT0_Li0Esr4vllm12_typeConvertIT_EE6existsEvE4typeEPS4_lS7_PKS4_fiil,gpu_avg_INT_MULP,0.0978145
llm_layer,layer,0,_ZN4vllm25fused_add_rms_norm_kernelIN3c108BFloat16ELi8ELb1EEENSt9enable_ifIXaagtT0_Li0Esr4vllm12_typeConvertIT_EE6existsEvE4typeEPS4_lS7_PKS4_fiil,gpu_avg_INT_DIVP,0.0
llm_layer,layer,0,_ZN4vllm25fused_add_rms_norm_kernelIN3c108BFloat16ELi8ELb1EEENSt9enable_ifIXaagtT0_Li0Esr4vllm12_typeConvertIT_EE6existsEvE4typeEPS4_lS7_PKS4_fiil,gpu_avg_FP_MULP,0.0377508
llm_layer,layer,0,_ZN4vllm25fused_add_rms_norm_kernelIN3c108BFloat16ELi8ELb1EEENSt9enable_ifIXaagtT0_Li0Esr4vllm12_typeConvertIT_EE6existsEvE4typeEPS4_lS7_PKS4_fiil,gpu_avg_FP_DIVP,0.0
llm_layer,layer,0,_ZN4vllm25fused_add_rms_norm_kernelIN3c108BFloat16ELi8ELb1EEENSt9enable_ifIXaagtT0_Li0Esr4vllm12_typeConvertIT_EE6existsEvE4typeEPS4_lS7_PKS4_fiil,gpu_avg_FP_SQRTP,2.71615e-05
llm_layer,layer,0,_ZN4vllm25fused_add_rms_norm_kernelIN3c108BFloat16ELi8ELb1EEENSt9enable_ifIXaagtT0_Li0Esr4vllm12_typeConvertIT_EE6existsEvE4typeEPS4_lS7_PKS4_fiil,gpu_avg_FP_LGP,0.0
llm_layer,layer,0,_ZN4vllm25fused_add_rms_norm_kernelIN3c108BFloat16ELi8ELb1EEENSt9enable_ifIXaagtT0_Li0Esr4vllm12_typeConvertIT_EE6existsEvE4typeEPS4_lS7_PKS4_fiil,gpu_avg_FP_SINP,0.0
llm_layer,layer,0,_ZN4vllm25fused_add_rms_norm_kernelIN3c108BFloat16ELi8ELb1EEENSt9enable_ifIXaagtT0_Li0Esr4vllm12_typeConvertIT_EE6existsEvE4typeEPS4_lS7_PKS4_fiil,gpu_avg_FP_EXP,5.0406e-05
llm_layer,layer,0,_ZN4vllm25fused_add_rms_norm_kernelIN3c108BFloat16ELi8ELb1EEENSt9enable_ifIXaagtT0_Li0Esr4vllm12_typeConvertIT_EE6existsEvE4typeEPS4_lS7_PKS4_fiil,gpu_avg_DP_MULP,0.0
llm_layer,layer,0,_ZN4vllm25fused_add_rms_norm_kernelIN3c108BFloat16ELi8ELb1EEENSt9enable_ifIXaagtT0_Li0Esr4vllm12_typeConvertIT_EE6existsEvE4typeEPS4_lS7_PKS4_fiil,gpu_avg_DP_DIVP,0.0
llm_layer,layer,0,_ZN4vllm25fused_add_rms_norm_kernelIN3c108BFloat16ELi8ELb1EEENSt9enable_ifIXaagtT0_Li0Esr4vllm12_typeConvertIT_EE6existsEvE4typeEPS4_lS7_PKS4_fiil,gpu_avg_TENSORP,0.0
llm_layer,layer,0,_ZN4vllm25fused_add_rms_norm_kernelIN3c108BFloat16ELi8ELb1EEENSt9enable_ifIXaagtT0_Li0Esr4vllm12_typeConvertIT_EE6existsEvE4typeEPS4_lS7_PKS4_fiil,gpu_avg_TEXP,0.0
llm_layer,layer,0,_ZN4vllm25fused_add_rms_norm_kernelIN3c108BFloat16ELi8ELb1EEENSt9enable_ifIXaagtT0_Li0Esr4vllm12_typeConvertIT_EE6existsEvE4typeEPS4_lS7_PKS4_fiil,gpu_avg_SCHEDP,0.138595
llm_layer,layer,0,_ZN4vllm25fused_add_rms_norm_kernelIN3c108BFloat16ELi8ELb1EEENSt9enable_ifIXaagtT0_Li0Esr4vllm12_typeConvertIT_EE6existsEvE4typeEPS4_lS7_PKS4_fiil,gpu_avg_L2CP,0.0599245
llm_layer,layer,0,_ZN4vllm25fused_add_rms_norm_kernelIN3c108BFloat16ELi8ELb1EEENSt9enable_ifIXaagtT0_Li0Esr4vllm12_typeConvertIT_EE6existsEvE4typeEPS4_lS7_PKS4_fiil,gpu_avg_MCP,0.597214
llm_layer,layer,0,_ZN4vllm25fused_add_rms_norm_kernelIN3c108BFloat16ELi8ELb1EEENSt9enable_ifIXaagtT0_Li0Esr4vllm12_typeConvertIT_EE6existsEvE4typeEPS4_lS7_PKS4_fiil,gpu_avg_NOCP,0.243012
llm_layer,layer,0,_ZN4vllm25fused_add_rms_norm_kernelIN3c108BFloat16ELi8ELb1EEENSt9enable_ifIXaagtT0_Li0Esr4vllm12_typeConvertIT_EE6existsEvE4typeEPS4_lS7_PKS4_fiil,gpu_avg_DRAMP,0.0
llm_layer,layer,0,_ZN4vllm25fused_add_rms_norm_kernelIN3c108BFloat16ELi8ELb1EEENSt9enable_ifIXaagtT0_Li0Esr4vllm12_typeConvertIT_EE6existsEvE4typeEPS4_lS7_PKS4_fiil,gpu_avg_PIPEP,0.109645
llm_layer,layer,0,_ZN4vllm25fused_add_rms_norm_kernelIN3c108BFloat16ELi8ELb1EEENSt9enable_ifIXaagtT0_Li0Esr4vllm12_typeConvertIT_EE6existsEvE4typeEPS4_lS7_PKS4_fiil,gpu_avg_IDLE_COREP,36.0436
llm_layer,layer,0,_ZN4vllm25fused_add_rms_norm_kernelIN3c108BFloat16ELi8ELb1EEENSt9enable_ifIXaagtT0_Li0Esr4vllm12_typeConvertIT_EE6existsEvE4typeEPS4_lS7_PKS4_fiil,gpu_avg_CONSTP,32.3252
llm_layer,layer,0,_ZN4vllm25fused_add_rms_norm_kernelIN3c108BFloat16ELi8ELb1EEENSt9enable_ifIXaagtT0_Li0Esr4vllm12_typeConvertIT_EE6existsEvE4typeEPS4_lS7_PKS4_fiil,gpu_avg_STATICP,1.18866
llm_layer,layer,0,_ZN4vllm25fused_add_rms_norm_kernelIN3c108BFloat16ELi8ELb1EEENSt9enable_ifIXaagtT0_Li0Esr4vllm12_typeConvertIT_EE6existsEvE4typeEPS4_lS7_PKS4_fiil,gpu_avg_TOT_INST,2139.09
llm_layer,layer,0,_ZN4vllm25fused_add_rms_norm_kernelIN3c108BFloat16ELi8ELb1EEENSt9enable_ifIXaagtT0_Li0Esr4vllm12_typeConvertIT_EE6existsEvE4typeEPS4_lS7_PKS4_fiil,gpu_avg_FP_INT,2021.82
llm_layer,layer,0,_ZN4vllm25fused_add_rms_norm_kernelIN3c108BFloat16ELi8ELb1EEENSt9enable_ifIXaagtT0_Li0Esr4vllm12_typeConvertIT_EE6existsEvE4typeEPS4_lS7_PKS4_fiil,gpu_avg_IC_H,0.0
llm_layer,layer,0,_ZN4vllm25fused_add_rms_norm_kernelIN3c108BFloat16ELi8ELb1EEENSt9enable_ifIXaagtT0_Li0Esr4vllm12_typeConvertIT_EE6existsEvE4typeEPS4_lS7_PKS4_fiil,gpu_avg_IC_M,0.0
llm_layer,layer,0,_ZN4vllm25fused_add_rms_norm_kernelIN3c108BFloat16ELi8ELb1EEENSt9enable_ifIXaagtT0_Li0Esr4vllm12_typeConvertIT_EE6existsEvE4typeEPS4_lS7_PKS4_fiil,gpu_avg_DC_RH,101.818
llm_layer,layer,0,_ZN4vllm25fused_add_rms_norm_kernelIN3c108BFloat16ELi8ELb1EEENSt9enable_ifIXaagtT0_Li0Esr4vllm12_typeConvertIT_EE6existsEvE4typeEPS4_lS7_PKS4_fiil,gpu_avg_DC_RM,101.818
llm_layer,layer,0,_ZN4vllm25fused_add_rms_norm_kernelIN3c108BFloat16ELi8ELb1EEENSt9enable_ifIXaagtT0_Li0Esr4vllm12_typeConvertIT_EE6existsEvE4typeEPS4_lS7_PKS4_fiil,gpu_avg_DC_WH,101.818
llm_layer,layer,0,_ZN4vllm25fused_add_rms_norm_kernelIN3c108BFloat16ELi8ELb1EEENSt9enable_ifIXaagtT0_Li0Esr4vllm12_typeConvertIT_EE6existsEvE4typeEPS4_lS7_PKS4_fiil,gpu_avg_DC_WM,0.0
llm_layer,layer,0,_ZN4vllm25fused_add_rms_norm_kernelIN3c108BFloat16ELi8ELb1EEENSt9enable_ifIXaagtT0_Li0Esr4vllm12_typeConvertIT_EE6existsEvE4typeEPS4_lS7_PKS4_fiil,gpu_avg_TC_H,0.0
llm_layer,layer,0,_ZN4vllm25fused_add_rms_norm_kernelIN3c108BFloat16ELi8ELb1EEENSt9enable_ifIXaagtT0_Li0Esr4vllm12_typeConvertIT_EE6existsEvE4typeEPS4_lS7_PKS4_fiil,gpu_avg_TC_M,0.0
llm_layer,layer,0,_ZN4vllm25fused_add_rms_norm_kernelIN3c108BFloat16ELi8ELb1EEENSt9enable_ifIXaagtT0_Li0Esr4vllm12_typeConvertIT_EE6existsEvE4typeEPS4_lS7_PKS4_fiil,gpu_avg_CC_H,61.8182
llm_layer,layer,0,_ZN4vllm25fused_add_rms_norm_kernelIN3c108BFloat16ELi8ELb1EEENSt9enable_ifIXaagtT0_Li0Esr4vllm12_typeConvertIT_EE6existsEvE4typeEPS4_lS7_PKS4_fiil,gpu_avg_CC_M,0.0
llm_layer,layer,0,_ZN4vllm25fused_add_rms_norm_kernelIN3c108BFloat16ELi8ELb1EEENSt9enable_ifIXaagtT0_Li0Esr4vllm12_typeConvertIT_EE6existsEvE4typeEPS4_lS7_PKS4_fiil,gpu_avg_SHRD_ACC,37.2727
llm_layer,layer,0,_ZN4vllm25fused_add_rms_norm_kernelIN3c108BFloat16ELi8ELb1EEENSt9enable_ifIXaagtT0_Li0Esr4vllm12_typeConvertIT_EE6existsEvE4typeEPS4_lS7_PKS4_fiil,gpu_avg_REG_RD,0.0
llm_layer,layer,0,_ZN4vllm25fused_add_rms_norm_kernelIN3c108BFloat16ELi8ELb1EEENSt9enable_ifIXaagtT0_Li0Esr4vllm12_typeConvertIT_EE6existsEvE4typeEPS4_lS7_PKS4_fiil,gpu_avg_REG_WR,0.0
llm_layer,layer,0,_ZN4vllm25fused_add_rms_norm_kernelIN3c108BFloat16ELi8ELb1EEENSt9enable_ifIXaagtT0_Li0Esr4vllm12_typeConvertIT_EE6existsEvE4typeEPS4_lS7_PKS4_fiil,gpu_avg_NON_REG_OPs,0.0
llm_layer,layer,0,_ZN4vllm25fused_add_rms_norm_kernelIN3c108BFloat16ELi8ELb1EEENSt9enable_ifIXaagtT0_Li0Esr4vllm12_typeConvertIT_EE6existsEvE4typeEPS4_lS7_PKS4_fiil,gpu_avg_INT_ACC,378194.0
llm_layer,layer,0,_ZN4vllm25fused_add_rms_norm_kernelIN3c108BFloat16ELi8ELb1EEENSt9enable_ifIXaagtT0_Li0Esr4vllm12_typeConvertIT_EE6existsEvE4typeEPS4_lS7_PKS4_fiil,gpu_avg_FPU_ACC,2347.4
llm_layer,layer,0,_ZN4vllm25fused_add_rms_norm_kernelIN3c108BFloat16ELi8ELb1EEENSt9enable_ifIXaagtT0_Li0Esr4vllm12_typeConvertIT_EE6existsEvE4typeEPS4_lS7_PKS4_fiil,gpu_avg_DPU_ACC,0.0
llm_layer,layer,0,_ZN4vllm25fused_add_rms_norm_kernelIN3c108BFloat16ELi8ELb1EEENSt9enable_ifIXaagtT0_Li0Esr4vllm12_typeConvertIT_EE6existsEvE4typeEPS4_lS7_PKS4_fiil,gpu_avg_INT_MUL24_ACC,0.0
llm_layer,layer,0,_ZN4vllm25fused_add_rms_norm_kernelIN3c108BFloat16ELi8ELb1EEENSt9enable_ifIXaagtT0_Li0Esr4vllm12_typeConvertIT_EE6existsEvE4typeEPS4_lS7_PKS4_fiil,gpu_avg_INT_MUL32_ACC,0.0
llm_layer,layer,0,_ZN4vllm25fused_add_rms_norm_kernelIN3c108BFloat16ELi8ELb1EEENSt9enable_ifIXaagtT0_Li0Esr4vllm12_typeConvertIT_EE6existsEvE4typeEPS4_lS7_PKS4_fiil,gpu_avg_INT_MUL_ACC,638.69
llm_layer,layer,0,_ZN4vllm25fused_add_rms_norm_kernelIN3c108BFloat16ELi8ELb1EEENSt9enable_ifIXaagtT0_Li0Esr4vllm12_typeConvertIT_EE6existsEvE4typeEPS4_lS7_PKS4_fiil,gpu_avg_INT_DIV_ACC,0.0
llm_layer,layer,0,_ZN4vllm25fused_add_rms_norm_kernelIN3c108BFloat16ELi8ELb1EEENSt9enable_ifIXaagtT0_Li0Esr4vllm12_typeConvertIT_EE6existsEvE4typeEPS4_lS7_PKS4_fiil,gpu_avg_FP_MUL_ACC,246.497
llm_layer,layer,0,_ZN4vllm25fused_add_rms_norm_kernelIN3c108BFloat16ELi8ELb1EEENSt9enable_ifIXaagtT0_Li0Esr4vllm12_typeConvertIT_EE6existsEvE4typeEPS4_lS7_PKS4_fiil,gpu_avg_FP_DIV_ACC,0.0
llm_layer,layer,0,_ZN4vllm25fused_add_rms_norm_kernelIN3c108BFloat16ELi8ELb1EEENSt9enable_ifIXaagtT0_Li0Esr4vllm12_typeConvertIT_EE6existsEvE4typeEPS4_lS7_PKS4_fiil,gpu_avg_FP_SQRT_ACC,0.177354
llm_layer,layer,0,_ZN4vllm25fused_add_rms_norm_kernelIN3c108BFloat16ELi8ELb1EEENSt9enable_ifIXaagtT0_Li0Esr4vllm12_typeConvertIT_EE6existsEvE4typeEPS4_lS7_PKS4_fiil,gpu_avg_FP_LG_ACC,0.0
llm_layer,layer,0,_ZN4vllm25fused_add_rms_norm_kernelIN3c108BFloat16ELi8ELb1EEENSt9enable_ifIXaagtT0_Li0Esr4vllm12_typeConvertIT_EE6existsEvE4typeEPS4_lS7_PKS4_fiil,gpu_avg_FP_SIN_ACC,0.0
llm_layer,layer,0,_ZN4vllm25fused_add_rms_norm_kernelIN3c108BFloat16ELi8ELb1EEENSt9enable_ifIXaagtT0_Li0Esr4vllm12_typeConvertIT_EE6existsEvE4typeEPS4_lS7_PKS4_fiil,gpu_avg_FP_EXP_ACC,0.329131
llm_layer,layer,0,_ZN4vllm25fused_add_rms_norm_kernelIN3c108BFloat16ELi8ELb1EEENSt9enable_ifIXaagtT0_Li0Esr4vllm12_typeConvertIT_EE6existsEvE4typeEPS4_lS7_PKS4_fiil,gpu_avg_DP_MUL_ACC,0.0
llm_layer,layer,0,_ZN4vllm25fused_add_rms_norm_kernelIN3c108BFloat16ELi8ELb1EEENSt9enable_ifIXaagtT0_Li0Esr4vllm12_typeConvertIT_EE6existsEvE4typeEPS4_lS7_PKS4_fiil,gpu_avg_DP_DIV_ACC,0.0
llm_layer,layer,0,_ZN4vllm25fused_add_rms_norm_kernelIN3c108BFloat16ELi8ELb1EEENSt9enable_ifIXaagtT0_Li0Esr4vllm12_typeConvertIT_EE6existsEvE4typeEPS4_lS7_PKS4_fiil,gpu_avg_TENSOR_ACC,0.0
llm_layer,layer,0,_ZN4vllm25fused_add_rms_norm_kernelIN3c108BFloat16ELi8ELb1EEENSt9enable_ifIXaagtT0_Li0Esr4vllm12_typeConvertIT_EE6existsEvE4typeEPS4_lS7_PKS4_fiil,gpu_avg_TEX_ACC,0.0
llm_layer,layer,0,_ZN4vllm25fused_add_rms_norm_kernelIN3c108BFloat16ELi8ELb1EEENSt9enable_ifIXaagtT0_Li0Esr4vllm12_typeConvertIT_EE6existsEvE4typeEPS4_lS7_PKS4_fiil,gpu_avg_MEM_RD,0.0
llm_layer,layer,0,_ZN4vllm25fused_add_rms_norm_kernelIN3c108BFloat16ELi8ELb1EEENSt9enable_ifIXaagtT0_Li0Esr4vllm12_typeConvertIT_EE6existsEvE4typeEPS4_lS7_PKS4_fiil,gpu_avg_MEM_WR,0.0
llm_layer,layer,0,_ZN4vllm25fused_add_rms_norm_kernelIN3c108BFloat16ELi8ELb1EEENSt9enable_ifIXaagtT0_Li0Esr4vllm12_typeConvertIT_EE6existsEvE4typeEPS4_lS7_PKS4_fiil,gpu_avg_MEM_PRE,0.0
llm_layer,layer,0,_ZN4vllm25fused_add_rms_norm_kernelIN3c108BFloat16ELi8ELb1EEENSt9enable_ifIXaagtT0_Li0Esr4vllm12_typeConvertIT_EE6existsEvE4typeEPS4_lS7_PKS4_fiil,gpu_avg_L2_RH,10.1818
llm_layer,layer,0,_ZN4vllm25fused_add_rms_norm_kernelIN3c108BFloat16ELi8ELb1EEENSt9enable_ifIXaagtT0_Li0Esr4vllm12_typeConvertIT_EE6existsEvE4typeEPS4_lS7_PKS4_fiil,gpu_avg_L2_RM,106.909
llm_layer,layer,0,_ZN4vllm25fused_add_rms_norm_kernelIN3c108BFloat16ELi8ELb1EEENSt9enable_ifIXaagtT0_Li0Esr4vllm12_typeConvertIT_EE6existsEvE4typeEPS4_lS7_PKS4_fiil,gpu_avg_L2_WH,51.7273
llm_layer,layer,0,_ZN4vllm25fused_add_rms_norm_kernelIN3c108BFloat16ELi8ELb1EEENSt9enable_ifIXaagtT0_Li0Esr4vllm12_typeConvertIT_EE6existsEvE4typeEPS4_lS7_PKS4_fiil,gpu_avg_L2_WM,0.0
llm_layer,layer,0,_ZN4vllm25fused_add_rms_norm_kernelIN3c108BFloat16ELi8ELb1EEENSt9enable_ifIXaagtT0_Li0Esr4vllm12_typeConvertIT_EE6existsEvE4typeEPS4_lS7_PKS4_fiil,gpu_avg_NOC_A,712.727
llm_layer,layer,0,_ZN4vllm25fused_add_rms_norm_kernelIN3c108BFloat16ELi8ELb1EEENSt9enable_ifIXaagtT0_Li0Esr4vllm12_typeConvertIT_EE6existsEvE4typeEPS4_lS7_PKS4_fiil,gpu_avg_PIPE_A,0.00335373
llm_layer,layer,0,_ZN4vllm25fused_add_rms_norm_kernelIN3c108BFloat16ELi8ELb1EEENSt9enable_ifIXaagtT0_Li0Esr4vllm12_typeConvertIT_EE6existsEvE4typeEPS4_lS7_PKS4_fiil,gpu_avg_IDLE_CORE_N,127.456
llm_layer,layer,0,_ZN4vllm25fused_add_rms_norm_kernelIN3c108BFloat16ELi8ELb1EEENSt9enable_ifIXaagtT0_Li0Esr4vllm12_typeConvertIT_EE6existsEvE4typeEPS4_lS7_PKS4_fiil,gpu_avg_constant_power,0.0
llm_layer,layer,0,_ZN4vllm25fused_add_rms_norm_kernelIN3c108BFloat16ELi8ELb1EEENSt9enable_ifIXaagtT0_Li0Esr4vllm12_typeConvertIT_EE6existsEvE4typeEPS4_lS7_PKS4_fiil,gpu_avg_threads_per_warp,11.7897
llm_layer,layer,0,_ZN4vllm25fused_add_rms_norm_kernelIN3c108BFloat16ELi8ELb1EEENSt9enable_ifIXaagtT0_Li0Esr4vllm12_typeConvertIT_EE6existsEvE4typeEPS4_lS7_PKS4_fiil,gpu_tot_TOT_INST,23530.0
llm_layer,layer,0,_ZN4vllm25fused_add_rms_norm_kernelIN3c108BFloat16ELi8ELb1EEENSt9enable_ifIXaagtT0_Li0Esr4vllm12_typeConvertIT_EE6existsEvE4typeEPS4_lS7_PKS4_fiil,gpu_tot_FP_INT,22240.0
llm_layer,layer,0,_ZN4vllm25fused_add_rms_norm_kernelIN3c108BFloat16ELi8ELb1EEENSt9enable_ifIXaagtT0_Li0Esr4vllm12_typeConvertIT_EE6existsEvE4typeEPS4_lS7_PKS4_fiil,gpu_tot_IC_H,0.0
llm_layer,layer,0,_ZN4vllm25fused_add_rms_norm_kernelIN3c108BFloat16ELi8ELb1EEENSt9enable_ifIXaagtT0_Li0Esr4vllm12_typeConvertIT_EE6existsEvE4typeEPS4_lS7_PKS4_fiil,gpu_tot_IC_M,0.0
llm_layer,layer,0,_ZN4vllm25fused_add_rms_norm_kernelIN3c108BFloat16ELi8ELb1EEENSt9enable_ifIXaagtT0_Li0Esr4vllm12_typeConvertIT_EE6existsEvE4typeEPS4_lS7_PKS4_fiil,gpu_tot_DC_RH,1120.0
llm_layer,layer,0,_ZN4vllm25fused_add_rms_norm_kernelIN3c108BFloat16ELi8ELb1EEENSt9enable_ifIXaagtT0_Li0Esr4vllm12_typeConvertIT_EE6existsEvE4typeEPS4_lS7_PKS4_fiil,gpu_tot_DC_RM,1120.0
llm_layer,layer,0,_ZN4vllm25fused_add_rms_norm_kernelIN3c108BFloat16ELi8ELb1EEENSt9enable_ifIXaagtT0_Li0Esr4vllm12_typeConvertIT_EE6existsEvE4typeEPS4_lS7_PKS4_fiil,gpu_tot_DC_WH,1120.0
llm_layer,layer,0,_ZN4vllm25fused_add_rms_norm_kernelIN3c108BFloat16ELi8ELb1EEENSt9enable_ifIXaagtT0_Li0Esr4vllm12_typeConvertIT_EE6existsEvE4typeEPS4_lS7_PKS4_fiil,gpu_tot_DC_WM,0.0
llm_layer,layer,0,_ZN4vllm25fused_add_rms_norm_kernelIN3c108BFloat16ELi8ELb1EEENSt9enable_ifIXaagtT0_Li0Esr4vllm12_typeConvertIT_EE6existsEvE4typeEPS4_lS7_PKS4_fiil,gpu_tot_TC_H,0.0
llm_layer,layer,0,_ZN4vllm25fused_add_rms_norm_kernelIN3c108BFloat16ELi8ELb1EEENSt9enable_ifIXaagtT0_Li0Esr4vllm12_typeConvertIT_EE6existsEvE4typeEPS4_lS7_PKS4_fiil,gpu_tot_TC_M,0.0
llm_layer,layer,0,_ZN4vllm25fused_add_rms_norm_kernelIN3c108BFloat16ELi8ELb1EEENSt9enable_ifIXaagtT0_Li0Esr4vllm12_typeConvertIT_EE6existsEvE4typeEPS4_lS7_PKS4_fiil,gpu_tot_CC_H,680.0
llm_layer,layer,0,_ZN4vllm25fused_add_rms_norm_kernelIN3c108BFloat16ELi8ELb1EEENSt9enable_ifIXaagtT0_Li0Esr4vllm12_typeConvertIT_EE6existsEvE4typeEPS4_lS7_PKS4_fiil,gpu_tot_CC_M,0.0
llm_layer,layer,0,_ZN4vllm25fused_add_rms_norm_kernelIN3c108BFloat16ELi8ELb1EEENSt9enable_ifIXaagtT0_Li0Esr4vllm12_typeConvertIT_EE6existsEvE4typeEPS4_lS7_PKS4_fiil,gpu_tot_SHRD_ACC,410.0
llm_layer,layer,0,_ZN4vllm25fused_add_rms_norm_kernelIN3c108BFloat16ELi8ELb1EEENSt9enable_ifIXaagtT0_Li0Esr4vllm12_typeConvertIT_EE6existsEvE4typeEPS4_lS7_PKS4_fiil,gpu_tot_REG_RD,0.0
llm_layer,layer,0,_ZN4vllm25fused_add_rms_norm_kernelIN3c108BFloat16ELi8ELb1EEENSt9enable_ifIXaagtT0_Li0Esr4vllm12_typeConvertIT_EE6existsEvE4typeEPS4_lS7_PKS4_fiil,gpu_tot_REG_WR,0.0
llm_layer,layer,0,_ZN4vllm25fused_add_rms_norm_kernelIN3c108BFloat16ELi8ELb1EEENSt9enable_ifIXaagtT0_Li0Esr4vllm12_typeConvertIT_EE6existsEvE4typeEPS4_lS7_PKS4_fiil,gpu_tot_NON_REG_OPs,0.0
llm_layer,layer,0,_ZN4vllm25fused_add_rms_norm_kernelIN3c108BFloat16ELi8ELb1EEENSt9enable_ifIXaagtT0_Li0Esr4vllm12_typeConvertIT_EE6existsEvE4typeEPS4_lS7_PKS4_fiil,gpu_tot_INT_ACC,4160130.0
llm_layer,layer,0,_ZN4vllm25fused_add_rms_norm_kernelIN3c108BFloat16ELi8ELb1EEENSt9enable_ifIXaagtT0_Li0Esr4vllm12_typeConvertIT_EE6existsEvE4typeEPS4_lS7_PKS4_fiil,gpu_tot_FPU_ACC,25821.4
llm_layer,layer,0,_ZN4vllm25fused_add_rms_norm_kernelIN3c108BFloat16ELi8ELb1EEENSt9enable_ifIXaagtT0_Li0Esr4vllm12_typeConvertIT_EE6existsEvE4typeEPS4_lS7_PKS4_fiil,gpu_tot_DPU_ACC,0.0
llm_layer,layer,0,_ZN4vllm25fused_add_rms_norm_kernelIN3c108BFloat16ELi8ELb1EEENSt9enable_ifIXaagtT0_Li0Esr4vllm12_typeConvertIT_EE6existsEvE4typeEPS4_lS7_PKS4_fiil,gpu_tot_INT_MUL24_ACC,0.0
llm_layer,layer,0,_ZN4vllm25fused_add_rms_norm_kernelIN3c108BFloat16ELi8ELb1EEENSt9enable_ifIXaagtT0_Li0Esr4vllm12_typeConvertIT_EE6existsEvE4typeEPS4_lS7_PKS4_fiil,gpu_tot_INT_MUL32_ACC,0.0
llm_layer,layer,0,_ZN4vllm25fused_add_rms_norm_kernelIN3c108BFloat16ELi8ELb1EEENSt9enable_ifIXaagtT0_Li0Esr4vllm12_typeConvertIT_EE6existsEvE4typeEPS4_lS7_PKS4_fiil,gpu_tot_INT_MUL_ACC,7025.58
llm_layer,layer,0,_ZN4vllm25fused_add_rms_norm_kernelIN3c108BFloat16ELi8ELb1EEENSt9enable_ifIXaagtT0_Li0Esr4vllm12_typeConvertIT_EE6existsEvE4typeEPS4_lS7_PKS4_fiil,gpu_tot_INT_DIV_ACC,0.0
llm_layer,layer,0,_ZN4vllm25fused_add_rms_norm_kernelIN3c108BFloat16ELi8ELb1EEENSt9enable_ifIXaagtT0_Li0Esr4vllm12_typeConvertIT_EE6existsEvE4typeEPS4_lS7_PKS4_fiil,gpu_tot_FP_MUL_ACC,2711.47
llm_layer,layer,0,_ZN4vllm25fused_add_rms_norm_kernelIN3c108BFloat16ELi8ELb1EEENSt9enable_ifIXaagtT0_Li0Esr4vllm12_typeConvertIT_EE6existsEvE4typeEPS4_lS7_PKS4_fiil,gpu_tot_FP_DIV_ACC,0.0
llm_layer,layer,0,_ZN4vllm25fused_add_rms_norm_kernelIN3c108BFloat16ELi8ELb1EEENSt9enable_ifIXaagtT0_Li0Esr4vllm12_typeConvertIT_EE6existsEvE4typeEPS4_lS7_PKS4_fiil,gpu_tot_FP_SQRT_ACC,1.95089
llm_layer,layer,0,_ZN4vllm25fused_add_rms_norm_kernelIN3c108BFloat16ELi8ELb1EEENSt9enable_ifIXaagtT0_Li0Esr4vllm12_typeConvertIT_EE6existsEvE4typeEPS4_lS7_PKS4_fiil,gpu_tot_FP_LG_ACC,0.0
llm_layer,layer,0,_ZN4vllm25fused_add_rms_norm_kernelIN3c108BFloat16ELi8ELb1EEENSt9enable_ifIXaagtT0_Li0Esr4vllm12_typeConvertIT_EE6existsEvE4typeEPS4_lS7_PKS4_fiil,gpu_tot_FP_SIN_ACC,0.0
llm_layer,layer,0,_ZN4vllm25fused_add_rms_norm_kernelIN3c108BFloat16ELi8ELb1EEENSt9enable_ifIXaagtT0_Li0Esr4vllm12_typeConvertIT_EE6existsEvE4typeEPS4_lS7_PKS4_fiil,gpu_tot_FP_EXP_ACC,3.62044
llm_layer,layer,0,_ZN4vllm25fused_add_rms_norm_kernelIN3c108BFloat16ELi8ELb1EEENSt9enable_ifIXaagtT0_Li0Esr4vllm12_typeConvertIT_EE6existsEvE4typeEPS4_lS7_PKS4_fiil,gpu_tot_DP_MUL_ACC,0.0
llm_layer,layer,0,_ZN4vllm25fused_add_rms_norm_kernelIN3c108BFloat16ELi8ELb1EEENSt9enable_ifIXaagtT0_Li0Esr4vllm12_typeConvertIT_EE6existsEvE4typeEPS4_lS7_PKS4_fiil,gpu_tot_DP_DIV_ACC,0.0
llm_layer,layer,0,_ZN4vllm25fused_add_rms_norm_kernelIN3c108BFloat16ELi8ELb1EEENSt9enable_ifIXaagtT0_Li0Esr4vllm12_typeConvertIT_EE6existsEvE4typeEPS4_lS7_PKS4_fiil,gpu_tot_TENSOR_ACC,0.0
llm_layer,layer,0,_ZN4vllm25fused_add_rms_norm_kernelIN3c108BFloat16ELi8ELb1EEENSt9enable_ifIXaagtT0_Li0Esr4vllm12_typeConvertIT_EE6existsEvE4typeEPS4_lS7_PKS4_fiil,gpu_tot_TEX_ACC,0.0
llm_layer,layer,0,_ZN4vllm25fused_add_rms_norm_kernelIN3c108BFloat16ELi8ELb1EEENSt9enable_ifIXaagtT0_Li0Esr4vllm12_typeConvertIT_EE6existsEvE4typeEPS4_lS7_PKS4_fiil,gpu_tot_MEM_RD,0.0
llm_layer,layer,0,_ZN4vllm25fused_add_rms_norm_kernelIN3c108BFloat16ELi8ELb1EEENSt9enable_ifIXaagtT0_Li0Esr4vllm12_typeConvertIT_EE6existsEvE4typeEPS4_lS7_PKS4_fiil,gpu_tot_MEM_WR,0.0
llm_layer,layer,0,_ZN4vllm25fused_add_rms_norm_kernelIN3c108BFloat16ELi8ELb1EEENSt9enable_ifIXaagtT0_Li0Esr4vllm12_typeConvertIT_EE6existsEvE4typeEPS4_lS7_PKS4_fiil,gpu_tot_MEM_PRE,0.0
llm_layer,layer,0,_ZN4vllm25fused_add_rms_norm_kernelIN3c108BFloat16ELi8ELb1EEENSt9enable_ifIXaagtT0_Li0Esr4vllm12_typeConvertIT_EE6existsEvE4typeEPS4_lS7_PKS4_fiil,gpu_tot_L2_RH,112.0
llm_layer,layer,0,_ZN4vllm25fused_add_rms_norm_kernelIN3c108BFloat16ELi8ELb1EEENSt9enable_ifIXaagtT0_Li0Esr4vllm12_typeConvertIT_EE6existsEvE4typeEPS4_lS7_PKS4_fiil,gpu_tot_L2_RM,1176.0
llm_layer,layer,0,_ZN4vllm25fused_add_rms_norm_kernelIN3c108BFloat16ELi8ELb1EEENSt9enable_ifIXaagtT0_Li0Esr4vllm12_typeConvertIT_EE6existsEvE4typeEPS4_lS7_PKS4_fiil,gpu_tot_L2_WH,569.0
llm_layer,layer,0,_ZN4vllm25fused_add_rms_norm_kernelIN3c108BFloat16ELi8ELb1EEENSt9enable_ifIXaagtT0_Li0Esr4vllm12_typeConvertIT_EE6existsEvE4typeEPS4_lS7_PKS4_fiil,gpu_tot_L2_WM,0.0
llm_layer,layer,0,_ZN4vllm25fused_add_rms_norm_kernelIN3c108BFloat16ELi8ELb1EEENSt9enable_ifIXaagtT0_Li0Esr4vllm12_typeConvertIT_EE6existsEvE4typeEPS4_lS7_PKS4_fiil,gpu_tot_NOC_A,7840.0
llm_layer,layer,0,_ZN4vllm25fused_add_rms_norm_kernelIN3c108BFloat16ELi8ELb1EEENSt9enable_ifIXaagtT0_Li0Esr4vllm12_typeConvertIT_EE6existsEvE4typeEPS4_lS7_PKS4_fiil,gpu_tot_PIPE_A,0.036891
llm_layer,layer,0,_ZN4vllm25fused_add_rms_norm_kernelIN3c108BFloat16ELi8ELb1EEENSt9enable_ifIXaagtT0_Li0Esr4vllm12_typeConvertIT_EE6existsEvE4typeEPS4_lS7_PKS4_fiil,gpu_tot_IDLE_CORE_N,1402.02
llm_layer,layer,0,_ZN4vllm25fused_add_rms_norm_kernelIN3c108BFloat16ELi8ELb1EEENSt9enable_ifIXaagtT0_Li0Esr4vllm12_typeConvertIT_EE6existsEvE4typeEPS4_lS7_PKS4_fiil,gpu_tot_constant_power,0.0
llm_layer,layer,0,_ZN4vllm25fused_add_rms_norm_kernelIN3c108BFloat16ELi8ELb1EEENSt9enable_ifIXaagtT0_Li0Esr4vllm12_typeConvertIT_EE6existsEvE4typeEPS4_lS7_PKS4_fiil,kernel_max_power,81.705
llm_layer,layer,0,_ZN4vllm25fused_add_rms_norm_kernelIN3c108BFloat16ELi8ELb1EEENSt9enable_ifIXaagtT0_Li0Esr4vllm12_typeConvertIT_EE6existsEvE4typeEPS4_lS7_PKS4_fiil,gpu_max_IBP,0.335208
llm_layer,layer,0,_ZN4vllm25fused_add_rms_norm_kernelIN3c108BFloat16ELi8ELb1EEENSt9enable_ifIXaagtT0_Li0Esr4vllm12_typeConvertIT_EE6existsEvE4typeEPS4_lS7_PKS4_fiil,gpu_max_ICP,0.0
llm_layer,layer,0,_ZN4vllm25fused_add_rms_norm_kernelIN3c108BFloat16ELi8ELb1EEENSt9enable_ifIXaagtT0_Li0Esr4vllm12_typeConvertIT_EE6existsEvE4typeEPS4_lS7_PKS4_fiil,gpu_max_DCP,1.62649
llm_layer,layer,0,_ZN4vllm25fused_add_rms_norm_kernelIN3c108BFloat16ELi8ELb1EEENSt9enable_ifIXaagtT0_Li0Esr4vllm12_typeConvertIT_EE6existsEvE4typeEPS4_lS7_PKS4_fiil,gpu_max_TCP,0.0
llm_layer,layer,0,_ZN4vllm25fused_add_rms_norm_kernelIN3c108BFloat16ELi8ELb1EEENSt9enable_ifIXaagtT0_Li0Esr4vllm12_typeConvertIT_EE6existsEvE4typeEPS4_lS7_PKS4_fiil,gpu_max_CCP,0.0122288
llm_layer,layer,0,_ZN4vllm25fused_add_rms_norm_kernelIN3c108BFloat16ELi8ELb1EEENSt9enable_ifIXaagtT0_Li0Esr4vllm12_typeConvertIT_EE6existsEvE4typeEPS4_lS7_PKS4_fiil,gpu_max_SHRDP,0.10702
llm_layer,layer,0,_ZN4vllm25fused_add_rms_norm_kernelIN3c108BFloat16ELi8ELb1EEENSt9enable_ifIXaagtT0_Li0Esr4vllm12_typeConvertIT_EE6existsEvE4typeEPS4_lS7_PKS4_fiil,gpu_max_RFP,0.0
llm_layer,layer,0,_ZN4vllm25fused_add_rms_norm_kernelIN3c108BFloat16ELi8ELb1EEENSt9enable_ifIXaagtT0_Li0Esr4vllm12_typeConvertIT_EE6existsEvE4typeEPS4_lS7_PKS4_fiil,gpu_max_INTP,5.43867
llm_layer,layer,0,_ZN4vllm25fused_add_rms_norm_kernelIN3c108BFloat16ELi8ELb1EEENSt9enable_ifIXaagtT0_Li0Esr4vllm12_typeConvertIT_EE6existsEvE4typeEPS4_lS7_PKS4_fiil,gpu_max_FPUP,1.22432
llm_layer,layer,0,_ZN4vllm25fused_add_rms_norm_kernelIN3c108BFloat16ELi8ELb1EEENSt9enable_ifIXaagtT0_Li0Esr4vllm12_typeConvertIT_EE6existsEvE4typeEPS4_lS7_PKS4_fiil,gpu_max_DPUP,0.0
llm_layer,layer,0,_ZN4vllm25fused_add_rms_norm_kernelIN3c108BFloat16ELi8ELb1EEENSt9enable_ifIXaagtT0_Li0Esr4vllm12_typeConvertIT_EE6existsEvE4typeEPS4_lS7_PKS4_fiil,gpu_max_INT_MUL24P,0.0
llm_layer,layer,0,_ZN4vllm25fused_add_rms_norm_kernelIN3c108BFloat16ELi8ELb1EEENSt9enable_ifIXaagtT0_Li0Esr4vllm12_typeConvertIT_EE6existsEvE4typeEPS4_lS7_PKS4_fiil,gpu_max_INT_MUL32P,0.0
llm_layer,layer,0,_ZN4vllm25fused_add_rms_norm_kernelIN3c108BFloat16ELi8ELb1EEENSt9enable_ifIXaagtT0_Li0Esr4vllm12_typeConvertIT_EE6existsEvE4typeEPS4_lS7_PKS4_fiil,gpu_max_INT_MULP,0.518943
llm_layer,layer,0,_ZN4vllm25fused_add_rms_norm_kernelIN3c108BFloat16ELi8ELb1EEENSt9enable_ifIXaagtT0_Li0Esr4vllm12_typeConvertIT_EE6existsEvE4typeEPS4_lS7_PKS4_fiil,gpu_max_INT_DIVP,0.0
llm_layer,layer,0,_ZN4vllm25fused_add_rms_norm_kernelIN3c108BFloat16ELi8ELb1EEENSt9enable_ifIXaagtT0_Li0Esr4vllm12_typeConvertIT_EE6existsEvE4typeEPS4_lS7_PKS4_fiil,gpu_max_FP_MULP,0.0153546
llm_layer,layer,0,_ZN4vllm25fused_add_rms_norm_kernelIN3c108BFloat16ELi8ELb1EEENSt9enable_ifIXaagtT0_Li0Esr4vllm12_typeConvertIT_EE6existsEvE4typeEPS4_lS7_PKS4_fiil,gpu_max_FP_DIVP,0.0
llm_layer,layer,0,_ZN4vllm25fused_add_rms_norm_kernelIN3c108BFloat16ELi8ELb1EEENSt9enable_ifIXaagtT0_Li0Esr4vllm12_typeConvertIT_EE6existsEvE4typeEPS4_lS7_PKS4_fiil,gpu_max_FP_SQRTP,0.0
llm_layer,layer,0,_ZN4vllm25fused_add_rms_norm_kernelIN3c108BFloat16ELi8ELb1EEENSt9enable_ifIXaagtT0_Li0Esr4vllm12_typeConvertIT_EE6existsEvE4typeEPS4_lS7_PKS4_fiil,gpu_max_FP_LGP,0.0
llm_layer,layer,0,_ZN4vllm25fused_add_rms_norm_kernelIN3c108BFloat16ELi8ELb1EEENSt9enable_ifIXaagtT0_Li0Esr4vllm12_typeConvertIT_EE6existsEvE4typeEPS4_lS7_PKS4_fiil,gpu_max_FP_SINP,0.0
llm_layer,layer,0,_ZN4vllm25fused_add_rms_norm_kernelIN3c108BFloat16ELi8ELb1EEENSt9enable_ifIXaagtT0_Li0Esr4vllm12_typeConvertIT_EE6existsEvE4typeEPS4_lS7_PKS4_fiil,gpu_max_FP_EXP,0.0
llm_layer,layer,0,_ZN4vllm25fused_add_rms_norm_kernelIN3c108BFloat16ELi8ELb1EEENSt9enable_ifIXaagtT0_Li0Esr4vllm12_typeConvertIT_EE6existsEvE4typeEPS4_lS7_PKS4_fiil,gpu_max_DP_MULP,0.0
llm_layer,layer,0,_ZN4vllm25fused_add_rms_norm_kernelIN3c108BFloat16ELi8ELb1EEENSt9enable_ifIXaagtT0_Li0Esr4vllm12_typeConvertIT_EE6existsEvE4typeEPS4_lS7_PKS4_fiil,gpu_max_DP_DIVP,0.0
llm_layer,layer,0,_ZN4vllm25fused_add_rms_norm_kernelIN3c108BFloat16ELi8ELb1EEENSt9enable_ifIXaagtT0_Li0Esr4vllm12_typeConvertIT_EE6existsEvE4typeEPS4_lS7_PKS4_fiil,gpu_max_TENSORP,0.0
llm_layer,layer,0,_ZN4vllm25fused_add_rms_norm_kernelIN3c108BFloat16ELi8ELb1EEENSt9enable_ifIXaagtT0_Li0Esr4vllm12_typeConvertIT_EE6existsEvE4typeEPS4_lS7_PKS4_fiil,gpu_max_TEXP,0.0
llm_layer,layer,0,_ZN4vllm25fused_add_rms_norm_kernelIN3c108BFloat16ELi8ELb1EEENSt9enable_ifIXaagtT0_Li0Esr4vllm12_typeConvertIT_EE6existsEvE4typeEPS4_lS7_PKS4_fiil,gpu_max_SCHEDP,0.951473
llm_layer,layer,0,_ZN4vllm25fused_add_rms_norm_kernelIN3c108BFloat16ELi8ELb1EEENSt9enable_ifIXaagtT0_Li0Esr4vllm12_typeConvertIT_EE6existsEvE4typeEPS4_lS7_PKS4_fiil,gpu_max_L2CP,0.0
llm_layer,layer,0,_ZN4vllm25fused_add_rms_norm_kernelIN3c108BFloat16ELi8ELb1EEENSt9enable_ifIXaagtT0_Li0Esr4vllm12_typeConvertIT_EE6existsEvE4typeEPS4_lS7_PKS4_fiil,gpu_max_MCP,0.798668
llm_layer,layer,0,_ZN4vllm25fused_add_rms_norm_kernelIN3c108BFloat16ELi8ELb1EEENSt9enable_ifIXaagtT0_Li0Esr4vllm12_typeConvertIT_EE6existsEvE4typeEPS4_lS7_PKS4_fiil,gpu_max_NOCP,0.381876
llm_layer,layer,0,_ZN4vllm25fused_add_rms_norm_kernelIN3c108BFloat16ELi8ELb1EEENSt9enable_ifIXaagtT0_Li0Esr4vllm12_typeConvertIT_EE6existsEvE4typeEPS4_lS7_PKS4_fiil,gpu_max_DRAMP,0.0
llm_layer,layer,0,_ZN4vllm25fused_add_rms_norm_kernelIN3c108BFloat16ELi8ELb1EEENSt9enable_ifIXaagtT0_Li0Esr4vllm12_typeConvertIT_EE6existsEvE4typeEPS4_lS7_PKS4_fiil,gpu_max_PIPEP,0.738546
llm_layer,layer,0,_ZN4vllm25fused_add_rms_norm_kernelIN3c108BFloat16ELi8ELb1EEENSt9enable_ifIXaagtT0_Li0Esr4vllm12_typeConvertIT_EE6existsEvE4typeEPS4_lS7_PKS4_fiil,gpu_max_IDLE_COREP,34.5062
llm_layer,layer,0,_ZN4vllm25fused_add_rms_norm_kernelIN3c108BFloat16ELi8ELb1EEENSt9enable_ifIXaagtT0_Li0Esr4vllm12_typeConvertIT_EE6existsEvE4typeEPS4_lS7_PKS4_fiil,gpu_max_CONSTP,32.3252
llm_layer,layer,0,_ZN4vllm25fused_add_rms_norm_kernelIN3c108BFloat16ELi8ELb1EEENSt9enable_ifIXaagtT0_Li0Esr4vllm12_typeConvertIT_EE6existsEvE4typeEPS4_lS7_PKS4_fiil,gpu_max_STATICP,2.72478
llm_layer,layer,0,_ZN4vllm25fused_add_rms_norm_kernelIN3c108BFloat16ELi8ELb1EEENSt9enable_ifIXaagtT0_Li0Esr4vllm12_typeConvertIT_EE6existsEvE4typeEPS4_lS7_PKS4_fiil,gpu_max_TOT_INST,14400.0
llm_layer,layer,0,_ZN4vllm25fused_add_rms_norm_kernelIN3c108BFloat16ELi8ELb1EEENSt9enable_ifIXaagtT0_Li0Esr4vllm12_typeConvertIT_EE6existsEvE4typeEPS4_lS7_PKS4_fiil,gpu_max_FP_INT,13880.0
llm_layer,layer,0,_ZN4vllm25fused_add_rms_norm_kernelIN3c108BFloat16ELi8ELb1EEENSt9enable_ifIXaagtT0_Li0Esr4vllm12_typeConvertIT_EE6existsEvE4typeEPS4_lS7_PKS4_fiil,gpu_max_IC_H,0.0
llm_layer,layer,0,_ZN4vllm25fused_add_rms_norm_kernelIN3c108BFloat16ELi8ELb1EEENSt9enable_ifIXaagtT0_Li0Esr4vllm12_typeConvertIT_EE6existsEvE4typeEPS4_lS7_PKS4_fiil,gpu_max_IC_M,0.0
llm_layer,layer,0,_ZN4vllm25fused_add_rms_norm_kernelIN3c108BFloat16ELi8ELb1EEENSt9enable_ifIXaagtT0_Li0Esr4vllm12_typeConvertIT_EE6existsEvE4typeEPS4_lS7_PKS4_fiil,gpu_max_DC_RH,560.0
llm_layer,layer,0,_ZN4vllm25fused_add_rms_norm_kernelIN3c108BFloat16ELi8ELb1EEENSt9enable_ifIXaagtT0_Li0Esr4vllm12_typeConvertIT_EE6existsEvE4typeEPS4_lS7_PKS4_fiil,gpu_max_DC_RM,560.0
llm_layer,layer,0,_ZN4vllm25fused_add_rms_norm_kernelIN3c108BFloat16ELi8ELb1EEENSt9enable_ifIXaagtT0_Li0Esr4vllm12_typeConvertIT_EE6existsEvE4typeEPS4_lS7_PKS4_fiil,gpu_max_DC_WH,0.0
llm_layer,layer,0,_ZN4vllm25fused_add_rms_norm_kernelIN3c108BFloat16ELi8ELb1EEENSt9enable_ifIXaagtT0_Li0Esr4vllm12_typeConvertIT_EE6existsEvE4typeEPS4_lS7_PKS4_fiil,gpu_max_DC_WM,0.0
llm_layer,layer,0,_ZN4vllm25fused_add_rms_norm_kernelIN3c108BFloat16ELi8ELb1EEENSt9enable_ifIXaagtT0_Li0Esr4vllm12_typeConvertIT_EE6existsEvE4typeEPS4_lS7_PKS4_fiil,gpu_max_TC_H,0.0
llm_layer,layer,0,_ZN4vllm25fused_add_rms_norm_kernelIN3c108BFloat16ELi8ELb1EEENSt9enable_ifIXaagtT0_Li0Esr4vllm12_typeConvertIT_EE6existsEvE4typeEPS4_lS7_PKS4_fiil,gpu_max_TC_M,0.0
llm_layer,layer,0,_ZN4vllm25fused_add_rms_norm_kernelIN3c108BFloat16ELi8ELb1EEENSt9enable_ifIXaagtT0_Li0Esr4vllm12_typeConvertIT_EE6existsEvE4typeEPS4_lS7_PKS4_fiil,gpu_max_CC_H,560.0
llm_layer,layer,0,_ZN4vllm25fused_add_rms_norm_kernelIN3c108BFloat16ELi8ELb1EEENSt9enable_ifIXaagtT0_Li0Esr4vllm12_typeConvertIT_EE6existsEvE4typeEPS4_lS7_PKS4_fiil,gpu_max_CC_M,0.0
llm_layer,layer,0,_ZN4vllm25fused_add_rms_norm_kernelIN3c108BFloat16ELi8ELb1EEENSt9enable_ifIXaagtT0_Li0Esr4vllm12_typeConvertIT_EE6existsEvE4typeEPS4_lS7_PKS4_fiil,gpu_max_SHRD_ACC,240.0
llm_layer,layer,0,_ZN4vllm25fused_add_rms_norm_kernelIN3c108BFloat16ELi8ELb1EEENSt9enable_ifIXaagtT0_Li0Esr4vllm12_typeConvertIT_EE6existsEvE4typeEPS4_lS7_PKS4_fiil,gpu_max_REG_RD,0.0
llm_layer,layer,0,_ZN4vllm25fused_add_rms_norm_kernelIN3c108BFloat16ELi8ELb1EEENSt9enable_ifIXaagtT0_Li0Esr4vllm12_typeConvertIT_EE6existsEvE4typeEPS4_lS7_PKS4_fiil,gpu_max_REG_WR,0.0
llm_layer,layer,0,_ZN4vllm25fused_add_rms_norm_kernelIN3c108BFloat16ELi8ELb1EEENSt9enable_ifIXaagtT0_Li0Esr4vllm12_typeConvertIT_EE6existsEvE4typeEPS4_lS7_PKS4_fiil,gpu_max_NON_REG_OPs,0.0
llm_layer,layer,0,_ZN4vllm25fused_add_rms_norm_kernelIN3c108BFloat16ELi8ELb1EEENSt9enable_ifIXaagtT0_Li0Esr4vllm12_typeConvertIT_EE6existsEvE4typeEPS4_lS7_PKS4_fiil,gpu_max_INT_ACC,2973560.0
llm_layer,layer,0,_ZN4vllm25fused_add_rms_norm_kernelIN3c108BFloat16ELi8ELb1EEENSt9enable_ifIXaagtT0_Li0Esr4vllm12_typeConvertIT_EE6existsEvE4typeEPS4_lS7_PKS4_fiil,gpu_max_FPU_ACC,16398.6
llm_layer,layer,0,_ZN4vllm25fused_add_rms_norm_kernelIN3c108BFloat16ELi8ELb1EEENSt9enable_ifIXaagtT0_Li0Esr4vllm12_typeConvertIT_EE6existsEvE4typeEPS4_lS7_PKS4_fiil,gpu_max_DPU_ACC,0.0
llm_layer,layer,0,_ZN4vllm25fused_add_rms_norm_kernelIN3c108BFloat16ELi8ELb1EEENSt9enable_ifIXaagtT0_Li0Esr4vllm12_typeConvertIT_EE6existsEvE4typeEPS4_lS7_PKS4_fiil,gpu_max_INT_MUL24_ACC,0.0
llm_layer,layer,0,_ZN4vllm25fused_add_rms_norm_kernelIN3c108BFloat16ELi8ELb1EEENSt9enable_ifIXaagtT0_Li0Esr4vllm12_typeConvertIT_EE6existsEvE4typeEPS4_lS7_PKS4_fiil,gpu_max_INT_MUL32_ACC,0.0
llm_layer,layer,0,_ZN4vllm25fused_add_rms_norm_kernelIN3c108BFloat16ELi8ELb1EEENSt9enable_ifIXaagtT0_Li0Esr4vllm12_typeConvertIT_EE6existsEvE4typeEPS4_lS7_PKS4_fiil,gpu_max_INT_MUL_ACC,3388.49
llm_layer,layer,0,_ZN4vllm25fused_add_rms_norm_kernelIN3c108BFloat16ELi8ELb1EEENSt9enable_ifIXaagtT0_Li0Esr4vllm12_typeConvertIT_EE6existsEvE4typeEPS4_lS7_PKS4_fiil,gpu_max_INT_DIV_ACC,0.0
llm_layer,layer,0,_ZN4vllm25fused_add_rms_norm_kernelIN3c108BFloat16ELi8ELb1EEENSt9enable_ifIXaagtT0_Li0Esr4vllm12_typeConvertIT_EE6existsEvE4typeEPS4_lS7_PKS4_fiil,gpu_max_FP_MUL_ACC,100.259
llm_layer,layer,0,_ZN4vllm25fused_add_rms_norm_kernelIN3c108BFloat16ELi8ELb1EEENSt9enable_ifIXaagtT0_Li0Esr4vllm12_typeConvertIT_EE6existsEvE4typeEPS4_lS7_PKS4_fiil,gpu_max_FP_DIV_ACC,0.0
llm_layer,layer,0,_ZN4vllm25fused_add_rms_norm_kernelIN3c108BFloat16ELi8ELb1EEENSt9enable_ifIXaagtT0_Li0Esr4vllm12_typeConvertIT_EE6existsEvE4typeEPS4_lS7_PKS4_fiil,gpu_max_FP_SQRT_ACC,0.0
llm_layer,layer,0,_ZN4vllm25fused_add_rms_norm_kernelIN3c108BFloat16ELi8ELb1EEENSt9enable_ifIXaagtT0_Li0Esr4vllm12_typeConvertIT_EE6existsEvE4typeEPS4_lS7_PKS4_fiil,gpu_max_FP_LG_ACC,0.0
llm_layer,layer,0,_ZN4vllm25fused_add_rms_norm_kernelIN3c108BFloat16ELi8ELb1EEENSt9enable_ifIXaagtT0_Li0Esr4vllm12_typeConvertIT_EE6existsEvE4typeEPS4_lS7_PKS4_fiil,gpu_max_FP_SIN_ACC,0.0
llm_layer,layer,0,_ZN4vllm25fused_add_rms_norm_kernelIN3c108BFloat16ELi8ELb1EEENSt9enable_ifIXaagtT0_Li0Esr4vllm12_typeConvertIT_EE6existsEvE4typeEPS4_lS7_PKS4_fiil,gpu_max_FP_EXP_ACC,0.0
llm_layer,layer,0,_ZN4vllm25fused_add_rms_norm_kernelIN3c108BFloat16ELi8ELb1EEENSt9enable_ifIXaagtT0_Li0Esr4vllm12_typeConvertIT_EE6existsEvE4typeEPS4_lS7_PKS4_fiil,gpu_max_DP_MUL_ACC,0.0
llm_layer,layer,0,_ZN4vllm25fused_add_rms_norm_kernelIN3c108BFloat16ELi8ELb1EEENSt9enable_ifIXaagtT0_Li0Esr4vllm12_typeConvertIT_EE6existsEvE4typeEPS4_lS7_PKS4_fiil,gpu_max_DP_DIV_ACC,0.0
llm_layer,layer,0,_ZN4vllm25fused_add_rms_norm_kernelIN3c108BFloat16ELi8ELb1EEENSt9enable_ifIXaagtT0_Li0Esr4vllm12_typeConvertIT_EE6existsEvE4typeEPS4_lS7_PKS4_fiil,gpu_max_TENSOR_ACC,0.0
llm_layer,layer,0,_ZN4vllm25fused_add_rms_norm_kernelIN3c108BFloat16ELi8ELb1EEENSt9enable_ifIXaagtT0_Li0Esr4vllm12_typeConvertIT_EE6existsEvE4typeEPS4_lS7_PKS4_fiil,gpu_max_TEX_ACC,0.0
llm_layer,layer,0,_ZN4vllm25fused_add_rms_norm_kernelIN3c108BFloat16ELi8ELb1EEENSt9enable_ifIXaagtT0_Li0Esr4vllm12_typeConvertIT_EE6existsEvE4typeEPS4_lS7_PKS4_fiil,gpu_max_MEM_RD,0.0
llm_layer,layer,0,_ZN4vllm25fused_add_rms_norm_kernelIN3c108BFloat16ELi8ELb1EEENSt9enable_ifIXaagtT0_Li0Esr4vllm12_typeConvertIT_EE6existsEvE4typeEPS4_lS7_PKS4_fiil,gpu_max_MEM_WR,0.0
llm_layer,layer,0,_ZN4vllm25fused_add_rms_norm_kernelIN3c108BFloat16ELi8ELb1EEENSt9enable_ifIXaagtT0_Li0Esr4vllm12_typeConvertIT_EE6existsEvE4typeEPS4_lS7_PKS4_fiil,gpu_max_MEM_PRE,0.0
llm_layer,layer,0,_ZN4vllm25fused_add_rms_norm_kernelIN3c108BFloat16ELi8ELb1EEENSt9enable_ifIXaagtT0_Li0Esr4vllm12_typeConvertIT_EE6existsEvE4typeEPS4_lS7_PKS4_fiil,gpu_max_L2_RH,0.0
llm_layer,layer,0,_ZN4vllm25fused_add_rms_norm_kernelIN3c108BFloat16ELi8ELb1EEENSt9enable_ifIXaagtT0_Li0Esr4vllm12_typeConvertIT_EE6existsEvE4typeEPS4_lS7_PKS4_fiil,gpu_max_L2_RM,0.0
llm_layer,layer,0,_ZN4vllm25fused_add_rms_norm_kernelIN3c108BFloat16ELi8ELb1EEENSt9enable_ifIXaagtT0_Li0Esr4vllm12_typeConvertIT_EE6existsEvE4typeEPS4_lS7_PKS4_fiil,gpu_max_L2_WH,0.0
llm_layer,layer,0,_ZN4vllm25fused_add_rms_norm_kernelIN3c108BFloat16ELi8ELb1EEENSt9enable_ifIXaagtT0_Li0Esr4vllm12_typeConvertIT_EE6existsEvE4typeEPS4_lS7_PKS4_fiil,gpu_max_L2_WM,0.0
llm_layer,layer,0,_ZN4vllm25fused_add_rms_norm_kernelIN3c108BFloat16ELi8ELb1EEENSt9enable_ifIXaagtT0_Li0Esr4vllm12_typeConvertIT_EE6existsEvE4typeEPS4_lS7_PKS4_fiil,gpu_max_NOC_A,1120.0
llm_layer,layer,0,_ZN4vllm25fused_add_rms_norm_kernelIN3c108BFloat16ELi8ELb1EEENSt9enable_ifIXaagtT0_Li0Esr4vllm12_typeConvertIT_EE6existsEvE4typeEPS4_lS7_PKS4_fiil,gpu_max_PIPE_A,0.02259
llm_layer,layer,0,_ZN4vllm25fused_add_rms_norm_kernelIN3c108BFloat16ELi8ELb1EEENSt9enable_ifIXaagtT0_Li0Esr4vllm12_typeConvertIT_EE6existsEvE4typeEPS4_lS7_PKS4_fiil,gpu_max_IDLE_CORE_N,122.02
llm_layer,layer,0,_ZN4vllm25fused_add_rms_norm_kernelIN3c108BFloat16ELi8ELb1EEENSt9enable_ifIXaagtT0_Li0Esr4vllm12_typeConvertIT_EE6existsEvE4typeEPS4_lS7_PKS4_fiil,gpu_max_constant_power,0.0
llm_layer,layer,0,_ZN4vllm25fused_add_rms_norm_kernelIN3c108BFloat16ELi8ELb1EEENSt9enable_ifIXaagtT0_Li0Esr4vllm12_typeConvertIT_EE6existsEvE4typeEPS4_lS7_PKS4_fiil,kernel_min_power,70.2039
llm_layer,layer,0,_ZN4vllm25fused_add_rms_norm_kernelIN3c108BFloat16ELi8ELb1EEENSt9enable_ifIXaagtT0_Li0Esr4vllm12_typeConvertIT_EE6existsEvE4typeEPS4_lS7_PKS4_fiil,gpu_min_IBP,0.0
llm_layer,layer,0,_ZN4vllm25fused_add_rms_norm_kernelIN3c108BFloat16ELi8ELb1EEENSt9enable_ifIXaagtT0_Li0Esr4vllm12_typeConvertIT_EE6existsEvE4typeEPS4_lS7_PKS4_fiil,gpu_min_ICP,0.0
llm_layer,layer,0,_ZN4vllm25fused_add_rms_norm_kernelIN3c108BFloat16ELi8ELb1EEENSt9enable_ifIXaagtT0_Li0Esr4vllm12_typeConvertIT_EE6existsEvE4typeEPS4_lS7_PKS4_fiil,gpu_min_DCP,0.0
llm_layer,layer,0,_ZN4vllm25fused_add_rms_norm_kernelIN3c108BFloat16ELi8ELb1EEENSt9enable_ifIXaagtT0_Li0Esr4vllm12_typeConvertIT_EE6existsEvE4typeEPS4_lS7_PKS4_fiil,gpu_min_TCP,0.0
llm_layer,layer,0,_ZN4vllm25fused_add_rms_norm_kernelIN3c108BFloat16ELi8ELb1EEENSt9enable_ifIXaagtT0_Li0Esr4vllm12_typeConvertIT_EE6existsEvE4typeEPS4_lS7_PKS4_fiil,gpu_min_CCP,0.0
llm_layer,layer,0,_ZN4vllm25fused_add_rms_norm_kernelIN3c108BFloat16ELi8ELb1EEENSt9enable_ifIXaagtT0_Li0Esr4vllm12_typeConvertIT_EE6existsEvE4typeEPS4_lS7_PKS4_fiil,gpu_min_SHRDP,0.0
llm_layer,layer,0,_ZN4vllm25fused_add_rms_norm_kernelIN3c108BFloat16ELi8ELb1EEENSt9enable_ifIXaagtT0_Li0Esr4vllm12_typeConvertIT_EE6existsEvE4typeEPS4_lS7_PKS4_fiil,gpu_min_RFP,0.0
llm_layer,layer,0,_ZN4vllm25fused_add_rms_norm_kernelIN3c108BFloat16ELi8ELb1EEENSt9enable_ifIXaagtT0_Li0Esr4vllm12_typeConvertIT_EE6existsEvE4typeEPS4_lS7_PKS4_fiil,gpu_min_INTP,0.0
llm_layer,layer,0,_ZN4vllm25fused_add_rms_norm_kernelIN3c108BFloat16ELi8ELb1EEENSt9enable_ifIXaagtT0_Li0Esr4vllm12_typeConvertIT_EE6existsEvE4typeEPS4_lS7_PKS4_fiil,gpu_min_FPUP,0.0
llm_layer,layer,0,_ZN4vllm25fused_add_rms_norm_kernelIN3c108BFloat16ELi8ELb1EEENSt9enable_ifIXaagtT0_Li0Esr4vllm12_typeConvertIT_EE6existsEvE4typeEPS4_lS7_PKS4_fiil,gpu_min_DPUP,0.0
llm_layer,layer,0,_ZN4vllm25fused_add_rms_norm_kernelIN3c108BFloat16ELi8ELb1EEENSt9enable_ifIXaagtT0_Li0Esr4vllm12_typeConvertIT_EE6existsEvE4typeEPS4_lS7_PKS4_fiil,gpu_min_INT_MUL24P,0.0
llm_layer,layer,0,_ZN4vllm25fused_add_rms_norm_kernelIN3c108BFloat16ELi8ELb1EEENSt9enable_ifIXaagtT0_Li0Esr4vllm12_typeConvertIT_EE6existsEvE4typeEPS4_lS7_PKS4_fiil,gpu_min_INT_MUL32P,0.0
llm_layer,layer,0,_ZN4vllm25fused_add_rms_norm_kernelIN3c108BFloat16ELi8ELb1EEENSt9enable_ifIXaagtT0_Li0Esr4vllm12_typeConvertIT_EE6existsEvE4typeEPS4_lS7_PKS4_fiil,gpu_min_INT_MULP,0.0
llm_layer,layer,0,_ZN4vllm25fused_add_rms_norm_kernelIN3c108BFloat16ELi8ELb1EEENSt9enable_ifIXaagtT0_Li0Esr4vllm12_typeConvertIT_EE6existsEvE4typeEPS4_lS7_PKS4_fiil,gpu_min_INT_DIVP,0.0
llm_layer,layer,0,_ZN4vllm25fused_add_rms_norm_kernelIN3c108BFloat16ELi8ELb1EEENSt9enable_ifIXaagtT0_Li0Esr4vllm12_typeConvertIT_EE6existsEvE4typeEPS4_lS7_PKS4_fiil,gpu_min_FP_MULP,0.0
llm_layer,layer,0,_ZN4vllm25fused_add_rms_norm_kernelIN3c108BFloat16ELi8ELb1EEENSt9enable_ifIXaagtT0_Li0Esr4vllm12_typeConvertIT_EE6existsEvE4typeEPS4_lS7_PKS4_fiil,gpu_min_FP_DIVP,0.0
llm_layer,layer,0,_ZN4vllm25fused_add_rms_norm_kernelIN3c108BFloat16ELi8ELb1EEENSt9enable_ifIXaagtT0_Li0Esr4vllm12_typeConvertIT_EE6existsEvE4typeEPS4_lS7_PKS4_fiil,gpu_min_FP_SQRTP,0.0
llm_layer,layer,0,_ZN4vllm25fused_add_rms_norm_kernelIN3c108BFloat16ELi8ELb1EEENSt9enable_ifIXaagtT0_Li0Esr4vllm12_typeConvertIT_EE6existsEvE4typeEPS4_lS7_PKS4_fiil,gpu_min_FP_LGP,0.0
llm_layer,layer,0,_ZN4vllm25fused_add_rms_norm_kernelIN3c108BFloat16ELi8ELb1EEENSt9enable_ifIXaagtT0_Li0Esr4vllm12_typeConvertIT_EE6existsEvE4typeEPS4_lS7_PKS4_fiil,gpu_min_FP_SINP,0.0
llm_layer,layer,0,_ZN4vllm25fused_add_rms_norm_kernelIN3c108BFloat16ELi8ELb1EEENSt9enable_ifIXaagtT0_Li0Esr4vllm12_typeConvertIT_EE6existsEvE4typeEPS4_lS7_PKS4_fiil,gpu_min_FP_EXP,0.0
llm_layer,layer,0,_ZN4vllm25fused_add_rms_norm_kernelIN3c108BFloat16ELi8ELb1EEENSt9enable_ifIXaagtT0_Li0Esr4vllm12_typeConvertIT_EE6existsEvE4typeEPS4_lS7_PKS4_fiil,gpu_min_DP_MULP,0.0
llm_layer,layer,0,_ZN4vllm25fused_add_rms_norm_kernelIN3c108BFloat16ELi8ELb1EEENSt9enable_ifIXaagtT0_Li0Esr4vllm12_typeConvertIT_EE6existsEvE4typeEPS4_lS7_PKS4_fiil,gpu_min_DP_DIVP,0.0
llm_layer,layer,0,_ZN4vllm25fused_add_rms_norm_kernelIN3c108BFloat16ELi8ELb1EEENSt9enable_ifIXaagtT0_Li0Esr4vllm12_typeConvertIT_EE6existsEvE4typeEPS4_lS7_PKS4_fiil,gpu_min_TENSORP,0.0
llm_layer,layer,0,_ZN4vllm25fused_add_rms_norm_kernelIN3c108BFloat16ELi8ELb1EEENSt9enable_ifIXaagtT0_Li0Esr4vllm12_typeConvertIT_EE6existsEvE4typeEPS4_lS7_PKS4_fiil,gpu_min_TEXP,0.0
llm_layer,layer,0,_ZN4vllm25fused_add_rms_norm_kernelIN3c108BFloat16ELi8ELb1EEENSt9enable_ifIXaagtT0_Li0Esr4vllm12_typeConvertIT_EE6existsEvE4typeEPS4_lS7_PKS4_fiil,gpu_min_SCHEDP,0.0
llm_layer,layer,0,_ZN4vllm25fused_add_rms_norm_kernelIN3c108BFloat16ELi8ELb1EEENSt9enable_ifIXaagtT0_Li0Esr4vllm12_typeConvertIT_EE6existsEvE4typeEPS4_lS7_PKS4_fiil,gpu_min_L2CP,0.0
llm_layer,layer,0,_ZN4vllm25fused_add_rms_norm_kernelIN3c108BFloat16ELi8ELb1EEENSt9enable_ifIXaagtT0_Li0Esr4vllm12_typeConvertIT_EE6existsEvE4typeEPS4_lS7_PKS4_fiil,gpu_min_MCP,0.55022
llm_layer,layer,0,_ZN4vllm25fused_add_rms_norm_kernelIN3c108BFloat16ELi8ELb1EEENSt9enable_ifIXaagtT0_Li0Esr4vllm12_typeConvertIT_EE6existsEvE4typeEPS4_lS7_PKS4_fiil,gpu_min_NOCP,0.0
llm_layer,layer,0,_ZN4vllm25fused_add_rms_norm_kernelIN3c108BFloat16ELi8ELb1EEENSt9enable_ifIXaagtT0_Li0Esr4vllm12_typeConvertIT_EE6existsEvE4typeEPS4_lS7_PKS4_fiil,gpu_min_DRAMP,0.0
llm_layer,layer,0,_ZN4vllm25fused_add_rms_norm_kernelIN3c108BFloat16ELi8ELb1EEENSt9enable_ifIXaagtT0_Li0Esr4vllm12_typeConvertIT_EE6existsEvE4typeEPS4_lS7_PKS4_fiil,gpu_min_PIPEP,0.0
llm_layer,layer,0,_ZN4vllm25fused_add_rms_norm_kernelIN3c108BFloat16ELi8ELb1EEENSt9enable_ifIXaagtT0_Li0Esr4vllm12_typeConvertIT_EE6existsEvE4typeEPS4_lS7_PKS4_fiil,gpu_min_IDLE_COREP,37.3285
llm_layer,layer,0,_ZN4vllm25fused_add_rms_norm_kernelIN3c108BFloat16ELi8ELb1EEENSt9enable_ifIXaagtT0_Li0Esr4vllm12_typeConvertIT_EE6existsEvE4typeEPS4_lS7_PKS4_fiil,gpu_min_CONSTP,32.3252
llm_layer,layer,0,_ZN4vllm25fused_add_rms_norm_kernelIN3c108BFloat16ELi8ELb1EEENSt9enable_ifIXaagtT0_Li0Esr4vllm12_typeConvertIT_EE6existsEvE4typeEPS4_lS7_PKS4_fiil,gpu_min_STATICP,0.0
llm_layer,layer,0,_ZN4vllm25fused_add_rms_norm_kernelIN3c108BFloat16ELi8ELb1EEENSt9enable_ifIXaagtT0_Li0Esr4vllm12_typeConvertIT_EE6existsEvE4typeEPS4_lS7_PKS4_fiil,gpu_min_TOT_INST,0.0
llm_layer,layer,0,_ZN4vllm25fused_add_rms_norm_kernelIN3c108BFloat16ELi8ELb1EEENSt9enable_ifIXaagtT0_Li0Esr4vllm12_typeConvertIT_EE6existsEvE4typeEPS4_lS7_PKS4_fiil,gpu_min_FP_INT,0.0
llm_layer,layer,0,_ZN4vllm25fused_add_rms_norm_kernelIN3c108BFloat16ELi8ELb1EEENSt9enable_ifIXaagtT0_Li0Esr4vllm12_typeConvertIT_EE6existsEvE4typeEPS4_lS7_PKS4_fiil,gpu_min_IC_H,0.0
llm_layer,layer,0,_ZN4vllm25fused_add_rms_norm_kernelIN3c108BFloat16ELi8ELb1EEENSt9enable_ifIXaagtT0_Li0Esr4vllm12_typeConvertIT_EE6existsEvE4typeEPS4_lS7_PKS4_fiil,gpu_min_IC_M,0.0
llm_layer,layer,0,_ZN4vllm25fused_add_rms_norm_kernelIN3c108BFloat16ELi8ELb1EEENSt9enable_ifIXaagtT0_Li0Esr4vllm12_typeConvertIT_EE6existsEvE4typeEPS4_lS7_PKS4_fiil,gpu_min_DC_RH,0.0
llm_layer,layer,0,_ZN4vllm25fused_add_rms_norm_kernelIN3c108BFloat16ELi8ELb1EEENSt9enable_ifIXaagtT0_Li0Esr4vllm12_typeConvertIT_EE6existsEvE4typeEPS4_lS7_PKS4_fiil,gpu_min_DC_RM,0.0
llm_layer,layer,0,_ZN4vllm25fused_add_rms_norm_kernelIN3c108BFloat16ELi8ELb1EEENSt9enable_ifIXaagtT0_Li0Esr4vllm12_typeConvertIT_EE6existsEvE4typeEPS4_lS7_PKS4_fiil,gpu_min_DC_WH,0.0
llm_layer,layer,0,_ZN4vllm25fused_add_rms_norm_kernelIN3c108BFloat16ELi8ELb1EEENSt9enable_ifIXaagtT0_Li0Esr4vllm12_typeConvertIT_EE6existsEvE4typeEPS4_lS7_PKS4_fiil,gpu_min_DC_WM,0.0
llm_layer,layer,0,_ZN4vllm25fused_add_rms_norm_kernelIN3c108BFloat16ELi8ELb1EEENSt9enable_ifIXaagtT0_Li0Esr4vllm12_typeConvertIT_EE6existsEvE4typeEPS4_lS7_PKS4_fiil,gpu_min_TC_H,0.0
llm_layer,layer,0,_ZN4vllm25fused_add_rms_norm_kernelIN3c108BFloat16ELi8ELb1EEENSt9enable_ifIXaagtT0_Li0Esr4vllm12_typeConvertIT_EE6existsEvE4typeEPS4_lS7_PKS4_fiil,gpu_min_TC_M,0.0
llm_layer,layer,0,_ZN4vllm25fused_add_rms_norm_kernelIN3c108BFloat16ELi8ELb1EEENSt9enable_ifIXaagtT0_Li0Esr4vllm12_typeConvertIT_EE6existsEvE4typeEPS4_lS7_PKS4_fiil,gpu_min_CC_H,0.0
llm_layer,layer,0,_ZN4vllm25fused_add_rms_norm_kernelIN3c108BFloat16ELi8ELb1EEENSt9enable_ifIXaagtT0_Li0Esr4vllm12_typeConvertIT_EE6existsEvE4typeEPS4_lS7_PKS4_fiil,gpu_min_CC_M,0.0
llm_layer,layer,0,_ZN4vllm25fused_add_rms_norm_kernelIN3c108BFloat16ELi8ELb1EEENSt9enable_ifIXaagtT0_Li0Esr4vllm12_typeConvertIT_EE6existsEvE4typeEPS4_lS7_PKS4_fiil,gpu_min_SHRD_ACC,0.0
llm_layer,layer,0,_ZN4vllm25fused_add_rms_norm_kernelIN3c108BFloat16ELi8ELb1EEENSt9enable_ifIXaagtT0_Li0Esr4vllm12_typeConvertIT_EE6existsEvE4typeEPS4_lS7_PKS4_fiil,gpu_min_REG_RD,0.0
llm_layer,layer,0,_ZN4vllm25fused_add_rms_norm_kernelIN3c108BFloat16ELi8ELb1EEENSt9enable_ifIXaagtT0_Li0Esr4vllm12_typeConvertIT_EE6existsEvE4typeEPS4_lS7_PKS4_fiil,gpu_min_REG_WR,0.0
llm_layer,layer,0,_ZN4vllm25fused_add_rms_norm_kernelIN3c108BFloat16ELi8ELb1EEENSt9enable_ifIXaagtT0_Li0Esr4vllm12_typeConvertIT_EE6existsEvE4typeEPS4_lS7_PKS4_fiil,gpu_min_NON_REG_OPs,0.0
llm_layer,layer,0,_ZN4vllm25fused_add_rms_norm_kernelIN3c108BFloat16ELi8ELb1EEENSt9enable_ifIXaagtT0_Li0Esr4vllm12_typeConvertIT_EE6existsEvE4typeEPS4_lS7_PKS4_fiil,gpu_min_INT_ACC,0.0
llm_layer,layer,0,_ZN4vllm25fused_add_rms_norm_kernelIN3c108BFloat16ELi8ELb1EEENSt9enable_ifIXaagtT0_Li0Esr4vllm12_typeConvertIT_EE6existsEvE4typeEPS4_lS7_PKS4_fiil,gpu_min_FPU_ACC,0.0
llm_layer,layer,0,_ZN4vllm25fused_add_rms_norm_kernelIN3c108BFloat16ELi8ELb1EEENSt9enable_ifIXaagtT0_Li0Esr4vllm12_typeConvertIT_EE6existsEvE4typeEPS4_lS7_PKS4_fiil,gpu_min_DPU_ACC,0.0
llm_layer,layer,0,_ZN4vllm25fused_add_rms_norm_kernelIN3c108BFloat16ELi8ELb1EEENSt9enable_ifIXaagtT0_Li0Esr4vllm12_typeConvertIT_EE6existsEvE4typeEPS4_lS7_PKS4_fiil,gpu_min_INT_MUL24_ACC,0.0
llm_layer,layer,0,_ZN4vllm25fused_add_rms_norm_kernelIN3c108BFloat16ELi8ELb1EEENSt9enable_ifIXaagtT0_Li0Esr4vllm12_typeConvertIT_EE6existsEvE4typeEPS4_lS7_PKS4_fiil,gpu_min_INT_MUL32_ACC,0.0
llm_layer,layer,0,_ZN4vllm25fused_add_rms_norm_kernelIN3c108BFloat16ELi8ELb1EEENSt9enable_ifIXaagtT0_Li0Esr4vllm12_typeConvertIT_EE6existsEvE4typeEPS4_lS7_PKS4_fiil,gpu_min_INT_MUL_ACC,0.0
llm_layer,layer,0,_ZN4vllm25fused_add_rms_norm_kernelIN3c108BFloat16ELi8ELb1EEENSt9enable_ifIXaagtT0_Li0Esr4vllm12_typeConvertIT_EE6existsEvE4typeEPS4_lS7_PKS4_fiil,gpu_min_INT_DIV_ACC,0.0
llm_layer,layer,0,_ZN4vllm25fused_add_rms_norm_kernelIN3c108BFloat16ELi8ELb1EEENSt9enable_ifIXaagtT0_Li0Esr4vllm12_typeConvertIT_EE6existsEvE4typeEPS4_lS7_PKS4_fiil,gpu_min_FP_MUL_ACC,0.0
llm_layer,layer,0,_ZN4vllm25fused_add_rms_norm_kernelIN3c108BFloat16ELi8ELb1EEENSt9enable_ifIXaagtT0_Li0Esr4vllm12_typeConvertIT_EE6existsEvE4typeEPS4_lS7_PKS4_fiil,gpu_min_FP_DIV_ACC,0.0
llm_layer,layer,0,_ZN4vllm25fused_add_rms_norm_kernelIN3c108BFloat16ELi8ELb1EEENSt9enable_ifIXaagtT0_Li0Esr4vllm12_typeConvertIT_EE6existsEvE4typeEPS4_lS7_PKS4_fiil,gpu_min_FP_SQRT_ACC,0.0
llm_layer,layer,0,_ZN4vllm25fused_add_rms_norm_kernelIN3c108BFloat16ELi8ELb1EEENSt9enable_ifIXaagtT0_Li0Esr4vllm12_typeConvertIT_EE6existsEvE4typeEPS4_lS7_PKS4_fiil,gpu_min_FP_LG_ACC,0.0
llm_layer,layer,0,_ZN4vllm25fused_add_rms_norm_kernelIN3c108BFloat16ELi8ELb1EEENSt9enable_ifIXaagtT0_Li0Esr4vllm12_typeConvertIT_EE6existsEvE4typeEPS4_lS7_PKS4_fiil,gpu_min_FP_SIN_ACC,0.0
llm_layer,layer,0,_ZN4vllm25fused_add_rms_norm_kernelIN3c108BFloat16ELi8ELb1EEENSt9enable_ifIXaagtT0_Li0Esr4vllm12_typeConvertIT_EE6existsEvE4typeEPS4_lS7_PKS4_fiil,gpu_min_FP_EXP_ACC,0.0
llm_layer,layer,0,_ZN4vllm25fused_add_rms_norm_kernelIN3c108BFloat16ELi8ELb1EEENSt9enable_ifIXaagtT0_Li0Esr4vllm12_typeConvertIT_EE6existsEvE4typeEPS4_lS7_PKS4_fiil,gpu_min_DP_MUL_ACC,0.0
llm_layer,layer,0,_ZN4vllm25fused_add_rms_norm_kernelIN3c108BFloat16ELi8ELb1EEENSt9enable_ifIXaagtT0_Li0Esr4vllm12_typeConvertIT_EE6existsEvE4typeEPS4_lS7_PKS4_fiil,gpu_min_DP_DIV_ACC,0.0
llm_layer,layer,0,_ZN4vllm25fused_add_rms_norm_kernelIN3c108BFloat16ELi8ELb1EEENSt9enable_ifIXaagtT0_Li0Esr4vllm12_typeConvertIT_EE6existsEvE4typeEPS4_lS7_PKS4_fiil,gpu_min_TENSOR_ACC,0.0
llm_layer,layer,0,_ZN4vllm25fused_add_rms_norm_kernelIN3c108BFloat16ELi8ELb1EEENSt9enable_ifIXaagtT0_Li0Esr4vllm12_typeConvertIT_EE6existsEvE4typeEPS4_lS7_PKS4_fiil,gpu_min_TEX_ACC,0.0
llm_layer,layer,0,_ZN4vllm25fused_add_rms_norm_kernelIN3c108BFloat16ELi8ELb1EEENSt9enable_ifIXaagtT0_Li0Esr4vllm12_typeConvertIT_EE6existsEvE4typeEPS4_lS7_PKS4_fiil,gpu_min_MEM_RD,0.0
llm_layer,layer,0,_ZN4vllm25fused_add_rms_norm_kernelIN3c108BFloat16ELi8ELb1EEENSt9enable_ifIXaagtT0_Li0Esr4vllm12_typeConvertIT_EE6existsEvE4typeEPS4_lS7_PKS4_fiil,gpu_min_MEM_WR,0.0
llm_layer,layer,0,_ZN4vllm25fused_add_rms_norm_kernelIN3c108BFloat16ELi8ELb1EEENSt9enable_ifIXaagtT0_Li0Esr4vllm12_typeConvertIT_EE6existsEvE4typeEPS4_lS7_PKS4_fiil,gpu_min_MEM_PRE,0.0
llm_layer,layer,0,_ZN4vllm25fused_add_rms_norm_kernelIN3c108BFloat16ELi8ELb1EEENSt9enable_ifIXaagtT0_Li0Esr4vllm12_typeConvertIT_EE6existsEvE4typeEPS4_lS7_PKS4_fiil,gpu_min_L2_RH,0.0
llm_layer,layer,0,_ZN4vllm25fused_add_rms_norm_kernelIN3c108BFloat16ELi8ELb1EEENSt9enable_ifIXaagtT0_Li0Esr4vllm12_typeConvertIT_EE6existsEvE4typeEPS4_lS7_PKS4_fiil,gpu_min_L2_RM,0.0
llm_layer,layer,0,_ZN4vllm25fused_add_rms_norm_kernelIN3c108BFloat16ELi8ELb1EEENSt9enable_ifIXaagtT0_Li0Esr4vllm12_typeConvertIT_EE6existsEvE4typeEPS4_lS7_PKS4_fiil,gpu_min_L2_WH,0.0
llm_layer,layer,0,_ZN4vllm25fused_add_rms_norm_kernelIN3c108BFloat16ELi8ELb1EEENSt9enable_ifIXaagtT0_Li0Esr4vllm12_typeConvertIT_EE6existsEvE4typeEPS4_lS7_PKS4_fiil,gpu_min_L2_WM,0.0
llm_layer,layer,0,_ZN4vllm25fused_add_rms_norm_kernelIN3c108BFloat16ELi8ELb1EEENSt9enable_ifIXaagtT0_Li0Esr4vllm12_typeConvertIT_EE6existsEvE4typeEPS4_lS7_PKS4_fiil,gpu_min_NOC_A,0.0
llm_layer,layer,0,_ZN4vllm25fused_add_rms_norm_kernelIN3c108BFloat16ELi8ELb1EEENSt9enable_ifIXaagtT0_Li0Esr4vllm12_typeConvertIT_EE6existsEvE4typeEPS4_lS7_PKS4_fiil,gpu_min_PIPE_A,0.0
llm_layer,layer,0,_ZN4vllm25fused_add_rms_norm_kernelIN3c108BFloat16ELi8ELb1EEENSt9enable_ifIXaagtT0_Li0Esr4vllm12_typeConvertIT_EE6existsEvE4typeEPS4_lS7_PKS4_fiil,gpu_min_IDLE_CORE_N,132.0
llm_layer,layer,0,_ZN4vllm25fused_add_rms_norm_kernelIN3c108BFloat16ELi8ELb1EEENSt9enable_ifIXaagtT0_Li0Esr4vllm12_typeConvertIT_EE6existsEvE4typeEPS4_lS7_PKS4_fiil,gpu_min_constant_power,0.0
llm_layer,layer,0,_ZN4vllm25fused_add_rms_norm_kernelIN3c108BFloat16ELi8ELb1EEENSt9enable_ifIXaagtT0_Li0Esr4vllm12_typeConvertIT_EE6existsEvE4typeEPS4_lS7_PKS4_fiil,gpu_tot_avg_power,72.0851
llm_layer,layer,0,_ZN4vllm25fused_add_rms_norm_kernelIN3c108BFloat16ELi8ELb1EEENSt9enable_ifIXaagtT0_Li0Esr4vllm12_typeConvertIT_EE6existsEvE4typeEPS4_lS7_PKS4_fiil,gpu_tot_max_power,81.705
llm_layer,layer,0,_ZN4vllm25fused_add_rms_norm_kernelIN3c108BFloat16ELi8ELb1EEENSt9enable_ifIXaagtT0_Li0Esr4vllm12_typeConvertIT_EE6existsEvE4typeEPS4_lS7_PKS4_fiil,gpu_tot_min_power,70.2039
llm_layer,layer,1,nvjet_sm90_tst_64x8_64x16_4x2_h_bz_bias_TNT,kernel_launch_uid,2.0
llm_layer,layer,1,nvjet_sm90_tst_64x8_64x16_4x2_h_bz_bias_TNT,kernel_avg_power,83.9978
llm_layer,layer,1,nvjet_sm90_tst_64x8_64x16_4x2_h_bz_bias_TNT,gpu_avg_IBP,0.335266
llm_layer,layer,1,nvjet_sm90_tst_64x8_64x16_4x2_h_bz_bias_TNT,gpu_avg_ICP,0.0
llm_layer,layer,1,nvjet_sm90_tst_64x8_64x16_4x2_h_bz_bias_TNT,gpu_avg_DCP,0.0
llm_layer,layer,1,nvjet_sm90_tst_64x8_64x16_4x2_h_bz_bias_TNT,gpu_avg_TCP,0.0
llm_layer,layer,1,nvjet_sm90_tst_64x8_64x16_4x2_h_bz_bias_TNT,gpu_avg_CCP,0.00275305
llm_layer,layer,1,nvjet_sm90_tst_64x8_64x16_4x2_h_bz_bias_TNT,gpu_avg_SHRDP,0.300356
llm_layer,layer,1,nvjet_sm90_tst_64x8_64x16_4x2_h_bz_bias_TNT,gpu_avg_RFP,0.0
llm_layer,layer,1,nvjet_sm90_tst_64x8_64x16_4x2_h_bz_bias_TNT,gpu_avg_INTP,6.29817
llm_layer,layer,1,nvjet_sm90_tst_64x8_64x16_4x2_h_bz_bias_TNT,gpu_avg_FPUP,0.117144
llm_layer,layer,1,nvjet_sm90_tst_64x8_64x16_4x2_h_bz_bias_TNT,gpu_avg_DPUP,0.0
llm_layer,layer,1,nvjet_sm90_tst_64x8_64x16_4x2_h_bz_bias_TNT,gpu_avg_INT_MUL24P,0.0
llm_layer,layer,1,nvjet_sm90_tst_64x8_64x16_4x2_h_bz_bias_TNT,gpu_avg_INT_MUL32P,0.0
llm_layer,layer,1,nvjet_sm90_tst_64x8_64x16_4x2_h_bz_bias_TNT,gpu_avg_INT_MULP,0.63232
llm_layer,layer,1,nvjet_sm90_tst_64x8_64x16_4x2_h_bz_bias_TNT,gpu_avg_INT_DIVP,0.0
llm_layer,layer,1,nvjet_sm90_tst_64x8_64x16_4x2_h_bz_bias_TNT,gpu_avg_FP_MULP,0.0
llm_layer,layer,1,nvjet_sm90_tst_64x8_64x16_4x2_h_bz_bias_TNT,gpu_avg_FP_DIVP,0.0
llm_layer,layer,1,nvjet_sm90_tst_64x8_64x16_4x2_h_bz_bias_TNT,gpu_avg_FP_SQRTP,0.0
llm_layer,layer,1,nvjet_sm90_tst_64x8_64x16_4x2_h_bz_bias_TNT,gpu_avg_FP_LGP,0.0
llm_layer,layer,1,nvjet_sm90_tst_64x8_64x16_4x2_h_bz_bias_TNT,gpu_avg_FP_SINP,0.0
llm_layer,layer,1,nvjet_sm90_tst_64x8_64x16_4x2_h_bz_bias_TNT,gpu_avg_FP_EXP,0.0
llm_layer,layer,1,nvjet_sm90_tst_64x8_64x16_4x2_h_bz_bias_TNT,gpu_avg_DP_MULP,0.0
llm_layer,layer,1,nvjet_sm90_tst_64x8_64x16_4x2_h_bz_bias_TNT,gpu_avg_DP_DIVP,0.0
llm_layer,layer,1,nvjet_sm90_tst_64x8_64x16_4x2_h_bz_bias_TNT,gpu_avg_TENSORP,0.0
llm_layer,layer,1,nvjet_sm90_tst_64x8_64x16_4x2_h_bz_bias_TNT,gpu_avg_TEXP,0.0
llm_layer,layer,1,nvjet_sm90_tst_64x8_64x16_4x2_h_bz_bias_TNT,gpu_avg_SCHEDP,0.962353
llm_layer,layer,1,nvjet_sm90_tst_64x8_64x16_4x2_h_bz_bias_TNT,gpu_avg_L2CP,0.145702
llm_layer,layer,1,nvjet_sm90_tst_64x8_64x16_4x2_h_bz_bias_TNT,gpu_avg_MCP,0.550516
llm_layer,layer,1,nvjet_sm90_tst_64x8_64x16_4x2_h_bz_bias_TNT,gpu_avg_NOCP,4.98777
llm_layer,layer,1,nvjet_sm90_tst_64x8_64x16_4x2_h_bz_bias_TNT,gpu_avg_DRAMP,0.0
llm_layer,layer,1,nvjet_sm90_tst_64x8_64x16_4x2_h_bz_bias_TNT,gpu_avg_PIPEP,0.77968
llm_layer,layer,1,nvjet_sm90_tst_64x8_64x16_4x2_h_bz_bias_TNT,gpu_avg_IDLE_COREP,31.0473
llm_layer,layer,1,nvjet_sm90_tst_64x8_64x16_4x2_h_bz_bias_TNT,gpu_avg_CONSTP,32.3252
llm_layer,layer,1,nvjet_sm90_tst_64x8_64x16_4x2_h_bz_bias_TNT,gpu_avg_STATICP,5.51327
llm_layer,layer,1,nvjet_sm90_tst_64x8_64x16_4x2_h_bz_bias_TNT,gpu_avg_TOT_INST,14402.5
llm_layer,layer,1,nvjet_sm90_tst_64x8_64x16_4x2_h_bz_bias_TNT,gpu_avg_FP_INT,14038.7
llm_layer,layer,1,nvjet_sm90_tst_64x8_64x16_4x2_h_bz_bias_TNT,gpu_avg_IC_H,0.0
llm_layer,layer,1,nvjet_sm90_tst_64x8_64x16_4x2_h_bz_bias_TNT,gpu_avg_IC_M,0.0
llm_layer,layer,1,nvjet_sm90_tst_64x8_64x16_4x2_h_bz_bias_TNT,gpu_avg_DC_RH,0.0
llm_layer,layer,1,nvjet_sm90_tst_64x8_64x16_4x2_h_bz_bias_TNT,gpu_avg_DC_RM,0.0
llm_layer,layer,1,nvjet_sm90_tst_64x8_64x16_4x2_h_bz_bias_TNT,gpu_avg_DC_WH,0.0
llm_layer,layer,1,nvjet_sm90_tst_64x8_64x16_4x2_h_bz_bias_TNT,gpu_avg_DC_WM,0.0
llm_layer,layer,1,nvjet_sm90_tst_64x8_64x16_4x2_h_bz_bias_TNT,gpu_avg_TC_H,0.0
llm_layer,layer,1,nvjet_sm90_tst_64x8_64x16_4x2_h_bz_bias_TNT,gpu_avg_TC_M,0.0
llm_layer,layer,1,nvjet_sm90_tst_64x8_64x16_4x2_h_bz_bias_TNT,gpu_avg_CC_H,126.071
llm_layer,layer,1,nvjet_sm90_tst_64x8_64x16_4x2_h_bz_bias_TNT,gpu_avg_CC_M,0.0
llm_layer,layer,1,nvjet_sm90_tst_64x8_64x16_4x2_h_bz_bias_TNT,gpu_avg_SHRD_ACC,673.571
llm_layer,layer,1,nvjet_sm90_tst_64x8_64x16_4x2_h_bz_bias_TNT,gpu_avg_REG_RD,0.0
llm_layer,layer,1,nvjet_sm90_tst_64x8_64x16_4x2_h_bz_bias_TNT,gpu_avg_REG_WR,0.0
llm_layer,layer,1,nvjet_sm90_tst_64x8_64x16_4x2_h_bz_bias_TNT,gpu_avg_NON_REG_OPs,0.0
llm_layer,layer,1,nvjet_sm90_tst_64x8_64x16_4x2_h_bz_bias_TNT,gpu_avg_INT_ACC,3443480.0
llm_layer,layer,1,nvjet_sm90_tst_64x8_64x16_4x2_h_bz_bias_TNT,gpu_avg_FPU_ACC,1569.04
llm_layer,layer,1,nvjet_sm90_tst_64x8_64x16_4x2_h_bz_bias_TNT,gpu_avg_DPU_ACC,0.0
llm_layer,layer,1,nvjet_sm90_tst_64x8_64x16_4x2_h_bz_bias_TNT,gpu_avg_INT_MUL24_ACC,0.0
llm_layer,layer,1,nvjet_sm90_tst_64x8_64x16_4x2_h_bz_bias_TNT,gpu_avg_INT_MUL32_ACC,0.0
llm_layer,layer,1,nvjet_sm90_tst_64x8_64x16_4x2_h_bz_bias_TNT,gpu_avg_INT_MUL_ACC,4128.8
llm_layer,layer,1,nvjet_sm90_tst_64x8_64x16_4x2_h_bz_bias_TNT,gpu_avg_INT_DIV_ACC,0.0
llm_layer,layer,1,nvjet_sm90_tst_64x8_64x16_4x2_h_bz_bias_TNT,gpu_avg_FP_MUL_ACC,0.0
llm_layer,layer,1,nvjet_sm90_tst_64x8_64x16_4x2_h_bz_bias_TNT,gpu_avg_FP_DIV_ACC,0.0
llm_layer,layer,1,nvjet_sm90_tst_64x8_64x16_4x2_h_bz_bias_TNT,gpu_avg_FP_SQRT_ACC,0.0
llm_layer,layer,1,nvjet_sm90_tst_64x8_64x16_4x2_h_bz_bias_TNT,gpu_avg_FP_LG_ACC,0.0
llm_layer,layer,1,nvjet_sm90_tst_64x8_64x16_4x2_h_bz_bias_TNT,gpu_avg_FP_SIN_ACC,0.0
llm_layer,layer,1,nvjet_sm90_tst_64x8_64x16_4x2_h_bz_bias_TNT,gpu_avg_FP_EXP_ACC,0.0
llm_layer,layer,1,nvjet_sm90_tst_64x8_64x16_4x2_h_bz_bias_TNT,gpu_avg_DP_MUL_ACC,0.0
llm_layer,layer,1,nvjet_sm90_tst_64x8_64x16_4x2_h_bz_bias_TNT,gpu_avg_DP_DIV_ACC,0.0
llm_layer,layer,1,nvjet_sm90_tst_64x8_64x16_4x2_h_bz_bias_TNT,gpu_avg_TENSOR_ACC,0.0
llm_layer,layer,1,nvjet_sm90_tst_64x8_64x16_4x2_h_bz_bias_TNT,gpu_avg_TEX_ACC,0.0
llm_layer,layer,1,nvjet_sm90_tst_64x8_64x16_4x2_h_bz_bias_TNT,gpu_avg_MEM_RD,0.0
llm_layer,layer,1,nvjet_sm90_tst_64x8_64x16_4x2_h_bz_bias_TNT,gpu_avg_MEM_WR,0.0
llm_layer,layer,1,nvjet_sm90_tst_64x8_64x16_4x2_h_bz_bias_TNT,gpu_avg_MEM_PRE,0.0
llm_layer,layer,1,nvjet_sm90_tst_64x8_64x16_4x2_h_bz_bias_TNT,gpu_avg_L2_RH,80.0
llm_layer,layer,1,nvjet_sm90_tst_64x8_64x16_4x2_h_bz_bias_TNT,gpu_avg_L2_RM,4613.14
llm_layer,layer,1,nvjet_sm90_tst_64x8_64x16_4x2_h_bz_bias_TNT,gpu_avg_L2_WH,39.3571
llm_layer,layer,1,nvjet_sm90_tst_64x8_64x16_4x2_h_bz_bias_TNT,gpu_avg_L2_WM,0.0
llm_layer,layer,1,nvjet_sm90_tst_64x8_64x16_4x2_h_bz_bias_TNT,gpu_avg_NOC_A,14628.6
llm_layer,layer,1,nvjet_sm90_tst_64x8_64x16_4x2_h_bz_bias_TNT,gpu_avg_PIPE_A,0.0238482
llm_layer,layer,1,nvjet_sm90_tst_64x8_64x16_4x2_h_bz_bias_TNT,gpu_avg_IDLE_CORE_N,109.788
llm_layer,layer,1,nvjet_sm90_tst_64x8_64x16_4x2_h_bz_bias_TNT,gpu_avg_constant_power,0.0
llm_layer,layer,1,nvjet_sm90_tst_64x8_64x16_4x2_h_bz_bias_TNT,gpu_avg_threads_per_warp,16.2439
llm_layer,layer,1,nvjet_sm90_tst_64x8_64x16_4x2_h_bz_bias_TNT,gpu_tot_TOT_INST,201635.0
llm_layer,layer,1,nvjet_sm90_tst_64x8_64x16_4x2_h_bz_bias_TNT,gpu_tot_FP_INT,196542.0
llm_layer,layer,1,nvjet_sm90_tst_64x8_64x16_4x2_h_bz_bias_TNT,gpu_tot_IC_H,0.0
llm_layer,layer,1,nvjet_sm90_tst_64x8_64x16_4x2_h_bz_bias_TNT,gpu_tot_IC_M,0.0
llm_layer,layer,1,nvjet_sm90_tst_64x8_64x16_4x2_h_bz_bias_TNT,gpu_tot_DC_RH,0.0
llm_layer,layer,1,nvjet_sm90_tst_64x8_64x16_4x2_h_bz_bias_TNT,gpu_tot_DC_RM,0.0
llm_layer,layer,1,nvjet_sm90_tst_64x8_64x16_4x2_h_bz_bias_TNT,gpu_tot_DC_WH,0.0
llm_layer,layer,1,nvjet_sm90_tst_64x8_64x16_4x2_h_bz_bias_TNT,gpu_tot_DC_WM,0.0
llm_layer,layer,1,nvjet_sm90_tst_64x8_64x16_4x2_h_bz_bias_TNT,gpu_tot_TC_H,0.0
llm_layer,layer,1,nvjet_sm90_tst_64x8_64x16_4x2_h_bz_bias_TNT,gpu_tot_TC_M,0.0
llm_layer,layer,1,nvjet_sm90_tst_64x8_64x16_4x2_h_bz_bias_TNT,gpu_tot_CC_H,1765.0
llm_layer,layer,1,nvjet_sm90_tst_64x8_64x16_4x2_h_bz_bias_TNT,gpu_tot_CC_M,0.0
llm_layer,layer,1,nvjet_sm90_tst_64x8_64x16_4x2_h_bz_bias_TNT,gpu_tot_SHRD_ACC,9430.0
llm_layer,layer,1,nvjet_sm90_tst_64x8_64x16_4x2_h_bz_bias_TNT,gpu_tot_REG_RD,0.0
llm_layer,layer,1,nvjet_sm90_tst_64x8_64x16_4x2_h_bz_bias_TNT,gpu_tot_REG_WR,0.0
llm_layer,layer,1,nvjet_sm90_tst_64x8_64x16_4x2_h_bz_bias_TNT,gpu_tot_NON_REG_OPs,0.0
llm_layer,layer,1,nvjet_sm90_tst_64x8_64x16_4x2_h_bz_bias_TNT,gpu_tot_INT_ACC,48208800.0
llm_layer,layer,1,nvjet_sm90_tst_64x8_64x16_4x2_h_bz_bias_TNT,gpu_tot_FPU_ACC,21966.5
llm_layer,layer,1,nvjet_sm90_tst_64x8_64x16_4x2_h_bz_bias_TNT,gpu_tot_DPU_ACC,0.0
llm_layer,layer,1,nvjet_sm90_tst_64x8_64x16_4x2_h_bz_bias_TNT,gpu_tot_INT_MUL24_ACC,0.0
llm_layer,layer,1,nvjet_sm90_tst_64x8_64x16_4x2_h_bz_bias_TNT,gpu_tot_INT_MUL32_ACC,0.0
llm_layer,layer,1,nvjet_sm90_tst_64x8_64x16_4x2_h_bz_bias_TNT,gpu_tot_INT_MUL_ACC,57803.2
llm_layer,layer,1,nvjet_sm90_tst_64x8_64x16_4x2_h_bz_bias_TNT,gpu_tot_INT_DIV_ACC,0.0
llm_layer,layer,1,nvjet_sm90_tst_64x8_64x16_4x2_h_bz_bias_TNT,gpu_tot_FP_MUL_ACC,0.0
llm_layer,layer,1,nvjet_sm90_tst_64x8_64x16_4x2_h_bz_bias_TNT,gpu_tot_FP_DIV_ACC,0.0
llm_layer,layer,1,nvjet_sm90_tst_64x8_64x16_4x2_h_bz_bias_TNT,gpu_tot_FP_SQRT_ACC,0.0
llm_layer,layer,1,nvjet_sm90_tst_64x8_64x16_4x2_h_bz_bias_TNT,gpu_tot_FP_LG_ACC,0.0
llm_layer,layer,1,nvjet_sm90_tst_64x8_64x16_4x2_h_bz_bias_TNT,gpu_tot_FP_SIN_ACC,0.0
llm_layer,layer,1,nvjet_sm90_tst_64x8_64x16_4x2_h_bz_bias_TNT,gpu_tot_FP_EXP_ACC,0.0
llm_layer,layer,1,nvjet_sm90_tst_64x8_64x16_4x2_h_bz_bias_TNT,gpu_tot_DP_MUL_ACC,0.0
llm_layer,layer,1,nvjet_sm90_tst_64x8_64x16_4x2_h_bz_bias_TNT,gpu_tot_DP_DIV_ACC,0.0
llm_layer,layer,1,nvjet_sm90_tst_64x8_64x16_4x2_h_bz_bias_TNT,gpu_tot_TENSOR_ACC,0.0
llm_layer,layer,1,nvjet_sm90_tst_64x8_64x16_4x2_h_bz_bias_TNT,gpu_tot_TEX_ACC,0.0
llm_layer,layer,1,nvjet_sm90_tst_64x8_64x16_4x2_h_bz_bias_TNT,gpu_tot_MEM_RD,0.0
llm_layer,layer,1,nvjet_sm90_tst_64x8_64x16_4x2_h_bz_bias_TNT,gpu_tot_MEM_WR,0.0
llm_layer,layer,1,nvjet_sm90_tst_64x8_64x16_4x2_h_bz_bias_TNT,gpu_tot_MEM_PRE,0.0
llm_layer,layer,1,nvjet_sm90_tst_64x8_64x16_4x2_h_bz_bias_TNT,gpu_tot_L2_RH,1120.0
llm_layer,layer,1,nvjet_sm90_tst_64x8_64x16_4x2_h_bz_bias_TNT,gpu_tot_L2_RM,64584.0
llm_layer,layer,1,nvjet_sm90_tst_64x8_64x16_4x2_h_bz_bias_TNT,gpu_tot_L2_WH,551.0
llm_layer,layer,1,nvjet_sm90_tst_64x8_64x16_4x2_h_bz_bias_TNT,gpu_tot_L2_WM,0.0
llm_layer,layer,1,nvjet_sm90_tst_64x8_64x16_4x2_h_bz_bias_TNT,gpu_tot_NOC_A,204800.0
llm_layer,layer,1,nvjet_sm90_tst_64x8_64x16_4x2_h_bz_bias_TNT,gpu_tot_PIPE_A,0.333874
llm_layer,layer,1,nvjet_sm90_tst_64x8_64x16_4x2_h_bz_bias_TNT,gpu_tot_IDLE_CORE_N,1537.04
llm_layer,layer,1,nvjet_sm90_tst_64x8_64x16_4x2_h_bz_bias_TNT,gpu_tot_constant_power,0.0
llm_layer,layer,1,nvjet_sm90_tst_64x8_64x16_4x2_h_bz_bias_TNT,kernel_max_power,110.623
llm_layer,layer,1,nvjet_sm90_tst_64x8_64x16_4x2_h_bz_bias_TNT,gpu_max_IBP,0.686687
llm_layer,layer,1,nvjet_sm90_tst_64x8_64x16_4x2_h_bz_bias_TNT,gpu_max_ICP,0.0
llm_layer,layer,1,nvjet_sm90_tst_64x8_64x16_4x2_h_bz_bias_TNT,gpu_max_DCP,0.0
llm_layer,layer,1,nvjet_sm90_tst_64x8_64x16_4x2_h_bz_bias_TNT,gpu_max_TCP,0.0
llm_layer,layer,1,nvjet_sm90_tst_64x8_64x16_4x2_h_bz_bias_TNT,gpu_max_CCP,0.0
llm_layer,layer,1,nvjet_sm90_tst_64x8_64x16_4x2_h_bz_bias_TNT,gpu_max_SHRDP,0.713466
llm_layer,layer,1,nvjet_sm90_tst_64x8_64x16_4x2_h_bz_bias_TNT,gpu_max_RFP,0.0
llm_layer,layer,1,nvjet_sm90_tst_64x8_64x16_4x2_h_bz_bias_TNT,gpu_max_INTP,13.9541
llm_layer,layer,1,nvjet_sm90_tst_64x8_64x16_4x2_h_bz_bias_TNT,gpu_max_FPUP,0.0
llm_layer,layer,1,nvjet_sm90_tst_64x8_64x16_4x2_h_bz_bias_TNT,gpu_max_DPUP,0.0
llm_layer,layer,1,nvjet_sm90_tst_64x8_64x16_4x2_h_bz_bias_TNT,gpu_max_INT_MUL24P,0.0
llm_layer,layer,1,nvjet_sm90_tst_64x8_64x16_4x2_h_bz_bias_TNT,gpu_max_INT_MUL32P,0.0
llm_layer,layer,1,nvjet_sm90_tst_64x8_64x16_4x2_h_bz_bias_TNT,gpu_max_INT_MULP,0.497508
llm_layer,layer,1,nvjet_sm90_tst_64x8_64x16_4x2_h_bz_bias_TNT,gpu_max_INT_DIVP,0.0
llm_layer,layer,1,nvjet_sm90_tst_64x8_64x16_4x2_h_bz_bias_TNT,gpu_max_FP_MULP,0.0
llm_layer,layer,1,nvjet_sm90_tst_64x8_64x16_4x2_h_bz_bias_TNT,gpu_max_FP_DIVP,0.0
llm_layer,layer,1,nvjet_sm90_tst_64x8_64x16_4x2_h_bz_bias_TNT,gpu_max_FP_SQRTP,0.0
llm_layer,layer,1,nvjet_sm90_tst_64x8_64x16_4x2_h_bz_bias_TNT,gpu_max_FP_LGP,0.0
llm_layer,layer,1,nvjet_sm90_tst_64x8_64x16_4x2_h_bz_bias_TNT,gpu_max_FP_SINP,0.0
llm_layer,layer,1,nvjet_sm90_tst_64x8_64x16_4x2_h_bz_bias_TNT,gpu_max_FP_EXP,0.0
llm_layer,layer,1,nvjet_sm90_tst_64x8_64x16_4x2_h_bz_bias_TNT,gpu_max_DP_MULP,0.0
llm_layer,layer,1,nvjet_sm90_tst_64x8_64x16_4x2_h_bz_bias_TNT,gpu_max_DP_DIVP,0.0
llm_layer,layer,1,nvjet_sm90_tst_64x8_64x16_4x2_h_bz_bias_TNT,gpu_max_TENSORP,0.0
llm_layer,layer,1,nvjet_sm90_tst_64x8_64x16_4x2_h_bz_bias_TNT,gpu_max_TEXP,0.0
llm_layer,layer,1,nvjet_sm90_tst_64x8_64x16_4x2_h_bz_bias_TNT,gpu_max_SCHEDP,1.96944
llm_layer,layer,1,nvjet_sm90_tst_64x8_64x16_4x2_h_bz_bias_TNT,gpu_max_L2CP,0.53391
llm_layer,layer,1,nvjet_sm90_tst_64x8_64x16_4x2_h_bz_bias_TNT,gpu_max_MCP,0.55022
llm_layer,layer,1,nvjet_sm90_tst_64x8_64x16_4x2_h_bz_bias_TNT,gpu_max_NOCP,22.3186
llm_layer,layer,1,nvjet_sm90_tst_64x8_64x16_4x2_h_bz_bias_TNT,gpu_max_DRAMP,0.0
llm_layer,layer,1,nvjet_sm90_tst_64x8_64x16_4x2_h_bz_bias_TNT,gpu_max_PIPEP,1.62661
llm_layer,layer,1,nvjet_sm90_tst_64x8_64x16_4x2_h_bz_bias_TNT,gpu_max_IDLE_COREP,26.0168
llm_layer,layer,1,nvjet_sm90_tst_64x8_64x16_4x2_h_bz_bias_TNT,gpu_max_CONSTP,32.3252
llm_layer,layer,1,nvjet_sm90_tst_64x8_64x16_4x2_h_bz_bias_TNT,gpu_max_STATICP,9.4299
llm_layer,layer,1,nvjet_sm90_tst_64x8_64x16_4x2_h_bz_bias_TNT,gpu_max_TOT_INST,29499.0
llm_layer,layer,1,nvjet_sm90_tst_64x8_64x16_4x2_h_bz_bias_TNT,gpu_max_FP_INT,28730.0
llm_layer,layer,1,nvjet_sm90_tst_64x8_64x16_4x2_h_bz_bias_TNT,gpu_max_IC_H,0.0
llm_layer,layer,1,nvjet_sm90_tst_64x8_64x16_4x2_h_bz_bias_TNT,gpu_max_IC_M,0.0
llm_layer,layer,1,nvjet_sm90_tst_64x8_64x16_4x2_h_bz_bias_TNT,gpu_max_DC_RH,0.0
llm_layer,layer,1,nvjet_sm90_tst_64x8_64x16_4x2_h_bz_bias_TNT,gpu_max_DC_RM,0.0
llm_layer,layer,1,nvjet_sm90_tst_64x8_64x16_4x2_h_bz_bias_TNT,gpu_max_DC_WH,0.0
llm_layer,layer,1,nvjet_sm90_tst_64x8_64x16_4x2_h_bz_bias_TNT,gpu_max_DC_WM,0.0
llm_layer,layer,1,nvjet_sm90_tst_64x8_64x16_4x2_h_bz_bias_TNT,gpu_max_TC_H,0.0
llm_layer,layer,1,nvjet_sm90_tst_64x8_64x16_4x2_h_bz_bias_TNT,gpu_max_TC_M,0.0
llm_layer,layer,1,nvjet_sm90_tst_64x8_64x16_4x2_h_bz_bias_TNT,gpu_max_CC_H,0.0
llm_layer,layer,1,nvjet_sm90_tst_64x8_64x16_4x2_h_bz_bias_TNT,gpu_max_CC_M,0.0
llm_layer,layer,1,nvjet_sm90_tst_64x8_64x16_4x2_h_bz_bias_TNT,gpu_max_SHRD_ACC,1600.0
llm_layer,layer,1,nvjet_sm90_tst_64x8_64x16_4x2_h_bz_bias_TNT,gpu_max_REG_RD,0.0
llm_layer,layer,1,nvjet_sm90_tst_64x8_64x16_4x2_h_bz_bias_TNT,gpu_max_REG_WR,0.0
llm_layer,layer,1,nvjet_sm90_tst_64x8_64x16_4x2_h_bz_bias_TNT,gpu_max_NON_REG_OPs,0.0
llm_layer,layer,1,nvjet_sm90_tst_64x8_64x16_4x2_h_bz_bias_TNT,gpu_max_INT_ACC,7629330.0
llm_layer,layer,1,nvjet_sm90_tst_64x8_64x16_4x2_h_bz_bias_TNT,gpu_max_FPU_ACC,0.0
llm_layer,layer,1,nvjet_sm90_tst_64x8_64x16_4x2_h_bz_bias_TNT,gpu_max_DPU_ACC,0.0
llm_layer,layer,1,nvjet_sm90_tst_64x8_64x16_4x2_h_bz_bias_TNT,gpu_max_INT_MUL24_ACC,0.0
llm_layer,layer,1,nvjet_sm90_tst_64x8_64x16_4x2_h_bz_bias_TNT,gpu_max_INT_MUL32_ACC,0.0
llm_layer,layer,1,nvjet_sm90_tst_64x8_64x16_4x2_h_bz_bias_TNT,gpu_max_INT_MUL_ACC,3248.53
llm_layer,layer,1,nvjet_sm90_tst_64x8_64x16_4x2_h_bz_bias_TNT,gpu_max_INT_DIV_ACC,0.0
llm_layer,layer,1,nvjet_sm90_tst_64x8_64x16_4x2_h_bz_bias_TNT,gpu_max_FP_MUL_ACC,0.0
llm_layer,layer,1,nvjet_sm90_tst_64x8_64x16_4x2_h_bz_bias_TNT,gpu_max_FP_DIV_ACC,0.0
llm_layer,layer,1,nvjet_sm90_tst_64x8_64x16_4x2_h_bz_bias_TNT,gpu_max_FP_SQRT_ACC,0.0
llm_layer,layer,1,nvjet_sm90_tst_64x8_64x16_4x2_h_bz_bias_TNT,gpu_max_FP_LG_ACC,0.0
llm_layer,layer,1,nvjet_sm90_tst_64x8_64x16_4x2_h_bz_bias_TNT,gpu_max_FP_SIN_ACC,0.0
llm_layer,layer,1,nvjet_sm90_tst_64x8_64x16_4x2_h_bz_bias_TNT,gpu_max_FP_EXP_ACC,0.0
llm_layer,layer,1,nvjet_sm90_tst_64x8_64x16_4x2_h_bz_bias_TNT,gpu_max_DP_MUL_ACC,0.0
llm_layer,layer,1,nvjet_sm90_tst_64x8_64x16_4x2_h_bz_bias_TNT,gpu_max_DP_DIV_ACC,0.0
llm_layer,layer,1,nvjet_sm90_tst_64x8_64x16_4x2_h_bz_bias_TNT,gpu_max_TENSOR_ACC,0.0
llm_layer,layer,1,nvjet_sm90_tst_64x8_64x16_4x2_h_bz_bias_TNT,gpu_max_TEX_ACC,0.0
llm_layer,layer,1,nvjet_sm90_tst_64x8_64x16_4x2_h_bz_bias_TNT,gpu_max_MEM_RD,0.0
llm_layer,layer,1,nvjet_sm90_tst_64x8_64x16_4x2_h_bz_bias_TNT,gpu_max_MEM_WR,0.0
llm_layer,layer,1,nvjet_sm90_tst_64x8_64x16_4x2_h_bz_bias_TNT,gpu_max_MEM_PRE,0.0
llm_layer,layer,1,nvjet_sm90_tst_64x8_64x16_4x2_h_bz_bias_TNT,gpu_max_L2_RH,408.0
llm_layer,layer,1,nvjet_sm90_tst_64x8_64x16_4x2_h_bz_bias_TNT,gpu_max_L2_RM,23822.0
llm_layer,layer,1,nvjet_sm90_tst_64x8_64x16_4x2_h_bz_bias_TNT,gpu_max_L2_WH,0.0
llm_layer,layer,1,nvjet_sm90_tst_64x8_64x16_4x2_h_bz_bias_TNT,gpu_max_L2_WM,0.0
llm_layer,layer,1,nvjet_sm90_tst_64x8_64x16_4x2_h_bz_bias_TNT,gpu_max_NOC_A,65458.0
llm_layer,layer,1,nvjet_sm90_tst_64x8_64x16_4x2_h_bz_bias_TNT,gpu_max_PIPE_A,0.0497534
llm_layer,layer,1,nvjet_sm90_tst_64x8_64x16_4x2_h_bz_bias_TNT,gpu_max_IDLE_CORE_N,92.0
llm_layer,layer,1,nvjet_sm90_tst_64x8_64x16_4x2_h_bz_bias_TNT,gpu_max_constant_power,0.0
llm_layer,layer,1,nvjet_sm90_tst_64x8_64x16_4x2_h_bz_bias_TNT,kernel_min_power,70.2039
llm_layer,layer,1,nvjet_sm90_tst_64x8_64x16_4x2_h_bz_bias_TNT,gpu_min_IBP,0.0
llm_layer,layer,1,nvjet_sm90_tst_64x8_64x16_4x2_h_bz_bias_TNT,gpu_min_ICP,0.0
llm_layer,layer,1,nvjet_sm90_tst_64x8_64x16_4x2_h_bz_bias_TNT,gpu_min_DCP,0.0
llm_layer,layer,1,nvjet_sm90_tst_64x8_64x16_4x2_h_bz_bias_TNT,gpu_min_TCP,0.0
llm_layer,layer,1,nvjet_sm90_tst_64x8_64x16_4x2_h_bz_bias_TNT,gpu_min_CCP,0.0
llm_layer,layer,1,nvjet_sm90_tst_64x8_64x16_4x2_h_bz_bias_TNT,gpu_min_SHRDP,0.0
llm_layer,layer,1,nvjet_sm90_tst_64x8_64x16_4x2_h_bz_bias_TNT,gpu_min_RFP,0.0
llm_layer,layer,1,nvjet_sm90_tst_64x8_64x16_4x2_h_bz_bias_TNT,gpu_min_INTP,0.0
llm_layer,layer,1,nvjet_sm90_tst_64x8_64x16_4x2_h_bz_bias_TNT,gpu_min_FPUP,0.0
llm_layer,layer,1,nvjet_sm90_tst_64x8_64x16_4x2_h_bz_bias_TNT,gpu_min_DPUP,0.0
llm_layer,layer,1,nvjet_sm90_tst_64x8_64x16_4x2_h_bz_bias_TNT,gpu_min_INT_MUL24P,0.0
llm_layer,layer,1,nvjet_sm90_tst_64x8_64x16_4x2_h_bz_bias_TNT,gpu_min_INT_MUL32P,0.0
llm_layer,layer,1,nvjet_sm90_tst_64x8_64x16_4x2_h_bz_bias_TNT,gpu_min_INT_MULP,0.0
llm_layer,layer,1,nvjet_sm90_tst_64x8_64x16_4x2_h_bz_bias_TNT,gpu_min_INT_DIVP,0.0
llm_layer,layer,1,nvjet_sm90_tst_64x8_64x16_4x2_h_bz_bias_TNT,gpu_min_FP_MULP,0.0
llm_layer,layer,1,nvjet_sm90_tst_64x8_64x16_4x2_h_bz_bias_TNT,gpu_min_FP_DIVP,0.0
llm_layer,layer,1,nvjet_sm90_tst_64x8_64x16_4x2_h_bz_bias_TNT,gpu_min_FP_SQRTP,0.0
llm_layer,layer,1,nvjet_sm90_tst_64x8_64x16_4x2_h_bz_bias_TNT,gpu_min_FP_LGP,0.0
llm_layer,layer,1,nvjet_sm90_tst_64x8_64x16_4x2_h_bz_bias_TNT,gpu_min_FP_SINP,0.0
llm_layer,layer,1,nvjet_sm90_tst_64x8_64x16_4x2_h_bz_bias_TNT,gpu_min_FP_EXP,0.0
llm_layer,layer,1,nvjet_sm90_tst_64x8_64x16_4x2_h_bz_bias_TNT,gpu_min_DP_MULP,0.0
llm_layer,layer,1,nvjet_sm90_tst_64x8_64x16_4x2_h_bz_bias_TNT,gpu_min_DP_DIVP,0.0
llm_layer,layer,1,nvjet_sm90_tst_64x8_64x16_4x2_h_bz_bias_TNT,gpu_min_TENSORP,0.0
llm_layer,layer,1,nvjet_sm90_tst_64x8_64x16_4x2_h_bz_bias_TNT,gpu_min_TEXP,0.0
llm_layer,layer,1,nvjet_sm90_tst_64x8_64x16_4x2_h_bz_bias_TNT,gpu_min_SCHEDP,0.0
llm_layer,layer,1,nvjet_sm90_tst_64x8_64x16_4x2_h_bz_bias_TNT,gpu_min_L2CP,0.0
llm_layer,layer,1,nvjet_sm90_tst_64x8_64x16_4x2_h_bz_bias_TNT,gpu_min_MCP,0.55022
llm_layer,layer,1,nvjet_sm90_tst_64x8_64x16_4x2_h_bz_bias_TNT,gpu_min_NOCP,0.0
llm_layer,layer,1,nvjet_sm90_tst_64x8_64x16_4x2_h_bz_bias_TNT,gpu_min_DRAMP,0.0
llm_layer,layer,1,nvjet_sm90_tst_64x8_64x16_4x2_h_bz_bias_TNT,gpu_min_PIPEP,0.0
llm_layer,layer,1,nvjet_sm90_tst_64x8_64x16_4x2_h_bz_bias_TNT,gpu_min_IDLE_COREP,37.3285
llm_layer,layer,1,nvjet_sm90_tst_64x8_64x16_4x2_h_bz_bias_TNT,gpu_min_CONSTP,32.3252
llm_layer,layer,1,nvjet_sm90_tst_64x8_64x16_4x2_h_bz_bias_TNT,gpu_min_STATICP,0.0
llm_layer,layer,1,nvjet_sm90_tst_64x8_64x16_4x2_h_bz_bias_TNT,gpu_min_TOT_INST,0.0
llm_layer,layer,1,nvjet_sm90_tst_64x8_64x16_4x2_h_bz_bias_TNT,gpu_min_FP_INT,0.0
llm_layer,layer,1,nvjet_sm90_tst_64x8_64x16_4x2_h_bz_bias_TNT,gpu_min_IC_H,0.0
llm_layer,layer,1,nvjet_sm90_tst_64x8_64x16_4x2_h_bz_bias_TNT,gpu_min_IC_M,0.0
llm_layer,layer,1,nvjet_sm90_tst_64x8_64x16_4x2_h_bz_bias_TNT,gpu_min_DC_RH,0.0
llm_layer,layer,1,nvjet_sm90_tst_64x8_64x16_4x2_h_bz_bias_TNT,gpu_min_DC_RM,0.0
llm_layer,layer,1,nvjet_sm90_tst_64x8_64x16_4x2_h_bz_bias_TNT,gpu_min_DC_WH,0.0
llm_layer,layer,1,nvjet_sm90_tst_64x8_64x16_4x2_h_bz_bias_TNT,gpu_min_DC_WM,0.0
llm_layer,layer,1,nvjet_sm90_tst_64x8_64x16_4x2_h_bz_bias_TNT,gpu_min_TC_H,0.0
llm_layer,layer,1,nvjet_sm90_tst_64x8_64x16_4x2_h_bz_bias_TNT,gpu_min_TC_M,0.0
llm_layer,layer,1,nvjet_sm90_tst_64x8_64x16_4x2_h_bz_bias_TNT,gpu_min_CC_H,0.0
llm_layer,layer,1,nvjet_sm90_tst_64x8_64x16_4x2_h_bz_bias_TNT,gpu_min_CC_M,0.0
llm_layer,layer,1,nvjet_sm90_tst_64x8_64x16_4x2_h_bz_bias_TNT,gpu_min_SHRD_ACC,0.0
llm_layer,layer,1,nvjet_sm90_tst_64x8_64x16_4x2_h_bz_bias_TNT,gpu_min_REG_RD,0.0
llm_layer,layer,1,nvjet_sm90_tst_64x8_64x16_4x2_h_bz_bias_TNT,gpu_min_REG_WR,0.0
llm_layer,layer,1,nvjet_sm90_tst_64x8_64x16_4x2_h_bz_bias_TNT,gpu_min_NON_REG_OPs,0.0
llm_layer,layer,1,nvjet_sm90_tst_64x8_64x16_4x2_h_bz_bias_TNT,gpu_min_INT_ACC,0.0
llm_layer,layer,1,nvjet_sm90_tst_64x8_64x16_4x2_h_bz_bias_TNT,gpu_min_FPU_ACC,0.0
llm_layer,layer,1,nvjet_sm90_tst_64x8_64x16_4x2_h_bz_bias_TNT,gpu_min_DPU_ACC,0.0
llm_layer,layer,1,nvjet_sm90_tst_64x8_64x16_4x2_h_bz_bias_TNT,gpu_min_INT_MUL24_ACC,0.0
llm_layer,layer,1,nvjet_sm90_tst_64x8_64x16_4x2_h_bz_bias_TNT,gpu_min_INT_MUL32_ACC,0.0
llm_layer,layer,1,nvjet_sm90_tst_64x8_64x16_4x2_h_bz_bias_TNT,gpu_min_INT_MUL_ACC,0.0
llm_layer,layer,1,nvjet_sm90_tst_64x8_64x16_4x2_h_bz_bias_TNT,gpu_min_INT_DIV_ACC,0.0
llm_layer,layer,1,nvjet_sm90_tst_64x8_64x16_4x2_h_bz_bias_TNT,gpu_min_FP_MUL_ACC,0.0
llm_layer,layer,1,nvjet_sm90_tst_64x8_64x16_4x2_h_bz_bias_TNT,gpu_min_FP_DIV_ACC,0.0
llm_layer,layer,1,nvjet_sm90_tst_64x8_64x16_4x2_h_bz_bias_TNT,gpu_min_FP_SQRT_ACC,0.0
llm_layer,layer,1,nvjet_sm90_tst_64x8_64x16_4x2_h_bz_bias_TNT,gpu_min_FP_LG_ACC,0.0
llm_layer,layer,1,nvjet_sm90_tst_64x8_64x16_4x2_h_bz_bias_TNT,gpu_min_FP_SIN_ACC,0.0
llm_layer,layer,1,nvjet_sm90_tst_64x8_64x16_4x2_h_bz_bias_TNT,gpu_min_FP_EXP_ACC,0.0
llm_layer,layer,1,nvjet_sm90_tst_64x8_64x16_4x2_h_bz_bias_TNT,gpu_min_DP_MUL_ACC,0.0
llm_layer,layer,1,nvjet_sm90_tst_64x8_64x16_4x2_h_bz_bias_TNT,gpu_min_DP_DIV_ACC,0.0
llm_layer,layer,1,nvjet_sm90_tst_64x8_64x16_4x2_h_bz_bias_TNT,gpu_min_TENSOR_ACC,0.0
llm_layer,layer,1,nvjet_sm90_tst_64x8_64x16_4x2_h_bz_bias_TNT,gpu_min_TEX_ACC,0.0
llm_layer,layer,1,nvjet_sm90_tst_64x8_64x16_4x2_h_bz_bias_TNT,gpu_min_MEM_RD,0.0
llm_layer,layer,1,nvjet_sm90_tst_64x8_64x16_4x2_h_bz_bias_TNT,gpu_min_MEM_WR,0.0
llm_layer,layer,1,nvjet_sm90_tst_64x8_64x16_4x2_h_bz_bias_TNT,gpu_min_MEM_PRE,0.0
llm_layer,layer,1,nvjet_sm90_tst_64x8_64x16_4x2_h_bz_bias_TNT,gpu_min_L2_RH,0.0
llm_layer,layer,1,nvjet_sm90_tst_64x8_64x16_4x2_h_bz_bias_TNT,gpu_min_L2_RM,0.0
llm_layer,layer,1,nvjet_sm90_tst_64x8_64x16_4x2_h_bz_bias_TNT,gpu_min_L2_WH,0.0
llm_layer,layer,1,nvjet_sm90_tst_64x8_64x16_4x2_h_bz_bias_TNT,gpu_min_L2_WM,0.0
llm_layer,layer,1,nvjet_sm90_tst_64x8_64x16_4x2_h_bz_bias_TNT,gpu_min_NOC_A,0.0
llm_layer,layer,1,nvjet_sm90_tst_64x8_64x16_4x2_h_bz_bias_TNT,gpu_min_PIPE_A,0.0
llm_layer,layer,1,nvjet_sm90_tst_64x8_64x16_4x2_h_bz_bias_TNT,gpu_min_IDLE_CORE_N,132.0
llm_layer,layer,1,nvjet_sm90_tst_64x8_64x16_4x2_h_bz_bias_TNT,gpu_min_constant_power,0.0
llm_layer,layer,1,nvjet_sm90_tst_64x8_64x16_4x2_h_bz_bias_TNT,gpu_tot_avg_power,78.7562
llm_layer,layer,1,nvjet_sm90_tst_64x8_64x16_4x2_h_bz_bias_TNT,gpu_tot_max_power,110.623
llm_layer,layer,1,nvjet_sm90_tst_64x8_64x16_4x2_h_bz_bias_TNT,gpu_tot_min_power,70.2039
llm_layer,layer,2,_ZN4vllm23rotary_embedding_kernelIN3c108BFloat16ES2_Lb1EEEvPKlPT_S6_PKT0_illliiilb,kernel_launch_uid,3.0
llm_layer,layer,2,_ZN4vllm23rotary_embedding_kernelIN3c108BFloat16ES2_Lb1EEEvPKlPT_S6_PKT0_illliiilb,kernel_avg_power,71.5572
llm_layer,layer,2,_ZN4vllm23rotary_embedding_kernelIN3c108BFloat16ES2_Lb1EEEvPKlPT_S6_PKT0_illliiilb,gpu_avg_IBP,0.0368185
llm_layer,layer,2,_ZN4vllm23rotary_embedding_kernelIN3c108BFloat16ES2_Lb1EEEvPKlPT_S6_PKT0_illliiilb,gpu_avg_ICP,0.0
llm_layer,layer,2,_ZN4vllm23rotary_embedding_kernelIN3c108BFloat16ES2_Lb1EEEvPKlPT_S6_PKT0_illliiilb,gpu_avg_DCP,0.119869
llm_layer,layer,2,_ZN4vllm23rotary_embedding_kernelIN3c108BFloat16ES2_Lb1EEEvPKlPT_S6_PKT0_illliiilb,gpu_avg_TCP,0.0
llm_layer,layer,2,_ZN4vllm23rotary_embedding_kernelIN3c108BFloat16ES2_Lb1EEEvPKlPT_S6_PKT0_illliiilb,gpu_avg_CCP,0.00131023
llm_layer,layer,2,_ZN4vllm23rotary_embedding_kernelIN3c108BFloat16ES2_Lb1EEEvPKlPT_S6_PKT0_illliiilb,gpu_avg_SHRDP,0.0
llm_layer,layer,2,_ZN4vllm23rotary_embedding_kernelIN3c108BFloat16ES2_Lb1EEEvPKlPT_S6_PKT0_illliiilb,gpu_avg_RFP,0.0
llm_layer,layer,2,_ZN4vllm23rotary_embedding_kernelIN3c108BFloat16ES2_Lb1EEEvPKlPT_S6_PKT0_illliiilb,gpu_avg_INTP,0.464096
llm_layer,layer,2,_ZN4vllm23rotary_embedding_kernelIN3c108BFloat16ES2_Lb1EEEvPKlPT_S6_PKT0_illliiilb,gpu_avg_FPUP,0.0674905
llm_layer,layer,2,_ZN4vllm23rotary_embedding_kernelIN3c108BFloat16ES2_Lb1EEEvPKlPT_S6_PKT0_illliiilb,gpu_avg_DPUP,0.0
llm_layer,layer,2,_ZN4vllm23rotary_embedding_kernelIN3c108BFloat16ES2_Lb1EEEvPKlPT_S6_PKT0_illliiilb,gpu_avg_INT_MUL24P,0.0
llm_layer,layer,2,_ZN4vllm23rotary_embedding_kernelIN3c108BFloat16ES2_Lb1EEEvPKlPT_S6_PKT0_illliiilb,gpu_avg_INT_MUL32P,0.0
llm_layer,layer,2,_ZN4vllm23rotary_embedding_kernelIN3c108BFloat16ES2_Lb1EEEvPKlPT_S6_PKT0_illliiilb,gpu_avg_INT_MULP,0.264172
llm_layer,layer,2,_ZN4vllm23rotary_embedding_kernelIN3c108BFloat16ES2_Lb1EEEvPKlPT_S6_PKT0_illliiilb,gpu_avg_INT_DIVP,0.0
llm_layer,layer,2,_ZN4vllm23rotary_embedding_kernelIN3c108BFloat16ES2_Lb1EEEvPKlPT_S6_PKT0_illliiilb,gpu_avg_FP_MULP,0.0233974
llm_layer,layer,2,_ZN4vllm23rotary_embedding_kernelIN3c108BFloat16ES2_Lb1EEEvPKlPT_S6_PKT0_illliiilb,gpu_avg_FP_DIVP,0.0
llm_layer,layer,2,_ZN4vllm23rotary_embedding_kernelIN3c108BFloat16ES2_Lb1EEEvPKlPT_S6_PKT0_illliiilb,gpu_avg_FP_SQRTP,0.0
llm_layer,layer,2,_ZN4vllm23rotary_embedding_kernelIN3c108BFloat16ES2_Lb1EEEvPKlPT_S6_PKT0_illliiilb,gpu_avg_FP_LGP,0.0
llm_layer,layer,2,_ZN4vllm23rotary_embedding_kernelIN3c108BFloat16ES2_Lb1EEEvPKlPT_S6_PKT0_illliiilb,gpu_avg_FP_SINP,0.0
llm_layer,layer,2,_ZN4vllm23rotary_embedding_kernelIN3c108BFloat16ES2_Lb1EEEvPKlPT_S6_PKT0_illliiilb,gpu_avg_FP_EXP,0.0236572
llm_layer,layer,2,_ZN4vllm23rotary_embedding_kernelIN3c108BFloat16ES2_Lb1EEEvPKlPT_S6_PKT0_illliiilb,gpu_avg_DP_MULP,0.0
llm_layer,layer,2,_ZN4vllm23rotary_embedding_kernelIN3c108BFloat16ES2_Lb1EEEvPKlPT_S6_PKT0_illliiilb,gpu_avg_DP_DIVP,0.0
llm_layer,layer,2,_ZN4vllm23rotary_embedding_kernelIN3c108BFloat16ES2_Lb1EEEvPKlPT_S6_PKT0_illliiilb,gpu_avg_TENSORP,0.0
llm_layer,layer,2,_ZN4vllm23rotary_embedding_kernelIN3c108BFloat16ES2_Lb1EEEvPKlPT_S6_PKT0_illliiilb,gpu_avg_TEXP,0.0
llm_layer,layer,2,_ZN4vllm23rotary_embedding_kernelIN3c108BFloat16ES2_Lb1EEEvPKlPT_S6_PKT0_illliiilb,gpu_avg_SCHEDP,0.100654
llm_layer,layer,2,_ZN4vllm23rotary_embedding_kernelIN3c108BFloat16ES2_Lb1EEEvPKlPT_S6_PKT0_illliiilb,gpu_avg_L2CP,0.0973747
llm_layer,layer,2,_ZN4vllm23rotary_embedding_kernelIN3c108BFloat16ES2_Lb1EEEvPKlPT_S6_PKT0_illliiilb,gpu_avg_MCP,0.56484
llm_layer,layer,2,_ZN4vllm23rotary_embedding_kernelIN3c108BFloat16ES2_Lb1EEEvPKlPT_S6_PKT0_illliiilb,gpu_avg_NOCP,0.131668
llm_layer,layer,2,_ZN4vllm23rotary_embedding_kernelIN3c108BFloat16ES2_Lb1EEEvPKlPT_S6_PKT0_illliiilb,gpu_avg_DRAMP,0.0
llm_layer,layer,2,_ZN4vllm23rotary_embedding_kernelIN3c108BFloat16ES2_Lb1EEEvPKlPT_S6_PKT0_illliiilb,gpu_avg_PIPEP,0.0923054
llm_layer,layer,2,_ZN4vllm23rotary_embedding_kernelIN3c108BFloat16ES2_Lb1EEEvPKlPT_S6_PKT0_illliiilb,gpu_avg_IDLE_COREP,35.6645
llm_layer,layer,2,_ZN4vllm23rotary_embedding_kernelIN3c108BFloat16ES2_Lb1EEEvPKlPT_S6_PKT0_illliiilb,gpu_avg_CONSTP,32.3252
llm_layer,layer,2,_ZN4vllm23rotary_embedding_kernelIN3c108BFloat16ES2_Lb1EEEvPKlPT_S6_PKT0_illliiilb,gpu_avg_STATICP,1.57983
llm_layer,layer,2,_ZN4vllm23rotary_embedding_kernelIN3c108BFloat16ES2_Lb1EEEvPKlPT_S6_PKT0_illliiilb,gpu_avg_TOT_INST,1581.67
llm_layer,layer,2,_ZN4vllm23rotary_embedding_kernelIN3c108BFloat16ES2_Lb1EEEvPKlPT_S6_PKT0_illliiilb,gpu_avg_FP_INT,1468.33
llm_layer,layer,2,_ZN4vllm23rotary_embedding_kernelIN3c108BFloat16ES2_Lb1EEEvPKlPT_S6_PKT0_illliiilb,gpu_avg_IC_H,0.0
llm_layer,layer,2,_ZN4vllm23rotary_embedding_kernelIN3c108BFloat16ES2_Lb1EEEvPKlPT_S6_PKT0_illliiilb,gpu_avg_IC_M,0.0
llm_layer,layer,2,_ZN4vllm23rotary_embedding_kernelIN3c108BFloat16ES2_Lb1EEEvPKlPT_S6_PKT0_illliiilb,gpu_avg_DC_RH,60.8333
llm_layer,layer,2,_ZN4vllm23rotary_embedding_kernelIN3c108BFloat16ES2_Lb1EEEvPKlPT_S6_PKT0_illliiilb,gpu_avg_DC_RM,3.33333
llm_layer,layer,2,_ZN4vllm23rotary_embedding_kernelIN3c108BFloat16ES2_Lb1EEEvPKlPT_S6_PKT0_illliiilb,gpu_avg_DC_WH,53.3333
llm_layer,layer,2,_ZN4vllm23rotary_embedding_kernelIN3c108BFloat16ES2_Lb1EEEvPKlPT_S6_PKT0_illliiilb,gpu_avg_DC_WM,0.0
llm_layer,layer,2,_ZN4vllm23rotary_embedding_kernelIN3c108BFloat16ES2_Lb1EEEvPKlPT_S6_PKT0_illliiilb,gpu_avg_TC_H,0.0
llm_layer,layer,2,_ZN4vllm23rotary_embedding_kernelIN3c108BFloat16ES2_Lb1EEEvPKlPT_S6_PKT0_illliiilb,gpu_avg_TC_M,0.0
llm_layer,layer,2,_ZN4vllm23rotary_embedding_kernelIN3c108BFloat16ES2_Lb1EEEvPKlPT_S6_PKT0_illliiilb,gpu_avg_CC_H,60.0
llm_layer,layer,2,_ZN4vllm23rotary_embedding_kernelIN3c108BFloat16ES2_Lb1EEEvPKlPT_S6_PKT0_illliiilb,gpu_avg_CC_M,0.0
llm_layer,layer,2,_ZN4vllm23rotary_embedding_kernelIN3c108BFloat16ES2_Lb1EEEvPKlPT_S6_PKT0_illliiilb,gpu_avg_SHRD_ACC,0.0
llm_layer,layer,2,_ZN4vllm23rotary_embedding_kernelIN3c108BFloat16ES2_Lb1EEEvPKlPT_S6_PKT0_illliiilb,gpu_avg_REG_RD,0.0
llm_layer,layer,2,_ZN4vllm23rotary_embedding_kernelIN3c108BFloat16ES2_Lb1EEEvPKlPT_S6_PKT0_illliiilb,gpu_avg_REG_WR,0.0
llm_layer,layer,2,_ZN4vllm23rotary_embedding_kernelIN3c108BFloat16ES2_Lb1EEEvPKlPT_S6_PKT0_illliiilb,gpu_avg_NON_REG_OPs,0.0
llm_layer,layer,2,_ZN4vllm23rotary_embedding_kernelIN3c108BFloat16ES2_Lb1EEEvPKlPT_S6_PKT0_illliiilb,gpu_avg_INT_ACC,253741.0
llm_layer,layer,2,_ZN4vllm23rotary_embedding_kernelIN3c108BFloat16ES2_Lb1EEEvPKlPT_S6_PKT0_illliiilb,gpu_avg_FPU_ACC,903.971
llm_layer,layer,2,_ZN4vllm23rotary_embedding_kernelIN3c108BFloat16ES2_Lb1EEEvPKlPT_S6_PKT0_illliiilb,gpu_avg_DPU_ACC,0.0
llm_layer,layer,2,_ZN4vllm23rotary_embedding_kernelIN3c108BFloat16ES2_Lb1EEEvPKlPT_S6_PKT0_illliiilb,gpu_avg_INT_MUL24_ACC,0.0
llm_layer,layer,2,_ZN4vllm23rotary_embedding_kernelIN3c108BFloat16ES2_Lb1EEEvPKlPT_S6_PKT0_illliiilb,gpu_avg_INT_MUL32_ACC,0.0
llm_layer,layer,2,_ZN4vllm23rotary_embedding_kernelIN3c108BFloat16ES2_Lb1EEEvPKlPT_S6_PKT0_illliiilb,gpu_avg_INT_MUL_ACC,1724.94
llm_layer,layer,2,_ZN4vllm23rotary_embedding_kernelIN3c108BFloat16ES2_Lb1EEEvPKlPT_S6_PKT0_illliiilb,gpu_avg_INT_DIV_ACC,0.0
llm_layer,layer,2,_ZN4vllm23rotary_embedding_kernelIN3c108BFloat16ES2_Lb1EEEvPKlPT_S6_PKT0_illliiilb,gpu_avg_FP_MUL_ACC,152.776
llm_layer,layer,2,_ZN4vllm23rotary_embedding_kernelIN3c108BFloat16ES2_Lb1EEEvPKlPT_S6_PKT0_illliiilb,gpu_avg_FP_DIV_ACC,0.0
llm_layer,layer,2,_ZN4vllm23rotary_embedding_kernelIN3c108BFloat16ES2_Lb1EEEvPKlPT_S6_PKT0_illliiilb,gpu_avg_FP_SQRT_ACC,0.0
llm_layer,layer,2,_ZN4vllm23rotary_embedding_kernelIN3c108BFloat16ES2_Lb1EEEvPKlPT_S6_PKT0_illliiilb,gpu_avg_FP_LG_ACC,0.0
llm_layer,layer,2,_ZN4vllm23rotary_embedding_kernelIN3c108BFloat16ES2_Lb1EEEvPKlPT_S6_PKT0_illliiilb,gpu_avg_FP_SIN_ACC,0.0
llm_layer,layer,2,_ZN4vllm23rotary_embedding_kernelIN3c108BFloat16ES2_Lb1EEEvPKlPT_S6_PKT0_illliiilb,gpu_avg_FP_EXP_ACC,154.472
llm_layer,layer,2,_ZN4vllm23rotary_embedding_kernelIN3c108BFloat16ES2_Lb1EEEvPKlPT_S6_PKT0_illliiilb,gpu_avg_DP_MUL_ACC,0.0
llm_layer,layer,2,_ZN4vllm23rotary_embedding_kernelIN3c108BFloat16ES2_Lb1EEEvPKlPT_S6_PKT0_illliiilb,gpu_avg_DP_DIV_ACC,0.0
llm_layer,layer,2,_ZN4vllm23rotary_embedding_kernelIN3c108BFloat16ES2_Lb1EEEvPKlPT_S6_PKT0_illliiilb,gpu_avg_TENSOR_ACC,0.0
llm_layer,layer,2,_ZN4vllm23rotary_embedding_kernelIN3c108BFloat16ES2_Lb1EEEvPKlPT_S6_PKT0_illliiilb,gpu_avg_TEX_ACC,0.0
llm_layer,layer,2,_ZN4vllm23rotary_embedding_kernelIN3c108BFloat16ES2_Lb1EEEvPKlPT_S6_PKT0_illliiilb,gpu_avg_MEM_RD,0.0
llm_layer,layer,2,_ZN4vllm23rotary_embedding_kernelIN3c108BFloat16ES2_Lb1EEEvPKlPT_S6_PKT0_illliiilb,gpu_avg_MEM_WR,0.0
llm_layer,layer,2,_ZN4vllm23rotary_embedding_kernelIN3c108BFloat16ES2_Lb1EEEvPKlPT_S6_PKT0_illliiilb,gpu_avg_MEM_PRE,0.0
llm_layer,layer,2,_ZN4vllm23rotary_embedding_kernelIN3c108BFloat16ES2_Lb1EEEvPKlPT_S6_PKT0_illliiilb,gpu_avg_L2_RH,53.3333
llm_layer,layer,2,_ZN4vllm23rotary_embedding_kernelIN3c108BFloat16ES2_Lb1EEEvPKlPT_S6_PKT0_illliiilb,gpu_avg_L2_RM,3.58333
llm_layer,layer,2,_ZN4vllm23rotary_embedding_kernelIN3c108BFloat16ES2_Lb1EEEvPKlPT_S6_PKT0_illliiilb,gpu_avg_L2_WH,48.5833
llm_layer,layer,2,_ZN4vllm23rotary_embedding_kernelIN3c108BFloat16ES2_Lb1EEEvPKlPT_S6_PKT0_illliiilb,gpu_avg_L2_WM,60.0
llm_layer,layer,2,_ZN4vllm23rotary_embedding_kernelIN3c108BFloat16ES2_Lb1EEEvPKlPT_S6_PKT0_illliiilb,gpu_avg_NOC_A,386.167
llm_layer,layer,2,_ZN4vllm23rotary_embedding_kernelIN3c108BFloat16ES2_Lb1EEEvPKlPT_S6_PKT0_illliiilb,gpu_avg_PIPE_A,0.00282335
llm_layer,layer,2,_ZN4vllm23rotary_embedding_kernelIN3c108BFloat16ES2_Lb1EEEvPKlPT_S6_PKT0_illliiilb,gpu_avg_IDLE_CORE_N,126.116
llm_layer,layer,2,_ZN4vllm23rotary_embedding_kernelIN3c108BFloat16ES2_Lb1EEEvPKlPT_S6_PKT0_illliiilb,gpu_avg_constant_power,0.0
llm_layer,layer,2,_ZN4vllm23rotary_embedding_kernelIN3c108BFloat16ES2_Lb1EEEvPKlPT_S6_PKT0_illliiilb,gpu_avg_threads_per_warp,15.7655
llm_layer,layer,2,_ZN4vllm23rotary_embedding_kernelIN3c108BFloat16ES2_Lb1EEEvPKlPT_S6_PKT0_illliiilb,gpu_tot_TOT_INST,18980.0
llm_layer,layer,2,_ZN4vllm23rotary_embedding_kernelIN3c108BFloat16ES2_Lb1EEEvPKlPT_S6_PKT0_illliiilb,gpu_tot_FP_INT,17620.0
llm_layer,layer,2,_ZN4vllm23rotary_embedding_kernelIN3c108BFloat16ES2_Lb1EEEvPKlPT_S6_PKT0_illliiilb,gpu_tot_IC_H,0.0
llm_layer,layer,2,_ZN4vllm23rotary_embedding_kernelIN3c108BFloat16ES2_Lb1EEEvPKlPT_S6_PKT0_illliiilb,gpu_tot_IC_M,0.0
llm_layer,layer,2,_ZN4vllm23rotary_embedding_kernelIN3c108BFloat16ES2_Lb1EEEvPKlPT_S6_PKT0_illliiilb,gpu_tot_DC_RH,730.0
llm_layer,layer,2,_ZN4vllm23rotary_embedding_kernelIN3c108BFloat16ES2_Lb1EEEvPKlPT_S6_PKT0_illliiilb,gpu_tot_DC_RM,40.0
llm_layer,layer,2,_ZN4vllm23rotary_embedding_kernelIN3c108BFloat16ES2_Lb1EEEvPKlPT_S6_PKT0_illliiilb,gpu_tot_DC_WH,640.0
llm_layer,layer,2,_ZN4vllm23rotary_embedding_kernelIN3c108BFloat16ES2_Lb1EEEvPKlPT_S6_PKT0_illliiilb,gpu_tot_DC_WM,0.0
llm_layer,layer,2,_ZN4vllm23rotary_embedding_kernelIN3c108BFloat16ES2_Lb1EEEvPKlPT_S6_PKT0_illliiilb,gpu_tot_TC_H,0.0
llm_layer,layer,2,_ZN4vllm23rotary_embedding_kernelIN3c108BFloat16ES2_Lb1EEEvPKlPT_S6_PKT0_illliiilb,gpu_tot_TC_M,0.0
llm_layer,layer,2,_ZN4vllm23rotary_embedding_kernelIN3c108BFloat16ES2_Lb1EEEvPKlPT_S6_PKT0_illliiilb,gpu_tot_CC_H,720.0
llm_layer,layer,2,_ZN4vllm23rotary_embedding_kernelIN3c108BFloat16ES2_Lb1EEEvPKlPT_S6_PKT0_illliiilb,gpu_tot_CC_M,0.0
llm_layer,layer,2,_ZN4vllm23rotary_embedding_kernelIN3c108BFloat16ES2_Lb1EEEvPKlPT_S6_PKT0_illliiilb,gpu_tot_SHRD_ACC,0.0
llm_layer,layer,2,_ZN4vllm23rotary_embedding_kernelIN3c108BFloat16ES2_Lb1EEEvPKlPT_S6_PKT0_illliiilb,gpu_tot_REG_RD,0.0
llm_layer,layer,2,_ZN4vllm23rotary_embedding_kernelIN3c108BFloat16ES2_Lb1EEEvPKlPT_S6_PKT0_illliiilb,gpu_tot_REG_WR,0.0
llm_layer,layer,2,_ZN4vllm23rotary_embedding_kernelIN3c108BFloat16ES2_Lb1EEEvPKlPT_S6_PKT0_illliiilb,gpu_tot_NON_REG_OPs,0.0
llm_layer,layer,2,_ZN4vllm23rotary_embedding_kernelIN3c108BFloat16ES2_Lb1EEEvPKlPT_S6_PKT0_illliiilb,gpu_tot_INT_ACC,3044900.0
llm_layer,layer,2,_ZN4vllm23rotary_embedding_kernelIN3c108BFloat16ES2_Lb1EEEvPKlPT_S6_PKT0_illliiilb,gpu_tot_FPU_ACC,10847.7
llm_layer,layer,2,_ZN4vllm23rotary_embedding_kernelIN3c108BFloat16ES2_Lb1EEEvPKlPT_S6_PKT0_illliiilb,gpu_tot_DPU_ACC,0.0
llm_layer,layer,2,_ZN4vllm23rotary_embedding_kernelIN3c108BFloat16ES2_Lb1EEEvPKlPT_S6_PKT0_illliiilb,gpu_tot_INT_MUL24_ACC,0.0
llm_layer,layer,2,_ZN4vllm23rotary_embedding_kernelIN3c108BFloat16ES2_Lb1EEEvPKlPT_S6_PKT0_illliiilb,gpu_tot_INT_MUL32_ACC,0.0
llm_layer,layer,2,_ZN4vllm23rotary_embedding_kernelIN3c108BFloat16ES2_Lb1EEEvPKlPT_S6_PKT0_illliiilb,gpu_tot_INT_MUL_ACC,20699.2
llm_layer,layer,2,_ZN4vllm23rotary_embedding_kernelIN3c108BFloat16ES2_Lb1EEEvPKlPT_S6_PKT0_illliiilb,gpu_tot_INT_DIV_ACC,0.0
llm_layer,layer,2,_ZN4vllm23rotary_embedding_kernelIN3c108BFloat16ES2_Lb1EEEvPKlPT_S6_PKT0_illliiilb,gpu_tot_FP_MUL_ACC,1833.31
llm_layer,layer,2,_ZN4vllm23rotary_embedding_kernelIN3c108BFloat16ES2_Lb1EEEvPKlPT_S6_PKT0_illliiilb,gpu_tot_FP_DIV_ACC,0.0
llm_layer,layer,2,_ZN4vllm23rotary_embedding_kernelIN3c108BFloat16ES2_Lb1EEEvPKlPT_S6_PKT0_illliiilb,gpu_tot_FP_SQRT_ACC,0.0
llm_layer,layer,2,_ZN4vllm23rotary_embedding_kernelIN3c108BFloat16ES2_Lb1EEEvPKlPT_S6_PKT0_illliiilb,gpu_tot_FP_LG_ACC,0.0
llm_layer,layer,2,_ZN4vllm23rotary_embedding_kernelIN3c108BFloat16ES2_Lb1EEEvPKlPT_S6_PKT0_illliiilb,gpu_tot_FP_SIN_ACC,0.0
llm_layer,layer,2,_ZN4vllm23rotary_embedding_kernelIN3c108BFloat16ES2_Lb1EEEvPKlPT_S6_PKT0_illliiilb,gpu_tot_FP_EXP_ACC,1853.67
llm_layer,layer,2,_ZN4vllm23rotary_embedding_kernelIN3c108BFloat16ES2_Lb1EEEvPKlPT_S6_PKT0_illliiilb,gpu_tot_DP_MUL_ACC,0.0
llm_layer,layer,2,_ZN4vllm23rotary_embedding_kernelIN3c108BFloat16ES2_Lb1EEEvPKlPT_S6_PKT0_illliiilb,gpu_tot_DP_DIV_ACC,0.0
llm_layer,layer,2,_ZN4vllm23rotary_embedding_kernelIN3c108BFloat16ES2_Lb1EEEvPKlPT_S6_PKT0_illliiilb,gpu_tot_TENSOR_ACC,0.0
llm_layer,layer,2,_ZN4vllm23rotary_embedding_kernelIN3c108BFloat16ES2_Lb1EEEvPKlPT_S6_PKT0_illliiilb,gpu_tot_TEX_ACC,0.0
llm_layer,layer,2,_ZN4vllm23rotary_embedding_kernelIN3c108BFloat16ES2_Lb1EEEvPKlPT_S6_PKT0_illliiilb,gpu_tot_MEM_RD,0.0
llm_layer,layer,2,_ZN4vllm23rotary_embedding_kernelIN3c108BFloat16ES2_Lb1EEEvPKlPT_S6_PKT0_illliiilb,gpu_tot_MEM_WR,0.0
llm_layer,layer,2,_ZN4vllm23rotary_embedding_kernelIN3c108BFloat16ES2_Lb1EEEvPKlPT_S6_PKT0_illliiilb,gpu_tot_MEM_PRE,0.0
llm_layer,layer,2,_ZN4vllm23rotary_embedding_kernelIN3c108BFloat16ES2_Lb1EEEvPKlPT_S6_PKT0_illliiilb,gpu_tot_L2_RH,640.0
llm_layer,layer,2,_ZN4vllm23rotary_embedding_kernelIN3c108BFloat16ES2_Lb1EEEvPKlPT_S6_PKT0_illliiilb,gpu_tot_L2_RM,43.0
llm_layer,layer,2,_ZN4vllm23rotary_embedding_kernelIN3c108BFloat16ES2_Lb1EEEvPKlPT_S6_PKT0_illliiilb,gpu_tot_L2_WH,583.0
llm_layer,layer,2,_ZN4vllm23rotary_embedding_kernelIN3c108BFloat16ES2_Lb1EEEvPKlPT_S6_PKT0_illliiilb,gpu_tot_L2_WM,720.0
llm_layer,layer,2,_ZN4vllm23rotary_embedding_kernelIN3c108BFloat16ES2_Lb1EEEvPKlPT_S6_PKT0_illliiilb,gpu_tot_NOC_A,4634.0
llm_layer,layer,2,_ZN4vllm23rotary_embedding_kernelIN3c108BFloat16ES2_Lb1EEEvPKlPT_S6_PKT0_illliiilb,gpu_tot_PIPE_A,0.0338803
llm_layer,layer,2,_ZN4vllm23rotary_embedding_kernelIN3c108BFloat16ES2_Lb1EEEvPKlPT_S6_PKT0_illliiilb,gpu_tot_IDLE_CORE_N,1513.39
llm_layer,layer,2,_ZN4vllm23rotary_embedding_kernelIN3c108BFloat16ES2_Lb1EEEvPKlPT_S6_PKT0_illliiilb,gpu_tot_constant_power,0.0
llm_layer,layer,2,_ZN4vllm23rotary_embedding_kernelIN3c108BFloat16ES2_Lb1EEEvPKlPT_S6_PKT0_illliiilb,kernel_max_power,78.527
llm_layer,layer,2,_ZN4vllm23rotary_embedding_kernelIN3c108BFloat16ES2_Lb1EEEvPKlPT_S6_PKT0_illliiilb,gpu_max_IBP,0.231293
llm_layer,layer,2,_ZN4vllm23rotary_embedding_kernelIN3c108BFloat16ES2_Lb1EEEvPKlPT_S6_PKT0_illliiilb,gpu_max_ICP,0.0
llm_layer,layer,2,_ZN4vllm23rotary_embedding_kernelIN3c108BFloat16ES2_Lb1EEEvPKlPT_S6_PKT0_illliiilb,gpu_max_DCP,0.475518
llm_layer,layer,2,_ZN4vllm23rotary_embedding_kernelIN3c108BFloat16ES2_Lb1EEEvPKlPT_S6_PKT0_illliiilb,gpu_max_TCP,0.0
llm_layer,layer,2,_ZN4vllm23rotary_embedding_kernelIN3c108BFloat16ES2_Lb1EEEvPKlPT_S6_PKT0_illliiilb,gpu_max_CCP,0.00611441
llm_layer,layer,2,_ZN4vllm23rotary_embedding_kernelIN3c108BFloat16ES2_Lb1EEEvPKlPT_S6_PKT0_illliiilb,gpu_max_SHRDP,0.0
llm_layer,layer,2,_ZN4vllm23rotary_embedding_kernelIN3c108BFloat16ES2_Lb1EEEvPKlPT_S6_PKT0_illliiilb,gpu_max_RFP,0.0
llm_layer,layer,2,_ZN4vllm23rotary_embedding_kernelIN3c108BFloat16ES2_Lb1EEEvPKlPT_S6_PKT0_illliiilb,gpu_max_INTP,3.83525
llm_layer,layer,2,_ZN4vllm23rotary_embedding_kernelIN3c108BFloat16ES2_Lb1EEEvPKlPT_S6_PKT0_illliiilb,gpu_max_FPUP,0.354325
llm_layer,layer,2,_ZN4vllm23rotary_embedding_kernelIN3c108BFloat16ES2_Lb1EEEvPKlPT_S6_PKT0_illliiilb,gpu_max_DPUP,0.0
llm_layer,layer,2,_ZN4vllm23rotary_embedding_kernelIN3c108BFloat16ES2_Lb1EEEvPKlPT_S6_PKT0_illliiilb,gpu_max_INT_MUL24P,0.0
llm_layer,layer,2,_ZN4vllm23rotary_embedding_kernelIN3c108BFloat16ES2_Lb1EEEvPKlPT_S6_PKT0_illliiilb,gpu_max_INT_MUL32P,0.0
llm_layer,layer,2,_ZN4vllm23rotary_embedding_kernelIN3c108BFloat16ES2_Lb1EEEvPKlPT_S6_PKT0_illliiilb,gpu_max_INT_MULP,1.90542
llm_layer,layer,2,_ZN4vllm23rotary_embedding_kernelIN3c108BFloat16ES2_Lb1EEEvPKlPT_S6_PKT0_illliiilb,gpu_max_INT_DIVP,0.0
llm_layer,layer,2,_ZN4vllm23rotary_embedding_kernelIN3c108BFloat16ES2_Lb1EEEvPKlPT_S6_PKT0_illliiilb,gpu_max_FP_MULP,0.0
llm_layer,layer,2,_ZN4vllm23rotary_embedding_kernelIN3c108BFloat16ES2_Lb1EEEvPKlPT_S6_PKT0_illliiilb,gpu_max_FP_DIVP,0.0
llm_layer,layer,2,_ZN4vllm23rotary_embedding_kernelIN3c108BFloat16ES2_Lb1EEEvPKlPT_S6_PKT0_illliiilb,gpu_max_FP_SQRTP,0.0
llm_layer,layer,2,_ZN4vllm23rotary_embedding_kernelIN3c108BFloat16ES2_Lb1EEEvPKlPT_S6_PKT0_illliiilb,gpu_max_FP_LGP,0.0
llm_layer,layer,2,_ZN4vllm23rotary_embedding_kernelIN3c108BFloat16ES2_Lb1EEEvPKlPT_S6_PKT0_illliiilb,gpu_max_FP_SINP,0.0
llm_layer,layer,2,_ZN4vllm23rotary_embedding_kernelIN3c108BFloat16ES2_Lb1EEEvPKlPT_S6_PKT0_illliiilb,gpu_max_FP_EXP,0.248401
llm_layer,layer,2,_ZN4vllm23rotary_embedding_kernelIN3c108BFloat16ES2_Lb1EEEvPKlPT_S6_PKT0_illliiilb,gpu_max_DP_MULP,0.0
llm_layer,layer,2,_ZN4vllm23rotary_embedding_kernelIN3c108BFloat16ES2_Lb1EEEvPKlPT_S6_PKT0_illliiilb,gpu_max_DP_DIVP,0.0
llm_layer,layer,2,_ZN4vllm23rotary_embedding_kernelIN3c108BFloat16ES2_Lb1EEEvPKlPT_S6_PKT0_illliiilb,gpu_max_TENSORP,0.0
llm_layer,layer,2,_ZN4vllm23rotary_embedding_kernelIN3c108BFloat16ES2_Lb1EEEvPKlPT_S6_PKT0_illliiilb,gpu_max_TEXP,0.0
llm_layer,layer,2,_ZN4vllm23rotary_embedding_kernelIN3c108BFloat16ES2_Lb1EEEvPKlPT_S6_PKT0_illliiilb,gpu_max_SCHEDP,0.640942
llm_layer,layer,2,_ZN4vllm23rotary_embedding_kernelIN3c108BFloat16ES2_Lb1EEEvPKlPT_S6_PKT0_illliiilb,gpu_max_L2CP,0.0
llm_layer,layer,2,_ZN4vllm23rotary_embedding_kernelIN3c108BFloat16ES2_Lb1EEEvPKlPT_S6_PKT0_illliiilb,gpu_max_MCP,0.610285
llm_layer,layer,2,_ZN4vllm23rotary_embedding_kernelIN3c108BFloat16ES2_Lb1EEEvPKlPT_S6_PKT0_illliiilb,gpu_max_NOCP,0.095469
llm_layer,layer,2,_ZN4vllm23rotary_embedding_kernelIN3c108BFloat16ES2_Lb1EEEvPKlPT_S6_PKT0_illliiilb,gpu_max_DRAMP,0.0
llm_layer,layer,2,_ZN4vllm23rotary_embedding_kernelIN3c108BFloat16ES2_Lb1EEEvPKlPT_S6_PKT0_illliiilb,gpu_max_PIPEP,0.552826
llm_layer,layer,2,_ZN4vllm23rotary_embedding_kernelIN3c108BFloat16ES2_Lb1EEEvPKlPT_S6_PKT0_illliiilb,gpu_max_IDLE_COREP,34.5006
llm_layer,layer,2,_ZN4vllm23rotary_embedding_kernelIN3c108BFloat16ES2_Lb1EEEvPKlPT_S6_PKT0_illliiilb,gpu_max_CONSTP,32.3252
llm_layer,layer,2,_ZN4vllm23rotary_embedding_kernelIN3c108BFloat16ES2_Lb1EEEvPKlPT_S6_PKT0_illliiilb,gpu_max_STATICP,2.74534
llm_layer,layer,2,_ZN4vllm23rotary_embedding_kernelIN3c108BFloat16ES2_Lb1EEEvPKlPT_S6_PKT0_illliiilb,gpu_max_TOT_INST,9936.0
llm_layer,layer,2,_ZN4vllm23rotary_embedding_kernelIN3c108BFloat16ES2_Lb1EEEvPKlPT_S6_PKT0_illliiilb,gpu_max_FP_INT,9350.0
llm_layer,layer,2,_ZN4vllm23rotary_embedding_kernelIN3c108BFloat16ES2_Lb1EEEvPKlPT_S6_PKT0_illliiilb,gpu_max_IC_H,0.0
llm_layer,layer,2,_ZN4vllm23rotary_embedding_kernelIN3c108BFloat16ES2_Lb1EEEvPKlPT_S6_PKT0_illliiilb,gpu_max_IC_M,0.0
llm_layer,layer,2,_ZN4vllm23rotary_embedding_kernelIN3c108BFloat16ES2_Lb1EEEvPKlPT_S6_PKT0_illliiilb,gpu_max_DC_RH,240.0
llm_layer,layer,2,_ZN4vllm23rotary_embedding_kernelIN3c108BFloat16ES2_Lb1EEEvPKlPT_S6_PKT0_illliiilb,gpu_max_DC_RM,40.0
llm_layer,layer,2,_ZN4vllm23rotary_embedding_kernelIN3c108BFloat16ES2_Lb1EEEvPKlPT_S6_PKT0_illliiilb,gpu_max_DC_WH,0.0
llm_layer,layer,2,_ZN4vllm23rotary_embedding_kernelIN3c108BFloat16ES2_Lb1EEEvPKlPT_S6_PKT0_illliiilb,gpu_max_DC_WM,0.0
llm_layer,layer,2,_ZN4vllm23rotary_embedding_kernelIN3c108BFloat16ES2_Lb1EEEvPKlPT_S6_PKT0_illliiilb,gpu_max_TC_H,0.0
llm_layer,layer,2,_ZN4vllm23rotary_embedding_kernelIN3c108BFloat16ES2_Lb1EEEvPKlPT_S6_PKT0_illliiilb,gpu_max_TC_M,0.0
llm_layer,layer,2,_ZN4vllm23rotary_embedding_kernelIN3c108BFloat16ES2_Lb1EEEvPKlPT_S6_PKT0_illliiilb,gpu_max_CC_H,280.0
llm_layer,layer,2,_ZN4vllm23rotary_embedding_kernelIN3c108BFloat16ES2_Lb1EEEvPKlPT_S6_PKT0_illliiilb,gpu_max_CC_M,0.0
llm_layer,layer,2,_ZN4vllm23rotary_embedding_kernelIN3c108BFloat16ES2_Lb1EEEvPKlPT_S6_PKT0_illliiilb,gpu_max_SHRD_ACC,0.0
llm_layer,layer,2,_ZN4vllm23rotary_embedding_kernelIN3c108BFloat16ES2_Lb1EEEvPKlPT_S6_PKT0_illliiilb,gpu_max_REG_RD,0.0
llm_layer,layer,2,_ZN4vllm23rotary_embedding_kernelIN3c108BFloat16ES2_Lb1EEEvPKlPT_S6_PKT0_illliiilb,gpu_max_REG_WR,0.0
llm_layer,layer,2,_ZN4vllm23rotary_embedding_kernelIN3c108BFloat16ES2_Lb1EEEvPKlPT_S6_PKT0_illliiilb,gpu_max_NON_REG_OPs,0.0
llm_layer,layer,2,_ZN4vllm23rotary_embedding_kernelIN3c108BFloat16ES2_Lb1EEEvPKlPT_S6_PKT0_illliiilb,gpu_max_INT_ACC,2096900.0
llm_layer,layer,2,_ZN4vllm23rotary_embedding_kernelIN3c108BFloat16ES2_Lb1EEEvPKlPT_S6_PKT0_illliiilb,gpu_max_FPU_ACC,4745.85
llm_layer,layer,2,_ZN4vllm23rotary_embedding_kernelIN3c108BFloat16ES2_Lb1EEEvPKlPT_S6_PKT0_illliiilb,gpu_max_DPU_ACC,0.0
llm_layer,layer,2,_ZN4vllm23rotary_embedding_kernelIN3c108BFloat16ES2_Lb1EEEvPKlPT_S6_PKT0_illliiilb,gpu_max_INT_MUL24_ACC,0.0
llm_layer,layer,2,_ZN4vllm23rotary_embedding_kernelIN3c108BFloat16ES2_Lb1EEEvPKlPT_S6_PKT0_illliiilb,gpu_max_INT_MUL32_ACC,0.0
llm_layer,layer,2,_ZN4vllm23rotary_embedding_kernelIN3c108BFloat16ES2_Lb1EEEvPKlPT_S6_PKT0_illliiilb,gpu_max_INT_MUL_ACC,12441.6
llm_layer,layer,2,_ZN4vllm23rotary_embedding_kernelIN3c108BFloat16ES2_Lb1EEEvPKlPT_S6_PKT0_illliiilb,gpu_max_INT_DIV_ACC,0.0
llm_layer,layer,2,_ZN4vllm23rotary_embedding_kernelIN3c108BFloat16ES2_Lb1EEEvPKlPT_S6_PKT0_illliiilb,gpu_max_FP_MUL_ACC,0.0
llm_layer,layer,2,_ZN4vllm23rotary_embedding_kernelIN3c108BFloat16ES2_Lb1EEEvPKlPT_S6_PKT0_illliiilb,gpu_max_FP_DIV_ACC,0.0
llm_layer,layer,2,_ZN4vllm23rotary_embedding_kernelIN3c108BFloat16ES2_Lb1EEEvPKlPT_S6_PKT0_illliiilb,gpu_max_FP_SQRT_ACC,0.0
llm_layer,layer,2,_ZN4vllm23rotary_embedding_kernelIN3c108BFloat16ES2_Lb1EEEvPKlPT_S6_PKT0_illliiilb,gpu_max_FP_LG_ACC,0.0
llm_layer,layer,2,_ZN4vllm23rotary_embedding_kernelIN3c108BFloat16ES2_Lb1EEEvPKlPT_S6_PKT0_illliiilb,gpu_max_FP_SIN_ACC,0.0
llm_layer,layer,2,_ZN4vllm23rotary_embedding_kernelIN3c108BFloat16ES2_Lb1EEEvPKlPT_S6_PKT0_illliiilb,gpu_max_FP_EXP_ACC,1621.96
llm_layer,layer,2,_ZN4vllm23rotary_embedding_kernelIN3c108BFloat16ES2_Lb1EEEvPKlPT_S6_PKT0_illliiilb,gpu_max_DP_MUL_ACC,0.0
llm_layer,layer,2,_ZN4vllm23rotary_embedding_kernelIN3c108BFloat16ES2_Lb1EEEvPKlPT_S6_PKT0_illliiilb,gpu_max_DP_DIV_ACC,0.0
llm_layer,layer,2,_ZN4vllm23rotary_embedding_kernelIN3c108BFloat16ES2_Lb1EEEvPKlPT_S6_PKT0_illliiilb,gpu_max_TENSOR_ACC,0.0
llm_layer,layer,2,_ZN4vllm23rotary_embedding_kernelIN3c108BFloat16ES2_Lb1EEEvPKlPT_S6_PKT0_illliiilb,gpu_max_TEX_ACC,0.0
llm_layer,layer,2,_ZN4vllm23rotary_embedding_kernelIN3c108BFloat16ES2_Lb1EEEvPKlPT_S6_PKT0_illliiilb,gpu_max_MEM_RD,0.0
llm_layer,layer,2,_ZN4vllm23rotary_embedding_kernelIN3c108BFloat16ES2_Lb1EEEvPKlPT_S6_PKT0_illliiilb,gpu_max_MEM_WR,0.0
llm_layer,layer,2,_ZN4vllm23rotary_embedding_kernelIN3c108BFloat16ES2_Lb1EEEvPKlPT_S6_PKT0_illliiilb,gpu_max_MEM_PRE,0.0
llm_layer,layer,2,_ZN4vllm23rotary_embedding_kernelIN3c108BFloat16ES2_Lb1EEEvPKlPT_S6_PKT0_illliiilb,gpu_max_L2_RH,0.0
llm_layer,layer,2,_ZN4vllm23rotary_embedding_kernelIN3c108BFloat16ES2_Lb1EEEvPKlPT_S6_PKT0_illliiilb,gpu_max_L2_RM,0.0
llm_layer,layer,2,_ZN4vllm23rotary_embedding_kernelIN3c108BFloat16ES2_Lb1EEEvPKlPT_S6_PKT0_illliiilb,gpu_max_L2_WH,0.0
llm_layer,layer,2,_ZN4vllm23rotary_embedding_kernelIN3c108BFloat16ES2_Lb1EEEvPKlPT_S6_PKT0_illliiilb,gpu_max_L2_WM,0.0
llm_layer,layer,2,_ZN4vllm23rotary_embedding_kernelIN3c108BFloat16ES2_Lb1EEEvPKlPT_S6_PKT0_illliiilb,gpu_max_NOC_A,280.0
llm_layer,layer,2,_ZN4vllm23rotary_embedding_kernelIN3c108BFloat16ES2_Lb1EEEvPKlPT_S6_PKT0_illliiilb,gpu_max_PIPE_A,0.0169094
llm_layer,layer,2,_ZN4vllm23rotary_embedding_kernelIN3c108BFloat16ES2_Lb1EEEvPKlPT_S6_PKT0_illliiilb,gpu_max_IDLE_CORE_N,122.0
llm_layer,layer,2,_ZN4vllm23rotary_embedding_kernelIN3c108BFloat16ES2_Lb1EEEvPKlPT_S6_PKT0_illliiilb,gpu_max_constant_power,0.0
llm_layer,layer,2,_ZN4vllm23rotary_embedding_kernelIN3c108BFloat16ES2_Lb1EEEvPKlPT_S6_PKT0_illliiilb,kernel_min_power,70.2039
llm_layer,layer,2,_ZN4vllm23rotary_embedding_kernelIN3c108BFloat16ES2_Lb1EEEvPKlPT_S6_PKT0_illliiilb,gpu_min_IBP,0.0
llm_layer,layer,2,_ZN4vllm23rotary_embedding_kernelIN3c108BFloat16ES2_Lb1EEEvPKlPT_S6_PKT0_illliiilb,gpu_min_ICP,0.0
llm_layer,layer,2,_ZN4vllm23rotary_embedding_kernelIN3c108BFloat16ES2_Lb1EEEvPKlPT_S6_PKT0_illliiilb,gpu_min_DCP,0.0
llm_layer,layer,2,_ZN4vllm23rotary_embedding_kernelIN3c108BFloat16ES2_Lb1EEEvPKlPT_S6_PKT0_illliiilb,gpu_min_TCP,0.0
llm_layer,layer,2,_ZN4vllm23rotary_embedding_kernelIN3c108BFloat16ES2_Lb1EEEvPKlPT_S6_PKT0_illliiilb,gpu_min_CCP,0.0
llm_layer,layer,2,_ZN4vllm23rotary_embedding_kernelIN3c108BFloat16ES2_Lb1EEEvPKlPT_S6_PKT0_illliiilb,gpu_min_SHRDP,0.0
llm_layer,layer,2,_ZN4vllm23rotary_embedding_kernelIN3c108BFloat16ES2_Lb1EEEvPKlPT_S6_PKT0_illliiilb,gpu_min_RFP,0.0
llm_layer,layer,2,_ZN4vllm23rotary_embedding_kernelIN3c108BFloat16ES2_Lb1EEEvPKlPT_S6_PKT0_illliiilb,gpu_min_INTP,0.0
llm_layer,layer,2,_ZN4vllm23rotary_embedding_kernelIN3c108BFloat16ES2_Lb1EEEvPKlPT_S6_PKT0_illliiilb,gpu_min_FPUP,0.0
llm_layer,layer,2,_ZN4vllm23rotary_embedding_kernelIN3c108BFloat16ES2_Lb1EEEvPKlPT_S6_PKT0_illliiilb,gpu_min_DPUP,0.0
llm_layer,layer,2,_ZN4vllm23rotary_embedding_kernelIN3c108BFloat16ES2_Lb1EEEvPKlPT_S6_PKT0_illliiilb,gpu_min_INT_MUL24P,0.0
llm_layer,layer,2,_ZN4vllm23rotary_embedding_kernelIN3c108BFloat16ES2_Lb1EEEvPKlPT_S6_PKT0_illliiilb,gpu_min_INT_MUL32P,0.0
llm_layer,layer,2,_ZN4vllm23rotary_embedding_kernelIN3c108BFloat16ES2_Lb1EEEvPKlPT_S6_PKT0_illliiilb,gpu_min_INT_MULP,0.0
llm_layer,layer,2,_ZN4vllm23rotary_embedding_kernelIN3c108BFloat16ES2_Lb1EEEvPKlPT_S6_PKT0_illliiilb,gpu_min_INT_DIVP,0.0
llm_layer,layer,2,_ZN4vllm23rotary_embedding_kernelIN3c108BFloat16ES2_Lb1EEEvPKlPT_S6_PKT0_illliiilb,gpu_min_FP_MULP,0.0
llm_layer,layer,2,_ZN4vllm23rotary_embedding_kernelIN3c108BFloat16ES2_Lb1EEEvPKlPT_S6_PKT0_illliiilb,gpu_min_FP_DIVP,0.0
llm_layer,layer,2,_ZN4vllm23rotary_embedding_kernelIN3c108BFloat16ES2_Lb1EEEvPKlPT_S6_PKT0_illliiilb,gpu_min_FP_SQRTP,0.0
llm_layer,layer,2,_ZN4vllm23rotary_embedding_kernelIN3c108BFloat16ES2_Lb1EEEvPKlPT_S6_PKT0_illliiilb,gpu_min_FP_LGP,0.0
llm_layer,layer,2,_ZN4vllm23rotary_embedding_kernelIN3c108BFloat16ES2_Lb1EEEvPKlPT_S6_PKT0_illliiilb,gpu_min_FP_SINP,0.0
llm_layer,layer,2,_ZN4vllm23rotary_embedding_kernelIN3c108BFloat16ES2_Lb1EEEvPKlPT_S6_PKT0_illliiilb,gpu_min_FP_EXP,0.0
llm_layer,layer,2,_ZN4vllm23rotary_embedding_kernelIN3c108BFloat16ES2_Lb1EEEvPKlPT_S6_PKT0_illliiilb,gpu_min_DP_MULP,0.0
llm_layer,layer,2,_ZN4vllm23rotary_embedding_kernelIN3c108BFloat16ES2_Lb1EEEvPKlPT_S6_PKT0_illliiilb,gpu_min_DP_DIVP,0.0
llm_layer,layer,2,_ZN4vllm23rotary_embedding_kernelIN3c108BFloat16ES2_Lb1EEEvPKlPT_S6_PKT0_illliiilb,gpu_min_TENSORP,0.0
llm_layer,layer,2,_ZN4vllm23rotary_embedding_kernelIN3c108BFloat16ES2_Lb1EEEvPKlPT_S6_PKT0_illliiilb,gpu_min_TEXP,0.0
llm_layer,layer,2,_ZN4vllm23rotary_embedding_kernelIN3c108BFloat16ES2_Lb1EEEvPKlPT_S6_PKT0_illliiilb,gpu_min_SCHEDP,0.0
llm_layer,layer,2,_ZN4vllm23rotary_embedding_kernelIN3c108BFloat16ES2_Lb1EEEvPKlPT_S6_PKT0_illliiilb,gpu_min_L2CP,0.0
llm_layer,layer,2,_ZN4vllm23rotary_embedding_kernelIN3c108BFloat16ES2_Lb1EEEvPKlPT_S6_PKT0_illliiilb,gpu_min_MCP,0.55022
llm_layer,layer,2,_ZN4vllm23rotary_embedding_kernelIN3c108BFloat16ES2_Lb1EEEvPKlPT_S6_PKT0_illliiilb,gpu_min_NOCP,0.0
llm_layer,layer,2,_ZN4vllm23rotary_embedding_kernelIN3c108BFloat16ES2_Lb1EEEvPKlPT_S6_PKT0_illliiilb,gpu_min_DRAMP,0.0
llm_layer,layer,2,_ZN4vllm23rotary_embedding_kernelIN3c108BFloat16ES2_Lb1EEEvPKlPT_S6_PKT0_illliiilb,gpu_min_PIPEP,0.0
llm_layer,layer,2,_ZN4vllm23rotary_embedding_kernelIN3c108BFloat16ES2_Lb1EEEvPKlPT_S6_PKT0_illliiilb,gpu_min_IDLE_COREP,37.3285
llm_layer,layer,2,_ZN4vllm23rotary_embedding_kernelIN3c108BFloat16ES2_Lb1EEEvPKlPT_S6_PKT0_illliiilb,gpu_min_CONSTP,32.3252
llm_layer,layer,2,_ZN4vllm23rotary_embedding_kernelIN3c108BFloat16ES2_Lb1EEEvPKlPT_S6_PKT0_illliiilb,gpu_min_STATICP,0.0
llm_layer,layer,2,_ZN4vllm23rotary_embedding_kernelIN3c108BFloat16ES2_Lb1EEEvPKlPT_S6_PKT0_illliiilb,gpu_min_TOT_INST,0.0
llm_layer,layer,2,_ZN4vllm23rotary_embedding_kernelIN3c108BFloat16ES2_Lb1EEEvPKlPT_S6_PKT0_illliiilb,gpu_min_FP_INT,0.0
llm_layer,layer,2,_ZN4vllm23rotary_embedding_kernelIN3c108BFloat16ES2_Lb1EEEvPKlPT_S6_PKT0_illliiilb,gpu_min_IC_H,0.0
llm_layer,layer,2,_ZN4vllm23rotary_embedding_kernelIN3c108BFloat16ES2_Lb1EEEvPKlPT_S6_PKT0_illliiilb,gpu_min_IC_M,0.0
llm_layer,layer,2,_ZN4vllm23rotary_embedding_kernelIN3c108BFloat16ES2_Lb1EEEvPKlPT_S6_PKT0_illliiilb,gpu_min_DC_RH,0.0
llm_layer,layer,2,_ZN4vllm23rotary_embedding_kernelIN3c108BFloat16ES2_Lb1EEEvPKlPT_S6_PKT0_illliiilb,gpu_min_DC_RM,0.0
llm_layer,layer,2,_ZN4vllm23rotary_embedding_kernelIN3c108BFloat16ES2_Lb1EEEvPKlPT_S6_PKT0_illliiilb,gpu_min_DC_WH,0.0
llm_layer,layer,2,_ZN4vllm23rotary_embedding_kernelIN3c108BFloat16ES2_Lb1EEEvPKlPT_S6_PKT0_illliiilb,gpu_min_DC_WM,0.0
llm_layer,layer,2,_ZN4vllm23rotary_embedding_kernelIN3c108BFloat16ES2_Lb1EEEvPKlPT_S6_PKT0_illliiilb,gpu_min_TC_H,0.0
llm_layer,layer,2,_ZN4vllm23rotary_embedding_kernelIN3c108BFloat16ES2_Lb1EEEvPKlPT_S6_PKT0_illliiilb,gpu_min_TC_M,0.0
llm_layer,layer,2,_ZN4vllm23rotary_embedding_kernelIN3c108BFloat16ES2_Lb1EEEvPKlPT_S6_PKT0_illliiilb,gpu_min_CC_H,0.0
llm_layer,layer,2,_ZN4vllm23rotary_embedding_kernelIN3c108BFloat16ES2_Lb1EEEvPKlPT_S6_PKT0_illliiilb,gpu_min_CC_M,0.0
llm_layer,layer,2,_ZN4vllm23rotary_embedding_kernelIN3c108BFloat16ES2_Lb1EEEvPKlPT_S6_PKT0_illliiilb,gpu_min_SHRD_ACC,0.0
llm_layer,layer,2,_ZN4vllm23rotary_embedding_kernelIN3c108BFloat16ES2_Lb1EEEvPKlPT_S6_PKT0_illliiilb,gpu_min_REG_RD,0.0
llm_layer,layer,2,_ZN4vllm23rotary_embedding_kernelIN3c108BFloat16ES2_Lb1EEEvPKlPT_S6_PKT0_illliiilb,gpu_min_REG_WR,0.0
llm_layer,layer,2,_ZN4vllm23rotary_embedding_kernelIN3c108BFloat16ES2_Lb1EEEvPKlPT_S6_PKT0_illliiilb,gpu_min_NON_REG_OPs,0.0
llm_layer,layer,2,_ZN4vllm23rotary_embedding_kernelIN3c108BFloat16ES2_Lb1EEEvPKlPT_S6_PKT0_illliiilb,gpu_min_INT_ACC,0.0
llm_layer,layer,2,_ZN4vllm23rotary_embedding_kernelIN3c108BFloat16ES2_Lb1EEEvPKlPT_S6_PKT0_illliiilb,gpu_min_FPU_ACC,0.0
llm_layer,layer,2,_ZN4vllm23rotary_embedding_kernelIN3c108BFloat16ES2_Lb1EEEvPKlPT_S6_PKT0_illliiilb,gpu_min_DPU_ACC,0.0
llm_layer,layer,2,_ZN4vllm23rotary_embedding_kernelIN3c108BFloat16ES2_Lb1EEEvPKlPT_S6_PKT0_illliiilb,gpu_min_INT_MUL24_ACC,0.0
llm_layer,layer,2,_ZN4vllm23rotary_embedding_kernelIN3c108BFloat16ES2_Lb1EEEvPKlPT_S6_PKT0_illliiilb,gpu_min_INT_MUL32_ACC,0.0
llm_layer,layer,2,_ZN4vllm23rotary_embedding_kernelIN3c108BFloat16ES2_Lb1EEEvPKlPT_S6_PKT0_illliiilb,gpu_min_INT_MUL_ACC,0.0
llm_layer,layer,2,_ZN4vllm23rotary_embedding_kernelIN3c108BFloat16ES2_Lb1EEEvPKlPT_S6_PKT0_illliiilb,gpu_min_INT_DIV_ACC,0.0
llm_layer,layer,2,_ZN4vllm23rotary_embedding_kernelIN3c108BFloat16ES2_Lb1EEEvPKlPT_S6_PKT0_illliiilb,gpu_min_FP_MUL_ACC,0.0
llm_layer,layer,2,_ZN4vllm23rotary_embedding_kernelIN3c108BFloat16ES2_Lb1EEEvPKlPT_S6_PKT0_illliiilb,gpu_min_FP_DIV_ACC,0.0
llm_layer,layer,2,_ZN4vllm23rotary_embedding_kernelIN3c108BFloat16ES2_Lb1EEEvPKlPT_S6_PKT0_illliiilb,gpu_min_FP_SQRT_ACC,0.0
llm_layer,layer,2,_ZN4vllm23rotary_embedding_kernelIN3c108BFloat16ES2_Lb1EEEvPKlPT_S6_PKT0_illliiilb,gpu_min_FP_LG_ACC,0.0
llm_layer,layer,2,_ZN4vllm23rotary_embedding_kernelIN3c108BFloat16ES2_Lb1EEEvPKlPT_S6_PKT0_illliiilb,gpu_min_FP_SIN_ACC,0.0
llm_layer,layer,2,_ZN4vllm23rotary_embedding_kernelIN3c108BFloat16ES2_Lb1EEEvPKlPT_S6_PKT0_illliiilb,gpu_min_FP_EXP_ACC,0.0
llm_layer,layer,2,_ZN4vllm23rotary_embedding_kernelIN3c108BFloat16ES2_Lb1EEEvPKlPT_S6_PKT0_illliiilb,gpu_min_DP_MUL_ACC,0.0
llm_layer,layer,2,_ZN4vllm23rotary_embedding_kernelIN3c108BFloat16ES2_Lb1EEEvPKlPT_S6_PKT0_illliiilb,gpu_min_DP_DIV_ACC,0.0
llm_layer,layer,2,_ZN4vllm23rotary_embedding_kernelIN3c108BFloat16ES2_Lb1EEEvPKlPT_S6_PKT0_illliiilb,gpu_min_TENSOR_ACC,0.0
llm_layer,layer,2,_ZN4vllm23rotary_embedding_kernelIN3c108BFloat16ES2_Lb1EEEvPKlPT_S6_PKT0_illliiilb,gpu_min_TEX_ACC,0.0
llm_layer,layer,2,_ZN4vllm23rotary_embedding_kernelIN3c108BFloat16ES2_Lb1EEEvPKlPT_S6_PKT0_illliiilb,gpu_min_MEM_RD,0.0
llm_layer,layer,2,_ZN4vllm23rotary_embedding_kernelIN3c108BFloat16ES2_Lb1EEEvPKlPT_S6_PKT0_illliiilb,gpu_min_MEM_WR,0.0
llm_layer,layer,2,_ZN4vllm23rotary_embedding_kernelIN3c108BFloat16ES2_Lb1EEEvPKlPT_S6_PKT0_illliiilb,gpu_min_MEM_PRE,0.0
llm_layer,layer,2,_ZN4vllm23rotary_embedding_kernelIN3c108BFloat16ES2_Lb1EEEvPKlPT_S6_PKT0_illliiilb,gpu_min_L2_RH,0.0
llm_layer,layer,2,_ZN4vllm23rotary_embedding_kernelIN3c108BFloat16ES2_Lb1EEEvPKlPT_S6_PKT0_illliiilb,gpu_min_L2_RM,0.0
llm_layer,layer,2,_ZN4vllm23rotary_embedding_kernelIN3c108BFloat16ES2_Lb1EEEvPKlPT_S6_PKT0_illliiilb,gpu_min_L2_WH,0.0
llm_layer,layer,2,_ZN4vllm23rotary_embedding_kernelIN3c108BFloat16ES2_Lb1EEEvPKlPT_S6_PKT0_illliiilb,gpu_min_L2_WM,0.0
llm_layer,layer,2,_ZN4vllm23rotary_embedding_kernelIN3c108BFloat16ES2_Lb1EEEvPKlPT_S6_PKT0_illliiilb,gpu_min_NOC_A,0.0
llm_layer,layer,2,_ZN4vllm23rotary_embedding_kernelIN3c108BFloat16ES2_Lb1EEEvPKlPT_S6_PKT0_illliiilb,gpu_min_PIPE_A,0.0
llm_layer,layer,2,_ZN4vllm23rotary_embedding_kernelIN3c108BFloat16ES2_Lb1EEEvPKlPT_S6_PKT0_illliiilb,gpu_min_IDLE_CORE_N,132.0
llm_layer,layer,2,_ZN4vllm23rotary_embedding_kernelIN3c108BFloat16ES2_Lb1EEEvPKlPT_S6_PKT0_illliiilb,gpu_min_constant_power,0.0
llm_layer,layer,2,_ZN4vllm23rotary_embedding_kernelIN3c108BFloat16ES2_Lb1EEEvPKlPT_S6_PKT0_illliiilb,gpu_tot_avg_power,76.4214
llm_layer,layer,2,_ZN4vllm23rotary_embedding_kernelIN3c108BFloat16ES2_Lb1EEEvPKlPT_S6_PKT0_illliiilb,gpu_tot_max_power,110.623
llm_layer,layer,2,_ZN4vllm23rotary_embedding_kernelIN3c108BFloat16ES2_Lb1EEEvPKlPT_S6_PKT0_illliiilb,gpu_tot_min_power,70.2039
llm_layer,layer,3,_ZN4vllm30reshape_and_cache_flash_kernelI13__nv_bfloat16S1_LNS_18Fp8KVCacheDataTypeE0EEEvPKT_S5_PT0_S7_PKlllllliiiPKfSB_i,kernel_launch_uid,4.0
llm_layer,layer,3,_ZN4vllm30reshape_and_cache_flash_kernelI13__nv_bfloat16S1_LNS_18Fp8KVCacheDataTypeE0EEEvPKT_S5_PT0_S7_PKlllllliiiPKfSB_i,kernel_avg_power,70.5861
llm_layer,layer,3,_ZN4vllm30reshape_and_cache_flash_kernelI13__nv_bfloat16S1_LNS_18Fp8KVCacheDataTypeE0EEEvPKT_S5_PT0_S7_PKlllllliiiPKfSB_i,gpu_avg_IBP,0.014536
llm_layer,layer,3,_ZN4vllm30reshape_and_cache_flash_kernelI13__nv_bfloat16S1_LNS_18Fp8KVCacheDataTypeE0EEEvPKT_S5_PT0_S7_PKlllllliiiPKfSB_i,gpu_avg_ICP,0.0
llm_layer,layer,3,_ZN4vllm30reshape_and_cache_flash_kernelI13__nv_bfloat16S1_LNS_18Fp8KVCacheDataTypeE0EEEvPKT_S5_PT0_S7_PKlllllliiiPKfSB_i,gpu_avg_DCP,0.0365178
llm_layer,layer,3,_ZN4vllm30reshape_and_cache_flash_kernelI13__nv_bfloat16S1_LNS_18Fp8KVCacheDataTypeE0EEEvPKT_S5_PT0_S7_PKlllllliiiPKfSB_i,gpu_avg_TCP,0.0
llm_layer,layer,3,_ZN4vllm30reshape_and_cache_flash_kernelI13__nv_bfloat16S1_LNS_18Fp8KVCacheDataTypeE0EEEvPKT_S5_PT0_S7_PKlllllliiiPKfSB_i,gpu_avg_CCP,0.000436744
llm_layer,layer,3,_ZN4vllm30reshape_and_cache_flash_kernelI13__nv_bfloat16S1_LNS_18Fp8KVCacheDataTypeE0EEEvPKT_S5_PT0_S7_PKlllllliiiPKfSB_i,gpu_avg_SHRDP,0.0
llm_layer,layer,3,_ZN4vllm30reshape_and_cache_flash_kernelI13__nv_bfloat16S1_LNS_18Fp8KVCacheDataTypeE0EEEvPKT_S5_PT0_S7_PKlllllliiiPKfSB_i,gpu_avg_RFP,0.0
llm_layer,layer,3,_ZN4vllm30reshape_and_cache_flash_kernelI13__nv_bfloat16S1_LNS_18Fp8KVCacheDataTypeE0EEEvPKT_S5_PT0_S7_PKlllllliiiPKfSB_i,gpu_avg_INTP,0.238405
llm_layer,layer,3,_ZN4vllm30reshape_and_cache_flash_kernelI13__nv_bfloat16S1_LNS_18Fp8KVCacheDataTypeE0EEEvPKT_S5_PT0_S7_PKlllllliiiPKfSB_i,gpu_avg_FPUP,0.0112484
llm_layer,layer,3,_ZN4vllm30reshape_and_cache_flash_kernelI13__nv_bfloat16S1_LNS_18Fp8KVCacheDataTypeE0EEEvPKT_S5_PT0_S7_PKlllllliiiPKfSB_i,gpu_avg_DPUP,0.0
llm_layer,layer,3,_ZN4vllm30reshape_and_cache_flash_kernelI13__nv_bfloat16S1_LNS_18Fp8KVCacheDataTypeE0EEEvPKT_S5_PT0_S7_PKlllllliiiPKfSB_i,gpu_avg_INT_MUL24P,0.0
llm_layer,layer,3,_ZN4vllm30reshape_and_cache_flash_kernelI13__nv_bfloat16S1_LNS_18Fp8KVCacheDataTypeE0EEEvPKT_S5_PT0_S7_PKlllllliiiPKfSB_i,gpu_avg_INT_MUL32P,0.0
llm_layer,layer,3,_ZN4vllm30reshape_and_cache_flash_kernelI13__nv_bfloat16S1_LNS_18Fp8KVCacheDataTypeE0EEEvPKT_S5_PT0_S7_PKlllllliiiPKfSB_i,gpu_avg_INT_MULP,0.074457
llm_layer,layer,3,_ZN4vllm30reshape_and_cache_flash_kernelI13__nv_bfloat16S1_LNS_18Fp8KVCacheDataTypeE0EEEvPKT_S5_PT0_S7_PKlllllliiiPKfSB_i,gpu_avg_INT_DIVP,0.0
llm_layer,layer,3,_ZN4vllm30reshape_and_cache_flash_kernelI13__nv_bfloat16S1_LNS_18Fp8KVCacheDataTypeE0EEEvPKT_S5_PT0_S7_PKlllllliiiPKfSB_i,gpu_avg_FP_MULP,0.0
llm_layer,layer,3,_ZN4vllm30reshape_and_cache_flash_kernelI13__nv_bfloat16S1_LNS_18Fp8KVCacheDataTypeE0EEEvPKT_S5_PT0_S7_PKlllllliiiPKfSB_i,gpu_avg_FP_DIVP,0.0
llm_layer,layer,3,_ZN4vllm30reshape_and_cache_flash_kernelI13__nv_bfloat16S1_LNS_18Fp8KVCacheDataTypeE0EEEvPKT_S5_PT0_S7_PKlllllliiiPKfSB_i,gpu_avg_FP_SQRTP,0.0
llm_layer,layer,3,_ZN4vllm30reshape_and_cache_flash_kernelI13__nv_bfloat16S1_LNS_18Fp8KVCacheDataTypeE0EEEvPKT_S5_PT0_S7_PKlllllliiiPKfSB_i,gpu_avg_FP_LGP,0.0
llm_layer,layer,3,_ZN4vllm30reshape_and_cache_flash_kernelI13__nv_bfloat16S1_LNS_18Fp8KVCacheDataTypeE0EEEvPKT_S5_PT0_S7_PKlllllliiiPKfSB_i,gpu_avg_FP_SINP,0.0
llm_layer,layer,3,_ZN4vllm30reshape_and_cache_flash_kernelI13__nv_bfloat16S1_LNS_18Fp8KVCacheDataTypeE0EEEvPKT_S5_PT0_S7_PKlllllliiiPKfSB_i,gpu_avg_FP_EXP,0.00788574
llm_layer,layer,3,_ZN4vllm30reshape_and_cache_flash_kernelI13__nv_bfloat16S1_LNS_18Fp8KVCacheDataTypeE0EEEvPKT_S5_PT0_S7_PKlllllliiiPKfSB_i,gpu_avg_DP_MULP,0.0
llm_layer,layer,3,_ZN4vllm30reshape_and_cache_flash_kernelI13__nv_bfloat16S1_LNS_18Fp8KVCacheDataTypeE0EEEvPKT_S5_PT0_S7_PKlllllliiiPKfSB_i,gpu_avg_DP_DIVP,0.0
llm_layer,layer,3,_ZN4vllm30reshape_and_cache_flash_kernelI13__nv_bfloat16S1_LNS_18Fp8KVCacheDataTypeE0EEEvPKT_S5_PT0_S7_PKlllllliiiPKfSB_i,gpu_avg_TENSORP,0.0
llm_layer,layer,3,_ZN4vllm30reshape_and_cache_flash_kernelI13__nv_bfloat16S1_LNS_18Fp8KVCacheDataTypeE0EEEvPKT_S5_PT0_S7_PKlllllliiiPKfSB_i,gpu_avg_TEXP,0.0
llm_layer,layer,3,_ZN4vllm30reshape_and_cache_flash_kernelI13__nv_bfloat16S1_LNS_18Fp8KVCacheDataTypeE0EEEvPKT_S5_PT0_S7_PKlllllliiiPKfSB_i,gpu_avg_SCHEDP,0.0411299
llm_layer,layer,3,_ZN4vllm30reshape_and_cache_flash_kernelI13__nv_bfloat16S1_LNS_18Fp8KVCacheDataTypeE0EEEvPKT_S5_PT0_S7_PKlllllliiiPKfSB_i,gpu_avg_L2CP,0.0129084
llm_layer,layer,3,_ZN4vllm30reshape_and_cache_flash_kernelI13__nv_bfloat16S1_LNS_18Fp8KVCacheDataTypeE0EEEvPKT_S5_PT0_S7_PKlllllliiiPKfSB_i,gpu_avg_MCP,0.560669
llm_layer,layer,3,_ZN4vllm30reshape_and_cache_flash_kernelI13__nv_bfloat16S1_LNS_18Fp8KVCacheDataTypeE0EEEvPKT_S5_PT0_S7_PKlllllliiiPKfSB_i,gpu_avg_NOCP,0.028868
llm_layer,layer,3,_ZN4vllm30reshape_and_cache_flash_kernelI13__nv_bfloat16S1_LNS_18Fp8KVCacheDataTypeE0EEEvPKT_S5_PT0_S7_PKlllllliiiPKfSB_i,gpu_avg_DRAMP,0.0
llm_layer,layer,3,_ZN4vllm30reshape_and_cache_flash_kernelI13__nv_bfloat16S1_LNS_18Fp8KVCacheDataTypeE0EEEvPKT_S5_PT0_S7_PKlllllliiiPKfSB_i,gpu_avg_PIPEP,0.0332509
llm_layer,layer,3,_ZN4vllm30reshape_and_cache_flash_kernelI13__nv_bfloat16S1_LNS_18Fp8KVCacheDataTypeE0EEEvPKT_S5_PT0_S7_PKlllllliiiPKfSB_i,gpu_avg_IDLE_COREP,36.3885
llm_layer,layer,3,_ZN4vllm30reshape_and_cache_flash_kernelI13__nv_bfloat16S1_LNS_18Fp8KVCacheDataTypeE0EEEvPKT_S5_PT0_S7_PKlllllliiiPKfSB_i,gpu_avg_CONSTP,32.3252
llm_layer,layer,3,_ZN4vllm30reshape_and_cache_flash_kernelI13__nv_bfloat16S1_LNS_18Fp8KVCacheDataTypeE0EEEvPKT_S5_PT0_S7_PKlllllliiiPKfSB_i,gpu_avg_STATICP,0.812016
llm_layer,layer,3,_ZN4vllm30reshape_and_cache_flash_kernelI13__nv_bfloat16S1_LNS_18Fp8KVCacheDataTypeE0EEEvPKT_S5_PT0_S7_PKlllllliiiPKfSB_i,gpu_avg_TOT_INST,624.444
llm_layer,layer,3,_ZN4vllm30reshape_and_cache_flash_kernelI13__nv_bfloat16S1_LNS_18Fp8KVCacheDataTypeE0EEEvPKT_S5_PT0_S7_PKlllllliiiPKfSB_i,gpu_avg_FP_INT,600.0
llm_layer,layer,3,_ZN4vllm30reshape_and_cache_flash_kernelI13__nv_bfloat16S1_LNS_18Fp8KVCacheDataTypeE0EEEvPKT_S5_PT0_S7_PKlllllliiiPKfSB_i,gpu_avg_IC_H,0.0
llm_layer,layer,3,_ZN4vllm30reshape_and_cache_flash_kernelI13__nv_bfloat16S1_LNS_18Fp8KVCacheDataTypeE0EEEvPKT_S5_PT0_S7_PKlllllliiiPKfSB_i,gpu_avg_IC_M,0.0
llm_layer,layer,3,_ZN4vllm30reshape_and_cache_flash_kernelI13__nv_bfloat16S1_LNS_18Fp8KVCacheDataTypeE0EEEvPKT_S5_PT0_S7_PKlllllliiiPKfSB_i,gpu_avg_DC_RH,3.33333
llm_layer,layer,3,_ZN4vllm30reshape_and_cache_flash_kernelI13__nv_bfloat16S1_LNS_18Fp8KVCacheDataTypeE0EEEvPKT_S5_PT0_S7_PKlllllliiiPKfSB_i,gpu_avg_DC_RM,15.5556
llm_layer,layer,3,_ZN4vllm30reshape_and_cache_flash_kernelI13__nv_bfloat16S1_LNS_18Fp8KVCacheDataTypeE0EEEvPKT_S5_PT0_S7_PKlllllliiiPKfSB_i,gpu_avg_DC_WH,0.0
llm_layer,layer,3,_ZN4vllm30reshape_and_cache_flash_kernelI13__nv_bfloat16S1_LNS_18Fp8KVCacheDataTypeE0EEEvPKT_S5_PT0_S7_PKlllllliiiPKfSB_i,gpu_avg_DC_WM,12.4444
llm_layer,layer,3,_ZN4vllm30reshape_and_cache_flash_kernelI13__nv_bfloat16S1_LNS_18Fp8KVCacheDataTypeE0EEEvPKT_S5_PT0_S7_PKlllllliiiPKfSB_i,gpu_avg_TC_H,0.0
llm_layer,layer,3,_ZN4vllm30reshape_and_cache_flash_kernelI13__nv_bfloat16S1_LNS_18Fp8KVCacheDataTypeE0EEEvPKT_S5_PT0_S7_PKlllllliiiPKfSB_i,gpu_avg_TC_M,0.0
llm_layer,layer,3,_ZN4vllm30reshape_and_cache_flash_kernelI13__nv_bfloat16S1_LNS_18Fp8KVCacheDataTypeE0EEEvPKT_S5_PT0_S7_PKlllllliiiPKfSB_i,gpu_avg_CC_H,20.0
llm_layer,layer,3,_ZN4vllm30reshape_and_cache_flash_kernelI13__nv_bfloat16S1_LNS_18Fp8KVCacheDataTypeE0EEEvPKT_S5_PT0_S7_PKlllllliiiPKfSB_i,gpu_avg_CC_M,0.0
llm_layer,layer,3,_ZN4vllm30reshape_and_cache_flash_kernelI13__nv_bfloat16S1_LNS_18Fp8KVCacheDataTypeE0EEEvPKT_S5_PT0_S7_PKlllllliiiPKfSB_i,gpu_avg_SHRD_ACC,0.0
llm_layer,layer,3,_ZN4vllm30reshape_and_cache_flash_kernelI13__nv_bfloat16S1_LNS_18Fp8KVCacheDataTypeE0EEEvPKT_S5_PT0_S7_PKlllllliiiPKfSB_i,gpu_avg_REG_RD,0.0
llm_layer,layer,3,_ZN4vllm30reshape_and_cache_flash_kernelI13__nv_bfloat16S1_LNS_18Fp8KVCacheDataTypeE0EEEvPKT_S5_PT0_S7_PKlllllliiiPKfSB_i,gpu_avg_REG_WR,0.0
llm_layer,layer,3,_ZN4vllm30reshape_and_cache_flash_kernelI13__nv_bfloat16S1_LNS_18Fp8KVCacheDataTypeE0EEEvPKT_S5_PT0_S7_PKlllllliiiPKfSB_i,gpu_avg_NON_REG_OPs,0.0
llm_layer,layer,3,_ZN4vllm30reshape_and_cache_flash_kernelI13__nv_bfloat16S1_LNS_18Fp8KVCacheDataTypeE0EEEvPKT_S5_PT0_S7_PKlllllliiiPKfSB_i,gpu_avg_INT_ACC,130346.0
llm_layer,layer,3,_ZN4vllm30reshape_and_cache_flash_kernelI13__nv_bfloat16S1_LNS_18Fp8KVCacheDataTypeE0EEEvPKT_S5_PT0_S7_PKlllllliiiPKfSB_i,gpu_avg_FPU_ACC,150.662
llm_layer,layer,3,_ZN4vllm30reshape_and_cache_flash_kernelI13__nv_bfloat16S1_LNS_18Fp8KVCacheDataTypeE0EEEvPKT_S5_PT0_S7_PKlllllliiiPKfSB_i,gpu_avg_DPU_ACC,0.0
llm_layer,layer,3,_ZN4vllm30reshape_and_cache_flash_kernelI13__nv_bfloat16S1_LNS_18Fp8KVCacheDataTypeE0EEEvPKT_S5_PT0_S7_PKlllllliiiPKfSB_i,gpu_avg_INT_MUL24_ACC,0.0
llm_layer,layer,3,_ZN4vllm30reshape_and_cache_flash_kernelI13__nv_bfloat16S1_LNS_18Fp8KVCacheDataTypeE0EEEvPKT_S5_PT0_S7_PKlllllliiiPKfSB_i,gpu_avg_INT_MUL32_ACC,0.0
llm_layer,layer,3,_ZN4vllm30reshape_and_cache_flash_kernelI13__nv_bfloat16S1_LNS_18Fp8KVCacheDataTypeE0EEEvPKT_S5_PT0_S7_PKlllllliiiPKfSB_i,gpu_avg_INT_MUL_ACC,486.174
llm_layer,layer,3,_ZN4vllm30reshape_and_cache_flash_kernelI13__nv_bfloat16S1_LNS_18Fp8KVCacheDataTypeE0EEEvPKT_S5_PT0_S7_PKlllllliiiPKfSB_i,gpu_avg_INT_DIV_ACC,0.0
llm_layer,layer,3,_ZN4vllm30reshape_and_cache_flash_kernelI13__nv_bfloat16S1_LNS_18Fp8KVCacheDataTypeE0EEEvPKT_S5_PT0_S7_PKlllllliiiPKfSB_i,gpu_avg_FP_MUL_ACC,0.0
llm_layer,layer,3,_ZN4vllm30reshape_and_cache_flash_kernelI13__nv_bfloat16S1_LNS_18Fp8KVCacheDataTypeE0EEEvPKT_S5_PT0_S7_PKlllllliiiPKfSB_i,gpu_avg_FP_DIV_ACC,0.0
llm_layer,layer,3,_ZN4vllm30reshape_and_cache_flash_kernelI13__nv_bfloat16S1_LNS_18Fp8KVCacheDataTypeE0EEEvPKT_S5_PT0_S7_PKlllllliiiPKfSB_i,gpu_avg_FP_SQRT_ACC,0.0
llm_layer,layer,3,_ZN4vllm30reshape_and_cache_flash_kernelI13__nv_bfloat16S1_LNS_18Fp8KVCacheDataTypeE0EEEvPKT_S5_PT0_S7_PKlllllliiiPKfSB_i,gpu_avg_FP_LG_ACC,0.0
llm_layer,layer,3,_ZN4vllm30reshape_and_cache_flash_kernelI13__nv_bfloat16S1_LNS_18Fp8KVCacheDataTypeE0EEEvPKT_S5_PT0_S7_PKlllllliiiPKfSB_i,gpu_avg_FP_SIN_ACC,0.0
llm_layer,layer,3,_ZN4vllm30reshape_and_cache_flash_kernelI13__nv_bfloat16S1_LNS_18Fp8KVCacheDataTypeE0EEEvPKT_S5_PT0_S7_PKlllllliiiPKfSB_i,gpu_avg_FP_EXP_ACC,51.4907
llm_layer,layer,3,_ZN4vllm30reshape_and_cache_flash_kernelI13__nv_bfloat16S1_LNS_18Fp8KVCacheDataTypeE0EEEvPKT_S5_PT0_S7_PKlllllliiiPKfSB_i,gpu_avg_DP_MUL_ACC,0.0
llm_layer,layer,3,_ZN4vllm30reshape_and_cache_flash_kernelI13__nv_bfloat16S1_LNS_18Fp8KVCacheDataTypeE0EEEvPKT_S5_PT0_S7_PKlllllliiiPKfSB_i,gpu_avg_DP_DIV_ACC,0.0
llm_layer,layer,3,_ZN4vllm30reshape_and_cache_flash_kernelI13__nv_bfloat16S1_LNS_18Fp8KVCacheDataTypeE0EEEvPKT_S5_PT0_S7_PKlllllliiiPKfSB_i,gpu_avg_TENSOR_ACC,0.0
llm_layer,layer,3,_ZN4vllm30reshape_and_cache_flash_kernelI13__nv_bfloat16S1_LNS_18Fp8KVCacheDataTypeE0EEEvPKT_S5_PT0_S7_PKlllllliiiPKfSB_i,gpu_avg_TEX_ACC,0.0
llm_layer,layer,3,_ZN4vllm30reshape_and_cache_flash_kernelI13__nv_bfloat16S1_LNS_18Fp8KVCacheDataTypeE0EEEvPKT_S5_PT0_S7_PKlllllliiiPKfSB_i,gpu_avg_MEM_RD,0.0
llm_layer,layer,3,_ZN4vllm30reshape_and_cache_flash_kernelI13__nv_bfloat16S1_LNS_18Fp8KVCacheDataTypeE0EEEvPKT_S5_PT0_S7_PKlllllliiiPKfSB_i,gpu_avg_MEM_WR,0.0
llm_layer,layer,3,_ZN4vllm30reshape_and_cache_flash_kernelI13__nv_bfloat16S1_LNS_18Fp8KVCacheDataTypeE0EEEvPKT_S5_PT0_S7_PKlllllliiiPKfSB_i,gpu_avg_MEM_PRE,0.0
llm_layer,layer,3,_ZN4vllm30reshape_and_cache_flash_kernelI13__nv_bfloat16S1_LNS_18Fp8KVCacheDataTypeE0EEEvPKT_S5_PT0_S7_PKlllllliiiPKfSB_i,gpu_avg_L2_RH,12.4444
llm_layer,layer,3,_ZN4vllm30reshape_and_cache_flash_kernelI13__nv_bfloat16S1_LNS_18Fp8KVCacheDataTypeE0EEEvPKT_S5_PT0_S7_PKlllllliiiPKfSB_i,gpu_avg_L2_RM,0.444444
llm_layer,layer,3,_ZN4vllm30reshape_and_cache_flash_kernelI13__nv_bfloat16S1_LNS_18Fp8KVCacheDataTypeE0EEEvPKT_S5_PT0_S7_PKlllllliiiPKfSB_i,gpu_avg_L2_WH,6.33333
llm_layer,layer,3,_ZN4vllm30reshape_and_cache_flash_kernelI13__nv_bfloat16S1_LNS_18Fp8KVCacheDataTypeE0EEEvPKT_S5_PT0_S7_PKlllllliiiPKfSB_i,gpu_avg_L2_WM,5.33333
llm_layer,layer,3,_ZN4vllm30reshape_and_cache_flash_kernelI13__nv_bfloat16S1_LNS_18Fp8KVCacheDataTypeE0EEEvPKT_S5_PT0_S7_PKlllllliiiPKfSB_i,gpu_avg_NOC_A,84.6667
llm_layer,layer,3,_ZN4vllm30reshape_and_cache_flash_kernelI13__nv_bfloat16S1_LNS_18Fp8KVCacheDataTypeE0EEEvPKT_S5_PT0_S7_PKlllllliiiPKfSB_i,gpu_avg_PIPE_A,0.00101705
llm_layer,layer,3,_ZN4vllm30reshape_and_cache_flash_kernelI13__nv_bfloat16S1_LNS_18Fp8KVCacheDataTypeE0EEEvPKT_S5_PT0_S7_PKlllllliiiPKfSB_i,gpu_avg_IDLE_CORE_N,128.676
llm_layer,layer,3,_ZN4vllm30reshape_and_cache_flash_kernelI13__nv_bfloat16S1_LNS_18Fp8KVCacheDataTypeE0EEEvPKT_S5_PT0_S7_PKlllllliiiPKfSB_i,gpu_avg_constant_power,0.0
llm_layer,layer,3,_ZN4vllm30reshape_and_cache_flash_kernelI13__nv_bfloat16S1_LNS_18Fp8KVCacheDataTypeE0EEEvPKT_S5_PT0_S7_PKlllllliiiPKfSB_i,gpu_avg_threads_per_warp,9.11757
llm_layer,layer,3,_ZN4vllm30reshape_and_cache_flash_kernelI13__nv_bfloat16S1_LNS_18Fp8KVCacheDataTypeE0EEEvPKT_S5_PT0_S7_PKlllllliiiPKfSB_i,gpu_tot_TOT_INST,5620.0
llm_layer,layer,3,_ZN4vllm30reshape_and_cache_flash_kernelI13__nv_bfloat16S1_LNS_18Fp8KVCacheDataTypeE0EEEvPKT_S5_PT0_S7_PKlllllliiiPKfSB_i,gpu_tot_FP_INT,5400.0
llm_layer,layer,3,_ZN4vllm30reshape_and_cache_flash_kernelI13__nv_bfloat16S1_LNS_18Fp8KVCacheDataTypeE0EEEvPKT_S5_PT0_S7_PKlllllliiiPKfSB_i,gpu_tot_IC_H,0.0
llm_layer,layer,3,_ZN4vllm30reshape_and_cache_flash_kernelI13__nv_bfloat16S1_LNS_18Fp8KVCacheDataTypeE0EEEvPKT_S5_PT0_S7_PKlllllliiiPKfSB_i,gpu_tot_IC_M,0.0
llm_layer,layer,3,_ZN4vllm30reshape_and_cache_flash_kernelI13__nv_bfloat16S1_LNS_18Fp8KVCacheDataTypeE0EEEvPKT_S5_PT0_S7_PKlllllliiiPKfSB_i,gpu_tot_DC_RH,30.0
llm_layer,layer,3,_ZN4vllm30reshape_and_cache_flash_kernelI13__nv_bfloat16S1_LNS_18Fp8KVCacheDataTypeE0EEEvPKT_S5_PT0_S7_PKlllllliiiPKfSB_i,gpu_tot_DC_RM,140.0
llm_layer,layer,3,_ZN4vllm30reshape_and_cache_flash_kernelI13__nv_bfloat16S1_LNS_18Fp8KVCacheDataTypeE0EEEvPKT_S5_PT0_S7_PKlllllliiiPKfSB_i,gpu_tot_DC_WH,0.0
llm_layer,layer,3,_ZN4vllm30reshape_and_cache_flash_kernelI13__nv_bfloat16S1_LNS_18Fp8KVCacheDataTypeE0EEEvPKT_S5_PT0_S7_PKlllllliiiPKfSB_i,gpu_tot_DC_WM,112.0
llm_layer,layer,3,_ZN4vllm30reshape_and_cache_flash_kernelI13__nv_bfloat16S1_LNS_18Fp8KVCacheDataTypeE0EEEvPKT_S5_PT0_S7_PKlllllliiiPKfSB_i,gpu_tot_TC_H,0.0
llm_layer,layer,3,_ZN4vllm30reshape_and_cache_flash_kernelI13__nv_bfloat16S1_LNS_18Fp8KVCacheDataTypeE0EEEvPKT_S5_PT0_S7_PKlllllliiiPKfSB_i,gpu_tot_TC_M,0.0
llm_layer,layer,3,_ZN4vllm30reshape_and_cache_flash_kernelI13__nv_bfloat16S1_LNS_18Fp8KVCacheDataTypeE0EEEvPKT_S5_PT0_S7_PKlllllliiiPKfSB_i,gpu_tot_CC_H,180.0
llm_layer,layer,3,_ZN4vllm30reshape_and_cache_flash_kernelI13__nv_bfloat16S1_LNS_18Fp8KVCacheDataTypeE0EEEvPKT_S5_PT0_S7_PKlllllliiiPKfSB_i,gpu_tot_CC_M,0.0
llm_layer,layer,3,_ZN4vllm30reshape_and_cache_flash_kernelI13__nv_bfloat16S1_LNS_18Fp8KVCacheDataTypeE0EEEvPKT_S5_PT0_S7_PKlllllliiiPKfSB_i,gpu_tot_SHRD_ACC,0.0
llm_layer,layer,3,_ZN4vllm30reshape_and_cache_flash_kernelI13__nv_bfloat16S1_LNS_18Fp8KVCacheDataTypeE0EEEvPKT_S5_PT0_S7_PKlllllliiiPKfSB_i,gpu_tot_REG_RD,0.0
llm_layer,layer,3,_ZN4vllm30reshape_and_cache_flash_kernelI13__nv_bfloat16S1_LNS_18Fp8KVCacheDataTypeE0EEEvPKT_S5_PT0_S7_PKlllllliiiPKfSB_i,gpu_tot_REG_WR,0.0
llm_layer,layer,3,_ZN4vllm30reshape_and_cache_flash_kernelI13__nv_bfloat16S1_LNS_18Fp8KVCacheDataTypeE0EEEvPKT_S5_PT0_S7_PKlllllliiiPKfSB_i,gpu_tot_NON_REG_OPs,0.0
llm_layer,layer,3,_ZN4vllm30reshape_and_cache_flash_kernelI13__nv_bfloat16S1_LNS_18Fp8KVCacheDataTypeE0EEEvPKT_S5_PT0_S7_PKlllllliiiPKfSB_i,gpu_tot_INT_ACC,1173120.0
llm_layer,layer,3,_ZN4vllm30reshape_and_cache_flash_kernelI13__nv_bfloat16S1_LNS_18Fp8KVCacheDataTypeE0EEEvPKT_S5_PT0_S7_PKlllllliiiPKfSB_i,gpu_tot_FPU_ACC,1355.96
llm_layer,layer,3,_ZN4vllm30reshape_and_cache_flash_kernelI13__nv_bfloat16S1_LNS_18Fp8KVCacheDataTypeE0EEEvPKT_S5_PT0_S7_PKlllllliiiPKfSB_i,gpu_tot_DPU_ACC,0.0
llm_layer,layer,3,_ZN4vllm30reshape_and_cache_flash_kernelI13__nv_bfloat16S1_LNS_18Fp8KVCacheDataTypeE0EEEvPKT_S5_PT0_S7_PKlllllliiiPKfSB_i,gpu_tot_INT_MUL24_ACC,0.0
llm_layer,layer,3,_ZN4vllm30reshape_and_cache_flash_kernelI13__nv_bfloat16S1_LNS_18Fp8KVCacheDataTypeE0EEEvPKT_S5_PT0_S7_PKlllllliiiPKfSB_i,gpu_tot_INT_MUL32_ACC,0.0
llm_layer,layer,3,_ZN4vllm30reshape_and_cache_flash_kernelI13__nv_bfloat16S1_LNS_18Fp8KVCacheDataTypeE0EEEvPKT_S5_PT0_S7_PKlllllliiiPKfSB_i,gpu_tot_INT_MUL_ACC,4375.57
llm_layer,layer,3,_ZN4vllm30reshape_and_cache_flash_kernelI13__nv_bfloat16S1_LNS_18Fp8KVCacheDataTypeE0EEEvPKT_S5_PT0_S7_PKlllllliiiPKfSB_i,gpu_tot_INT_DIV_ACC,0.0
llm_layer,layer,3,_ZN4vllm30reshape_and_cache_flash_kernelI13__nv_bfloat16S1_LNS_18Fp8KVCacheDataTypeE0EEEvPKT_S5_PT0_S7_PKlllllliiiPKfSB_i,gpu_tot_FP_MUL_ACC,0.0
llm_layer,layer,3,_ZN4vllm30reshape_and_cache_flash_kernelI13__nv_bfloat16S1_LNS_18Fp8KVCacheDataTypeE0EEEvPKT_S5_PT0_S7_PKlllllliiiPKfSB_i,gpu_tot_FP_DIV_ACC,0.0
llm_layer,layer,3,_ZN4vllm30reshape_and_cache_flash_kernelI13__nv_bfloat16S1_LNS_18Fp8KVCacheDataTypeE0EEEvPKT_S5_PT0_S7_PKlllllliiiPKfSB_i,gpu_tot_FP_SQRT_ACC,0.0
llm_layer,layer,3,_ZN4vllm30reshape_and_cache_flash_kernelI13__nv_bfloat16S1_LNS_18Fp8KVCacheDataTypeE0EEEvPKT_S5_PT0_S7_PKlllllliiiPKfSB_i,gpu_tot_FP_LG_ACC,0.0
llm_layer,layer,3,_ZN4vllm30reshape_and_cache_flash_kernelI13__nv_bfloat16S1_LNS_18Fp8KVCacheDataTypeE0EEEvPKT_S5_PT0_S7_PKlllllliiiPKfSB_i,gpu_tot_FP_SIN_ACC,0.0
llm_layer,layer,3,_ZN4vllm30reshape_and_cache_flash_kernelI13__nv_bfloat16S1_LNS_18Fp8KVCacheDataTypeE0EEEvPKT_S5_PT0_S7_PKlllllliiiPKfSB_i,gpu_tot_FP_EXP_ACC,463.417
llm_layer,layer,3,_ZN4vllm30reshape_and_cache_flash_kernelI13__nv_bfloat16S1_LNS_18Fp8KVCacheDataTypeE0EEEvPKT_S5_PT0_S7_PKlllllliiiPKfSB_i,gpu_tot_DP_MUL_ACC,0.0
llm_layer,layer,3,_ZN4vllm30reshape_and_cache_flash_kernelI13__nv_bfloat16S1_LNS_18Fp8KVCacheDataTypeE0EEEvPKT_S5_PT0_S7_PKlllllliiiPKfSB_i,gpu_tot_DP_DIV_ACC,0.0
llm_layer,layer,3,_ZN4vllm30reshape_and_cache_flash_kernelI13__nv_bfloat16S1_LNS_18Fp8KVCacheDataTypeE0EEEvPKT_S5_PT0_S7_PKlllllliiiPKfSB_i,gpu_tot_TENSOR_ACC,0.0
llm_layer,layer,3,_ZN4vllm30reshape_and_cache_flash_kernelI13__nv_bfloat16S1_LNS_18Fp8KVCacheDataTypeE0EEEvPKT_S5_PT0_S7_PKlllllliiiPKfSB_i,gpu_tot_TEX_ACC,0.0
llm_layer,layer,3,_ZN4vllm30reshape_and_cache_flash_kernelI13__nv_bfloat16S1_LNS_18Fp8KVCacheDataTypeE0EEEvPKT_S5_PT0_S7_PKlllllliiiPKfSB_i,gpu_tot_MEM_RD,0.0
llm_layer,layer,3,_ZN4vllm30reshape_and_cache_flash_kernelI13__nv_bfloat16S1_LNS_18Fp8KVCacheDataTypeE0EEEvPKT_S5_PT0_S7_PKlllllliiiPKfSB_i,gpu_tot_MEM_WR,0.0
llm_layer,layer,3,_ZN4vllm30reshape_and_cache_flash_kernelI13__nv_bfloat16S1_LNS_18Fp8KVCacheDataTypeE0EEEvPKT_S5_PT0_S7_PKlllllliiiPKfSB_i,gpu_tot_MEM_PRE,0.0
llm_layer,layer,3,_ZN4vllm30reshape_and_cache_flash_kernelI13__nv_bfloat16S1_LNS_18Fp8KVCacheDataTypeE0EEEvPKT_S5_PT0_S7_PKlllllliiiPKfSB_i,gpu_tot_L2_RH,112.0
llm_layer,layer,3,_ZN4vllm30reshape_and_cache_flash_kernelI13__nv_bfloat16S1_LNS_18Fp8KVCacheDataTypeE0EEEvPKT_S5_PT0_S7_PKlllllliiiPKfSB_i,gpu_tot_L2_RM,4.0
llm_layer,layer,3,_ZN4vllm30reshape_and_cache_flash_kernelI13__nv_bfloat16S1_LNS_18Fp8KVCacheDataTypeE0EEEvPKT_S5_PT0_S7_PKlllllliiiPKfSB_i,gpu_tot_L2_WH,57.0
llm_layer,layer,3,_ZN4vllm30reshape_and_cache_flash_kernelI13__nv_bfloat16S1_LNS_18Fp8KVCacheDataTypeE0EEEvPKT_S5_PT0_S7_PKlllllliiiPKfSB_i,gpu_tot_L2_WM,48.0
llm_layer,layer,3,_ZN4vllm30reshape_and_cache_flash_kernelI13__nv_bfloat16S1_LNS_18Fp8KVCacheDataTypeE0EEEvPKT_S5_PT0_S7_PKlllllliiiPKfSB_i,gpu_tot_NOC_A,762.0
llm_layer,layer,3,_ZN4vllm30reshape_and_cache_flash_kernelI13__nv_bfloat16S1_LNS_18Fp8KVCacheDataTypeE0EEEvPKT_S5_PT0_S7_PKlllllliiiPKfSB_i,gpu_tot_PIPE_A,0.00915343
llm_layer,layer,3,_ZN4vllm30reshape_and_cache_flash_kernelI13__nv_bfloat16S1_LNS_18Fp8KVCacheDataTypeE0EEEvPKT_S5_PT0_S7_PKlllllliiiPKfSB_i,gpu_tot_IDLE_CORE_N,1158.08
llm_layer,layer,3,_ZN4vllm30reshape_and_cache_flash_kernelI13__nv_bfloat16S1_LNS_18Fp8KVCacheDataTypeE0EEEvPKT_S5_PT0_S7_PKlllllliiiPKfSB_i,gpu_tot_constant_power,0.0
llm_layer,layer,3,_ZN4vllm30reshape_and_cache_flash_kernelI13__nv_bfloat16S1_LNS_18Fp8KVCacheDataTypeE0EEEvPKT_S5_PT0_S7_PKlllllliiiPKfSB_i,kernel_max_power,73.4556
llm_layer,layer,3,_ZN4vllm30reshape_and_cache_flash_kernelI13__nv_bfloat16S1_LNS_18Fp8KVCacheDataTypeE0EEEvPKT_S5_PT0_S7_PKlllllliiiPKfSB_i,gpu_max_IBP,0.10289
llm_layer,layer,3,_ZN4vllm30reshape_and_cache_flash_kernelI13__nv_bfloat16S1_LNS_18Fp8KVCacheDataTypeE0EEEvPKT_S5_PT0_S7_PKlllllliiiPKfSB_i,gpu_max_ICP,0.0
llm_layer,layer,3,_ZN4vllm30reshape_and_cache_flash_kernelI13__nv_bfloat16S1_LNS_18Fp8KVCacheDataTypeE0EEEvPKT_S5_PT0_S7_PKlllllliiiPKfSB_i,gpu_max_DCP,0.0531719
llm_layer,layer,3,_ZN4vllm30reshape_and_cache_flash_kernelI13__nv_bfloat16S1_LNS_18Fp8KVCacheDataTypeE0EEEvPKT_S5_PT0_S7_PKlllllliiiPKfSB_i,gpu_max_TCP,0.0
llm_layer,layer,3,_ZN4vllm30reshape_and_cache_flash_kernelI13__nv_bfloat16S1_LNS_18Fp8KVCacheDataTypeE0EEEvPKT_S5_PT0_S7_PKlllllliiiPKfSB_i,gpu_max_CCP,0.00262046
llm_layer,layer,3,_ZN4vllm30reshape_and_cache_flash_kernelI13__nv_bfloat16S1_LNS_18Fp8KVCacheDataTypeE0EEEvPKT_S5_PT0_S7_PKlllllliiiPKfSB_i,gpu_max_SHRDP,0.0
llm_layer,layer,3,_ZN4vllm30reshape_and_cache_flash_kernelI13__nv_bfloat16S1_LNS_18Fp8KVCacheDataTypeE0EEEvPKT_S5_PT0_S7_PKlllllliiiPKfSB_i,gpu_max_RFP,0.0
llm_layer,layer,3,_ZN4vllm30reshape_and_cache_flash_kernelI13__nv_bfloat16S1_LNS_18Fp8KVCacheDataTypeE0EEEvPKT_S5_PT0_S7_PKlllllliiiPKfSB_i,gpu_max_INTP,1.8623
llm_layer,layer,3,_ZN4vllm30reshape_and_cache_flash_kernelI13__nv_bfloat16S1_LNS_18Fp8KVCacheDataTypeE0EEEvPKT_S5_PT0_S7_PKlllllliiiPKfSB_i,gpu_max_FPUP,0.101236
llm_layer,layer,3,_ZN4vllm30reshape_and_cache_flash_kernelI13__nv_bfloat16S1_LNS_18Fp8KVCacheDataTypeE0EEEvPKT_S5_PT0_S7_PKlllllliiiPKfSB_i,gpu_max_DPUP,0.0
llm_layer,layer,3,_ZN4vllm30reshape_and_cache_flash_kernelI13__nv_bfloat16S1_LNS_18Fp8KVCacheDataTypeE0EEEvPKT_S5_PT0_S7_PKlllllliiiPKfSB_i,gpu_max_INT_MUL24P,0.0
llm_layer,layer,3,_ZN4vllm30reshape_and_cache_flash_kernelI13__nv_bfloat16S1_LNS_18Fp8KVCacheDataTypeE0EEEvPKT_S5_PT0_S7_PKlllllliiiPKfSB_i,gpu_max_INT_MUL32P,0.0
llm_layer,layer,3,_ZN4vllm30reshape_and_cache_flash_kernelI13__nv_bfloat16S1_LNS_18Fp8KVCacheDataTypeE0EEEvPKT_S5_PT0_S7_PKlllllliiiPKfSB_i,gpu_max_INT_MULP,0.564068
llm_layer,layer,3,_ZN4vllm30reshape_and_cache_flash_kernelI13__nv_bfloat16S1_LNS_18Fp8KVCacheDataTypeE0EEEvPKT_S5_PT0_S7_PKlllllliiiPKfSB_i,gpu_max_INT_DIVP,0.0
llm_layer,layer,3,_ZN4vllm30reshape_and_cache_flash_kernelI13__nv_bfloat16S1_LNS_18Fp8KVCacheDataTypeE0EEEvPKT_S5_PT0_S7_PKlllllliiiPKfSB_i,gpu_max_FP_MULP,0.0
llm_layer,layer,3,_ZN4vllm30reshape_and_cache_flash_kernelI13__nv_bfloat16S1_LNS_18Fp8KVCacheDataTypeE0EEEvPKT_S5_PT0_S7_PKlllllliiiPKfSB_i,gpu_max_FP_DIVP,0.0
llm_layer,layer,3,_ZN4vllm30reshape_and_cache_flash_kernelI13__nv_bfloat16S1_LNS_18Fp8KVCacheDataTypeE0EEEvPKT_S5_PT0_S7_PKlllllliiiPKfSB_i,gpu_max_FP_SQRTP,0.0
llm_layer,layer,3,_ZN4vllm30reshape_and_cache_flash_kernelI13__nv_bfloat16S1_LNS_18Fp8KVCacheDataTypeE0EEEvPKT_S5_PT0_S7_PKlllllliiiPKfSB_i,gpu_max_FP_LGP,0.0
llm_layer,layer,3,_ZN4vllm30reshape_and_cache_flash_kernelI13__nv_bfloat16S1_LNS_18Fp8KVCacheDataTypeE0EEEvPKT_S5_PT0_S7_PKlllllliiiPKfSB_i,gpu_max_FP_SINP,0.0
llm_layer,layer,3,_ZN4vllm30reshape_and_cache_flash_kernelI13__nv_bfloat16S1_LNS_18Fp8KVCacheDataTypeE0EEEvPKT_S5_PT0_S7_PKlllllliiiPKfSB_i,gpu_max_FP_EXP,0.0709717
llm_layer,layer,3,_ZN4vllm30reshape_and_cache_flash_kernelI13__nv_bfloat16S1_LNS_18Fp8KVCacheDataTypeE0EEEvPKT_S5_PT0_S7_PKlllllliiiPKfSB_i,gpu_max_DP_MULP,0.0
llm_layer,layer,3,_ZN4vllm30reshape_and_cache_flash_kernelI13__nv_bfloat16S1_LNS_18Fp8KVCacheDataTypeE0EEEvPKT_S5_PT0_S7_PKlllllliiiPKfSB_i,gpu_max_DP_DIVP,0.0
llm_layer,layer,3,_ZN4vllm30reshape_and_cache_flash_kernelI13__nv_bfloat16S1_LNS_18Fp8KVCacheDataTypeE0EEEvPKT_S5_PT0_S7_PKlllllliiiPKfSB_i,gpu_max_TENSORP,0.0
llm_layer,layer,3,_ZN4vllm30reshape_and_cache_flash_kernelI13__nv_bfloat16S1_LNS_18Fp8KVCacheDataTypeE0EEEvPKT_S5_PT0_S7_PKlllllliiiPKfSB_i,gpu_max_TEXP,0.0
llm_layer,layer,3,_ZN4vllm30reshape_and_cache_flash_kernelI13__nv_bfloat16S1_LNS_18Fp8KVCacheDataTypeE0EEEvPKT_S5_PT0_S7_PKlllllliiiPKfSB_i,gpu_max_SCHEDP,0.292023
llm_layer,layer,3,_ZN4vllm30reshape_and_cache_flash_kernelI13__nv_bfloat16S1_LNS_18Fp8KVCacheDataTypeE0EEEvPKT_S5_PT0_S7_PKlllllliiiPKfSB_i,gpu_max_L2CP,0.0
llm_layer,layer,3,_ZN4vllm30reshape_and_cache_flash_kernelI13__nv_bfloat16S1_LNS_18Fp8KVCacheDataTypeE0EEEvPKT_S5_PT0_S7_PKlllllliiiPKfSB_i,gpu_max_MCP,0.561664
llm_layer,layer,3,_ZN4vllm30reshape_and_cache_flash_kernelI13__nv_bfloat16S1_LNS_18Fp8KVCacheDataTypeE0EEEvPKT_S5_PT0_S7_PKlllllliiiPKfSB_i,gpu_max_NOCP,0.0231853
llm_layer,layer,3,_ZN4vllm30reshape_and_cache_flash_kernelI13__nv_bfloat16S1_LNS_18Fp8KVCacheDataTypeE0EEEvPKT_S5_PT0_S7_PKlllllliiiPKfSB_i,gpu_max_DRAMP,0.0
llm_layer,layer,3,_ZN4vllm30reshape_and_cache_flash_kernelI13__nv_bfloat16S1_LNS_18Fp8KVCacheDataTypeE0EEEvPKT_S5_PT0_S7_PKlllllliiiPKfSB_i,gpu_max_PIPEP,0.250341
llm_layer,layer,3,_ZN4vllm30reshape_and_cache_flash_kernelI13__nv_bfloat16S1_LNS_18Fp8KVCacheDataTypeE0EEEvPKT_S5_PT0_S7_PKlllllliiiPKfSB_i,gpu_max_IDLE_COREP,34.5006
llm_layer,layer,3,_ZN4vllm30reshape_and_cache_flash_kernelI13__nv_bfloat16S1_LNS_18Fp8KVCacheDataTypeE0EEEvPKT_S5_PT0_S7_PKlllllliiiPKfSB_i,gpu_max_CONSTP,32.3252
llm_layer,layer,3,_ZN4vllm30reshape_and_cache_flash_kernelI13__nv_bfloat16S1_LNS_18Fp8KVCacheDataTypeE0EEEvPKT_S5_PT0_S7_PKlllllliiiPKfSB_i,gpu_max_STATICP,2.74534
llm_layer,layer,3,_ZN4vllm30reshape_and_cache_flash_kernelI13__nv_bfloat16S1_LNS_18Fp8KVCacheDataTypeE0EEEvPKT_S5_PT0_S7_PKlllllliiiPKfSB_i,gpu_max_TOT_INST,4420.0
llm_layer,layer,3,_ZN4vllm30reshape_and_cache_flash_kernelI13__nv_bfloat16S1_LNS_18Fp8KVCacheDataTypeE0EEEvPKT_S5_PT0_S7_PKlllllliiiPKfSB_i,gpu_max_FP_INT,4260.0
llm_layer,layer,3,_ZN4vllm30reshape_and_cache_flash_kernelI13__nv_bfloat16S1_LNS_18Fp8KVCacheDataTypeE0EEEvPKT_S5_PT0_S7_PKlllllliiiPKfSB_i,gpu_max_IC_H,0.0
llm_layer,layer,3,_ZN4vllm30reshape_and_cache_flash_kernelI13__nv_bfloat16S1_LNS_18Fp8KVCacheDataTypeE0EEEvPKT_S5_PT0_S7_PKlllllliiiPKfSB_i,gpu_max_IC_M,0.0
llm_layer,layer,3,_ZN4vllm30reshape_and_cache_flash_kernelI13__nv_bfloat16S1_LNS_18Fp8KVCacheDataTypeE0EEEvPKT_S5_PT0_S7_PKlllllliiiPKfSB_i,gpu_max_DC_RH,0.0
llm_layer,layer,3,_ZN4vllm30reshape_and_cache_flash_kernelI13__nv_bfloat16S1_LNS_18Fp8KVCacheDataTypeE0EEEvPKT_S5_PT0_S7_PKlllllliiiPKfSB_i,gpu_max_DC_RM,48.0
llm_layer,layer,3,_ZN4vllm30reshape_and_cache_flash_kernelI13__nv_bfloat16S1_LNS_18Fp8KVCacheDataTypeE0EEEvPKT_S5_PT0_S7_PKlllllliiiPKfSB_i,gpu_max_DC_WH,0.0
llm_layer,layer,3,_ZN4vllm30reshape_and_cache_flash_kernelI13__nv_bfloat16S1_LNS_18Fp8KVCacheDataTypeE0EEEvPKT_S5_PT0_S7_PKlllllliiiPKfSB_i,gpu_max_DC_WM,0.0
llm_layer,layer,3,_ZN4vllm30reshape_and_cache_flash_kernelI13__nv_bfloat16S1_LNS_18Fp8KVCacheDataTypeE0EEEvPKT_S5_PT0_S7_PKlllllliiiPKfSB_i,gpu_max_TC_H,0.0
llm_layer,layer,3,_ZN4vllm30reshape_and_cache_flash_kernelI13__nv_bfloat16S1_LNS_18Fp8KVCacheDataTypeE0EEEvPKT_S5_PT0_S7_PKlllllliiiPKfSB_i,gpu_max_TC_M,0.0
llm_layer,layer,3,_ZN4vllm30reshape_and_cache_flash_kernelI13__nv_bfloat16S1_LNS_18Fp8KVCacheDataTypeE0EEEvPKT_S5_PT0_S7_PKlllllliiiPKfSB_i,gpu_max_CC_H,120.0
llm_layer,layer,3,_ZN4vllm30reshape_and_cache_flash_kernelI13__nv_bfloat16S1_LNS_18Fp8KVCacheDataTypeE0EEEvPKT_S5_PT0_S7_PKlllllliiiPKfSB_i,gpu_max_CC_M,0.0
llm_layer,layer,3,_ZN4vllm30reshape_and_cache_flash_kernelI13__nv_bfloat16S1_LNS_18Fp8KVCacheDataTypeE0EEEvPKT_S5_PT0_S7_PKlllllliiiPKfSB_i,gpu_max_SHRD_ACC,0.0
llm_layer,layer,3,_ZN4vllm30reshape_and_cache_flash_kernelI13__nv_bfloat16S1_LNS_18Fp8KVCacheDataTypeE0EEEvPKT_S5_PT0_S7_PKlllllliiiPKfSB_i,gpu_max_REG_RD,0.0
llm_layer,layer,3,_ZN4vllm30reshape_and_cache_flash_kernelI13__nv_bfloat16S1_LNS_18Fp8KVCacheDataTypeE0EEEvPKT_S5_PT0_S7_PKlllllliiiPKfSB_i,gpu_max_REG_WR,0.0
llm_layer,layer,3,_ZN4vllm30reshape_and_cache_flash_kernelI13__nv_bfloat16S1_LNS_18Fp8KVCacheDataTypeE0EEEvPKT_S5_PT0_S7_PKlllllliiiPKfSB_i,gpu_max_NON_REG_OPs,0.0
llm_layer,layer,3,_ZN4vllm30reshape_and_cache_flash_kernelI13__nv_bfloat16S1_LNS_18Fp8KVCacheDataTypeE0EEEvPKT_S5_PT0_S7_PKlllllliiiPKfSB_i,gpu_max_INT_ACC,1018200.0
llm_layer,layer,3,_ZN4vllm30reshape_and_cache_flash_kernelI13__nv_bfloat16S1_LNS_18Fp8KVCacheDataTypeE0EEEvPKT_S5_PT0_S7_PKlllllliiiPKfSB_i,gpu_max_FPU_ACC,1355.96
llm_layer,layer,3,_ZN4vllm30reshape_and_cache_flash_kernelI13__nv_bfloat16S1_LNS_18Fp8KVCacheDataTypeE0EEEvPKT_S5_PT0_S7_PKlllllliiiPKfSB_i,gpu_max_DPU_ACC,0.0
llm_layer,layer,3,_ZN4vllm30reshape_and_cache_flash_kernelI13__nv_bfloat16S1_LNS_18Fp8KVCacheDataTypeE0EEEvPKT_S5_PT0_S7_PKlllllliiiPKfSB_i,gpu_max_INT_MUL24_ACC,0.0
llm_layer,layer,3,_ZN4vllm30reshape_and_cache_flash_kernelI13__nv_bfloat16S1_LNS_18Fp8KVCacheDataTypeE0EEEvPKT_S5_PT0_S7_PKlllllliiiPKfSB_i,gpu_max_INT_MUL32_ACC,0.0
llm_layer,layer,3,_ZN4vllm30reshape_and_cache_flash_kernelI13__nv_bfloat16S1_LNS_18Fp8KVCacheDataTypeE0EEEvPKT_S5_PT0_S7_PKlllllliiiPKfSB_i,gpu_max_INT_MUL_ACC,3683.14
llm_layer,layer,3,_ZN4vllm30reshape_and_cache_flash_kernelI13__nv_bfloat16S1_LNS_18Fp8KVCacheDataTypeE0EEEvPKT_S5_PT0_S7_PKlllllliiiPKfSB_i,gpu_max_INT_DIV_ACC,0.0
llm_layer,layer,3,_ZN4vllm30reshape_and_cache_flash_kernelI13__nv_bfloat16S1_LNS_18Fp8KVCacheDataTypeE0EEEvPKT_S5_PT0_S7_PKlllllliiiPKfSB_i,gpu_max_FP_MUL_ACC,0.0
llm_layer,layer,3,_ZN4vllm30reshape_and_cache_flash_kernelI13__nv_bfloat16S1_LNS_18Fp8KVCacheDataTypeE0EEEvPKT_S5_PT0_S7_PKlllllliiiPKfSB_i,gpu_max_FP_DIV_ACC,0.0
llm_layer,layer,3,_ZN4vllm30reshape_and_cache_flash_kernelI13__nv_bfloat16S1_LNS_18Fp8KVCacheDataTypeE0EEEvPKT_S5_PT0_S7_PKlllllliiiPKfSB_i,gpu_max_FP_SQRT_ACC,0.0
llm_layer,layer,3,_ZN4vllm30reshape_and_cache_flash_kernelI13__nv_bfloat16S1_LNS_18Fp8KVCacheDataTypeE0EEEvPKT_S5_PT0_S7_PKlllllliiiPKfSB_i,gpu_max_FP_LG_ACC,0.0
llm_layer,layer,3,_ZN4vllm30reshape_and_cache_flash_kernelI13__nv_bfloat16S1_LNS_18Fp8KVCacheDataTypeE0EEEvPKT_S5_PT0_S7_PKlllllliiiPKfSB_i,gpu_max_FP_SIN_ACC,0.0
llm_layer,layer,3,_ZN4vllm30reshape_and_cache_flash_kernelI13__nv_bfloat16S1_LNS_18Fp8KVCacheDataTypeE0EEEvPKT_S5_PT0_S7_PKlllllliiiPKfSB_i,gpu_max_FP_EXP_ACC,463.417
llm_layer,layer,3,_ZN4vllm30reshape_and_cache_flash_kernelI13__nv_bfloat16S1_LNS_18Fp8KVCacheDataTypeE0EEEvPKT_S5_PT0_S7_PKlllllliiiPKfSB_i,gpu_max_DP_MUL_ACC,0.0
llm_layer,layer,3,_ZN4vllm30reshape_and_cache_flash_kernelI13__nv_bfloat16S1_LNS_18Fp8KVCacheDataTypeE0EEEvPKT_S5_PT0_S7_PKlllllliiiPKfSB_i,gpu_max_DP_DIV_ACC,0.0
llm_layer,layer,3,_ZN4vllm30reshape_and_cache_flash_kernelI13__nv_bfloat16S1_LNS_18Fp8KVCacheDataTypeE0EEEvPKT_S5_PT0_S7_PKlllllliiiPKfSB_i,gpu_max_TENSOR_ACC,0.0
llm_layer,layer,3,_ZN4vllm30reshape_and_cache_flash_kernelI13__nv_bfloat16S1_LNS_18Fp8KVCacheDataTypeE0EEEvPKT_S5_PT0_S7_PKlllllliiiPKfSB_i,gpu_max_TEX_ACC,0.0
llm_layer,layer,3,_ZN4vllm30reshape_and_cache_flash_kernelI13__nv_bfloat16S1_LNS_18Fp8KVCacheDataTypeE0EEEvPKT_S5_PT0_S7_PKlllllliiiPKfSB_i,gpu_max_MEM_RD,0.0
llm_layer,layer,3,_ZN4vllm30reshape_and_cache_flash_kernelI13__nv_bfloat16S1_LNS_18Fp8KVCacheDataTypeE0EEEvPKT_S5_PT0_S7_PKlllllliiiPKfSB_i,gpu_max_MEM_WR,0.0
llm_layer,layer,3,_ZN4vllm30reshape_and_cache_flash_kernelI13__nv_bfloat16S1_LNS_18Fp8KVCacheDataTypeE0EEEvPKT_S5_PT0_S7_PKlllllliiiPKfSB_i,gpu_max_MEM_PRE,0.0
llm_layer,layer,3,_ZN4vllm30reshape_and_cache_flash_kernelI13__nv_bfloat16S1_LNS_18Fp8KVCacheDataTypeE0EEEvPKT_S5_PT0_S7_PKlllllliiiPKfSB_i,gpu_max_L2_RH,0.0
llm_layer,layer,3,_ZN4vllm30reshape_and_cache_flash_kernelI13__nv_bfloat16S1_LNS_18Fp8KVCacheDataTypeE0EEEvPKT_S5_PT0_S7_PKlllllliiiPKfSB_i,gpu_max_L2_RM,0.0
llm_layer,layer,3,_ZN4vllm30reshape_and_cache_flash_kernelI13__nv_bfloat16S1_LNS_18Fp8KVCacheDataTypeE0EEEvPKT_S5_PT0_S7_PKlllllliiiPKfSB_i,gpu_max_L2_WH,0.0
llm_layer,layer,3,_ZN4vllm30reshape_and_cache_flash_kernelI13__nv_bfloat16S1_LNS_18Fp8KVCacheDataTypeE0EEEvPKT_S5_PT0_S7_PKlllllliiiPKfSB_i,gpu_max_L2_WM,0.0
llm_layer,layer,3,_ZN4vllm30reshape_and_cache_flash_kernelI13__nv_bfloat16S1_LNS_18Fp8KVCacheDataTypeE0EEEvPKT_S5_PT0_S7_PKlllllliiiPKfSB_i,gpu_max_NOC_A,68.0
llm_layer,layer,3,_ZN4vllm30reshape_and_cache_flash_kernelI13__nv_bfloat16S1_LNS_18Fp8KVCacheDataTypeE0EEEvPKT_S5_PT0_S7_PKlllllliiiPKfSB_i,gpu_max_PIPE_A,0.00765722
llm_layer,layer,3,_ZN4vllm30reshape_and_cache_flash_kernelI13__nv_bfloat16S1_LNS_18Fp8KVCacheDataTypeE0EEEvPKT_S5_PT0_S7_PKlllllliiiPKfSB_i,gpu_max_IDLE_CORE_N,122.0
llm_layer,layer,3,_ZN4vllm30reshape_and_cache_flash_kernelI13__nv_bfloat16S1_LNS_18Fp8KVCacheDataTypeE0EEEvPKT_S5_PT0_S7_PKlllllliiiPKfSB_i,gpu_max_constant_power,0.0
llm_layer,layer,3,_ZN4vllm30reshape_and_cache_flash_kernelI13__nv_bfloat16S1_LNS_18Fp8KVCacheDataTypeE0EEEvPKT_S5_PT0_S7_PKlllllliiiPKfSB_i,kernel_min_power,70.15
llm_layer,layer,3,_ZN4vllm30reshape_and_cache_flash_kernelI13__nv_bfloat16S1_LNS_18Fp8KVCacheDataTypeE0EEEvPKT_S5_PT0_S7_PKlllllliiiPKfSB_i,gpu_min_IBP,0.00931132
llm_layer,layer,3,_ZN4vllm30reshape_and_cache_flash_kernelI13__nv_bfloat16S1_LNS_18Fp8KVCacheDataTypeE0EEEvPKT_S5_PT0_S7_PKlllllliiiPKfSB_i,gpu_min_ICP,0.0
llm_layer,layer,3,_ZN4vllm30reshape_and_cache_flash_kernelI13__nv_bfloat16S1_LNS_18Fp8KVCacheDataTypeE0EEEvPKT_S5_PT0_S7_PKlllllliiiPKfSB_i,gpu_min_DCP,0.031746
llm_layer,layer,3,_ZN4vllm30reshape_and_cache_flash_kernelI13__nv_bfloat16S1_LNS_18Fp8KVCacheDataTypeE0EEEvPKT_S5_PT0_S7_PKlllllliiiPKfSB_i,gpu_min_TCP,0.0
llm_layer,layer,3,_ZN4vllm30reshape_and_cache_flash_kernelI13__nv_bfloat16S1_LNS_18Fp8KVCacheDataTypeE0EEEvPKT_S5_PT0_S7_PKlllllliiiPKfSB_i,gpu_min_CCP,0.000873488
llm_layer,layer,3,_ZN4vllm30reshape_and_cache_flash_kernelI13__nv_bfloat16S1_LNS_18Fp8KVCacheDataTypeE0EEEvPKT_S5_PT0_S7_PKlllllliiiPKfSB_i,gpu_min_SHRDP,0.0
llm_layer,layer,3,_ZN4vllm30reshape_and_cache_flash_kernelI13__nv_bfloat16S1_LNS_18Fp8KVCacheDataTypeE0EEEvPKT_S5_PT0_S7_PKlllllliiiPKfSB_i,gpu_min_RFP,0.0
llm_layer,layer,3,_ZN4vllm30reshape_and_cache_flash_kernelI13__nv_bfloat16S1_LNS_18Fp8KVCacheDataTypeE0EEEvPKT_S5_PT0_S7_PKlllllliiiPKfSB_i,gpu_min_INTP,0.0701764
llm_layer,layer,3,_ZN4vllm30reshape_and_cache_flash_kernelI13__nv_bfloat16S1_LNS_18Fp8KVCacheDataTypeE0EEEvPKT_S5_PT0_S7_PKlllllliiiPKfSB_i,gpu_min_FPUP,0.0
llm_layer,layer,3,_ZN4vllm30reshape_and_cache_flash_kernelI13__nv_bfloat16S1_LNS_18Fp8KVCacheDataTypeE0EEEvPKT_S5_PT0_S7_PKlllllliiiPKfSB_i,gpu_min_DPUP,0.0
llm_layer,layer,3,_ZN4vllm30reshape_and_cache_flash_kernelI13__nv_bfloat16S1_LNS_18Fp8KVCacheDataTypeE0EEEvPKT_S5_PT0_S7_PKlllllliiiPKfSB_i,gpu_min_INT_MUL24P,0.0
llm_layer,layer,3,_ZN4vllm30reshape_and_cache_flash_kernelI13__nv_bfloat16S1_LNS_18Fp8KVCacheDataTypeE0EEEvPKT_S5_PT0_S7_PKlllllliiiPKfSB_i,gpu_min_INT_MUL32P,0.0
llm_layer,layer,3,_ZN4vllm30reshape_and_cache_flash_kernelI13__nv_bfloat16S1_LNS_18Fp8KVCacheDataTypeE0EEEvPKT_S5_PT0_S7_PKlllllliiiPKfSB_i,gpu_min_INT_MULP,0.0676882
llm_layer,layer,3,_ZN4vllm30reshape_and_cache_flash_kernelI13__nv_bfloat16S1_LNS_18Fp8KVCacheDataTypeE0EEEvPKT_S5_PT0_S7_PKlllllliiiPKfSB_i,gpu_min_INT_DIVP,0.0
llm_layer,layer,3,_ZN4vllm30reshape_and_cache_flash_kernelI13__nv_bfloat16S1_LNS_18Fp8KVCacheDataTypeE0EEEvPKT_S5_PT0_S7_PKlllllliiiPKfSB_i,gpu_min_FP_MULP,0.0
llm_layer,layer,3,_ZN4vllm30reshape_and_cache_flash_kernelI13__nv_bfloat16S1_LNS_18Fp8KVCacheDataTypeE0EEEvPKT_S5_PT0_S7_PKlllllliiiPKfSB_i,gpu_min_FP_DIVP,0.0
llm_layer,layer,3,_ZN4vllm30reshape_and_cache_flash_kernelI13__nv_bfloat16S1_LNS_18Fp8KVCacheDataTypeE0EEEvPKT_S5_PT0_S7_PKlllllliiiPKfSB_i,gpu_min_FP_SQRTP,0.0
llm_layer,layer,3,_ZN4vllm30reshape_and_cache_flash_kernelI13__nv_bfloat16S1_LNS_18Fp8KVCacheDataTypeE0EEEvPKT_S5_PT0_S7_PKlllllliiiPKfSB_i,gpu_min_FP_LGP,0.0
llm_layer,layer,3,_ZN4vllm30reshape_and_cache_flash_kernelI13__nv_bfloat16S1_LNS_18Fp8KVCacheDataTypeE0EEEvPKT_S5_PT0_S7_PKlllllliiiPKfSB_i,gpu_min_FP_SINP,0.0
llm_layer,layer,3,_ZN4vllm30reshape_and_cache_flash_kernelI13__nv_bfloat16S1_LNS_18Fp8KVCacheDataTypeE0EEEvPKT_S5_PT0_S7_PKlllllliiiPKfSB_i,gpu_min_FP_EXP,0.0
llm_layer,layer,3,_ZN4vllm30reshape_and_cache_flash_kernelI13__nv_bfloat16S1_LNS_18Fp8KVCacheDataTypeE0EEEvPKT_S5_PT0_S7_PKlllllliiiPKfSB_i,gpu_min_DP_MULP,0.0
llm_layer,layer,3,_ZN4vllm30reshape_and_cache_flash_kernelI13__nv_bfloat16S1_LNS_18Fp8KVCacheDataTypeE0EEEvPKT_S5_PT0_S7_PKlllllliiiPKfSB_i,gpu_min_DP_DIVP,0.0
llm_layer,layer,3,_ZN4vllm30reshape_and_cache_flash_kernelI13__nv_bfloat16S1_LNS_18Fp8KVCacheDataTypeE0EEEvPKT_S5_PT0_S7_PKlllllliiiPKfSB_i,gpu_min_TENSORP,0.0
llm_layer,layer,3,_ZN4vllm30reshape_and_cache_flash_kernelI13__nv_bfloat16S1_LNS_18Fp8KVCacheDataTypeE0EEEvPKT_S5_PT0_S7_PKlllllliiiPKfSB_i,gpu_min_TEXP,0.0
llm_layer,layer,3,_ZN4vllm30reshape_and_cache_flash_kernelI13__nv_bfloat16S1_LNS_18Fp8KVCacheDataTypeE0EEEvPKT_S5_PT0_S7_PKlllllliiiPKfSB_i,gpu_min_SCHEDP,0.024678
llm_layer,layer,3,_ZN4vllm30reshape_and_cache_flash_kernelI13__nv_bfloat16S1_LNS_18Fp8KVCacheDataTypeE0EEEvPKT_S5_PT0_S7_PKlllllliiiPKfSB_i,gpu_min_L2CP,7.09884e-05
llm_layer,layer,3,_ZN4vllm30reshape_and_cache_flash_kernelI13__nv_bfloat16S1_LNS_18Fp8KVCacheDataTypeE0EEEvPKT_S5_PT0_S7_PKlllllliiiPKfSB_i,gpu_min_MCP,0.551926
llm_layer,layer,3,_ZN4vllm30reshape_and_cache_flash_kernelI13__nv_bfloat16S1_LNS_18Fp8KVCacheDataTypeE0EEEvPKT_S5_PT0_S7_PKlllllliiiPKfSB_i,gpu_min_NOCP,0.00340961
llm_layer,layer,3,_ZN4vllm30reshape_and_cache_flash_kernelI13__nv_bfloat16S1_LNS_18Fp8KVCacheDataTypeE0EEEvPKT_S5_PT0_S7_PKlllllliiiPKfSB_i,gpu_min_DRAMP,0.0
llm_layer,layer,3,_ZN4vllm30reshape_and_cache_flash_kernelI13__nv_bfloat16S1_LNS_18Fp8KVCacheDataTypeE0EEEvPKT_S5_PT0_S7_PKlllllliiiPKfSB_i,gpu_min_PIPEP,0.0198142
llm_layer,layer,3,_ZN4vllm30reshape_and_cache_flash_kernelI13__nv_bfloat16S1_LNS_18Fp8KVCacheDataTypeE0EEEvPKT_S5_PT0_S7_PKlllllliiiPKfSB_i,gpu_min_IDLE_COREP,34.5911
llm_layer,layer,3,_ZN4vllm30reshape_and_cache_flash_kernelI13__nv_bfloat16S1_LNS_18Fp8KVCacheDataTypeE0EEEvPKT_S5_PT0_S7_PKlllllliiiPKfSB_i,gpu_min_CONSTP,32.3252
llm_layer,layer,3,_ZN4vllm30reshape_and_cache_flash_kernelI13__nv_bfloat16S1_LNS_18Fp8KVCacheDataTypeE0EEEvPKT_S5_PT0_S7_PKlllllliiiPKfSB_i,gpu_min_STATICP,2.454
llm_layer,layer,3,_ZN4vllm30reshape_and_cache_flash_kernelI13__nv_bfloat16S1_LNS_18Fp8KVCacheDataTypeE0EEEvPKT_S5_PT0_S7_PKlllllliiiPKfSB_i,gpu_min_TOT_INST,400.0
llm_layer,layer,3,_ZN4vllm30reshape_and_cache_flash_kernelI13__nv_bfloat16S1_LNS_18Fp8KVCacheDataTypeE0EEEvPKT_S5_PT0_S7_PKlllllliiiPKfSB_i,gpu_min_FP_INT,360.0
llm_layer,layer,3,_ZN4vllm30reshape_and_cache_flash_kernelI13__nv_bfloat16S1_LNS_18Fp8KVCacheDataTypeE0EEEvPKT_S5_PT0_S7_PKlllllliiiPKfSB_i,gpu_min_IC_H,0.0
llm_layer,layer,3,_ZN4vllm30reshape_and_cache_flash_kernelI13__nv_bfloat16S1_LNS_18Fp8KVCacheDataTypeE0EEEvPKT_S5_PT0_S7_PKlllllliiiPKfSB_i,gpu_min_IC_M,0.0
llm_layer,layer,3,_ZN4vllm30reshape_and_cache_flash_kernelI13__nv_bfloat16S1_LNS_18Fp8KVCacheDataTypeE0EEEvPKT_S5_PT0_S7_PKlllllliiiPKfSB_i,gpu_min_DC_RH,30.0
llm_layer,layer,3,_ZN4vllm30reshape_and_cache_flash_kernelI13__nv_bfloat16S1_LNS_18Fp8KVCacheDataTypeE0EEEvPKT_S5_PT0_S7_PKlllllliiiPKfSB_i,gpu_min_DC_RM,-20.0
llm_layer,layer,3,_ZN4vllm30reshape_and_cache_flash_kernelI13__nv_bfloat16S1_LNS_18Fp8KVCacheDataTypeE0EEEvPKT_S5_PT0_S7_PKlllllliiiPKfSB_i,gpu_min_DC_WH,0.0
llm_layer,layer,3,_ZN4vllm30reshape_and_cache_flash_kernelI13__nv_bfloat16S1_LNS_18Fp8KVCacheDataTypeE0EEEvPKT_S5_PT0_S7_PKlllllliiiPKfSB_i,gpu_min_DC_WM,0.0
llm_layer,layer,3,_ZN4vllm30reshape_and_cache_flash_kernelI13__nv_bfloat16S1_LNS_18Fp8KVCacheDataTypeE0EEEvPKT_S5_PT0_S7_PKlllllliiiPKfSB_i,gpu_min_TC_H,0.0
llm_layer,layer,3,_ZN4vllm30reshape_and_cache_flash_kernelI13__nv_bfloat16S1_LNS_18Fp8KVCacheDataTypeE0EEEvPKT_S5_PT0_S7_PKlllllliiiPKfSB_i,gpu_min_TC_M,0.0
llm_layer,layer,3,_ZN4vllm30reshape_and_cache_flash_kernelI13__nv_bfloat16S1_LNS_18Fp8KVCacheDataTypeE0EEEvPKT_S5_PT0_S7_PKlllllliiiPKfSB_i,gpu_min_CC_H,40.0
llm_layer,layer,3,_ZN4vllm30reshape_and_cache_flash_kernelI13__nv_bfloat16S1_LNS_18Fp8KVCacheDataTypeE0EEEvPKT_S5_PT0_S7_PKlllllliiiPKfSB_i,gpu_min_CC_M,0.0
llm_layer,layer,3,_ZN4vllm30reshape_and_cache_flash_kernelI13__nv_bfloat16S1_LNS_18Fp8KVCacheDataTypeE0EEEvPKT_S5_PT0_S7_PKlllllliiiPKfSB_i,gpu_min_SHRD_ACC,0.0
llm_layer,layer,3,_ZN4vllm30reshape_and_cache_flash_kernelI13__nv_bfloat16S1_LNS_18Fp8KVCacheDataTypeE0EEEvPKT_S5_PT0_S7_PKlllllliiiPKfSB_i,gpu_min_REG_RD,0.0
llm_layer,layer,3,_ZN4vllm30reshape_and_cache_flash_kernelI13__nv_bfloat16S1_LNS_18Fp8KVCacheDataTypeE0EEEvPKT_S5_PT0_S7_PKlllllliiiPKfSB_i,gpu_min_REG_WR,0.0
llm_layer,layer,3,_ZN4vllm30reshape_and_cache_flash_kernelI13__nv_bfloat16S1_LNS_18Fp8KVCacheDataTypeE0EEEvPKT_S5_PT0_S7_PKlllllliiiPKfSB_i,gpu_min_NON_REG_OPs,0.0
llm_layer,layer,3,_ZN4vllm30reshape_and_cache_flash_kernelI13__nv_bfloat16S1_LNS_18Fp8KVCacheDataTypeE0EEEvPKT_S5_PT0_S7_PKlllllliiiPKfSB_i,gpu_min_INT_ACC,38368.5
llm_layer,layer,3,_ZN4vllm30reshape_and_cache_flash_kernelI13__nv_bfloat16S1_LNS_18Fp8KVCacheDataTypeE0EEEvPKT_S5_PT0_S7_PKlllllliiiPKfSB_i,gpu_min_FPU_ACC,0.0
llm_layer,layer,3,_ZN4vllm30reshape_and_cache_flash_kernelI13__nv_bfloat16S1_LNS_18Fp8KVCacheDataTypeE0EEEvPKT_S5_PT0_S7_PKlllllliiiPKfSB_i,gpu_min_DPU_ACC,0.0
llm_layer,layer,3,_ZN4vllm30reshape_and_cache_flash_kernelI13__nv_bfloat16S1_LNS_18Fp8KVCacheDataTypeE0EEEvPKT_S5_PT0_S7_PKlllllliiiPKfSB_i,gpu_min_INT_MUL24_ACC,0.0
llm_layer,layer,3,_ZN4vllm30reshape_and_cache_flash_kernelI13__nv_bfloat16S1_LNS_18Fp8KVCacheDataTypeE0EEEvPKT_S5_PT0_S7_PKlllllliiiPKfSB_i,gpu_min_INT_MUL32_ACC,0.0
llm_layer,layer,3,_ZN4vllm30reshape_and_cache_flash_kernelI13__nv_bfloat16S1_LNS_18Fp8KVCacheDataTypeE0EEEvPKT_S5_PT0_S7_PKlllllliiiPKfSB_i,gpu_min_INT_MUL_ACC,441.977
llm_layer,layer,3,_ZN4vllm30reshape_and_cache_flash_kernelI13__nv_bfloat16S1_LNS_18Fp8KVCacheDataTypeE0EEEvPKT_S5_PT0_S7_PKlllllliiiPKfSB_i,gpu_min_INT_DIV_ACC,0.0
llm_layer,layer,3,_ZN4vllm30reshape_and_cache_flash_kernelI13__nv_bfloat16S1_LNS_18Fp8KVCacheDataTypeE0EEEvPKT_S5_PT0_S7_PKlllllliiiPKfSB_i,gpu_min_FP_MUL_ACC,0.0
llm_layer,layer,3,_ZN4vllm30reshape_and_cache_flash_kernelI13__nv_bfloat16S1_LNS_18Fp8KVCacheDataTypeE0EEEvPKT_S5_PT0_S7_PKlllllliiiPKfSB_i,gpu_min_FP_DIV_ACC,0.0
llm_layer,layer,3,_ZN4vllm30reshape_and_cache_flash_kernelI13__nv_bfloat16S1_LNS_18Fp8KVCacheDataTypeE0EEEvPKT_S5_PT0_S7_PKlllllliiiPKfSB_i,gpu_min_FP_SQRT_ACC,0.0
llm_layer,layer,3,_ZN4vllm30reshape_and_cache_flash_kernelI13__nv_bfloat16S1_LNS_18Fp8KVCacheDataTypeE0EEEvPKT_S5_PT0_S7_PKlllllliiiPKfSB_i,gpu_min_FP_LG_ACC,0.0
llm_layer,layer,3,_ZN4vllm30reshape_and_cache_flash_kernelI13__nv_bfloat16S1_LNS_18Fp8KVCacheDataTypeE0EEEvPKT_S5_PT0_S7_PKlllllliiiPKfSB_i,gpu_min_FP_SIN_ACC,0.0
llm_layer,layer,3,_ZN4vllm30reshape_and_cache_flash_kernelI13__nv_bfloat16S1_LNS_18Fp8KVCacheDataTypeE0EEEvPKT_S5_PT0_S7_PKlllllliiiPKfSB_i,gpu_min_FP_EXP_ACC,0.0
llm_layer,layer,3,_ZN4vllm30reshape_and_cache_flash_kernelI13__nv_bfloat16S1_LNS_18Fp8KVCacheDataTypeE0EEEvPKT_S5_PT0_S7_PKlllllliiiPKfSB_i,gpu_min_DP_MUL_ACC,0.0
llm_layer,layer,3,_ZN4vllm30reshape_and_cache_flash_kernelI13__nv_bfloat16S1_LNS_18Fp8KVCacheDataTypeE0EEEvPKT_S5_PT0_S7_PKlllllliiiPKfSB_i,gpu_min_DP_DIV_ACC,0.0
llm_layer,layer,3,_ZN4vllm30reshape_and_cache_flash_kernelI13__nv_bfloat16S1_LNS_18Fp8KVCacheDataTypeE0EEEvPKT_S5_PT0_S7_PKlllllliiiPKfSB_i,gpu_min_TENSOR_ACC,0.0
llm_layer,layer,3,_ZN4vllm30reshape_and_cache_flash_kernelI13__nv_bfloat16S1_LNS_18Fp8KVCacheDataTypeE0EEEvPKT_S5_PT0_S7_PKlllllliiiPKfSB_i,gpu_min_TEX_ACC,0.0
llm_layer,layer,3,_ZN4vllm30reshape_and_cache_flash_kernelI13__nv_bfloat16S1_LNS_18Fp8KVCacheDataTypeE0EEEvPKT_S5_PT0_S7_PKlllllliiiPKfSB_i,gpu_min_MEM_RD,0.0
llm_layer,layer,3,_ZN4vllm30reshape_and_cache_flash_kernelI13__nv_bfloat16S1_LNS_18Fp8KVCacheDataTypeE0EEEvPKT_S5_PT0_S7_PKlllllliiiPKfSB_i,gpu_min_MEM_WR,0.0
llm_layer,layer,3,_ZN4vllm30reshape_and_cache_flash_kernelI13__nv_bfloat16S1_LNS_18Fp8KVCacheDataTypeE0EEEvPKT_S5_PT0_S7_PKlllllliiiPKfSB_i,gpu_min_MEM_PRE,0.0
llm_layer,layer,3,_ZN4vllm30reshape_and_cache_flash_kernelI13__nv_bfloat16S1_LNS_18Fp8KVCacheDataTypeE0EEEvPKT_S5_PT0_S7_PKlllllliiiPKfSB_i,gpu_min_L2_RH,0.0
llm_layer,layer,3,_ZN4vllm30reshape_and_cache_flash_kernelI13__nv_bfloat16S1_LNS_18Fp8KVCacheDataTypeE0EEEvPKT_S5_PT0_S7_PKlllllliiiPKfSB_i,gpu_min_L2_RM,4.0
llm_layer,layer,3,_ZN4vllm30reshape_and_cache_flash_kernelI13__nv_bfloat16S1_LNS_18Fp8KVCacheDataTypeE0EEEvPKT_S5_PT0_S7_PKlllllliiiPKfSB_i,gpu_min_L2_WH,0.0
llm_layer,layer,3,_ZN4vllm30reshape_and_cache_flash_kernelI13__nv_bfloat16S1_LNS_18Fp8KVCacheDataTypeE0EEEvPKT_S5_PT0_S7_PKlllllliiiPKfSB_i,gpu_min_L2_WM,0.0
llm_layer,layer,3,_ZN4vllm30reshape_and_cache_flash_kernelI13__nv_bfloat16S1_LNS_18Fp8KVCacheDataTypeE0EEEvPKT_S5_PT0_S7_PKlllllliiiPKfSB_i,gpu_min_NOC_A,10.0
llm_layer,layer,3,_ZN4vllm30reshape_and_cache_flash_kernelI13__nv_bfloat16S1_LNS_18Fp8KVCacheDataTypeE0EEEvPKT_S5_PT0_S7_PKlllllliiiPKfSB_i,gpu_min_PIPE_A,0.000606061
llm_layer,layer,3,_ZN4vllm30reshape_and_cache_flash_kernelI13__nv_bfloat16S1_LNS_18Fp8KVCacheDataTypeE0EEEvPKT_S5_PT0_S7_PKlllllliiiPKfSB_i,gpu_min_IDLE_CORE_N,122.32
llm_layer,layer,3,_ZN4vllm30reshape_and_cache_flash_kernelI13__nv_bfloat16S1_LNS_18Fp8KVCacheDataTypeE0EEEvPKT_S5_PT0_S7_PKlllllliiiPKfSB_i,gpu_min_constant_power,0.0
llm_layer,layer,3,_ZN4vllm30reshape_and_cache_flash_kernelI13__nv_bfloat16S1_LNS_18Fp8KVCacheDataTypeE0EEEvPKT_S5_PT0_S7_PKlllllliiiPKfSB_i,gpu_tot_avg_power,75.2797
llm_layer,layer,3,_ZN4vllm30reshape_and_cache_flash_kernelI13__nv_bfloat16S1_LNS_18Fp8KVCacheDataTypeE0EEEvPKT_S5_PT0_S7_PKlllllliiiPKfSB_i,gpu_tot_max_power,110.623
llm_layer,layer,3,_ZN4vllm30reshape_and_cache_flash_kernelI13__nv_bfloat16S1_LNS_18Fp8KVCacheDataTypeE0EEEvPKT_S5_PT0_S7_PKlllllliiiPKfSB_i,gpu_tot_min_power,70.15
llm_layer,layer,4,_ZN7cutlass13device_kernelIN5flash20enable_sm90_or_laterINS1_16FlashAttnFwdSm90INS1_25CollectiveMainloopFwdSm90ILi2EN4cute5tupleIJNS5_1CILi1EEES8_S8_EEENS6_IJNS7_ILi192EEENS7_ILi128EEENS7_ILi64EEEEEELi64ENS_10bfloat16_tEfNS_4arch4Sm90ELb1ELb0ELb0ELb1ELb1ELb0ELb0ELb1ELb1ELb1ELb0ELb0ESE_Li1EEENS1_21CollectiveEpilogueFwdINS6_IJSA_SC_SB_EEES9_SE_SG_Li384ELb1ELb1ELb0ELb0ELi1EEENS1_36VarlenDynamicPersistentTileSchedulerILi192ELi128ELi384ELi128ELb0ELb1ELb1ELb1ELb0ELb1EEEEEEEEEvNT_6ParamsE,kernel_launch_uid,5.0
llm_layer,layer,4,_ZN7cutlass13device_kernelIN5flash20enable_sm90_or_laterINS1_16FlashAttnFwdSm90INS1_25CollectiveMainloopFwdSm90ILi2EN4cute5tupleIJNS5_1CILi1EEES8_S8_EEENS6_IJNS7_ILi192EEENS7_ILi128EEENS7_ILi64EEEEEELi64ENS_10bfloat16_tEfNS_4arch4Sm90ELb1ELb0ELb0ELb1ELb1ELb0ELb0ELb1ELb1ELb1ELb0ELb0ESE_Li1EEENS1_21CollectiveEpilogueFwdINS6_IJSA_SC_SB_EEES9_SE_SG_Li384ELb1ELb1ELb0ELb0ELi1EEENS1_36VarlenDynamicPersistentTileSchedulerILi192ELi128ELi384ELi128ELb0ELb1ELb1ELb1ELb0ELb1EEEEEEEEEvNT_6ParamsE,kernel_avg_power,74.7561
llm_layer,layer,4,_ZN7cutlass13device_kernelIN5flash20enable_sm90_or_laterINS1_16FlashAttnFwdSm90INS1_25CollectiveMainloopFwdSm90ILi2EN4cute5tupleIJNS5_1CILi1EEES8_S8_EEENS6_IJNS7_ILi192EEENS7_ILi128EEENS7_ILi64EEEEEELi64ENS_10bfloat16_tEfNS_4arch4Sm90ELb1ELb0ELb0ELb1ELb1ELb0ELb0ELb1ELb1ELb1ELb0ELb0ESE_Li1EEENS1_21CollectiveEpilogueFwdINS6_IJSA_SC_SB_EEES9_SE_SG_Li384ELb1ELb1ELb0ELb0ELi1EEENS1_36VarlenDynamicPersistentTileSchedulerILi192ELi128ELi384ELi128ELb0ELb1ELb1ELb1ELb0ELb1EEEEEEEEEvNT_6ParamsE,gpu_avg_IBP,0.174314
llm_layer,layer,4,_ZN7cutlass13device_kernelIN5flash20enable_sm90_or_laterINS1_16FlashAttnFwdSm90INS1_25CollectiveMainloopFwdSm90ILi2EN4cute5tupleIJNS5_1CILi1EEES8_S8_EEENS6_IJNS7_ILi192EEENS7_ILi128EEENS7_ILi64EEEEEELi64ENS_10bfloat16_tEfNS_4arch4Sm90ELb1ELb0ELb0ELb1ELb1ELb0ELb0ELb1ELb1ELb1ELb0ELb0ESE_Li1EEENS1_21CollectiveEpilogueFwdINS6_IJSA_SC_SB_EEES9_SE_SG_Li384ELb1ELb1ELb0ELb0ELi1EEENS1_36VarlenDynamicPersistentTileSchedulerILi192ELi128ELi384ELi128ELb0ELb1ELb1ELb1ELb0ELb1EEEEEEEEEvNT_6ParamsE,gpu_avg_ICP,0.0
llm_layer,layer,4,_ZN7cutlass13device_kernelIN5flash20enable_sm90_or_laterINS1_16FlashAttnFwdSm90INS1_25CollectiveMainloopFwdSm90ILi2EN4cute5tupleIJNS5_1CILi1EEES8_S8_EEENS6_IJNS7_ILi192EEENS7_ILi128EEENS7_ILi64EEEEEELi64ENS_10bfloat16_tEfNS_4arch4Sm90ELb1ELb0ELb0ELb1ELb1ELb0ELb0ELb1ELb1ELb1ELb0ELb0ESE_Li1EEENS1_21CollectiveEpilogueFwdINS6_IJSA_SC_SB_EEES9_SE_SG_Li384ELb1ELb1ELb0ELb0ELi1EEENS1_36VarlenDynamicPersistentTileSchedulerILi192ELi128ELi384ELi128ELb0ELb1ELb1ELb1ELb0ELb1EEEEEEEEEvNT_6ParamsE,gpu_avg_DCP,0.479452
llm_layer,layer,4,_ZN7cutlass13device_kernelIN5flash20enable_sm90_or_laterINS1_16FlashAttnFwdSm90INS1_25CollectiveMainloopFwdSm90ILi2EN4cute5tupleIJNS5_1CILi1EEES8_S8_EEENS6_IJNS7_ILi192EEENS7_ILi128EEENS7_ILi64EEEEEELi64ENS_10bfloat16_tEfNS_4arch4Sm90ELb1ELb0ELb0ELb1ELb1ELb0ELb0ELb1ELb1ELb1ELb0ELb0ESE_Li1EEENS1_21CollectiveEpilogueFwdINS6_IJSA_SC_SB_EEES9_SE_SG_Li384ELb1ELb1ELb0ELb0ELi1EEENS1_36VarlenDynamicPersistentTileSchedulerILi192ELi128ELi384ELi128ELb0ELb1ELb1ELb1ELb0ELb1EEEEEEEEEvNT_6ParamsE,gpu_avg_TCP,0.0
llm_layer,layer,4,_ZN7cutlass13device_kernelIN5flash20enable_sm90_or_laterINS1_16FlashAttnFwdSm90INS1_25CollectiveMainloopFwdSm90ILi2EN4cute5tupleIJNS5_1CILi1EEES8_S8_EEENS6_IJNS7_ILi192EEENS7_ILi128EEENS7_ILi64EEEEEELi64ENS_10bfloat16_tEfNS_4arch4Sm90ELb1ELb0ELb0ELb1ELb1ELb0ELb0ELb1ELb1ELb1ELb0ELb0ESE_Li1EEENS1_21CollectiveEpilogueFwdINS6_IJSA_SC_SB_EEES9_SE_SG_Li384ELb1ELb1ELb0ELb0ELi1EEENS1_36VarlenDynamicPersistentTileSchedulerILi192ELi128ELi384ELi128ELb0ELb1ELb1ELb1ELb0ELb1EEEEEEEEEvNT_6ParamsE,gpu_avg_CCP,0.00207162
llm_layer,layer,4,_ZN7cutlass13device_kernelIN5flash20enable_sm90_or_laterINS1_16FlashAttnFwdSm90INS1_25CollectiveMainloopFwdSm90ILi2EN4cute5tupleIJNS5_1CILi1EEES8_S8_EEENS6_IJNS7_ILi192EEENS7_ILi128EEENS7_ILi64EEEEEELi64ENS_10bfloat16_tEfNS_4arch4Sm90ELb1ELb0ELb0ELb1ELb1ELb0ELb0ELb1ELb1ELb1ELb0ELb0ESE_Li1EEENS1_21CollectiveEpilogueFwdINS6_IJSA_SC_SB_EEES9_SE_SG_Li384ELb1ELb1ELb0ELb0ELi1EEENS1_36VarlenDynamicPersistentTileSchedulerILi192ELi128ELi384ELi128ELb0ELb1ELb1ELb1ELb0ELb1EEEEEEEEEvNT_6ParamsE,gpu_avg_SHRDP,0.0904912
llm_layer,layer,4,_ZN7cutlass13device_kernelIN5flash20enable_sm90_or_laterINS1_16FlashAttnFwdSm90INS1_25CollectiveMainloopFwdSm90ILi2EN4cute5tupleIJNS5_1CILi1EEES8_S8_EEENS6_IJNS7_ILi192EEENS7_ILi128EEENS7_ILi64EEEEEELi64ENS_10bfloat16_tEfNS_4arch4Sm90ELb1ELb0ELb0ELb1ELb1ELb0ELb0ELb1ELb1ELb1ELb0ELb0ESE_Li1EEENS1_21CollectiveEpilogueFwdINS6_IJSA_SC_SB_EEES9_SE_SG_Li384ELb1ELb1ELb0ELb0ELi1EEENS1_36VarlenDynamicPersistentTileSchedulerILi192ELi128ELi384ELi128ELb0ELb1ELb1ELb1ELb0ELb1EEEEEEEEEvNT_6ParamsE,gpu_avg_RFP,0.0
llm_layer,layer,4,_ZN7cutlass13device_kernelIN5flash20enable_sm90_or_laterINS1_16FlashAttnFwdSm90INS1_25CollectiveMainloopFwdSm90ILi2EN4cute5tupleIJNS5_1CILi1EEES8_S8_EEENS6_IJNS7_ILi192EEENS7_ILi128EEENS7_ILi64EEEEEELi64ENS_10bfloat16_tEfNS_4arch4Sm90ELb1ELb0ELb0ELb1ELb1ELb0ELb0ELb1ELb1ELb1ELb0ELb0ESE_Li1EEENS1_21CollectiveEpilogueFwdINS6_IJSA_SC_SB_EEES9_SE_SG_Li384ELb1ELb1ELb0ELb0ELi1EEENS1_36VarlenDynamicPersistentTileSchedulerILi192ELi128ELi384ELi128ELb0ELb1ELb1ELb1ELb0ELb1EEEEEEEEEvNT_6ParamsE,gpu_avg_INTP,2.73801
llm_layer,layer,4,_ZN7cutlass13device_kernelIN5flash20enable_sm90_or_laterINS1_16FlashAttnFwdSm90INS1_25CollectiveMainloopFwdSm90ILi2EN4cute5tupleIJNS5_1CILi1EEES8_S8_EEENS6_IJNS7_ILi192EEENS7_ILi128EEENS7_ILi64EEEEEELi64ENS_10bfloat16_tEfNS_4arch4Sm90ELb1ELb0ELb0ELb1ELb1ELb0ELb0ELb1ELb1ELb1ELb0ELb0ESE_Li1EEENS1_21CollectiveEpilogueFwdINS6_IJSA_SC_SB_EEES9_SE_SG_Li384ELb1ELb1ELb0ELb0ELi1EEENS1_36VarlenDynamicPersistentTileSchedulerILi192ELi128ELi384ELi128ELb0ELb1ELb1ELb1ELb0ELb1EEEEEEEEEvNT_6ParamsE,gpu_avg_FPUP,0.255452
llm_layer,layer,4,_ZN7cutlass13device_kernelIN5flash20enable_sm90_or_laterINS1_16FlashAttnFwdSm90INS1_25CollectiveMainloopFwdSm90ILi2EN4cute5tupleIJNS5_1CILi1EEES8_S8_EEENS6_IJNS7_ILi192EEENS7_ILi128EEENS7_ILi64EEEEEELi64ENS_10bfloat16_tEfNS_4arch4Sm90ELb1ELb0ELb0ELb1ELb1ELb0ELb0ELb1ELb1ELb1ELb0ELb0ESE_Li1EEENS1_21CollectiveEpilogueFwdINS6_IJSA_SC_SB_EEES9_SE_SG_Li384ELb1ELb1ELb0ELb0ELi1EEENS1_36VarlenDynamicPersistentTileSchedulerILi192ELi128ELi384ELi128ELb0ELb1ELb1ELb1ELb0ELb1EEEEEEEEEvNT_6ParamsE,gpu_avg_DPUP,0.0
llm_layer,layer,4,_ZN7cutlass13device_kernelIN5flash20enable_sm90_or_laterINS1_16FlashAttnFwdSm90INS1_25CollectiveMainloopFwdSm90ILi2EN4cute5tupleIJNS5_1CILi1EEES8_S8_EEENS6_IJNS7_ILi192EEENS7_ILi128EEENS7_ILi64EEEEEELi64ENS_10bfloat16_tEfNS_4arch4Sm90ELb1ELb0ELb0ELb1ELb1ELb0ELb0ELb1ELb1ELb1ELb0ELb0ESE_Li1EEENS1_21CollectiveEpilogueFwdINS6_IJSA_SC_SB_EEES9_SE_SG_Li384ELb1ELb1ELb0ELb0ELi1EEENS1_36VarlenDynamicPersistentTileSchedulerILi192ELi128ELi384ELi128ELb0ELb1ELb1ELb1ELb0ELb1EEEEEEEEEvNT_6ParamsE,gpu_avg_INT_MUL24P,0.0
llm_layer,layer,4,_ZN7cutlass13device_kernelIN5flash20enable_sm90_or_laterINS1_16FlashAttnFwdSm90INS1_25CollectiveMainloopFwdSm90ILi2EN4cute5tupleIJNS5_1CILi1EEES8_S8_EEENS6_IJNS7_ILi192EEENS7_ILi128EEENS7_ILi64EEEEEELi64ENS_10bfloat16_tEfNS_4arch4Sm90ELb1ELb0ELb0ELb1ELb1ELb0ELb0ELb1ELb1ELb1ELb0ELb0ESE_Li1EEENS1_21CollectiveEpilogueFwdINS6_IJSA_SC_SB_EEES9_SE_SG_Li384ELb1ELb1ELb0ELb0ELi1EEENS1_36VarlenDynamicPersistentTileSchedulerILi192ELi128ELi384ELi128ELb0ELb1ELb1ELb1ELb0ELb1EEEEEEEEEvNT_6ParamsE,gpu_avg_INT_MUL32P,0.0
llm_layer,layer,4,_ZN7cutlass13device_kernelIN5flash20enable_sm90_or_laterINS1_16FlashAttnFwdSm90INS1_25CollectiveMainloopFwdSm90ILi2EN4cute5tupleIJNS5_1CILi1EEES8_S8_EEENS6_IJNS7_ILi192EEENS7_ILi128EEENS7_ILi64EEEEEELi64ENS_10bfloat16_tEfNS_4arch4Sm90ELb1ELb0ELb0ELb1ELb1ELb0ELb0ELb1ELb1ELb1ELb0ELb0ESE_Li1EEENS1_21CollectiveEpilogueFwdINS6_IJSA_SC_SB_EEES9_SE_SG_Li384ELb1ELb1ELb0ELb0ELi1EEENS1_36VarlenDynamicPersistentTileSchedulerILi192ELi128ELi384ELi128ELb0ELb1ELb1ELb1ELb0ELb1EEEEEEEEEvNT_6ParamsE,gpu_avg_INT_MULP,0.143682
llm_layer,layer,4,_ZN7cutlass13device_kernelIN5flash20enable_sm90_or_laterINS1_16FlashAttnFwdSm90INS1_25CollectiveMainloopFwdSm90ILi2EN4cute5tupleIJNS5_1CILi1EEES8_S8_EEENS6_IJNS7_ILi192EEENS7_ILi128EEENS7_ILi64EEEEEELi64ENS_10bfloat16_tEfNS_4arch4Sm90ELb1ELb0ELb0ELb1ELb1ELb0ELb0ELb1ELb1ELb1ELb0ELb0ESE_Li1EEENS1_21CollectiveEpilogueFwdINS6_IJSA_SC_SB_EEES9_SE_SG_Li384ELb1ELb1ELb0ELb0ELi1EEENS1_36VarlenDynamicPersistentTileSchedulerILi192ELi128ELi384ELi128ELb0ELb1ELb1ELb1ELb0ELb1EEEEEEEEEvNT_6ParamsE,gpu_avg_INT_DIVP,0.0
llm_layer,layer,4,_ZN7cutlass13device_kernelIN5flash20enable_sm90_or_laterINS1_16FlashAttnFwdSm90INS1_25CollectiveMainloopFwdSm90ILi2EN4cute5tupleIJNS5_1CILi1EEES8_S8_EEENS6_IJNS7_ILi192EEENS7_ILi128EEENS7_ILi64EEEEEELi64ENS_10bfloat16_tEfNS_4arch4Sm90ELb1ELb0ELb0ELb1ELb1ELb0ELb0ELb1ELb1ELb1ELb0ELb0ESE_Li1EEENS1_21CollectiveEpilogueFwdINS6_IJSA_SC_SB_EEES9_SE_SG_Li384ELb1ELb1ELb0ELb0ELi1EEENS1_36VarlenDynamicPersistentTileSchedulerILi192ELi128ELi384ELi128ELb0ELb1ELb1ELb1ELb0ELb1EEEEEEEEEvNT_6ParamsE,gpu_avg_FP_MULP,0.0360942
llm_layer,layer,4,_ZN7cutlass13device_kernelIN5flash20enable_sm90_or_laterINS1_16FlashAttnFwdSm90INS1_25CollectiveMainloopFwdSm90ILi2EN4cute5tupleIJNS5_1CILi1EEES8_S8_EEENS6_IJNS7_ILi192EEENS7_ILi128EEENS7_ILi64EEEEEELi64ENS_10bfloat16_tEfNS_4arch4Sm90ELb1ELb0ELb0ELb1ELb1ELb0ELb0ELb1ELb1ELb1ELb0ELb0ESE_Li1EEENS1_21CollectiveEpilogueFwdINS6_IJSA_SC_SB_EEES9_SE_SG_Li384ELb1ELb1ELb0ELb0ELi1EEENS1_36VarlenDynamicPersistentTileSchedulerILi192ELi128ELi384ELi128ELb0ELb1ELb1ELb1ELb0ELb1EEEEEEEEEvNT_6ParamsE,gpu_avg_FP_DIVP,0.0
llm_layer,layer,4,_ZN7cutlass13device_kernelIN5flash20enable_sm90_or_laterINS1_16FlashAttnFwdSm90INS1_25CollectiveMainloopFwdSm90ILi2EN4cute5tupleIJNS5_1CILi1EEES8_S8_EEENS6_IJNS7_ILi192EEENS7_ILi128EEENS7_ILi64EEEEEELi64ENS_10bfloat16_tEfNS_4arch4Sm90ELb1ELb0ELb0ELb1ELb1ELb0ELb0ELb1ELb1ELb1ELb0ELb0ESE_Li1EEENS1_21CollectiveEpilogueFwdINS6_IJSA_SC_SB_EEES9_SE_SG_Li384ELb1ELb1ELb0ELb0ELi1EEENS1_36VarlenDynamicPersistentTileSchedulerILi192ELi128ELi384ELi128ELb0ELb1ELb1ELb1ELb0ELb1EEEEEEEEEvNT_6ParamsE,gpu_avg_FP_SQRTP,0.0
llm_layer,layer,4,_ZN7cutlass13device_kernelIN5flash20enable_sm90_or_laterINS1_16FlashAttnFwdSm90INS1_25CollectiveMainloopFwdSm90ILi2EN4cute5tupleIJNS5_1CILi1EEES8_S8_EEENS6_IJNS7_ILi192EEENS7_ILi128EEENS7_ILi64EEEEEELi64ENS_10bfloat16_tEfNS_4arch4Sm90ELb1ELb0ELb0ELb1ELb1ELb0ELb0ELb1ELb1ELb1ELb0ELb0ESE_Li1EEENS1_21CollectiveEpilogueFwdINS6_IJSA_SC_SB_EEES9_SE_SG_Li384ELb1ELb1ELb0ELb0ELi1EEENS1_36VarlenDynamicPersistentTileSchedulerILi192ELi128ELi384ELi128ELb0ELb1ELb1ELb1ELb0ELb1EEEEEEEEEvNT_6ParamsE,gpu_avg_FP_LGP,0.000794571
llm_layer,layer,4,_ZN7cutlass13device_kernelIN5flash20enable_sm90_or_laterINS1_16FlashAttnFwdSm90INS1_25CollectiveMainloopFwdSm90ILi2EN4cute5tupleIJNS5_1CILi1EEES8_S8_EEENS6_IJNS7_ILi192EEENS7_ILi128EEENS7_ILi64EEEEEELi64ENS_10bfloat16_tEfNS_4arch4Sm90ELb1ELb0ELb0ELb1ELb1ELb0ELb0ELb1ELb1ELb1ELb0ELb0ESE_Li1EEENS1_21CollectiveEpilogueFwdINS6_IJSA_SC_SB_EEES9_SE_SG_Li384ELb1ELb1ELb0ELb0ELi1EEENS1_36VarlenDynamicPersistentTileSchedulerILi192ELi128ELi384ELi128ELb0ELb1ELb1ELb1ELb0ELb1EEEEEEEEEvNT_6ParamsE,gpu_avg_FP_SINP,0.0
llm_layer,layer,4,_ZN7cutlass13device_kernelIN5flash20enable_sm90_or_laterINS1_16FlashAttnFwdSm90INS1_25CollectiveMainloopFwdSm90ILi2EN4cute5tupleIJNS5_1CILi1EEES8_S8_EEENS6_IJNS7_ILi192EEENS7_ILi128EEENS7_ILi64EEEEEELi64ENS_10bfloat16_tEfNS_4arch4Sm90ELb1ELb0ELb0ELb1ELb1ELb0ELb0ELb1ELb1ELb1ELb0ELb0ESE_Li1EEENS1_21CollectiveEpilogueFwdINS6_IJSA_SC_SB_EEES9_SE_SG_Li384ELb1ELb1ELb0ELb0ELi1EEENS1_36VarlenDynamicPersistentTileSchedulerILi192ELi128ELi384ELi128ELb0ELb1ELb1ELb1ELb0ELb1EEEEEEEEEvNT_6ParamsE,gpu_avg_FP_EXP,0.0947915
llm_layer,layer,4,_ZN7cutlass13device_kernelIN5flash20enable_sm90_or_laterINS1_16FlashAttnFwdSm90INS1_25CollectiveMainloopFwdSm90ILi2EN4cute5tupleIJNS5_1CILi1EEES8_S8_EEENS6_IJNS7_ILi192EEENS7_ILi128EEENS7_ILi64EEEEEELi64ENS_10bfloat16_tEfNS_4arch4Sm90ELb1ELb0ELb0ELb1ELb1ELb0ELb0ELb1ELb1ELb1ELb0ELb0ESE_Li1EEENS1_21CollectiveEpilogueFwdINS6_IJSA_SC_SB_EEES9_SE_SG_Li384ELb1ELb1ELb0ELb0ELi1EEENS1_36VarlenDynamicPersistentTileSchedulerILi192ELi128ELi384ELi128ELb0ELb1ELb1ELb1ELb0ELb1EEEEEEEEEvNT_6ParamsE,gpu_avg_DP_MULP,0.0
llm_layer,layer,4,_ZN7cutlass13device_kernelIN5flash20enable_sm90_or_laterINS1_16FlashAttnFwdSm90INS1_25CollectiveMainloopFwdSm90ILi2EN4cute5tupleIJNS5_1CILi1EEES8_S8_EEENS6_IJNS7_ILi192EEENS7_ILi128EEENS7_ILi64EEEEEELi64ENS_10bfloat16_tEfNS_4arch4Sm90ELb1ELb0ELb0ELb1ELb1ELb0ELb0ELb1ELb1ELb1ELb0ELb0ESE_Li1EEENS1_21CollectiveEpilogueFwdINS6_IJSA_SC_SB_EEES9_SE_SG_Li384ELb1ELb1ELb0ELb0ELi1EEENS1_36VarlenDynamicPersistentTileSchedulerILi192ELi128ELi384ELi128ELb0ELb1ELb1ELb1ELb0ELb1EEEEEEEEEvNT_6ParamsE,gpu_avg_DP_DIVP,0.0
llm_layer,layer,4,_ZN7cutlass13device_kernelIN5flash20enable_sm90_or_laterINS1_16FlashAttnFwdSm90INS1_25CollectiveMainloopFwdSm90ILi2EN4cute5tupleIJNS5_1CILi1EEES8_S8_EEENS6_IJNS7_ILi192EEENS7_ILi128EEENS7_ILi64EEEEEELi64ENS_10bfloat16_tEfNS_4arch4Sm90ELb1ELb0ELb0ELb1ELb1ELb0ELb0ELb1ELb1ELb1ELb0ELb0ESE_Li1EEENS1_21CollectiveEpilogueFwdINS6_IJSA_SC_SB_EEES9_SE_SG_Li384ELb1ELb1ELb0ELb0ELi1EEENS1_36VarlenDynamicPersistentTileSchedulerILi192ELi128ELi384ELi128ELb0ELb1ELb1ELb1ELb0ELb1EEEEEEEEEvNT_6ParamsE,gpu_avg_TENSORP,0.0
llm_layer,layer,4,_ZN7cutlass13device_kernelIN5flash20enable_sm90_or_laterINS1_16FlashAttnFwdSm90INS1_25CollectiveMainloopFwdSm90ILi2EN4cute5tupleIJNS5_1CILi1EEES8_S8_EEENS6_IJNS7_ILi192EEENS7_ILi128EEENS7_ILi64EEEEEELi64ENS_10bfloat16_tEfNS_4arch4Sm90ELb1ELb0ELb0ELb1ELb1ELb0ELb0ELb1ELb1ELb1ELb0ELb0ESE_Li1EEENS1_21CollectiveEpilogueFwdINS6_IJSA_SC_SB_EEES9_SE_SG_Li384ELb1ELb1ELb0ELb0ELi1EEENS1_36VarlenDynamicPersistentTileSchedulerILi192ELi128ELi384ELi128ELb0ELb1ELb1ELb1ELb0ELb1EEEEEEEEEvNT_6ParamsE,gpu_avg_TEXP,0.0
llm_layer,layer,4,_ZN7cutlass13device_kernelIN5flash20enable_sm90_or_laterINS1_16FlashAttnFwdSm90INS1_25CollectiveMainloopFwdSm90ILi2EN4cute5tupleIJNS5_1CILi1EEES8_S8_EEENS6_IJNS7_ILi192EEENS7_ILi128EEENS7_ILi64EEEEEELi64ENS_10bfloat16_tEfNS_4arch4Sm90ELb1ELb0ELb0ELb1ELb1ELb0ELb0ELb1ELb1ELb1ELb0ELb0ESE_Li1EEENS1_21CollectiveEpilogueFwdINS6_IJSA_SC_SB_EEES9_SE_SG_Li384ELb1ELb1ELb0ELb0ELi1EEENS1_36VarlenDynamicPersistentTileSchedulerILi192ELi128ELi384ELi128ELb0ELb1ELb1ELb1ELb0ELb1EEEEEEEEEvNT_6ParamsE,gpu_avg_SCHEDP,0.465847
llm_layer,layer,4,_ZN7cutlass13device_kernelIN5flash20enable_sm90_or_laterINS1_16FlashAttnFwdSm90INS1_25CollectiveMainloopFwdSm90ILi2EN4cute5tupleIJNS5_1CILi1EEES8_S8_EEENS6_IJNS7_ILi192EEENS7_ILi128EEENS7_ILi64EEEEEELi64ENS_10bfloat16_tEfNS_4arch4Sm90ELb1ELb0ELb0ELb1ELb1ELb0ELb0ELb1ELb1ELb1ELb0ELb0ESE_Li1EEENS1_21CollectiveEpilogueFwdINS6_IJSA_SC_SB_EEES9_SE_SG_Li384ELb1ELb1ELb0ELb0ELi1EEENS1_36VarlenDynamicPersistentTileSchedulerILi192ELi128ELi384ELi128ELb0ELb1ELb1ELb1ELb0ELb1EEEEEEEEEvNT_6ParamsE,gpu_avg_L2CP,0.112035
llm_layer,layer,4,_ZN7cutlass13device_kernelIN5flash20enable_sm90_or_laterINS1_16FlashAttnFwdSm90INS1_25CollectiveMainloopFwdSm90ILi2EN4cute5tupleIJNS5_1CILi1EEES8_S8_EEENS6_IJNS7_ILi192EEENS7_ILi128EEENS7_ILi64EEEEEELi64ENS_10bfloat16_tEfNS_4arch4Sm90ELb1ELb0ELb0ELb1ELb1ELb0ELb0ELb1ELb1ELb1ELb0ELb0ESE_Li1EEENS1_21CollectiveEpilogueFwdINS6_IJSA_SC_SB_EEES9_SE_SG_Li384ELb1ELb1ELb0ELb0ELi1EEENS1_36VarlenDynamicPersistentTileSchedulerILi192ELi128ELi384ELi128ELb0ELb1ELb1ELb1ELb0ELb1EEEEEEEEEvNT_6ParamsE,gpu_avg_MCP,0.68365
llm_layer,layer,4,_ZN7cutlass13device_kernelIN5flash20enable_sm90_or_laterINS1_16FlashAttnFwdSm90INS1_25CollectiveMainloopFwdSm90ILi2EN4cute5tupleIJNS5_1CILi1EEES8_S8_EEENS6_IJNS7_ILi192EEENS7_ILi128EEENS7_ILi64EEEEEELi64ENS_10bfloat16_tEfNS_4arch4Sm90ELb1ELb0ELb0ELb1ELb1ELb0ELb0ELb1ELb1ELb1ELb0ELb0ESE_Li1EEENS1_21CollectiveEpilogueFwdINS6_IJSA_SC_SB_EEES9_SE_SG_Li384ELb1ELb1ELb0ELb0ELi1EEENS1_36VarlenDynamicPersistentTileSchedulerILi192ELi128ELi384ELi128ELb0ELb1ELb1ELb1ELb0ELb1EEEEEEEEEvNT_6ParamsE,gpu_avg_NOCP,0.320549
llm_layer,layer,4,_ZN7cutlass13device_kernelIN5flash20enable_sm90_or_laterINS1_16FlashAttnFwdSm90INS1_25CollectiveMainloopFwdSm90ILi2EN4cute5tupleIJNS5_1CILi1EEES8_S8_EEENS6_IJNS7_ILi192EEENS7_ILi128EEENS7_ILi64EEEEEELi64ENS_10bfloat16_tEfNS_4arch4Sm90ELb1ELb0ELb0ELb1ELb1ELb0ELb0ELb1ELb1ELb1ELb0ELb0ESE_Li1EEENS1_21CollectiveEpilogueFwdINS6_IJSA_SC_SB_EEES9_SE_SG_Li384ELb1ELb1ELb0ELb0ELi1EEENS1_36VarlenDynamicPersistentTileSchedulerILi192ELi128ELi384ELi128ELb0ELb1ELb1ELb1ELb0ELb1EEEEEEEEEvNT_6ParamsE,gpu_avg_DRAMP,0.0
llm_layer,layer,4,_ZN7cutlass13device_kernelIN5flash20enable_sm90_or_laterINS1_16FlashAttnFwdSm90INS1_25CollectiveMainloopFwdSm90ILi2EN4cute5tupleIJNS5_1CILi1EEES8_S8_EEENS6_IJNS7_ILi192EEENS7_ILi128EEENS7_ILi64EEEEEELi64ENS_10bfloat16_tEfNS_4arch4Sm90ELb1ELb0ELb0ELb1ELb1ELb0ELb0ELb1ELb1ELb1ELb0ELb0ESE_Li1EEENS1_21CollectiveEpilogueFwdINS6_IJSA_SC_SB_EEES9_SE_SG_Li384ELb1ELb1ELb0ELb0ELi1EEENS1_36VarlenDynamicPersistentTileSchedulerILi192ELi128ELi384ELi128ELb0ELb1ELb1ELb1ELb0ELb1EEEEEEEEEvNT_6ParamsE,gpu_avg_PIPEP,0.395662
llm_layer,layer,4,_ZN7cutlass13device_kernelIN5flash20enable_sm90_or_laterINS1_16FlashAttnFwdSm90INS1_25CollectiveMainloopFwdSm90ILi2EN4cute5tupleIJNS5_1CILi1EEES8_S8_EEENS6_IJNS7_ILi192EEENS7_ILi128EEENS7_ILi64EEEEEELi64ENS_10bfloat16_tEfNS_4arch4Sm90ELb1ELb0ELb0ELb1ELb1ELb0ELb0ELb1ELb1ELb1ELb0ELb0ESE_Li1EEENS1_21CollectiveEpilogueFwdINS6_IJSA_SC_SB_EEES9_SE_SG_Li384ELb1ELb1ELb0ELb0ELi1EEENS1_36VarlenDynamicPersistentTileSchedulerILi192ELi128ELi384ELi128ELb0ELb1ELb1ELb1ELb0ELb1EEEEEEEEEvNT_6ParamsE,gpu_avg_IDLE_COREP,32.9723
llm_layer,layer,4,_ZN7cutlass13device_kernelIN5flash20enable_sm90_or_laterINS1_16FlashAttnFwdSm90INS1_25CollectiveMainloopFwdSm90ILi2EN4cute5tupleIJNS5_1CILi1EEES8_S8_EEENS6_IJNS7_ILi192EEENS7_ILi128EEENS7_ILi64EEEEEELi64ENS_10bfloat16_tEfNS_4arch4Sm90ELb1ELb0ELb0ELb1ELb1ELb0ELb0ELb1ELb1ELb1ELb0ELb0ESE_Li1EEENS1_21CollectiveEpilogueFwdINS6_IJSA_SC_SB_EEES9_SE_SG_Li384ELb1ELb1ELb0ELb0ELi1EEENS1_36VarlenDynamicPersistentTileSchedulerILi192ELi128ELi384ELi128ELb0ELb1ELb1ELb1ELb0ELb1EEEEEEEEEvNT_6ParamsE,gpu_avg_CONSTP,32.3252
llm_layer,layer,4,_ZN7cutlass13device_kernelIN5flash20enable_sm90_or_laterINS1_16FlashAttnFwdSm90INS1_25CollectiveMainloopFwdSm90ILi2EN4cute5tupleIJNS5_1CILi1EEES8_S8_EEENS6_IJNS7_ILi192EEENS7_ILi128EEENS7_ILi64EEEEEELi64ENS_10bfloat16_tEfNS_4arch4Sm90ELb1ELb0ELb0ELb1ELb1ELb0ELb0ELb1ELb1ELb1ELb0ELb0ESE_Li1EEENS1_21CollectiveEpilogueFwdINS6_IJSA_SC_SB_EEES9_SE_SG_Li384ELb1ELb1ELb0ELb0ELi1EEENS1_36VarlenDynamicPersistentTileSchedulerILi192ELi128ELi384ELi128ELb0ELb1ELb1ELb1ELb0ELb1EEEEEEEEEvNT_6ParamsE,gpu_avg_STATICP,3.46567
llm_layer,layer,4,_ZN7cutlass13device_kernelIN5flash20enable_sm90_or_laterINS1_16FlashAttnFwdSm90INS1_25CollectiveMainloopFwdSm90ILi2EN4cute5tupleIJNS5_1CILi1EEES8_S8_EEENS6_IJNS7_ILi192EEENS7_ILi128EEENS7_ILi64EEEEEELi64ENS_10bfloat16_tEfNS_4arch4Sm90ELb1ELb0ELb0ELb1ELb1ELb0ELb0ELb1ELb1ELb1ELb0ELb0ESE_Li1EEENS1_21CollectiveEpilogueFwdINS6_IJSA_SC_SB_EEES9_SE_SG_Li384ELb1ELb1ELb0ELb0ELi1EEENS1_36VarlenDynamicPersistentTileSchedulerILi192ELi128ELi384ELi128ELb0ELb1ELb1ELb1ELb0ELb1EEEEEEEEEvNT_6ParamsE,gpu_avg_TOT_INST,7488.27
llm_layer,layer,4,_ZN7cutlass13device_kernelIN5flash20enable_sm90_or_laterINS1_16FlashAttnFwdSm90INS1_25CollectiveMainloopFwdSm90ILi2EN4cute5tupleIJNS5_1CILi1EEES8_S8_EEENS6_IJNS7_ILi192EEENS7_ILi128EEENS7_ILi64EEEEEELi64ENS_10bfloat16_tEfNS_4arch4Sm90ELb1ELb0ELb0ELb1ELb1ELb0ELb0ELb1ELb1ELb1ELb0ELb0ESE_Li1EEENS1_21CollectiveEpilogueFwdINS6_IJSA_SC_SB_EEES9_SE_SG_Li384ELb1ELb1ELb0ELb0ELi1EEENS1_36VarlenDynamicPersistentTileSchedulerILi192ELi128ELi384ELi128ELb0ELb1ELb1ELb1ELb0ELb1EEEEEEEEEvNT_6ParamsE,gpu_avg_FP_INT,6795.73
llm_layer,layer,4,_ZN7cutlass13device_kernelIN5flash20enable_sm90_or_laterINS1_16FlashAttnFwdSm90INS1_25CollectiveMainloopFwdSm90ILi2EN4cute5tupleIJNS5_1CILi1EEES8_S8_EEENS6_IJNS7_ILi192EEENS7_ILi128EEENS7_ILi64EEEEEELi64ENS_10bfloat16_tEfNS_4arch4Sm90ELb1ELb0ELb0ELb1ELb1ELb0ELb0ELb1ELb1ELb1ELb0ELb0ESE_Li1EEENS1_21CollectiveEpilogueFwdINS6_IJSA_SC_SB_EEES9_SE_SG_Li384ELb1ELb1ELb0ELb0ELi1EEENS1_36VarlenDynamicPersistentTileSchedulerILi192ELi128ELi384ELi128ELb0ELb1ELb1ELb1ELb0ELb1EEEEEEEEEvNT_6ParamsE,gpu_avg_IC_H,0.0
llm_layer,layer,4,_ZN7cutlass13device_kernelIN5flash20enable_sm90_or_laterINS1_16FlashAttnFwdSm90INS1_25CollectiveMainloopFwdSm90ILi2EN4cute5tupleIJNS5_1CILi1EEES8_S8_EEENS6_IJNS7_ILi192EEENS7_ILi128EEENS7_ILi64EEEEEELi64ENS_10bfloat16_tEfNS_4arch4Sm90ELb1ELb0ELb0ELb1ELb1ELb0ELb0ELb1ELb1ELb1ELb0ELb0ESE_Li1EEENS1_21CollectiveEpilogueFwdINS6_IJSA_SC_SB_EEES9_SE_SG_Li384ELb1ELb1ELb0ELb0ELi1EEENS1_36VarlenDynamicPersistentTileSchedulerILi192ELi128ELi384ELi128ELb0ELb1ELb1ELb1ELb0ELb1EEEEEEEEEvNT_6ParamsE,gpu_avg_IC_M,0.0
llm_layer,layer,4,_ZN7cutlass13device_kernelIN5flash20enable_sm90_or_laterINS1_16FlashAttnFwdSm90INS1_25CollectiveMainloopFwdSm90ILi2EN4cute5tupleIJNS5_1CILi1EEES8_S8_EEENS6_IJNS7_ILi192EEENS7_ILi128EEENS7_ILi64EEEEEELi64ENS_10bfloat16_tEfNS_4arch4Sm90ELb1ELb0ELb0ELb1ELb1ELb0ELb0ELb1ELb1ELb1ELb0ELb0ESE_Li1EEENS1_21CollectiveEpilogueFwdINS6_IJSA_SC_SB_EEES9_SE_SG_Li384ELb1ELb1ELb0ELb0ELi1EEENS1_36VarlenDynamicPersistentTileSchedulerILi192ELi128ELi384ELi128ELb0ELb1ELb1ELb1ELb0ELb1EEEEEEEEEvNT_6ParamsE,gpu_avg_DC_RH,115.867
llm_layer,layer,4,_ZN7cutlass13device_kernelIN5flash20enable_sm90_or_laterINS1_16FlashAttnFwdSm90INS1_25CollectiveMainloopFwdSm90ILi2EN4cute5tupleIJNS5_1CILi1EEES8_S8_EEENS6_IJNS7_ILi192EEENS7_ILi128EEENS7_ILi64EEEEEELi64ENS_10bfloat16_tEfNS_4arch4Sm90ELb1ELb0ELb0ELb1ELb1ELb0ELb0ELb1ELb1ELb1ELb0ELb0ESE_Li1EEENS1_21CollectiveEpilogueFwdINS6_IJSA_SC_SB_EEES9_SE_SG_Li384ELb1ELb1ELb0ELb0ELi1EEENS1_36VarlenDynamicPersistentTileSchedulerILi192ELi128ELi384ELi128ELb0ELb1ELb1ELb1ELb0ELb1EEEEEEEEEvNT_6ParamsE,gpu_avg_DC_RM,54.4667
llm_layer,layer,4,_ZN7cutlass13device_kernelIN5flash20enable_sm90_or_laterINS1_16FlashAttnFwdSm90INS1_25CollectiveMainloopFwdSm90ILi2EN4cute5tupleIJNS5_1CILi1EEES8_S8_EEENS6_IJNS7_ILi192EEENS7_ILi128EEENS7_ILi64EEEEEELi64ENS_10bfloat16_tEfNS_4arch4Sm90ELb1ELb0ELb0ELb1ELb1ELb0ELb0ELb1ELb1ELb1ELb0ELb0ESE_Li1EEENS1_21CollectiveEpilogueFwdINS6_IJSA_SC_SB_EEES9_SE_SG_Li384ELb1ELb1ELb0ELb0ELi1EEENS1_36VarlenDynamicPersistentTileSchedulerILi192ELi128ELi384ELi128ELb0ELb1ELb1ELb1ELb0ELb1EEEEEEEEEvNT_6ParamsE,gpu_avg_DC_WH,5.9
llm_layer,layer,4,_ZN7cutlass13device_kernelIN5flash20enable_sm90_or_laterINS1_16FlashAttnFwdSm90INS1_25CollectiveMainloopFwdSm90ILi2EN4cute5tupleIJNS5_1CILi1EEES8_S8_EEENS6_IJNS7_ILi192EEENS7_ILi128EEENS7_ILi64EEEEEELi64ENS_10bfloat16_tEfNS_4arch4Sm90ELb1ELb0ELb0ELb1ELb1ELb0ELb0ELb1ELb1ELb1ELb0ELb0ESE_Li1EEENS1_21CollectiveEpilogueFwdINS6_IJSA_SC_SB_EEES9_SE_SG_Li384ELb1ELb1ELb0ELb0ELi1EEENS1_36VarlenDynamicPersistentTileSchedulerILi192ELi128ELi384ELi128ELb0ELb1ELb1ELb1ELb0ELb1EEEEEEEEEvNT_6ParamsE,gpu_avg_DC_WM,196.7
llm_layer,layer,4,_ZN7cutlass13device_kernelIN5flash20enable_sm90_or_laterINS1_16FlashAttnFwdSm90INS1_25CollectiveMainloopFwdSm90ILi2EN4cute5tupleIJNS5_1CILi1EEES8_S8_EEENS6_IJNS7_ILi192EEENS7_ILi128EEENS7_ILi64EEEEEELi64ENS_10bfloat16_tEfNS_4arch4Sm90ELb1ELb0ELb0ELb1ELb1ELb0ELb0ELb1ELb1ELb1ELb0ELb0ESE_Li1EEENS1_21CollectiveEpilogueFwdINS6_IJSA_SC_SB_EEES9_SE_SG_Li384ELb1ELb1ELb0ELb0ELi1EEENS1_36VarlenDynamicPersistentTileSchedulerILi192ELi128ELi384ELi128ELb0ELb1ELb1ELb1ELb0ELb1EEEEEEEEEvNT_6ParamsE,gpu_avg_TC_H,0.0
llm_layer,layer,4,_ZN7cutlass13device_kernelIN5flash20enable_sm90_or_laterINS1_16FlashAttnFwdSm90INS1_25CollectiveMainloopFwdSm90ILi2EN4cute5tupleIJNS5_1CILi1EEES8_S8_EEENS6_IJNS7_ILi192EEENS7_ILi128EEENS7_ILi64EEEEEELi64ENS_10bfloat16_tEfNS_4arch4Sm90ELb1ELb0ELb0ELb1ELb1ELb0ELb0ELb1ELb1ELb1ELb0ELb0ESE_Li1EEENS1_21CollectiveEpilogueFwdINS6_IJSA_SC_SB_EEES9_SE_SG_Li384ELb1ELb1ELb0ELb0ELi1EEENS1_36VarlenDynamicPersistentTileSchedulerILi192ELi128ELi384ELi128ELb0ELb1ELb1ELb1ELb0ELb1EEEEEEEEEvNT_6ParamsE,gpu_avg_TC_M,0.0
llm_layer,layer,4,_ZN7cutlass13device_kernelIN5flash20enable_sm90_or_laterINS1_16FlashAttnFwdSm90INS1_25CollectiveMainloopFwdSm90ILi2EN4cute5tupleIJNS5_1CILi1EEES8_S8_EEENS6_IJNS7_ILi192EEENS7_ILi128EEENS7_ILi64EEEEEELi64ENS_10bfloat16_tEfNS_4arch4Sm90ELb1ELb0ELb0ELb1ELb1ELb0ELb0ELb1ELb1ELb1ELb0ELb0ESE_Li1EEENS1_21CollectiveEpilogueFwdINS6_IJSA_SC_SB_EEES9_SE_SG_Li384ELb1ELb1ELb0ELb0ELi1EEENS1_36VarlenDynamicPersistentTileSchedulerILi192ELi128ELi384ELi128ELb0ELb1ELb1ELb1ELb0ELb1EEEEEEEEEvNT_6ParamsE,gpu_avg_CC_H,94.8667
llm_layer,layer,4,_ZN7cutlass13device_kernelIN5flash20enable_sm90_or_laterINS1_16FlashAttnFwdSm90INS1_25CollectiveMainloopFwdSm90ILi2EN4cute5tupleIJNS5_1CILi1EEES8_S8_EEENS6_IJNS7_ILi192EEENS7_ILi128EEENS7_ILi64EEEEEELi64ENS_10bfloat16_tEfNS_4arch4Sm90ELb1ELb0ELb0ELb1ELb1ELb0ELb0ELb1ELb1ELb1ELb0ELb0ESE_Li1EEENS1_21CollectiveEpilogueFwdINS6_IJSA_SC_SB_EEES9_SE_SG_Li384ELb1ELb1ELb0ELb0ELi1EEENS1_36VarlenDynamicPersistentTileSchedulerILi192ELi128ELi384ELi128ELb0ELb1ELb1ELb1ELb0ELb1EEEEEEEEEvNT_6ParamsE,gpu_avg_CC_M,0.0
llm_layer,layer,4,_ZN7cutlass13device_kernelIN5flash20enable_sm90_or_laterINS1_16FlashAttnFwdSm90INS1_25CollectiveMainloopFwdSm90ILi2EN4cute5tupleIJNS5_1CILi1EEES8_S8_EEENS6_IJNS7_ILi192EEENS7_ILi128EEENS7_ILi64EEEEEELi64ENS_10bfloat16_tEfNS_4arch4Sm90ELb1ELb0ELb0ELb1ELb1ELb0ELb0ELb1ELb1ELb1ELb0ELb0ESE_Li1EEENS1_21CollectiveEpilogueFwdINS6_IJSA_SC_SB_EEES9_SE_SG_Li384ELb1ELb1ELb0ELb0ELi1EEENS1_36VarlenDynamicPersistentTileSchedulerILi192ELi128ELi384ELi128ELb0ELb1ELb1ELb1ELb0ELb1EEEEEEEEEvNT_6ParamsE,gpu_avg_SHRD_ACC,202.933
llm_layer,layer,4,_ZN7cutlass13device_kernelIN5flash20enable_sm90_or_laterINS1_16FlashAttnFwdSm90INS1_25CollectiveMainloopFwdSm90ILi2EN4cute5tupleIJNS5_1CILi1EEES8_S8_EEENS6_IJNS7_ILi192EEENS7_ILi128EEENS7_ILi64EEEEEELi64ENS_10bfloat16_tEfNS_4arch4Sm90ELb1ELb0ELb0ELb1ELb1ELb0ELb0ELb1ELb1ELb1ELb0ELb0ESE_Li1EEENS1_21CollectiveEpilogueFwdINS6_IJSA_SC_SB_EEES9_SE_SG_Li384ELb1ELb1ELb0ELb0ELi1EEENS1_36VarlenDynamicPersistentTileSchedulerILi192ELi128ELi384ELi128ELb0ELb1ELb1ELb1ELb0ELb1EEEEEEEEEvNT_6ParamsE,gpu_avg_REG_RD,0.0
llm_layer,layer,4,_ZN7cutlass13device_kernelIN5flash20enable_sm90_or_laterINS1_16FlashAttnFwdSm90INS1_25CollectiveMainloopFwdSm90ILi2EN4cute5tupleIJNS5_1CILi1EEES8_S8_EEENS6_IJNS7_ILi192EEENS7_ILi128EEENS7_ILi64EEEEEELi64ENS_10bfloat16_tEfNS_4arch4Sm90ELb1ELb0ELb0ELb1ELb1ELb0ELb0ELb1ELb1ELb1ELb0ELb0ESE_Li1EEENS1_21CollectiveEpilogueFwdINS6_IJSA_SC_SB_EEES9_SE_SG_Li384ELb1ELb1ELb0ELb0ELi1EEENS1_36VarlenDynamicPersistentTileSchedulerILi192ELi128ELi384ELi128ELb0ELb1ELb1ELb1ELb0ELb1EEEEEEEEEvNT_6ParamsE,gpu_avg_REG_WR,0.0
llm_layer,layer,4,_ZN7cutlass13device_kernelIN5flash20enable_sm90_or_laterINS1_16FlashAttnFwdSm90INS1_25CollectiveMainloopFwdSm90ILi2EN4cute5tupleIJNS5_1CILi1EEES8_S8_EEENS6_IJNS7_ILi192EEENS7_ILi128EEENS7_ILi64EEEEEELi64ENS_10bfloat16_tEfNS_4arch4Sm90ELb1ELb0ELb0ELb1ELb1ELb0ELb0ELb1ELb1ELb1ELb0ELb0ESE_Li1EEENS1_21CollectiveEpilogueFwdINS6_IJSA_SC_SB_EEES9_SE_SG_Li384ELb1ELb1ELb0ELb0ELi1EEENS1_36VarlenDynamicPersistentTileSchedulerILi192ELi128ELi384ELi128ELb0ELb1ELb1ELb1ELb0ELb1EEEEEEEEEvNT_6ParamsE,gpu_avg_NON_REG_OPs,0.0
llm_layer,layer,4,_ZN7cutlass13device_kernelIN5flash20enable_sm90_or_laterINS1_16FlashAttnFwdSm90INS1_25CollectiveMainloopFwdSm90ILi2EN4cute5tupleIJNS5_1CILi1EEES8_S8_EEENS6_IJNS7_ILi192EEENS7_ILi128EEENS7_ILi64EEEEEELi64ENS_10bfloat16_tEfNS_4arch4Sm90ELb1ELb0ELb0ELb1ELb1ELb0ELb0ELb1ELb1ELb1ELb0ELb0ESE_Li1EEENS1_21CollectiveEpilogueFwdINS6_IJSA_SC_SB_EEES9_SE_SG_Li384ELb1ELb1ELb0ELb0ELi1EEENS1_36VarlenDynamicPersistentTileSchedulerILi192ELi128ELi384ELi128ELb0ELb1ELb1ELb1ELb0ELb1EEEEEEEEEvNT_6ParamsE,gpu_avg_INT_ACC,1496990.0
llm_layer,layer,4,_ZN7cutlass13device_kernelIN5flash20enable_sm90_or_laterINS1_16FlashAttnFwdSm90INS1_25CollectiveMainloopFwdSm90ILi2EN4cute5tupleIJNS5_1CILi1EEES8_S8_EEENS6_IJNS7_ILi192EEENS7_ILi128EEENS7_ILi64EEEEEELi64ENS_10bfloat16_tEfNS_4arch4Sm90ELb1ELb0ELb0ELb1ELb1ELb0ELb0ELb1ELb1ELb1ELb0ELb0ESE_Li1EEENS1_21CollectiveEpilogueFwdINS6_IJSA_SC_SB_EEES9_SE_SG_Li384ELb1ELb1ELb0ELb0ELi1EEENS1_36VarlenDynamicPersistentTileSchedulerILi192ELi128ELi384ELi128ELb0ELb1ELb1ELb1ELb0ELb1EEEEEEEEEvNT_6ParamsE,gpu_avg_FPU_ACC,3421.53
llm_layer,layer,4,_ZN7cutlass13device_kernelIN5flash20enable_sm90_or_laterINS1_16FlashAttnFwdSm90INS1_25CollectiveMainloopFwdSm90ILi2EN4cute5tupleIJNS5_1CILi1EEES8_S8_EEENS6_IJNS7_ILi192EEENS7_ILi128EEENS7_ILi64EEEEEELi64ENS_10bfloat16_tEfNS_4arch4Sm90ELb1ELb0ELb0ELb1ELb1ELb0ELb0ELb1ELb1ELb1ELb0ELb0ESE_Li1EEENS1_21CollectiveEpilogueFwdINS6_IJSA_SC_SB_EEES9_SE_SG_Li384ELb1ELb1ELb0ELb0ELi1EEENS1_36VarlenDynamicPersistentTileSchedulerILi192ELi128ELi384ELi128ELb0ELb1ELb1ELb1ELb0ELb1EEEEEEEEEvNT_6ParamsE,gpu_avg_DPU_ACC,0.0
llm_layer,layer,4,_ZN7cutlass13device_kernelIN5flash20enable_sm90_or_laterINS1_16FlashAttnFwdSm90INS1_25CollectiveMainloopFwdSm90ILi2EN4cute5tupleIJNS5_1CILi1EEES8_S8_EEENS6_IJNS7_ILi192EEENS7_ILi128EEENS7_ILi64EEEEEELi64ENS_10bfloat16_tEfNS_4arch4Sm90ELb1ELb0ELb0ELb1ELb1ELb0ELb0ELb1ELb1ELb1ELb0ELb0ESE_Li1EEENS1_21CollectiveEpilogueFwdINS6_IJSA_SC_SB_EEES9_SE_SG_Li384ELb1ELb1ELb0ELb0ELi1EEENS1_36VarlenDynamicPersistentTileSchedulerILi192ELi128ELi384ELi128ELb0ELb1ELb1ELb1ELb0ELb1EEEEEEEEEvNT_6ParamsE,gpu_avg_INT_MUL24_ACC,0.0
llm_layer,layer,4,_ZN7cutlass13device_kernelIN5flash20enable_sm90_or_laterINS1_16FlashAttnFwdSm90INS1_25CollectiveMainloopFwdSm90ILi2EN4cute5tupleIJNS5_1CILi1EEES8_S8_EEENS6_IJNS7_ILi192EEENS7_ILi128EEENS7_ILi64EEEEEELi64ENS_10bfloat16_tEfNS_4arch4Sm90ELb1ELb0ELb0ELb1ELb1ELb0ELb0ELb1ELb1ELb1ELb0ELb0ESE_Li1EEENS1_21CollectiveEpilogueFwdINS6_IJSA_SC_SB_EEES9_SE_SG_Li384ELb1ELb1ELb0ELb0ELi1EEENS1_36VarlenDynamicPersistentTileSchedulerILi192ELi128ELi384ELi128ELb0ELb1ELb1ELb1ELb0ELb1EEEEEEEEEvNT_6ParamsE,gpu_avg_INT_MUL32_ACC,0.0
llm_layer,layer,4,_ZN7cutlass13device_kernelIN5flash20enable_sm90_or_laterINS1_16FlashAttnFwdSm90INS1_25CollectiveMainloopFwdSm90ILi2EN4cute5tupleIJNS5_1CILi1EEES8_S8_EEENS6_IJNS7_ILi192EEENS7_ILi128EEENS7_ILi64EEEEEELi64ENS_10bfloat16_tEfNS_4arch4Sm90ELb1ELb0ELb0ELb1ELb1ELb0ELb0ELb1ELb1ELb1ELb0ELb0ESE_Li1EEENS1_21CollectiveEpilogueFwdINS6_IJSA_SC_SB_EEES9_SE_SG_Li384ELb1ELb1ELb0ELb0ELi1EEENS1_36VarlenDynamicPersistentTileSchedulerILi192ELi128ELi384ELi128ELb0ELb1ELb1ELb1ELb0ELb1EEEEEEEEEvNT_6ParamsE,gpu_avg_INT_MUL_ACC,938.187
llm_layer,layer,4,_ZN7cutlass13device_kernelIN5flash20enable_sm90_or_laterINS1_16FlashAttnFwdSm90INS1_25CollectiveMainloopFwdSm90ILi2EN4cute5tupleIJNS5_1CILi1EEES8_S8_EEENS6_IJNS7_ILi192EEENS7_ILi128EEENS7_ILi64EEEEEELi64ENS_10bfloat16_tEfNS_4arch4Sm90ELb1ELb0ELb0ELb1ELb1ELb0ELb0ELb1ELb1ELb1ELb0ELb0ESE_Li1EEENS1_21CollectiveEpilogueFwdINS6_IJSA_SC_SB_EEES9_SE_SG_Li384ELb1ELb1ELb0ELb0ELi1EEENS1_36VarlenDynamicPersistentTileSchedulerILi192ELi128ELi384ELi128ELb0ELb1ELb1ELb1ELb0ELb1EEEEEEEEEvNT_6ParamsE,gpu_avg_INT_DIV_ACC,0.0
llm_layer,layer,4,_ZN7cutlass13device_kernelIN5flash20enable_sm90_or_laterINS1_16FlashAttnFwdSm90INS1_25CollectiveMainloopFwdSm90ILi2EN4cute5tupleIJNS5_1CILi1EEES8_S8_EEENS6_IJNS7_ILi192EEENS7_ILi128EEENS7_ILi64EEEEEELi64ENS_10bfloat16_tEfNS_4arch4Sm90ELb1ELb0ELb0ELb1ELb1ELb0ELb0ELb1ELb1ELb1ELb0ELb0ESE_Li1EEENS1_21CollectiveEpilogueFwdINS6_IJSA_SC_SB_EEES9_SE_SG_Li384ELb1ELb1ELb0ELb0ELi1EEENS1_36VarlenDynamicPersistentTileSchedulerILi192ELi128ELi384ELi128ELb0ELb1ELb1ELb1ELb0ELb1EEEEEEEEEvNT_6ParamsE,gpu_avg_FP_MUL_ACC,235.681
llm_layer,layer,4,_ZN7cutlass13device_kernelIN5flash20enable_sm90_or_laterINS1_16FlashAttnFwdSm90INS1_25CollectiveMainloopFwdSm90ILi2EN4cute5tupleIJNS5_1CILi1EEES8_S8_EEENS6_IJNS7_ILi192EEENS7_ILi128EEENS7_ILi64EEEEEELi64ENS_10bfloat16_tEfNS_4arch4Sm90ELb1ELb0ELb0ELb1ELb1ELb0ELb0ELb1ELb1ELb1ELb0ELb0ESE_Li1EEENS1_21CollectiveEpilogueFwdINS6_IJSA_SC_SB_EEES9_SE_SG_Li384ELb1ELb1ELb0ELb0ELi1EEENS1_36VarlenDynamicPersistentTileSchedulerILi192ELi128ELi384ELi128ELb0ELb1ELb1ELb1ELb0ELb1EEEEEEEEEvNT_6ParamsE,gpu_avg_FP_DIV_ACC,0.0
llm_layer,layer,4,_ZN7cutlass13device_kernelIN5flash20enable_sm90_or_laterINS1_16FlashAttnFwdSm90INS1_25CollectiveMainloopFwdSm90ILi2EN4cute5tupleIJNS5_1CILi1EEES8_S8_EEENS6_IJNS7_ILi192EEENS7_ILi128EEENS7_ILi64EEEEEELi64ENS_10bfloat16_tEfNS_4arch4Sm90ELb1ELb0ELb0ELb1ELb1ELb0ELb0ELb1ELb1ELb1ELb0ELb0ESE_Li1EEENS1_21CollectiveEpilogueFwdINS6_IJSA_SC_SB_EEES9_SE_SG_Li384ELb1ELb1ELb0ELb0ELi1EEENS1_36VarlenDynamicPersistentTileSchedulerILi192ELi128ELi384ELi128ELb0ELb1ELb1ELb1ELb0ELb1EEEEEEEEEvNT_6ParamsE,gpu_avg_FP_SQRT_ACC,0.0
llm_layer,layer,4,_ZN7cutlass13device_kernelIN5flash20enable_sm90_or_laterINS1_16FlashAttnFwdSm90INS1_25CollectiveMainloopFwdSm90ILi2EN4cute5tupleIJNS5_1CILi1EEES8_S8_EEENS6_IJNS7_ILi192EEENS7_ILi128EEENS7_ILi64EEEEEELi64ENS_10bfloat16_tEfNS_4arch4Sm90ELb1ELb0ELb0ELb1ELb1ELb0ELb0ELb1ELb1ELb1ELb0ELb0ESE_Li1EEENS1_21CollectiveEpilogueFwdINS6_IJSA_SC_SB_EEES9_SE_SG_Li384ELb1ELb1ELb0ELb0ELi1EEENS1_36VarlenDynamicPersistentTileSchedulerILi192ELi128ELi384ELi128ELb0ELb1ELb1ELb1ELb0ELb1EEEEEEEEEvNT_6ParamsE,gpu_avg_FP_LG_ACC,5.18823
llm_layer,layer,4,_ZN7cutlass13device_kernelIN5flash20enable_sm90_or_laterINS1_16FlashAttnFwdSm90INS1_25CollectiveMainloopFwdSm90ILi2EN4cute5tupleIJNS5_1CILi1EEES8_S8_EEENS6_IJNS7_ILi192EEENS7_ILi128EEENS7_ILi64EEEEEELi64ENS_10bfloat16_tEfNS_4arch4Sm90ELb1ELb0ELb0ELb1ELb1ELb0ELb0ELb1ELb1ELb1ELb0ELb0ESE_Li1EEENS1_21CollectiveEpilogueFwdINS6_IJSA_SC_SB_EEES9_SE_SG_Li384ELb1ELb1ELb0ELb0ELi1EEENS1_36VarlenDynamicPersistentTileSchedulerILi192ELi128ELi384ELi128ELb0ELb1ELb1ELb1ELb0ELb1EEEEEEEEEvNT_6ParamsE,gpu_avg_FP_SIN_ACC,0.0
llm_layer,layer,4,_ZN7cutlass13device_kernelIN5flash20enable_sm90_or_laterINS1_16FlashAttnFwdSm90INS1_25CollectiveMainloopFwdSm90ILi2EN4cute5tupleIJNS5_1CILi1EEES8_S8_EEENS6_IJNS7_ILi192EEENS7_ILi128EEENS7_ILi64EEEEEELi64ENS_10bfloat16_tEfNS_4arch4Sm90ELb1ELb0ELb0ELb1ELb1ELb0ELb0ELb1ELb1ELb1ELb0ELb0ESE_Li1EEENS1_21CollectiveEpilogueFwdINS6_IJSA_SC_SB_EEES9_SE_SG_Li384ELb1ELb1ELb0ELb0ELi1EEENS1_36VarlenDynamicPersistentTileSchedulerILi192ELi128ELi384ELi128ELb0ELb1ELb1ELb1ELb0ELb1EEEEEEEEEvNT_6ParamsE,gpu_avg_FP_EXP_ACC,618.951
llm_layer,layer,4,_ZN7cutlass13device_kernelIN5flash20enable_sm90_or_laterINS1_16FlashAttnFwdSm90INS1_25CollectiveMainloopFwdSm90ILi2EN4cute5tupleIJNS5_1CILi1EEES8_S8_EEENS6_IJNS7_ILi192EEENS7_ILi128EEENS7_ILi64EEEEEELi64ENS_10bfloat16_tEfNS_4arch4Sm90ELb1ELb0ELb0ELb1ELb1ELb0ELb0ELb1ELb1ELb1ELb0ELb0ESE_Li1EEENS1_21CollectiveEpilogueFwdINS6_IJSA_SC_SB_EEES9_SE_SG_Li384ELb1ELb1ELb0ELb0ELi1EEENS1_36VarlenDynamicPersistentTileSchedulerILi192ELi128ELi384ELi128ELb0ELb1ELb1ELb1ELb0ELb1EEEEEEEEEvNT_6ParamsE,gpu_avg_DP_MUL_ACC,0.0
llm_layer,layer,4,_ZN7cutlass13device_kernelIN5flash20enable_sm90_or_laterINS1_16FlashAttnFwdSm90INS1_25CollectiveMainloopFwdSm90ILi2EN4cute5tupleIJNS5_1CILi1EEES8_S8_EEENS6_IJNS7_ILi192EEENS7_ILi128EEENS7_ILi64EEEEEELi64ENS_10bfloat16_tEfNS_4arch4Sm90ELb1ELb0ELb0ELb1ELb1ELb0ELb0ELb1ELb1ELb1ELb0ELb0ESE_Li1EEENS1_21CollectiveEpilogueFwdINS6_IJSA_SC_SB_EEES9_SE_SG_Li384ELb1ELb1ELb0ELb0ELi1EEENS1_36VarlenDynamicPersistentTileSchedulerILi192ELi128ELi384ELi128ELb0ELb1ELb1ELb1ELb0ELb1EEEEEEEEEvNT_6ParamsE,gpu_avg_DP_DIV_ACC,0.0
llm_layer,layer,4,_ZN7cutlass13device_kernelIN5flash20enable_sm90_or_laterINS1_16FlashAttnFwdSm90INS1_25CollectiveMainloopFwdSm90ILi2EN4cute5tupleIJNS5_1CILi1EEES8_S8_EEENS6_IJNS7_ILi192EEENS7_ILi128EEENS7_ILi64EEEEEELi64ENS_10bfloat16_tEfNS_4arch4Sm90ELb1ELb0ELb0ELb1ELb1ELb0ELb0ELb1ELb1ELb1ELb0ELb0ESE_Li1EEENS1_21CollectiveEpilogueFwdINS6_IJSA_SC_SB_EEES9_SE_SG_Li384ELb1ELb1ELb0ELb0ELi1EEENS1_36VarlenDynamicPersistentTileSchedulerILi192ELi128ELi384ELi128ELb0ELb1ELb1ELb1ELb0ELb1EEEEEEEEEvNT_6ParamsE,gpu_avg_TENSOR_ACC,0.0
llm_layer,layer,4,_ZN7cutlass13device_kernelIN5flash20enable_sm90_or_laterINS1_16FlashAttnFwdSm90INS1_25CollectiveMainloopFwdSm90ILi2EN4cute5tupleIJNS5_1CILi1EEES8_S8_EEENS6_IJNS7_ILi192EEENS7_ILi128EEENS7_ILi64EEEEEELi64ENS_10bfloat16_tEfNS_4arch4Sm90ELb1ELb0ELb0ELb1ELb1ELb0ELb0ELb1ELb1ELb1ELb0ELb0ESE_Li1EEENS1_21CollectiveEpilogueFwdINS6_IJSA_SC_SB_EEES9_SE_SG_Li384ELb1ELb1ELb0ELb0ELi1EEENS1_36VarlenDynamicPersistentTileSchedulerILi192ELi128ELi384ELi128ELb0ELb1ELb1ELb1ELb0ELb1EEEEEEEEEvNT_6ParamsE,gpu_avg_TEX_ACC,0.0
llm_layer,layer,4,_ZN7cutlass13device_kernelIN5flash20enable_sm90_or_laterINS1_16FlashAttnFwdSm90INS1_25CollectiveMainloopFwdSm90ILi2EN4cute5tupleIJNS5_1CILi1EEES8_S8_EEENS6_IJNS7_ILi192EEENS7_ILi128EEENS7_ILi64EEEEEELi64ENS_10bfloat16_tEfNS_4arch4Sm90ELb1ELb0ELb0ELb1ELb1ELb0ELb0ELb1ELb1ELb1ELb0ELb0ESE_Li1EEENS1_21CollectiveEpilogueFwdINS6_IJSA_SC_SB_EEES9_SE_SG_Li384ELb1ELb1ELb0ELb0ELi1EEENS1_36VarlenDynamicPersistentTileSchedulerILi192ELi128ELi384ELi128ELb0ELb1ELb1ELb1ELb0ELb1EEEEEEEEEvNT_6ParamsE,gpu_avg_MEM_RD,0.0
llm_layer,layer,4,_ZN7cutlass13device_kernelIN5flash20enable_sm90_or_laterINS1_16FlashAttnFwdSm90INS1_25CollectiveMainloopFwdSm90ILi2EN4cute5tupleIJNS5_1CILi1EEES8_S8_EEENS6_IJNS7_ILi192EEENS7_ILi128EEENS7_ILi64EEEEEELi64ENS_10bfloat16_tEfNS_4arch4Sm90ELb1ELb0ELb0ELb1ELb1ELb0ELb0ELb1ELb1ELb1ELb0ELb0ESE_Li1EEENS1_21CollectiveEpilogueFwdINS6_IJSA_SC_SB_EEES9_SE_SG_Li384ELb1ELb1ELb0ELb0ELi1EEENS1_36VarlenDynamicPersistentTileSchedulerILi192ELi128ELi384ELi128ELb0ELb1ELb1ELb1ELb0ELb1EEEEEEEEEvNT_6ParamsE,gpu_avg_MEM_WR,0.0
llm_layer,layer,4,_ZN7cutlass13device_kernelIN5flash20enable_sm90_or_laterINS1_16FlashAttnFwdSm90INS1_25CollectiveMainloopFwdSm90ILi2EN4cute5tupleIJNS5_1CILi1EEES8_S8_EEENS6_IJNS7_ILi192EEENS7_ILi128EEENS7_ILi64EEEEEELi64ENS_10bfloat16_tEfNS_4arch4Sm90ELb1ELb0ELb0ELb1ELb1ELb0ELb0ELb1ELb1ELb1ELb0ELb0ESE_Li1EEENS1_21CollectiveEpilogueFwdINS6_IJSA_SC_SB_EEES9_SE_SG_Li384ELb1ELb1ELb0ELb0ELi1EEENS1_36VarlenDynamicPersistentTileSchedulerILi192ELi128ELi384ELi128ELb0ELb1ELb1ELb1ELb0ELb1EEEEEEEEEvNT_6ParamsE,gpu_avg_MEM_PRE,0.0
llm_layer,layer,4,_ZN7cutlass13device_kernelIN5flash20enable_sm90_or_laterINS1_16FlashAttnFwdSm90INS1_25CollectiveMainloopFwdSm90ILi2EN4cute5tupleIJNS5_1CILi1EEES8_S8_EEENS6_IJNS7_ILi192EEENS7_ILi128EEENS7_ILi64EEEEEELi64ENS_10bfloat16_tEfNS_4arch4Sm90ELb1ELb0ELb0ELb1ELb1ELb0ELb0ELb1ELb1ELb1ELb0ELb0ESE_Li1EEENS1_21CollectiveEpilogueFwdINS6_IJSA_SC_SB_EEES9_SE_SG_Li384ELb1ELb1ELb0ELb0ELi1EEENS1_36VarlenDynamicPersistentTileSchedulerILi192ELi128ELi384ELi128ELb0ELb1ELb1ELb1ELb0ELb1EEEEEEEEEvNT_6ParamsE,gpu_avg_L2_RH,33.0667
llm_layer,layer,4,_ZN7cutlass13device_kernelIN5flash20enable_sm90_or_laterINS1_16FlashAttnFwdSm90INS1_25CollectiveMainloopFwdSm90ILi2EN4cute5tupleIJNS5_1CILi1EEES8_S8_EEENS6_IJNS7_ILi192EEENS7_ILi128EEENS7_ILi64EEEEEELi64ENS_10bfloat16_tEfNS_4arch4Sm90ELb1ELb0ELb0ELb1ELb1ELb0ELb0ELb1ELb1ELb1ELb0ELb0ESE_Li1EEENS1_21CollectiveEpilogueFwdINS6_IJSA_SC_SB_EEES9_SE_SG_Li384ELb1ELb1ELb0ELb0ELi1EEENS1_36VarlenDynamicPersistentTileSchedulerILi192ELi128ELi384ELi128ELb0ELb1ELb1ELb1ELb0ELb1EEEEEEEEEvNT_6ParamsE,gpu_avg_L2_RM,30.0667
llm_layer,layer,4,_ZN7cutlass13device_kernelIN5flash20enable_sm90_or_laterINS1_16FlashAttnFwdSm90INS1_25CollectiveMainloopFwdSm90ILi2EN4cute5tupleIJNS5_1CILi1EEES8_S8_EEENS6_IJNS7_ILi192EEENS7_ILi128EEENS7_ILi64EEEEEELi64ENS_10bfloat16_tEfNS_4arch4Sm90ELb1ELb0ELb0ELb1ELb1ELb0ELb0ELb1ELb1ELb1ELb0ELb0ESE_Li1EEENS1_21CollectiveEpilogueFwdINS6_IJSA_SC_SB_EEES9_SE_SG_Li384ELb1ELb1ELb0ELb0ELi1EEENS1_36VarlenDynamicPersistentTileSchedulerILi192ELi128ELi384ELi128ELb0ELb1ELb1ELb1ELb0ELb1EEEEEEEEEvNT_6ParamsE,gpu_avg_L2_WH,5.73333
llm_layer,layer,4,_ZN7cutlass13device_kernelIN5flash20enable_sm90_or_laterINS1_16FlashAttnFwdSm90INS1_25CollectiveMainloopFwdSm90ILi2EN4cute5tupleIJNS5_1CILi1EEES8_S8_EEENS6_IJNS7_ILi192EEENS7_ILi128EEENS7_ILi64EEEEEELi64ENS_10bfloat16_tEfNS_4arch4Sm90ELb1ELb0ELb0ELb1ELb1ELb0ELb0ELb1ELb1ELb1ELb0ELb0ESE_Li1EEENS1_21CollectiveEpilogueFwdINS6_IJSA_SC_SB_EEES9_SE_SG_Li384ELb1ELb1ELb0ELb0ELi1EEENS1_36VarlenDynamicPersistentTileSchedulerILi192ELi128ELi384ELi128ELb0ELb1ELb1ELb1ELb0ELb1EEEEEEEEEvNT_6ParamsE,gpu_avg_L2_WM,187.2
llm_layer,layer,4,_ZN7cutlass13device_kernelIN5flash20enable_sm90_or_laterINS1_16FlashAttnFwdSm90INS1_25CollectiveMainloopFwdSm90ILi2EN4cute5tupleIJNS5_1CILi1EEES8_S8_EEENS6_IJNS7_ILi192EEENS7_ILi128EEENS7_ILi64EEEEEELi64ENS_10bfloat16_tEfNS_4arch4Sm90ELb1ELb0ELb0ELb1ELb1ELb0ELb0ELb1ELb1ELb1ELb0ELb0ESE_Li1EEENS1_21CollectiveEpilogueFwdINS6_IJSA_SC_SB_EEES9_SE_SG_Li384ELb1ELb1ELb0ELb0ELi1EEENS1_36VarlenDynamicPersistentTileSchedulerILi192ELi128ELi384ELi128ELb0ELb1ELb1ELb1ELb0ELb1EEEEEEEEEvNT_6ParamsE,gpu_avg_NOC_A,940.133
llm_layer,layer,4,_ZN7cutlass13device_kernelIN5flash20enable_sm90_or_laterINS1_16FlashAttnFwdSm90INS1_25CollectiveMainloopFwdSm90ILi2EN4cute5tupleIJNS5_1CILi1EEES8_S8_EEENS6_IJNS7_ILi192EEENS7_ILi128EEENS7_ILi64EEEEEELi64ENS_10bfloat16_tEfNS_4arch4Sm90ELb1ELb0ELb0ELb1ELb1ELb0ELb0ELb1ELb1ELb1ELb0ELb0ESE_Li1EEENS1_21CollectiveEpilogueFwdINS6_IJSA_SC_SB_EEES9_SE_SG_Li384ELb1ELb1ELb0ELb0ELi1EEENS1_36VarlenDynamicPersistentTileSchedulerILi192ELi128ELi384ELi128ELb0ELb1ELb1ELb1ELb0ELb1EEEEEEEEEvNT_6ParamsE,gpu_avg_PIPE_A,0.0121022
llm_layer,layer,4,_ZN7cutlass13device_kernelIN5flash20enable_sm90_or_laterINS1_16FlashAttnFwdSm90INS1_25CollectiveMainloopFwdSm90ILi2EN4cute5tupleIJNS5_1CILi1EEES8_S8_EEENS6_IJNS7_ILi192EEENS7_ILi128EEENS7_ILi64EEEEEELi64ENS_10bfloat16_tEfNS_4arch4Sm90ELb1ELb0ELb0ELb1ELb1ELb0ELb0ELb1ELb1ELb1ELb0ELb0ESE_Li1EEENS1_21CollectiveEpilogueFwdINS6_IJSA_SC_SB_EEES9_SE_SG_Li384ELb1ELb1ELb0ELb0ELi1EEENS1_36VarlenDynamicPersistentTileSchedulerILi192ELi128ELi384ELi128ELb0ELb1ELb1ELb1ELb0ELb1EEEEEEEEEvNT_6ParamsE,gpu_avg_IDLE_CORE_N,116.596
llm_layer,layer,4,_ZN7cutlass13device_kernelIN5flash20enable_sm90_or_laterINS1_16FlashAttnFwdSm90INS1_25CollectiveMainloopFwdSm90ILi2EN4cute5tupleIJNS5_1CILi1EEES8_S8_EEENS6_IJNS7_ILi192EEENS7_ILi128EEENS7_ILi64EEEEEELi64ENS_10bfloat16_tEfNS_4arch4Sm90ELb1ELb0ELb0ELb1ELb1ELb0ELb0ELb1ELb1ELb1ELb0ELb0ESE_Li1EEENS1_21CollectiveEpilogueFwdINS6_IJSA_SC_SB_EEES9_SE_SG_Li384ELb1ELb1ELb0ELb0ELi1EEENS1_36VarlenDynamicPersistentTileSchedulerILi192ELi128ELi384ELi128ELb0ELb1ELb1ELb1ELb0ELb1EEEEEEEEEvNT_6ParamsE,gpu_avg_constant_power,0.0
llm_layer,layer,4,_ZN7cutlass13device_kernelIN5flash20enable_sm90_or_laterINS1_16FlashAttnFwdSm90INS1_25CollectiveMainloopFwdSm90ILi2EN4cute5tupleIJNS5_1CILi1EEES8_S8_EEENS6_IJNS7_ILi192EEENS7_ILi128EEENS7_ILi64EEEEEELi64ENS_10bfloat16_tEfNS_4arch4Sm90ELb1ELb0ELb0ELb1ELb1ELb0ELb0ELb1ELb1ELb1ELb0ELb0ESE_Li1EEENS1_21CollectiveEpilogueFwdINS6_IJSA_SC_SB_EEES9_SE_SG_Li384ELb1ELb1ELb0ELb0ELi1EEENS1_36VarlenDynamicPersistentTileSchedulerILi192ELi128ELi384ELi128ELb0ELb1ELb1ELb1ELb0ELb1EEEEEEEEEvNT_6ParamsE,gpu_avg_threads_per_warp,23.6405
llm_layer,layer,4,_ZN7cutlass13device_kernelIN5flash20enable_sm90_or_laterINS1_16FlashAttnFwdSm90INS1_25CollectiveMainloopFwdSm90ILi2EN4cute5tupleIJNS5_1CILi1EEES8_S8_EEENS6_IJNS7_ILi192EEENS7_ILi128EEENS7_ILi64EEEEEELi64ENS_10bfloat16_tEfNS_4arch4Sm90ELb1ELb0ELb0ELb1ELb1ELb0ELb0ELb1ELb1ELb1ELb0ELb0ESE_Li1EEENS1_21CollectiveEpilogueFwdINS6_IJSA_SC_SB_EEES9_SE_SG_Li384ELb1ELb1ELb0ELb0ELi1EEENS1_36VarlenDynamicPersistentTileSchedulerILi192ELi128ELi384ELi128ELb0ELb1ELb1ELb1ELb0ELb1EEEEEEEEEvNT_6ParamsE,gpu_tot_TOT_INST,224648.0
llm_layer,layer,4,_ZN7cutlass13device_kernelIN5flash20enable_sm90_or_laterINS1_16FlashAttnFwdSm90INS1_25CollectiveMainloopFwdSm90ILi2EN4cute5tupleIJNS5_1CILi1EEES8_S8_EEENS6_IJNS7_ILi192EEENS7_ILi128EEENS7_ILi64EEEEEELi64ENS_10bfloat16_tEfNS_4arch4Sm90ELb1ELb0ELb0ELb1ELb1ELb0ELb0ELb1ELb1ELb1ELb0ELb0ESE_Li1EEENS1_21CollectiveEpilogueFwdINS6_IJSA_SC_SB_EEES9_SE_SG_Li384ELb1ELb1ELb0ELb0ELi1EEENS1_36VarlenDynamicPersistentTileSchedulerILi192ELi128ELi384ELi128ELb0ELb1ELb1ELb1ELb0ELb1EEEEEEEEEvNT_6ParamsE,gpu_tot_FP_INT,203872.0
llm_layer,layer,4,_ZN7cutlass13device_kernelIN5flash20enable_sm90_or_laterINS1_16FlashAttnFwdSm90INS1_25CollectiveMainloopFwdSm90ILi2EN4cute5tupleIJNS5_1CILi1EEES8_S8_EEENS6_IJNS7_ILi192EEENS7_ILi128EEENS7_ILi64EEEEEELi64ENS_10bfloat16_tEfNS_4arch4Sm90ELb1ELb0ELb0ELb1ELb1ELb0ELb0ELb1ELb1ELb1ELb0ELb0ESE_Li1EEENS1_21CollectiveEpilogueFwdINS6_IJSA_SC_SB_EEES9_SE_SG_Li384ELb1ELb1ELb0ELb0ELi1EEENS1_36VarlenDynamicPersistentTileSchedulerILi192ELi128ELi384ELi128ELb0ELb1ELb1ELb1ELb0ELb1EEEEEEEEEvNT_6ParamsE,gpu_tot_IC_H,0.0
llm_layer,layer,4,_ZN7cutlass13device_kernelIN5flash20enable_sm90_or_laterINS1_16FlashAttnFwdSm90INS1_25CollectiveMainloopFwdSm90ILi2EN4cute5tupleIJNS5_1CILi1EEES8_S8_EEENS6_IJNS7_ILi192EEENS7_ILi128EEENS7_ILi64EEEEEELi64ENS_10bfloat16_tEfNS_4arch4Sm90ELb1ELb0ELb0ELb1ELb1ELb0ELb0ELb1ELb1ELb1ELb0ELb0ESE_Li1EEENS1_21CollectiveEpilogueFwdINS6_IJSA_SC_SB_EEES9_SE_SG_Li384ELb1ELb1ELb0ELb0ELi1EEENS1_36VarlenDynamicPersistentTileSchedulerILi192ELi128ELi384ELi128ELb0ELb1ELb1ELb1ELb0ELb1EEEEEEEEEvNT_6ParamsE,gpu_tot_IC_M,0.0
llm_layer,layer,4,_ZN7cutlass13device_kernelIN5flash20enable_sm90_or_laterINS1_16FlashAttnFwdSm90INS1_25CollectiveMainloopFwdSm90ILi2EN4cute5tupleIJNS5_1CILi1EEES8_S8_EEENS6_IJNS7_ILi192EEENS7_ILi128EEENS7_ILi64EEEEEELi64ENS_10bfloat16_tEfNS_4arch4Sm90ELb1ELb0ELb0ELb1ELb1ELb0ELb0ELb1ELb1ELb1ELb0ELb0ESE_Li1EEENS1_21CollectiveEpilogueFwdINS6_IJSA_SC_SB_EEES9_SE_SG_Li384ELb1ELb1ELb0ELb0ELi1EEENS1_36VarlenDynamicPersistentTileSchedulerILi192ELi128ELi384ELi128ELb0ELb1ELb1ELb1ELb0ELb1EEEEEEEEEvNT_6ParamsE,gpu_tot_DC_RH,3476.0
llm_layer,layer,4,_ZN7cutlass13device_kernelIN5flash20enable_sm90_or_laterINS1_16FlashAttnFwdSm90INS1_25CollectiveMainloopFwdSm90ILi2EN4cute5tupleIJNS5_1CILi1EEES8_S8_EEENS6_IJNS7_ILi192EEENS7_ILi128EEENS7_ILi64EEEEEELi64ENS_10bfloat16_tEfNS_4arch4Sm90ELb1ELb0ELb0ELb1ELb1ELb0ELb0ELb1ELb1ELb1ELb0ELb0ESE_Li1EEENS1_21CollectiveEpilogueFwdINS6_IJSA_SC_SB_EEES9_SE_SG_Li384ELb1ELb1ELb0ELb0ELi1EEENS1_36VarlenDynamicPersistentTileSchedulerILi192ELi128ELi384ELi128ELb0ELb1ELb1ELb1ELb0ELb1EEEEEEEEEvNT_6ParamsE,gpu_tot_DC_RM,1634.0
llm_layer,layer,4,_ZN7cutlass13device_kernelIN5flash20enable_sm90_or_laterINS1_16FlashAttnFwdSm90INS1_25CollectiveMainloopFwdSm90ILi2EN4cute5tupleIJNS5_1CILi1EEES8_S8_EEENS6_IJNS7_ILi192EEENS7_ILi128EEENS7_ILi64EEEEEELi64ENS_10bfloat16_tEfNS_4arch4Sm90ELb1ELb0ELb0ELb1ELb1ELb0ELb0ELb1ELb1ELb1ELb0ELb0ESE_Li1EEENS1_21CollectiveEpilogueFwdINS6_IJSA_SC_SB_EEES9_SE_SG_Li384ELb1ELb1ELb0ELb0ELi1EEENS1_36VarlenDynamicPersistentTileSchedulerILi192ELi128ELi384ELi128ELb0ELb1ELb1ELb1ELb0ELb1EEEEEEEEEvNT_6ParamsE,gpu_tot_DC_WH,177.0
llm_layer,layer,4,_ZN7cutlass13device_kernelIN5flash20enable_sm90_or_laterINS1_16FlashAttnFwdSm90INS1_25CollectiveMainloopFwdSm90ILi2EN4cute5tupleIJNS5_1CILi1EEES8_S8_EEENS6_IJNS7_ILi192EEENS7_ILi128EEENS7_ILi64EEEEEELi64ENS_10bfloat16_tEfNS_4arch4Sm90ELb1ELb0ELb0ELb1ELb1ELb0ELb0ELb1ELb1ELb1ELb0ELb0ESE_Li1EEENS1_21CollectiveEpilogueFwdINS6_IJSA_SC_SB_EEES9_SE_SG_Li384ELb1ELb1ELb0ELb0ELi1EEENS1_36VarlenDynamicPersistentTileSchedulerILi192ELi128ELi384ELi128ELb0ELb1ELb1ELb1ELb0ELb1EEEEEEEEEvNT_6ParamsE,gpu_tot_DC_WM,5901.0
llm_layer,layer,4,_ZN7cutlass13device_kernelIN5flash20enable_sm90_or_laterINS1_16FlashAttnFwdSm90INS1_25CollectiveMainloopFwdSm90ILi2EN4cute5tupleIJNS5_1CILi1EEES8_S8_EEENS6_IJNS7_ILi192EEENS7_ILi128EEENS7_ILi64EEEEEELi64ENS_10bfloat16_tEfNS_4arch4Sm90ELb1ELb0ELb0ELb1ELb1ELb0ELb0ELb1ELb1ELb1ELb0ELb0ESE_Li1EEENS1_21CollectiveEpilogueFwdINS6_IJSA_SC_SB_EEES9_SE_SG_Li384ELb1ELb1ELb0ELb0ELi1EEENS1_36VarlenDynamicPersistentTileSchedulerILi192ELi128ELi384ELi128ELb0ELb1ELb1ELb1ELb0ELb1EEEEEEEEEvNT_6ParamsE,gpu_tot_TC_H,0.0
llm_layer,layer,4,_ZN7cutlass13device_kernelIN5flash20enable_sm90_or_laterINS1_16FlashAttnFwdSm90INS1_25CollectiveMainloopFwdSm90ILi2EN4cute5tupleIJNS5_1CILi1EEES8_S8_EEENS6_IJNS7_ILi192EEENS7_ILi128EEENS7_ILi64EEEEEELi64ENS_10bfloat16_tEfNS_4arch4Sm90ELb1ELb0ELb0ELb1ELb1ELb0ELb0ELb1ELb1ELb1ELb0ELb0ESE_Li1EEENS1_21CollectiveEpilogueFwdINS6_IJSA_SC_SB_EEES9_SE_SG_Li384ELb1ELb1ELb0ELb0ELi1EEENS1_36VarlenDynamicPersistentTileSchedulerILi192ELi128ELi384ELi128ELb0ELb1ELb1ELb1ELb0ELb1EEEEEEEEEvNT_6ParamsE,gpu_tot_TC_M,0.0
llm_layer,layer,4,_ZN7cutlass13device_kernelIN5flash20enable_sm90_or_laterINS1_16FlashAttnFwdSm90INS1_25CollectiveMainloopFwdSm90ILi2EN4cute5tupleIJNS5_1CILi1EEES8_S8_EEENS6_IJNS7_ILi192EEENS7_ILi128EEENS7_ILi64EEEEEELi64ENS_10bfloat16_tEfNS_4arch4Sm90ELb1ELb0ELb0ELb1ELb1ELb0ELb0ELb1ELb1ELb1ELb0ELb0ESE_Li1EEENS1_21CollectiveEpilogueFwdINS6_IJSA_SC_SB_EEES9_SE_SG_Li384ELb1ELb1ELb0ELb0ELi1EEENS1_36VarlenDynamicPersistentTileSchedulerILi192ELi128ELi384ELi128ELb0ELb1ELb1ELb1ELb0ELb1EEEEEEEEEvNT_6ParamsE,gpu_tot_CC_H,2846.0
llm_layer,layer,4,_ZN7cutlass13device_kernelIN5flash20enable_sm90_or_laterINS1_16FlashAttnFwdSm90INS1_25CollectiveMainloopFwdSm90ILi2EN4cute5tupleIJNS5_1CILi1EEES8_S8_EEENS6_IJNS7_ILi192EEENS7_ILi128EEENS7_ILi64EEEEEELi64ENS_10bfloat16_tEfNS_4arch4Sm90ELb1ELb0ELb0ELb1ELb1ELb0ELb0ELb1ELb1ELb1ELb0ELb0ESE_Li1EEENS1_21CollectiveEpilogueFwdINS6_IJSA_SC_SB_EEES9_SE_SG_Li384ELb1ELb1ELb0ELb0ELi1EEENS1_36VarlenDynamicPersistentTileSchedulerILi192ELi128ELi384ELi128ELb0ELb1ELb1ELb1ELb0ELb1EEEEEEEEEvNT_6ParamsE,gpu_tot_CC_M,0.0
llm_layer,layer,4,_ZN7cutlass13device_kernelIN5flash20enable_sm90_or_laterINS1_16FlashAttnFwdSm90INS1_25CollectiveMainloopFwdSm90ILi2EN4cute5tupleIJNS5_1CILi1EEES8_S8_EEENS6_IJNS7_ILi192EEENS7_ILi128EEENS7_ILi64EEEEEELi64ENS_10bfloat16_tEfNS_4arch4Sm90ELb1ELb0ELb0ELb1ELb1ELb0ELb0ELb1ELb1ELb1ELb0ELb0ESE_Li1EEENS1_21CollectiveEpilogueFwdINS6_IJSA_SC_SB_EEES9_SE_SG_Li384ELb1ELb1ELb0ELb0ELi1EEENS1_36VarlenDynamicPersistentTileSchedulerILi192ELi128ELi384ELi128ELb0ELb1ELb1ELb1ELb0ELb1EEEEEEEEEvNT_6ParamsE,gpu_tot_SHRD_ACC,6088.0
llm_layer,layer,4,_ZN7cutlass13device_kernelIN5flash20enable_sm90_or_laterINS1_16FlashAttnFwdSm90INS1_25CollectiveMainloopFwdSm90ILi2EN4cute5tupleIJNS5_1CILi1EEES8_S8_EEENS6_IJNS7_ILi192EEENS7_ILi128EEENS7_ILi64EEEEEELi64ENS_10bfloat16_tEfNS_4arch4Sm90ELb1ELb0ELb0ELb1ELb1ELb0ELb0ELb1ELb1ELb1ELb0ELb0ESE_Li1EEENS1_21CollectiveEpilogueFwdINS6_IJSA_SC_SB_EEES9_SE_SG_Li384ELb1ELb1ELb0ELb0ELi1EEENS1_36VarlenDynamicPersistentTileSchedulerILi192ELi128ELi384ELi128ELb0ELb1ELb1ELb1ELb0ELb1EEEEEEEEEvNT_6ParamsE,gpu_tot_REG_RD,0.0
llm_layer,layer,4,_ZN7cutlass13device_kernelIN5flash20enable_sm90_or_laterINS1_16FlashAttnFwdSm90INS1_25CollectiveMainloopFwdSm90ILi2EN4cute5tupleIJNS5_1CILi1EEES8_S8_EEENS6_IJNS7_ILi192EEENS7_ILi128EEENS7_ILi64EEEEEELi64ENS_10bfloat16_tEfNS_4arch4Sm90ELb1ELb0ELb0ELb1ELb1ELb0ELb0ELb1ELb1ELb1ELb0ELb0ESE_Li1EEENS1_21CollectiveEpilogueFwdINS6_IJSA_SC_SB_EEES9_SE_SG_Li384ELb1ELb1ELb0ELb0ELi1EEENS1_36VarlenDynamicPersistentTileSchedulerILi192ELi128ELi384ELi128ELb0ELb1ELb1ELb1ELb0ELb1EEEEEEEEEvNT_6ParamsE,gpu_tot_REG_WR,0.0
llm_layer,layer,4,_ZN7cutlass13device_kernelIN5flash20enable_sm90_or_laterINS1_16FlashAttnFwdSm90INS1_25CollectiveMainloopFwdSm90ILi2EN4cute5tupleIJNS5_1CILi1EEES8_S8_EEENS6_IJNS7_ILi192EEENS7_ILi128EEENS7_ILi64EEEEEELi64ENS_10bfloat16_tEfNS_4arch4Sm90ELb1ELb0ELb0ELb1ELb1ELb0ELb0ELb1ELb1ELb1ELb0ELb0ESE_Li1EEENS1_21CollectiveEpilogueFwdINS6_IJSA_SC_SB_EEES9_SE_SG_Li384ELb1ELb1ELb0ELb0ELi1EEENS1_36VarlenDynamicPersistentTileSchedulerILi192ELi128ELi384ELi128ELb0ELb1ELb1ELb1ELb0ELb1EEEEEEEEEvNT_6ParamsE,gpu_tot_NON_REG_OPs,0.0
llm_layer,layer,4,_ZN7cutlass13device_kernelIN5flash20enable_sm90_or_laterINS1_16FlashAttnFwdSm90INS1_25CollectiveMainloopFwdSm90ILi2EN4cute5tupleIJNS5_1CILi1EEES8_S8_EEENS6_IJNS7_ILi192EEENS7_ILi128EEENS7_ILi64EEEEEELi64ENS_10bfloat16_tEfNS_4arch4Sm90ELb1ELb0ELb0ELb1ELb1ELb0ELb0ELb1ELb1ELb1ELb0ELb0ESE_Li1EEENS1_21CollectiveEpilogueFwdINS6_IJSA_SC_SB_EEES9_SE_SG_Li384ELb1ELb1ELb0ELb0ELi1EEENS1_36VarlenDynamicPersistentTileSchedulerILi192ELi128ELi384ELi128ELb0ELb1ELb1ELb1ELb0ELb1EEEEEEEEEvNT_6ParamsE,gpu_tot_INT_ACC,44909700.0
llm_layer,layer,4,_ZN7cutlass13device_kernelIN5flash20enable_sm90_or_laterINS1_16FlashAttnFwdSm90INS1_25CollectiveMainloopFwdSm90ILi2EN4cute5tupleIJNS5_1CILi1EEES8_S8_EEENS6_IJNS7_ILi192EEENS7_ILi128EEENS7_ILi64EEEEEELi64ENS_10bfloat16_tEfNS_4arch4Sm90ELb1ELb0ELb0ELb1ELb1ELb0ELb0ELb1ELb1ELb1ELb0ELb0ESE_Li1EEENS1_21CollectiveEpilogueFwdINS6_IJSA_SC_SB_EEES9_SE_SG_Li384ELb1ELb1ELb0ELb0ELi1EEENS1_36VarlenDynamicPersistentTileSchedulerILi192ELi128ELi384ELi128ELb0ELb1ELb1ELb1ELb0ELb1EEEEEEEEEvNT_6ParamsE,gpu_tot_FPU_ACC,102646.0
llm_layer,layer,4,_ZN7cutlass13device_kernelIN5flash20enable_sm90_or_laterINS1_16FlashAttnFwdSm90INS1_25CollectiveMainloopFwdSm90ILi2EN4cute5tupleIJNS5_1CILi1EEES8_S8_EEENS6_IJNS7_ILi192EEENS7_ILi128EEENS7_ILi64EEEEEELi64ENS_10bfloat16_tEfNS_4arch4Sm90ELb1ELb0ELb0ELb1ELb1ELb0ELb0ELb1ELb1ELb1ELb0ELb0ESE_Li1EEENS1_21CollectiveEpilogueFwdINS6_IJSA_SC_SB_EEES9_SE_SG_Li384ELb1ELb1ELb0ELb0ELi1EEENS1_36VarlenDynamicPersistentTileSchedulerILi192ELi128ELi384ELi128ELb0ELb1ELb1ELb1ELb0ELb1EEEEEEEEEvNT_6ParamsE,gpu_tot_DPU_ACC,0.0
llm_layer,layer,4,_ZN7cutlass13device_kernelIN5flash20enable_sm90_or_laterINS1_16FlashAttnFwdSm90INS1_25CollectiveMainloopFwdSm90ILi2EN4cute5tupleIJNS5_1CILi1EEES8_S8_EEENS6_IJNS7_ILi192EEENS7_ILi128EEENS7_ILi64EEEEEELi64ENS_10bfloat16_tEfNS_4arch4Sm90ELb1ELb0ELb0ELb1ELb1ELb0ELb0ELb1ELb1ELb1ELb0ELb0ESE_Li1EEENS1_21CollectiveEpilogueFwdINS6_IJSA_SC_SB_EEES9_SE_SG_Li384ELb1ELb1ELb0ELb0ELi1EEENS1_36VarlenDynamicPersistentTileSchedulerILi192ELi128ELi384ELi128ELb0ELb1ELb1ELb1ELb0ELb1EEEEEEEEEvNT_6ParamsE,gpu_tot_INT_MUL24_ACC,0.0
llm_layer,layer,4,_ZN7cutlass13device_kernelIN5flash20enable_sm90_or_laterINS1_16FlashAttnFwdSm90INS1_25CollectiveMainloopFwdSm90ILi2EN4cute5tupleIJNS5_1CILi1EEES8_S8_EEENS6_IJNS7_ILi192EEENS7_ILi128EEENS7_ILi64EEEEEELi64ENS_10bfloat16_tEfNS_4arch4Sm90ELb1ELb0ELb0ELb1ELb1ELb0ELb0ELb1ELb1ELb1ELb0ELb0ESE_Li1EEENS1_21CollectiveEpilogueFwdINS6_IJSA_SC_SB_EEES9_SE_SG_Li384ELb1ELb1ELb0ELb0ELi1EEENS1_36VarlenDynamicPersistentTileSchedulerILi192ELi128ELi384ELi128ELb0ELb1ELb1ELb1ELb0ELb1EEEEEEEEEvNT_6ParamsE,gpu_tot_INT_MUL32_ACC,0.0
llm_layer,layer,4,_ZN7cutlass13device_kernelIN5flash20enable_sm90_or_laterINS1_16FlashAttnFwdSm90INS1_25CollectiveMainloopFwdSm90ILi2EN4cute5tupleIJNS5_1CILi1EEES8_S8_EEENS6_IJNS7_ILi192EEENS7_ILi128EEENS7_ILi64EEEEEELi64ENS_10bfloat16_tEfNS_4arch4Sm90ELb1ELb0ELb0ELb1ELb1ELb0ELb0ELb1ELb1ELb1ELb0ELb0ESE_Li1EEENS1_21CollectiveEpilogueFwdINS6_IJSA_SC_SB_EEES9_SE_SG_Li384ELb1ELb1ELb0ELb0ELi1EEENS1_36VarlenDynamicPersistentTileSchedulerILi192ELi128ELi384ELi128ELb0ELb1ELb1ELb1ELb0ELb1EEEEEEEEEvNT_6ParamsE,gpu_tot_INT_MUL_ACC,28145.6
llm_layer,layer,4,_ZN7cutlass13device_kernelIN5flash20enable_sm90_or_laterINS1_16FlashAttnFwdSm90INS1_25CollectiveMainloopFwdSm90ILi2EN4cute5tupleIJNS5_1CILi1EEES8_S8_EEENS6_IJNS7_ILi192EEENS7_ILi128EEENS7_ILi64EEEEEELi64ENS_10bfloat16_tEfNS_4arch4Sm90ELb1ELb0ELb0ELb1ELb1ELb0ELb0ELb1ELb1ELb1ELb0ELb0ESE_Li1EEENS1_21CollectiveEpilogueFwdINS6_IJSA_SC_SB_EEES9_SE_SG_Li384ELb1ELb1ELb0ELb0ELi1EEENS1_36VarlenDynamicPersistentTileSchedulerILi192ELi128ELi384ELi128ELb0ELb1ELb1ELb1ELb0ELb1EEEEEEEEEvNT_6ParamsE,gpu_tot_INT_DIV_ACC,0.0
llm_layer,layer,4,_ZN7cutlass13device_kernelIN5flash20enable_sm90_or_laterINS1_16FlashAttnFwdSm90INS1_25CollectiveMainloopFwdSm90ILi2EN4cute5tupleIJNS5_1CILi1EEES8_S8_EEENS6_IJNS7_ILi192EEENS7_ILi128EEENS7_ILi64EEEEEELi64ENS_10bfloat16_tEfNS_4arch4Sm90ELb1ELb0ELb0ELb1ELb1ELb0ELb0ELb1ELb1ELb1ELb0ELb0ESE_Li1EEENS1_21CollectiveEpilogueFwdINS6_IJSA_SC_SB_EEES9_SE_SG_Li384ELb1ELb1ELb0ELb0ELi1EEENS1_36VarlenDynamicPersistentTileSchedulerILi192ELi128ELi384ELi128ELb0ELb1ELb1ELb1ELb0ELb1EEEEEEEEEvNT_6ParamsE,gpu_tot_FP_MUL_ACC,7070.42
llm_layer,layer,4,_ZN7cutlass13device_kernelIN5flash20enable_sm90_or_laterINS1_16FlashAttnFwdSm90INS1_25CollectiveMainloopFwdSm90ILi2EN4cute5tupleIJNS5_1CILi1EEES8_S8_EEENS6_IJNS7_ILi192EEENS7_ILi128EEENS7_ILi64EEEEEELi64ENS_10bfloat16_tEfNS_4arch4Sm90ELb1ELb0ELb0ELb1ELb1ELb0ELb0ELb1ELb1ELb1ELb0ELb0ESE_Li1EEENS1_21CollectiveEpilogueFwdINS6_IJSA_SC_SB_EEES9_SE_SG_Li384ELb1ELb1ELb0ELb0ELi1EEENS1_36VarlenDynamicPersistentTileSchedulerILi192ELi128ELi384ELi128ELb0ELb1ELb1ELb1ELb0ELb1EEEEEEEEEvNT_6ParamsE,gpu_tot_FP_DIV_ACC,0.0
llm_layer,layer,4,_ZN7cutlass13device_kernelIN5flash20enable_sm90_or_laterINS1_16FlashAttnFwdSm90INS1_25CollectiveMainloopFwdSm90ILi2EN4cute5tupleIJNS5_1CILi1EEES8_S8_EEENS6_IJNS7_ILi192EEENS7_ILi128EEENS7_ILi64EEEEEELi64ENS_10bfloat16_tEfNS_4arch4Sm90ELb1ELb0ELb0ELb1ELb1ELb0ELb0ELb1ELb1ELb1ELb0ELb0ESE_Li1EEENS1_21CollectiveEpilogueFwdINS6_IJSA_SC_SB_EEES9_SE_SG_Li384ELb1ELb1ELb0ELb0ELi1EEENS1_36VarlenDynamicPersistentTileSchedulerILi192ELi128ELi384ELi128ELb0ELb1ELb1ELb1ELb0ELb1EEEEEEEEEvNT_6ParamsE,gpu_tot_FP_SQRT_ACC,0.0
llm_layer,layer,4,_ZN7cutlass13device_kernelIN5flash20enable_sm90_or_laterINS1_16FlashAttnFwdSm90INS1_25CollectiveMainloopFwdSm90ILi2EN4cute5tupleIJNS5_1CILi1EEES8_S8_EEENS6_IJNS7_ILi192EEENS7_ILi128EEENS7_ILi64EEEEEELi64ENS_10bfloat16_tEfNS_4arch4Sm90ELb1ELb0ELb0ELb1ELb1ELb0ELb0ELb1ELb1ELb1ELb0ELb0ESE_Li1EEENS1_21CollectiveEpilogueFwdINS6_IJSA_SC_SB_EEES9_SE_SG_Li384ELb1ELb1ELb0ELb0ELi1EEENS1_36VarlenDynamicPersistentTileSchedulerILi192ELi128ELi384ELi128ELb0ELb1ELb1ELb1ELb0ELb1EEEEEEEEEvNT_6ParamsE,gpu_tot_FP_LG_ACC,155.647
llm_layer,layer,4,_ZN7cutlass13device_kernelIN5flash20enable_sm90_or_laterINS1_16FlashAttnFwdSm90INS1_25CollectiveMainloopFwdSm90ILi2EN4cute5tupleIJNS5_1CILi1EEES8_S8_EEENS6_IJNS7_ILi192EEENS7_ILi128EEENS7_ILi64EEEEEELi64ENS_10bfloat16_tEfNS_4arch4Sm90ELb1ELb0ELb0ELb1ELb1ELb0ELb0ELb1ELb1ELb1ELb0ELb0ESE_Li1EEENS1_21CollectiveEpilogueFwdINS6_IJSA_SC_SB_EEES9_SE_SG_Li384ELb1ELb1ELb0ELb0ELi1EEENS1_36VarlenDynamicPersistentTileSchedulerILi192ELi128ELi384ELi128ELb0ELb1ELb1ELb1ELb0ELb1EEEEEEEEEvNT_6ParamsE,gpu_tot_FP_SIN_ACC,0.0
llm_layer,layer,4,_ZN7cutlass13device_kernelIN5flash20enable_sm90_or_laterINS1_16FlashAttnFwdSm90INS1_25CollectiveMainloopFwdSm90ILi2EN4cute5tupleIJNS5_1CILi1EEES8_S8_EEENS6_IJNS7_ILi192EEENS7_ILi128EEENS7_ILi64EEEEEELi64ENS_10bfloat16_tEfNS_4arch4Sm90ELb1ELb0ELb0ELb1ELb1ELb0ELb0ELb1ELb1ELb1ELb0ELb0ESE_Li1EEENS1_21CollectiveEpilogueFwdINS6_IJSA_SC_SB_EEES9_SE_SG_Li384ELb1ELb1ELb0ELb0ELi1EEENS1_36VarlenDynamicPersistentTileSchedulerILi192ELi128ELi384ELi128ELb0ELb1ELb1ELb1ELb0ELb1EEEEEEEEEvNT_6ParamsE,gpu_tot_FP_EXP_ACC,18568.5
llm_layer,layer,4,_ZN7cutlass13device_kernelIN5flash20enable_sm90_or_laterINS1_16FlashAttnFwdSm90INS1_25CollectiveMainloopFwdSm90ILi2EN4cute5tupleIJNS5_1CILi1EEES8_S8_EEENS6_IJNS7_ILi192EEENS7_ILi128EEENS7_ILi64EEEEEELi64ENS_10bfloat16_tEfNS_4arch4Sm90ELb1ELb0ELb0ELb1ELb1ELb0ELb0ELb1ELb1ELb1ELb0ELb0ESE_Li1EEENS1_21CollectiveEpilogueFwdINS6_IJSA_SC_SB_EEES9_SE_SG_Li384ELb1ELb1ELb0ELb0ELi1EEENS1_36VarlenDynamicPersistentTileSchedulerILi192ELi128ELi384ELi128ELb0ELb1ELb1ELb1ELb0ELb1EEEEEEEEEvNT_6ParamsE,gpu_tot_DP_MUL_ACC,0.0
llm_layer,layer,4,_ZN7cutlass13device_kernelIN5flash20enable_sm90_or_laterINS1_16FlashAttnFwdSm90INS1_25CollectiveMainloopFwdSm90ILi2EN4cute5tupleIJNS5_1CILi1EEES8_S8_EEENS6_IJNS7_ILi192EEENS7_ILi128EEENS7_ILi64EEEEEELi64ENS_10bfloat16_tEfNS_4arch4Sm90ELb1ELb0ELb0ELb1ELb1ELb0ELb0ELb1ELb1ELb1ELb0ELb0ESE_Li1EEENS1_21CollectiveEpilogueFwdINS6_IJSA_SC_SB_EEES9_SE_SG_Li384ELb1ELb1ELb0ELb0ELi1EEENS1_36VarlenDynamicPersistentTileSchedulerILi192ELi128ELi384ELi128ELb0ELb1ELb1ELb1ELb0ELb1EEEEEEEEEvNT_6ParamsE,gpu_tot_DP_DIV_ACC,0.0
llm_layer,layer,4,_ZN7cutlass13device_kernelIN5flash20enable_sm90_or_laterINS1_16FlashAttnFwdSm90INS1_25CollectiveMainloopFwdSm90ILi2EN4cute5tupleIJNS5_1CILi1EEES8_S8_EEENS6_IJNS7_ILi192EEENS7_ILi128EEENS7_ILi64EEEEEELi64ENS_10bfloat16_tEfNS_4arch4Sm90ELb1ELb0ELb0ELb1ELb1ELb0ELb0ELb1ELb1ELb1ELb0ELb0ESE_Li1EEENS1_21CollectiveEpilogueFwdINS6_IJSA_SC_SB_EEES9_SE_SG_Li384ELb1ELb1ELb0ELb0ELi1EEENS1_36VarlenDynamicPersistentTileSchedulerILi192ELi128ELi384ELi128ELb0ELb1ELb1ELb1ELb0ELb1EEEEEEEEEvNT_6ParamsE,gpu_tot_TENSOR_ACC,0.0
llm_layer,layer,4,_ZN7cutlass13device_kernelIN5flash20enable_sm90_or_laterINS1_16FlashAttnFwdSm90INS1_25CollectiveMainloopFwdSm90ILi2EN4cute5tupleIJNS5_1CILi1EEES8_S8_EEENS6_IJNS7_ILi192EEENS7_ILi128EEENS7_ILi64EEEEEELi64ENS_10bfloat16_tEfNS_4arch4Sm90ELb1ELb0ELb0ELb1ELb1ELb0ELb0ELb1ELb1ELb1ELb0ELb0ESE_Li1EEENS1_21CollectiveEpilogueFwdINS6_IJSA_SC_SB_EEES9_SE_SG_Li384ELb1ELb1ELb0ELb0ELi1EEENS1_36VarlenDynamicPersistentTileSchedulerILi192ELi128ELi384ELi128ELb0ELb1ELb1ELb1ELb0ELb1EEEEEEEEEvNT_6ParamsE,gpu_tot_TEX_ACC,0.0
llm_layer,layer,4,_ZN7cutlass13device_kernelIN5flash20enable_sm90_or_laterINS1_16FlashAttnFwdSm90INS1_25CollectiveMainloopFwdSm90ILi2EN4cute5tupleIJNS5_1CILi1EEES8_S8_EEENS6_IJNS7_ILi192EEENS7_ILi128EEENS7_ILi64EEEEEELi64ENS_10bfloat16_tEfNS_4arch4Sm90ELb1ELb0ELb0ELb1ELb1ELb0ELb0ELb1ELb1ELb1ELb0ELb0ESE_Li1EEENS1_21CollectiveEpilogueFwdINS6_IJSA_SC_SB_EEES9_SE_SG_Li384ELb1ELb1ELb0ELb0ELi1EEENS1_36VarlenDynamicPersistentTileSchedulerILi192ELi128ELi384ELi128ELb0ELb1ELb1ELb1ELb0ELb1EEEEEEEEEvNT_6ParamsE,gpu_tot_MEM_RD,0.0
llm_layer,layer,4,_ZN7cutlass13device_kernelIN5flash20enable_sm90_or_laterINS1_16FlashAttnFwdSm90INS1_25CollectiveMainloopFwdSm90ILi2EN4cute5tupleIJNS5_1CILi1EEES8_S8_EEENS6_IJNS7_ILi192EEENS7_ILi128EEENS7_ILi64EEEEEELi64ENS_10bfloat16_tEfNS_4arch4Sm90ELb1ELb0ELb0ELb1ELb1ELb0ELb0ELb1ELb1ELb1ELb0ELb0ESE_Li1EEENS1_21CollectiveEpilogueFwdINS6_IJSA_SC_SB_EEES9_SE_SG_Li384ELb1ELb1ELb0ELb0ELi1EEENS1_36VarlenDynamicPersistentTileSchedulerILi192ELi128ELi384ELi128ELb0ELb1ELb1ELb1ELb0ELb1EEEEEEEEEvNT_6ParamsE,gpu_tot_MEM_WR,0.0
llm_layer,layer,4,_ZN7cutlass13device_kernelIN5flash20enable_sm90_or_laterINS1_16FlashAttnFwdSm90INS1_25CollectiveMainloopFwdSm90ILi2EN4cute5tupleIJNS5_1CILi1EEES8_S8_EEENS6_IJNS7_ILi192EEENS7_ILi128EEENS7_ILi64EEEEEELi64ENS_10bfloat16_tEfNS_4arch4Sm90ELb1ELb0ELb0ELb1ELb1ELb0ELb0ELb1ELb1ELb1ELb0ELb0ESE_Li1EEENS1_21CollectiveEpilogueFwdINS6_IJSA_SC_SB_EEES9_SE_SG_Li384ELb1ELb1ELb0ELb0ELi1EEENS1_36VarlenDynamicPersistentTileSchedulerILi192ELi128ELi384ELi128ELb0ELb1ELb1ELb1ELb0ELb1EEEEEEEEEvNT_6ParamsE,gpu_tot_MEM_PRE,0.0
llm_layer,layer,4,_ZN7cutlass13device_kernelIN5flash20enable_sm90_or_laterINS1_16FlashAttnFwdSm90INS1_25CollectiveMainloopFwdSm90ILi2EN4cute5tupleIJNS5_1CILi1EEES8_S8_EEENS6_IJNS7_ILi192EEENS7_ILi128EEENS7_ILi64EEEEEELi64ENS_10bfloat16_tEfNS_4arch4Sm90ELb1ELb0ELb0ELb1ELb1ELb0ELb0ELb1ELb1ELb1ELb0ELb0ESE_Li1EEENS1_21CollectiveEpilogueFwdINS6_IJSA_SC_SB_EEES9_SE_SG_Li384ELb1ELb1ELb0ELb0ELi1EEENS1_36VarlenDynamicPersistentTileSchedulerILi192ELi128ELi384ELi128ELb0ELb1ELb1ELb1ELb0ELb1EEEEEEEEEvNT_6ParamsE,gpu_tot_L2_RH,992.0
llm_layer,layer,4,_ZN7cutlass13device_kernelIN5flash20enable_sm90_or_laterINS1_16FlashAttnFwdSm90INS1_25CollectiveMainloopFwdSm90ILi2EN4cute5tupleIJNS5_1CILi1EEES8_S8_EEENS6_IJNS7_ILi192EEENS7_ILi128EEENS7_ILi64EEEEEELi64ENS_10bfloat16_tEfNS_4arch4Sm90ELb1ELb0ELb0ELb1ELb1ELb0ELb0ELb1ELb1ELb1ELb0ELb0ESE_Li1EEENS1_21CollectiveEpilogueFwdINS6_IJSA_SC_SB_EEES9_SE_SG_Li384ELb1ELb1ELb0ELb0ELi1EEENS1_36VarlenDynamicPersistentTileSchedulerILi192ELi128ELi384ELi128ELb0ELb1ELb1ELb1ELb0ELb1EEEEEEEEEvNT_6ParamsE,gpu_tot_L2_RM,902.0
llm_layer,layer,4,_ZN7cutlass13device_kernelIN5flash20enable_sm90_or_laterINS1_16FlashAttnFwdSm90INS1_25CollectiveMainloopFwdSm90ILi2EN4cute5tupleIJNS5_1CILi1EEES8_S8_EEENS6_IJNS7_ILi192EEENS7_ILi128EEENS7_ILi64EEEEEELi64ENS_10bfloat16_tEfNS_4arch4Sm90ELb1ELb0ELb0ELb1ELb1ELb0ELb0ELb1ELb1ELb1ELb0ELb0ESE_Li1EEENS1_21CollectiveEpilogueFwdINS6_IJSA_SC_SB_EEES9_SE_SG_Li384ELb1ELb1ELb0ELb0ELi1EEENS1_36VarlenDynamicPersistentTileSchedulerILi192ELi128ELi384ELi128ELb0ELb1ELb1ELb1ELb0ELb1EEEEEEEEEvNT_6ParamsE,gpu_tot_L2_WH,172.0
llm_layer,layer,4,_ZN7cutlass13device_kernelIN5flash20enable_sm90_or_laterINS1_16FlashAttnFwdSm90INS1_25CollectiveMainloopFwdSm90ILi2EN4cute5tupleIJNS5_1CILi1EEES8_S8_EEENS6_IJNS7_ILi192EEENS7_ILi128EEENS7_ILi64EEEEEELi64ENS_10bfloat16_tEfNS_4arch4Sm90ELb1ELb0ELb0ELb1ELb1ELb0ELb0ELb1ELb1ELb1ELb0ELb0ESE_Li1EEENS1_21CollectiveEpilogueFwdINS6_IJSA_SC_SB_EEES9_SE_SG_Li384ELb1ELb1ELb0ELb0ELi1EEENS1_36VarlenDynamicPersistentTileSchedulerILi192ELi128ELi384ELi128ELb0ELb1ELb1ELb1ELb0ELb1EEEEEEEEEvNT_6ParamsE,gpu_tot_L2_WM,5616.0
llm_layer,layer,4,_ZN7cutlass13device_kernelIN5flash20enable_sm90_or_laterINS1_16FlashAttnFwdSm90INS1_25CollectiveMainloopFwdSm90ILi2EN4cute5tupleIJNS5_1CILi1EEES8_S8_EEENS6_IJNS7_ILi192EEENS7_ILi128EEENS7_ILi64EEEEEELi64ENS_10bfloat16_tEfNS_4arch4Sm90ELb1ELb0ELb0ELb1ELb1ELb0ELb0ELb1ELb1ELb1ELb0ELb0ESE_Li1EEENS1_21CollectiveEpilogueFwdINS6_IJSA_SC_SB_EEES9_SE_SG_Li384ELb1ELb1ELb0ELb0ELi1EEENS1_36VarlenDynamicPersistentTileSchedulerILi192ELi128ELi384ELi128ELb0ELb1ELb1ELb1ELb0ELb1EEEEEEEEEvNT_6ParamsE,gpu_tot_NOC_A,28204.0
llm_layer,layer,4,_ZN7cutlass13device_kernelIN5flash20enable_sm90_or_laterINS1_16FlashAttnFwdSm90INS1_25CollectiveMainloopFwdSm90ILi2EN4cute5tupleIJNS5_1CILi1EEES8_S8_EEENS6_IJNS7_ILi192EEENS7_ILi128EEENS7_ILi64EEEEEELi64ENS_10bfloat16_tEfNS_4arch4Sm90ELb1ELb0ELb0ELb1ELb1ELb0ELb0ELb1ELb1ELb1ELb0ELb0ESE_Li1EEENS1_21CollectiveEpilogueFwdINS6_IJSA_SC_SB_EEES9_SE_SG_Li384ELb1ELb1ELb0ELb0ELi1EEENS1_36VarlenDynamicPersistentTileSchedulerILi192ELi128ELi384ELi128ELb0ELb1ELb1ELb1ELb0ELb1EEEEEEEEEvNT_6ParamsE,gpu_tot_PIPE_A,0.363065
llm_layer,layer,4,_ZN7cutlass13device_kernelIN5flash20enable_sm90_or_laterINS1_16FlashAttnFwdSm90INS1_25CollectiveMainloopFwdSm90ILi2EN4cute5tupleIJNS5_1CILi1EEES8_S8_EEENS6_IJNS7_ILi192EEENS7_ILi128EEENS7_ILi64EEEEEELi64ENS_10bfloat16_tEfNS_4arch4Sm90ELb1ELb0ELb0ELb1ELb1ELb0ELb0ELb1ELb1ELb1ELb0ELb0ESE_Li1EEENS1_21CollectiveEpilogueFwdINS6_IJSA_SC_SB_EEES9_SE_SG_Li384ELb1ELb1ELb0ELb0ELi1EEENS1_36VarlenDynamicPersistentTileSchedulerILi192ELi128ELi384ELi128ELb0ELb1ELb1ELb1ELb0ELb1EEEEEEEEEvNT_6ParamsE,gpu_tot_IDLE_CORE_N,3497.87
llm_layer,layer,4,_ZN7cutlass13device_kernelIN5flash20enable_sm90_or_laterINS1_16FlashAttnFwdSm90INS1_25CollectiveMainloopFwdSm90ILi2EN4cute5tupleIJNS5_1CILi1EEES8_S8_EEENS6_IJNS7_ILi192EEENS7_ILi128EEENS7_ILi64EEEEEELi64ENS_10bfloat16_tEfNS_4arch4Sm90ELb1ELb0ELb0ELb1ELb1ELb0ELb0ELb1ELb1ELb1ELb0ELb0ESE_Li1EEENS1_21CollectiveEpilogueFwdINS6_IJSA_SC_SB_EEES9_SE_SG_Li384ELb1ELb1ELb0ELb0ELi1EEENS1_36VarlenDynamicPersistentTileSchedulerILi192ELi128ELi384ELi128ELb0ELb1ELb1ELb1ELb0ELb1EEEEEEEEEvNT_6ParamsE,gpu_tot_constant_power,0.0
llm_layer,layer,4,_ZN7cutlass13device_kernelIN5flash20enable_sm90_or_laterINS1_16FlashAttnFwdSm90INS1_25CollectiveMainloopFwdSm90ILi2EN4cute5tupleIJNS5_1CILi1EEES8_S8_EEENS6_IJNS7_ILi192EEENS7_ILi128EEENS7_ILi64EEEEEELi64ENS_10bfloat16_tEfNS_4arch4Sm90ELb1ELb0ELb0ELb1ELb1ELb0ELb0ELb1ELb1ELb1ELb0ELb0ESE_Li1EEENS1_21CollectiveEpilogueFwdINS6_IJSA_SC_SB_EEES9_SE_SG_Li384ELb1ELb1ELb0ELb0ELi1EEENS1_36VarlenDynamicPersistentTileSchedulerILi192ELi128ELi384ELi128ELb0ELb1ELb1ELb1ELb0ELb1EEEEEEEEEvNT_6ParamsE,kernel_max_power,129.93
llm_layer,layer,4,_ZN7cutlass13device_kernelIN5flash20enable_sm90_or_laterINS1_16FlashAttnFwdSm90INS1_25CollectiveMainloopFwdSm90ILi2EN4cute5tupleIJNS5_1CILi1EEES8_S8_EEENS6_IJNS7_ILi192EEENS7_ILi128EEENS7_ILi64EEEEEELi64ENS_10bfloat16_tEfNS_4arch4Sm90ELb1ELb0ELb0ELb1ELb1ELb0ELb0ELb1ELb1ELb1ELb0ELb0ESE_Li1EEENS1_21CollectiveEpilogueFwdINS6_IJSA_SC_SB_EEES9_SE_SG_Li384ELb1ELb1ELb0ELb0ELi1EEENS1_36VarlenDynamicPersistentTileSchedulerILi192ELi128ELi384ELi128ELb0ELb1ELb1ELb1ELb0ELb1EEEEEEEEEvNT_6ParamsE,gpu_max_IBP,2.94368
llm_layer,layer,4,_ZN7cutlass13device_kernelIN5flash20enable_sm90_or_laterINS1_16FlashAttnFwdSm90INS1_25CollectiveMainloopFwdSm90ILi2EN4cute5tupleIJNS5_1CILi1EEES8_S8_EEENS6_IJNS7_ILi192EEENS7_ILi128EEENS7_ILi64EEEEEELi64ENS_10bfloat16_tEfNS_4arch4Sm90ELb1ELb0ELb0ELb1ELb1ELb0ELb0ELb1ELb1ELb1ELb0ELb0ESE_Li1EEENS1_21CollectiveEpilogueFwdINS6_IJSA_SC_SB_EEES9_SE_SG_Li384ELb1ELb1ELb0ELb0ELi1EEENS1_36VarlenDynamicPersistentTileSchedulerILi192ELi128ELi384ELi128ELb0ELb1ELb1ELb1ELb0ELb1EEEEEEEEEvNT_6ParamsE,gpu_max_ICP,0.0
llm_layer,layer,4,_ZN7cutlass13device_kernelIN5flash20enable_sm90_or_laterINS1_16FlashAttnFwdSm90INS1_25CollectiveMainloopFwdSm90ILi2EN4cute5tupleIJNS5_1CILi1EEES8_S8_EEENS6_IJNS7_ILi192EEENS7_ILi128EEENS7_ILi64EEEEEELi64ENS_10bfloat16_tEfNS_4arch4Sm90ELb1ELb0ELb0ELb1ELb1ELb0ELb0ELb1ELb1ELb1ELb0ELb0ESE_Li1EEENS1_21CollectiveEpilogueFwdINS6_IJSA_SC_SB_EEES9_SE_SG_Li384ELb1ELb1ELb0ELb0ELi1EEENS1_36VarlenDynamicPersistentTileSchedulerILi192ELi128ELi384ELi128ELb0ELb1ELb1ELb1ELb0ELb1EEEEEEEEEvNT_6ParamsE,gpu_max_DCP,2.25672
llm_layer,layer,4,_ZN7cutlass13device_kernelIN5flash20enable_sm90_or_laterINS1_16FlashAttnFwdSm90INS1_25CollectiveMainloopFwdSm90ILi2EN4cute5tupleIJNS5_1CILi1EEES8_S8_EEENS6_IJNS7_ILi192EEENS7_ILi128EEENS7_ILi64EEEEEELi64ENS_10bfloat16_tEfNS_4arch4Sm90ELb1ELb0ELb0ELb1ELb1ELb0ELb0ELb1ELb1ELb1ELb0ELb0ESE_Li1EEENS1_21CollectiveEpilogueFwdINS6_IJSA_SC_SB_EEES9_SE_SG_Li384ELb1ELb1ELb0ELb0ELi1EEENS1_36VarlenDynamicPersistentTileSchedulerILi192ELi128ELi384ELi128ELb0ELb1ELb1ELb1ELb0ELb1EEEEEEEEEvNT_6ParamsE,gpu_max_TCP,0.0
llm_layer,layer,4,_ZN7cutlass13device_kernelIN5flash20enable_sm90_or_laterINS1_16FlashAttnFwdSm90INS1_25CollectiveMainloopFwdSm90ILi2EN4cute5tupleIJNS5_1CILi1EEES8_S8_EEENS6_IJNS7_ILi192EEENS7_ILi128EEENS7_ILi64EEEEEELi64ENS_10bfloat16_tEfNS_4arch4Sm90ELb1ELb0ELb0ELb1ELb1ELb0ELb0ELb1ELb1ELb1ELb0ELb0ESE_Li1EEENS1_21CollectiveEpilogueFwdINS6_IJSA_SC_SB_EEES9_SE_SG_Li384ELb1ELb1ELb0ELb0ELi1EEENS1_36VarlenDynamicPersistentTileSchedulerILi192ELi128ELi384ELi128ELb0ELb1ELb1ELb1ELb0ELb1EEEEEEEEEvNT_6ParamsE,gpu_max_CCP,0.00288251
llm_layer,layer,4,_ZN7cutlass13device_kernelIN5flash20enable_sm90_or_laterINS1_16FlashAttnFwdSm90INS1_25CollectiveMainloopFwdSm90ILi2EN4cute5tupleIJNS5_1CILi1EEES8_S8_EEENS6_IJNS7_ILi192EEENS7_ILi128EEENS7_ILi64EEEEEELi64ENS_10bfloat16_tEfNS_4arch4Sm90ELb1ELb0ELb0ELb1ELb1ELb0ELb0ELb1ELb1ELb1ELb0ELb0ESE_Li1EEENS1_21CollectiveEpilogueFwdINS6_IJSA_SC_SB_EEES9_SE_SG_Li384ELb1ELb1ELb0ELb0ELi1EEENS1_36VarlenDynamicPersistentTileSchedulerILi192ELi128ELi384ELi128ELb0ELb1ELb1ELb1ELb0ELb1EEEEEEEEEvNT_6ParamsE,gpu_max_SHRDP,1.29494
llm_layer,layer,4,_ZN7cutlass13device_kernelIN5flash20enable_sm90_or_laterINS1_16FlashAttnFwdSm90INS1_25CollectiveMainloopFwdSm90ILi2EN4cute5tupleIJNS5_1CILi1EEES8_S8_EEENS6_IJNS7_ILi192EEENS7_ILi128EEENS7_ILi64EEEEEELi64ENS_10bfloat16_tEfNS_4arch4Sm90ELb1ELb0ELb0ELb1ELb1ELb0ELb0ELb1ELb1ELb1ELb0ELb0ESE_Li1EEENS1_21CollectiveEpilogueFwdINS6_IJSA_SC_SB_EEES9_SE_SG_Li384ELb1ELb1ELb0ELb0ELi1EEENS1_36VarlenDynamicPersistentTileSchedulerILi192ELi128ELi384ELi128ELb0ELb1ELb1ELb1ELb0ELb1EEEEEEEEEvNT_6ParamsE,gpu_max_RFP,0.0
llm_layer,layer,4,_ZN7cutlass13device_kernelIN5flash20enable_sm90_or_laterINS1_16FlashAttnFwdSm90INS1_25CollectiveMainloopFwdSm90ILi2EN4cute5tupleIJNS5_1CILi1EEES8_S8_EEENS6_IJNS7_ILi192EEENS7_ILi128EEENS7_ILi64EEEEEELi64ENS_10bfloat16_tEfNS_4arch4Sm90ELb1ELb0ELb0ELb1ELb1ELb0ELb0ELb1ELb1ELb1ELb0ELb0ESE_Li1EEENS1_21CollectiveEpilogueFwdINS6_IJSA_SC_SB_EEES9_SE_SG_Li384ELb1ELb1ELb0ELb0ELi1EEENS1_36VarlenDynamicPersistentTileSchedulerILi192ELi128ELi384ELi128ELb0ELb1ELb1ELb1ELb0ELb1EEEEEEEEEvNT_6ParamsE,gpu_max_INTP,44.1129
llm_layer,layer,4,_ZN7cutlass13device_kernelIN5flash20enable_sm90_or_laterINS1_16FlashAttnFwdSm90INS1_25CollectiveMainloopFwdSm90ILi2EN4cute5tupleIJNS5_1CILi1EEES8_S8_EEENS6_IJNS7_ILi192EEENS7_ILi128EEENS7_ILi64EEEEEELi64ENS_10bfloat16_tEfNS_4arch4Sm90ELb1ELb0ELb0ELb1ELb1ELb0ELb0ELb1ELb1ELb1ELb0ELb0ESE_Li1EEENS1_21CollectiveEpilogueFwdINS6_IJSA_SC_SB_EEES9_SE_SG_Li384ELb1ELb1ELb0ELb0ELi1EEENS1_36VarlenDynamicPersistentTileSchedulerILi192ELi128ELi384ELi128ELb0ELb1ELb1ELb1ELb0ELb1EEEEEEEEEvNT_6ParamsE,gpu_max_FPUP,0.0
llm_layer,layer,4,_ZN7cutlass13device_kernelIN5flash20enable_sm90_or_laterINS1_16FlashAttnFwdSm90INS1_25CollectiveMainloopFwdSm90ILi2EN4cute5tupleIJNS5_1CILi1EEES8_S8_EEENS6_IJNS7_ILi192EEENS7_ILi128EEENS7_ILi64EEEEEELi64ENS_10bfloat16_tEfNS_4arch4Sm90ELb1ELb0ELb0ELb1ELb1ELb0ELb0ELb1ELb1ELb1ELb0ELb0ESE_Li1EEENS1_21CollectiveEpilogueFwdINS6_IJSA_SC_SB_EEES9_SE_SG_Li384ELb1ELb1ELb0ELb0ELi1EEENS1_36VarlenDynamicPersistentTileSchedulerILi192ELi128ELi384ELi128ELb0ELb1ELb1ELb1ELb0ELb1EEEEEEEEEvNT_6ParamsE,gpu_max_DPUP,0.0
llm_layer,layer,4,_ZN7cutlass13device_kernelIN5flash20enable_sm90_or_laterINS1_16FlashAttnFwdSm90INS1_25CollectiveMainloopFwdSm90ILi2EN4cute5tupleIJNS5_1CILi1EEES8_S8_EEENS6_IJNS7_ILi192EEENS7_ILi128EEENS7_ILi64EEEEEELi64ENS_10bfloat16_tEfNS_4arch4Sm90ELb1ELb0ELb0ELb1ELb1ELb0ELb0ELb1ELb1ELb1ELb0ELb0ESE_Li1EEENS1_21CollectiveEpilogueFwdINS6_IJSA_SC_SB_EEES9_SE_SG_Li384ELb1ELb1ELb0ELb0ELi1EEENS1_36VarlenDynamicPersistentTileSchedulerILi192ELi128ELi384ELi128ELb0ELb1ELb1ELb1ELb0ELb1EEEEEEEEEvNT_6ParamsE,gpu_max_INT_MUL24P,0.0
llm_layer,layer,4,_ZN7cutlass13device_kernelIN5flash20enable_sm90_or_laterINS1_16FlashAttnFwdSm90INS1_25CollectiveMainloopFwdSm90ILi2EN4cute5tupleIJNS5_1CILi1EEES8_S8_EEENS6_IJNS7_ILi192EEENS7_ILi128EEENS7_ILi64EEEEEELi64ENS_10bfloat16_tEfNS_4arch4Sm90ELb1ELb0ELb0ELb1ELb1ELb0ELb0ELb1ELb1ELb1ELb0ELb0ESE_Li1EEENS1_21CollectiveEpilogueFwdINS6_IJSA_SC_SB_EEES9_SE_SG_Li384ELb1ELb1ELb0ELb0ELi1EEENS1_36VarlenDynamicPersistentTileSchedulerILi192ELi128ELi384ELi128ELb0ELb1ELb1ELb1ELb0ELb1EEEEEEEEEvNT_6ParamsE,gpu_max_INT_MUL32P,0.0
llm_layer,layer,4,_ZN7cutlass13device_kernelIN5flash20enable_sm90_or_laterINS1_16FlashAttnFwdSm90INS1_25CollectiveMainloopFwdSm90ILi2EN4cute5tupleIJNS5_1CILi1EEES8_S8_EEENS6_IJNS7_ILi192EEENS7_ILi128EEENS7_ILi64EEEEEELi64ENS_10bfloat16_tEfNS_4arch4Sm90ELb1ELb0ELb0ELb1ELb1ELb0ELb0ELb1ELb1ELb1ELb0ELb0ESE_Li1EEENS1_21CollectiveEpilogueFwdINS6_IJSA_SC_SB_EEES9_SE_SG_Li384ELb1ELb1ELb0ELb0ELi1EEENS1_36VarlenDynamicPersistentTileSchedulerILi192ELi128ELi384ELi128ELb0ELb1ELb1ELb1ELb0ELb1EEEEEEEEEvNT_6ParamsE,gpu_max_INT_MULP,0.300155
llm_layer,layer,4,_ZN7cutlass13device_kernelIN5flash20enable_sm90_or_laterINS1_16FlashAttnFwdSm90INS1_25CollectiveMainloopFwdSm90ILi2EN4cute5tupleIJNS5_1CILi1EEES8_S8_EEENS6_IJNS7_ILi192EEENS7_ILi128EEENS7_ILi64EEEEEELi64ENS_10bfloat16_tEfNS_4arch4Sm90ELb1ELb0ELb0ELb1ELb1ELb0ELb0ELb1ELb1ELb1ELb0ELb0ESE_Li1EEENS1_21CollectiveEpilogueFwdINS6_IJSA_SC_SB_EEES9_SE_SG_Li384ELb1ELb1ELb0ELb0ELi1EEENS1_36VarlenDynamicPersistentTileSchedulerILi192ELi128ELi384ELi128ELb0ELb1ELb1ELb1ELb0ELb1EEEEEEEEEvNT_6ParamsE,gpu_max_INT_DIVP,0.0
llm_layer,layer,4,_ZN7cutlass13device_kernelIN5flash20enable_sm90_or_laterINS1_16FlashAttnFwdSm90INS1_25CollectiveMainloopFwdSm90ILi2EN4cute5tupleIJNS5_1CILi1EEES8_S8_EEENS6_IJNS7_ILi192EEENS7_ILi128EEENS7_ILi64EEEEEELi64ENS_10bfloat16_tEfNS_4arch4Sm90ELb1ELb0ELb0ELb1ELb1ELb0ELb0ELb1ELb1ELb1ELb0ELb0ESE_Li1EEENS1_21CollectiveEpilogueFwdINS6_IJSA_SC_SB_EEES9_SE_SG_Li384ELb1ELb1ELb0ELb0ELi1EEENS1_36VarlenDynamicPersistentTileSchedulerILi192ELi128ELi384ELi128ELb0ELb1ELb1ELb1ELb0ELb1EEEEEEEEEvNT_6ParamsE,gpu_max_FP_MULP,0.0
llm_layer,layer,4,_ZN7cutlass13device_kernelIN5flash20enable_sm90_or_laterINS1_16FlashAttnFwdSm90INS1_25CollectiveMainloopFwdSm90ILi2EN4cute5tupleIJNS5_1CILi1EEES8_S8_EEENS6_IJNS7_ILi192EEENS7_ILi128EEENS7_ILi64EEEEEELi64ENS_10bfloat16_tEfNS_4arch4Sm90ELb1ELb0ELb0ELb1ELb1ELb0ELb0ELb1ELb1ELb1ELb0ELb0ESE_Li1EEENS1_21CollectiveEpilogueFwdINS6_IJSA_SC_SB_EEES9_SE_SG_Li384ELb1ELb1ELb0ELb0ELi1EEENS1_36VarlenDynamicPersistentTileSchedulerILi192ELi128ELi384ELi128ELb0ELb1ELb1ELb1ELb0ELb1EEEEEEEEEvNT_6ParamsE,gpu_max_FP_DIVP,0.0
llm_layer,layer,4,_ZN7cutlass13device_kernelIN5flash20enable_sm90_or_laterINS1_16FlashAttnFwdSm90INS1_25CollectiveMainloopFwdSm90ILi2EN4cute5tupleIJNS5_1CILi1EEES8_S8_EEENS6_IJNS7_ILi192EEENS7_ILi128EEENS7_ILi64EEEEEELi64ENS_10bfloat16_tEfNS_4arch4Sm90ELb1ELb0ELb0ELb1ELb1ELb0ELb0ELb1ELb1ELb1ELb0ELb0ESE_Li1EEENS1_21CollectiveEpilogueFwdINS6_IJSA_SC_SB_EEES9_SE_SG_Li384ELb1ELb1ELb0ELb0ELi1EEENS1_36VarlenDynamicPersistentTileSchedulerILi192ELi128ELi384ELi128ELb0ELb1ELb1ELb1ELb0ELb1EEEEEEEEEvNT_6ParamsE,gpu_max_FP_SQRTP,0.0
llm_layer,layer,4,_ZN7cutlass13device_kernelIN5flash20enable_sm90_or_laterINS1_16FlashAttnFwdSm90INS1_25CollectiveMainloopFwdSm90ILi2EN4cute5tupleIJNS5_1CILi1EEES8_S8_EEENS6_IJNS7_ILi192EEENS7_ILi128EEENS7_ILi64EEEEEELi64ENS_10bfloat16_tEfNS_4arch4Sm90ELb1ELb0ELb0ELb1ELb1ELb0ELb0ELb1ELb1ELb1ELb0ELb0ESE_Li1EEENS1_21CollectiveEpilogueFwdINS6_IJSA_SC_SB_EEES9_SE_SG_Li384ELb1ELb1ELb0ELb0ELi1EEENS1_36VarlenDynamicPersistentTileSchedulerILi192ELi128ELi384ELi128ELb0ELb1ELb1ELb1ELb0ELb1EEEEEEEEEvNT_6ParamsE,gpu_max_FP_LGP,0.0
llm_layer,layer,4,_ZN7cutlass13device_kernelIN5flash20enable_sm90_or_laterINS1_16FlashAttnFwdSm90INS1_25CollectiveMainloopFwdSm90ILi2EN4cute5tupleIJNS5_1CILi1EEES8_S8_EEENS6_IJNS7_ILi192EEENS7_ILi128EEENS7_ILi64EEEEEELi64ENS_10bfloat16_tEfNS_4arch4Sm90ELb1ELb0ELb0ELb1ELb1ELb0ELb0ELb1ELb1ELb1ELb0ELb0ESE_Li1EEENS1_21CollectiveEpilogueFwdINS6_IJSA_SC_SB_EEES9_SE_SG_Li384ELb1ELb1ELb0ELb0ELi1EEENS1_36VarlenDynamicPersistentTileSchedulerILi192ELi128ELi384ELi128ELb0ELb1ELb1ELb1ELb0ELb1EEEEEEEEEvNT_6ParamsE,gpu_max_FP_SINP,0.0
llm_layer,layer,4,_ZN7cutlass13device_kernelIN5flash20enable_sm90_or_laterINS1_16FlashAttnFwdSm90INS1_25CollectiveMainloopFwdSm90ILi2EN4cute5tupleIJNS5_1CILi1EEES8_S8_EEENS6_IJNS7_ILi192EEENS7_ILi128EEENS7_ILi64EEEEEELi64ENS_10bfloat16_tEfNS_4arch4Sm90ELb1ELb0ELb0ELb1ELb1ELb0ELb0ELb1ELb1ELb1ELb0ELb0ESE_Li1EEENS1_21CollectiveEpilogueFwdINS6_IJSA_SC_SB_EEES9_SE_SG_Li384ELb1ELb1ELb0ELb0ELi1EEENS1_36VarlenDynamicPersistentTileSchedulerILi192ELi128ELi384ELi128ELb0ELb1ELb1ELb1ELb0ELb1EEEEEEEEEvNT_6ParamsE,gpu_max_FP_EXP,0.0
llm_layer,layer,4,_ZN7cutlass13device_kernelIN5flash20enable_sm90_or_laterINS1_16FlashAttnFwdSm90INS1_25CollectiveMainloopFwdSm90ILi2EN4cute5tupleIJNS5_1CILi1EEES8_S8_EEENS6_IJNS7_ILi192EEENS7_ILi128EEENS7_ILi64EEEEEELi64ENS_10bfloat16_tEfNS_4arch4Sm90ELb1ELb0ELb0ELb1ELb1ELb0ELb0ELb1ELb1ELb1ELb0ELb0ESE_Li1EEENS1_21CollectiveEpilogueFwdINS6_IJSA_SC_SB_EEES9_SE_SG_Li384ELb1ELb1ELb0ELb0ELi1EEENS1_36VarlenDynamicPersistentTileSchedulerILi192ELi128ELi384ELi128ELb0ELb1ELb1ELb1ELb0ELb1EEEEEEEEEvNT_6ParamsE,gpu_max_DP_MULP,0.0
llm_layer,layer,4,_ZN7cutlass13device_kernelIN5flash20enable_sm90_or_laterINS1_16FlashAttnFwdSm90INS1_25CollectiveMainloopFwdSm90ILi2EN4cute5tupleIJNS5_1CILi1EEES8_S8_EEENS6_IJNS7_ILi192EEENS7_ILi128EEENS7_ILi64EEEEEELi64ENS_10bfloat16_tEfNS_4arch4Sm90ELb1ELb0ELb0ELb1ELb1ELb0ELb0ELb1ELb1ELb1ELb0ELb0ESE_Li1EEENS1_21CollectiveEpilogueFwdINS6_IJSA_SC_SB_EEES9_SE_SG_Li384ELb1ELb1ELb0ELb0ELi1EEENS1_36VarlenDynamicPersistentTileSchedulerILi192ELi128ELi384ELi128ELb0ELb1ELb1ELb1ELb0ELb1EEEEEEEEEvNT_6ParamsE,gpu_max_DP_DIVP,0.0
llm_layer,layer,4,_ZN7cutlass13device_kernelIN5flash20enable_sm90_or_laterINS1_16FlashAttnFwdSm90INS1_25CollectiveMainloopFwdSm90ILi2EN4cute5tupleIJNS5_1CILi1EEES8_S8_EEENS6_IJNS7_ILi192EEENS7_ILi128EEENS7_ILi64EEEEEELi64ENS_10bfloat16_tEfNS_4arch4Sm90ELb1ELb0ELb0ELb1ELb1ELb0ELb0ELb1ELb1ELb1ELb0ELb0ESE_Li1EEENS1_21CollectiveEpilogueFwdINS6_IJSA_SC_SB_EEES9_SE_SG_Li384ELb1ELb1ELb0ELb0ELi1EEENS1_36VarlenDynamicPersistentTileSchedulerILi192ELi128ELi384ELi128ELb0ELb1ELb1ELb1ELb0ELb1EEEEEEEEEvNT_6ParamsE,gpu_max_TENSORP,0.0
llm_layer,layer,4,_ZN7cutlass13device_kernelIN5flash20enable_sm90_or_laterINS1_16FlashAttnFwdSm90INS1_25CollectiveMainloopFwdSm90ILi2EN4cute5tupleIJNS5_1CILi1EEES8_S8_EEENS6_IJNS7_ILi192EEENS7_ILi128EEENS7_ILi64EEEEEELi64ENS_10bfloat16_tEfNS_4arch4Sm90ELb1ELb0ELb0ELb1ELb1ELb0ELb0ELb1ELb1ELb1ELb0ELb0ESE_Li1EEENS1_21CollectiveEpilogueFwdINS6_IJSA_SC_SB_EEES9_SE_SG_Li384ELb1ELb1ELb0ELb0ELi1EEENS1_36VarlenDynamicPersistentTileSchedulerILi192ELi128ELi384ELi128ELb0ELb1ELb1ELb1ELb0ELb1EEEEEEEEEvNT_6ParamsE,gpu_max_TEXP,0.0
llm_layer,layer,4,_ZN7cutlass13device_kernelIN5flash20enable_sm90_or_laterINS1_16FlashAttnFwdSm90INS1_25CollectiveMainloopFwdSm90ILi2EN4cute5tupleIJNS5_1CILi1EEES8_S8_EEENS6_IJNS7_ILi192EEENS7_ILi128EEENS7_ILi64EEEEEELi64ENS_10bfloat16_tEfNS_4arch4Sm90ELb1ELb0ELb0ELb1ELb1ELb0ELb0ELb1ELb1ELb1ELb0ELb0ESE_Li1EEENS1_21CollectiveEpilogueFwdINS6_IJSA_SC_SB_EEES9_SE_SG_Li384ELb1ELb1ELb0ELb0ELi1EEENS1_36VarlenDynamicPersistentTileSchedulerILi192ELi128ELi384ELi128ELb0ELb1ELb1ELb1ELb0ELb1EEEEEEEEEvNT_6ParamsE,gpu_max_SCHEDP,7.74559
llm_layer,layer,4,_ZN7cutlass13device_kernelIN5flash20enable_sm90_or_laterINS1_16FlashAttnFwdSm90INS1_25CollectiveMainloopFwdSm90ILi2EN4cute5tupleIJNS5_1CILi1EEES8_S8_EEENS6_IJNS7_ILi192EEENS7_ILi128EEENS7_ILi64EEEEEELi64ENS_10bfloat16_tEfNS_4arch4Sm90ELb1ELb0ELb0ELb1ELb1ELb0ELb0ELb1ELb1ELb1ELb0ELb0ESE_Li1EEENS1_21CollectiveEpilogueFwdINS6_IJSA_SC_SB_EEES9_SE_SG_Li384ELb1ELb1ELb0ELb0ELi1EEENS1_36VarlenDynamicPersistentTileSchedulerILi192ELi128ELi384ELi128ELb0ELb1ELb1ELb1ELb0ELb1EEEEEEEEEvNT_6ParamsE,gpu_max_L2CP,0.0
llm_layer,layer,4,_ZN7cutlass13device_kernelIN5flash20enable_sm90_or_laterINS1_16FlashAttnFwdSm90INS1_25CollectiveMainloopFwdSm90ILi2EN4cute5tupleIJNS5_1CILi1EEES8_S8_EEENS6_IJNS7_ILi192EEENS7_ILi128EEENS7_ILi64EEEEEELi64ENS_10bfloat16_tEfNS_4arch4Sm90ELb1ELb0ELb0ELb1ELb1ELb0ELb0ELb1ELb1ELb1ELb0ELb0ESE_Li1EEENS1_21CollectiveEpilogueFwdINS6_IJSA_SC_SB_EEES9_SE_SG_Li384ELb1ELb1ELb0ELb0ELi1EEENS1_36VarlenDynamicPersistentTileSchedulerILi192ELi128ELi384ELi128ELb0ELb1ELb1ELb1ELb0ELb1EEEEEEEEEvNT_6ParamsE,gpu_max_MCP,1.58388
llm_layer,layer,4,_ZN7cutlass13device_kernelIN5flash20enable_sm90_or_laterINS1_16FlashAttnFwdSm90INS1_25CollectiveMainloopFwdSm90ILi2EN4cute5tupleIJNS5_1CILi1EEES8_S8_EEENS6_IJNS7_ILi192EEENS7_ILi128EEENS7_ILi64EEEEEELi64ENS_10bfloat16_tEfNS_4arch4Sm90ELb1ELb0ELb0ELb1ELb1ELb0ELb0ELb1ELb1ELb1ELb0ELb0ESE_Li1EEENS1_21CollectiveEpilogueFwdINS6_IJSA_SC_SB_EEES9_SE_SG_Li384ELb1ELb1ELb0ELb0ELi1EEENS1_36VarlenDynamicPersistentTileSchedulerILi192ELi128ELi384ELi128ELb0ELb1ELb1ELb1ELb0ELb1EEEEEEEEEvNT_6ParamsE,gpu_max_NOCP,1.44022
llm_layer,layer,4,_ZN7cutlass13device_kernelIN5flash20enable_sm90_or_laterINS1_16FlashAttnFwdSm90INS1_25CollectiveMainloopFwdSm90ILi2EN4cute5tupleIJNS5_1CILi1EEES8_S8_EEENS6_IJNS7_ILi192EEENS7_ILi128EEENS7_ILi64EEEEEELi64ENS_10bfloat16_tEfNS_4arch4Sm90ELb1ELb0ELb0ELb1ELb1ELb0ELb0ELb1ELb1ELb1ELb0ELb0ESE_Li1EEENS1_21CollectiveEpilogueFwdINS6_IJSA_SC_SB_EEES9_SE_SG_Li384ELb1ELb1ELb0ELb0ELi1EEENS1_36VarlenDynamicPersistentTileSchedulerILi192ELi128ELi384ELi128ELb0ELb1ELb1ELb1ELb0ELb1EEEEEEEEEvNT_6ParamsE,gpu_max_DRAMP,0.0
llm_layer,layer,4,_ZN7cutlass13device_kernelIN5flash20enable_sm90_or_laterINS1_16FlashAttnFwdSm90INS1_25CollectiveMainloopFwdSm90ILi2EN4cute5tupleIJNS5_1CILi1EEES8_S8_EEENS6_IJNS7_ILi192EEENS7_ILi128EEENS7_ILi64EEEEEELi64ENS_10bfloat16_tEfNS_4arch4Sm90ELb1ELb0ELb0ELb1ELb1ELb0ELb0ELb1ELb1ELb1ELb0ELb0ESE_Li1EEENS1_21CollectiveEpilogueFwdINS6_IJSA_SC_SB_EEES9_SE_SG_Li384ELb1ELb1ELb0ELb0ELi1EEENS1_36VarlenDynamicPersistentTileSchedulerILi192ELi128ELi384ELi128ELb0ELb1ELb1ELb1ELb0ELb1EEEEEEEEEvNT_6ParamsE,gpu_max_PIPEP,6.56429
llm_layer,layer,4,_ZN7cutlass13device_kernelIN5flash20enable_sm90_or_laterINS1_16FlashAttnFwdSm90INS1_25CollectiveMainloopFwdSm90ILi2EN4cute5tupleIJNS5_1CILi1EEES8_S8_EEENS6_IJNS7_ILi192EEENS7_ILi128EEENS7_ILi64EEEEEELi64ENS_10bfloat16_tEfNS_4arch4Sm90ELb1ELb0ELb0ELb1ELb1ELb0ELb0ELb1ELb1ELb1ELb0ELb0ESE_Li1EEENS1_21CollectiveEpilogueFwdINS6_IJSA_SC_SB_EEES9_SE_SG_Li384ELb1ELb1ELb0ELb0ELi1EEENS1_36VarlenDynamicPersistentTileSchedulerILi192ELi128ELi384ELi128ELb0ELb1ELb1ELb1ELb0ELb1EEEEEEEEEvNT_6ParamsE,gpu_max_IDLE_COREP,0.0
llm_layer,layer,4,_ZN7cutlass13device_kernelIN5flash20enable_sm90_or_laterINS1_16FlashAttnFwdSm90INS1_25CollectiveMainloopFwdSm90ILi2EN4cute5tupleIJNS5_1CILi1EEES8_S8_EEENS6_IJNS7_ILi192EEENS7_ILi128EEENS7_ILi64EEEEEELi64ENS_10bfloat16_tEfNS_4arch4Sm90ELb1ELb0ELb0ELb1ELb1ELb0ELb0ELb1ELb1ELb1ELb0ELb0ESE_Li1EEENS1_21CollectiveEpilogueFwdINS6_IJSA_SC_SB_EEES9_SE_SG_Li384ELb1ELb1ELb0ELb0ELi1EEENS1_36VarlenDynamicPersistentTileSchedulerILi192ELi128ELi384ELi128ELb0ELb1ELb1ELb1ELb0ELb1EEEEEEEEEvNT_6ParamsE,gpu_max_CONSTP,32.3252
llm_layer,layer,4,_ZN7cutlass13device_kernelIN5flash20enable_sm90_or_laterINS1_16FlashAttnFwdSm90INS1_25CollectiveMainloopFwdSm90ILi2EN4cute5tupleIJNS5_1CILi1EEES8_S8_EEENS6_IJNS7_ILi192EEENS7_ILi128EEENS7_ILi64EEEEEELi64ENS_10bfloat16_tEfNS_4arch4Sm90ELb1ELb0ELb0ELb1ELb1ELb0ELb0ELb1ELb1ELb1ELb0ELb0ESE_Li1EEENS1_21CollectiveEpilogueFwdINS6_IJSA_SC_SB_EEES9_SE_SG_Li384ELb1ELb1ELb0ELb0ELi1EEENS1_36VarlenDynamicPersistentTileSchedulerILi192ELi128ELi384ELi128ELb0ELb1ELb1ELb1ELb0ELb1EEEEEEEEEvNT_6ParamsE,gpu_max_STATICP,29.36
llm_layer,layer,4,_ZN7cutlass13device_kernelIN5flash20enable_sm90_or_laterINS1_16FlashAttnFwdSm90INS1_25CollectiveMainloopFwdSm90ILi2EN4cute5tupleIJNS5_1CILi1EEES8_S8_EEENS6_IJNS7_ILi192EEENS7_ILi128EEENS7_ILi64EEEEEELi64ENS_10bfloat16_tEfNS_4arch4Sm90ELb1ELb0ELb0ELb1ELb1ELb0ELb0ELb1ELb1ELb1ELb0ELb0ESE_Li1EEENS1_21CollectiveEpilogueFwdINS6_IJSA_SC_SB_EEES9_SE_SG_Li384ELb1ELb1ELb0ELb0ELi1EEENS1_36VarlenDynamicPersistentTileSchedulerILi192ELi128ELi384ELi128ELb0ELb1ELb1ELb1ELb0ELb1EEEEEEEEEvNT_6ParamsE,gpu_max_TOT_INST,126456.0
llm_layer,layer,4,_ZN7cutlass13device_kernelIN5flash20enable_sm90_or_laterINS1_16FlashAttnFwdSm90INS1_25CollectiveMainloopFwdSm90ILi2EN4cute5tupleIJNS5_1CILi1EEES8_S8_EEENS6_IJNS7_ILi192EEENS7_ILi128EEENS7_ILi64EEEEEELi64ENS_10bfloat16_tEfNS_4arch4Sm90ELb1ELb0ELb0ELb1ELb1ELb0ELb0ELb1ELb1ELb1ELb0ELb0ESE_Li1EEENS1_21CollectiveEpilogueFwdINS6_IJSA_SC_SB_EEES9_SE_SG_Li384ELb1ELb1ELb0ELb0ELi1EEENS1_36VarlenDynamicPersistentTileSchedulerILi192ELi128ELi384ELi128ELb0ELb1ELb1ELb1ELb0ELb1EEEEEEEEEvNT_6ParamsE,gpu_max_FP_INT,112992.0
llm_layer,layer,4,_ZN7cutlass13device_kernelIN5flash20enable_sm90_or_laterINS1_16FlashAttnFwdSm90INS1_25CollectiveMainloopFwdSm90ILi2EN4cute5tupleIJNS5_1CILi1EEES8_S8_EEENS6_IJNS7_ILi192EEENS7_ILi128EEENS7_ILi64EEEEEELi64ENS_10bfloat16_tEfNS_4arch4Sm90ELb1ELb0ELb0ELb1ELb1ELb0ELb0ELb1ELb1ELb1ELb0ELb0ESE_Li1EEENS1_21CollectiveEpilogueFwdINS6_IJSA_SC_SB_EEES9_SE_SG_Li384ELb1ELb1ELb0ELb0ELi1EEENS1_36VarlenDynamicPersistentTileSchedulerILi192ELi128ELi384ELi128ELb0ELb1ELb1ELb1ELb0ELb1EEEEEEEEEvNT_6ParamsE,gpu_max_IC_H,0.0
llm_layer,layer,4,_ZN7cutlass13device_kernelIN5flash20enable_sm90_or_laterINS1_16FlashAttnFwdSm90INS1_25CollectiveMainloopFwdSm90ILi2EN4cute5tupleIJNS5_1CILi1EEES8_S8_EEENS6_IJNS7_ILi192EEENS7_ILi128EEENS7_ILi64EEEEEELi64ENS_10bfloat16_tEfNS_4arch4Sm90ELb1ELb0ELb0ELb1ELb1ELb0ELb0ELb1ELb1ELb1ELb0ELb0ESE_Li1EEENS1_21CollectiveEpilogueFwdINS6_IJSA_SC_SB_EEES9_SE_SG_Li384ELb1ELb1ELb0ELb0ELi1EEENS1_36VarlenDynamicPersistentTileSchedulerILi192ELi128ELi384ELi128ELb0ELb1ELb1ELb1ELb0ELb1EEEEEEEEEvNT_6ParamsE,gpu_max_IC_M,0.0
llm_layer,layer,4,_ZN7cutlass13device_kernelIN5flash20enable_sm90_or_laterINS1_16FlashAttnFwdSm90INS1_25CollectiveMainloopFwdSm90ILi2EN4cute5tupleIJNS5_1CILi1EEES8_S8_EEENS6_IJNS7_ILi192EEENS7_ILi128EEENS7_ILi64EEEEEELi64ENS_10bfloat16_tEfNS_4arch4Sm90ELb1ELb0ELb0ELb1ELb1ELb0ELb0ELb1ELb1ELb1ELb0ELb0ESE_Li1EEENS1_21CollectiveEpilogueFwdINS6_IJSA_SC_SB_EEES9_SE_SG_Li384ELb1ELb1ELb0ELb0ELi1EEENS1_36VarlenDynamicPersistentTileSchedulerILi192ELi128ELi384ELi128ELb0ELb1ELb1ELb1ELb0ELb1EEEEEEEEEvNT_6ParamsE,gpu_max_DC_RH,0.0
llm_layer,layer,4,_ZN7cutlass13device_kernelIN5flash20enable_sm90_or_laterINS1_16FlashAttnFwdSm90INS1_25CollectiveMainloopFwdSm90ILi2EN4cute5tupleIJNS5_1CILi1EEES8_S8_EEENS6_IJNS7_ILi192EEENS7_ILi128EEENS7_ILi64EEEEEELi64ENS_10bfloat16_tEfNS_4arch4Sm90ELb1ELb0ELb0ELb1ELb1ELb0ELb0ELb1ELb1ELb1ELb0ELb0ESE_Li1EEENS1_21CollectiveEpilogueFwdINS6_IJSA_SC_SB_EEES9_SE_SG_Li384ELb1ELb1ELb0ELb0ELi1EEENS1_36VarlenDynamicPersistentTileSchedulerILi192ELi128ELi384ELi128ELb0ELb1ELb1ELb1ELb0ELb1EEEEEEEEEvNT_6ParamsE,gpu_max_DC_RM,0.0
llm_layer,layer,4,_ZN7cutlass13device_kernelIN5flash20enable_sm90_or_laterINS1_16FlashAttnFwdSm90INS1_25CollectiveMainloopFwdSm90ILi2EN4cute5tupleIJNS5_1CILi1EEES8_S8_EEENS6_IJNS7_ILi192EEENS7_ILi128EEENS7_ILi64EEEEEELi64ENS_10bfloat16_tEfNS_4arch4Sm90ELb1ELb0ELb0ELb1ELb1ELb0ELb0ELb1ELb1ELb1ELb0ELb0ESE_Li1EEENS1_21CollectiveEpilogueFwdINS6_IJSA_SC_SB_EEES9_SE_SG_Li384ELb1ELb1ELb0ELb0ELi1EEENS1_36VarlenDynamicPersistentTileSchedulerILi192ELi128ELi384ELi128ELb0ELb1ELb1ELb1ELb0ELb1EEEEEEEEEvNT_6ParamsE,gpu_max_DC_WH,0.0
llm_layer,layer,4,_ZN7cutlass13device_kernelIN5flash20enable_sm90_or_laterINS1_16FlashAttnFwdSm90INS1_25CollectiveMainloopFwdSm90ILi2EN4cute5tupleIJNS5_1CILi1EEES8_S8_EEENS6_IJNS7_ILi192EEENS7_ILi128EEENS7_ILi64EEEEEELi64ENS_10bfloat16_tEfNS_4arch4Sm90ELb1ELb0ELb0ELb1ELb1ELb0ELb0ELb1ELb1ELb1ELb0ELb0ESE_Li1EEENS1_21CollectiveEpilogueFwdINS6_IJSA_SC_SB_EEES9_SE_SG_Li384ELb1ELb1ELb0ELb0ELi1EEENS1_36VarlenDynamicPersistentTileSchedulerILi192ELi128ELi384ELi128ELb0ELb1ELb1ELb1ELb0ELb1EEEEEEEEEvNT_6ParamsE,gpu_max_DC_WM,2112.0
llm_layer,layer,4,_ZN7cutlass13device_kernelIN5flash20enable_sm90_or_laterINS1_16FlashAttnFwdSm90INS1_25CollectiveMainloopFwdSm90ILi2EN4cute5tupleIJNS5_1CILi1EEES8_S8_EEENS6_IJNS7_ILi192EEENS7_ILi128EEENS7_ILi64EEEEEELi64ENS_10bfloat16_tEfNS_4arch4Sm90ELb1ELb0ELb0ELb1ELb1ELb0ELb0ELb1ELb1ELb1ELb0ELb0ESE_Li1EEENS1_21CollectiveEpilogueFwdINS6_IJSA_SC_SB_EEES9_SE_SG_Li384ELb1ELb1ELb0ELb0ELi1EEENS1_36VarlenDynamicPersistentTileSchedulerILi192ELi128ELi384ELi128ELb0ELb1ELb1ELb1ELb0ELb1EEEEEEEEEvNT_6ParamsE,gpu_max_TC_H,0.0
llm_layer,layer,4,_ZN7cutlass13device_kernelIN5flash20enable_sm90_or_laterINS1_16FlashAttnFwdSm90INS1_25CollectiveMainloopFwdSm90ILi2EN4cute5tupleIJNS5_1CILi1EEES8_S8_EEENS6_IJNS7_ILi192EEENS7_ILi128EEENS7_ILi64EEEEEELi64ENS_10bfloat16_tEfNS_4arch4Sm90ELb1ELb0ELb0ELb1ELb1ELb0ELb0ELb1ELb1ELb1ELb0ELb0ESE_Li1EEENS1_21CollectiveEpilogueFwdINS6_IJSA_SC_SB_EEES9_SE_SG_Li384ELb1ELb1ELb0ELb0ELi1EEENS1_36VarlenDynamicPersistentTileSchedulerILi192ELi128ELi384ELi128ELb0ELb1ELb1ELb1ELb0ELb1EEEEEEEEEvNT_6ParamsE,gpu_max_TC_M,0.0
llm_layer,layer,4,_ZN7cutlass13device_kernelIN5flash20enable_sm90_or_laterINS1_16FlashAttnFwdSm90INS1_25CollectiveMainloopFwdSm90ILi2EN4cute5tupleIJNS5_1CILi1EEES8_S8_EEENS6_IJNS7_ILi192EEENS7_ILi128EEENS7_ILi64EEEEEELi64ENS_10bfloat16_tEfNS_4arch4Sm90ELb1ELb0ELb0ELb1ELb1ELb0ELb0ELb1ELb1ELb1ELb0ELb0ESE_Li1EEENS1_21CollectiveEpilogueFwdINS6_IJSA_SC_SB_EEES9_SE_SG_Li384ELb1ELb1ELb0ELb0ELi1EEENS1_36VarlenDynamicPersistentTileSchedulerILi192ELi128ELi384ELi128ELb0ELb1ELb1ELb1ELb0ELb1EEEEEEEEEvNT_6ParamsE,gpu_max_CC_H,132.0
llm_layer,layer,4,_ZN7cutlass13device_kernelIN5flash20enable_sm90_or_laterINS1_16FlashAttnFwdSm90INS1_25CollectiveMainloopFwdSm90ILi2EN4cute5tupleIJNS5_1CILi1EEES8_S8_EEENS6_IJNS7_ILi192EEENS7_ILi128EEENS7_ILi64EEEEEELi64ENS_10bfloat16_tEfNS_4arch4Sm90ELb1ELb0ELb0ELb1ELb1ELb0ELb0ELb1ELb1ELb1ELb0ELb0ESE_Li1EEENS1_21CollectiveEpilogueFwdINS6_IJSA_SC_SB_EEES9_SE_SG_Li384ELb1ELb1ELb0ELb0ELi1EEENS1_36VarlenDynamicPersistentTileSchedulerILi192ELi128ELi384ELi128ELb0ELb1ELb1ELb1ELb0ELb1EEEEEEEEEvNT_6ParamsE,gpu_max_CC_M,0.0
llm_layer,layer,4,_ZN7cutlass13device_kernelIN5flash20enable_sm90_or_laterINS1_16FlashAttnFwdSm90INS1_25CollectiveMainloopFwdSm90ILi2EN4cute5tupleIJNS5_1CILi1EEES8_S8_EEENS6_IJNS7_ILi192EEENS7_ILi128EEENS7_ILi64EEEEEELi64ENS_10bfloat16_tEfNS_4arch4Sm90ELb1ELb0ELb0ELb1ELb1ELb0ELb0ELb1ELb1ELb1ELb0ELb0ESE_Li1EEENS1_21CollectiveEpilogueFwdINS6_IJSA_SC_SB_EEES9_SE_SG_Li384ELb1ELb1ELb0ELb0ELi1EEENS1_36VarlenDynamicPersistentTileSchedulerILi192ELi128ELi384ELi128ELb0ELb1ELb1ELb1ELb0ELb1EEEEEEEEEvNT_6ParamsE,gpu_max_SHRD_ACC,2904.0
llm_layer,layer,4,_ZN7cutlass13device_kernelIN5flash20enable_sm90_or_laterINS1_16FlashAttnFwdSm90INS1_25CollectiveMainloopFwdSm90ILi2EN4cute5tupleIJNS5_1CILi1EEES8_S8_EEENS6_IJNS7_ILi192EEENS7_ILi128EEENS7_ILi64EEEEEELi64ENS_10bfloat16_tEfNS_4arch4Sm90ELb1ELb0ELb0ELb1ELb1ELb0ELb0ELb1ELb1ELb1ELb0ELb0ESE_Li1EEENS1_21CollectiveEpilogueFwdINS6_IJSA_SC_SB_EEES9_SE_SG_Li384ELb1ELb1ELb0ELb0ELi1EEENS1_36VarlenDynamicPersistentTileSchedulerILi192ELi128ELi384ELi128ELb0ELb1ELb1ELb1ELb0ELb1EEEEEEEEEvNT_6ParamsE,gpu_max_REG_RD,0.0
llm_layer,layer,4,_ZN7cutlass13device_kernelIN5flash20enable_sm90_or_laterINS1_16FlashAttnFwdSm90INS1_25CollectiveMainloopFwdSm90ILi2EN4cute5tupleIJNS5_1CILi1EEES8_S8_EEENS6_IJNS7_ILi192EEENS7_ILi128EEENS7_ILi64EEEEEELi64ENS_10bfloat16_tEfNS_4arch4Sm90ELb1ELb0ELb0ELb1ELb1ELb0ELb0ELb1ELb1ELb1ELb0ELb0ESE_Li1EEENS1_21CollectiveEpilogueFwdINS6_IJSA_SC_SB_EEES9_SE_SG_Li384ELb1ELb1ELb0ELb0ELi1EEENS1_36VarlenDynamicPersistentTileSchedulerILi192ELi128ELi384ELi128ELb0ELb1ELb1ELb1ELb0ELb1EEEEEEEEEvNT_6ParamsE,gpu_max_REG_WR,0.0
llm_layer,layer,4,_ZN7cutlass13device_kernelIN5flash20enable_sm90_or_laterINS1_16FlashAttnFwdSm90INS1_25CollectiveMainloopFwdSm90ILi2EN4cute5tupleIJNS5_1CILi1EEES8_S8_EEENS6_IJNS7_ILi192EEENS7_ILi128EEENS7_ILi64EEEEEELi64ENS_10bfloat16_tEfNS_4arch4Sm90ELb1ELb0ELb0ELb1ELb1ELb0ELb0ELb1ELb1ELb1ELb0ELb0ESE_Li1EEENS1_21CollectiveEpilogueFwdINS6_IJSA_SC_SB_EEES9_SE_SG_Li384ELb1ELb1ELb0ELb0ELi1EEENS1_36VarlenDynamicPersistentTileSchedulerILi192ELi128ELi384ELi128ELb0ELb1ELb1ELb1ELb0ELb1EEEEEEEEEvNT_6ParamsE,gpu_max_NON_REG_OPs,0.0
llm_layer,layer,4,_ZN7cutlass13device_kernelIN5flash20enable_sm90_or_laterINS1_16FlashAttnFwdSm90INS1_25CollectiveMainloopFwdSm90ILi2EN4cute5tupleIJNS5_1CILi1EEES8_S8_EEENS6_IJNS7_ILi192EEENS7_ILi128EEENS7_ILi64EEEEEELi64ENS_10bfloat16_tEfNS_4arch4Sm90ELb1ELb0ELb0ELb1ELb1ELb0ELb0ELb1ELb1ELb1ELb0ELb0ESE_Li1EEENS1_21CollectiveEpilogueFwdINS6_IJSA_SC_SB_EEES9_SE_SG_Li384ELb1ELb1ELb0ELb0ELi1EEENS1_36VarlenDynamicPersistentTileSchedulerILi192ELi128ELi384ELi128ELb0ELb1ELb1ELb1ELb0ELb1EEEEEEEEEvNT_6ParamsE,gpu_max_INT_ACC,24118400.0
llm_layer,layer,4,_ZN7cutlass13device_kernelIN5flash20enable_sm90_or_laterINS1_16FlashAttnFwdSm90INS1_25CollectiveMainloopFwdSm90ILi2EN4cute5tupleIJNS5_1CILi1EEES8_S8_EEENS6_IJNS7_ILi192EEENS7_ILi128EEENS7_ILi64EEEEEELi64ENS_10bfloat16_tEfNS_4arch4Sm90ELb1ELb0ELb0ELb1ELb1ELb0ELb0ELb1ELb1ELb1ELb0ELb0ESE_Li1EEENS1_21CollectiveEpilogueFwdINS6_IJSA_SC_SB_EEES9_SE_SG_Li384ELb1ELb1ELb0ELb0ELi1EEENS1_36VarlenDynamicPersistentTileSchedulerILi192ELi128ELi384ELi128ELb0ELb1ELb1ELb1ELb0ELb1EEEEEEEEEvNT_6ParamsE,gpu_max_FPU_ACC,0.0
llm_layer,layer,4,_ZN7cutlass13device_kernelIN5flash20enable_sm90_or_laterINS1_16FlashAttnFwdSm90INS1_25CollectiveMainloopFwdSm90ILi2EN4cute5tupleIJNS5_1CILi1EEES8_S8_EEENS6_IJNS7_ILi192EEENS7_ILi128EEENS7_ILi64EEEEEELi64ENS_10bfloat16_tEfNS_4arch4Sm90ELb1ELb0ELb0ELb1ELb1ELb0ELb0ELb1ELb1ELb1ELb0ELb0ESE_Li1EEENS1_21CollectiveEpilogueFwdINS6_IJSA_SC_SB_EEES9_SE_SG_Li384ELb1ELb1ELb0ELb0ELi1EEENS1_36VarlenDynamicPersistentTileSchedulerILi192ELi128ELi384ELi128ELb0ELb1ELb1ELb1ELb0ELb1EEEEEEEEEvNT_6ParamsE,gpu_max_DPU_ACC,0.0
llm_layer,layer,4,_ZN7cutlass13device_kernelIN5flash20enable_sm90_or_laterINS1_16FlashAttnFwdSm90INS1_25CollectiveMainloopFwdSm90ILi2EN4cute5tupleIJNS5_1CILi1EEES8_S8_EEENS6_IJNS7_ILi192EEENS7_ILi128EEENS7_ILi64EEEEEELi64ENS_10bfloat16_tEfNS_4arch4Sm90ELb1ELb0ELb0ELb1ELb1ELb0ELb0ELb1ELb1ELb1ELb0ELb0ESE_Li1EEENS1_21CollectiveEpilogueFwdINS6_IJSA_SC_SB_EEES9_SE_SG_Li384ELb1ELb1ELb0ELb0ELi1EEENS1_36VarlenDynamicPersistentTileSchedulerILi192ELi128ELi384ELi128ELb0ELb1ELb1ELb1ELb0ELb1EEEEEEEEEvNT_6ParamsE,gpu_max_INT_MUL24_ACC,0.0
llm_layer,layer,4,_ZN7cutlass13device_kernelIN5flash20enable_sm90_or_laterINS1_16FlashAttnFwdSm90INS1_25CollectiveMainloopFwdSm90ILi2EN4cute5tupleIJNS5_1CILi1EEES8_S8_EEENS6_IJNS7_ILi192EEENS7_ILi128EEENS7_ILi64EEEEEELi64ENS_10bfloat16_tEfNS_4arch4Sm90ELb1ELb0ELb0ELb1ELb1ELb0ELb0ELb1ELb1ELb1ELb0ELb0ESE_Li1EEENS1_21CollectiveEpilogueFwdINS6_IJSA_SC_SB_EEES9_SE_SG_Li384ELb1ELb1ELb0ELb0ELi1EEENS1_36VarlenDynamicPersistentTileSchedulerILi192ELi128ELi384ELi128ELb0ELb1ELb1ELb1ELb0ELb1EEEEEEEEEvNT_6ParamsE,gpu_max_INT_MUL32_ACC,0.0
llm_layer,layer,4,_ZN7cutlass13device_kernelIN5flash20enable_sm90_or_laterINS1_16FlashAttnFwdSm90INS1_25CollectiveMainloopFwdSm90ILi2EN4cute5tupleIJNS5_1CILi1EEES8_S8_EEENS6_IJNS7_ILi192EEENS7_ILi128EEENS7_ILi64EEEEEELi64ENS_10bfloat16_tEfNS_4arch4Sm90ELb1ELb0ELb0ELb1ELb1ELb0ELb0ELb1ELb1ELb1ELb0ELb0ESE_Li1EEENS1_21CollectiveEpilogueFwdINS6_IJSA_SC_SB_EEES9_SE_SG_Li384ELb1ELb1ELb0ELb0ELi1EEENS1_36VarlenDynamicPersistentTileSchedulerILi192ELi128ELi384ELi128ELb0ELb1ELb1ELb1ELb0ELb1EEEEEEEEEvNT_6ParamsE,gpu_max_INT_MUL_ACC,1959.89
llm_layer,layer,4,_ZN7cutlass13device_kernelIN5flash20enable_sm90_or_laterINS1_16FlashAttnFwdSm90INS1_25CollectiveMainloopFwdSm90ILi2EN4cute5tupleIJNS5_1CILi1EEES8_S8_EEENS6_IJNS7_ILi192EEENS7_ILi128EEENS7_ILi64EEEEEELi64ENS_10bfloat16_tEfNS_4arch4Sm90ELb1ELb0ELb0ELb1ELb1ELb0ELb0ELb1ELb1ELb1ELb0ELb0ESE_Li1EEENS1_21CollectiveEpilogueFwdINS6_IJSA_SC_SB_EEES9_SE_SG_Li384ELb1ELb1ELb0ELb0ELi1EEENS1_36VarlenDynamicPersistentTileSchedulerILi192ELi128ELi384ELi128ELb0ELb1ELb1ELb1ELb0ELb1EEEEEEEEEvNT_6ParamsE,gpu_max_INT_DIV_ACC,0.0
llm_layer,layer,4,_ZN7cutlass13device_kernelIN5flash20enable_sm90_or_laterINS1_16FlashAttnFwdSm90INS1_25CollectiveMainloopFwdSm90ILi2EN4cute5tupleIJNS5_1CILi1EEES8_S8_EEENS6_IJNS7_ILi192EEENS7_ILi128EEENS7_ILi64EEEEEELi64ENS_10bfloat16_tEfNS_4arch4Sm90ELb1ELb0ELb0ELb1ELb1ELb0ELb0ELb1ELb1ELb1ELb0ELb0ESE_Li1EEENS1_21CollectiveEpilogueFwdINS6_IJSA_SC_SB_EEES9_SE_SG_Li384ELb1ELb1ELb0ELb0ELi1EEENS1_36VarlenDynamicPersistentTileSchedulerILi192ELi128ELi384ELi128ELb0ELb1ELb1ELb1ELb0ELb1EEEEEEEEEvNT_6ParamsE,gpu_max_FP_MUL_ACC,0.0
llm_layer,layer,4,_ZN7cutlass13device_kernelIN5flash20enable_sm90_or_laterINS1_16FlashAttnFwdSm90INS1_25CollectiveMainloopFwdSm90ILi2EN4cute5tupleIJNS5_1CILi1EEES8_S8_EEENS6_IJNS7_ILi192EEENS7_ILi128EEENS7_ILi64EEEEEELi64ENS_10bfloat16_tEfNS_4arch4Sm90ELb1ELb0ELb0ELb1ELb1ELb0ELb0ELb1ELb1ELb1ELb0ELb0ESE_Li1EEENS1_21CollectiveEpilogueFwdINS6_IJSA_SC_SB_EEES9_SE_SG_Li384ELb1ELb1ELb0ELb0ELi1EEENS1_36VarlenDynamicPersistentTileSchedulerILi192ELi128ELi384ELi128ELb0ELb1ELb1ELb1ELb0ELb1EEEEEEEEEvNT_6ParamsE,gpu_max_FP_DIV_ACC,0.0
llm_layer,layer,4,_ZN7cutlass13device_kernelIN5flash20enable_sm90_or_laterINS1_16FlashAttnFwdSm90INS1_25CollectiveMainloopFwdSm90ILi2EN4cute5tupleIJNS5_1CILi1EEES8_S8_EEENS6_IJNS7_ILi192EEENS7_ILi128EEENS7_ILi64EEEEEELi64ENS_10bfloat16_tEfNS_4arch4Sm90ELb1ELb0ELb0ELb1ELb1ELb0ELb0ELb1ELb1ELb1ELb0ELb0ESE_Li1EEENS1_21CollectiveEpilogueFwdINS6_IJSA_SC_SB_EEES9_SE_SG_Li384ELb1ELb1ELb0ELb0ELi1EEENS1_36VarlenDynamicPersistentTileSchedulerILi192ELi128ELi384ELi128ELb0ELb1ELb1ELb1ELb0ELb1EEEEEEEEEvNT_6ParamsE,gpu_max_FP_SQRT_ACC,0.0
llm_layer,layer,4,_ZN7cutlass13device_kernelIN5flash20enable_sm90_or_laterINS1_16FlashAttnFwdSm90INS1_25CollectiveMainloopFwdSm90ILi2EN4cute5tupleIJNS5_1CILi1EEES8_S8_EEENS6_IJNS7_ILi192EEENS7_ILi128EEENS7_ILi64EEEEEELi64ENS_10bfloat16_tEfNS_4arch4Sm90ELb1ELb0ELb0ELb1ELb1ELb0ELb0ELb1ELb1ELb1ELb0ELb0ESE_Li1EEENS1_21CollectiveEpilogueFwdINS6_IJSA_SC_SB_EEES9_SE_SG_Li384ELb1ELb1ELb0ELb0ELi1EEENS1_36VarlenDynamicPersistentTileSchedulerILi192ELi128ELi384ELi128ELb0ELb1ELb1ELb1ELb0ELb1EEEEEEEEEvNT_6ParamsE,gpu_max_FP_LG_ACC,0.0
llm_layer,layer,4,_ZN7cutlass13device_kernelIN5flash20enable_sm90_or_laterINS1_16FlashAttnFwdSm90INS1_25CollectiveMainloopFwdSm90ILi2EN4cute5tupleIJNS5_1CILi1EEES8_S8_EEENS6_IJNS7_ILi192EEENS7_ILi128EEENS7_ILi64EEEEEELi64ENS_10bfloat16_tEfNS_4arch4Sm90ELb1ELb0ELb0ELb1ELb1ELb0ELb0ELb1ELb1ELb1ELb0ELb0ESE_Li1EEENS1_21CollectiveEpilogueFwdINS6_IJSA_SC_SB_EEES9_SE_SG_Li384ELb1ELb1ELb0ELb0ELi1EEENS1_36VarlenDynamicPersistentTileSchedulerILi192ELi128ELi384ELi128ELb0ELb1ELb1ELb1ELb0ELb1EEEEEEEEEvNT_6ParamsE,gpu_max_FP_SIN_ACC,0.0
llm_layer,layer,4,_ZN7cutlass13device_kernelIN5flash20enable_sm90_or_laterINS1_16FlashAttnFwdSm90INS1_25CollectiveMainloopFwdSm90ILi2EN4cute5tupleIJNS5_1CILi1EEES8_S8_EEENS6_IJNS7_ILi192EEENS7_ILi128EEENS7_ILi64EEEEEELi64ENS_10bfloat16_tEfNS_4arch4Sm90ELb1ELb0ELb0ELb1ELb1ELb0ELb0ELb1ELb1ELb1ELb0ELb0ESE_Li1EEENS1_21CollectiveEpilogueFwdINS6_IJSA_SC_SB_EEES9_SE_SG_Li384ELb1ELb1ELb0ELb0ELi1EEENS1_36VarlenDynamicPersistentTileSchedulerILi192ELi128ELi384ELi128ELb0ELb1ELb1ELb1ELb0ELb1EEEEEEEEEvNT_6ParamsE,gpu_max_FP_EXP_ACC,0.0
llm_layer,layer,4,_ZN7cutlass13device_kernelIN5flash20enable_sm90_or_laterINS1_16FlashAttnFwdSm90INS1_25CollectiveMainloopFwdSm90ILi2EN4cute5tupleIJNS5_1CILi1EEES8_S8_EEENS6_IJNS7_ILi192EEENS7_ILi128EEENS7_ILi64EEEEEELi64ENS_10bfloat16_tEfNS_4arch4Sm90ELb1ELb0ELb0ELb1ELb1ELb0ELb0ELb1ELb1ELb1ELb0ELb0ESE_Li1EEENS1_21CollectiveEpilogueFwdINS6_IJSA_SC_SB_EEES9_SE_SG_Li384ELb1ELb1ELb0ELb0ELi1EEENS1_36VarlenDynamicPersistentTileSchedulerILi192ELi128ELi384ELi128ELb0ELb1ELb1ELb1ELb0ELb1EEEEEEEEEvNT_6ParamsE,gpu_max_DP_MUL_ACC,0.0
llm_layer,layer,4,_ZN7cutlass13device_kernelIN5flash20enable_sm90_or_laterINS1_16FlashAttnFwdSm90INS1_25CollectiveMainloopFwdSm90ILi2EN4cute5tupleIJNS5_1CILi1EEES8_S8_EEENS6_IJNS7_ILi192EEENS7_ILi128EEENS7_ILi64EEEEEELi64ENS_10bfloat16_tEfNS_4arch4Sm90ELb1ELb0ELb0ELb1ELb1ELb0ELb0ELb1ELb1ELb1ELb0ELb0ESE_Li1EEENS1_21CollectiveEpilogueFwdINS6_IJSA_SC_SB_EEES9_SE_SG_Li384ELb1ELb1ELb0ELb0ELi1EEENS1_36VarlenDynamicPersistentTileSchedulerILi192ELi128ELi384ELi128ELb0ELb1ELb1ELb1ELb0ELb1EEEEEEEEEvNT_6ParamsE,gpu_max_DP_DIV_ACC,0.0
llm_layer,layer,4,_ZN7cutlass13device_kernelIN5flash20enable_sm90_or_laterINS1_16FlashAttnFwdSm90INS1_25CollectiveMainloopFwdSm90ILi2EN4cute5tupleIJNS5_1CILi1EEES8_S8_EEENS6_IJNS7_ILi192EEENS7_ILi128EEENS7_ILi64EEEEEELi64ENS_10bfloat16_tEfNS_4arch4Sm90ELb1ELb0ELb0ELb1ELb1ELb0ELb0ELb1ELb1ELb1ELb0ELb0ESE_Li1EEENS1_21CollectiveEpilogueFwdINS6_IJSA_SC_SB_EEES9_SE_SG_Li384ELb1ELb1ELb0ELb0ELi1EEENS1_36VarlenDynamicPersistentTileSchedulerILi192ELi128ELi384ELi128ELb0ELb1ELb1ELb1ELb0ELb1EEEEEEEEEvNT_6ParamsE,gpu_max_TENSOR_ACC,0.0
llm_layer,layer,4,_ZN7cutlass13device_kernelIN5flash20enable_sm90_or_laterINS1_16FlashAttnFwdSm90INS1_25CollectiveMainloopFwdSm90ILi2EN4cute5tupleIJNS5_1CILi1EEES8_S8_EEENS6_IJNS7_ILi192EEENS7_ILi128EEENS7_ILi64EEEEEELi64ENS_10bfloat16_tEfNS_4arch4Sm90ELb1ELb0ELb0ELb1ELb1ELb0ELb0ELb1ELb1ELb1ELb0ELb0ESE_Li1EEENS1_21CollectiveEpilogueFwdINS6_IJSA_SC_SB_EEES9_SE_SG_Li384ELb1ELb1ELb0ELb0ELi1EEENS1_36VarlenDynamicPersistentTileSchedulerILi192ELi128ELi384ELi128ELb0ELb1ELb1ELb1ELb0ELb1EEEEEEEEEvNT_6ParamsE,gpu_max_TEX_ACC,0.0
llm_layer,layer,4,_ZN7cutlass13device_kernelIN5flash20enable_sm90_or_laterINS1_16FlashAttnFwdSm90INS1_25CollectiveMainloopFwdSm90ILi2EN4cute5tupleIJNS5_1CILi1EEES8_S8_EEENS6_IJNS7_ILi192EEENS7_ILi128EEENS7_ILi64EEEEEELi64ENS_10bfloat16_tEfNS_4arch4Sm90ELb1ELb0ELb0ELb1ELb1ELb0ELb0ELb1ELb1ELb1ELb0ELb0ESE_Li1EEENS1_21CollectiveEpilogueFwdINS6_IJSA_SC_SB_EEES9_SE_SG_Li384ELb1ELb1ELb0ELb0ELi1EEENS1_36VarlenDynamicPersistentTileSchedulerILi192ELi128ELi384ELi128ELb0ELb1ELb1ELb1ELb0ELb1EEEEEEEEEvNT_6ParamsE,gpu_max_MEM_RD,0.0
llm_layer,layer,4,_ZN7cutlass13device_kernelIN5flash20enable_sm90_or_laterINS1_16FlashAttnFwdSm90INS1_25CollectiveMainloopFwdSm90ILi2EN4cute5tupleIJNS5_1CILi1EEES8_S8_EEENS6_IJNS7_ILi192EEENS7_ILi128EEENS7_ILi64EEEEEELi64ENS_10bfloat16_tEfNS_4arch4Sm90ELb1ELb0ELb0ELb1ELb1ELb0ELb0ELb1ELb1ELb1ELb0ELb0ESE_Li1EEENS1_21CollectiveEpilogueFwdINS6_IJSA_SC_SB_EEES9_SE_SG_Li384ELb1ELb1ELb0ELb0ELi1EEENS1_36VarlenDynamicPersistentTileSchedulerILi192ELi128ELi384ELi128ELb0ELb1ELb1ELb1ELb0ELb1EEEEEEEEEvNT_6ParamsE,gpu_max_MEM_WR,0.0
llm_layer,layer,4,_ZN7cutlass13device_kernelIN5flash20enable_sm90_or_laterINS1_16FlashAttnFwdSm90INS1_25CollectiveMainloopFwdSm90ILi2EN4cute5tupleIJNS5_1CILi1EEES8_S8_EEENS6_IJNS7_ILi192EEENS7_ILi128EEENS7_ILi64EEEEEELi64ENS_10bfloat16_tEfNS_4arch4Sm90ELb1ELb0ELb0ELb1ELb1ELb0ELb0ELb1ELb1ELb1ELb0ELb0ESE_Li1EEENS1_21CollectiveEpilogueFwdINS6_IJSA_SC_SB_EEES9_SE_SG_Li384ELb1ELb1ELb0ELb0ELi1EEENS1_36VarlenDynamicPersistentTileSchedulerILi192ELi128ELi384ELi128ELb0ELb1ELb1ELb1ELb0ELb1EEEEEEEEEvNT_6ParamsE,gpu_max_MEM_PRE,0.0
llm_layer,layer,4,_ZN7cutlass13device_kernelIN5flash20enable_sm90_or_laterINS1_16FlashAttnFwdSm90INS1_25CollectiveMainloopFwdSm90ILi2EN4cute5tupleIJNS5_1CILi1EEES8_S8_EEENS6_IJNS7_ILi192EEENS7_ILi128EEENS7_ILi64EEEEEELi64ENS_10bfloat16_tEfNS_4arch4Sm90ELb1ELb0ELb0ELb1ELb1ELb0ELb0ELb1ELb1ELb1ELb0ELb0ESE_Li1EEENS1_21CollectiveEpilogueFwdINS6_IJSA_SC_SB_EEES9_SE_SG_Li384ELb1ELb1ELb0ELb0ELi1EEENS1_36VarlenDynamicPersistentTileSchedulerILi192ELi128ELi384ELi128ELb0ELb1ELb1ELb1ELb0ELb1EEEEEEEEEvNT_6ParamsE,gpu_max_L2_RH,0.0
llm_layer,layer,4,_ZN7cutlass13device_kernelIN5flash20enable_sm90_or_laterINS1_16FlashAttnFwdSm90INS1_25CollectiveMainloopFwdSm90ILi2EN4cute5tupleIJNS5_1CILi1EEES8_S8_EEENS6_IJNS7_ILi192EEENS7_ILi128EEENS7_ILi64EEEEEELi64ENS_10bfloat16_tEfNS_4arch4Sm90ELb1ELb0ELb0ELb1ELb1ELb0ELb0ELb1ELb1ELb1ELb0ELb0ESE_Li1EEENS1_21CollectiveEpilogueFwdINS6_IJSA_SC_SB_EEES9_SE_SG_Li384ELb1ELb1ELb0ELb0ELi1EEENS1_36VarlenDynamicPersistentTileSchedulerILi192ELi128ELi384ELi128ELb0ELb1ELb1ELb1ELb0ELb1EEEEEEEEEvNT_6ParamsE,gpu_max_L2_RM,0.0
llm_layer,layer,4,_ZN7cutlass13device_kernelIN5flash20enable_sm90_or_laterINS1_16FlashAttnFwdSm90INS1_25CollectiveMainloopFwdSm90ILi2EN4cute5tupleIJNS5_1CILi1EEES8_S8_EEENS6_IJNS7_ILi192EEENS7_ILi128EEENS7_ILi64EEEEEELi64ENS_10bfloat16_tEfNS_4arch4Sm90ELb1ELb0ELb0ELb1ELb1ELb0ELb0ELb1ELb1ELb1ELb0ELb0ESE_Li1EEENS1_21CollectiveEpilogueFwdINS6_IJSA_SC_SB_EEES9_SE_SG_Li384ELb1ELb1ELb0ELb0ELi1EEENS1_36VarlenDynamicPersistentTileSchedulerILi192ELi128ELi384ELi128ELb0ELb1ELb1ELb1ELb0ELb1EEEEEEEEEvNT_6ParamsE,gpu_max_L2_WH,0.0
llm_layer,layer,4,_ZN7cutlass13device_kernelIN5flash20enable_sm90_or_laterINS1_16FlashAttnFwdSm90INS1_25CollectiveMainloopFwdSm90ILi2EN4cute5tupleIJNS5_1CILi1EEES8_S8_EEENS6_IJNS7_ILi192EEENS7_ILi128EEENS7_ILi64EEEEEELi64ENS_10bfloat16_tEfNS_4arch4Sm90ELb1ELb0ELb0ELb1ELb1ELb0ELb0ELb1ELb1ELb1ELb0ELb0ESE_Li1EEENS1_21CollectiveEpilogueFwdINS6_IJSA_SC_SB_EEES9_SE_SG_Li384ELb1ELb1ELb0ELb0ELi1EEENS1_36VarlenDynamicPersistentTileSchedulerILi192ELi128ELi384ELi128ELb0ELb1ELb1ELb1ELb0ELb1EEEEEEEEEvNT_6ParamsE,gpu_max_L2_WM,0.0
llm_layer,layer,4,_ZN7cutlass13device_kernelIN5flash20enable_sm90_or_laterINS1_16FlashAttnFwdSm90INS1_25CollectiveMainloopFwdSm90ILi2EN4cute5tupleIJNS5_1CILi1EEES8_S8_EEENS6_IJNS7_ILi192EEENS7_ILi128EEENS7_ILi64EEEEEELi64ENS_10bfloat16_tEfNS_4arch4Sm90ELb1ELb0ELb0ELb1ELb1ELb0ELb0ELb1ELb1ELb1ELb0ELb0ESE_Li1EEENS1_21CollectiveEpilogueFwdINS6_IJSA_SC_SB_EEES9_SE_SG_Li384ELb1ELb1ELb0ELb0ELi1EEENS1_36VarlenDynamicPersistentTileSchedulerILi192ELi128ELi384ELi128ELb0ELb1ELb1ELb1ELb0ELb1EEEEEEEEEvNT_6ParamsE,gpu_max_NOC_A,4224.0
llm_layer,layer,4,_ZN7cutlass13device_kernelIN5flash20enable_sm90_or_laterINS1_16FlashAttnFwdSm90INS1_25CollectiveMainloopFwdSm90ILi2EN4cute5tupleIJNS5_1CILi1EEES8_S8_EEENS6_IJNS7_ILi192EEENS7_ILi128EEENS7_ILi64EEEEEELi64ENS_10bfloat16_tEfNS_4arch4Sm90ELb1ELb0ELb0ELb1ELb1ELb0ELb0ELb1ELb1ELb1ELb0ELb0ESE_Li1EEENS1_21CollectiveEpilogueFwdINS6_IJSA_SC_SB_EEES9_SE_SG_Li384ELb1ELb1ELb0ELb0ELi1EEENS1_36VarlenDynamicPersistentTileSchedulerILi192ELi128ELi384ELi128ELb0ELb1ELb1ELb1ELb0ELb1EEEEEEEEEvNT_6ParamsE,gpu_max_PIPE_A,0.200783
llm_layer,layer,4,_ZN7cutlass13device_kernelIN5flash20enable_sm90_or_laterINS1_16FlashAttnFwdSm90INS1_25CollectiveMainloopFwdSm90ILi2EN4cute5tupleIJNS5_1CILi1EEES8_S8_EEENS6_IJNS7_ILi192EEENS7_ILi128EEENS7_ILi64EEEEEELi64ENS_10bfloat16_tEfNS_4arch4Sm90ELb1ELb0ELb0ELb1ELb1ELb0ELb0ELb1ELb1ELb1ELb0ELb0ESE_Li1EEENS1_21CollectiveEpilogueFwdINS6_IJSA_SC_SB_EEES9_SE_SG_Li384ELb1ELb1ELb0ELb0ELi1EEENS1_36VarlenDynamicPersistentTileSchedulerILi192ELi128ELi384ELi128ELb0ELb1ELb1ELb1ELb0ELb1EEEEEEEEEvNT_6ParamsE,gpu_max_IDLE_CORE_N,0.0
llm_layer,layer,4,_ZN7cutlass13device_kernelIN5flash20enable_sm90_or_laterINS1_16FlashAttnFwdSm90INS1_25CollectiveMainloopFwdSm90ILi2EN4cute5tupleIJNS5_1CILi1EEES8_S8_EEENS6_IJNS7_ILi192EEENS7_ILi128EEENS7_ILi64EEEEEELi64ENS_10bfloat16_tEfNS_4arch4Sm90ELb1ELb0ELb0ELb1ELb1ELb0ELb0ELb1ELb1ELb1ELb0ELb0ESE_Li1EEENS1_21CollectiveEpilogueFwdINS6_IJSA_SC_SB_EEES9_SE_SG_Li384ELb1ELb1ELb0ELb0ELi1EEENS1_36VarlenDynamicPersistentTileSchedulerILi192ELi128ELi384ELi128ELb0ELb1ELb1ELb1ELb0ELb1EEEEEEEEEvNT_6ParamsE,gpu_max_constant_power,0.0
llm_layer,layer,4,_ZN7cutlass13device_kernelIN5flash20enable_sm90_or_laterINS1_16FlashAttnFwdSm90INS1_25CollectiveMainloopFwdSm90ILi2EN4cute5tupleIJNS5_1CILi1EEES8_S8_EEENS6_IJNS7_ILi192EEENS7_ILi128EEENS7_ILi64EEEEEELi64ENS_10bfloat16_tEfNS_4arch4Sm90ELb1ELb0ELb0ELb1ELb1ELb0ELb0ELb1ELb1ELb1ELb0ELb0ESE_Li1EEENS1_21CollectiveEpilogueFwdINS6_IJSA_SC_SB_EEES9_SE_SG_Li384ELb1ELb1ELb0ELb0ELi1EEENS1_36VarlenDynamicPersistentTileSchedulerILi192ELi128ELi384ELi128ELb0ELb1ELb1ELb1ELb0ELb1EEEEEEEEEvNT_6ParamsE,kernel_min_power,58.0819
llm_layer,layer,4,_ZN7cutlass13device_kernelIN5flash20enable_sm90_or_laterINS1_16FlashAttnFwdSm90INS1_25CollectiveMainloopFwdSm90ILi2EN4cute5tupleIJNS5_1CILi1EEES8_S8_EEENS6_IJNS7_ILi192EEENS7_ILi128EEENS7_ILi64EEEEEELi64ENS_10bfloat16_tEfNS_4arch4Sm90ELb1ELb0ELb0ELb1ELb1ELb0ELb0ELb1ELb1ELb1ELb0ELb0ESE_Li1EEENS1_21CollectiveEpilogueFwdINS6_IJSA_SC_SB_EEES9_SE_SG_Li384ELb1ELb1ELb0ELb0ELi1EEENS1_36VarlenDynamicPersistentTileSchedulerILi192ELi128ELi384ELi128ELb0ELb1ELb1ELb1ELb0ELb1EEEEEEEEEvNT_6ParamsE,gpu_min_IBP,0.0116857
llm_layer,layer,4,_ZN7cutlass13device_kernelIN5flash20enable_sm90_or_laterINS1_16FlashAttnFwdSm90INS1_25CollectiveMainloopFwdSm90ILi2EN4cute5tupleIJNS5_1CILi1EEES8_S8_EEENS6_IJNS7_ILi192EEENS7_ILi128EEENS7_ILi64EEEEEELi64ENS_10bfloat16_tEfNS_4arch4Sm90ELb1ELb0ELb0ELb1ELb1ELb0ELb0ELb1ELb1ELb1ELb0ELb0ESE_Li1EEENS1_21CollectiveEpilogueFwdINS6_IJSA_SC_SB_EEES9_SE_SG_Li384ELb1ELb1ELb0ELb0ELi1EEENS1_36VarlenDynamicPersistentTileSchedulerILi192ELi128ELi384ELi128ELb0ELb1ELb1ELb1ELb0ELb1EEEEEEEEEvNT_6ParamsE,gpu_min_ICP,0.0
llm_layer,layer,4,_ZN7cutlass13device_kernelIN5flash20enable_sm90_or_laterINS1_16FlashAttnFwdSm90INS1_25CollectiveMainloopFwdSm90ILi2EN4cute5tupleIJNS5_1CILi1EEES8_S8_EEENS6_IJNS7_ILi192EEENS7_ILi128EEENS7_ILi64EEEEEELi64ENS_10bfloat16_tEfNS_4arch4Sm90ELb1ELb0ELb0ELb1ELb1ELb0ELb0ELb1ELb1ELb1ELb0ELb0ESE_Li1EEENS1_21CollectiveEpilogueFwdINS6_IJSA_SC_SB_EEES9_SE_SG_Li384ELb1ELb1ELb0ELb0ELi1EEENS1_36VarlenDynamicPersistentTileSchedulerILi192ELi128ELi384ELi128ELb0ELb1ELb1ELb1ELb0ELb1EEEEEEEEEvNT_6ParamsE,gpu_min_DCP,0.146223
llm_layer,layer,4,_ZN7cutlass13device_kernelIN5flash20enable_sm90_or_laterINS1_16FlashAttnFwdSm90INS1_25CollectiveMainloopFwdSm90ILi2EN4cute5tupleIJNS5_1CILi1EEES8_S8_EEENS6_IJNS7_ILi192EEENS7_ILi128EEENS7_ILi64EEEEEELi64ENS_10bfloat16_tEfNS_4arch4Sm90ELb1ELb0ELb0ELb1ELb1ELb0ELb0ELb1ELb1ELb1ELb0ELb0ESE_Li1EEENS1_21CollectiveEpilogueFwdINS6_IJSA_SC_SB_EEES9_SE_SG_Li384ELb1ELb1ELb0ELb0ELi1EEENS1_36VarlenDynamicPersistentTileSchedulerILi192ELi128ELi384ELi128ELb0ELb1ELb1ELb1ELb0ELb1EEEEEEEEEvNT_6ParamsE,gpu_min_TCP,0.0
llm_layer,layer,4,_ZN7cutlass13device_kernelIN5flash20enable_sm90_or_laterINS1_16FlashAttnFwdSm90INS1_25CollectiveMainloopFwdSm90ILi2EN4cute5tupleIJNS5_1CILi1EEES8_S8_EEENS6_IJNS7_ILi192EEENS7_ILi128EEENS7_ILi64EEEEEELi64ENS_10bfloat16_tEfNS_4arch4Sm90ELb1ELb0ELb0ELb1ELb1ELb0ELb0ELb1ELb1ELb1ELb0ELb0ESE_Li1EEENS1_21CollectiveEpilogueFwdINS6_IJSA_SC_SB_EEES9_SE_SG_Li384ELb1ELb1ELb0ELb0ELi1EEENS1_36VarlenDynamicPersistentTileSchedulerILi192ELi128ELi384ELi128ELb0ELb1ELb1ELb1ELb0ELb1EEEEEEEEEvNT_6ParamsE,gpu_min_CCP,0.0
llm_layer,layer,4,_ZN7cutlass13device_kernelIN5flash20enable_sm90_or_laterINS1_16FlashAttnFwdSm90INS1_25CollectiveMainloopFwdSm90ILi2EN4cute5tupleIJNS5_1CILi1EEES8_S8_EEENS6_IJNS7_ILi192EEENS7_ILi128EEENS7_ILi64EEEEEELi64ENS_10bfloat16_tEfNS_4arch4Sm90ELb1ELb0ELb0ELb1ELb1ELb0ELb0ELb1ELb1ELb1ELb0ELb0ESE_Li1EEENS1_21CollectiveEpilogueFwdINS6_IJSA_SC_SB_EEES9_SE_SG_Li384ELb1ELb1ELb0ELb0ELi1EEENS1_36VarlenDynamicPersistentTileSchedulerILi192ELi128ELi384ELi128ELb0ELb1ELb1ELb1ELb0ELb1EEEEEEEEEvNT_6ParamsE,gpu_min_SHRDP,0.0
llm_layer,layer,4,_ZN7cutlass13device_kernelIN5flash20enable_sm90_or_laterINS1_16FlashAttnFwdSm90INS1_25CollectiveMainloopFwdSm90ILi2EN4cute5tupleIJNS5_1CILi1EEES8_S8_EEENS6_IJNS7_ILi192EEENS7_ILi128EEENS7_ILi64EEEEEELi64ENS_10bfloat16_tEfNS_4arch4Sm90ELb1ELb0ELb0ELb1ELb1ELb0ELb0ELb1ELb1ELb1ELb0ELb0ESE_Li1EEENS1_21CollectiveEpilogueFwdINS6_IJSA_SC_SB_EEES9_SE_SG_Li384ELb1ELb1ELb0ELb0ELi1EEENS1_36VarlenDynamicPersistentTileSchedulerILi192ELi128ELi384ELi128ELb0ELb1ELb1ELb1ELb0ELb1EEEEEEEEEvNT_6ParamsE,gpu_min_RFP,0.0
llm_layer,layer,4,_ZN7cutlass13device_kernelIN5flash20enable_sm90_or_laterINS1_16FlashAttnFwdSm90INS1_25CollectiveMainloopFwdSm90ILi2EN4cute5tupleIJNS5_1CILi1EEES8_S8_EEENS6_IJNS7_ILi192EEENS7_ILi128EEENS7_ILi64EEEEEELi64ENS_10bfloat16_tEfNS_4arch4Sm90ELb1ELb0ELb0ELb1ELb1ELb0ELb0ELb1ELb1ELb1ELb0ELb0ESE_Li1EEENS1_21CollectiveEpilogueFwdINS6_IJSA_SC_SB_EEES9_SE_SG_Li384ELb1ELb1ELb0ELb0ELi1EEENS1_36VarlenDynamicPersistentTileSchedulerILi192ELi128ELi384ELi128ELb0ELb1ELb1ELb1ELb0ELb1EEEEEEEEEvNT_6ParamsE,gpu_min_INTP,0.159761
llm_layer,layer,4,_ZN7cutlass13device_kernelIN5flash20enable_sm90_or_laterINS1_16FlashAttnFwdSm90INS1_25CollectiveMainloopFwdSm90ILi2EN4cute5tupleIJNS5_1CILi1EEES8_S8_EEENS6_IJNS7_ILi192EEENS7_ILi128EEENS7_ILi64EEEEEELi64ENS_10bfloat16_tEfNS_4arch4Sm90ELb1ELb0ELb0ELb1ELb1ELb0ELb0ELb1ELb1ELb1ELb0ELb0ESE_Li1EEENS1_21CollectiveEpilogueFwdINS6_IJSA_SC_SB_EEES9_SE_SG_Li384ELb1ELb1ELb0ELb0ELi1EEENS1_36VarlenDynamicPersistentTileSchedulerILi192ELi128ELi384ELi128ELb0ELb1ELb1ELb1ELb0ELb1EEEEEEEEEvNT_6ParamsE,gpu_min_FPUP,0.0
llm_layer,layer,4,_ZN7cutlass13device_kernelIN5flash20enable_sm90_or_laterINS1_16FlashAttnFwdSm90INS1_25CollectiveMainloopFwdSm90ILi2EN4cute5tupleIJNS5_1CILi1EEES8_S8_EEENS6_IJNS7_ILi192EEENS7_ILi128EEENS7_ILi64EEEEEELi64ENS_10bfloat16_tEfNS_4arch4Sm90ELb1ELb0ELb0ELb1ELb1ELb0ELb0ELb1ELb1ELb1ELb0ELb0ESE_Li1EEENS1_21CollectiveEpilogueFwdINS6_IJSA_SC_SB_EEES9_SE_SG_Li384ELb1ELb1ELb0ELb0ELi1EEENS1_36VarlenDynamicPersistentTileSchedulerILi192ELi128ELi384ELi128ELb0ELb1ELb1ELb1ELb0ELb1EEEEEEEEEvNT_6ParamsE,gpu_min_DPUP,0.0
llm_layer,layer,4,_ZN7cutlass13device_kernelIN5flash20enable_sm90_or_laterINS1_16FlashAttnFwdSm90INS1_25CollectiveMainloopFwdSm90ILi2EN4cute5tupleIJNS5_1CILi1EEES8_S8_EEENS6_IJNS7_ILi192EEENS7_ILi128EEENS7_ILi64EEEEEELi64ENS_10bfloat16_tEfNS_4arch4Sm90ELb1ELb0ELb0ELb1ELb1ELb0ELb0ELb1ELb1ELb1ELb0ELb0ESE_Li1EEENS1_21CollectiveEpilogueFwdINS6_IJSA_SC_SB_EEES9_SE_SG_Li384ELb1ELb1ELb0ELb0ELi1EEENS1_36VarlenDynamicPersistentTileSchedulerILi192ELi128ELi384ELi128ELb0ELb1ELb1ELb1ELb0ELb1EEEEEEEEEvNT_6ParamsE,gpu_min_INT_MUL24P,0.0
llm_layer,layer,4,_ZN7cutlass13device_kernelIN5flash20enable_sm90_or_laterINS1_16FlashAttnFwdSm90INS1_25CollectiveMainloopFwdSm90ILi2EN4cute5tupleIJNS5_1CILi1EEES8_S8_EEENS6_IJNS7_ILi192EEENS7_ILi128EEENS7_ILi64EEEEEELi64ENS_10bfloat16_tEfNS_4arch4Sm90ELb1ELb0ELb0ELb1ELb1ELb0ELb0ELb1ELb1ELb1ELb0ELb0ESE_Li1EEENS1_21CollectiveEpilogueFwdINS6_IJSA_SC_SB_EEES9_SE_SG_Li384ELb1ELb1ELb0ELb0ELi1EEENS1_36VarlenDynamicPersistentTileSchedulerILi192ELi128ELi384ELi128ELb0ELb1ELb1ELb1ELb0ELb1EEEEEEEEEvNT_6ParamsE,gpu_min_INT_MUL32P,0.0
llm_layer,layer,4,_ZN7cutlass13device_kernelIN5flash20enable_sm90_or_laterINS1_16FlashAttnFwdSm90INS1_25CollectiveMainloopFwdSm90ILi2EN4cute5tupleIJNS5_1CILi1EEES8_S8_EEENS6_IJNS7_ILi192EEENS7_ILi128EEENS7_ILi64EEEEEELi64ENS_10bfloat16_tEfNS_4arch4Sm90ELb1ELb0ELb0ELb1ELb1ELb0ELb0ELb1ELb1ELb1ELb0ELb0ESE_Li1EEENS1_21CollectiveEpilogueFwdINS6_IJSA_SC_SB_EEES9_SE_SG_Li384ELb1ELb1ELb0ELb0ELi1EEENS1_36VarlenDynamicPersistentTileSchedulerILi192ELi128ELi384ELi128ELb0ELb1ELb1ELb1ELb0ELb1EEEEEEEEEvNT_6ParamsE,gpu_min_INT_MULP,0.00216814
llm_layer,layer,4,_ZN7cutlass13device_kernelIN5flash20enable_sm90_or_laterINS1_16FlashAttnFwdSm90INS1_25CollectiveMainloopFwdSm90ILi2EN4cute5tupleIJNS5_1CILi1EEES8_S8_EEENS6_IJNS7_ILi192EEENS7_ILi128EEENS7_ILi64EEEEEELi64ENS_10bfloat16_tEfNS_4arch4Sm90ELb1ELb0ELb0ELb1ELb1ELb0ELb0ELb1ELb1ELb1ELb0ELb0ESE_Li1EEENS1_21CollectiveEpilogueFwdINS6_IJSA_SC_SB_EEES9_SE_SG_Li384ELb1ELb1ELb0ELb0ELi1EEENS1_36VarlenDynamicPersistentTileSchedulerILi192ELi128ELi384ELi128ELb0ELb1ELb1ELb1ELb0ELb1EEEEEEEEEvNT_6ParamsE,gpu_min_INT_DIVP,0.0
llm_layer,layer,4,_ZN7cutlass13device_kernelIN5flash20enable_sm90_or_laterINS1_16FlashAttnFwdSm90INS1_25CollectiveMainloopFwdSm90ILi2EN4cute5tupleIJNS5_1CILi1EEES8_S8_EEENS6_IJNS7_ILi192EEENS7_ILi128EEENS7_ILi64EEEEEELi64ENS_10bfloat16_tEfNS_4arch4Sm90ELb1ELb0ELb0ELb1ELb1ELb0ELb0ELb1ELb1ELb1ELb0ELb0ESE_Li1EEENS1_21CollectiveEpilogueFwdINS6_IJSA_SC_SB_EEES9_SE_SG_Li384ELb1ELb1ELb0ELb0ELi1EEENS1_36VarlenDynamicPersistentTileSchedulerILi192ELi128ELi384ELi128ELb0ELb1ELb1ELb1ELb0ELb1EEEEEEEEEvNT_6ParamsE,gpu_min_FP_MULP,0.0
llm_layer,layer,4,_ZN7cutlass13device_kernelIN5flash20enable_sm90_or_laterINS1_16FlashAttnFwdSm90INS1_25CollectiveMainloopFwdSm90ILi2EN4cute5tupleIJNS5_1CILi1EEES8_S8_EEENS6_IJNS7_ILi192EEENS7_ILi128EEENS7_ILi64EEEEEELi64ENS_10bfloat16_tEfNS_4arch4Sm90ELb1ELb0ELb0ELb1ELb1ELb0ELb0ELb1ELb1ELb1ELb0ELb0ESE_Li1EEENS1_21CollectiveEpilogueFwdINS6_IJSA_SC_SB_EEES9_SE_SG_Li384ELb1ELb1ELb0ELb0ELi1EEENS1_36VarlenDynamicPersistentTileSchedulerILi192ELi128ELi384ELi128ELb0ELb1ELb1ELb1ELb0ELb1EEEEEEEEEvNT_6ParamsE,gpu_min_FP_DIVP,0.0
llm_layer,layer,4,_ZN7cutlass13device_kernelIN5flash20enable_sm90_or_laterINS1_16FlashAttnFwdSm90INS1_25CollectiveMainloopFwdSm90ILi2EN4cute5tupleIJNS5_1CILi1EEES8_S8_EEENS6_IJNS7_ILi192EEENS7_ILi128EEENS7_ILi64EEEEEELi64ENS_10bfloat16_tEfNS_4arch4Sm90ELb1ELb0ELb0ELb1ELb1ELb0ELb0ELb1ELb1ELb1ELb0ELb0ESE_Li1EEENS1_21CollectiveEpilogueFwdINS6_IJSA_SC_SB_EEES9_SE_SG_Li384ELb1ELb1ELb0ELb0ELi1EEENS1_36VarlenDynamicPersistentTileSchedulerILi192ELi128ELi384ELi128ELb0ELb1ELb1ELb1ELb0ELb1EEEEEEEEEvNT_6ParamsE,gpu_min_FP_SQRTP,0.0
llm_layer,layer,4,_ZN7cutlass13device_kernelIN5flash20enable_sm90_or_laterINS1_16FlashAttnFwdSm90INS1_25CollectiveMainloopFwdSm90ILi2EN4cute5tupleIJNS5_1CILi1EEES8_S8_EEENS6_IJNS7_ILi192EEENS7_ILi128EEENS7_ILi64EEEEEELi64ENS_10bfloat16_tEfNS_4arch4Sm90ELb1ELb0ELb0ELb1ELb1ELb0ELb0ELb1ELb1ELb1ELb0ELb0ESE_Li1EEENS1_21CollectiveEpilogueFwdINS6_IJSA_SC_SB_EEES9_SE_SG_Li384ELb1ELb1ELb0ELb0ELi1EEENS1_36VarlenDynamicPersistentTileSchedulerILi192ELi128ELi384ELi128ELb0ELb1ELb1ELb1ELb0ELb1EEEEEEEEEvNT_6ParamsE,gpu_min_FP_LGP,0.0
llm_layer,layer,4,_ZN7cutlass13device_kernelIN5flash20enable_sm90_or_laterINS1_16FlashAttnFwdSm90INS1_25CollectiveMainloopFwdSm90ILi2EN4cute5tupleIJNS5_1CILi1EEES8_S8_EEENS6_IJNS7_ILi192EEENS7_ILi128EEENS7_ILi64EEEEEELi64ENS_10bfloat16_tEfNS_4arch4Sm90ELb1ELb0ELb0ELb1ELb1ELb0ELb0ELb1ELb1ELb1ELb0ELb0ESE_Li1EEENS1_21CollectiveEpilogueFwdINS6_IJSA_SC_SB_EEES9_SE_SG_Li384ELb1ELb1ELb0ELb0ELi1EEENS1_36VarlenDynamicPersistentTileSchedulerILi192ELi128ELi384ELi128ELb0ELb1ELb1ELb1ELb0ELb1EEEEEEEEEvNT_6ParamsE,gpu_min_FP_SINP,0.0
llm_layer,layer,4,_ZN7cutlass13device_kernelIN5flash20enable_sm90_or_laterINS1_16FlashAttnFwdSm90INS1_25CollectiveMainloopFwdSm90ILi2EN4cute5tupleIJNS5_1CILi1EEES8_S8_EEENS6_IJNS7_ILi192EEENS7_ILi128EEENS7_ILi64EEEEEELi64ENS_10bfloat16_tEfNS_4arch4Sm90ELb1ELb0ELb0ELb1ELb1ELb0ELb0ELb1ELb1ELb1ELb0ELb0ESE_Li1EEENS1_21CollectiveEpilogueFwdINS6_IJSA_SC_SB_EEES9_SE_SG_Li384ELb1ELb1ELb0ELb0ELi1EEENS1_36VarlenDynamicPersistentTileSchedulerILi192ELi128ELi384ELi128ELb0ELb1ELb1ELb1ELb0ELb1EEEEEEEEEvNT_6ParamsE,gpu_min_FP_EXP,0.0
llm_layer,layer,4,_ZN7cutlass13device_kernelIN5flash20enable_sm90_or_laterINS1_16FlashAttnFwdSm90INS1_25CollectiveMainloopFwdSm90ILi2EN4cute5tupleIJNS5_1CILi1EEES8_S8_EEENS6_IJNS7_ILi192EEENS7_ILi128EEENS7_ILi64EEEEEELi64ENS_10bfloat16_tEfNS_4arch4Sm90ELb1ELb0ELb0ELb1ELb1ELb0ELb0ELb1ELb1ELb1ELb0ELb0ESE_Li1EEENS1_21CollectiveEpilogueFwdINS6_IJSA_SC_SB_EEES9_SE_SG_Li384ELb1ELb1ELb0ELb0ELi1EEENS1_36VarlenDynamicPersistentTileSchedulerILi192ELi128ELi384ELi128ELb0ELb1ELb1ELb1ELb0ELb1EEEEEEEEEvNT_6ParamsE,gpu_min_DP_MULP,0.0
llm_layer,layer,4,_ZN7cutlass13device_kernelIN5flash20enable_sm90_or_laterINS1_16FlashAttnFwdSm90INS1_25CollectiveMainloopFwdSm90ILi2EN4cute5tupleIJNS5_1CILi1EEES8_S8_EEENS6_IJNS7_ILi192EEENS7_ILi128EEENS7_ILi64EEEEEELi64ENS_10bfloat16_tEfNS_4arch4Sm90ELb1ELb0ELb0ELb1ELb1ELb0ELb0ELb1ELb1ELb1ELb0ELb0ESE_Li1EEENS1_21CollectiveEpilogueFwdINS6_IJSA_SC_SB_EEES9_SE_SG_Li384ELb1ELb1ELb0ELb0ELi1EEENS1_36VarlenDynamicPersistentTileSchedulerILi192ELi128ELi384ELi128ELb0ELb1ELb1ELb1ELb0ELb1EEEEEEEEEvNT_6ParamsE,gpu_min_DP_DIVP,0.0
llm_layer,layer,4,_ZN7cutlass13device_kernelIN5flash20enable_sm90_or_laterINS1_16FlashAttnFwdSm90INS1_25CollectiveMainloopFwdSm90ILi2EN4cute5tupleIJNS5_1CILi1EEES8_S8_EEENS6_IJNS7_ILi192EEENS7_ILi128EEENS7_ILi64EEEEEELi64ENS_10bfloat16_tEfNS_4arch4Sm90ELb1ELb0ELb0ELb1ELb1ELb0ELb0ELb1ELb1ELb1ELb0ELb0ESE_Li1EEENS1_21CollectiveEpilogueFwdINS6_IJSA_SC_SB_EEES9_SE_SG_Li384ELb1ELb1ELb0ELb0ELi1EEENS1_36VarlenDynamicPersistentTileSchedulerILi192ELi128ELi384ELi128ELb0ELb1ELb1ELb1ELb0ELb1EEEEEEEEEvNT_6ParamsE,gpu_min_TENSORP,0.0
llm_layer,layer,4,_ZN7cutlass13device_kernelIN5flash20enable_sm90_or_laterINS1_16FlashAttnFwdSm90INS1_25CollectiveMainloopFwdSm90ILi2EN4cute5tupleIJNS5_1CILi1EEES8_S8_EEENS6_IJNS7_ILi192EEENS7_ILi128EEENS7_ILi64EEEEEELi64ENS_10bfloat16_tEfNS_4arch4Sm90ELb1ELb0ELb0ELb1ELb1ELb0ELb0ELb1ELb1ELb1ELb0ELb0ESE_Li1EEENS1_21CollectiveEpilogueFwdINS6_IJSA_SC_SB_EEES9_SE_SG_Li384ELb1ELb1ELb0ELb0ELi1EEENS1_36VarlenDynamicPersistentTileSchedulerILi192ELi128ELi384ELi128ELb0ELb1ELb1ELb1ELb0ELb1EEEEEEEEEvNT_6ParamsE,gpu_min_TEXP,0.0
llm_layer,layer,4,_ZN7cutlass13device_kernelIN5flash20enable_sm90_or_laterINS1_16FlashAttnFwdSm90INS1_25CollectiveMainloopFwdSm90ILi2EN4cute5tupleIJNS5_1CILi1EEES8_S8_EEENS6_IJNS7_ILi192EEENS7_ILi128EEENS7_ILi64EEEEEELi64ENS_10bfloat16_tEfNS_4arch4Sm90ELb1ELb0ELb0ELb1ELb1ELb0ELb0ELb1ELb1ELb1ELb0ELb0ESE_Li1EEENS1_21CollectiveEpilogueFwdINS6_IJSA_SC_SB_EEES9_SE_SG_Li384ELb1ELb1ELb0ELb0ELi1EEENS1_36VarlenDynamicPersistentTileSchedulerILi192ELi128ELi384ELi128ELb0ELb1ELb1ELb1ELb0ELb1EEEEEEEEEvNT_6ParamsE,gpu_min_SCHEDP,0.0344121
llm_layer,layer,4,_ZN7cutlass13device_kernelIN5flash20enable_sm90_or_laterINS1_16FlashAttnFwdSm90INS1_25CollectiveMainloopFwdSm90ILi2EN4cute5tupleIJNS5_1CILi1EEES8_S8_EEENS6_IJNS7_ILi192EEENS7_ILi128EEENS7_ILi64EEEEEELi64ENS_10bfloat16_tEfNS_4arch4Sm90ELb1ELb0ELb0ELb1ELb1ELb0ELb0ELb1ELb1ELb1ELb0ELb0ESE_Li1EEENS1_21CollectiveEpilogueFwdINS6_IJSA_SC_SB_EEES9_SE_SG_Li384ELb1ELb1ELb0ELb0ELi1EEENS1_36VarlenDynamicPersistentTileSchedulerILi192ELi128ELi384ELi128ELb0ELb1ELb1ELb1ELb0ELb1EEEEEEEEEvNT_6ParamsE,gpu_min_L2CP,1.09246
llm_layer,layer,4,_ZN7cutlass13device_kernelIN5flash20enable_sm90_or_laterINS1_16FlashAttnFwdSm90INS1_25CollectiveMainloopFwdSm90ILi2EN4cute5tupleIJNS5_1CILi1EEES8_S8_EEENS6_IJNS7_ILi192EEENS7_ILi128EEENS7_ILi64EEEEEELi64ENS_10bfloat16_tEfNS_4arch4Sm90ELb1ELb0ELb0ELb1ELb1ELb0ELb0ELb1ELb1ELb1ELb0ELb0ESE_Li1EEENS1_21CollectiveEpilogueFwdINS6_IJSA_SC_SB_EEES9_SE_SG_Li384ELb1ELb1ELb0ELb0ELi1EEENS1_36VarlenDynamicPersistentTileSchedulerILi192ELi128ELi384ELi128ELb0ELb1ELb1ELb1ELb0ELb1EEEEEEEEEvNT_6ParamsE,gpu_min_MCP,0.580915
llm_layer,layer,4,_ZN7cutlass13device_kernelIN5flash20enable_sm90_or_laterINS1_16FlashAttnFwdSm90INS1_25CollectiveMainloopFwdSm90ILi2EN4cute5tupleIJNS5_1CILi1EEES8_S8_EEENS6_IJNS7_ILi192EEENS7_ILi128EEENS7_ILi64EEEEEELi64ENS_10bfloat16_tEfNS_4arch4Sm90ELb1ELb0ELb0ELb1ELb1ELb0ELb0ELb1ELb1ELb1ELb0ELb0ESE_Li1EEENS1_21CollectiveEpilogueFwdINS6_IJSA_SC_SB_EEES9_SE_SG_Li384ELb1ELb1ELb0ELb0ELi1EEENS1_36VarlenDynamicPersistentTileSchedulerILi192ELi128ELi384ELi128ELb0ELb1ELb1ELb1ELb0ELb1EEEEEEEEEvNT_6ParamsE,gpu_min_NOCP,0.810123
llm_layer,layer,4,_ZN7cutlass13device_kernelIN5flash20enable_sm90_or_laterINS1_16FlashAttnFwdSm90INS1_25CollectiveMainloopFwdSm90ILi2EN4cute5tupleIJNS5_1CILi1EEES8_S8_EEENS6_IJNS7_ILi192EEENS7_ILi128EEENS7_ILi64EEEEEELi64ENS_10bfloat16_tEfNS_4arch4Sm90ELb1ELb0ELb0ELb1ELb1ELb0ELb0ELb1ELb1ELb1ELb0ELb0ESE_Li1EEENS1_21CollectiveEpilogueFwdINS6_IJSA_SC_SB_EEES9_SE_SG_Li384ELb1ELb1ELb0ELb0ELi1EEENS1_36VarlenDynamicPersistentTileSchedulerILi192ELi128ELi384ELi128ELb0ELb1ELb1ELb1ELb0ELb1EEEEEEEEEvNT_6ParamsE,gpu_min_DRAMP,0.0
llm_layer,layer,4,_ZN7cutlass13device_kernelIN5flash20enable_sm90_or_laterINS1_16FlashAttnFwdSm90INS1_25CollectiveMainloopFwdSm90ILi2EN4cute5tupleIJNS5_1CILi1EEES8_S8_EEENS6_IJNS7_ILi192EEENS7_ILi128EEENS7_ILi64EEEEEELi64ENS_10bfloat16_tEfNS_4arch4Sm90ELb1ELb0ELb0ELb1ELb1ELb0ELb0ELb1ELb1ELb1ELb0ELb0ESE_Li1EEENS1_21CollectiveEpilogueFwdINS6_IJSA_SC_SB_EEES9_SE_SG_Li384ELb1ELb1ELb0ELb0ELi1EEENS1_36VarlenDynamicPersistentTileSchedulerILi192ELi128ELi384ELi128ELb0ELb1ELb1ELb1ELb0ELb1EEEEEEEEEvNT_6ParamsE,gpu_min_PIPEP,0.00751935
llm_layer,layer,4,_ZN7cutlass13device_kernelIN5flash20enable_sm90_or_laterINS1_16FlashAttnFwdSm90INS1_25CollectiveMainloopFwdSm90ILi2EN4cute5tupleIJNS5_1CILi1EEES8_S8_EEENS6_IJNS7_ILi192EEENS7_ILi128EEENS7_ILi64EEEEEELi64ENS_10bfloat16_tEfNS_4arch4Sm90ELb1ELb0ELb0ELb1ELb1ELb0ELb0ELb1ELb1ELb1ELb0ELb0ESE_Li1EEENS1_21CollectiveEpilogueFwdINS6_IJSA_SC_SB_EEES9_SE_SG_Li384ELb1ELb1ELb0ELb0ELi1EEENS1_36VarlenDynamicPersistentTileSchedulerILi192ELi128ELi384ELi128ELb0ELb1ELb1ELb1ELb0ELb1EEEEEEEEEvNT_6ParamsE,gpu_min_IDLE_COREP,0.0
llm_layer,layer,4,_ZN7cutlass13device_kernelIN5flash20enable_sm90_or_laterINS1_16FlashAttnFwdSm90INS1_25CollectiveMainloopFwdSm90ILi2EN4cute5tupleIJNS5_1CILi1EEES8_S8_EEENS6_IJNS7_ILi192EEENS7_ILi128EEENS7_ILi64EEEEEELi64ENS_10bfloat16_tEfNS_4arch4Sm90ELb1ELb0ELb0ELb1ELb1ELb0ELb0ELb1ELb1ELb1ELb0ELb0ESE_Li1EEENS1_21CollectiveEpilogueFwdINS6_IJSA_SC_SB_EEES9_SE_SG_Li384ELb1ELb1ELb0ELb0ELi1EEENS1_36VarlenDynamicPersistentTileSchedulerILi192ELi128ELi384ELi128ELb0ELb1ELb1ELb1ELb0ELb1EEEEEEEEEvNT_6ParamsE,gpu_min_CONSTP,32.3252
llm_layer,layer,4,_ZN7cutlass13device_kernelIN5flash20enable_sm90_or_laterINS1_16FlashAttnFwdSm90INS1_25CollectiveMainloopFwdSm90ILi2EN4cute5tupleIJNS5_1CILi1EEES8_S8_EEENS6_IJNS7_ILi192EEENS7_ILi128EEENS7_ILi64EEEEEELi64ENS_10bfloat16_tEfNS_4arch4Sm90ELb1ELb0ELb0ELb1ELb1ELb0ELb0ELb1ELb1ELb1ELb0ELb0ESE_Li1EEENS1_21CollectiveEpilogueFwdINS6_IJSA_SC_SB_EEES9_SE_SG_Li384ELb1ELb1ELb0ELb0ELi1EEENS1_36VarlenDynamicPersistentTileSchedulerILi192ELi128ELi384ELi128ELb0ELb1ELb1ELb1ELb0ELb1EEEEEEEEEvNT_6ParamsE,gpu_min_STATICP,22.9114
llm_layer,layer,4,_ZN7cutlass13device_kernelIN5flash20enable_sm90_or_laterINS1_16FlashAttnFwdSm90INS1_25CollectiveMainloopFwdSm90ILi2EN4cute5tupleIJNS5_1CILi1EEES8_S8_EEENS6_IJNS7_ILi192EEENS7_ILi128EEENS7_ILi64EEEEEELi64ENS_10bfloat16_tEfNS_4arch4Sm90ELb1ELb0ELb0ELb1ELb1ELb0ELb0ELb1ELb1ELb1ELb0ELb0ESE_Li1EEENS1_21CollectiveEpilogueFwdINS6_IJSA_SC_SB_EEES9_SE_SG_Li384ELb1ELb1ELb0ELb0ELi1EEENS1_36VarlenDynamicPersistentTileSchedulerILi192ELi128ELi384ELi128ELb0ELb1ELb1ELb1ELb0ELb1EEEEEEEEEvNT_6ParamsE,gpu_min_TOT_INST,502.0
llm_layer,layer,4,_ZN7cutlass13device_kernelIN5flash20enable_sm90_or_laterINS1_16FlashAttnFwdSm90INS1_25CollectiveMainloopFwdSm90ILi2EN4cute5tupleIJNS5_1CILi1EEES8_S8_EEENS6_IJNS7_ILi192EEENS7_ILi128EEENS7_ILi64EEEEEELi64ENS_10bfloat16_tEfNS_4arch4Sm90ELb1ELb0ELb0ELb1ELb1ELb0ELb0ELb1ELb1ELb1ELb0ELb0ESE_Li1EEENS1_21CollectiveEpilogueFwdINS6_IJSA_SC_SB_EEES9_SE_SG_Li384ELb1ELb1ELb0ELb0ELi1EEENS1_36VarlenDynamicPersistentTileSchedulerILi192ELi128ELi384ELi128ELb0ELb1ELb1ELb1ELb0ELb1EEEEEEEEEvNT_6ParamsE,gpu_min_FP_INT,502.0
llm_layer,layer,4,_ZN7cutlass13device_kernelIN5flash20enable_sm90_or_laterINS1_16FlashAttnFwdSm90INS1_25CollectiveMainloopFwdSm90ILi2EN4cute5tupleIJNS5_1CILi1EEES8_S8_EEENS6_IJNS7_ILi192EEENS7_ILi128EEENS7_ILi64EEEEEELi64ENS_10bfloat16_tEfNS_4arch4Sm90ELb1ELb0ELb0ELb1ELb1ELb0ELb0ELb1ELb1ELb1ELb0ELb0ESE_Li1EEENS1_21CollectiveEpilogueFwdINS6_IJSA_SC_SB_EEES9_SE_SG_Li384ELb1ELb1ELb0ELb0ELi1EEENS1_36VarlenDynamicPersistentTileSchedulerILi192ELi128ELi384ELi128ELb0ELb1ELb1ELb1ELb0ELb1EEEEEEEEEvNT_6ParamsE,gpu_min_IC_H,0.0
llm_layer,layer,4,_ZN7cutlass13device_kernelIN5flash20enable_sm90_or_laterINS1_16FlashAttnFwdSm90INS1_25CollectiveMainloopFwdSm90ILi2EN4cute5tupleIJNS5_1CILi1EEES8_S8_EEENS6_IJNS7_ILi192EEENS7_ILi128EEENS7_ILi64EEEEEELi64ENS_10bfloat16_tEfNS_4arch4Sm90ELb1ELb0ELb0ELb1ELb1ELb0ELb0ELb1ELb1ELb1ELb0ELb0ESE_Li1EEENS1_21CollectiveEpilogueFwdINS6_IJSA_SC_SB_EEES9_SE_SG_Li384ELb1ELb1ELb0ELb0ELi1EEENS1_36VarlenDynamicPersistentTileSchedulerILi192ELi128ELi384ELi128ELb0ELb1ELb1ELb1ELb0ELb1EEEEEEEEEvNT_6ParamsE,gpu_min_IC_M,0.0
llm_layer,layer,4,_ZN7cutlass13device_kernelIN5flash20enable_sm90_or_laterINS1_16FlashAttnFwdSm90INS1_25CollectiveMainloopFwdSm90ILi2EN4cute5tupleIJNS5_1CILi1EEES8_S8_EEENS6_IJNS7_ILi192EEENS7_ILi128EEENS7_ILi64EEEEEELi64ENS_10bfloat16_tEfNS_4arch4Sm90ELb1ELb0ELb0ELb1ELb1ELb0ELb0ELb1ELb1ELb1ELb0ELb0ESE_Li1EEENS1_21CollectiveEpilogueFwdINS6_IJSA_SC_SB_EEES9_SE_SG_Li384ELb1ELb1ELb0ELb0ELi1EEENS1_36VarlenDynamicPersistentTileSchedulerILi192ELi128ELi384ELi128ELb0ELb1ELb1ELb1ELb0ELb1EEEEEEEEEvNT_6ParamsE,gpu_min_DC_RH,0.0
llm_layer,layer,4,_ZN7cutlass13device_kernelIN5flash20enable_sm90_or_laterINS1_16FlashAttnFwdSm90INS1_25CollectiveMainloopFwdSm90ILi2EN4cute5tupleIJNS5_1CILi1EEES8_S8_EEENS6_IJNS7_ILi192EEENS7_ILi128EEENS7_ILi64EEEEEELi64ENS_10bfloat16_tEfNS_4arch4Sm90ELb1ELb0ELb0ELb1ELb1ELb0ELb0ELb1ELb1ELb1ELb0ELb0ESE_Li1EEENS1_21CollectiveEpilogueFwdINS6_IJSA_SC_SB_EEES9_SE_SG_Li384ELb1ELb1ELb0ELb0ELi1EEENS1_36VarlenDynamicPersistentTileSchedulerILi192ELi128ELi384ELi128ELb0ELb1ELb1ELb1ELb0ELb1EEEEEEEEEvNT_6ParamsE,gpu_min_DC_RM,132.0
llm_layer,layer,4,_ZN7cutlass13device_kernelIN5flash20enable_sm90_or_laterINS1_16FlashAttnFwdSm90INS1_25CollectiveMainloopFwdSm90ILi2EN4cute5tupleIJNS5_1CILi1EEES8_S8_EEENS6_IJNS7_ILi192EEENS7_ILi128EEENS7_ILi64EEEEEELi64ENS_10bfloat16_tEfNS_4arch4Sm90ELb1ELb0ELb0ELb1ELb1ELb0ELb0ELb1ELb1ELb1ELb0ELb0ESE_Li1EEENS1_21CollectiveEpilogueFwdINS6_IJSA_SC_SB_EEES9_SE_SG_Li384ELb1ELb1ELb0ELb0ELi1EEENS1_36VarlenDynamicPersistentTileSchedulerILi192ELi128ELi384ELi128ELb0ELb1ELb1ELb1ELb0ELb1EEEEEEEEEvNT_6ParamsE,gpu_min_DC_WH,0.0
llm_layer,layer,4,_ZN7cutlass13device_kernelIN5flash20enable_sm90_or_laterINS1_16FlashAttnFwdSm90INS1_25CollectiveMainloopFwdSm90ILi2EN4cute5tupleIJNS5_1CILi1EEES8_S8_EEENS6_IJNS7_ILi192EEENS7_ILi128EEENS7_ILi64EEEEEELi64ENS_10bfloat16_tEfNS_4arch4Sm90ELb1ELb0ELb0ELb1ELb1ELb0ELb0ELb1ELb1ELb1ELb0ELb0ESE_Li1EEENS1_21CollectiveEpilogueFwdINS6_IJSA_SC_SB_EEES9_SE_SG_Li384ELb1ELb1ELb0ELb0ELi1EEENS1_36VarlenDynamicPersistentTileSchedulerILi192ELi128ELi384ELi128ELb0ELb1ELb1ELb1ELb0ELb1EEEEEEEEEvNT_6ParamsE,gpu_min_DC_WM,0.0
llm_layer,layer,4,_ZN7cutlass13device_kernelIN5flash20enable_sm90_or_laterINS1_16FlashAttnFwdSm90INS1_25CollectiveMainloopFwdSm90ILi2EN4cute5tupleIJNS5_1CILi1EEES8_S8_EEENS6_IJNS7_ILi192EEENS7_ILi128EEENS7_ILi64EEEEEELi64ENS_10bfloat16_tEfNS_4arch4Sm90ELb1ELb0ELb0ELb1ELb1ELb0ELb0ELb1ELb1ELb1ELb0ELb0ESE_Li1EEENS1_21CollectiveEpilogueFwdINS6_IJSA_SC_SB_EEES9_SE_SG_Li384ELb1ELb1ELb0ELb0ELi1EEENS1_36VarlenDynamicPersistentTileSchedulerILi192ELi128ELi384ELi128ELb0ELb1ELb1ELb1ELb0ELb1EEEEEEEEEvNT_6ParamsE,gpu_min_TC_H,0.0
llm_layer,layer,4,_ZN7cutlass13device_kernelIN5flash20enable_sm90_or_laterINS1_16FlashAttnFwdSm90INS1_25CollectiveMainloopFwdSm90ILi2EN4cute5tupleIJNS5_1CILi1EEES8_S8_EEENS6_IJNS7_ILi192EEENS7_ILi128EEENS7_ILi64EEEEEELi64ENS_10bfloat16_tEfNS_4arch4Sm90ELb1ELb0ELb0ELb1ELb1ELb0ELb0ELb1ELb1ELb1ELb0ELb0ESE_Li1EEENS1_21CollectiveEpilogueFwdINS6_IJSA_SC_SB_EEES9_SE_SG_Li384ELb1ELb1ELb0ELb0ELi1EEENS1_36VarlenDynamicPersistentTileSchedulerILi192ELi128ELi384ELi128ELb0ELb1ELb1ELb1ELb0ELb1EEEEEEEEEvNT_6ParamsE,gpu_min_TC_M,0.0
llm_layer,layer,4,_ZN7cutlass13device_kernelIN5flash20enable_sm90_or_laterINS1_16FlashAttnFwdSm90INS1_25CollectiveMainloopFwdSm90ILi2EN4cute5tupleIJNS5_1CILi1EEES8_S8_EEENS6_IJNS7_ILi192EEENS7_ILi128EEENS7_ILi64EEEEEELi64ENS_10bfloat16_tEfNS_4arch4Sm90ELb1ELb0ELb0ELb1ELb1ELb0ELb0ELb1ELb1ELb1ELb0ELb0ESE_Li1EEENS1_21CollectiveEpilogueFwdINS6_IJSA_SC_SB_EEES9_SE_SG_Li384ELb1ELb1ELb0ELb0ELi1EEENS1_36VarlenDynamicPersistentTileSchedulerILi192ELi128ELi384ELi128ELb0ELb1ELb1ELb1ELb0ELb1EEEEEEEEEvNT_6ParamsE,gpu_min_CC_H,0.0
llm_layer,layer,4,_ZN7cutlass13device_kernelIN5flash20enable_sm90_or_laterINS1_16FlashAttnFwdSm90INS1_25CollectiveMainloopFwdSm90ILi2EN4cute5tupleIJNS5_1CILi1EEES8_S8_EEENS6_IJNS7_ILi192EEENS7_ILi128EEENS7_ILi64EEEEEELi64ENS_10bfloat16_tEfNS_4arch4Sm90ELb1ELb0ELb0ELb1ELb1ELb0ELb0ELb1ELb1ELb1ELb0ELb0ESE_Li1EEENS1_21CollectiveEpilogueFwdINS6_IJSA_SC_SB_EEES9_SE_SG_Li384ELb1ELb1ELb0ELb0ELi1EEENS1_36VarlenDynamicPersistentTileSchedulerILi192ELi128ELi384ELi128ELb0ELb1ELb1ELb1ELb0ELb1EEEEEEEEEvNT_6ParamsE,gpu_min_CC_M,0.0
llm_layer,layer,4,_ZN7cutlass13device_kernelIN5flash20enable_sm90_or_laterINS1_16FlashAttnFwdSm90INS1_25CollectiveMainloopFwdSm90ILi2EN4cute5tupleIJNS5_1CILi1EEES8_S8_EEENS6_IJNS7_ILi192EEENS7_ILi128EEENS7_ILi64EEEEEELi64ENS_10bfloat16_tEfNS_4arch4Sm90ELb1ELb0ELb0ELb1ELb1ELb0ELb0ELb1ELb1ELb1ELb0ELb0ESE_Li1EEENS1_21CollectiveEpilogueFwdINS6_IJSA_SC_SB_EEES9_SE_SG_Li384ELb1ELb1ELb0ELb0ELi1EEENS1_36VarlenDynamicPersistentTileSchedulerILi192ELi128ELi384ELi128ELb0ELb1ELb1ELb1ELb0ELb1EEEEEEEEEvNT_6ParamsE,gpu_min_SHRD_ACC,0.0
llm_layer,layer,4,_ZN7cutlass13device_kernelIN5flash20enable_sm90_or_laterINS1_16FlashAttnFwdSm90INS1_25CollectiveMainloopFwdSm90ILi2EN4cute5tupleIJNS5_1CILi1EEES8_S8_EEENS6_IJNS7_ILi192EEENS7_ILi128EEENS7_ILi64EEEEEELi64ENS_10bfloat16_tEfNS_4arch4Sm90ELb1ELb0ELb0ELb1ELb1ELb0ELb0ELb1ELb1ELb1ELb0ELb0ESE_Li1EEENS1_21CollectiveEpilogueFwdINS6_IJSA_SC_SB_EEES9_SE_SG_Li384ELb1ELb1ELb0ELb0ELi1EEENS1_36VarlenDynamicPersistentTileSchedulerILi192ELi128ELi384ELi128ELb0ELb1ELb1ELb1ELb0ELb1EEEEEEEEEvNT_6ParamsE,gpu_min_REG_RD,0.0
llm_layer,layer,4,_ZN7cutlass13device_kernelIN5flash20enable_sm90_or_laterINS1_16FlashAttnFwdSm90INS1_25CollectiveMainloopFwdSm90ILi2EN4cute5tupleIJNS5_1CILi1EEES8_S8_EEENS6_IJNS7_ILi192EEENS7_ILi128EEENS7_ILi64EEEEEELi64ENS_10bfloat16_tEfNS_4arch4Sm90ELb1ELb0ELb0ELb1ELb1ELb0ELb0ELb1ELb1ELb1ELb0ELb0ESE_Li1EEENS1_21CollectiveEpilogueFwdINS6_IJSA_SC_SB_EEES9_SE_SG_Li384ELb1ELb1ELb0ELb0ELi1EEENS1_36VarlenDynamicPersistentTileSchedulerILi192ELi128ELi384ELi128ELb0ELb1ELb1ELb1ELb0ELb1EEEEEEEEEvNT_6ParamsE,gpu_min_REG_WR,0.0
llm_layer,layer,4,_ZN7cutlass13device_kernelIN5flash20enable_sm90_or_laterINS1_16FlashAttnFwdSm90INS1_25CollectiveMainloopFwdSm90ILi2EN4cute5tupleIJNS5_1CILi1EEES8_S8_EEENS6_IJNS7_ILi192EEENS7_ILi128EEENS7_ILi64EEEEEELi64ENS_10bfloat16_tEfNS_4arch4Sm90ELb1ELb0ELb0ELb1ELb1ELb0ELb0ELb1ELb1ELb1ELb0ELb0ESE_Li1EEENS1_21CollectiveEpilogueFwdINS6_IJSA_SC_SB_EEES9_SE_SG_Li384ELb1ELb1ELb0ELb0ELi1EEENS1_36VarlenDynamicPersistentTileSchedulerILi192ELi128ELi384ELi128ELb0ELb1ELb1ELb1ELb0ELb1EEEEEEEEEvNT_6ParamsE,gpu_min_NON_REG_OPs,0.0
llm_layer,layer,4,_ZN7cutlass13device_kernelIN5flash20enable_sm90_or_laterINS1_16FlashAttnFwdSm90INS1_25CollectiveMainloopFwdSm90ILi2EN4cute5tupleIJNS5_1CILi1EEES8_S8_EEENS6_IJNS7_ILi192EEENS7_ILi128EEENS7_ILi64EEEEEELi64ENS_10bfloat16_tEfNS_4arch4Sm90ELb1ELb0ELb0ELb1ELb1ELb0ELb0ELb1ELb1ELb1ELb0ELb0ESE_Li1EEENS1_21CollectiveEpilogueFwdINS6_IJSA_SC_SB_EEES9_SE_SG_Li384ELb1ELb1ELb0ELb0ELi1EEENS1_36VarlenDynamicPersistentTileSchedulerILi192ELi128ELi384ELi128ELb0ELb1ELb1ELb1ELb0ELb1EEEEEEEEEvNT_6ParamsE,gpu_min_INT_ACC,87348.2
llm_layer,layer,4,_ZN7cutlass13device_kernelIN5flash20enable_sm90_or_laterINS1_16FlashAttnFwdSm90INS1_25CollectiveMainloopFwdSm90ILi2EN4cute5tupleIJNS5_1CILi1EEES8_S8_EEENS6_IJNS7_ILi192EEENS7_ILi128EEENS7_ILi64EEEEEELi64ENS_10bfloat16_tEfNS_4arch4Sm90ELb1ELb0ELb0ELb1ELb1ELb0ELb0ELb1ELb1ELb1ELb0ELb0ESE_Li1EEENS1_21CollectiveEpilogueFwdINS6_IJSA_SC_SB_EEES9_SE_SG_Li384ELb1ELb1ELb0ELb0ELi1EEENS1_36VarlenDynamicPersistentTileSchedulerILi192ELi128ELi384ELi128ELb0ELb1ELb1ELb1ELb0ELb1EEEEEEEEEvNT_6ParamsE,gpu_min_FPU_ACC,0.0
llm_layer,layer,4,_ZN7cutlass13device_kernelIN5flash20enable_sm90_or_laterINS1_16FlashAttnFwdSm90INS1_25CollectiveMainloopFwdSm90ILi2EN4cute5tupleIJNS5_1CILi1EEES8_S8_EEENS6_IJNS7_ILi192EEENS7_ILi128EEENS7_ILi64EEEEEELi64ENS_10bfloat16_tEfNS_4arch4Sm90ELb1ELb0ELb0ELb1ELb1ELb0ELb0ELb1ELb1ELb1ELb0ELb0ESE_Li1EEENS1_21CollectiveEpilogueFwdINS6_IJSA_SC_SB_EEES9_SE_SG_Li384ELb1ELb1ELb0ELb0ELi1EEENS1_36VarlenDynamicPersistentTileSchedulerILi192ELi128ELi384ELi128ELb0ELb1ELb1ELb1ELb0ELb1EEEEEEEEEvNT_6ParamsE,gpu_min_DPU_ACC,0.0
llm_layer,layer,4,_ZN7cutlass13device_kernelIN5flash20enable_sm90_or_laterINS1_16FlashAttnFwdSm90INS1_25CollectiveMainloopFwdSm90ILi2EN4cute5tupleIJNS5_1CILi1EEES8_S8_EEENS6_IJNS7_ILi192EEENS7_ILi128EEENS7_ILi64EEEEEELi64ENS_10bfloat16_tEfNS_4arch4Sm90ELb1ELb0ELb0ELb1ELb1ELb0ELb0ELb1ELb1ELb1ELb0ELb0ESE_Li1EEENS1_21CollectiveEpilogueFwdINS6_IJSA_SC_SB_EEES9_SE_SG_Li384ELb1ELb1ELb0ELb0ELi1EEENS1_36VarlenDynamicPersistentTileSchedulerILi192ELi128ELi384ELi128ELb0ELb1ELb1ELb1ELb0ELb1EEEEEEEEEvNT_6ParamsE,gpu_min_INT_MUL24_ACC,0.0
llm_layer,layer,4,_ZN7cutlass13device_kernelIN5flash20enable_sm90_or_laterINS1_16FlashAttnFwdSm90INS1_25CollectiveMainloopFwdSm90ILi2EN4cute5tupleIJNS5_1CILi1EEES8_S8_EEENS6_IJNS7_ILi192EEENS7_ILi128EEENS7_ILi64EEEEEELi64ENS_10bfloat16_tEfNS_4arch4Sm90ELb1ELb0ELb0ELb1ELb1ELb0ELb0ELb1ELb1ELb1ELb0ELb0ESE_Li1EEENS1_21CollectiveEpilogueFwdINS6_IJSA_SC_SB_EEES9_SE_SG_Li384ELb1ELb1ELb0ELb0ELi1EEENS1_36VarlenDynamicPersistentTileSchedulerILi192ELi128ELi384ELi128ELb0ELb1ELb1ELb1ELb0ELb1EEEEEEEEEvNT_6ParamsE,gpu_min_INT_MUL32_ACC,0.0
llm_layer,layer,4,_ZN7cutlass13device_kernelIN5flash20enable_sm90_or_laterINS1_16FlashAttnFwdSm90INS1_25CollectiveMainloopFwdSm90ILi2EN4cute5tupleIJNS5_1CILi1EEES8_S8_EEENS6_IJNS7_ILi192EEENS7_ILi128EEENS7_ILi64EEEEEELi64ENS_10bfloat16_tEfNS_4arch4Sm90ELb1ELb0ELb0ELb1ELb1ELb0ELb0ELb1ELb1ELb1ELb0ELb0ESE_Li1EEENS1_21CollectiveEpilogueFwdINS6_IJSA_SC_SB_EEES9_SE_SG_Li384ELb1ELb1ELb0ELb0ELi1EEENS1_36VarlenDynamicPersistentTileSchedulerILi192ELi128ELi384ELi128ELb0ELb1ELb1ELb1ELb0ELb1EEEEEEEEEvNT_6ParamsE,gpu_min_INT_MUL_ACC,14.1571
llm_layer,layer,4,_ZN7cutlass13device_kernelIN5flash20enable_sm90_or_laterINS1_16FlashAttnFwdSm90INS1_25CollectiveMainloopFwdSm90ILi2EN4cute5tupleIJNS5_1CILi1EEES8_S8_EEENS6_IJNS7_ILi192EEENS7_ILi128EEENS7_ILi64EEEEEELi64ENS_10bfloat16_tEfNS_4arch4Sm90ELb1ELb0ELb0ELb1ELb1ELb0ELb0ELb1ELb1ELb1ELb0ELb0ESE_Li1EEENS1_21CollectiveEpilogueFwdINS6_IJSA_SC_SB_EEES9_SE_SG_Li384ELb1ELb1ELb0ELb0ELi1EEENS1_36VarlenDynamicPersistentTileSchedulerILi192ELi128ELi384ELi128ELb0ELb1ELb1ELb1ELb0ELb1EEEEEEEEEvNT_6ParamsE,gpu_min_INT_DIV_ACC,0.0
llm_layer,layer,4,_ZN7cutlass13device_kernelIN5flash20enable_sm90_or_laterINS1_16FlashAttnFwdSm90INS1_25CollectiveMainloopFwdSm90ILi2EN4cute5tupleIJNS5_1CILi1EEES8_S8_EEENS6_IJNS7_ILi192EEENS7_ILi128EEENS7_ILi64EEEEEELi64ENS_10bfloat16_tEfNS_4arch4Sm90ELb1ELb0ELb0ELb1ELb1ELb0ELb0ELb1ELb1ELb1ELb0ELb0ESE_Li1EEENS1_21CollectiveEpilogueFwdINS6_IJSA_SC_SB_EEES9_SE_SG_Li384ELb1ELb1ELb0ELb0ELi1EEENS1_36VarlenDynamicPersistentTileSchedulerILi192ELi128ELi384ELi128ELb0ELb1ELb1ELb1ELb0ELb1EEEEEEEEEvNT_6ParamsE,gpu_min_FP_MUL_ACC,0.0
llm_layer,layer,4,_ZN7cutlass13device_kernelIN5flash20enable_sm90_or_laterINS1_16FlashAttnFwdSm90INS1_25CollectiveMainloopFwdSm90ILi2EN4cute5tupleIJNS5_1CILi1EEES8_S8_EEENS6_IJNS7_ILi192EEENS7_ILi128EEENS7_ILi64EEEEEELi64ENS_10bfloat16_tEfNS_4arch4Sm90ELb1ELb0ELb0ELb1ELb1ELb0ELb0ELb1ELb1ELb1ELb0ELb0ESE_Li1EEENS1_21CollectiveEpilogueFwdINS6_IJSA_SC_SB_EEES9_SE_SG_Li384ELb1ELb1ELb0ELb0ELi1EEENS1_36VarlenDynamicPersistentTileSchedulerILi192ELi128ELi384ELi128ELb0ELb1ELb1ELb1ELb0ELb1EEEEEEEEEvNT_6ParamsE,gpu_min_FP_DIV_ACC,0.0
llm_layer,layer,4,_ZN7cutlass13device_kernelIN5flash20enable_sm90_or_laterINS1_16FlashAttnFwdSm90INS1_25CollectiveMainloopFwdSm90ILi2EN4cute5tupleIJNS5_1CILi1EEES8_S8_EEENS6_IJNS7_ILi192EEENS7_ILi128EEENS7_ILi64EEEEEELi64ENS_10bfloat16_tEfNS_4arch4Sm90ELb1ELb0ELb0ELb1ELb1ELb0ELb0ELb1ELb1ELb1ELb0ELb0ESE_Li1EEENS1_21CollectiveEpilogueFwdINS6_IJSA_SC_SB_EEES9_SE_SG_Li384ELb1ELb1ELb0ELb0ELi1EEENS1_36VarlenDynamicPersistentTileSchedulerILi192ELi128ELi384ELi128ELb0ELb1ELb1ELb1ELb0ELb1EEEEEEEEEvNT_6ParamsE,gpu_min_FP_SQRT_ACC,0.0
llm_layer,layer,4,_ZN7cutlass13device_kernelIN5flash20enable_sm90_or_laterINS1_16FlashAttnFwdSm90INS1_25CollectiveMainloopFwdSm90ILi2EN4cute5tupleIJNS5_1CILi1EEES8_S8_EEENS6_IJNS7_ILi192EEENS7_ILi128EEENS7_ILi64EEEEEELi64ENS_10bfloat16_tEfNS_4arch4Sm90ELb1ELb0ELb0ELb1ELb1ELb0ELb0ELb1ELb1ELb1ELb0ELb0ESE_Li1EEENS1_21CollectiveEpilogueFwdINS6_IJSA_SC_SB_EEES9_SE_SG_Li384ELb1ELb1ELb0ELb0ELi1EEENS1_36VarlenDynamicPersistentTileSchedulerILi192ELi128ELi384ELi128ELb0ELb1ELb1ELb1ELb0ELb1EEEEEEEEEvNT_6ParamsE,gpu_min_FP_LG_ACC,0.0
llm_layer,layer,4,_ZN7cutlass13device_kernelIN5flash20enable_sm90_or_laterINS1_16FlashAttnFwdSm90INS1_25CollectiveMainloopFwdSm90ILi2EN4cute5tupleIJNS5_1CILi1EEES8_S8_EEENS6_IJNS7_ILi192EEENS7_ILi128EEENS7_ILi64EEEEEELi64ENS_10bfloat16_tEfNS_4arch4Sm90ELb1ELb0ELb0ELb1ELb1ELb0ELb0ELb1ELb1ELb1ELb0ELb0ESE_Li1EEENS1_21CollectiveEpilogueFwdINS6_IJSA_SC_SB_EEES9_SE_SG_Li384ELb1ELb1ELb0ELb0ELi1EEENS1_36VarlenDynamicPersistentTileSchedulerILi192ELi128ELi384ELi128ELb0ELb1ELb1ELb1ELb0ELb1EEEEEEEEEvNT_6ParamsE,gpu_min_FP_SIN_ACC,0.0
llm_layer,layer,4,_ZN7cutlass13device_kernelIN5flash20enable_sm90_or_laterINS1_16FlashAttnFwdSm90INS1_25CollectiveMainloopFwdSm90ILi2EN4cute5tupleIJNS5_1CILi1EEES8_S8_EEENS6_IJNS7_ILi192EEENS7_ILi128EEENS7_ILi64EEEEEELi64ENS_10bfloat16_tEfNS_4arch4Sm90ELb1ELb0ELb0ELb1ELb1ELb0ELb0ELb1ELb1ELb1ELb0ELb0ESE_Li1EEENS1_21CollectiveEpilogueFwdINS6_IJSA_SC_SB_EEES9_SE_SG_Li384ELb1ELb1ELb0ELb0ELi1EEENS1_36VarlenDynamicPersistentTileSchedulerILi192ELi128ELi384ELi128ELb0ELb1ELb1ELb1ELb0ELb1EEEEEEEEEvNT_6ParamsE,gpu_min_FP_EXP_ACC,0.0
llm_layer,layer,4,_ZN7cutlass13device_kernelIN5flash20enable_sm90_or_laterINS1_16FlashAttnFwdSm90INS1_25CollectiveMainloopFwdSm90ILi2EN4cute5tupleIJNS5_1CILi1EEES8_S8_EEENS6_IJNS7_ILi192EEENS7_ILi128EEENS7_ILi64EEEEEELi64ENS_10bfloat16_tEfNS_4arch4Sm90ELb1ELb0ELb0ELb1ELb1ELb0ELb0ELb1ELb1ELb1ELb0ELb0ESE_Li1EEENS1_21CollectiveEpilogueFwdINS6_IJSA_SC_SB_EEES9_SE_SG_Li384ELb1ELb1ELb0ELb0ELi1EEENS1_36VarlenDynamicPersistentTileSchedulerILi192ELi128ELi384ELi128ELb0ELb1ELb1ELb1ELb0ELb1EEEEEEEEEvNT_6ParamsE,gpu_min_DP_MUL_ACC,0.0
llm_layer,layer,4,_ZN7cutlass13device_kernelIN5flash20enable_sm90_or_laterINS1_16FlashAttnFwdSm90INS1_25CollectiveMainloopFwdSm90ILi2EN4cute5tupleIJNS5_1CILi1EEES8_S8_EEENS6_IJNS7_ILi192EEENS7_ILi128EEENS7_ILi64EEEEEELi64ENS_10bfloat16_tEfNS_4arch4Sm90ELb1ELb0ELb0ELb1ELb1ELb0ELb0ELb1ELb1ELb1ELb0ELb0ESE_Li1EEENS1_21CollectiveEpilogueFwdINS6_IJSA_SC_SB_EEES9_SE_SG_Li384ELb1ELb1ELb0ELb0ELi1EEENS1_36VarlenDynamicPersistentTileSchedulerILi192ELi128ELi384ELi128ELb0ELb1ELb1ELb1ELb0ELb1EEEEEEEEEvNT_6ParamsE,gpu_min_DP_DIV_ACC,0.0
llm_layer,layer,4,_ZN7cutlass13device_kernelIN5flash20enable_sm90_or_laterINS1_16FlashAttnFwdSm90INS1_25CollectiveMainloopFwdSm90ILi2EN4cute5tupleIJNS5_1CILi1EEES8_S8_EEENS6_IJNS7_ILi192EEENS7_ILi128EEENS7_ILi64EEEEEELi64ENS_10bfloat16_tEfNS_4arch4Sm90ELb1ELb0ELb0ELb1ELb1ELb0ELb0ELb1ELb1ELb1ELb0ELb0ESE_Li1EEENS1_21CollectiveEpilogueFwdINS6_IJSA_SC_SB_EEES9_SE_SG_Li384ELb1ELb1ELb0ELb0ELi1EEENS1_36VarlenDynamicPersistentTileSchedulerILi192ELi128ELi384ELi128ELb0ELb1ELb1ELb1ELb0ELb1EEEEEEEEEvNT_6ParamsE,gpu_min_TENSOR_ACC,0.0
llm_layer,layer,4,_ZN7cutlass13device_kernelIN5flash20enable_sm90_or_laterINS1_16FlashAttnFwdSm90INS1_25CollectiveMainloopFwdSm90ILi2EN4cute5tupleIJNS5_1CILi1EEES8_S8_EEENS6_IJNS7_ILi192EEENS7_ILi128EEENS7_ILi64EEEEEELi64ENS_10bfloat16_tEfNS_4arch4Sm90ELb1ELb0ELb0ELb1ELb1ELb0ELb0ELb1ELb1ELb1ELb0ELb0ESE_Li1EEENS1_21CollectiveEpilogueFwdINS6_IJSA_SC_SB_EEES9_SE_SG_Li384ELb1ELb1ELb0ELb0ELi1EEENS1_36VarlenDynamicPersistentTileSchedulerILi192ELi128ELi384ELi128ELb0ELb1ELb1ELb1ELb0ELb1EEEEEEEEEvNT_6ParamsE,gpu_min_TEX_ACC,0.0
llm_layer,layer,4,_ZN7cutlass13device_kernelIN5flash20enable_sm90_or_laterINS1_16FlashAttnFwdSm90INS1_25CollectiveMainloopFwdSm90ILi2EN4cute5tupleIJNS5_1CILi1EEES8_S8_EEENS6_IJNS7_ILi192EEENS7_ILi128EEENS7_ILi64EEEEEELi64ENS_10bfloat16_tEfNS_4arch4Sm90ELb1ELb0ELb0ELb1ELb1ELb0ELb0ELb1ELb1ELb1ELb0ELb0ESE_Li1EEENS1_21CollectiveEpilogueFwdINS6_IJSA_SC_SB_EEES9_SE_SG_Li384ELb1ELb1ELb0ELb0ELi1EEENS1_36VarlenDynamicPersistentTileSchedulerILi192ELi128ELi384ELi128ELb0ELb1ELb1ELb1ELb0ELb1EEEEEEEEEvNT_6ParamsE,gpu_min_MEM_RD,0.0
llm_layer,layer,4,_ZN7cutlass13device_kernelIN5flash20enable_sm90_or_laterINS1_16FlashAttnFwdSm90INS1_25CollectiveMainloopFwdSm90ILi2EN4cute5tupleIJNS5_1CILi1EEES8_S8_EEENS6_IJNS7_ILi192EEENS7_ILi128EEENS7_ILi64EEEEEELi64ENS_10bfloat16_tEfNS_4arch4Sm90ELb1ELb0ELb0ELb1ELb1ELb0ELb0ELb1ELb1ELb1ELb0ELb0ESE_Li1EEENS1_21CollectiveEpilogueFwdINS6_IJSA_SC_SB_EEES9_SE_SG_Li384ELb1ELb1ELb0ELb0ELi1EEENS1_36VarlenDynamicPersistentTileSchedulerILi192ELi128ELi384ELi128ELb0ELb1ELb1ELb1ELb0ELb1EEEEEEEEEvNT_6ParamsE,gpu_min_MEM_WR,0.0
llm_layer,layer,4,_ZN7cutlass13device_kernelIN5flash20enable_sm90_or_laterINS1_16FlashAttnFwdSm90INS1_25CollectiveMainloopFwdSm90ILi2EN4cute5tupleIJNS5_1CILi1EEES8_S8_EEENS6_IJNS7_ILi192EEENS7_ILi128EEENS7_ILi64EEEEEELi64ENS_10bfloat16_tEfNS_4arch4Sm90ELb1ELb0ELb0ELb1ELb1ELb0ELb0ELb1ELb1ELb1ELb0ELb0ESE_Li1EEENS1_21CollectiveEpilogueFwdINS6_IJSA_SC_SB_EEES9_SE_SG_Li384ELb1ELb1ELb0ELb0ELi1EEENS1_36VarlenDynamicPersistentTileSchedulerILi192ELi128ELi384ELi128ELb0ELb1ELb1ELb1ELb0ELb1EEEEEEEEEvNT_6ParamsE,gpu_min_MEM_PRE,0.0
llm_layer,layer,4,_ZN7cutlass13device_kernelIN5flash20enable_sm90_or_laterINS1_16FlashAttnFwdSm90INS1_25CollectiveMainloopFwdSm90ILi2EN4cute5tupleIJNS5_1CILi1EEES8_S8_EEENS6_IJNS7_ILi192EEENS7_ILi128EEENS7_ILi64EEEEEELi64ENS_10bfloat16_tEfNS_4arch4Sm90ELb1ELb0ELb0ELb1ELb1ELb0ELb0ELb1ELb1ELb1ELb0ELb0ESE_Li1EEENS1_21CollectiveEpilogueFwdINS6_IJSA_SC_SB_EEES9_SE_SG_Li384ELb1ELb1ELb0ELb0ELi1EEENS1_36VarlenDynamicPersistentTileSchedulerILi192ELi128ELi384ELi128ELb0ELb1ELb1ELb1ELb0ELb1EEEEEEEEEvNT_6ParamsE,gpu_min_L2_RH,19.0
llm_layer,layer,4,_ZN7cutlass13device_kernelIN5flash20enable_sm90_or_laterINS1_16FlashAttnFwdSm90INS1_25CollectiveMainloopFwdSm90ILi2EN4cute5tupleIJNS5_1CILi1EEES8_S8_EEENS6_IJNS7_ILi192EEENS7_ILi128EEENS7_ILi64EEEEEELi64ENS_10bfloat16_tEfNS_4arch4Sm90ELb1ELb0ELb0ELb1ELb1ELb0ELb0ELb1ELb1ELb1ELb0ELb0ESE_Li1EEENS1_21CollectiveEpilogueFwdINS6_IJSA_SC_SB_EEES9_SE_SG_Li384ELb1ELb1ELb0ELb0ELi1EEENS1_36VarlenDynamicPersistentTileSchedulerILi192ELi128ELi384ELi128ELb0ELb1ELb1ELb1ELb0ELb1EEEEEEEEEvNT_6ParamsE,gpu_min_L2_RM,2.0
llm_layer,layer,4,_ZN7cutlass13device_kernelIN5flash20enable_sm90_or_laterINS1_16FlashAttnFwdSm90INS1_25CollectiveMainloopFwdSm90ILi2EN4cute5tupleIJNS5_1CILi1EEES8_S8_EEENS6_IJNS7_ILi192EEENS7_ILi128EEENS7_ILi64EEEEEELi64ENS_10bfloat16_tEfNS_4arch4Sm90ELb1ELb0ELb0ELb1ELb1ELb0ELb0ELb1ELb1ELb1ELb0ELb0ESE_Li1EEENS1_21CollectiveEpilogueFwdINS6_IJSA_SC_SB_EEES9_SE_SG_Li384ELb1ELb1ELb0ELb0ELi1EEENS1_36VarlenDynamicPersistentTileSchedulerILi192ELi128ELi384ELi128ELb0ELb1ELb1ELb1ELb0ELb1EEEEEEEEEvNT_6ParamsE,gpu_min_L2_WH,0.0
llm_layer,layer,4,_ZN7cutlass13device_kernelIN5flash20enable_sm90_or_laterINS1_16FlashAttnFwdSm90INS1_25CollectiveMainloopFwdSm90ILi2EN4cute5tupleIJNS5_1CILi1EEES8_S8_EEENS6_IJNS7_ILi192EEENS7_ILi128EEENS7_ILi64EEEEEELi64ENS_10bfloat16_tEfNS_4arch4Sm90ELb1ELb0ELb0ELb1ELb1ELb0ELb0ELb1ELb1ELb1ELb0ELb0ESE_Li1EEENS1_21CollectiveEpilogueFwdINS6_IJSA_SC_SB_EEES9_SE_SG_Li384ELb1ELb1ELb0ELb0ELi1EEENS1_36VarlenDynamicPersistentTileSchedulerILi192ELi128ELi384ELi128ELb0ELb1ELb1ELb1ELb0ELb1EEEEEEEEEvNT_6ParamsE,gpu_min_L2_WM,2112.0
llm_layer,layer,4,_ZN7cutlass13device_kernelIN5flash20enable_sm90_or_laterINS1_16FlashAttnFwdSm90INS1_25CollectiveMainloopFwdSm90ILi2EN4cute5tupleIJNS5_1CILi1EEES8_S8_EEENS6_IJNS7_ILi192EEENS7_ILi128EEENS7_ILi64EEEEEELi64ENS_10bfloat16_tEfNS_4arch4Sm90ELb1ELb0ELb0ELb1ELb1ELb0ELb0ELb1ELb1ELb1ELb0ELb0ESE_Li1EEENS1_21CollectiveEpilogueFwdINS6_IJSA_SC_SB_EEES9_SE_SG_Li384ELb1ELb1ELb0ELb0ELi1EEENS1_36VarlenDynamicPersistentTileSchedulerILi192ELi128ELi384ELi128ELb0ELb1ELb1ELb1ELb0ELb1EEEEEEEEEvNT_6ParamsE,gpu_min_NOC_A,2376.0
llm_layer,layer,4,_ZN7cutlass13device_kernelIN5flash20enable_sm90_or_laterINS1_16FlashAttnFwdSm90INS1_25CollectiveMainloopFwdSm90ILi2EN4cute5tupleIJNS5_1CILi1EEES8_S8_EEENS6_IJNS7_ILi192EEENS7_ILi128EEENS7_ILi64EEEEEELi64ENS_10bfloat16_tEfNS_4arch4Sm90ELb1ELb0ELb0ELb1ELb1ELb0ELb0ELb1ELb1ELb1ELb0ELb0ESE_Li1EEENS1_21CollectiveEpilogueFwdINS6_IJSA_SC_SB_EEES9_SE_SG_Li384ELb1ELb1ELb0ELb0ELi1EEENS1_36VarlenDynamicPersistentTileSchedulerILi192ELi128ELi384ELi128ELb0ELb1ELb1ELb1ELb0ELb1EEEEEEEEEvNT_6ParamsE,gpu_min_PIPE_A,0.000229995
llm_layer,layer,4,_ZN7cutlass13device_kernelIN5flash20enable_sm90_or_laterINS1_16FlashAttnFwdSm90INS1_25CollectiveMainloopFwdSm90ILi2EN4cute5tupleIJNS5_1CILi1EEES8_S8_EEENS6_IJNS7_ILi192EEENS7_ILi128EEENS7_ILi64EEEEEELi64ENS_10bfloat16_tEfNS_4arch4Sm90ELb1ELb0ELb0ELb1ELb1ELb0ELb0ELb1ELb1ELb1ELb0ELb0ESE_Li1EEENS1_21CollectiveEpilogueFwdINS6_IJSA_SC_SB_EEES9_SE_SG_Li384ELb1ELb1ELb0ELb0ELi1EEENS1_36VarlenDynamicPersistentTileSchedulerILi192ELi128ELi384ELi128ELb0ELb1ELb1ELb1ELb0ELb1EEEEEEEEEvNT_6ParamsE,gpu_min_IDLE_CORE_N,0.0
llm_layer,layer,4,_ZN7cutlass13device_kernelIN5flash20enable_sm90_or_laterINS1_16FlashAttnFwdSm90INS1_25CollectiveMainloopFwdSm90ILi2EN4cute5tupleIJNS5_1CILi1EEES8_S8_EEENS6_IJNS7_ILi192EEENS7_ILi128EEENS7_ILi64EEEEEELi64ENS_10bfloat16_tEfNS_4arch4Sm90ELb1ELb0ELb0ELb1ELb1ELb0ELb0ELb1ELb1ELb1ELb0ELb0ESE_Li1EEENS1_21CollectiveEpilogueFwdINS6_IJSA_SC_SB_EEES9_SE_SG_Li384ELb1ELb1ELb0ELb0ELi1EEENS1_36VarlenDynamicPersistentTileSchedulerILi192ELi128ELi384ELi128ELb0ELb1ELb1ELb1ELb0ELb1EEEEEEEEEvNT_6ParamsE,gpu_min_constant_power,0.0
llm_layer,layer,4,_ZN7cutlass13device_kernelIN5flash20enable_sm90_or_laterINS1_16FlashAttnFwdSm90INS1_25CollectiveMainloopFwdSm90ILi2EN4cute5tupleIJNS5_1CILi1EEES8_S8_EEENS6_IJNS7_ILi192EEENS7_ILi128EEENS7_ILi64EEEEEELi64ENS_10bfloat16_tEfNS_4arch4Sm90ELb1ELb0ELb0ELb1ELb1ELb0ELb0ELb1ELb1ELb1ELb0ELb0ESE_Li1EEENS1_21CollectiveEpilogueFwdINS6_IJSA_SC_SB_EEES9_SE_SG_Li384ELb1ELb1ELb0ELb0ELi1EEENS1_36VarlenDynamicPersistentTileSchedulerILi192ELi128ELi384ELi128ELb0ELb1ELb1ELb1ELb0ELb1EEEEEEEEEvNT_6ParamsE,gpu_tot_avg_power,75.073
llm_layer,layer,4,_ZN7cutlass13device_kernelIN5flash20enable_sm90_or_laterINS1_16FlashAttnFwdSm90INS1_25CollectiveMainloopFwdSm90ILi2EN4cute5tupleIJNS5_1CILi1EEES8_S8_EEENS6_IJNS7_ILi192EEENS7_ILi128EEENS7_ILi64EEEEEELi64ENS_10bfloat16_tEfNS_4arch4Sm90ELb1ELb0ELb0ELb1ELb1ELb0ELb0ELb1ELb1ELb1ELb0ELb0ESE_Li1EEENS1_21CollectiveEpilogueFwdINS6_IJSA_SC_SB_EEES9_SE_SG_Li384ELb1ELb1ELb0ELb0ELi1EEENS1_36VarlenDynamicPersistentTileSchedulerILi192ELi128ELi384ELi128ELb0ELb1ELb1ELb1ELb0ELb1EEEEEEEEEvNT_6ParamsE,gpu_tot_max_power,129.93
llm_layer,layer,4,_ZN7cutlass13device_kernelIN5flash20enable_sm90_or_laterINS1_16FlashAttnFwdSm90INS1_25CollectiveMainloopFwdSm90ILi2EN4cute5tupleIJNS5_1CILi1EEES8_S8_EEENS6_IJNS7_ILi192EEENS7_ILi128EEENS7_ILi64EEEEEELi64ENS_10bfloat16_tEfNS_4arch4Sm90ELb1ELb0ELb0ELb1ELb1ELb0ELb0ELb1ELb1ELb1ELb0ELb0ESE_Li1EEENS1_21CollectiveEpilogueFwdINS6_IJSA_SC_SB_EEES9_SE_SG_Li384ELb1ELb1ELb0ELb0ELi1EEENS1_36VarlenDynamicPersistentTileSchedulerILi192ELi128ELi384ELi128ELb0ELb1ELb1ELb1ELb0ELb1EEEEEEEEEvNT_6ParamsE,gpu_tot_min_power,58.0819
llm_layer,layer,5,_ZN2at6native29vectorized_elementwise_kernelILi4ENS0_11FillFunctorIiEESt5arrayIPcLm1EEEEviT0_T1_,kernel_launch_uid,6.0
llm_layer,layer,5,_ZN2at6native29vectorized_elementwise_kernelILi4ENS0_11FillFunctorIiEESt5arrayIPcLm1EEEEviT0_T1_,kernel_avg_power,70.3077
llm_layer,layer,5,_ZN2at6native29vectorized_elementwise_kernelILi4ENS0_11FillFunctorIiEESt5arrayIPcLm1EEEEviT0_T1_,gpu_avg_IBP,0.00144326
llm_layer,layer,5,_ZN2at6native29vectorized_elementwise_kernelILi4ENS0_11FillFunctorIiEESt5arrayIPcLm1EEEEviT0_T1_,gpu_avg_ICP,0.0
llm_layer,layer,5,_ZN2at6native29vectorized_elementwise_kernelILi4ENS0_11FillFunctorIiEESt5arrayIPcLm1EEEEviT0_T1_,gpu_avg_DCP,0.0148067
llm_layer,layer,5,_ZN2at6native29vectorized_elementwise_kernelILi4ENS0_11FillFunctorIiEESt5arrayIPcLm1EEEEviT0_T1_,gpu_avg_TCP,0.0
llm_layer,layer,5,_ZN2at6native29vectorized_elementwise_kernelILi4ENS0_11FillFunctorIiEESt5arrayIPcLm1EEEEviT0_T1_,gpu_avg_CCP,3.74352e-05
llm_layer,layer,5,_ZN2at6native29vectorized_elementwise_kernelILi4ENS0_11FillFunctorIiEESt5arrayIPcLm1EEEEviT0_T1_,gpu_avg_SHRDP,0.00203847
llm_layer,layer,5,_ZN2at6native29vectorized_elementwise_kernelILi4ENS0_11FillFunctorIiEESt5arrayIPcLm1EEEEviT0_T1_,gpu_avg_RFP,0.0
llm_layer,layer,5,_ZN2at6native29vectorized_elementwise_kernelILi4ENS0_11FillFunctorIiEESt5arrayIPcLm1EEEEviT0_T1_,gpu_avg_INTP,0.0183743
llm_layer,layer,5,_ZN2at6native29vectorized_elementwise_kernelILi4ENS0_11FillFunctorIiEESt5arrayIPcLm1EEEEviT0_T1_,gpu_avg_FPUP,0.0
llm_layer,layer,5,_ZN2at6native29vectorized_elementwise_kernelILi4ENS0_11FillFunctorIiEESt5arrayIPcLm1EEEEviT0_T1_,gpu_avg_DPUP,0.0
llm_layer,layer,5,_ZN2at6native29vectorized_elementwise_kernelILi4ENS0_11FillFunctorIiEESt5arrayIPcLm1EEEEviT0_T1_,gpu_avg_INT_MUL24P,0.0
llm_layer,layer,5,_ZN2at6native29vectorized_elementwise_kernelILi4ENS0_11FillFunctorIiEESt5arrayIPcLm1EEEEviT0_T1_,gpu_avg_INT_MUL32P,0.0
llm_layer,layer,5,_ZN2at6native29vectorized_elementwise_kernelILi4ENS0_11FillFunctorIiEESt5arrayIPcLm1EEEEviT0_T1_,gpu_avg_INT_MULP,0.00131196
llm_layer,layer,5,_ZN2at6native29vectorized_elementwise_kernelILi4ENS0_11FillFunctorIiEESt5arrayIPcLm1EEEEviT0_T1_,gpu_avg_INT_DIVP,0.0
llm_layer,layer,5,_ZN2at6native29vectorized_elementwise_kernelILi4ENS0_11FillFunctorIiEESt5arrayIPcLm1EEEEviT0_T1_,gpu_avg_FP_MULP,0.0
llm_layer,layer,5,_ZN2at6native29vectorized_elementwise_kernelILi4ENS0_11FillFunctorIiEESt5arrayIPcLm1EEEEviT0_T1_,gpu_avg_FP_DIVP,0.0
llm_layer,layer,5,_ZN2at6native29vectorized_elementwise_kernelILi4ENS0_11FillFunctorIiEESt5arrayIPcLm1EEEEviT0_T1_,gpu_avg_FP_SQRTP,0.0
llm_layer,layer,5,_ZN2at6native29vectorized_elementwise_kernelILi4ENS0_11FillFunctorIiEESt5arrayIPcLm1EEEEviT0_T1_,gpu_avg_FP_LGP,0.0
llm_layer,layer,5,_ZN2at6native29vectorized_elementwise_kernelILi4ENS0_11FillFunctorIiEESt5arrayIPcLm1EEEEviT0_T1_,gpu_avg_FP_SINP,0.0
llm_layer,layer,5,_ZN2at6native29vectorized_elementwise_kernelILi4ENS0_11FillFunctorIiEESt5arrayIPcLm1EEEEviT0_T1_,gpu_avg_FP_EXP,0.0
llm_layer,layer,5,_ZN2at6native29vectorized_elementwise_kernelILi4ENS0_11FillFunctorIiEESt5arrayIPcLm1EEEEviT0_T1_,gpu_avg_DP_MULP,0.0
llm_layer,layer,5,_ZN2at6native29vectorized_elementwise_kernelILi4ENS0_11FillFunctorIiEESt5arrayIPcLm1EEEEviT0_T1_,gpu_avg_DP_DIVP,0.0
llm_layer,layer,5,_ZN2at6native29vectorized_elementwise_kernelILi4ENS0_11FillFunctorIiEESt5arrayIPcLm1EEEEviT0_T1_,gpu_avg_TENSORP,0.0
llm_layer,layer,5,_ZN2at6native29vectorized_elementwise_kernelILi4ENS0_11FillFunctorIiEESt5arrayIPcLm1EEEEviT0_T1_,gpu_avg_TEXP,0.0
llm_layer,layer,5,_ZN2at6native29vectorized_elementwise_kernelILi4ENS0_11FillFunctorIiEESt5arrayIPcLm1EEEEviT0_T1_,gpu_avg_SCHEDP,0.00397589
llm_layer,layer,5,_ZN2at6native29vectorized_elementwise_kernelILi4ENS0_11FillFunctorIiEESt5arrayIPcLm1EEEEviT0_T1_,gpu_avg_L2CP,0.033094
llm_layer,layer,5,_ZN2at6native29vectorized_elementwise_kernelILi4ENS0_11FillFunctorIiEESt5arrayIPcLm1EEEEviT0_T1_,gpu_avg_MCP,0.557004
llm_layer,layer,5,_ZN2at6native29vectorized_elementwise_kernelILi4ENS0_11FillFunctorIiEESt5arrayIPcLm1EEEEviT0_T1_,gpu_avg_NOCP,0.0338038
llm_layer,layer,5,_ZN2at6native29vectorized_elementwise_kernelILi4ENS0_11FillFunctorIiEESt5arrayIPcLm1EEEEviT0_T1_,gpu_avg_DRAMP,0.0
llm_layer,layer,5,_ZN2at6native29vectorized_elementwise_kernelILi4ENS0_11FillFunctorIiEESt5arrayIPcLm1EEEEviT0_T1_,gpu_avg_PIPEP,0.00319383
llm_layer,layer,5,_ZN2at6native29vectorized_elementwise_kernelILi4ENS0_11FillFunctorIiEESt5arrayIPcLm1EEEEviT0_T1_,gpu_avg_IDLE_COREP,37.2578
llm_layer,layer,5,_ZN2at6native29vectorized_elementwise_kernelILi4ENS0_11FillFunctorIiEESt5arrayIPcLm1EEEEviT0_T1_,gpu_avg_CONSTP,32.3252
llm_layer,layer,5,_ZN2at6native29vectorized_elementwise_kernelILi4ENS0_11FillFunctorIiEESt5arrayIPcLm1EEEEviT0_T1_,gpu_avg_STATICP,0.055606
llm_layer,layer,5,_ZN2at6native29vectorized_elementwise_kernelILi4ENS0_11FillFunctorIiEESt5arrayIPcLm1EEEEviT0_T1_,gpu_avg_TOT_INST,62.0
llm_layer,layer,5,_ZN2at6native29vectorized_elementwise_kernelILi4ENS0_11FillFunctorIiEESt5arrayIPcLm1EEEEviT0_T1_,gpu_avg_FP_INT,58.0
llm_layer,layer,5,_ZN2at6native29vectorized_elementwise_kernelILi4ENS0_11FillFunctorIiEESt5arrayIPcLm1EEEEviT0_T1_,gpu_avg_IC_H,0.0
llm_layer,layer,5,_ZN2at6native29vectorized_elementwise_kernelILi4ENS0_11FillFunctorIiEESt5arrayIPcLm1EEEEviT0_T1_,gpu_avg_IC_M,0.0
llm_layer,layer,5,_ZN2at6native29vectorized_elementwise_kernelILi4ENS0_11FillFunctorIiEESt5arrayIPcLm1EEEEviT0_T1_,gpu_avg_DC_RH,0.0
llm_layer,layer,5,_ZN2at6native29vectorized_elementwise_kernelILi4ENS0_11FillFunctorIiEESt5arrayIPcLm1EEEEviT0_T1_,gpu_avg_DC_RM,0.0
llm_layer,layer,5,_ZN2at6native29vectorized_elementwise_kernelILi4ENS0_11FillFunctorIiEESt5arrayIPcLm1EEEEviT0_T1_,gpu_avg_DC_WH,0.0
llm_layer,layer,5,_ZN2at6native29vectorized_elementwise_kernelILi4ENS0_11FillFunctorIiEESt5arrayIPcLm1EEEEviT0_T1_,gpu_avg_DC_WM,13.8571
llm_layer,layer,5,_ZN2at6native29vectorized_elementwise_kernelILi4ENS0_11FillFunctorIiEESt5arrayIPcLm1EEEEviT0_T1_,gpu_avg_TC_H,0.0
llm_layer,layer,5,_ZN2at6native29vectorized_elementwise_kernelILi4ENS0_11FillFunctorIiEESt5arrayIPcLm1EEEEviT0_T1_,gpu_avg_TC_M,0.0
llm_layer,layer,5,_ZN2at6native29vectorized_elementwise_kernelILi4ENS0_11FillFunctorIiEESt5arrayIPcLm1EEEEviT0_T1_,gpu_avg_CC_H,1.71429
llm_layer,layer,5,_ZN2at6native29vectorized_elementwise_kernelILi4ENS0_11FillFunctorIiEESt5arrayIPcLm1EEEEviT0_T1_,gpu_avg_CC_M,0.0
llm_layer,layer,5,_ZN2at6native29vectorized_elementwise_kernelILi4ENS0_11FillFunctorIiEESt5arrayIPcLm1EEEEviT0_T1_,gpu_avg_SHRD_ACC,4.57143
llm_layer,layer,5,_ZN2at6native29vectorized_elementwise_kernelILi4ENS0_11FillFunctorIiEESt5arrayIPcLm1EEEEviT0_T1_,gpu_avg_REG_RD,0.0
llm_layer,layer,5,_ZN2at6native29vectorized_elementwise_kernelILi4ENS0_11FillFunctorIiEESt5arrayIPcLm1EEEEviT0_T1_,gpu_avg_REG_WR,0.0
llm_layer,layer,5,_ZN2at6native29vectorized_elementwise_kernelILi4ENS0_11FillFunctorIiEESt5arrayIPcLm1EEEEviT0_T1_,gpu_avg_NON_REG_OPs,0.0
llm_layer,layer,5,_ZN2at6native29vectorized_elementwise_kernelILi4ENS0_11FillFunctorIiEESt5arrayIPcLm1EEEEviT0_T1_,gpu_avg_INT_ACC,10046.0
llm_layer,layer,5,_ZN2at6native29vectorized_elementwise_kernelILi4ENS0_11FillFunctorIiEESt5arrayIPcLm1EEEEviT0_T1_,gpu_avg_FPU_ACC,0.0
llm_layer,layer,5,_ZN2at6native29vectorized_elementwise_kernelILi4ENS0_11FillFunctorIiEESt5arrayIPcLm1EEEEviT0_T1_,gpu_avg_DPU_ACC,0.0
llm_layer,layer,5,_ZN2at6native29vectorized_elementwise_kernelILi4ENS0_11FillFunctorIiEESt5arrayIPcLm1EEEEviT0_T1_,gpu_avg_INT_MUL24_ACC,0.0
llm_layer,layer,5,_ZN2at6native29vectorized_elementwise_kernelILi4ENS0_11FillFunctorIiEESt5arrayIPcLm1EEEEviT0_T1_,gpu_avg_INT_MUL32_ACC,0.0
llm_layer,layer,5,_ZN2at6native29vectorized_elementwise_kernelILi4ENS0_11FillFunctorIiEESt5arrayIPcLm1EEEEviT0_T1_,gpu_avg_INT_MUL_ACC,8.56658
llm_layer,layer,5,_ZN2at6native29vectorized_elementwise_kernelILi4ENS0_11FillFunctorIiEESt5arrayIPcLm1EEEEviT0_T1_,gpu_avg_INT_DIV_ACC,0.0
llm_layer,layer,5,_ZN2at6native29vectorized_elementwise_kernelILi4ENS0_11FillFunctorIiEESt5arrayIPcLm1EEEEviT0_T1_,gpu_avg_FP_MUL_ACC,0.0
llm_layer,layer,5,_ZN2at6native29vectorized_elementwise_kernelILi4ENS0_11FillFunctorIiEESt5arrayIPcLm1EEEEviT0_T1_,gpu_avg_FP_DIV_ACC,0.0
llm_layer,layer,5,_ZN2at6native29vectorized_elementwise_kernelILi4ENS0_11FillFunctorIiEESt5arrayIPcLm1EEEEviT0_T1_,gpu_avg_FP_SQRT_ACC,0.0
llm_layer,layer,5,_ZN2at6native29vectorized_elementwise_kernelILi4ENS0_11FillFunctorIiEESt5arrayIPcLm1EEEEviT0_T1_,gpu_avg_FP_LG_ACC,0.0
llm_layer,layer,5,_ZN2at6native29vectorized_elementwise_kernelILi4ENS0_11FillFunctorIiEESt5arrayIPcLm1EEEEviT0_T1_,gpu_avg_FP_SIN_ACC,0.0
llm_layer,layer,5,_ZN2at6native29vectorized_elementwise_kernelILi4ENS0_11FillFunctorIiEESt5arrayIPcLm1EEEEviT0_T1_,gpu_avg_FP_EXP_ACC,0.0
llm_layer,layer,5,_ZN2at6native29vectorized_elementwise_kernelILi4ENS0_11FillFunctorIiEESt5arrayIPcLm1EEEEviT0_T1_,gpu_avg_DP_MUL_ACC,0.0
llm_layer,layer,5,_ZN2at6native29vectorized_elementwise_kernelILi4ENS0_11FillFunctorIiEESt5arrayIPcLm1EEEEviT0_T1_,gpu_avg_DP_DIV_ACC,0.0
llm_layer,layer,5,_ZN2at6native29vectorized_elementwise_kernelILi4ENS0_11FillFunctorIiEESt5arrayIPcLm1EEEEviT0_T1_,gpu_avg_TENSOR_ACC,0.0
llm_layer,layer,5,_ZN2at6native29vectorized_elementwise_kernelILi4ENS0_11FillFunctorIiEESt5arrayIPcLm1EEEEviT0_T1_,gpu_avg_TEX_ACC,0.0
llm_layer,layer,5,_ZN2at6native29vectorized_elementwise_kernelILi4ENS0_11FillFunctorIiEESt5arrayIPcLm1EEEEviT0_T1_,gpu_avg_MEM_RD,0.0
llm_layer,layer,5,_ZN2at6native29vectorized_elementwise_kernelILi4ENS0_11FillFunctorIiEESt5arrayIPcLm1EEEEviT0_T1_,gpu_avg_MEM_WR,0.0
llm_layer,layer,5,_ZN2at6native29vectorized_elementwise_kernelILi4ENS0_11FillFunctorIiEESt5arrayIPcLm1EEEEviT0_T1_,gpu_avg_MEM_PRE,0.0
llm_layer,layer,5,_ZN2at6native29vectorized_elementwise_kernelILi4ENS0_11FillFunctorIiEESt5arrayIPcLm1EEEEviT0_T1_,gpu_avg_L2_RH,0.0
llm_layer,layer,5,_ZN2at6native29vectorized_elementwise_kernelILi4ENS0_11FillFunctorIiEESt5arrayIPcLm1EEEEviT0_T1_,gpu_avg_L2_RM,0.0
llm_layer,layer,5,_ZN2at6native29vectorized_elementwise_kernelILi4ENS0_11FillFunctorIiEESt5arrayIPcLm1EEEEviT0_T1_,gpu_avg_L2_WH,0.0
llm_layer,layer,5,_ZN2at6native29vectorized_elementwise_kernelILi4ENS0_11FillFunctorIiEESt5arrayIPcLm1EEEEviT0_T1_,gpu_avg_L2_WM,64.2857
llm_layer,layer,5,_ZN2at6native29vectorized_elementwise_kernelILi4ENS0_11FillFunctorIiEESt5arrayIPcLm1EEEEviT0_T1_,gpu_avg_NOC_A,99.1429
llm_layer,layer,5,_ZN2at6native29vectorized_elementwise_kernelILi4ENS0_11FillFunctorIiEESt5arrayIPcLm1EEEEviT0_T1_,gpu_avg_PIPE_A,9.769e-05
llm_layer,layer,5,_ZN2at6native29vectorized_elementwise_kernelILi4ENS0_11FillFunctorIiEESt5arrayIPcLm1EEEEviT0_T1_,gpu_avg_IDLE_CORE_N,131.75
llm_layer,layer,5,_ZN2at6native29vectorized_elementwise_kernelILi4ENS0_11FillFunctorIiEESt5arrayIPcLm1EEEEviT0_T1_,gpu_avg_constant_power,0.0
llm_layer,layer,5,_ZN2at6native29vectorized_elementwise_kernelILi4ENS0_11FillFunctorIiEESt5arrayIPcLm1EEEEviT0_T1_,gpu_avg_threads_per_warp,6.88818
llm_layer,layer,5,_ZN2at6native29vectorized_elementwise_kernelILi4ENS0_11FillFunctorIiEESt5arrayIPcLm1EEEEviT0_T1_,gpu_tot_TOT_INST,434.0
llm_layer,layer,5,_ZN2at6native29vectorized_elementwise_kernelILi4ENS0_11FillFunctorIiEESt5arrayIPcLm1EEEEviT0_T1_,gpu_tot_FP_INT,406.0
llm_layer,layer,5,_ZN2at6native29vectorized_elementwise_kernelILi4ENS0_11FillFunctorIiEESt5arrayIPcLm1EEEEviT0_T1_,gpu_tot_IC_H,0.0
llm_layer,layer,5,_ZN2at6native29vectorized_elementwise_kernelILi4ENS0_11FillFunctorIiEESt5arrayIPcLm1EEEEviT0_T1_,gpu_tot_IC_M,0.0
llm_layer,layer,5,_ZN2at6native29vectorized_elementwise_kernelILi4ENS0_11FillFunctorIiEESt5arrayIPcLm1EEEEviT0_T1_,gpu_tot_DC_RH,0.0
llm_layer,layer,5,_ZN2at6native29vectorized_elementwise_kernelILi4ENS0_11FillFunctorIiEESt5arrayIPcLm1EEEEviT0_T1_,gpu_tot_DC_RM,0.0
llm_layer,layer,5,_ZN2at6native29vectorized_elementwise_kernelILi4ENS0_11FillFunctorIiEESt5arrayIPcLm1EEEEviT0_T1_,gpu_tot_DC_WH,0.0
llm_layer,layer,5,_ZN2at6native29vectorized_elementwise_kernelILi4ENS0_11FillFunctorIiEESt5arrayIPcLm1EEEEviT0_T1_,gpu_tot_DC_WM,97.0
llm_layer,layer,5,_ZN2at6native29vectorized_elementwise_kernelILi4ENS0_11FillFunctorIiEESt5arrayIPcLm1EEEEviT0_T1_,gpu_tot_TC_H,0.0
llm_layer,layer,5,_ZN2at6native29vectorized_elementwise_kernelILi4ENS0_11FillFunctorIiEESt5arrayIPcLm1EEEEviT0_T1_,gpu_tot_TC_M,0.0
llm_layer,layer,5,_ZN2at6native29vectorized_elementwise_kernelILi4ENS0_11FillFunctorIiEESt5arrayIPcLm1EEEEviT0_T1_,gpu_tot_CC_H,12.0
llm_layer,layer,5,_ZN2at6native29vectorized_elementwise_kernelILi4ENS0_11FillFunctorIiEESt5arrayIPcLm1EEEEviT0_T1_,gpu_tot_CC_M,0.0
llm_layer,layer,5,_ZN2at6native29vectorized_elementwise_kernelILi4ENS0_11FillFunctorIiEESt5arrayIPcLm1EEEEviT0_T1_,gpu_tot_SHRD_ACC,32.0
llm_layer,layer,5,_ZN2at6native29vectorized_elementwise_kernelILi4ENS0_11FillFunctorIiEESt5arrayIPcLm1EEEEviT0_T1_,gpu_tot_REG_RD,0.0
llm_layer,layer,5,_ZN2at6native29vectorized_elementwise_kernelILi4ENS0_11FillFunctorIiEESt5arrayIPcLm1EEEEviT0_T1_,gpu_tot_REG_WR,0.0
llm_layer,layer,5,_ZN2at6native29vectorized_elementwise_kernelILi4ENS0_11FillFunctorIiEESt5arrayIPcLm1EEEEviT0_T1_,gpu_tot_NON_REG_OPs,0.0
llm_layer,layer,5,_ZN2at6native29vectorized_elementwise_kernelILi4ENS0_11FillFunctorIiEESt5arrayIPcLm1EEEEviT0_T1_,gpu_tot_INT_ACC,70322.2
llm_layer,layer,5,_ZN2at6native29vectorized_elementwise_kernelILi4ENS0_11FillFunctorIiEESt5arrayIPcLm1EEEEviT0_T1_,gpu_tot_FPU_ACC,0.0
llm_layer,layer,5,_ZN2at6native29vectorized_elementwise_kernelILi4ENS0_11FillFunctorIiEESt5arrayIPcLm1EEEEviT0_T1_,gpu_tot_DPU_ACC,0.0
llm_layer,layer,5,_ZN2at6native29vectorized_elementwise_kernelILi4ENS0_11FillFunctorIiEESt5arrayIPcLm1EEEEviT0_T1_,gpu_tot_INT_MUL24_ACC,0.0
llm_layer,layer,5,_ZN2at6native29vectorized_elementwise_kernelILi4ENS0_11FillFunctorIiEESt5arrayIPcLm1EEEEviT0_T1_,gpu_tot_INT_MUL32_ACC,0.0
llm_layer,layer,5,_ZN2at6native29vectorized_elementwise_kernelILi4ENS0_11FillFunctorIiEESt5arrayIPcLm1EEEEviT0_T1_,gpu_tot_INT_MUL_ACC,59.9661
llm_layer,layer,5,_ZN2at6native29vectorized_elementwise_kernelILi4ENS0_11FillFunctorIiEESt5arrayIPcLm1EEEEviT0_T1_,gpu_tot_INT_DIV_ACC,0.0
llm_layer,layer,5,_ZN2at6native29vectorized_elementwise_kernelILi4ENS0_11FillFunctorIiEESt5arrayIPcLm1EEEEviT0_T1_,gpu_tot_FP_MUL_ACC,0.0
llm_layer,layer,5,_ZN2at6native29vectorized_elementwise_kernelILi4ENS0_11FillFunctorIiEESt5arrayIPcLm1EEEEviT0_T1_,gpu_tot_FP_DIV_ACC,0.0
llm_layer,layer,5,_ZN2at6native29vectorized_elementwise_kernelILi4ENS0_11FillFunctorIiEESt5arrayIPcLm1EEEEviT0_T1_,gpu_tot_FP_SQRT_ACC,0.0
llm_layer,layer,5,_ZN2at6native29vectorized_elementwise_kernelILi4ENS0_11FillFunctorIiEESt5arrayIPcLm1EEEEviT0_T1_,gpu_tot_FP_LG_ACC,0.0
llm_layer,layer,5,_ZN2at6native29vectorized_elementwise_kernelILi4ENS0_11FillFunctorIiEESt5arrayIPcLm1EEEEviT0_T1_,gpu_tot_FP_SIN_ACC,0.0
llm_layer,layer,5,_ZN2at6native29vectorized_elementwise_kernelILi4ENS0_11FillFunctorIiEESt5arrayIPcLm1EEEEviT0_T1_,gpu_tot_FP_EXP_ACC,0.0
llm_layer,layer,5,_ZN2at6native29vectorized_elementwise_kernelILi4ENS0_11FillFunctorIiEESt5arrayIPcLm1EEEEviT0_T1_,gpu_tot_DP_MUL_ACC,0.0
llm_layer,layer,5,_ZN2at6native29vectorized_elementwise_kernelILi4ENS0_11FillFunctorIiEESt5arrayIPcLm1EEEEviT0_T1_,gpu_tot_DP_DIV_ACC,0.0
llm_layer,layer,5,_ZN2at6native29vectorized_elementwise_kernelILi4ENS0_11FillFunctorIiEESt5arrayIPcLm1EEEEviT0_T1_,gpu_tot_TENSOR_ACC,0.0
llm_layer,layer,5,_ZN2at6native29vectorized_elementwise_kernelILi4ENS0_11FillFunctorIiEESt5arrayIPcLm1EEEEviT0_T1_,gpu_tot_TEX_ACC,0.0
llm_layer,layer,5,_ZN2at6native29vectorized_elementwise_kernelILi4ENS0_11FillFunctorIiEESt5arrayIPcLm1EEEEviT0_T1_,gpu_tot_MEM_RD,0.0
llm_layer,layer,5,_ZN2at6native29vectorized_elementwise_kernelILi4ENS0_11FillFunctorIiEESt5arrayIPcLm1EEEEviT0_T1_,gpu_tot_MEM_WR,0.0
llm_layer,layer,5,_ZN2at6native29vectorized_elementwise_kernelILi4ENS0_11FillFunctorIiEESt5arrayIPcLm1EEEEviT0_T1_,gpu_tot_MEM_PRE,0.0
llm_layer,layer,5,_ZN2at6native29vectorized_elementwise_kernelILi4ENS0_11FillFunctorIiEESt5arrayIPcLm1EEEEviT0_T1_,gpu_tot_L2_RH,0.0
llm_layer,layer,5,_ZN2at6native29vectorized_elementwise_kernelILi4ENS0_11FillFunctorIiEESt5arrayIPcLm1EEEEviT0_T1_,gpu_tot_L2_RM,0.0
llm_layer,layer,5,_ZN2at6native29vectorized_elementwise_kernelILi4ENS0_11FillFunctorIiEESt5arrayIPcLm1EEEEviT0_T1_,gpu_tot_L2_WH,0.0
llm_layer,layer,5,_ZN2at6native29vectorized_elementwise_kernelILi4ENS0_11FillFunctorIiEESt5arrayIPcLm1EEEEviT0_T1_,gpu_tot_L2_WM,450.0
llm_layer,layer,5,_ZN2at6native29vectorized_elementwise_kernelILi4ENS0_11FillFunctorIiEESt5arrayIPcLm1EEEEviT0_T1_,gpu_tot_NOC_A,694.0
llm_layer,layer,5,_ZN2at6native29vectorized_elementwise_kernelILi4ENS0_11FillFunctorIiEESt5arrayIPcLm1EEEEviT0_T1_,gpu_tot_PIPE_A,0.00068383
llm_layer,layer,5,_ZN2at6native29vectorized_elementwise_kernelILi4ENS0_11FillFunctorIiEESt5arrayIPcLm1EEEEviT0_T1_,gpu_tot_IDLE_CORE_N,922.25
llm_layer,layer,5,_ZN2at6native29vectorized_elementwise_kernelILi4ENS0_11FillFunctorIiEESt5arrayIPcLm1EEEEviT0_T1_,gpu_tot_constant_power,0.0
llm_layer,layer,5,_ZN2at6native29vectorized_elementwise_kernelILi4ENS0_11FillFunctorIiEESt5arrayIPcLm1EEEEviT0_T1_,kernel_max_power,70.8963
llm_layer,layer,5,_ZN2at6native29vectorized_elementwise_kernelILi4ENS0_11FillFunctorIiEESt5arrayIPcLm1EEEEviT0_T1_,gpu_max_IBP,0.00730939
llm_layer,layer,5,_ZN2at6native29vectorized_elementwise_kernelILi4ENS0_11FillFunctorIiEESt5arrayIPcLm1EEEEviT0_T1_,gpu_max_ICP,0.0
llm_layer,layer,5,_ZN2at6native29vectorized_elementwise_kernelILi4ENS0_11FillFunctorIiEESt5arrayIPcLm1EEEEviT0_T1_,gpu_max_DCP,0.102578
llm_layer,layer,5,_ZN2at6native29vectorized_elementwise_kernelILi4ENS0_11FillFunctorIiEESt5arrayIPcLm1EEEEviT0_T1_,gpu_max_TCP,0.0
llm_layer,layer,5,_ZN2at6native29vectorized_elementwise_kernelILi4ENS0_11FillFunctorIiEESt5arrayIPcLm1EEEEviT0_T1_,gpu_max_CCP,0.0
llm_layer,layer,5,_ZN2at6native29vectorized_elementwise_kernelILi4ENS0_11FillFunctorIiEESt5arrayIPcLm1EEEEviT0_T1_,gpu_max_SHRDP,0.0142693
llm_layer,layer,5,_ZN2at6native29vectorized_elementwise_kernelILi4ENS0_11FillFunctorIiEESt5arrayIPcLm1EEEEviT0_T1_,gpu_max_RFP,0.0
llm_layer,layer,5,_ZN2at6native29vectorized_elementwise_kernelILi4ENS0_11FillFunctorIiEESt5arrayIPcLm1EEEEviT0_T1_,gpu_max_INTP,0.100495
llm_layer,layer,5,_ZN2at6native29vectorized_elementwise_kernelILi4ENS0_11FillFunctorIiEESt5arrayIPcLm1EEEEviT0_T1_,gpu_max_FPUP,0.0
llm_layer,layer,5,_ZN2at6native29vectorized_elementwise_kernelILi4ENS0_11FillFunctorIiEESt5arrayIPcLm1EEEEviT0_T1_,gpu_max_DPUP,0.0
llm_layer,layer,5,_ZN2at6native29vectorized_elementwise_kernelILi4ENS0_11FillFunctorIiEESt5arrayIPcLm1EEEEviT0_T1_,gpu_max_INT_MUL24P,0.0
llm_layer,layer,5,_ZN2at6native29vectorized_elementwise_kernelILi4ENS0_11FillFunctorIiEESt5arrayIPcLm1EEEEviT0_T1_,gpu_max_INT_MUL32P,0.0
llm_layer,layer,5,_ZN2at6native29vectorized_elementwise_kernelILi4ENS0_11FillFunctorIiEESt5arrayIPcLm1EEEEviT0_T1_,gpu_max_INT_MULP,0.00690983
llm_layer,layer,5,_ZN2at6native29vectorized_elementwise_kernelILi4ENS0_11FillFunctorIiEESt5arrayIPcLm1EEEEviT0_T1_,gpu_max_INT_DIVP,0.0
llm_layer,layer,5,_ZN2at6native29vectorized_elementwise_kernelILi4ENS0_11FillFunctorIiEESt5arrayIPcLm1EEEEviT0_T1_,gpu_max_FP_MULP,0.0
llm_layer,layer,5,_ZN2at6native29vectorized_elementwise_kernelILi4ENS0_11FillFunctorIiEESt5arrayIPcLm1EEEEviT0_T1_,gpu_max_FP_DIVP,0.0
llm_layer,layer,5,_ZN2at6native29vectorized_elementwise_kernelILi4ENS0_11FillFunctorIiEESt5arrayIPcLm1EEEEviT0_T1_,gpu_max_FP_SQRTP,0.0
llm_layer,layer,5,_ZN2at6native29vectorized_elementwise_kernelILi4ENS0_11FillFunctorIiEESt5arrayIPcLm1EEEEviT0_T1_,gpu_max_FP_LGP,0.0
llm_layer,layer,5,_ZN2at6native29vectorized_elementwise_kernelILi4ENS0_11FillFunctorIiEESt5arrayIPcLm1EEEEviT0_T1_,gpu_max_FP_SINP,0.0
llm_layer,layer,5,_ZN2at6native29vectorized_elementwise_kernelILi4ENS0_11FillFunctorIiEESt5arrayIPcLm1EEEEviT0_T1_,gpu_max_FP_EXP,0.0
llm_layer,layer,5,_ZN2at6native29vectorized_elementwise_kernelILi4ENS0_11FillFunctorIiEESt5arrayIPcLm1EEEEviT0_T1_,gpu_max_DP_MULP,0.0
llm_layer,layer,5,_ZN2at6native29vectorized_elementwise_kernelILi4ENS0_11FillFunctorIiEESt5arrayIPcLm1EEEEviT0_T1_,gpu_max_DP_DIVP,0.0
llm_layer,layer,5,_ZN2at6native29vectorized_elementwise_kernelILi4ENS0_11FillFunctorIiEESt5arrayIPcLm1EEEEviT0_T1_,gpu_max_TENSORP,0.0
llm_layer,layer,5,_ZN2at6native29vectorized_elementwise_kernelILi4ENS0_11FillFunctorIiEESt5arrayIPcLm1EEEEviT0_T1_,gpu_max_TEXP,0.0
llm_layer,layer,5,_ZN2at6native29vectorized_elementwise_kernelILi4ENS0_11FillFunctorIiEESt5arrayIPcLm1EEEEviT0_T1_,gpu_max_SCHEDP,0.0207021
llm_layer,layer,5,_ZN2at6native29vectorized_elementwise_kernelILi4ENS0_11FillFunctorIiEESt5arrayIPcLm1EEEEviT0_T1_,gpu_max_L2CP,0.231658
llm_layer,layer,5,_ZN2at6native29vectorized_elementwise_kernelILi4ENS0_11FillFunctorIiEESt5arrayIPcLm1EEEEviT0_T1_,gpu_max_MCP,0.59719
llm_layer,layer,5,_ZN2at6native29vectorized_elementwise_kernelILi4ENS0_11FillFunctorIiEESt5arrayIPcLm1EEEEviT0_T1_,gpu_max_NOCP,0.235945
llm_layer,layer,5,_ZN2at6native29vectorized_elementwise_kernelILi4ENS0_11FillFunctorIiEESt5arrayIPcLm1EEEEviT0_T1_,gpu_max_DRAMP,0.0
llm_layer,layer,5,_ZN2at6native29vectorized_elementwise_kernelILi4ENS0_11FillFunctorIiEESt5arrayIPcLm1EEEEviT0_T1_,gpu_max_PIPEP,0.0166486
llm_layer,layer,5,_ZN2at6native29vectorized_elementwise_kernelILi4ENS0_11FillFunctorIiEESt5arrayIPcLm1EEEEviT0_T1_,gpu_max_IDLE_COREP,36.9015
llm_layer,layer,5,_ZN2at6native29vectorized_elementwise_kernelILi4ENS0_11FillFunctorIiEESt5arrayIPcLm1EEEEviT0_T1_,gpu_max_CONSTP,32.3252
llm_layer,layer,5,_ZN2at6native29vectorized_elementwise_kernelILi4ENS0_11FillFunctorIiEESt5arrayIPcLm1EEEEviT0_T1_,gpu_max_STATICP,0.335859
llm_layer,layer,5,_ZN2at6native29vectorized_elementwise_kernelILi4ENS0_11FillFunctorIiEESt5arrayIPcLm1EEEEviT0_T1_,gpu_max_TOT_INST,314.0
llm_layer,layer,5,_ZN2at6native29vectorized_elementwise_kernelILi4ENS0_11FillFunctorIiEESt5arrayIPcLm1EEEEviT0_T1_,gpu_max_FP_INT,302.0
llm_layer,layer,5,_ZN2at6native29vectorized_elementwise_kernelILi4ENS0_11FillFunctorIiEESt5arrayIPcLm1EEEEviT0_T1_,gpu_max_IC_H,0.0
llm_layer,layer,5,_ZN2at6native29vectorized_elementwise_kernelILi4ENS0_11FillFunctorIiEESt5arrayIPcLm1EEEEviT0_T1_,gpu_max_IC_M,0.0
llm_layer,layer,5,_ZN2at6native29vectorized_elementwise_kernelILi4ENS0_11FillFunctorIiEESt5arrayIPcLm1EEEEviT0_T1_,gpu_max_DC_RH,0.0
llm_layer,layer,5,_ZN2at6native29vectorized_elementwise_kernelILi4ENS0_11FillFunctorIiEESt5arrayIPcLm1EEEEviT0_T1_,gpu_max_DC_RM,0.0
llm_layer,layer,5,_ZN2at6native29vectorized_elementwise_kernelILi4ENS0_11FillFunctorIiEESt5arrayIPcLm1EEEEviT0_T1_,gpu_max_DC_WH,0.0
llm_layer,layer,5,_ZN2at6native29vectorized_elementwise_kernelILi4ENS0_11FillFunctorIiEESt5arrayIPcLm1EEEEviT0_T1_,gpu_max_DC_WM,96.0
llm_layer,layer,5,_ZN2at6native29vectorized_elementwise_kernelILi4ENS0_11FillFunctorIiEESt5arrayIPcLm1EEEEviT0_T1_,gpu_max_TC_H,0.0
llm_layer,layer,5,_ZN2at6native29vectorized_elementwise_kernelILi4ENS0_11FillFunctorIiEESt5arrayIPcLm1EEEEviT0_T1_,gpu_max_TC_M,0.0
llm_layer,layer,5,_ZN2at6native29vectorized_elementwise_kernelILi4ENS0_11FillFunctorIiEESt5arrayIPcLm1EEEEviT0_T1_,gpu_max_CC_H,0.0
llm_layer,layer,5,_ZN2at6native29vectorized_elementwise_kernelILi4ENS0_11FillFunctorIiEESt5arrayIPcLm1EEEEviT0_T1_,gpu_max_CC_M,0.0
llm_layer,layer,5,_ZN2at6native29vectorized_elementwise_kernelILi4ENS0_11FillFunctorIiEESt5arrayIPcLm1EEEEviT0_T1_,gpu_max_SHRD_ACC,32.0
llm_layer,layer,5,_ZN2at6native29vectorized_elementwise_kernelILi4ENS0_11FillFunctorIiEESt5arrayIPcLm1EEEEviT0_T1_,gpu_max_REG_RD,0.0
llm_layer,layer,5,_ZN2at6native29vectorized_elementwise_kernelILi4ENS0_11FillFunctorIiEESt5arrayIPcLm1EEEEviT0_T1_,gpu_max_REG_WR,0.0
llm_layer,layer,5,_ZN2at6native29vectorized_elementwise_kernelILi4ENS0_11FillFunctorIiEESt5arrayIPcLm1EEEEviT0_T1_,gpu_max_NON_REG_OPs,0.0
llm_layer,layer,5,_ZN2at6native29vectorized_elementwise_kernelILi4ENS0_11FillFunctorIiEESt5arrayIPcLm1EEEEviT0_T1_,gpu_max_INT_ACC,54944.8
llm_layer,layer,5,_ZN2at6native29vectorized_elementwise_kernelILi4ENS0_11FillFunctorIiEESt5arrayIPcLm1EEEEviT0_T1_,gpu_max_FPU_ACC,0.0
llm_layer,layer,5,_ZN2at6native29vectorized_elementwise_kernelILi4ENS0_11FillFunctorIiEESt5arrayIPcLm1EEEEviT0_T1_,gpu_max_DPU_ACC,0.0
llm_layer,layer,5,_ZN2at6native29vectorized_elementwise_kernelILi4ENS0_11FillFunctorIiEESt5arrayIPcLm1EEEEviT0_T1_,gpu_max_INT_MUL24_ACC,0.0
llm_layer,layer,5,_ZN2at6native29vectorized_elementwise_kernelILi4ENS0_11FillFunctorIiEESt5arrayIPcLm1EEEEviT0_T1_,gpu_max_INT_MUL32_ACC,0.0
llm_layer,layer,5,_ZN2at6native29vectorized_elementwise_kernelILi4ENS0_11FillFunctorIiEESt5arrayIPcLm1EEEEviT0_T1_,gpu_max_INT_MUL_ACC,45.1184
llm_layer,layer,5,_ZN2at6native29vectorized_elementwise_kernelILi4ENS0_11FillFunctorIiEESt5arrayIPcLm1EEEEviT0_T1_,gpu_max_INT_DIV_ACC,0.0
llm_layer,layer,5,_ZN2at6native29vectorized_elementwise_kernelILi4ENS0_11FillFunctorIiEESt5arrayIPcLm1EEEEviT0_T1_,gpu_max_FP_MUL_ACC,0.0
llm_layer,layer,5,_ZN2at6native29vectorized_elementwise_kernelILi4ENS0_11FillFunctorIiEESt5arrayIPcLm1EEEEviT0_T1_,gpu_max_FP_DIV_ACC,0.0
llm_layer,layer,5,_ZN2at6native29vectorized_elementwise_kernelILi4ENS0_11FillFunctorIiEESt5arrayIPcLm1EEEEviT0_T1_,gpu_max_FP_SQRT_ACC,0.0
llm_layer,layer,5,_ZN2at6native29vectorized_elementwise_kernelILi4ENS0_11FillFunctorIiEESt5arrayIPcLm1EEEEviT0_T1_,gpu_max_FP_LG_ACC,0.0
llm_layer,layer,5,_ZN2at6native29vectorized_elementwise_kernelILi4ENS0_11FillFunctorIiEESt5arrayIPcLm1EEEEviT0_T1_,gpu_max_FP_SIN_ACC,0.0
llm_layer,layer,5,_ZN2at6native29vectorized_elementwise_kernelILi4ENS0_11FillFunctorIiEESt5arrayIPcLm1EEEEviT0_T1_,gpu_max_FP_EXP_ACC,0.0
llm_layer,layer,5,_ZN2at6native29vectorized_elementwise_kernelILi4ENS0_11FillFunctorIiEESt5arrayIPcLm1EEEEviT0_T1_,gpu_max_DP_MUL_ACC,0.0
llm_layer,layer,5,_ZN2at6native29vectorized_elementwise_kernelILi4ENS0_11FillFunctorIiEESt5arrayIPcLm1EEEEviT0_T1_,gpu_max_DP_DIV_ACC,0.0
llm_layer,layer,5,_ZN2at6native29vectorized_elementwise_kernelILi4ENS0_11FillFunctorIiEESt5arrayIPcLm1EEEEviT0_T1_,gpu_max_TENSOR_ACC,0.0
llm_layer,layer,5,_ZN2at6native29vectorized_elementwise_kernelILi4ENS0_11FillFunctorIiEESt5arrayIPcLm1EEEEviT0_T1_,gpu_max_TEX_ACC,0.0
llm_layer,layer,5,_ZN2at6native29vectorized_elementwise_kernelILi4ENS0_11FillFunctorIiEESt5arrayIPcLm1EEEEviT0_T1_,gpu_max_MEM_RD,0.0
llm_layer,layer,5,_ZN2at6native29vectorized_elementwise_kernelILi4ENS0_11FillFunctorIiEESt5arrayIPcLm1EEEEviT0_T1_,gpu_max_MEM_WR,0.0
llm_layer,layer,5,_ZN2at6native29vectorized_elementwise_kernelILi4ENS0_11FillFunctorIiEESt5arrayIPcLm1EEEEviT0_T1_,gpu_max_MEM_PRE,0.0
llm_layer,layer,5,_ZN2at6native29vectorized_elementwise_kernelILi4ENS0_11FillFunctorIiEESt5arrayIPcLm1EEEEviT0_T1_,gpu_max_L2_RH,0.0
llm_layer,layer,5,_ZN2at6native29vectorized_elementwise_kernelILi4ENS0_11FillFunctorIiEESt5arrayIPcLm1EEEEviT0_T1_,gpu_max_L2_RM,0.0
llm_layer,layer,5,_ZN2at6native29vectorized_elementwise_kernelILi4ENS0_11FillFunctorIiEESt5arrayIPcLm1EEEEviT0_T1_,gpu_max_L2_WH,0.0
llm_layer,layer,5,_ZN2at6native29vectorized_elementwise_kernelILi4ENS0_11FillFunctorIiEESt5arrayIPcLm1EEEEviT0_T1_,gpu_max_L2_WM,450.0
llm_layer,layer,5,_ZN2at6native29vectorized_elementwise_kernelILi4ENS0_11FillFunctorIiEESt5arrayIPcLm1EEEEviT0_T1_,gpu_max_NOC_A,692.0
llm_layer,layer,5,_ZN2at6native29vectorized_elementwise_kernelILi4ENS0_11FillFunctorIiEESt5arrayIPcLm1EEEEviT0_T1_,gpu_max_PIPE_A,0.000509233
llm_layer,layer,5,_ZN2at6native29vectorized_elementwise_kernelILi4ENS0_11FillFunctorIiEESt5arrayIPcLm1EEEEviT0_T1_,gpu_max_IDLE_CORE_N,130.49
llm_layer,layer,5,_ZN2at6native29vectorized_elementwise_kernelILi4ENS0_11FillFunctorIiEESt5arrayIPcLm1EEEEviT0_T1_,gpu_max_constant_power,0.0
llm_layer,layer,5,_ZN2at6native29vectorized_elementwise_kernelILi4ENS0_11FillFunctorIiEESt5arrayIPcLm1EEEEviT0_T1_,kernel_min_power,70.2039
llm_layer,layer,5,_ZN2at6native29vectorized_elementwise_kernelILi4ENS0_11FillFunctorIiEESt5arrayIPcLm1EEEEviT0_T1_,gpu_min_IBP,0.0
llm_layer,layer,5,_ZN2at6native29vectorized_elementwise_kernelILi4ENS0_11FillFunctorIiEESt5arrayIPcLm1EEEEviT0_T1_,gpu_min_ICP,0.0
llm_layer,layer,5,_ZN2at6native29vectorized_elementwise_kernelILi4ENS0_11FillFunctorIiEESt5arrayIPcLm1EEEEviT0_T1_,gpu_min_DCP,0.0
llm_layer,layer,5,_ZN2at6native29vectorized_elementwise_kernelILi4ENS0_11FillFunctorIiEESt5arrayIPcLm1EEEEviT0_T1_,gpu_min_TCP,0.0
llm_layer,layer,5,_ZN2at6native29vectorized_elementwise_kernelILi4ENS0_11FillFunctorIiEESt5arrayIPcLm1EEEEviT0_T1_,gpu_min_CCP,0.0
llm_layer,layer,5,_ZN2at6native29vectorized_elementwise_kernelILi4ENS0_11FillFunctorIiEESt5arrayIPcLm1EEEEviT0_T1_,gpu_min_SHRDP,0.0
llm_layer,layer,5,_ZN2at6native29vectorized_elementwise_kernelILi4ENS0_11FillFunctorIiEESt5arrayIPcLm1EEEEviT0_T1_,gpu_min_RFP,0.0
llm_layer,layer,5,_ZN2at6native29vectorized_elementwise_kernelILi4ENS0_11FillFunctorIiEESt5arrayIPcLm1EEEEviT0_T1_,gpu_min_INTP,0.0
llm_layer,layer,5,_ZN2at6native29vectorized_elementwise_kernelILi4ENS0_11FillFunctorIiEESt5arrayIPcLm1EEEEviT0_T1_,gpu_min_FPUP,0.0
llm_layer,layer,5,_ZN2at6native29vectorized_elementwise_kernelILi4ENS0_11FillFunctorIiEESt5arrayIPcLm1EEEEviT0_T1_,gpu_min_DPUP,0.0
llm_layer,layer,5,_ZN2at6native29vectorized_elementwise_kernelILi4ENS0_11FillFunctorIiEESt5arrayIPcLm1EEEEviT0_T1_,gpu_min_INT_MUL24P,0.0
llm_layer,layer,5,_ZN2at6native29vectorized_elementwise_kernelILi4ENS0_11FillFunctorIiEESt5arrayIPcLm1EEEEviT0_T1_,gpu_min_INT_MUL32P,0.0
llm_layer,layer,5,_ZN2at6native29vectorized_elementwise_kernelILi4ENS0_11FillFunctorIiEESt5arrayIPcLm1EEEEviT0_T1_,gpu_min_INT_MULP,0.0
llm_layer,layer,5,_ZN2at6native29vectorized_elementwise_kernelILi4ENS0_11FillFunctorIiEESt5arrayIPcLm1EEEEviT0_T1_,gpu_min_INT_DIVP,0.0
llm_layer,layer,5,_ZN2at6native29vectorized_elementwise_kernelILi4ENS0_11FillFunctorIiEESt5arrayIPcLm1EEEEviT0_T1_,gpu_min_FP_MULP,0.0
llm_layer,layer,5,_ZN2at6native29vectorized_elementwise_kernelILi4ENS0_11FillFunctorIiEESt5arrayIPcLm1EEEEviT0_T1_,gpu_min_FP_DIVP,0.0
llm_layer,layer,5,_ZN2at6native29vectorized_elementwise_kernelILi4ENS0_11FillFunctorIiEESt5arrayIPcLm1EEEEviT0_T1_,gpu_min_FP_SQRTP,0.0
llm_layer,layer,5,_ZN2at6native29vectorized_elementwise_kernelILi4ENS0_11FillFunctorIiEESt5arrayIPcLm1EEEEviT0_T1_,gpu_min_FP_LGP,0.0
llm_layer,layer,5,_ZN2at6native29vectorized_elementwise_kernelILi4ENS0_11FillFunctorIiEESt5arrayIPcLm1EEEEviT0_T1_,gpu_min_FP_SINP,0.0
llm_layer,layer,5,_ZN2at6native29vectorized_elementwise_kernelILi4ENS0_11FillFunctorIiEESt5arrayIPcLm1EEEEviT0_T1_,gpu_min_FP_EXP,0.0
llm_layer,layer,5,_ZN2at6native29vectorized_elementwise_kernelILi4ENS0_11FillFunctorIiEESt5arrayIPcLm1EEEEviT0_T1_,gpu_min_DP_MULP,0.0
llm_layer,layer,5,_ZN2at6native29vectorized_elementwise_kernelILi4ENS0_11FillFunctorIiEESt5arrayIPcLm1EEEEviT0_T1_,gpu_min_DP_DIVP,0.0
llm_layer,layer,5,_ZN2at6native29vectorized_elementwise_kernelILi4ENS0_11FillFunctorIiEESt5arrayIPcLm1EEEEviT0_T1_,gpu_min_TENSORP,0.0
llm_layer,layer,5,_ZN2at6native29vectorized_elementwise_kernelILi4ENS0_11FillFunctorIiEESt5arrayIPcLm1EEEEviT0_T1_,gpu_min_TEXP,0.0
llm_layer,layer,5,_ZN2at6native29vectorized_elementwise_kernelILi4ENS0_11FillFunctorIiEESt5arrayIPcLm1EEEEviT0_T1_,gpu_min_SCHEDP,0.0
llm_layer,layer,5,_ZN2at6native29vectorized_elementwise_kernelILi4ENS0_11FillFunctorIiEESt5arrayIPcLm1EEEEviT0_T1_,gpu_min_L2CP,0.0
llm_layer,layer,5,_ZN2at6native29vectorized_elementwise_kernelILi4ENS0_11FillFunctorIiEESt5arrayIPcLm1EEEEviT0_T1_,gpu_min_MCP,0.55022
llm_layer,layer,5,_ZN2at6native29vectorized_elementwise_kernelILi4ENS0_11FillFunctorIiEESt5arrayIPcLm1EEEEviT0_T1_,gpu_min_NOCP,0.0
llm_layer,layer,5,_ZN2at6native29vectorized_elementwise_kernelILi4ENS0_11FillFunctorIiEESt5arrayIPcLm1EEEEviT0_T1_,gpu_min_DRAMP,0.0
llm_layer,layer,5,_ZN2at6native29vectorized_elementwise_kernelILi4ENS0_11FillFunctorIiEESt5arrayIPcLm1EEEEviT0_T1_,gpu_min_PIPEP,0.0
llm_layer,layer,5,_ZN2at6native29vectorized_elementwise_kernelILi4ENS0_11FillFunctorIiEESt5arrayIPcLm1EEEEviT0_T1_,gpu_min_IDLE_COREP,37.3285
llm_layer,layer,5,_ZN2at6native29vectorized_elementwise_kernelILi4ENS0_11FillFunctorIiEESt5arrayIPcLm1EEEEviT0_T1_,gpu_min_CONSTP,32.3252
llm_layer,layer,5,_ZN2at6native29vectorized_elementwise_kernelILi4ENS0_11FillFunctorIiEESt5arrayIPcLm1EEEEviT0_T1_,gpu_min_STATICP,0.0
llm_layer,layer,5,_ZN2at6native29vectorized_elementwise_kernelILi4ENS0_11FillFunctorIiEESt5arrayIPcLm1EEEEviT0_T1_,gpu_min_TOT_INST,0.0
llm_layer,layer,5,_ZN2at6native29vectorized_elementwise_kernelILi4ENS0_11FillFunctorIiEESt5arrayIPcLm1EEEEviT0_T1_,gpu_min_FP_INT,0.0
llm_layer,layer,5,_ZN2at6native29vectorized_elementwise_kernelILi4ENS0_11FillFunctorIiEESt5arrayIPcLm1EEEEviT0_T1_,gpu_min_IC_H,0.0
llm_layer,layer,5,_ZN2at6native29vectorized_elementwise_kernelILi4ENS0_11FillFunctorIiEESt5arrayIPcLm1EEEEviT0_T1_,gpu_min_IC_M,0.0
llm_layer,layer,5,_ZN2at6native29vectorized_elementwise_kernelILi4ENS0_11FillFunctorIiEESt5arrayIPcLm1EEEEviT0_T1_,gpu_min_DC_RH,0.0
llm_layer,layer,5,_ZN2at6native29vectorized_elementwise_kernelILi4ENS0_11FillFunctorIiEESt5arrayIPcLm1EEEEviT0_T1_,gpu_min_DC_RM,0.0
llm_layer,layer,5,_ZN2at6native29vectorized_elementwise_kernelILi4ENS0_11FillFunctorIiEESt5arrayIPcLm1EEEEviT0_T1_,gpu_min_DC_WH,0.0
llm_layer,layer,5,_ZN2at6native29vectorized_elementwise_kernelILi4ENS0_11FillFunctorIiEESt5arrayIPcLm1EEEEviT0_T1_,gpu_min_DC_WM,0.0
llm_layer,layer,5,_ZN2at6native29vectorized_elementwise_kernelILi4ENS0_11FillFunctorIiEESt5arrayIPcLm1EEEEviT0_T1_,gpu_min_TC_H,0.0
llm_layer,layer,5,_ZN2at6native29vectorized_elementwise_kernelILi4ENS0_11FillFunctorIiEESt5arrayIPcLm1EEEEviT0_T1_,gpu_min_TC_M,0.0
llm_layer,layer,5,_ZN2at6native29vectorized_elementwise_kernelILi4ENS0_11FillFunctorIiEESt5arrayIPcLm1EEEEviT0_T1_,gpu_min_CC_H,0.0
llm_layer,layer,5,_ZN2at6native29vectorized_elementwise_kernelILi4ENS0_11FillFunctorIiEESt5arrayIPcLm1EEEEviT0_T1_,gpu_min_CC_M,0.0
llm_layer,layer,5,_ZN2at6native29vectorized_elementwise_kernelILi4ENS0_11FillFunctorIiEESt5arrayIPcLm1EEEEviT0_T1_,gpu_min_SHRD_ACC,0.0
llm_layer,layer,5,_ZN2at6native29vectorized_elementwise_kernelILi4ENS0_11FillFunctorIiEESt5arrayIPcLm1EEEEviT0_T1_,gpu_min_REG_RD,0.0
llm_layer,layer,5,_ZN2at6native29vectorized_elementwise_kernelILi4ENS0_11FillFunctorIiEESt5arrayIPcLm1EEEEviT0_T1_,gpu_min_REG_WR,0.0
llm_layer,layer,5,_ZN2at6native29vectorized_elementwise_kernelILi4ENS0_11FillFunctorIiEESt5arrayIPcLm1EEEEviT0_T1_,gpu_min_NON_REG_OPs,0.0
llm_layer,layer,5,_ZN2at6native29vectorized_elementwise_kernelILi4ENS0_11FillFunctorIiEESt5arrayIPcLm1EEEEviT0_T1_,gpu_min_INT_ACC,0.0
llm_layer,layer,5,_ZN2at6native29vectorized_elementwise_kernelILi4ENS0_11FillFunctorIiEESt5arrayIPcLm1EEEEviT0_T1_,gpu_min_FPU_ACC,0.0
llm_layer,layer,5,_ZN2at6native29vectorized_elementwise_kernelILi4ENS0_11FillFunctorIiEESt5arrayIPcLm1EEEEviT0_T1_,gpu_min_DPU_ACC,0.0
llm_layer,layer,5,_ZN2at6native29vectorized_elementwise_kernelILi4ENS0_11FillFunctorIiEESt5arrayIPcLm1EEEEviT0_T1_,gpu_min_INT_MUL24_ACC,0.0
llm_layer,layer,5,_ZN2at6native29vectorized_elementwise_kernelILi4ENS0_11FillFunctorIiEESt5arrayIPcLm1EEEEviT0_T1_,gpu_min_INT_MUL32_ACC,0.0
llm_layer,layer,5,_ZN2at6native29vectorized_elementwise_kernelILi4ENS0_11FillFunctorIiEESt5arrayIPcLm1EEEEviT0_T1_,gpu_min_INT_MUL_ACC,0.0
llm_layer,layer,5,_ZN2at6native29vectorized_elementwise_kernelILi4ENS0_11FillFunctorIiEESt5arrayIPcLm1EEEEviT0_T1_,gpu_min_INT_DIV_ACC,0.0
llm_layer,layer,5,_ZN2at6native29vectorized_elementwise_kernelILi4ENS0_11FillFunctorIiEESt5arrayIPcLm1EEEEviT0_T1_,gpu_min_FP_MUL_ACC,0.0
llm_layer,layer,5,_ZN2at6native29vectorized_elementwise_kernelILi4ENS0_11FillFunctorIiEESt5arrayIPcLm1EEEEviT0_T1_,gpu_min_FP_DIV_ACC,0.0
llm_layer,layer,5,_ZN2at6native29vectorized_elementwise_kernelILi4ENS0_11FillFunctorIiEESt5arrayIPcLm1EEEEviT0_T1_,gpu_min_FP_SQRT_ACC,0.0
llm_layer,layer,5,_ZN2at6native29vectorized_elementwise_kernelILi4ENS0_11FillFunctorIiEESt5arrayIPcLm1EEEEviT0_T1_,gpu_min_FP_LG_ACC,0.0
llm_layer,layer,5,_ZN2at6native29vectorized_elementwise_kernelILi4ENS0_11FillFunctorIiEESt5arrayIPcLm1EEEEviT0_T1_,gpu_min_FP_SIN_ACC,0.0
llm_layer,layer,5,_ZN2at6native29vectorized_elementwise_kernelILi4ENS0_11FillFunctorIiEESt5arrayIPcLm1EEEEviT0_T1_,gpu_min_FP_EXP_ACC,0.0
llm_layer,layer,5,_ZN2at6native29vectorized_elementwise_kernelILi4ENS0_11FillFunctorIiEESt5arrayIPcLm1EEEEviT0_T1_,gpu_min_DP_MUL_ACC,0.0
llm_layer,layer,5,_ZN2at6native29vectorized_elementwise_kernelILi4ENS0_11FillFunctorIiEESt5arrayIPcLm1EEEEviT0_T1_,gpu_min_DP_DIV_ACC,0.0
llm_layer,layer,5,_ZN2at6native29vectorized_elementwise_kernelILi4ENS0_11FillFunctorIiEESt5arrayIPcLm1EEEEviT0_T1_,gpu_min_TENSOR_ACC,0.0
llm_layer,layer,5,_ZN2at6native29vectorized_elementwise_kernelILi4ENS0_11FillFunctorIiEESt5arrayIPcLm1EEEEviT0_T1_,gpu_min_TEX_ACC,0.0
llm_layer,layer,5,_ZN2at6native29vectorized_elementwise_kernelILi4ENS0_11FillFunctorIiEESt5arrayIPcLm1EEEEviT0_T1_,gpu_min_MEM_RD,0.0
llm_layer,layer,5,_ZN2at6native29vectorized_elementwise_kernelILi4ENS0_11FillFunctorIiEESt5arrayIPcLm1EEEEviT0_T1_,gpu_min_MEM_WR,0.0
llm_layer,layer,5,_ZN2at6native29vectorized_elementwise_kernelILi4ENS0_11FillFunctorIiEESt5arrayIPcLm1EEEEviT0_T1_,gpu_min_MEM_PRE,0.0
llm_layer,layer,5,_ZN2at6native29vectorized_elementwise_kernelILi4ENS0_11FillFunctorIiEESt5arrayIPcLm1EEEEviT0_T1_,gpu_min_L2_RH,0.0
llm_layer,layer,5,_ZN2at6native29vectorized_elementwise_kernelILi4ENS0_11FillFunctorIiEESt5arrayIPcLm1EEEEviT0_T1_,gpu_min_L2_RM,0.0
llm_layer,layer,5,_ZN2at6native29vectorized_elementwise_kernelILi4ENS0_11FillFunctorIiEESt5arrayIPcLm1EEEEviT0_T1_,gpu_min_L2_WH,0.0
llm_layer,layer,5,_ZN2at6native29vectorized_elementwise_kernelILi4ENS0_11FillFunctorIiEESt5arrayIPcLm1EEEEviT0_T1_,gpu_min_L2_WM,0.0
llm_layer,layer,5,_ZN2at6native29vectorized_elementwise_kernelILi4ENS0_11FillFunctorIiEESt5arrayIPcLm1EEEEviT0_T1_,gpu_min_NOC_A,0.0
llm_layer,layer,5,_ZN2at6native29vectorized_elementwise_kernelILi4ENS0_11FillFunctorIiEESt5arrayIPcLm1EEEEviT0_T1_,gpu_min_PIPE_A,0.0
llm_layer,layer,5,_ZN2at6native29vectorized_elementwise_kernelILi4ENS0_11FillFunctorIiEESt5arrayIPcLm1EEEEviT0_T1_,gpu_min_IDLE_CORE_N,132.0
llm_layer,layer,5,_ZN2at6native29vectorized_elementwise_kernelILi4ENS0_11FillFunctorIiEESt5arrayIPcLm1EEEEviT0_T1_,gpu_min_constant_power,0.0
llm_layer,layer,5,_ZN2at6native29vectorized_elementwise_kernelILi4ENS0_11FillFunctorIiEESt5arrayIPcLm1EEEEviT0_T1_,gpu_tot_avg_power,74.6711
llm_layer,layer,5,_ZN2at6native29vectorized_elementwise_kernelILi4ENS0_11FillFunctorIiEESt5arrayIPcLm1EEEEviT0_T1_,gpu_tot_max_power,129.93
llm_layer,layer,5,_ZN2at6native29vectorized_elementwise_kernelILi4ENS0_11FillFunctorIiEESt5arrayIPcLm1EEEEviT0_T1_,gpu_tot_min_power,58.0819
llm_layer,layer,6,nvjet_sm90_tst_64x8_64x16_4x2_h_bz_TNT,kernel_launch_uid,7.0
llm_layer,layer,6,nvjet_sm90_tst_64x8_64x16_4x2_h_bz_TNT,kernel_avg_power,81.4043
llm_layer,layer,6,nvjet_sm90_tst_64x8_64x16_4x2_h_bz_TNT,gpu_avg_IBP,0.270752
llm_layer,layer,6,nvjet_sm90_tst_64x8_64x16_4x2_h_bz_TNT,gpu_avg_ICP,0.0
llm_layer,layer,6,nvjet_sm90_tst_64x8_64x16_4x2_h_bz_TNT,gpu_avg_DCP,0.0
llm_layer,layer,6,nvjet_sm90_tst_64x8_64x16_4x2_h_bz_TNT,gpu_avg_TCP,0.0
llm_layer,layer,6,nvjet_sm90_tst_64x8_64x16_4x2_h_bz_TNT,gpu_avg_CCP,0.00194183
llm_layer,layer,6,nvjet_sm90_tst_64x8_64x16_4x2_h_bz_TNT,gpu_avg_SHRDP,0.246008
llm_layer,layer,6,nvjet_sm90_tst_64x8_64x16_4x2_h_bz_TNT,gpu_avg_RFP,0.0
llm_layer,layer,6,nvjet_sm90_tst_64x8_64x16_4x2_h_bz_TNT,gpu_avg_INTP,5.22051
llm_layer,layer,6,nvjet_sm90_tst_64x8_64x16_4x2_h_bz_TNT,gpu_avg_FPUP,0.0219993
llm_layer,layer,6,nvjet_sm90_tst_64x8_64x16_4x2_h_bz_TNT,gpu_avg_DPUP,0.0
llm_layer,layer,6,nvjet_sm90_tst_64x8_64x16_4x2_h_bz_TNT,gpu_avg_INT_MUL24P,0.0
llm_layer,layer,6,nvjet_sm90_tst_64x8_64x16_4x2_h_bz_TNT,gpu_avg_INT_MUL32P,0.0
llm_layer,layer,6,nvjet_sm90_tst_64x8_64x16_4x2_h_bz_TNT,gpu_avg_INT_MULP,0.461711
llm_layer,layer,6,nvjet_sm90_tst_64x8_64x16_4x2_h_bz_TNT,gpu_avg_INT_DIVP,0.0
llm_layer,layer,6,nvjet_sm90_tst_64x8_64x16_4x2_h_bz_TNT,gpu_avg_FP_MULP,0.0
llm_layer,layer,6,nvjet_sm90_tst_64x8_64x16_4x2_h_bz_TNT,gpu_avg_FP_DIVP,0.0
llm_layer,layer,6,nvjet_sm90_tst_64x8_64x16_4x2_h_bz_TNT,gpu_avg_FP_SQRTP,0.0
llm_layer,layer,6,nvjet_sm90_tst_64x8_64x16_4x2_h_bz_TNT,gpu_avg_FP_LGP,0.0
llm_layer,layer,6,nvjet_sm90_tst_64x8_64x16_4x2_h_bz_TNT,gpu_avg_FP_SINP,0.0
llm_layer,layer,6,nvjet_sm90_tst_64x8_64x16_4x2_h_bz_TNT,gpu_avg_FP_EXP,0.0
llm_layer,layer,6,nvjet_sm90_tst_64x8_64x16_4x2_h_bz_TNT,gpu_avg_DP_MULP,0.0
llm_layer,layer,6,nvjet_sm90_tst_64x8_64x16_4x2_h_bz_TNT,gpu_avg_DP_DIVP,0.0
llm_layer,layer,6,nvjet_sm90_tst_64x8_64x16_4x2_h_bz_TNT,gpu_avg_TENSORP,0.0
llm_layer,layer,6,nvjet_sm90_tst_64x8_64x16_4x2_h_bz_TNT,gpu_avg_TEXP,0.0
llm_layer,layer,6,nvjet_sm90_tst_64x8_64x16_4x2_h_bz_TNT,gpu_avg_SCHEDP,0.779012
llm_layer,layer,6,nvjet_sm90_tst_64x8_64x16_4x2_h_bz_TNT,gpu_avg_L2CP,0.0822633
llm_layer,layer,6,nvjet_sm90_tst_64x8_64x16_4x2_h_bz_TNT,gpu_avg_MCP,0.550429
llm_layer,layer,6,nvjet_sm90_tst_64x8_64x16_4x2_h_bz_TNT,gpu_avg_NOCP,4.12429
llm_layer,layer,6,nvjet_sm90_tst_64x8_64x16_4x2_h_bz_TNT,gpu_avg_DRAMP,0.0
llm_layer,layer,6,nvjet_sm90_tst_64x8_64x16_4x2_h_bz_TNT,gpu_avg_PIPEP,0.625951
llm_layer,layer,6,nvjet_sm90_tst_64x8_64x16_4x2_h_bz_TNT,gpu_avg_IDLE_COREP,32.7607
llm_layer,layer,6,nvjet_sm90_tst_64x8_64x16_4x2_h_bz_TNT,gpu_avg_CONSTP,32.3252
llm_layer,layer,6,nvjet_sm90_tst_64x8_64x16_4x2_h_bz_TNT,gpu_avg_STATICP,3.93355
llm_layer,layer,6,nvjet_sm90_tst_64x8_64x16_4x2_h_bz_TNT,gpu_avg_TOT_INST,11631.1
llm_layer,layer,6,nvjet_sm90_tst_64x8_64x16_4x2_h_bz_TNT,gpu_avg_FP_INT,11364.2
llm_layer,layer,6,nvjet_sm90_tst_64x8_64x16_4x2_h_bz_TNT,gpu_avg_IC_H,0.0
llm_layer,layer,6,nvjet_sm90_tst_64x8_64x16_4x2_h_bz_TNT,gpu_avg_IC_M,0.0
llm_layer,layer,6,nvjet_sm90_tst_64x8_64x16_4x2_h_bz_TNT,gpu_avg_DC_RH,0.0
llm_layer,layer,6,nvjet_sm90_tst_64x8_64x16_4x2_h_bz_TNT,gpu_avg_DC_RM,0.0
llm_layer,layer,6,nvjet_sm90_tst_64x8_64x16_4x2_h_bz_TNT,gpu_avg_DC_WH,0.0
llm_layer,layer,6,nvjet_sm90_tst_64x8_64x16_4x2_h_bz_TNT,gpu_avg_DC_WM,0.0
llm_layer,layer,6,nvjet_sm90_tst_64x8_64x16_4x2_h_bz_TNT,gpu_avg_TC_H,0.0
llm_layer,layer,6,nvjet_sm90_tst_64x8_64x16_4x2_h_bz_TNT,gpu_avg_TC_M,0.0
llm_layer,layer,6,nvjet_sm90_tst_64x8_64x16_4x2_h_bz_TNT,gpu_avg_CC_H,88.9231
llm_layer,layer,6,nvjet_sm90_tst_64x8_64x16_4x2_h_bz_TNT,gpu_avg_CC_M,0.0
llm_layer,layer,6,nvjet_sm90_tst_64x8_64x16_4x2_h_bz_TNT,gpu_avg_SHRD_ACC,551.692
llm_layer,layer,6,nvjet_sm90_tst_64x8_64x16_4x2_h_bz_TNT,gpu_avg_REG_RD,0.0
llm_layer,layer,6,nvjet_sm90_tst_64x8_64x16_4x2_h_bz_TNT,gpu_avg_REG_WR,0.0
llm_layer,layer,6,nvjet_sm90_tst_64x8_64x16_4x2_h_bz_TNT,gpu_avg_NON_REG_OPs,0.0
llm_layer,layer,6,nvjet_sm90_tst_64x8_64x16_4x2_h_bz_TNT,gpu_avg_INT_ACC,2854280.0
llm_layer,layer,6,nvjet_sm90_tst_64x8_64x16_4x2_h_bz_TNT,gpu_avg_FPU_ACC,294.66
llm_layer,layer,6,nvjet_sm90_tst_64x8_64x16_4x2_h_bz_TNT,gpu_avg_DPU_ACC,0.0
llm_layer,layer,6,nvjet_sm90_tst_64x8_64x16_4x2_h_bz_TNT,gpu_avg_INT_MUL24_ACC,0.0
llm_layer,layer,6,nvjet_sm90_tst_64x8_64x16_4x2_h_bz_TNT,gpu_avg_INT_MUL32_ACC,0.0
llm_layer,layer,6,nvjet_sm90_tst_64x8_64x16_4x2_h_bz_TNT,gpu_avg_INT_MUL_ACC,3014.79
llm_layer,layer,6,nvjet_sm90_tst_64x8_64x16_4x2_h_bz_TNT,gpu_avg_INT_DIV_ACC,0.0
llm_layer,layer,6,nvjet_sm90_tst_64x8_64x16_4x2_h_bz_TNT,gpu_avg_FP_MUL_ACC,0.0
llm_layer,layer,6,nvjet_sm90_tst_64x8_64x16_4x2_h_bz_TNT,gpu_avg_FP_DIV_ACC,0.0
llm_layer,layer,6,nvjet_sm90_tst_64x8_64x16_4x2_h_bz_TNT,gpu_avg_FP_SQRT_ACC,0.0
llm_layer,layer,6,nvjet_sm90_tst_64x8_64x16_4x2_h_bz_TNT,gpu_avg_FP_LG_ACC,0.0
llm_layer,layer,6,nvjet_sm90_tst_64x8_64x16_4x2_h_bz_TNT,gpu_avg_FP_SIN_ACC,0.0
llm_layer,layer,6,nvjet_sm90_tst_64x8_64x16_4x2_h_bz_TNT,gpu_avg_FP_EXP_ACC,0.0
llm_layer,layer,6,nvjet_sm90_tst_64x8_64x16_4x2_h_bz_TNT,gpu_avg_DP_MUL_ACC,0.0
llm_layer,layer,6,nvjet_sm90_tst_64x8_64x16_4x2_h_bz_TNT,gpu_avg_DP_DIV_ACC,0.0
llm_layer,layer,6,nvjet_sm90_tst_64x8_64x16_4x2_h_bz_TNT,gpu_avg_TENSOR_ACC,0.0
llm_layer,layer,6,nvjet_sm90_tst_64x8_64x16_4x2_h_bz_TNT,gpu_avg_TEX_ACC,0.0
llm_layer,layer,6,nvjet_sm90_tst_64x8_64x16_4x2_h_bz_TNT,gpu_avg_MEM_RD,0.0
llm_layer,layer,6,nvjet_sm90_tst_64x8_64x16_4x2_h_bz_TNT,gpu_avg_MEM_WR,0.0
llm_layer,layer,6,nvjet_sm90_tst_64x8_64x16_4x2_h_bz_TNT,gpu_avg_MEM_PRE,0.0
llm_layer,layer,6,nvjet_sm90_tst_64x8_64x16_4x2_h_bz_TNT,gpu_avg_L2_RH,50.2308
llm_layer,layer,6,nvjet_sm90_tst_64x8_64x16_4x2_h_bz_TNT,gpu_avg_L2_RM,3859.69
llm_layer,layer,6,nvjet_sm90_tst_64x8_64x16_4x2_h_bz_TNT,gpu_avg_L2_WH,0.0769231
llm_layer,layer,6,nvjet_sm90_tst_64x8_64x16_4x2_h_bz_TNT,gpu_avg_L2_WM,0.0
llm_layer,layer,6,nvjet_sm90_tst_64x8_64x16_4x2_h_bz_TNT,gpu_avg_NOC_A,12096.1
llm_layer,layer,6,nvjet_sm90_tst_64x8_64x16_4x2_h_bz_TNT,gpu_avg_PIPE_A,0.019146
llm_layer,layer,6,nvjet_sm90_tst_64x8_64x16_4x2_h_bz_TNT,gpu_avg_IDLE_CORE_N,115.847
llm_layer,layer,6,nvjet_sm90_tst_64x8_64x16_4x2_h_bz_TNT,gpu_avg_constant_power,0.0
llm_layer,layer,6,nvjet_sm90_tst_64x8_64x16_4x2_h_bz_TNT,gpu_avg_threads_per_warp,14.9404
llm_layer,layer,6,nvjet_sm90_tst_64x8_64x16_4x2_h_bz_TNT,gpu_tot_TOT_INST,151204.0
llm_layer,layer,6,nvjet_sm90_tst_64x8_64x16_4x2_h_bz_TNT,gpu_tot_FP_INT,147734.0
llm_layer,layer,6,nvjet_sm90_tst_64x8_64x16_4x2_h_bz_TNT,gpu_tot_IC_H,0.0
llm_layer,layer,6,nvjet_sm90_tst_64x8_64x16_4x2_h_bz_TNT,gpu_tot_IC_M,0.0
llm_layer,layer,6,nvjet_sm90_tst_64x8_64x16_4x2_h_bz_TNT,gpu_tot_DC_RH,0.0
llm_layer,layer,6,nvjet_sm90_tst_64x8_64x16_4x2_h_bz_TNT,gpu_tot_DC_RM,0.0
llm_layer,layer,6,nvjet_sm90_tst_64x8_64x16_4x2_h_bz_TNT,gpu_tot_DC_WH,0.0
llm_layer,layer,6,nvjet_sm90_tst_64x8_64x16_4x2_h_bz_TNT,gpu_tot_DC_WM,0.0
llm_layer,layer,6,nvjet_sm90_tst_64x8_64x16_4x2_h_bz_TNT,gpu_tot_TC_H,0.0
llm_layer,layer,6,nvjet_sm90_tst_64x8_64x16_4x2_h_bz_TNT,gpu_tot_TC_M,0.0
llm_layer,layer,6,nvjet_sm90_tst_64x8_64x16_4x2_h_bz_TNT,gpu_tot_CC_H,1156.0
llm_layer,layer,6,nvjet_sm90_tst_64x8_64x16_4x2_h_bz_TNT,gpu_tot_CC_M,0.0
llm_layer,layer,6,nvjet_sm90_tst_64x8_64x16_4x2_h_bz_TNT,gpu_tot_SHRD_ACC,7172.0
llm_layer,layer,6,nvjet_sm90_tst_64x8_64x16_4x2_h_bz_TNT,gpu_tot_REG_RD,0.0
llm_layer,layer,6,nvjet_sm90_tst_64x8_64x16_4x2_h_bz_TNT,gpu_tot_REG_WR,0.0
llm_layer,layer,6,nvjet_sm90_tst_64x8_64x16_4x2_h_bz_TNT,gpu_tot_NON_REG_OPs,0.0
llm_layer,layer,6,nvjet_sm90_tst_64x8_64x16_4x2_h_bz_TNT,gpu_tot_INT_ACC,37105700.0
llm_layer,layer,6,nvjet_sm90_tst_64x8_64x16_4x2_h_bz_TNT,gpu_tot_FPU_ACC,3830.58
llm_layer,layer,6,nvjet_sm90_tst_64x8_64x16_4x2_h_bz_TNT,gpu_tot_DPU_ACC,0.0
llm_layer,layer,6,nvjet_sm90_tst_64x8_64x16_4x2_h_bz_TNT,gpu_tot_INT_MUL24_ACC,0.0
llm_layer,layer,6,nvjet_sm90_tst_64x8_64x16_4x2_h_bz_TNT,gpu_tot_INT_MUL32_ACC,0.0
llm_layer,layer,6,nvjet_sm90_tst_64x8_64x16_4x2_h_bz_TNT,gpu_tot_INT_MUL_ACC,39192.3
llm_layer,layer,6,nvjet_sm90_tst_64x8_64x16_4x2_h_bz_TNT,gpu_tot_INT_DIV_ACC,0.0
llm_layer,layer,6,nvjet_sm90_tst_64x8_64x16_4x2_h_bz_TNT,gpu_tot_FP_MUL_ACC,0.0
llm_layer,layer,6,nvjet_sm90_tst_64x8_64x16_4x2_h_bz_TNT,gpu_tot_FP_DIV_ACC,0.0
llm_layer,layer,6,nvjet_sm90_tst_64x8_64x16_4x2_h_bz_TNT,gpu_tot_FP_SQRT_ACC,0.0
llm_layer,layer,6,nvjet_sm90_tst_64x8_64x16_4x2_h_bz_TNT,gpu_tot_FP_LG_ACC,0.0
llm_layer,layer,6,nvjet_sm90_tst_64x8_64x16_4x2_h_bz_TNT,gpu_tot_FP_SIN_ACC,0.0
llm_layer,layer,6,nvjet_sm90_tst_64x8_64x16_4x2_h_bz_TNT,gpu_tot_FP_EXP_ACC,0.0
llm_layer,layer,6,nvjet_sm90_tst_64x8_64x16_4x2_h_bz_TNT,gpu_tot_DP_MUL_ACC,0.0
llm_layer,layer,6,nvjet_sm90_tst_64x8_64x16_4x2_h_bz_TNT,gpu_tot_DP_DIV_ACC,0.0
llm_layer,layer,6,nvjet_sm90_tst_64x8_64x16_4x2_h_bz_TNT,gpu_tot_TENSOR_ACC,0.0
llm_layer,layer,6,nvjet_sm90_tst_64x8_64x16_4x2_h_bz_TNT,gpu_tot_TEX_ACC,0.0
llm_layer,layer,6,nvjet_sm90_tst_64x8_64x16_4x2_h_bz_TNT,gpu_tot_MEM_RD,0.0
llm_layer,layer,6,nvjet_sm90_tst_64x8_64x16_4x2_h_bz_TNT,gpu_tot_MEM_WR,0.0
llm_layer,layer,6,nvjet_sm90_tst_64x8_64x16_4x2_h_bz_TNT,gpu_tot_MEM_PRE,0.0
llm_layer,layer,6,nvjet_sm90_tst_64x8_64x16_4x2_h_bz_TNT,gpu_tot_L2_RH,653.0
llm_layer,layer,6,nvjet_sm90_tst_64x8_64x16_4x2_h_bz_TNT,gpu_tot_L2_RM,50176.0
llm_layer,layer,6,nvjet_sm90_tst_64x8_64x16_4x2_h_bz_TNT,gpu_tot_L2_WH,1.0
llm_layer,layer,6,nvjet_sm90_tst_64x8_64x16_4x2_h_bz_TNT,gpu_tot_L2_WM,0.0
llm_layer,layer,6,nvjet_sm90_tst_64x8_64x16_4x2_h_bz_TNT,gpu_tot_NOC_A,157249.0
llm_layer,layer,6,nvjet_sm90_tst_64x8_64x16_4x2_h_bz_TNT,gpu_tot_PIPE_A,0.248899
llm_layer,layer,6,nvjet_sm90_tst_64x8_64x16_4x2_h_bz_TNT,gpu_tot_IDLE_CORE_N,1506.02
llm_layer,layer,6,nvjet_sm90_tst_64x8_64x16_4x2_h_bz_TNT,gpu_tot_constant_power,0.0
llm_layer,layer,6,nvjet_sm90_tst_64x8_64x16_4x2_h_bz_TNT,kernel_max_power,103.948
llm_layer,layer,6,nvjet_sm90_tst_64x8_64x16_4x2_h_bz_TNT,gpu_max_IBP,0.559075
llm_layer,layer,6,nvjet_sm90_tst_64x8_64x16_4x2_h_bz_TNT,gpu_max_ICP,0.0
llm_layer,layer,6,nvjet_sm90_tst_64x8_64x16_4x2_h_bz_TNT,gpu_max_DCP,0.0
llm_layer,layer,6,nvjet_sm90_tst_64x8_64x16_4x2_h_bz_TNT,gpu_max_TCP,0.0
llm_layer,layer,6,nvjet_sm90_tst_64x8_64x16_4x2_h_bz_TNT,gpu_max_CCP,0.0
llm_layer,layer,6,nvjet_sm90_tst_64x8_64x16_4x2_h_bz_TNT,gpu_max_SHRDP,0.630525
llm_layer,layer,6,nvjet_sm90_tst_64x8_64x16_4x2_h_bz_TNT,gpu_max_RFP,0.0
llm_layer,layer,6,nvjet_sm90_tst_64x8_64x16_4x2_h_bz_TNT,gpu_max_INTP,11.1183
llm_layer,layer,6,nvjet_sm90_tst_64x8_64x16_4x2_h_bz_TNT,gpu_max_FPUP,0.0
llm_layer,layer,6,nvjet_sm90_tst_64x8_64x16_4x2_h_bz_TNT,gpu_max_DPUP,0.0
llm_layer,layer,6,nvjet_sm90_tst_64x8_64x16_4x2_h_bz_TNT,gpu_max_INT_MUL24P,0.0
llm_layer,layer,6,nvjet_sm90_tst_64x8_64x16_4x2_h_bz_TNT,gpu_max_INT_MUL32P,0.0
llm_layer,layer,6,nvjet_sm90_tst_64x8_64x16_4x2_h_bz_TNT,gpu_max_INT_MULP,0.503431
llm_layer,layer,6,nvjet_sm90_tst_64x8_64x16_4x2_h_bz_TNT,gpu_max_INT_DIVP,0.0
llm_layer,layer,6,nvjet_sm90_tst_64x8_64x16_4x2_h_bz_TNT,gpu_max_FP_MULP,0.0
llm_layer,layer,6,nvjet_sm90_tst_64x8_64x16_4x2_h_bz_TNT,gpu_max_FP_DIVP,0.0
llm_layer,layer,6,nvjet_sm90_tst_64x8_64x16_4x2_h_bz_TNT,gpu_max_FP_SQRTP,0.0
llm_layer,layer,6,nvjet_sm90_tst_64x8_64x16_4x2_h_bz_TNT,gpu_max_FP_LGP,0.0
llm_layer,layer,6,nvjet_sm90_tst_64x8_64x16_4x2_h_bz_TNT,gpu_max_FP_SINP,0.0
llm_layer,layer,6,nvjet_sm90_tst_64x8_64x16_4x2_h_bz_TNT,gpu_max_FP_EXP,0.0
llm_layer,layer,6,nvjet_sm90_tst_64x8_64x16_4x2_h_bz_TNT,gpu_max_DP_MULP,0.0
llm_layer,layer,6,nvjet_sm90_tst_64x8_64x16_4x2_h_bz_TNT,gpu_max_DP_DIVP,0.0
llm_layer,layer,6,nvjet_sm90_tst_64x8_64x16_4x2_h_bz_TNT,gpu_max_TENSORP,0.0
llm_layer,layer,6,nvjet_sm90_tst_64x8_64x16_4x2_h_bz_TNT,gpu_max_TEXP,0.0
llm_layer,layer,6,nvjet_sm90_tst_64x8_64x16_4x2_h_bz_TNT,gpu_max_SCHEDP,1.6112
llm_layer,layer,6,nvjet_sm90_tst_64x8_64x16_4x2_h_bz_TNT,gpu_max_L2CP,0.400716
llm_layer,layer,6,nvjet_sm90_tst_64x8_64x16_4x2_h_bz_TNT,gpu_max_MCP,0.55022
llm_layer,layer,6,nvjet_sm90_tst_64x8_64x16_4x2_h_bz_TNT,gpu_max_NOCP,19.1327
llm_layer,layer,6,nvjet_sm90_tst_64x8_64x16_4x2_h_bz_TNT,gpu_max_DRAMP,0.0
llm_layer,layer,6,nvjet_sm90_tst_64x8_64x16_4x2_h_bz_TNT,gpu_max_PIPEP,1.29349
llm_layer,layer,6,nvjet_sm90_tst_64x8_64x16_4x2_h_bz_TNT,gpu_max_IDLE_COREP,28.2792
llm_layer,layer,6,nvjet_sm90_tst_64x8_64x16_4x2_h_bz_TNT,gpu_max_CONSTP,32.3252
llm_layer,layer,6,nvjet_sm90_tst_64x8_64x16_4x2_h_bz_TNT,gpu_max_STATICP,7.54392
llm_layer,layer,6,nvjet_sm90_tst_64x8_64x16_4x2_h_bz_TNT,gpu_max_TOT_INST,24017.0
llm_layer,layer,6,nvjet_sm90_tst_64x8_64x16_4x2_h_bz_TNT,gpu_max_FP_INT,23504.0
llm_layer,layer,6,nvjet_sm90_tst_64x8_64x16_4x2_h_bz_TNT,gpu_max_IC_H,0.0
llm_layer,layer,6,nvjet_sm90_tst_64x8_64x16_4x2_h_bz_TNT,gpu_max_IC_M,0.0
llm_layer,layer,6,nvjet_sm90_tst_64x8_64x16_4x2_h_bz_TNT,gpu_max_DC_RH,0.0
llm_layer,layer,6,nvjet_sm90_tst_64x8_64x16_4x2_h_bz_TNT,gpu_max_DC_RM,0.0
llm_layer,layer,6,nvjet_sm90_tst_64x8_64x16_4x2_h_bz_TNT,gpu_max_DC_WH,0.0
llm_layer,layer,6,nvjet_sm90_tst_64x8_64x16_4x2_h_bz_TNT,gpu_max_DC_WM,0.0
llm_layer,layer,6,nvjet_sm90_tst_64x8_64x16_4x2_h_bz_TNT,gpu_max_TC_H,0.0
llm_layer,layer,6,nvjet_sm90_tst_64x8_64x16_4x2_h_bz_TNT,gpu_max_TC_M,0.0
llm_layer,layer,6,nvjet_sm90_tst_64x8_64x16_4x2_h_bz_TNT,gpu_max_CC_H,0.0
llm_layer,layer,6,nvjet_sm90_tst_64x8_64x16_4x2_h_bz_TNT,gpu_max_CC_M,0.0
llm_layer,layer,6,nvjet_sm90_tst_64x8_64x16_4x2_h_bz_TNT,gpu_max_SHRD_ACC,1414.0
llm_layer,layer,6,nvjet_sm90_tst_64x8_64x16_4x2_h_bz_TNT,gpu_max_REG_RD,0.0
llm_layer,layer,6,nvjet_sm90_tst_64x8_64x16_4x2_h_bz_TNT,gpu_max_REG_WR,0.0
llm_layer,layer,6,nvjet_sm90_tst_64x8_64x16_4x2_h_bz_TNT,gpu_max_NON_REG_OPs,0.0
llm_layer,layer,6,nvjet_sm90_tst_64x8_64x16_4x2_h_bz_TNT,gpu_max_INT_ACC,6078850.0
llm_layer,layer,6,nvjet_sm90_tst_64x8_64x16_4x2_h_bz_TNT,gpu_max_FPU_ACC,0.0
llm_layer,layer,6,nvjet_sm90_tst_64x8_64x16_4x2_h_bz_TNT,gpu_max_DPU_ACC,0.0
llm_layer,layer,6,nvjet_sm90_tst_64x8_64x16_4x2_h_bz_TNT,gpu_max_INT_MUL24_ACC,0.0
llm_layer,layer,6,nvjet_sm90_tst_64x8_64x16_4x2_h_bz_TNT,gpu_max_INT_MUL32_ACC,0.0
llm_layer,layer,6,nvjet_sm90_tst_64x8_64x16_4x2_h_bz_TNT,gpu_max_INT_MUL_ACC,3287.2
llm_layer,layer,6,nvjet_sm90_tst_64x8_64x16_4x2_h_bz_TNT,gpu_max_INT_DIV_ACC,0.0
llm_layer,layer,6,nvjet_sm90_tst_64x8_64x16_4x2_h_bz_TNT,gpu_max_FP_MUL_ACC,0.0
llm_layer,layer,6,nvjet_sm90_tst_64x8_64x16_4x2_h_bz_TNT,gpu_max_FP_DIV_ACC,0.0
llm_layer,layer,6,nvjet_sm90_tst_64x8_64x16_4x2_h_bz_TNT,gpu_max_FP_SQRT_ACC,0.0
llm_layer,layer,6,nvjet_sm90_tst_64x8_64x16_4x2_h_bz_TNT,gpu_max_FP_LG_ACC,0.0
llm_layer,layer,6,nvjet_sm90_tst_64x8_64x16_4x2_h_bz_TNT,gpu_max_FP_SIN_ACC,0.0
llm_layer,layer,6,nvjet_sm90_tst_64x8_64x16_4x2_h_bz_TNT,gpu_max_FP_EXP_ACC,0.0
llm_layer,layer,6,nvjet_sm90_tst_64x8_64x16_4x2_h_bz_TNT,gpu_max_DP_MUL_ACC,0.0
llm_layer,layer,6,nvjet_sm90_tst_64x8_64x16_4x2_h_bz_TNT,gpu_max_DP_DIV_ACC,0.0
llm_layer,layer,6,nvjet_sm90_tst_64x8_64x16_4x2_h_bz_TNT,gpu_max_TENSOR_ACC,0.0
llm_layer,layer,6,nvjet_sm90_tst_64x8_64x16_4x2_h_bz_TNT,gpu_max_TEX_ACC,0.0
llm_layer,layer,6,nvjet_sm90_tst_64x8_64x16_4x2_h_bz_TNT,gpu_max_MEM_RD,0.0
llm_layer,layer,6,nvjet_sm90_tst_64x8_64x16_4x2_h_bz_TNT,gpu_max_MEM_WR,0.0
llm_layer,layer,6,nvjet_sm90_tst_64x8_64x16_4x2_h_bz_TNT,gpu_max_MEM_PRE,0.0
llm_layer,layer,6,nvjet_sm90_tst_64x8_64x16_4x2_h_bz_TNT,gpu_max_L2_RH,273.0
llm_layer,layer,6,nvjet_sm90_tst_64x8_64x16_4x2_h_bz_TNT,gpu_max_L2_RM,18389.0
llm_layer,layer,6,nvjet_sm90_tst_64x8_64x16_4x2_h_bz_TNT,gpu_max_L2_WH,0.0
llm_layer,layer,6,nvjet_sm90_tst_64x8_64x16_4x2_h_bz_TNT,gpu_max_L2_WM,0.0
llm_layer,layer,6,nvjet_sm90_tst_64x8_64x16_4x2_h_bz_TNT,gpu_max_NOC_A,56114.0
llm_layer,layer,6,nvjet_sm90_tst_64x8_64x16_4x2_h_bz_TNT,gpu_max_PIPE_A,0.039564
llm_layer,layer,6,nvjet_sm90_tst_64x8_64x16_4x2_h_bz_TNT,gpu_max_IDLE_CORE_N,100.0
llm_layer,layer,6,nvjet_sm90_tst_64x8_64x16_4x2_h_bz_TNT,gpu_max_constant_power,0.0
llm_layer,layer,6,nvjet_sm90_tst_64x8_64x16_4x2_h_bz_TNT,kernel_min_power,70.1968
llm_layer,layer,6,nvjet_sm90_tst_64x8_64x16_4x2_h_bz_TNT,gpu_min_IBP,0.0
llm_layer,layer,6,nvjet_sm90_tst_64x8_64x16_4x2_h_bz_TNT,gpu_min_ICP,0.0
llm_layer,layer,6,nvjet_sm90_tst_64x8_64x16_4x2_h_bz_TNT,gpu_min_DCP,0.0
llm_layer,layer,6,nvjet_sm90_tst_64x8_64x16_4x2_h_bz_TNT,gpu_min_TCP,0.0
llm_layer,layer,6,nvjet_sm90_tst_64x8_64x16_4x2_h_bz_TNT,gpu_min_CCP,0.0
llm_layer,layer,6,nvjet_sm90_tst_64x8_64x16_4x2_h_bz_TNT,gpu_min_SHRDP,0.0
llm_layer,layer,6,nvjet_sm90_tst_64x8_64x16_4x2_h_bz_TNT,gpu_min_RFP,0.0
llm_layer,layer,6,nvjet_sm90_tst_64x8_64x16_4x2_h_bz_TNT,gpu_min_INTP,0.0
llm_layer,layer,6,nvjet_sm90_tst_64x8_64x16_4x2_h_bz_TNT,gpu_min_FPUP,0.0
llm_layer,layer,6,nvjet_sm90_tst_64x8_64x16_4x2_h_bz_TNT,gpu_min_DPUP,0.0
llm_layer,layer,6,nvjet_sm90_tst_64x8_64x16_4x2_h_bz_TNT,gpu_min_INT_MUL24P,0.0
llm_layer,layer,6,nvjet_sm90_tst_64x8_64x16_4x2_h_bz_TNT,gpu_min_INT_MUL32P,0.0
llm_layer,layer,6,nvjet_sm90_tst_64x8_64x16_4x2_h_bz_TNT,gpu_min_INT_MULP,0.0
llm_layer,layer,6,nvjet_sm90_tst_64x8_64x16_4x2_h_bz_TNT,gpu_min_INT_DIVP,0.0
llm_layer,layer,6,nvjet_sm90_tst_64x8_64x16_4x2_h_bz_TNT,gpu_min_FP_MULP,0.0
llm_layer,layer,6,nvjet_sm90_tst_64x8_64x16_4x2_h_bz_TNT,gpu_min_FP_DIVP,0.0
llm_layer,layer,6,nvjet_sm90_tst_64x8_64x16_4x2_h_bz_TNT,gpu_min_FP_SQRTP,0.0
llm_layer,layer,6,nvjet_sm90_tst_64x8_64x16_4x2_h_bz_TNT,gpu_min_FP_LGP,0.0
llm_layer,layer,6,nvjet_sm90_tst_64x8_64x16_4x2_h_bz_TNT,gpu_min_FP_SINP,0.0
llm_layer,layer,6,nvjet_sm90_tst_64x8_64x16_4x2_h_bz_TNT,gpu_min_FP_EXP,0.0
llm_layer,layer,6,nvjet_sm90_tst_64x8_64x16_4x2_h_bz_TNT,gpu_min_DP_MULP,0.0
llm_layer,layer,6,nvjet_sm90_tst_64x8_64x16_4x2_h_bz_TNT,gpu_min_DP_DIVP,0.0
llm_layer,layer,6,nvjet_sm90_tst_64x8_64x16_4x2_h_bz_TNT,gpu_min_TENSORP,0.0
llm_layer,layer,6,nvjet_sm90_tst_64x8_64x16_4x2_h_bz_TNT,gpu_min_TEXP,0.0
llm_layer,layer,6,nvjet_sm90_tst_64x8_64x16_4x2_h_bz_TNT,gpu_min_SCHEDP,0.0
llm_layer,layer,6,nvjet_sm90_tst_64x8_64x16_4x2_h_bz_TNT,gpu_min_L2CP,0.00106817
llm_layer,layer,6,nvjet_sm90_tst_64x8_64x16_4x2_h_bz_TNT,gpu_min_MCP,0.55022
llm_layer,layer,6,nvjet_sm90_tst_64x8_64x16_4x2_h_bz_TNT,gpu_min_NOCP,0.000340961
llm_layer,layer,6,nvjet_sm90_tst_64x8_64x16_4x2_h_bz_TNT,gpu_min_DRAMP,0.0
llm_layer,layer,6,nvjet_sm90_tst_64x8_64x16_4x2_h_bz_TNT,gpu_min_PIPEP,0.0
llm_layer,layer,6,nvjet_sm90_tst_64x8_64x16_4x2_h_bz_TNT,gpu_min_IDLE_COREP,37.2018
llm_layer,layer,6,nvjet_sm90_tst_64x8_64x16_4x2_h_bz_TNT,gpu_min_CONSTP,32.3252
llm_layer,layer,6,nvjet_sm90_tst_64x8_64x16_4x2_h_bz_TNT,gpu_min_STATICP,0.118091
llm_layer,layer,6,nvjet_sm90_tst_64x8_64x16_4x2_h_bz_TNT,gpu_min_TOT_INST,0.0
llm_layer,layer,6,nvjet_sm90_tst_64x8_64x16_4x2_h_bz_TNT,gpu_min_FP_INT,0.0
llm_layer,layer,6,nvjet_sm90_tst_64x8_64x16_4x2_h_bz_TNT,gpu_min_IC_H,0.0
llm_layer,layer,6,nvjet_sm90_tst_64x8_64x16_4x2_h_bz_TNT,gpu_min_IC_M,0.0
llm_layer,layer,6,nvjet_sm90_tst_64x8_64x16_4x2_h_bz_TNT,gpu_min_DC_RH,0.0
llm_layer,layer,6,nvjet_sm90_tst_64x8_64x16_4x2_h_bz_TNT,gpu_min_DC_RM,0.0
llm_layer,layer,6,nvjet_sm90_tst_64x8_64x16_4x2_h_bz_TNT,gpu_min_DC_WH,0.0
llm_layer,layer,6,nvjet_sm90_tst_64x8_64x16_4x2_h_bz_TNT,gpu_min_DC_WM,0.0
llm_layer,layer,6,nvjet_sm90_tst_64x8_64x16_4x2_h_bz_TNT,gpu_min_TC_H,0.0
llm_layer,layer,6,nvjet_sm90_tst_64x8_64x16_4x2_h_bz_TNT,gpu_min_TC_M,0.0
llm_layer,layer,6,nvjet_sm90_tst_64x8_64x16_4x2_h_bz_TNT,gpu_min_CC_H,0.0
llm_layer,layer,6,nvjet_sm90_tst_64x8_64x16_4x2_h_bz_TNT,gpu_min_CC_M,0.0
llm_layer,layer,6,nvjet_sm90_tst_64x8_64x16_4x2_h_bz_TNT,gpu_min_SHRD_ACC,0.0
llm_layer,layer,6,nvjet_sm90_tst_64x8_64x16_4x2_h_bz_TNT,gpu_min_REG_RD,0.0
llm_layer,layer,6,nvjet_sm90_tst_64x8_64x16_4x2_h_bz_TNT,gpu_min_REG_WR,0.0
llm_layer,layer,6,nvjet_sm90_tst_64x8_64x16_4x2_h_bz_TNT,gpu_min_NON_REG_OPs,0.0
llm_layer,layer,6,nvjet_sm90_tst_64x8_64x16_4x2_h_bz_TNT,gpu_min_INT_ACC,0.0
llm_layer,layer,6,nvjet_sm90_tst_64x8_64x16_4x2_h_bz_TNT,gpu_min_FPU_ACC,0.0
llm_layer,layer,6,nvjet_sm90_tst_64x8_64x16_4x2_h_bz_TNT,gpu_min_DPU_ACC,0.0
llm_layer,layer,6,nvjet_sm90_tst_64x8_64x16_4x2_h_bz_TNT,gpu_min_INT_MUL24_ACC,0.0
llm_layer,layer,6,nvjet_sm90_tst_64x8_64x16_4x2_h_bz_TNT,gpu_min_INT_MUL32_ACC,0.0
llm_layer,layer,6,nvjet_sm90_tst_64x8_64x16_4x2_h_bz_TNT,gpu_min_INT_MUL_ACC,0.0
llm_layer,layer,6,nvjet_sm90_tst_64x8_64x16_4x2_h_bz_TNT,gpu_min_INT_DIV_ACC,0.0
llm_layer,layer,6,nvjet_sm90_tst_64x8_64x16_4x2_h_bz_TNT,gpu_min_FP_MUL_ACC,0.0
llm_layer,layer,6,nvjet_sm90_tst_64x8_64x16_4x2_h_bz_TNT,gpu_min_FP_DIV_ACC,0.0
llm_layer,layer,6,nvjet_sm90_tst_64x8_64x16_4x2_h_bz_TNT,gpu_min_FP_SQRT_ACC,0.0
llm_layer,layer,6,nvjet_sm90_tst_64x8_64x16_4x2_h_bz_TNT,gpu_min_FP_LG_ACC,0.0
llm_layer,layer,6,nvjet_sm90_tst_64x8_64x16_4x2_h_bz_TNT,gpu_min_FP_SIN_ACC,0.0
llm_layer,layer,6,nvjet_sm90_tst_64x8_64x16_4x2_h_bz_TNT,gpu_min_FP_EXP_ACC,0.0
llm_layer,layer,6,nvjet_sm90_tst_64x8_64x16_4x2_h_bz_TNT,gpu_min_DP_MUL_ACC,0.0
llm_layer,layer,6,nvjet_sm90_tst_64x8_64x16_4x2_h_bz_TNT,gpu_min_DP_DIV_ACC,0.0
llm_layer,layer,6,nvjet_sm90_tst_64x8_64x16_4x2_h_bz_TNT,gpu_min_TENSOR_ACC,0.0
llm_layer,layer,6,nvjet_sm90_tst_64x8_64x16_4x2_h_bz_TNT,gpu_min_TEX_ACC,0.0
llm_layer,layer,6,nvjet_sm90_tst_64x8_64x16_4x2_h_bz_TNT,gpu_min_MEM_RD,0.0
llm_layer,layer,6,nvjet_sm90_tst_64x8_64x16_4x2_h_bz_TNT,gpu_min_MEM_WR,0.0
llm_layer,layer,6,nvjet_sm90_tst_64x8_64x16_4x2_h_bz_TNT,gpu_min_MEM_PRE,0.0
llm_layer,layer,6,nvjet_sm90_tst_64x8_64x16_4x2_h_bz_TNT,gpu_min_L2_RH,0.0
llm_layer,layer,6,nvjet_sm90_tst_64x8_64x16_4x2_h_bz_TNT,gpu_min_L2_RM,0.0
llm_layer,layer,6,nvjet_sm90_tst_64x8_64x16_4x2_h_bz_TNT,gpu_min_L2_WH,1.0
llm_layer,layer,6,nvjet_sm90_tst_64x8_64x16_4x2_h_bz_TNT,gpu_min_L2_WM,0.0
llm_layer,layer,6,nvjet_sm90_tst_64x8_64x16_4x2_h_bz_TNT,gpu_min_NOC_A,1.0
llm_layer,layer,6,nvjet_sm90_tst_64x8_64x16_4x2_h_bz_TNT,gpu_min_PIPE_A,0.0
llm_layer,layer,6,nvjet_sm90_tst_64x8_64x16_4x2_h_bz_TNT,gpu_min_IDLE_CORE_N,131.552
llm_layer,layer,6,nvjet_sm90_tst_64x8_64x16_4x2_h_bz_TNT,gpu_min_constant_power,0.0
llm_layer,layer,6,nvjet_sm90_tst_64x8_64x16_4x2_h_bz_TNT,gpu_tot_avg_power,75.5829
llm_layer,layer,6,nvjet_sm90_tst_64x8_64x16_4x2_h_bz_TNT,gpu_tot_max_power,129.93
llm_layer,layer,6,nvjet_sm90_tst_64x8_64x16_4x2_h_bz_TNT,gpu_tot_min_power,58.0819
llm_layer,layer,7,_ZN4vllm25fused_add_rms_norm_kernelIN3c108BFloat16ELi8ELb1EEENSt9enable_ifIXaagtT0_Li0Esr4vllm12_typeConvertIT_EE6existsEvE4typeEPS4_lS7_PKS4_fiil,kernel_launch_uid,8.0
llm_layer,layer,7,_ZN4vllm25fused_add_rms_norm_kernelIN3c108BFloat16ELi8ELb1EEENSt9enable_ifIXaagtT0_Li0Esr4vllm12_typeConvertIT_EE6existsEvE4typeEPS4_lS7_PKS4_fiil,kernel_avg_power,72.3788
llm_layer,layer,7,_ZN4vllm25fused_add_rms_norm_kernelIN3c108BFloat16ELi8ELb1EEENSt9enable_ifIXaagtT0_Li0Esr4vllm12_typeConvertIT_EE6existsEvE4typeEPS4_lS7_PKS4_fiil,gpu_avg_IBP,0.0595052
llm_layer,layer,7,_ZN4vllm25fused_add_rms_norm_kernelIN3c108BFloat16ELi8ELb1EEENSt9enable_ifIXaagtT0_Li0Esr4vllm12_typeConvertIT_EE6existsEvE4typeEPS4_lS7_PKS4_fiil,gpu_avg_ICP,0.0
llm_layer,layer,7,_ZN4vllm25fused_add_rms_norm_kernelIN3c108BFloat16ELi8ELb1EEENSt9enable_ifIXaagtT0_Li0Esr4vllm12_typeConvertIT_EE6existsEvE4typeEPS4_lS7_PKS4_fiil,gpu_avg_DCP,0.283117
llm_layer,layer,7,_ZN4vllm25fused_add_rms_norm_kernelIN3c108BFloat16ELi8ELb1EEENSt9enable_ifIXaagtT0_Li0Esr4vllm12_typeConvertIT_EE6existsEvE4typeEPS4_lS7_PKS4_fiil,gpu_avg_TCP,0.0
llm_layer,layer,7,_ZN4vllm25fused_add_rms_norm_kernelIN3c108BFloat16ELi8ELb1EEENSt9enable_ifIXaagtT0_Li0Esr4vllm12_typeConvertIT_EE6existsEvE4typeEPS4_lS7_PKS4_fiil,gpu_avg_CCP,0.00123744
llm_layer,layer,7,_ZN4vllm25fused_add_rms_norm_kernelIN3c108BFloat16ELi8ELb1EEENSt9enable_ifIXaagtT0_Li0Esr4vllm12_typeConvertIT_EE6existsEvE4typeEPS4_lS7_PKS4_fiil,gpu_avg_SHRDP,0.0344099
llm_layer,layer,7,_ZN4vllm25fused_add_rms_norm_kernelIN3c108BFloat16ELi8ELb1EEENSt9enable_ifIXaagtT0_Li0Esr4vllm12_typeConvertIT_EE6existsEvE4typeEPS4_lS7_PKS4_fiil,gpu_avg_RFP,0.0
llm_layer,layer,7,_ZN4vllm25fused_add_rms_norm_kernelIN3c108BFloat16ELi8ELb1EEENSt9enable_ifIXaagtT0_Li0Esr4vllm12_typeConvertIT_EE6existsEvE4typeEPS4_lS7_PKS4_fiil,gpu_avg_INTP,0.78079
llm_layer,layer,7,_ZN4vllm25fused_add_rms_norm_kernelIN3c108BFloat16ELi8ELb1EEENSt9enable_ifIXaagtT0_Li0Esr4vllm12_typeConvertIT_EE6existsEvE4typeEPS4_lS7_PKS4_fiil,gpu_avg_FPUP,0.172252
llm_layer,layer,7,_ZN4vllm25fused_add_rms_norm_kernelIN3c108BFloat16ELi8ELb1EEENSt9enable_ifIXaagtT0_Li0Esr4vllm12_typeConvertIT_EE6existsEvE4typeEPS4_lS7_PKS4_fiil,gpu_avg_DPUP,0.0
llm_layer,layer,7,_ZN4vllm25fused_add_rms_norm_kernelIN3c108BFloat16ELi8ELb1EEENSt9enable_ifIXaagtT0_Li0Esr4vllm12_typeConvertIT_EE6existsEvE4typeEPS4_lS7_PKS4_fiil,gpu_avg_INT_MUL24P,0.0
llm_layer,layer,7,_ZN4vllm25fused_add_rms_norm_kernelIN3c108BFloat16ELi8ELb1EEENSt9enable_ifIXaagtT0_Li0Esr4vllm12_typeConvertIT_EE6existsEvE4typeEPS4_lS7_PKS4_fiil,gpu_avg_INT_MUL32P,0.0
llm_layer,layer,7,_ZN4vllm25fused_add_rms_norm_kernelIN3c108BFloat16ELi8ELb1EEENSt9enable_ifIXaagtT0_Li0Esr4vllm12_typeConvertIT_EE6existsEvE4typeEPS4_lS7_PKS4_fiil,gpu_avg_INT_MULP,0.13587
llm_layer,layer,7,_ZN4vllm25fused_add_rms_norm_kernelIN3c108BFloat16ELi8ELb1EEENSt9enable_ifIXaagtT0_Li0Esr4vllm12_typeConvertIT_EE6existsEvE4typeEPS4_lS7_PKS4_fiil,gpu_avg_INT_DIVP,0.0
llm_layer,layer,7,_ZN4vllm25fused_add_rms_norm_kernelIN3c108BFloat16ELi8ELb1EEENSt9enable_ifIXaagtT0_Li0Esr4vllm12_typeConvertIT_EE6existsEvE4typeEPS4_lS7_PKS4_fiil,gpu_avg_FP_MULP,0.0346049
llm_layer,layer,7,_ZN4vllm25fused_add_rms_norm_kernelIN3c108BFloat16ELi8ELb1EEENSt9enable_ifIXaagtT0_Li0Esr4vllm12_typeConvertIT_EE6existsEvE4typeEPS4_lS7_PKS4_fiil,gpu_avg_FP_DIVP,0.0
llm_layer,layer,7,_ZN4vllm25fused_add_rms_norm_kernelIN3c108BFloat16ELi8ELb1EEENSt9enable_ifIXaagtT0_Li0Esr4vllm12_typeConvertIT_EE6existsEvE4typeEPS4_lS7_PKS4_fiil,gpu_avg_FP_SQRTP,2.48981e-05
llm_layer,layer,7,_ZN4vllm25fused_add_rms_norm_kernelIN3c108BFloat16ELi8ELb1EEENSt9enable_ifIXaagtT0_Li0Esr4vllm12_typeConvertIT_EE6existsEvE4typeEPS4_lS7_PKS4_fiil,gpu_avg_FP_LGP,0.0
llm_layer,layer,7,_ZN4vllm25fused_add_rms_norm_kernelIN3c108BFloat16ELi8ELb1EEENSt9enable_ifIXaagtT0_Li0Esr4vllm12_typeConvertIT_EE6existsEvE4typeEPS4_lS7_PKS4_fiil,gpu_avg_FP_SINP,0.0
llm_layer,layer,7,_ZN4vllm25fused_add_rms_norm_kernelIN3c108BFloat16ELi8ELb1EEENSt9enable_ifIXaagtT0_Li0Esr4vllm12_typeConvertIT_EE6existsEvE4typeEPS4_lS7_PKS4_fiil,gpu_avg_FP_EXP,4.62055e-05
llm_layer,layer,7,_ZN4vllm25fused_add_rms_norm_kernelIN3c108BFloat16ELi8ELb1EEENSt9enable_ifIXaagtT0_Li0Esr4vllm12_typeConvertIT_EE6existsEvE4typeEPS4_lS7_PKS4_fiil,gpu_avg_DP_MULP,0.0
llm_layer,layer,7,_ZN4vllm25fused_add_rms_norm_kernelIN3c108BFloat16ELi8ELb1EEENSt9enable_ifIXaagtT0_Li0Esr4vllm12_typeConvertIT_EE6existsEvE4typeEPS4_lS7_PKS4_fiil,gpu_avg_DP_DIVP,0.0
llm_layer,layer,7,_ZN4vllm25fused_add_rms_norm_kernelIN3c108BFloat16ELi8ELb1EEENSt9enable_ifIXaagtT0_Li0Esr4vllm12_typeConvertIT_EE6existsEvE4typeEPS4_lS7_PKS4_fiil,gpu_avg_TENSORP,0.0
llm_layer,layer,7,_ZN4vllm25fused_add_rms_norm_kernelIN3c108BFloat16ELi8ELb1EEENSt9enable_ifIXaagtT0_Li0Esr4vllm12_typeConvertIT_EE6existsEvE4typeEPS4_lS7_PKS4_fiil,gpu_avg_TEXP,0.0
llm_layer,layer,7,_ZN4vllm25fused_add_rms_norm_kernelIN3c108BFloat16ELi8ELb1EEENSt9enable_ifIXaagtT0_Li0Esr4vllm12_typeConvertIT_EE6existsEvE4typeEPS4_lS7_PKS4_fiil,gpu_avg_SCHEDP,0.166616
llm_layer,layer,7,_ZN4vllm25fused_add_rms_norm_kernelIN3c108BFloat16ELi8ELb1EEENSt9enable_ifIXaagtT0_Li0Esr4vllm12_typeConvertIT_EE6existsEvE4typeEPS4_lS7_PKS4_fiil,gpu_avg_L2CP,0.146336
llm_layer,layer,7,_ZN4vllm25fused_add_rms_norm_kernelIN3c108BFloat16ELi8ELb1EEENSt9enable_ifIXaagtT0_Li0Esr4vllm12_typeConvertIT_EE6existsEvE4typeEPS4_lS7_PKS4_fiil,gpu_avg_MCP,0.593298
llm_layer,layer,7,_ZN4vllm25fused_add_rms_norm_kernelIN3c108BFloat16ELi8ELb1EEENSt9enable_ifIXaagtT0_Li0Esr4vllm12_typeConvertIT_EE6existsEvE4typeEPS4_lS7_PKS4_fiil,gpu_avg_NOCP,0.286407
llm_layer,layer,7,_ZN4vllm25fused_add_rms_norm_kernelIN3c108BFloat16ELi8ELb1EEENSt9enable_ifIXaagtT0_Li0Esr4vllm12_typeConvertIT_EE6existsEvE4typeEPS4_lS7_PKS4_fiil,gpu_avg_DRAMP,0.0
llm_layer,layer,7,_ZN4vllm25fused_add_rms_norm_kernelIN3c108BFloat16ELi8ELb1EEENSt9enable_ifIXaagtT0_Li0Esr4vllm12_typeConvertIT_EE6existsEvE4typeEPS4_lS7_PKS4_fiil,gpu_avg_PIPEP,0.133528
llm_layer,layer,7,_ZN4vllm25fused_add_rms_norm_kernelIN3c108BFloat16ELi8ELb1EEENSt9enable_ifIXaagtT0_Li0Esr4vllm12_typeConvertIT_EE6existsEvE4typeEPS4_lS7_PKS4_fiil,gpu_avg_IDLE_COREP,35.6431
llm_layer,layer,7,_ZN4vllm25fused_add_rms_norm_kernelIN3c108BFloat16ELi8ELb1EEENSt9enable_ifIXaagtT0_Li0Esr4vllm12_typeConvertIT_EE6existsEvE4typeEPS4_lS7_PKS4_fiil,gpu_avg_CONSTP,32.3252
llm_layer,layer,7,_ZN4vllm25fused_add_rms_norm_kernelIN3c108BFloat16ELi8ELb1EEENSt9enable_ifIXaagtT0_Li0Esr4vllm12_typeConvertIT_EE6existsEvE4typeEPS4_lS7_PKS4_fiil,gpu_avg_STATICP,1.58245
llm_layer,layer,7,_ZN4vllm25fused_add_rms_norm_kernelIN3c108BFloat16ELi8ELb1EEENSt9enable_ifIXaagtT0_Li0Esr4vllm12_typeConvertIT_EE6existsEvE4typeEPS4_lS7_PKS4_fiil,gpu_avg_TOT_INST,2556.25
llm_layer,layer,7,_ZN4vllm25fused_add_rms_norm_kernelIN3c108BFloat16ELi8ELb1EEENSt9enable_ifIXaagtT0_Li0Esr4vllm12_typeConvertIT_EE6existsEvE4typeEPS4_lS7_PKS4_fiil,gpu_avg_FP_INT,2430.58
llm_layer,layer,7,_ZN4vllm25fused_add_rms_norm_kernelIN3c108BFloat16ELi8ELb1EEENSt9enable_ifIXaagtT0_Li0Esr4vllm12_typeConvertIT_EE6existsEvE4typeEPS4_lS7_PKS4_fiil,gpu_avg_IC_H,0.0
llm_layer,layer,7,_ZN4vllm25fused_add_rms_norm_kernelIN3c108BFloat16ELi8ELb1EEENSt9enable_ifIXaagtT0_Li0Esr4vllm12_typeConvertIT_EE6existsEvE4typeEPS4_lS7_PKS4_fiil,gpu_avg_IC_M,0.0
llm_layer,layer,7,_ZN4vllm25fused_add_rms_norm_kernelIN3c108BFloat16ELi8ELb1EEENSt9enable_ifIXaagtT0_Li0Esr4vllm12_typeConvertIT_EE6existsEvE4typeEPS4_lS7_PKS4_fiil,gpu_avg_DC_RH,93.3333
llm_layer,layer,7,_ZN4vllm25fused_add_rms_norm_kernelIN3c108BFloat16ELi8ELb1EEENSt9enable_ifIXaagtT0_Li0Esr4vllm12_typeConvertIT_EE6existsEvE4typeEPS4_lS7_PKS4_fiil,gpu_avg_DC_RM,93.3333
llm_layer,layer,7,_ZN4vllm25fused_add_rms_norm_kernelIN3c108BFloat16ELi8ELb1EEENSt9enable_ifIXaagtT0_Li0Esr4vllm12_typeConvertIT_EE6existsEvE4typeEPS4_lS7_PKS4_fiil,gpu_avg_DC_WH,93.3333
llm_layer,layer,7,_ZN4vllm25fused_add_rms_norm_kernelIN3c108BFloat16ELi8ELb1EEENSt9enable_ifIXaagtT0_Li0Esr4vllm12_typeConvertIT_EE6existsEvE4typeEPS4_lS7_PKS4_fiil,gpu_avg_DC_WM,0.0
llm_layer,layer,7,_ZN4vllm25fused_add_rms_norm_kernelIN3c108BFloat16ELi8ELb1EEENSt9enable_ifIXaagtT0_Li0Esr4vllm12_typeConvertIT_EE6existsEvE4typeEPS4_lS7_PKS4_fiil,gpu_avg_TC_H,0.0
llm_layer,layer,7,_ZN4vllm25fused_add_rms_norm_kernelIN3c108BFloat16ELi8ELb1EEENSt9enable_ifIXaagtT0_Li0Esr4vllm12_typeConvertIT_EE6existsEvE4typeEPS4_lS7_PKS4_fiil,gpu_avg_TC_M,0.0
llm_layer,layer,7,_ZN4vllm25fused_add_rms_norm_kernelIN3c108BFloat16ELi8ELb1EEENSt9enable_ifIXaagtT0_Li0Esr4vllm12_typeConvertIT_EE6existsEvE4typeEPS4_lS7_PKS4_fiil,gpu_avg_CC_H,56.6667
llm_layer,layer,7,_ZN4vllm25fused_add_rms_norm_kernelIN3c108BFloat16ELi8ELb1EEENSt9enable_ifIXaagtT0_Li0Esr4vllm12_typeConvertIT_EE6existsEvE4typeEPS4_lS7_PKS4_fiil,gpu_avg_CC_M,0.0
llm_layer,layer,7,_ZN4vllm25fused_add_rms_norm_kernelIN3c108BFloat16ELi8ELb1EEENSt9enable_ifIXaagtT0_Li0Esr4vllm12_typeConvertIT_EE6existsEvE4typeEPS4_lS7_PKS4_fiil,gpu_avg_SHRD_ACC,77.1667
llm_layer,layer,7,_ZN4vllm25fused_add_rms_norm_kernelIN3c108BFloat16ELi8ELb1EEENSt9enable_ifIXaagtT0_Li0Esr4vllm12_typeConvertIT_EE6existsEvE4typeEPS4_lS7_PKS4_fiil,gpu_avg_REG_RD,0.0
llm_layer,layer,7,_ZN4vllm25fused_add_rms_norm_kernelIN3c108BFloat16ELi8ELb1EEENSt9enable_ifIXaagtT0_Li0Esr4vllm12_typeConvertIT_EE6existsEvE4typeEPS4_lS7_PKS4_fiil,gpu_avg_REG_WR,0.0
llm_layer,layer,7,_ZN4vllm25fused_add_rms_norm_kernelIN3c108BFloat16ELi8ELb1EEENSt9enable_ifIXaagtT0_Li0Esr4vllm12_typeConvertIT_EE6existsEvE4typeEPS4_lS7_PKS4_fiil,gpu_avg_NON_REG_OPs,0.0
llm_layer,layer,7,_ZN4vllm25fused_add_rms_norm_kernelIN3c108BFloat16ELi8ELb1EEENSt9enable_ifIXaagtT0_Li0Esr4vllm12_typeConvertIT_EE6existsEvE4typeEPS4_lS7_PKS4_fiil,gpu_avg_INT_ACC,426892.0
llm_layer,layer,7,_ZN4vllm25fused_add_rms_norm_kernelIN3c108BFloat16ELi8ELb1EEENSt9enable_ifIXaagtT0_Li0Esr4vllm12_typeConvertIT_EE6existsEvE4typeEPS4_lS7_PKS4_fiil,gpu_avg_FPU_ACC,2307.16
llm_layer,layer,7,_ZN4vllm25fused_add_rms_norm_kernelIN3c108BFloat16ELi8ELb1EEENSt9enable_ifIXaagtT0_Li0Esr4vllm12_typeConvertIT_EE6existsEvE4typeEPS4_lS7_PKS4_fiil,gpu_avg_DPU_ACC,0.0
llm_layer,layer,7,_ZN4vllm25fused_add_rms_norm_kernelIN3c108BFloat16ELi8ELb1EEENSt9enable_ifIXaagtT0_Li0Esr4vllm12_typeConvertIT_EE6existsEvE4typeEPS4_lS7_PKS4_fiil,gpu_avg_INT_MUL24_ACC,0.0
llm_layer,layer,7,_ZN4vllm25fused_add_rms_norm_kernelIN3c108BFloat16ELi8ELb1EEENSt9enable_ifIXaagtT0_Li0Esr4vllm12_typeConvertIT_EE6existsEvE4typeEPS4_lS7_PKS4_fiil,gpu_avg_INT_MUL32_ACC,0.0
llm_layer,layer,7,_ZN4vllm25fused_add_rms_norm_kernelIN3c108BFloat16ELi8ELb1EEENSt9enable_ifIXaagtT0_Li0Esr4vllm12_typeConvertIT_EE6existsEvE4typeEPS4_lS7_PKS4_fiil,gpu_avg_INT_MUL_ACC,887.176
llm_layer,layer,7,_ZN4vllm25fused_add_rms_norm_kernelIN3c108BFloat16ELi8ELb1EEENSt9enable_ifIXaagtT0_Li0Esr4vllm12_typeConvertIT_EE6existsEvE4typeEPS4_lS7_PKS4_fiil,gpu_avg_INT_DIV_ACC,0.0
llm_layer,layer,7,_ZN4vllm25fused_add_rms_norm_kernelIN3c108BFloat16ELi8ELb1EEENSt9enable_ifIXaagtT0_Li0Esr4vllm12_typeConvertIT_EE6existsEvE4typeEPS4_lS7_PKS4_fiil,gpu_avg_FP_MUL_ACC,225.956
llm_layer,layer,7,_ZN4vllm25fused_add_rms_norm_kernelIN3c108BFloat16ELi8ELb1EEENSt9enable_ifIXaagtT0_Li0Esr4vllm12_typeConvertIT_EE6existsEvE4typeEPS4_lS7_PKS4_fiil,gpu_avg_FP_DIV_ACC,0.0
llm_layer,layer,7,_ZN4vllm25fused_add_rms_norm_kernelIN3c108BFloat16ELi8ELb1EEENSt9enable_ifIXaagtT0_Li0Esr4vllm12_typeConvertIT_EE6existsEvE4typeEPS4_lS7_PKS4_fiil,gpu_avg_FP_SQRT_ACC,0.162574
llm_layer,layer,7,_ZN4vllm25fused_add_rms_norm_kernelIN3c108BFloat16ELi8ELb1EEENSt9enable_ifIXaagtT0_Li0Esr4vllm12_typeConvertIT_EE6existsEvE4typeEPS4_lS7_PKS4_fiil,gpu_avg_FP_LG_ACC,0.0
llm_layer,layer,7,_ZN4vllm25fused_add_rms_norm_kernelIN3c108BFloat16ELi8ELb1EEENSt9enable_ifIXaagtT0_Li0Esr4vllm12_typeConvertIT_EE6existsEvE4typeEPS4_lS7_PKS4_fiil,gpu_avg_FP_SIN_ACC,0.0
llm_layer,layer,7,_ZN4vllm25fused_add_rms_norm_kernelIN3c108BFloat16ELi8ELb1EEENSt9enable_ifIXaagtT0_Li0Esr4vllm12_typeConvertIT_EE6existsEvE4typeEPS4_lS7_PKS4_fiil,gpu_avg_FP_EXP_ACC,0.301703
llm_layer,layer,7,_ZN4vllm25fused_add_rms_norm_kernelIN3c108BFloat16ELi8ELb1EEENSt9enable_ifIXaagtT0_Li0Esr4vllm12_typeConvertIT_EE6existsEvE4typeEPS4_lS7_PKS4_fiil,gpu_avg_DP_MUL_ACC,0.0
llm_layer,layer,7,_ZN4vllm25fused_add_rms_norm_kernelIN3c108BFloat16ELi8ELb1EEENSt9enable_ifIXaagtT0_Li0Esr4vllm12_typeConvertIT_EE6existsEvE4typeEPS4_lS7_PKS4_fiil,gpu_avg_DP_DIV_ACC,0.0
llm_layer,layer,7,_ZN4vllm25fused_add_rms_norm_kernelIN3c108BFloat16ELi8ELb1EEENSt9enable_ifIXaagtT0_Li0Esr4vllm12_typeConvertIT_EE6existsEvE4typeEPS4_lS7_PKS4_fiil,gpu_avg_TENSOR_ACC,0.0
llm_layer,layer,7,_ZN4vllm25fused_add_rms_norm_kernelIN3c108BFloat16ELi8ELb1EEENSt9enable_ifIXaagtT0_Li0Esr4vllm12_typeConvertIT_EE6existsEvE4typeEPS4_lS7_PKS4_fiil,gpu_avg_TEX_ACC,0.0
llm_layer,layer,7,_ZN4vllm25fused_add_rms_norm_kernelIN3c108BFloat16ELi8ELb1EEENSt9enable_ifIXaagtT0_Li0Esr4vllm12_typeConvertIT_EE6existsEvE4typeEPS4_lS7_PKS4_fiil,gpu_avg_MEM_RD,0.0
llm_layer,layer,7,_ZN4vllm25fused_add_rms_norm_kernelIN3c108BFloat16ELi8ELb1EEENSt9enable_ifIXaagtT0_Li0Esr4vllm12_typeConvertIT_EE6existsEvE4typeEPS4_lS7_PKS4_fiil,gpu_avg_MEM_WR,0.0
llm_layer,layer,7,_ZN4vllm25fused_add_rms_norm_kernelIN3c108BFloat16ELi8ELb1EEENSt9enable_ifIXaagtT0_Li0Esr4vllm12_typeConvertIT_EE6existsEvE4typeEPS4_lS7_PKS4_fiil,gpu_avg_MEM_PRE,0.0
llm_layer,layer,7,_ZN4vllm25fused_add_rms_norm_kernelIN3c108BFloat16ELi8ELb1EEENSt9enable_ifIXaagtT0_Li0Esr4vllm12_typeConvertIT_EE6existsEvE4typeEPS4_lS7_PKS4_fiil,gpu_avg_L2_RH,81.3333
llm_layer,layer,7,_ZN4vllm25fused_add_rms_norm_kernelIN3c108BFloat16ELi8ELb1EEENSt9enable_ifIXaagtT0_Li0Esr4vllm12_typeConvertIT_EE6existsEvE4typeEPS4_lS7_PKS4_fiil,gpu_avg_L2_RM,26.0
llm_layer,layer,7,_ZN4vllm25fused_add_rms_norm_kernelIN3c108BFloat16ELi8ELb1EEENSt9enable_ifIXaagtT0_Li0Esr4vllm12_typeConvertIT_EE6existsEvE4typeEPS4_lS7_PKS4_fiil,gpu_avg_L2_WH,93.3333
llm_layer,layer,7,_ZN4vllm25fused_add_rms_norm_kernelIN3c108BFloat16ELi8ELb1EEENSt9enable_ifIXaagtT0_Li0Esr4vllm12_typeConvertIT_EE6existsEvE4typeEPS4_lS7_PKS4_fiil,gpu_avg_L2_WM,46.6667
llm_layer,layer,7,_ZN4vllm25fused_add_rms_norm_kernelIN3c108BFloat16ELi8ELb1EEENSt9enable_ifIXaagtT0_Li0Esr4vllm12_typeConvertIT_EE6existsEvE4typeEPS4_lS7_PKS4_fiil,gpu_avg_NOC_A,840.0
llm_layer,layer,7,_ZN4vllm25fused_add_rms_norm_kernelIN3c108BFloat16ELi8ELb1EEENSt9enable_ifIXaagtT0_Li0Esr4vllm12_typeConvertIT_EE6existsEvE4typeEPS4_lS7_PKS4_fiil,gpu_avg_PIPE_A,0.00408424
llm_layer,layer,7,_ZN4vllm25fused_add_rms_norm_kernelIN3c108BFloat16ELi8ELb1EEENSt9enable_ifIXaagtT0_Li0Esr4vllm12_typeConvertIT_EE6existsEvE4typeEPS4_lS7_PKS4_fiil,gpu_avg_IDLE_CORE_N,126.04
llm_layer,layer,7,_ZN4vllm25fused_add_rms_norm_kernelIN3c108BFloat16ELi8ELb1EEENSt9enable_ifIXaagtT0_Li0Esr4vllm12_typeConvertIT_EE6existsEvE4typeEPS4_lS7_PKS4_fiil,gpu_avg_constant_power,0.0
llm_layer,layer,7,_ZN4vllm25fused_add_rms_norm_kernelIN3c108BFloat16ELi8ELb1EEENSt9enable_ifIXaagtT0_Li0Esr4vllm12_typeConvertIT_EE6existsEvE4typeEPS4_lS7_PKS4_fiil,gpu_avg_threads_per_warp,15.6447
llm_layer,layer,7,_ZN4vllm25fused_add_rms_norm_kernelIN3c108BFloat16ELi8ELb1EEENSt9enable_ifIXaagtT0_Li0Esr4vllm12_typeConvertIT_EE6existsEvE4typeEPS4_lS7_PKS4_fiil,gpu_tot_TOT_INST,30675.0
llm_layer,layer,7,_ZN4vllm25fused_add_rms_norm_kernelIN3c108BFloat16ELi8ELb1EEENSt9enable_ifIXaagtT0_Li0Esr4vllm12_typeConvertIT_EE6existsEvE4typeEPS4_lS7_PKS4_fiil,gpu_tot_FP_INT,29167.0
llm_layer,layer,7,_ZN4vllm25fused_add_rms_norm_kernelIN3c108BFloat16ELi8ELb1EEENSt9enable_ifIXaagtT0_Li0Esr4vllm12_typeConvertIT_EE6existsEvE4typeEPS4_lS7_PKS4_fiil,gpu_tot_IC_H,0.0
llm_layer,layer,7,_ZN4vllm25fused_add_rms_norm_kernelIN3c108BFloat16ELi8ELb1EEENSt9enable_ifIXaagtT0_Li0Esr4vllm12_typeConvertIT_EE6existsEvE4typeEPS4_lS7_PKS4_fiil,gpu_tot_IC_M,0.0
llm_layer,layer,7,_ZN4vllm25fused_add_rms_norm_kernelIN3c108BFloat16ELi8ELb1EEENSt9enable_ifIXaagtT0_Li0Esr4vllm12_typeConvertIT_EE6existsEvE4typeEPS4_lS7_PKS4_fiil,gpu_tot_DC_RH,1120.0
llm_layer,layer,7,_ZN4vllm25fused_add_rms_norm_kernelIN3c108BFloat16ELi8ELb1EEENSt9enable_ifIXaagtT0_Li0Esr4vllm12_typeConvertIT_EE6existsEvE4typeEPS4_lS7_PKS4_fiil,gpu_tot_DC_RM,1120.0
llm_layer,layer,7,_ZN4vllm25fused_add_rms_norm_kernelIN3c108BFloat16ELi8ELb1EEENSt9enable_ifIXaagtT0_Li0Esr4vllm12_typeConvertIT_EE6existsEvE4typeEPS4_lS7_PKS4_fiil,gpu_tot_DC_WH,1120.0
llm_layer,layer,7,_ZN4vllm25fused_add_rms_norm_kernelIN3c108BFloat16ELi8ELb1EEENSt9enable_ifIXaagtT0_Li0Esr4vllm12_typeConvertIT_EE6existsEvE4typeEPS4_lS7_PKS4_fiil,gpu_tot_DC_WM,0.0
llm_layer,layer,7,_ZN4vllm25fused_add_rms_norm_kernelIN3c108BFloat16ELi8ELb1EEENSt9enable_ifIXaagtT0_Li0Esr4vllm12_typeConvertIT_EE6existsEvE4typeEPS4_lS7_PKS4_fiil,gpu_tot_TC_H,0.0
llm_layer,layer,7,_ZN4vllm25fused_add_rms_norm_kernelIN3c108BFloat16ELi8ELb1EEENSt9enable_ifIXaagtT0_Li0Esr4vllm12_typeConvertIT_EE6existsEvE4typeEPS4_lS7_PKS4_fiil,gpu_tot_TC_M,0.0
llm_layer,layer,7,_ZN4vllm25fused_add_rms_norm_kernelIN3c108BFloat16ELi8ELb1EEENSt9enable_ifIXaagtT0_Li0Esr4vllm12_typeConvertIT_EE6existsEvE4typeEPS4_lS7_PKS4_fiil,gpu_tot_CC_H,680.0
llm_layer,layer,7,_ZN4vllm25fused_add_rms_norm_kernelIN3c108BFloat16ELi8ELb1EEENSt9enable_ifIXaagtT0_Li0Esr4vllm12_typeConvertIT_EE6existsEvE4typeEPS4_lS7_PKS4_fiil,gpu_tot_CC_M,0.0
llm_layer,layer,7,_ZN4vllm25fused_add_rms_norm_kernelIN3c108BFloat16ELi8ELb1EEENSt9enable_ifIXaagtT0_Li0Esr4vllm12_typeConvertIT_EE6existsEvE4typeEPS4_lS7_PKS4_fiil,gpu_tot_SHRD_ACC,926.0
llm_layer,layer,7,_ZN4vllm25fused_add_rms_norm_kernelIN3c108BFloat16ELi8ELb1EEENSt9enable_ifIXaagtT0_Li0Esr4vllm12_typeConvertIT_EE6existsEvE4typeEPS4_lS7_PKS4_fiil,gpu_tot_REG_RD,0.0
llm_layer,layer,7,_ZN4vllm25fused_add_rms_norm_kernelIN3c108BFloat16ELi8ELb1EEENSt9enable_ifIXaagtT0_Li0Esr4vllm12_typeConvertIT_EE6existsEvE4typeEPS4_lS7_PKS4_fiil,gpu_tot_REG_WR,0.0
llm_layer,layer,7,_ZN4vllm25fused_add_rms_norm_kernelIN3c108BFloat16ELi8ELb1EEENSt9enable_ifIXaagtT0_Li0Esr4vllm12_typeConvertIT_EE6existsEvE4typeEPS4_lS7_PKS4_fiil,gpu_tot_NON_REG_OPs,0.0
llm_layer,layer,7,_ZN4vllm25fused_add_rms_norm_kernelIN3c108BFloat16ELi8ELb1EEENSt9enable_ifIXaagtT0_Li0Esr4vllm12_typeConvertIT_EE6existsEvE4typeEPS4_lS7_PKS4_fiil,gpu_tot_INT_ACC,5122700.0
llm_layer,layer,7,_ZN4vllm25fused_add_rms_norm_kernelIN3c108BFloat16ELi8ELb1EEENSt9enable_ifIXaagtT0_Li0Esr4vllm12_typeConvertIT_EE6existsEvE4typeEPS4_lS7_PKS4_fiil,gpu_tot_FPU_ACC,27685.9
llm_layer,layer,7,_ZN4vllm25fused_add_rms_norm_kernelIN3c108BFloat16ELi8ELb1EEENSt9enable_ifIXaagtT0_Li0Esr4vllm12_typeConvertIT_EE6existsEvE4typeEPS4_lS7_PKS4_fiil,gpu_tot_DPU_ACC,0.0
llm_layer,layer,7,_ZN4vllm25fused_add_rms_norm_kernelIN3c108BFloat16ELi8ELb1EEENSt9enable_ifIXaagtT0_Li0Esr4vllm12_typeConvertIT_EE6existsEvE4typeEPS4_lS7_PKS4_fiil,gpu_tot_INT_MUL24_ACC,0.0
llm_layer,layer,7,_ZN4vllm25fused_add_rms_norm_kernelIN3c108BFloat16ELi8ELb1EEENSt9enable_ifIXaagtT0_Li0Esr4vllm12_typeConvertIT_EE6existsEvE4typeEPS4_lS7_PKS4_fiil,gpu_tot_INT_MUL32_ACC,0.0
llm_layer,layer,7,_ZN4vllm25fused_add_rms_norm_kernelIN3c108BFloat16ELi8ELb1EEENSt9enable_ifIXaagtT0_Li0Esr4vllm12_typeConvertIT_EE6existsEvE4typeEPS4_lS7_PKS4_fiil,gpu_tot_INT_MUL_ACC,10646.1
llm_layer,layer,7,_ZN4vllm25fused_add_rms_norm_kernelIN3c108BFloat16ELi8ELb1EEENSt9enable_ifIXaagtT0_Li0Esr4vllm12_typeConvertIT_EE6existsEvE4typeEPS4_lS7_PKS4_fiil,gpu_tot_INT_DIV_ACC,0.0
llm_layer,layer,7,_ZN4vllm25fused_add_rms_norm_kernelIN3c108BFloat16ELi8ELb1EEENSt9enable_ifIXaagtT0_Li0Esr4vllm12_typeConvertIT_EE6existsEvE4typeEPS4_lS7_PKS4_fiil,gpu_tot_FP_MUL_ACC,2711.47
llm_layer,layer,7,_ZN4vllm25fused_add_rms_norm_kernelIN3c108BFloat16ELi8ELb1EEENSt9enable_ifIXaagtT0_Li0Esr4vllm12_typeConvertIT_EE6existsEvE4typeEPS4_lS7_PKS4_fiil,gpu_tot_FP_DIV_ACC,0.0
llm_layer,layer,7,_ZN4vllm25fused_add_rms_norm_kernelIN3c108BFloat16ELi8ELb1EEENSt9enable_ifIXaagtT0_Li0Esr4vllm12_typeConvertIT_EE6existsEvE4typeEPS4_lS7_PKS4_fiil,gpu_tot_FP_SQRT_ACC,1.95089
llm_layer,layer,7,_ZN4vllm25fused_add_rms_norm_kernelIN3c108BFloat16ELi8ELb1EEENSt9enable_ifIXaagtT0_Li0Esr4vllm12_typeConvertIT_EE6existsEvE4typeEPS4_lS7_PKS4_fiil,gpu_tot_FP_LG_ACC,0.0
llm_layer,layer,7,_ZN4vllm25fused_add_rms_norm_kernelIN3c108BFloat16ELi8ELb1EEENSt9enable_ifIXaagtT0_Li0Esr4vllm12_typeConvertIT_EE6existsEvE4typeEPS4_lS7_PKS4_fiil,gpu_tot_FP_SIN_ACC,0.0
llm_layer,layer,7,_ZN4vllm25fused_add_rms_norm_kernelIN3c108BFloat16ELi8ELb1EEENSt9enable_ifIXaagtT0_Li0Esr4vllm12_typeConvertIT_EE6existsEvE4typeEPS4_lS7_PKS4_fiil,gpu_tot_FP_EXP_ACC,3.62044
llm_layer,layer,7,_ZN4vllm25fused_add_rms_norm_kernelIN3c108BFloat16ELi8ELb1EEENSt9enable_ifIXaagtT0_Li0Esr4vllm12_typeConvertIT_EE6existsEvE4typeEPS4_lS7_PKS4_fiil,gpu_tot_DP_MUL_ACC,0.0
llm_layer,layer,7,_ZN4vllm25fused_add_rms_norm_kernelIN3c108BFloat16ELi8ELb1EEENSt9enable_ifIXaagtT0_Li0Esr4vllm12_typeConvertIT_EE6existsEvE4typeEPS4_lS7_PKS4_fiil,gpu_tot_DP_DIV_ACC,0.0
llm_layer,layer,7,_ZN4vllm25fused_add_rms_norm_kernelIN3c108BFloat16ELi8ELb1EEENSt9enable_ifIXaagtT0_Li0Esr4vllm12_typeConvertIT_EE6existsEvE4typeEPS4_lS7_PKS4_fiil,gpu_tot_TENSOR_ACC,0.0
llm_layer,layer,7,_ZN4vllm25fused_add_rms_norm_kernelIN3c108BFloat16ELi8ELb1EEENSt9enable_ifIXaagtT0_Li0Esr4vllm12_typeConvertIT_EE6existsEvE4typeEPS4_lS7_PKS4_fiil,gpu_tot_TEX_ACC,0.0
llm_layer,layer,7,_ZN4vllm25fused_add_rms_norm_kernelIN3c108BFloat16ELi8ELb1EEENSt9enable_ifIXaagtT0_Li0Esr4vllm12_typeConvertIT_EE6existsEvE4typeEPS4_lS7_PKS4_fiil,gpu_tot_MEM_RD,0.0
llm_layer,layer,7,_ZN4vllm25fused_add_rms_norm_kernelIN3c108BFloat16ELi8ELb1EEENSt9enable_ifIXaagtT0_Li0Esr4vllm12_typeConvertIT_EE6existsEvE4typeEPS4_lS7_PKS4_fiil,gpu_tot_MEM_WR,0.0
llm_layer,layer,7,_ZN4vllm25fused_add_rms_norm_kernelIN3c108BFloat16ELi8ELb1EEENSt9enable_ifIXaagtT0_Li0Esr4vllm12_typeConvertIT_EE6existsEvE4typeEPS4_lS7_PKS4_fiil,gpu_tot_MEM_PRE,0.0
llm_layer,layer,7,_ZN4vllm25fused_add_rms_norm_kernelIN3c108BFloat16ELi8ELb1EEENSt9enable_ifIXaagtT0_Li0Esr4vllm12_typeConvertIT_EE6existsEvE4typeEPS4_lS7_PKS4_fiil,gpu_tot_L2_RH,976.0
llm_layer,layer,7,_ZN4vllm25fused_add_rms_norm_kernelIN3c108BFloat16ELi8ELb1EEENSt9enable_ifIXaagtT0_Li0Esr4vllm12_typeConvertIT_EE6existsEvE4typeEPS4_lS7_PKS4_fiil,gpu_tot_L2_RM,312.0
llm_layer,layer,7,_ZN4vllm25fused_add_rms_norm_kernelIN3c108BFloat16ELi8ELb1EEENSt9enable_ifIXaagtT0_Li0Esr4vllm12_typeConvertIT_EE6existsEvE4typeEPS4_lS7_PKS4_fiil,gpu_tot_L2_WH,1120.0
llm_layer,layer,7,_ZN4vllm25fused_add_rms_norm_kernelIN3c108BFloat16ELi8ELb1EEENSt9enable_ifIXaagtT0_Li0Esr4vllm12_typeConvertIT_EE6existsEvE4typeEPS4_lS7_PKS4_fiil,gpu_tot_L2_WM,560.0
llm_layer,layer,7,_ZN4vllm25fused_add_rms_norm_kernelIN3c108BFloat16ELi8ELb1EEENSt9enable_ifIXaagtT0_Li0Esr4vllm12_typeConvertIT_EE6existsEvE4typeEPS4_lS7_PKS4_fiil,gpu_tot_NOC_A,10080.0
llm_layer,layer,7,_ZN4vllm25fused_add_rms_norm_kernelIN3c108BFloat16ELi8ELb1EEENSt9enable_ifIXaagtT0_Li0Esr4vllm12_typeConvertIT_EE6existsEvE4typeEPS4_lS7_PKS4_fiil,gpu_tot_PIPE_A,0.0490109
llm_layer,layer,7,_ZN4vllm25fused_add_rms_norm_kernelIN3c108BFloat16ELi8ELb1EEENSt9enable_ifIXaagtT0_Li0Esr4vllm12_typeConvertIT_EE6existsEvE4typeEPS4_lS7_PKS4_fiil,gpu_tot_IDLE_CORE_N,1512.48
llm_layer,layer,7,_ZN4vllm25fused_add_rms_norm_kernelIN3c108BFloat16ELi8ELb1EEENSt9enable_ifIXaagtT0_Li0Esr4vllm12_typeConvertIT_EE6existsEvE4typeEPS4_lS7_PKS4_fiil,gpu_tot_constant_power,0.0
llm_layer,layer,7,_ZN4vllm25fused_add_rms_norm_kernelIN3c108BFloat16ELi8ELb1EEENSt9enable_ifIXaagtT0_Li0Esr4vllm12_typeConvertIT_EE6existsEvE4typeEPS4_lS7_PKS4_fiil,kernel_max_power,80.9693
llm_layer,layer,7,_ZN4vllm25fused_add_rms_norm_kernelIN3c108BFloat16ELi8ELb1EEENSt9enable_ifIXaagtT0_Li0Esr4vllm12_typeConvertIT_EE6existsEvE4typeEPS4_lS7_PKS4_fiil,gpu_max_IBP,0.270494
llm_layer,layer,7,_ZN4vllm25fused_add_rms_norm_kernelIN3c108BFloat16ELi8ELb1EEENSt9enable_ifIXaagtT0_Li0Esr4vllm12_typeConvertIT_EE6existsEvE4typeEPS4_lS7_PKS4_fiil,gpu_max_ICP,0.0
llm_layer,layer,7,_ZN4vllm25fused_add_rms_norm_kernelIN3c108BFloat16ELi8ELb1EEENSt9enable_ifIXaagtT0_Li0Esr4vllm12_typeConvertIT_EE6existsEvE4typeEPS4_lS7_PKS4_fiil,gpu_max_DCP,1.62649
llm_layer,layer,7,_ZN4vllm25fused_add_rms_norm_kernelIN3c108BFloat16ELi8ELb1EEENSt9enable_ifIXaagtT0_Li0Esr4vllm12_typeConvertIT_EE6existsEvE4typeEPS4_lS7_PKS4_fiil,gpu_max_TCP,0.0
llm_layer,layer,7,_ZN4vllm25fused_add_rms_norm_kernelIN3c108BFloat16ELi8ELb1EEENSt9enable_ifIXaagtT0_Li0Esr4vllm12_typeConvertIT_EE6existsEvE4typeEPS4_lS7_PKS4_fiil,gpu_max_CCP,0.00611441
llm_layer,layer,7,_ZN4vllm25fused_add_rms_norm_kernelIN3c108BFloat16ELi8ELb1EEENSt9enable_ifIXaagtT0_Li0Esr4vllm12_typeConvertIT_EE6existsEvE4typeEPS4_lS7_PKS4_fiil,gpu_max_SHRDP,0.10702
llm_layer,layer,7,_ZN4vllm25fused_add_rms_norm_kernelIN3c108BFloat16ELi8ELb1EEENSt9enable_ifIXaagtT0_Li0Esr4vllm12_typeConvertIT_EE6existsEvE4typeEPS4_lS7_PKS4_fiil,gpu_max_RFP,0.0
llm_layer,layer,7,_ZN4vllm25fused_add_rms_norm_kernelIN3c108BFloat16ELi8ELb1EEENSt9enable_ifIXaagtT0_Li0Esr4vllm12_typeConvertIT_EE6existsEvE4typeEPS4_lS7_PKS4_fiil,gpu_max_INTP,5.06147
llm_layer,layer,7,_ZN4vllm25fused_add_rms_norm_kernelIN3c108BFloat16ELi8ELb1EEENSt9enable_ifIXaagtT0_Li0Esr4vllm12_typeConvertIT_EE6existsEvE4typeEPS4_lS7_PKS4_fiil,gpu_max_FPUP,1.22432
llm_layer,layer,7,_ZN4vllm25fused_add_rms_norm_kernelIN3c108BFloat16ELi8ELb1EEENSt9enable_ifIXaagtT0_Li0Esr4vllm12_typeConvertIT_EE6existsEvE4typeEPS4_lS7_PKS4_fiil,gpu_max_DPUP,0.0
llm_layer,layer,7,_ZN4vllm25fused_add_rms_norm_kernelIN3c108BFloat16ELi8ELb1EEENSt9enable_ifIXaagtT0_Li0Esr4vllm12_typeConvertIT_EE6existsEvE4typeEPS4_lS7_PKS4_fiil,gpu_max_INT_MUL24P,0.0
llm_layer,layer,7,_ZN4vllm25fused_add_rms_norm_kernelIN3c108BFloat16ELi8ELb1EEENSt9enable_ifIXaagtT0_Li0Esr4vllm12_typeConvertIT_EE6existsEvE4typeEPS4_lS7_PKS4_fiil,gpu_max_INT_MUL32P,0.0
llm_layer,layer,7,_ZN4vllm25fused_add_rms_norm_kernelIN3c108BFloat16ELi8ELb1EEENSt9enable_ifIXaagtT0_Li0Esr4vllm12_typeConvertIT_EE6existsEvE4typeEPS4_lS7_PKS4_fiil,gpu_max_INT_MULP,0.518943
llm_layer,layer,7,_ZN4vllm25fused_add_rms_norm_kernelIN3c108BFloat16ELi8ELb1EEENSt9enable_ifIXaagtT0_Li0Esr4vllm12_typeConvertIT_EE6existsEvE4typeEPS4_lS7_PKS4_fiil,gpu_max_INT_DIVP,0.0
llm_layer,layer,7,_ZN4vllm25fused_add_rms_norm_kernelIN3c108BFloat16ELi8ELb1EEENSt9enable_ifIXaagtT0_Li0Esr4vllm12_typeConvertIT_EE6existsEvE4typeEPS4_lS7_PKS4_fiil,gpu_max_FP_MULP,0.0153546
llm_layer,layer,7,_ZN4vllm25fused_add_rms_norm_kernelIN3c108BFloat16ELi8ELb1EEENSt9enable_ifIXaagtT0_Li0Esr4vllm12_typeConvertIT_EE6existsEvE4typeEPS4_lS7_PKS4_fiil,gpu_max_FP_DIVP,0.0
llm_layer,layer,7,_ZN4vllm25fused_add_rms_norm_kernelIN3c108BFloat16ELi8ELb1EEENSt9enable_ifIXaagtT0_Li0Esr4vllm12_typeConvertIT_EE6existsEvE4typeEPS4_lS7_PKS4_fiil,gpu_max_FP_SQRTP,0.0
llm_layer,layer,7,_ZN4vllm25fused_add_rms_norm_kernelIN3c108BFloat16ELi8ELb1EEENSt9enable_ifIXaagtT0_Li0Esr4vllm12_typeConvertIT_EE6existsEvE4typeEPS4_lS7_PKS4_fiil,gpu_max_FP_LGP,0.0
llm_layer,layer,7,_ZN4vllm25fused_add_rms_norm_kernelIN3c108BFloat16ELi8ELb1EEENSt9enable_ifIXaagtT0_Li0Esr4vllm12_typeConvertIT_EE6existsEvE4typeEPS4_lS7_PKS4_fiil,gpu_max_FP_SINP,0.0
llm_layer,layer,7,_ZN4vllm25fused_add_rms_norm_kernelIN3c108BFloat16ELi8ELb1EEENSt9enable_ifIXaagtT0_Li0Esr4vllm12_typeConvertIT_EE6existsEvE4typeEPS4_lS7_PKS4_fiil,gpu_max_FP_EXP,0.0
llm_layer,layer,7,_ZN4vllm25fused_add_rms_norm_kernelIN3c108BFloat16ELi8ELb1EEENSt9enable_ifIXaagtT0_Li0Esr4vllm12_typeConvertIT_EE6existsEvE4typeEPS4_lS7_PKS4_fiil,gpu_max_DP_MULP,0.0
llm_layer,layer,7,_ZN4vllm25fused_add_rms_norm_kernelIN3c108BFloat16ELi8ELb1EEENSt9enable_ifIXaagtT0_Li0Esr4vllm12_typeConvertIT_EE6existsEvE4typeEPS4_lS7_PKS4_fiil,gpu_max_DP_DIVP,0.0
llm_layer,layer,7,_ZN4vllm25fused_add_rms_norm_kernelIN3c108BFloat16ELi8ELb1EEENSt9enable_ifIXaagtT0_Li0Esr4vllm12_typeConvertIT_EE6existsEvE4typeEPS4_lS7_PKS4_fiil,gpu_max_TENSORP,0.0
llm_layer,layer,7,_ZN4vllm25fused_add_rms_norm_kernelIN3c108BFloat16ELi8ELb1EEENSt9enable_ifIXaagtT0_Li0Esr4vllm12_typeConvertIT_EE6existsEvE4typeEPS4_lS7_PKS4_fiil,gpu_max_TEXP,0.0
llm_layer,layer,7,_ZN4vllm25fused_add_rms_norm_kernelIN3c108BFloat16ELi8ELb1EEENSt9enable_ifIXaagtT0_Li0Esr4vllm12_typeConvertIT_EE6existsEvE4typeEPS4_lS7_PKS4_fiil,gpu_max_SCHEDP,0.760904
llm_layer,layer,7,_ZN4vllm25fused_add_rms_norm_kernelIN3c108BFloat16ELi8ELb1EEENSt9enable_ifIXaagtT0_Li0Esr4vllm12_typeConvertIT_EE6existsEvE4typeEPS4_lS7_PKS4_fiil,gpu_max_L2CP,0.0114585
llm_layer,layer,7,_ZN4vllm25fused_add_rms_norm_kernelIN3c108BFloat16ELi8ELb1EEENSt9enable_ifIXaagtT0_Li0Esr4vllm12_typeConvertIT_EE6existsEvE4typeEPS4_lS7_PKS4_fiil,gpu_max_MCP,0.79801
llm_layer,layer,7,_ZN4vllm25fused_add_rms_norm_kernelIN3c108BFloat16ELi8ELb1EEENSt9enable_ifIXaagtT0_Li0Esr4vllm12_typeConvertIT_EE6existsEvE4typeEPS4_lS7_PKS4_fiil,gpu_max_NOCP,0.402334
llm_layer,layer,7,_ZN4vllm25fused_add_rms_norm_kernelIN3c108BFloat16ELi8ELb1EEENSt9enable_ifIXaagtT0_Li0Esr4vllm12_typeConvertIT_EE6existsEvE4typeEPS4_lS7_PKS4_fiil,gpu_max_DRAMP,0.0
llm_layer,layer,7,_ZN4vllm25fused_add_rms_norm_kernelIN3c108BFloat16ELi8ELb1EEENSt9enable_ifIXaagtT0_Li0Esr4vllm12_typeConvertIT_EE6existsEvE4typeEPS4_lS7_PKS4_fiil,gpu_max_PIPEP,0.610371
llm_layer,layer,7,_ZN4vllm25fused_add_rms_norm_kernelIN3c108BFloat16ELi8ELb1EEENSt9enable_ifIXaagtT0_Li0Esr4vllm12_typeConvertIT_EE6existsEvE4typeEPS4_lS7_PKS4_fiil,gpu_max_IDLE_COREP,34.5006
llm_layer,layer,7,_ZN4vllm25fused_add_rms_norm_kernelIN3c108BFloat16ELi8ELb1EEENSt9enable_ifIXaagtT0_Li0Esr4vllm12_typeConvertIT_EE6existsEvE4typeEPS4_lS7_PKS4_fiil,gpu_max_CONSTP,32.3252
llm_layer,layer,7,_ZN4vllm25fused_add_rms_norm_kernelIN3c108BFloat16ELi8ELb1EEENSt9enable_ifIXaagtT0_Li0Esr4vllm12_typeConvertIT_EE6existsEvE4typeEPS4_lS7_PKS4_fiil,gpu_max_STATICP,2.73024
llm_layer,layer,7,_ZN4vllm25fused_add_rms_norm_kernelIN3c108BFloat16ELi8ELb1EEENSt9enable_ifIXaagtT0_Li0Esr4vllm12_typeConvertIT_EE6existsEvE4typeEPS4_lS7_PKS4_fiil,gpu_max_TOT_INST,11620.0
llm_layer,layer,7,_ZN4vllm25fused_add_rms_norm_kernelIN3c108BFloat16ELi8ELb1EEENSt9enable_ifIXaagtT0_Li0Esr4vllm12_typeConvertIT_EE6existsEvE4typeEPS4_lS7_PKS4_fiil,gpu_max_FP_INT,11100.0
llm_layer,layer,7,_ZN4vllm25fused_add_rms_norm_kernelIN3c108BFloat16ELi8ELb1EEENSt9enable_ifIXaagtT0_Li0Esr4vllm12_typeConvertIT_EE6existsEvE4typeEPS4_lS7_PKS4_fiil,gpu_max_IC_H,0.0
llm_layer,layer,7,_ZN4vllm25fused_add_rms_norm_kernelIN3c108BFloat16ELi8ELb1EEENSt9enable_ifIXaagtT0_Li0Esr4vllm12_typeConvertIT_EE6existsEvE4typeEPS4_lS7_PKS4_fiil,gpu_max_IC_M,0.0
llm_layer,layer,7,_ZN4vllm25fused_add_rms_norm_kernelIN3c108BFloat16ELi8ELb1EEENSt9enable_ifIXaagtT0_Li0Esr4vllm12_typeConvertIT_EE6existsEvE4typeEPS4_lS7_PKS4_fiil,gpu_max_DC_RH,560.0
llm_layer,layer,7,_ZN4vllm25fused_add_rms_norm_kernelIN3c108BFloat16ELi8ELb1EEENSt9enable_ifIXaagtT0_Li0Esr4vllm12_typeConvertIT_EE6existsEvE4typeEPS4_lS7_PKS4_fiil,gpu_max_DC_RM,560.0
llm_layer,layer,7,_ZN4vllm25fused_add_rms_norm_kernelIN3c108BFloat16ELi8ELb1EEENSt9enable_ifIXaagtT0_Li0Esr4vllm12_typeConvertIT_EE6existsEvE4typeEPS4_lS7_PKS4_fiil,gpu_max_DC_WH,0.0
llm_layer,layer,7,_ZN4vllm25fused_add_rms_norm_kernelIN3c108BFloat16ELi8ELb1EEENSt9enable_ifIXaagtT0_Li0Esr4vllm12_typeConvertIT_EE6existsEvE4typeEPS4_lS7_PKS4_fiil,gpu_max_DC_WM,0.0
llm_layer,layer,7,_ZN4vllm25fused_add_rms_norm_kernelIN3c108BFloat16ELi8ELb1EEENSt9enable_ifIXaagtT0_Li0Esr4vllm12_typeConvertIT_EE6existsEvE4typeEPS4_lS7_PKS4_fiil,gpu_max_TC_H,0.0
llm_layer,layer,7,_ZN4vllm25fused_add_rms_norm_kernelIN3c108BFloat16ELi8ELb1EEENSt9enable_ifIXaagtT0_Li0Esr4vllm12_typeConvertIT_EE6existsEvE4typeEPS4_lS7_PKS4_fiil,gpu_max_TC_M,0.0
llm_layer,layer,7,_ZN4vllm25fused_add_rms_norm_kernelIN3c108BFloat16ELi8ELb1EEENSt9enable_ifIXaagtT0_Li0Esr4vllm12_typeConvertIT_EE6existsEvE4typeEPS4_lS7_PKS4_fiil,gpu_max_CC_H,280.0
llm_layer,layer,7,_ZN4vllm25fused_add_rms_norm_kernelIN3c108BFloat16ELi8ELb1EEENSt9enable_ifIXaagtT0_Li0Esr4vllm12_typeConvertIT_EE6existsEvE4typeEPS4_lS7_PKS4_fiil,gpu_max_CC_M,0.0
llm_layer,layer,7,_ZN4vllm25fused_add_rms_norm_kernelIN3c108BFloat16ELi8ELb1EEENSt9enable_ifIXaagtT0_Li0Esr4vllm12_typeConvertIT_EE6existsEvE4typeEPS4_lS7_PKS4_fiil,gpu_max_SHRD_ACC,240.0
llm_layer,layer,7,_ZN4vllm25fused_add_rms_norm_kernelIN3c108BFloat16ELi8ELb1EEENSt9enable_ifIXaagtT0_Li0Esr4vllm12_typeConvertIT_EE6existsEvE4typeEPS4_lS7_PKS4_fiil,gpu_max_REG_RD,0.0
llm_layer,layer,7,_ZN4vllm25fused_add_rms_norm_kernelIN3c108BFloat16ELi8ELb1EEENSt9enable_ifIXaagtT0_Li0Esr4vllm12_typeConvertIT_EE6existsEvE4typeEPS4_lS7_PKS4_fiil,gpu_max_REG_WR,0.0
llm_layer,layer,7,_ZN4vllm25fused_add_rms_norm_kernelIN3c108BFloat16ELi8ELb1EEENSt9enable_ifIXaagtT0_Li0Esr4vllm12_typeConvertIT_EE6existsEvE4typeEPS4_lS7_PKS4_fiil,gpu_max_NON_REG_OPs,0.0
llm_layer,layer,7,_ZN4vllm25fused_add_rms_norm_kernelIN3c108BFloat16ELi8ELb1EEENSt9enable_ifIXaagtT0_Li0Esr4vllm12_typeConvertIT_EE6existsEvE4typeEPS4_lS7_PKS4_fiil,gpu_max_INT_ACC,2767330.0
llm_layer,layer,7,_ZN4vllm25fused_add_rms_norm_kernelIN3c108BFloat16ELi8ELb1EEENSt9enable_ifIXaagtT0_Li0Esr4vllm12_typeConvertIT_EE6existsEvE4typeEPS4_lS7_PKS4_fiil,gpu_max_FPU_ACC,16398.6
llm_layer,layer,7,_ZN4vllm25fused_add_rms_norm_kernelIN3c108BFloat16ELi8ELb1EEENSt9enable_ifIXaagtT0_Li0Esr4vllm12_typeConvertIT_EE6existsEvE4typeEPS4_lS7_PKS4_fiil,gpu_max_DPU_ACC,0.0
llm_layer,layer,7,_ZN4vllm25fused_add_rms_norm_kernelIN3c108BFloat16ELi8ELb1EEENSt9enable_ifIXaagtT0_Li0Esr4vllm12_typeConvertIT_EE6existsEvE4typeEPS4_lS7_PKS4_fiil,gpu_max_INT_MUL24_ACC,0.0
llm_layer,layer,7,_ZN4vllm25fused_add_rms_norm_kernelIN3c108BFloat16ELi8ELb1EEENSt9enable_ifIXaagtT0_Li0Esr4vllm12_typeConvertIT_EE6existsEvE4typeEPS4_lS7_PKS4_fiil,gpu_max_INT_MUL32_ACC,0.0
llm_layer,layer,7,_ZN4vllm25fused_add_rms_norm_kernelIN3c108BFloat16ELi8ELb1EEENSt9enable_ifIXaagtT0_Li0Esr4vllm12_typeConvertIT_EE6existsEvE4typeEPS4_lS7_PKS4_fiil,gpu_max_INT_MUL_ACC,3388.49
llm_layer,layer,7,_ZN4vllm25fused_add_rms_norm_kernelIN3c108BFloat16ELi8ELb1EEENSt9enable_ifIXaagtT0_Li0Esr4vllm12_typeConvertIT_EE6existsEvE4typeEPS4_lS7_PKS4_fiil,gpu_max_INT_DIV_ACC,0.0
llm_layer,layer,7,_ZN4vllm25fused_add_rms_norm_kernelIN3c108BFloat16ELi8ELb1EEENSt9enable_ifIXaagtT0_Li0Esr4vllm12_typeConvertIT_EE6existsEvE4typeEPS4_lS7_PKS4_fiil,gpu_max_FP_MUL_ACC,100.259
llm_layer,layer,7,_ZN4vllm25fused_add_rms_norm_kernelIN3c108BFloat16ELi8ELb1EEENSt9enable_ifIXaagtT0_Li0Esr4vllm12_typeConvertIT_EE6existsEvE4typeEPS4_lS7_PKS4_fiil,gpu_max_FP_DIV_ACC,0.0
llm_layer,layer,7,_ZN4vllm25fused_add_rms_norm_kernelIN3c108BFloat16ELi8ELb1EEENSt9enable_ifIXaagtT0_Li0Esr4vllm12_typeConvertIT_EE6existsEvE4typeEPS4_lS7_PKS4_fiil,gpu_max_FP_SQRT_ACC,0.0
llm_layer,layer,7,_ZN4vllm25fused_add_rms_norm_kernelIN3c108BFloat16ELi8ELb1EEENSt9enable_ifIXaagtT0_Li0Esr4vllm12_typeConvertIT_EE6existsEvE4typeEPS4_lS7_PKS4_fiil,gpu_max_FP_LG_ACC,0.0
llm_layer,layer,7,_ZN4vllm25fused_add_rms_norm_kernelIN3c108BFloat16ELi8ELb1EEENSt9enable_ifIXaagtT0_Li0Esr4vllm12_typeConvertIT_EE6existsEvE4typeEPS4_lS7_PKS4_fiil,gpu_max_FP_SIN_ACC,0.0
llm_layer,layer,7,_ZN4vllm25fused_add_rms_norm_kernelIN3c108BFloat16ELi8ELb1EEENSt9enable_ifIXaagtT0_Li0Esr4vllm12_typeConvertIT_EE6existsEvE4typeEPS4_lS7_PKS4_fiil,gpu_max_FP_EXP_ACC,0.0
llm_layer,layer,7,_ZN4vllm25fused_add_rms_norm_kernelIN3c108BFloat16ELi8ELb1EEENSt9enable_ifIXaagtT0_Li0Esr4vllm12_typeConvertIT_EE6existsEvE4typeEPS4_lS7_PKS4_fiil,gpu_max_DP_MUL_ACC,0.0
llm_layer,layer,7,_ZN4vllm25fused_add_rms_norm_kernelIN3c108BFloat16ELi8ELb1EEENSt9enable_ifIXaagtT0_Li0Esr4vllm12_typeConvertIT_EE6existsEvE4typeEPS4_lS7_PKS4_fiil,gpu_max_DP_DIV_ACC,0.0
llm_layer,layer,7,_ZN4vllm25fused_add_rms_norm_kernelIN3c108BFloat16ELi8ELb1EEENSt9enable_ifIXaagtT0_Li0Esr4vllm12_typeConvertIT_EE6existsEvE4typeEPS4_lS7_PKS4_fiil,gpu_max_TENSOR_ACC,0.0
llm_layer,layer,7,_ZN4vllm25fused_add_rms_norm_kernelIN3c108BFloat16ELi8ELb1EEENSt9enable_ifIXaagtT0_Li0Esr4vllm12_typeConvertIT_EE6existsEvE4typeEPS4_lS7_PKS4_fiil,gpu_max_TEX_ACC,0.0
llm_layer,layer,7,_ZN4vllm25fused_add_rms_norm_kernelIN3c108BFloat16ELi8ELb1EEENSt9enable_ifIXaagtT0_Li0Esr4vllm12_typeConvertIT_EE6existsEvE4typeEPS4_lS7_PKS4_fiil,gpu_max_MEM_RD,0.0
llm_layer,layer,7,_ZN4vllm25fused_add_rms_norm_kernelIN3c108BFloat16ELi8ELb1EEENSt9enable_ifIXaagtT0_Li0Esr4vllm12_typeConvertIT_EE6existsEvE4typeEPS4_lS7_PKS4_fiil,gpu_max_MEM_WR,0.0
llm_layer,layer,7,_ZN4vllm25fused_add_rms_norm_kernelIN3c108BFloat16ELi8ELb1EEENSt9enable_ifIXaagtT0_Li0Esr4vllm12_typeConvertIT_EE6existsEvE4typeEPS4_lS7_PKS4_fiil,gpu_max_MEM_PRE,0.0
llm_layer,layer,7,_ZN4vllm25fused_add_rms_norm_kernelIN3c108BFloat16ELi8ELb1EEENSt9enable_ifIXaagtT0_Li0Esr4vllm12_typeConvertIT_EE6existsEvE4typeEPS4_lS7_PKS4_fiil,gpu_max_L2_RH,42.0
llm_layer,layer,7,_ZN4vllm25fused_add_rms_norm_kernelIN3c108BFloat16ELi8ELb1EEENSt9enable_ifIXaagtT0_Li0Esr4vllm12_typeConvertIT_EE6existsEvE4typeEPS4_lS7_PKS4_fiil,gpu_max_L2_RM,1.0
llm_layer,layer,7,_ZN4vllm25fused_add_rms_norm_kernelIN3c108BFloat16ELi8ELb1EEENSt9enable_ifIXaagtT0_Li0Esr4vllm12_typeConvertIT_EE6existsEvE4typeEPS4_lS7_PKS4_fiil,gpu_max_L2_WH,0.0
llm_layer,layer,7,_ZN4vllm25fused_add_rms_norm_kernelIN3c108BFloat16ELi8ELb1EEENSt9enable_ifIXaagtT0_Li0Esr4vllm12_typeConvertIT_EE6existsEvE4typeEPS4_lS7_PKS4_fiil,gpu_max_L2_WM,0.0
llm_layer,layer,7,_ZN4vllm25fused_add_rms_norm_kernelIN3c108BFloat16ELi8ELb1EEENSt9enable_ifIXaagtT0_Li0Esr4vllm12_typeConvertIT_EE6existsEvE4typeEPS4_lS7_PKS4_fiil,gpu_max_NOC_A,1180.0
llm_layer,layer,7,_ZN4vllm25fused_add_rms_norm_kernelIN3c108BFloat16ELi8ELb1EEENSt9enable_ifIXaagtT0_Li0Esr4vllm12_typeConvertIT_EE6existsEvE4typeEPS4_lS7_PKS4_fiil,gpu_max_PIPE_A,0.0186695
llm_layer,layer,7,_ZN4vllm25fused_add_rms_norm_kernelIN3c108BFloat16ELi8ELb1EEENSt9enable_ifIXaagtT0_Li0Esr4vllm12_typeConvertIT_EE6existsEvE4typeEPS4_lS7_PKS4_fiil,gpu_max_IDLE_CORE_N,122.0
llm_layer,layer,7,_ZN4vllm25fused_add_rms_norm_kernelIN3c108BFloat16ELi8ELb1EEENSt9enable_ifIXaagtT0_Li0Esr4vllm12_typeConvertIT_EE6existsEvE4typeEPS4_lS7_PKS4_fiil,gpu_max_constant_power,0.0
llm_layer,layer,7,_ZN4vllm25fused_add_rms_norm_kernelIN3c108BFloat16ELi8ELb1EEENSt9enable_ifIXaagtT0_Li0Esr4vllm12_typeConvertIT_EE6existsEvE4typeEPS4_lS7_PKS4_fiil,kernel_min_power,70.2039
llm_layer,layer,7,_ZN4vllm25fused_add_rms_norm_kernelIN3c108BFloat16ELi8ELb1EEENSt9enable_ifIXaagtT0_Li0Esr4vllm12_typeConvertIT_EE6existsEvE4typeEPS4_lS7_PKS4_fiil,gpu_min_IBP,0.0
llm_layer,layer,7,_ZN4vllm25fused_add_rms_norm_kernelIN3c108BFloat16ELi8ELb1EEENSt9enable_ifIXaagtT0_Li0Esr4vllm12_typeConvertIT_EE6existsEvE4typeEPS4_lS7_PKS4_fiil,gpu_min_ICP,0.0
llm_layer,layer,7,_ZN4vllm25fused_add_rms_norm_kernelIN3c108BFloat16ELi8ELb1EEENSt9enable_ifIXaagtT0_Li0Esr4vllm12_typeConvertIT_EE6existsEvE4typeEPS4_lS7_PKS4_fiil,gpu_min_DCP,0.0
llm_layer,layer,7,_ZN4vllm25fused_add_rms_norm_kernelIN3c108BFloat16ELi8ELb1EEENSt9enable_ifIXaagtT0_Li0Esr4vllm12_typeConvertIT_EE6existsEvE4typeEPS4_lS7_PKS4_fiil,gpu_min_TCP,0.0
llm_layer,layer,7,_ZN4vllm25fused_add_rms_norm_kernelIN3c108BFloat16ELi8ELb1EEENSt9enable_ifIXaagtT0_Li0Esr4vllm12_typeConvertIT_EE6existsEvE4typeEPS4_lS7_PKS4_fiil,gpu_min_CCP,0.0
llm_layer,layer,7,_ZN4vllm25fused_add_rms_norm_kernelIN3c108BFloat16ELi8ELb1EEENSt9enable_ifIXaagtT0_Li0Esr4vllm12_typeConvertIT_EE6existsEvE4typeEPS4_lS7_PKS4_fiil,gpu_min_SHRDP,0.0
llm_layer,layer,7,_ZN4vllm25fused_add_rms_norm_kernelIN3c108BFloat16ELi8ELb1EEENSt9enable_ifIXaagtT0_Li0Esr4vllm12_typeConvertIT_EE6existsEvE4typeEPS4_lS7_PKS4_fiil,gpu_min_RFP,0.0
llm_layer,layer,7,_ZN4vllm25fused_add_rms_norm_kernelIN3c108BFloat16ELi8ELb1EEENSt9enable_ifIXaagtT0_Li0Esr4vllm12_typeConvertIT_EE6existsEvE4typeEPS4_lS7_PKS4_fiil,gpu_min_INTP,0.0
llm_layer,layer,7,_ZN4vllm25fused_add_rms_norm_kernelIN3c108BFloat16ELi8ELb1EEENSt9enable_ifIXaagtT0_Li0Esr4vllm12_typeConvertIT_EE6existsEvE4typeEPS4_lS7_PKS4_fiil,gpu_min_FPUP,0.0
llm_layer,layer,7,_ZN4vllm25fused_add_rms_norm_kernelIN3c108BFloat16ELi8ELb1EEENSt9enable_ifIXaagtT0_Li0Esr4vllm12_typeConvertIT_EE6existsEvE4typeEPS4_lS7_PKS4_fiil,gpu_min_DPUP,0.0
llm_layer,layer,7,_ZN4vllm25fused_add_rms_norm_kernelIN3c108BFloat16ELi8ELb1EEENSt9enable_ifIXaagtT0_Li0Esr4vllm12_typeConvertIT_EE6existsEvE4typeEPS4_lS7_PKS4_fiil,gpu_min_INT_MUL24P,0.0
llm_layer,layer,7,_ZN4vllm25fused_add_rms_norm_kernelIN3c108BFloat16ELi8ELb1EEENSt9enable_ifIXaagtT0_Li0Esr4vllm12_typeConvertIT_EE6existsEvE4typeEPS4_lS7_PKS4_fiil,gpu_min_INT_MUL32P,0.0
llm_layer,layer,7,_ZN4vllm25fused_add_rms_norm_kernelIN3c108BFloat16ELi8ELb1EEENSt9enable_ifIXaagtT0_Li0Esr4vllm12_typeConvertIT_EE6existsEvE4typeEPS4_lS7_PKS4_fiil,gpu_min_INT_MULP,0.0
llm_layer,layer,7,_ZN4vllm25fused_add_rms_norm_kernelIN3c108BFloat16ELi8ELb1EEENSt9enable_ifIXaagtT0_Li0Esr4vllm12_typeConvertIT_EE6existsEvE4typeEPS4_lS7_PKS4_fiil,gpu_min_INT_DIVP,0.0
llm_layer,layer,7,_ZN4vllm25fused_add_rms_norm_kernelIN3c108BFloat16ELi8ELb1EEENSt9enable_ifIXaagtT0_Li0Esr4vllm12_typeConvertIT_EE6existsEvE4typeEPS4_lS7_PKS4_fiil,gpu_min_FP_MULP,0.0
llm_layer,layer,7,_ZN4vllm25fused_add_rms_norm_kernelIN3c108BFloat16ELi8ELb1EEENSt9enable_ifIXaagtT0_Li0Esr4vllm12_typeConvertIT_EE6existsEvE4typeEPS4_lS7_PKS4_fiil,gpu_min_FP_DIVP,0.0
llm_layer,layer,7,_ZN4vllm25fused_add_rms_norm_kernelIN3c108BFloat16ELi8ELb1EEENSt9enable_ifIXaagtT0_Li0Esr4vllm12_typeConvertIT_EE6existsEvE4typeEPS4_lS7_PKS4_fiil,gpu_min_FP_SQRTP,0.0
llm_layer,layer,7,_ZN4vllm25fused_add_rms_norm_kernelIN3c108BFloat16ELi8ELb1EEENSt9enable_ifIXaagtT0_Li0Esr4vllm12_typeConvertIT_EE6existsEvE4typeEPS4_lS7_PKS4_fiil,gpu_min_FP_LGP,0.0
llm_layer,layer,7,_ZN4vllm25fused_add_rms_norm_kernelIN3c108BFloat16ELi8ELb1EEENSt9enable_ifIXaagtT0_Li0Esr4vllm12_typeConvertIT_EE6existsEvE4typeEPS4_lS7_PKS4_fiil,gpu_min_FP_SINP,0.0
llm_layer,layer,7,_ZN4vllm25fused_add_rms_norm_kernelIN3c108BFloat16ELi8ELb1EEENSt9enable_ifIXaagtT0_Li0Esr4vllm12_typeConvertIT_EE6existsEvE4typeEPS4_lS7_PKS4_fiil,gpu_min_FP_EXP,0.0
llm_layer,layer,7,_ZN4vllm25fused_add_rms_norm_kernelIN3c108BFloat16ELi8ELb1EEENSt9enable_ifIXaagtT0_Li0Esr4vllm12_typeConvertIT_EE6existsEvE4typeEPS4_lS7_PKS4_fiil,gpu_min_DP_MULP,0.0
llm_layer,layer,7,_ZN4vllm25fused_add_rms_norm_kernelIN3c108BFloat16ELi8ELb1EEENSt9enable_ifIXaagtT0_Li0Esr4vllm12_typeConvertIT_EE6existsEvE4typeEPS4_lS7_PKS4_fiil,gpu_min_DP_DIVP,0.0
llm_layer,layer,7,_ZN4vllm25fused_add_rms_norm_kernelIN3c108BFloat16ELi8ELb1EEENSt9enable_ifIXaagtT0_Li0Esr4vllm12_typeConvertIT_EE6existsEvE4typeEPS4_lS7_PKS4_fiil,gpu_min_TENSORP,0.0
llm_layer,layer,7,_ZN4vllm25fused_add_rms_norm_kernelIN3c108BFloat16ELi8ELb1EEENSt9enable_ifIXaagtT0_Li0Esr4vllm12_typeConvertIT_EE6existsEvE4typeEPS4_lS7_PKS4_fiil,gpu_min_TEXP,0.0
llm_layer,layer,7,_ZN4vllm25fused_add_rms_norm_kernelIN3c108BFloat16ELi8ELb1EEENSt9enable_ifIXaagtT0_Li0Esr4vllm12_typeConvertIT_EE6existsEvE4typeEPS4_lS7_PKS4_fiil,gpu_min_SCHEDP,0.0
llm_layer,layer,7,_ZN4vllm25fused_add_rms_norm_kernelIN3c108BFloat16ELi8ELb1EEENSt9enable_ifIXaagtT0_Li0Esr4vllm12_typeConvertIT_EE6existsEvE4typeEPS4_lS7_PKS4_fiil,gpu_min_L2CP,0.0
llm_layer,layer,7,_ZN4vllm25fused_add_rms_norm_kernelIN3c108BFloat16ELi8ELb1EEENSt9enable_ifIXaagtT0_Li0Esr4vllm12_typeConvertIT_EE6existsEvE4typeEPS4_lS7_PKS4_fiil,gpu_min_MCP,0.55022
llm_layer,layer,7,_ZN4vllm25fused_add_rms_norm_kernelIN3c108BFloat16ELi8ELb1EEENSt9enable_ifIXaagtT0_Li0Esr4vllm12_typeConvertIT_EE6existsEvE4typeEPS4_lS7_PKS4_fiil,gpu_min_NOCP,0.0
llm_layer,layer,7,_ZN4vllm25fused_add_rms_norm_kernelIN3c108BFloat16ELi8ELb1EEENSt9enable_ifIXaagtT0_Li0Esr4vllm12_typeConvertIT_EE6existsEvE4typeEPS4_lS7_PKS4_fiil,gpu_min_DRAMP,0.0
llm_layer,layer,7,_ZN4vllm25fused_add_rms_norm_kernelIN3c108BFloat16ELi8ELb1EEENSt9enable_ifIXaagtT0_Li0Esr4vllm12_typeConvertIT_EE6existsEvE4typeEPS4_lS7_PKS4_fiil,gpu_min_PIPEP,0.0
llm_layer,layer,7,_ZN4vllm25fused_add_rms_norm_kernelIN3c108BFloat16ELi8ELb1EEENSt9enable_ifIXaagtT0_Li0Esr4vllm12_typeConvertIT_EE6existsEvE4typeEPS4_lS7_PKS4_fiil,gpu_min_IDLE_COREP,37.3285
llm_layer,layer,7,_ZN4vllm25fused_add_rms_norm_kernelIN3c108BFloat16ELi8ELb1EEENSt9enable_ifIXaagtT0_Li0Esr4vllm12_typeConvertIT_EE6existsEvE4typeEPS4_lS7_PKS4_fiil,gpu_min_CONSTP,32.3252
llm_layer,layer,7,_ZN4vllm25fused_add_rms_norm_kernelIN3c108BFloat16ELi8ELb1EEENSt9enable_ifIXaagtT0_Li0Esr4vllm12_typeConvertIT_EE6existsEvE4typeEPS4_lS7_PKS4_fiil,gpu_min_STATICP,0.0
llm_layer,layer,7,_ZN4vllm25fused_add_rms_norm_kernelIN3c108BFloat16ELi8ELb1EEENSt9enable_ifIXaagtT0_Li0Esr4vllm12_typeConvertIT_EE6existsEvE4typeEPS4_lS7_PKS4_fiil,gpu_min_TOT_INST,0.0
llm_layer,layer,7,_ZN4vllm25fused_add_rms_norm_kernelIN3c108BFloat16ELi8ELb1EEENSt9enable_ifIXaagtT0_Li0Esr4vllm12_typeConvertIT_EE6existsEvE4typeEPS4_lS7_PKS4_fiil,gpu_min_FP_INT,0.0
llm_layer,layer,7,_ZN4vllm25fused_add_rms_norm_kernelIN3c108BFloat16ELi8ELb1EEENSt9enable_ifIXaagtT0_Li0Esr4vllm12_typeConvertIT_EE6existsEvE4typeEPS4_lS7_PKS4_fiil,gpu_min_IC_H,0.0
llm_layer,layer,7,_ZN4vllm25fused_add_rms_norm_kernelIN3c108BFloat16ELi8ELb1EEENSt9enable_ifIXaagtT0_Li0Esr4vllm12_typeConvertIT_EE6existsEvE4typeEPS4_lS7_PKS4_fiil,gpu_min_IC_M,0.0
llm_layer,layer,7,_ZN4vllm25fused_add_rms_norm_kernelIN3c108BFloat16ELi8ELb1EEENSt9enable_ifIXaagtT0_Li0Esr4vllm12_typeConvertIT_EE6existsEvE4typeEPS4_lS7_PKS4_fiil,gpu_min_DC_RH,0.0
llm_layer,layer,7,_ZN4vllm25fused_add_rms_norm_kernelIN3c108BFloat16ELi8ELb1EEENSt9enable_ifIXaagtT0_Li0Esr4vllm12_typeConvertIT_EE6existsEvE4typeEPS4_lS7_PKS4_fiil,gpu_min_DC_RM,0.0
llm_layer,layer,7,_ZN4vllm25fused_add_rms_norm_kernelIN3c108BFloat16ELi8ELb1EEENSt9enable_ifIXaagtT0_Li0Esr4vllm12_typeConvertIT_EE6existsEvE4typeEPS4_lS7_PKS4_fiil,gpu_min_DC_WH,0.0
llm_layer,layer,7,_ZN4vllm25fused_add_rms_norm_kernelIN3c108BFloat16ELi8ELb1EEENSt9enable_ifIXaagtT0_Li0Esr4vllm12_typeConvertIT_EE6existsEvE4typeEPS4_lS7_PKS4_fiil,gpu_min_DC_WM,0.0
llm_layer,layer,7,_ZN4vllm25fused_add_rms_norm_kernelIN3c108BFloat16ELi8ELb1EEENSt9enable_ifIXaagtT0_Li0Esr4vllm12_typeConvertIT_EE6existsEvE4typeEPS4_lS7_PKS4_fiil,gpu_min_TC_H,0.0
llm_layer,layer,7,_ZN4vllm25fused_add_rms_norm_kernelIN3c108BFloat16ELi8ELb1EEENSt9enable_ifIXaagtT0_Li0Esr4vllm12_typeConvertIT_EE6existsEvE4typeEPS4_lS7_PKS4_fiil,gpu_min_TC_M,0.0
llm_layer,layer,7,_ZN4vllm25fused_add_rms_norm_kernelIN3c108BFloat16ELi8ELb1EEENSt9enable_ifIXaagtT0_Li0Esr4vllm12_typeConvertIT_EE6existsEvE4typeEPS4_lS7_PKS4_fiil,gpu_min_CC_H,0.0
llm_layer,layer,7,_ZN4vllm25fused_add_rms_norm_kernelIN3c108BFloat16ELi8ELb1EEENSt9enable_ifIXaagtT0_Li0Esr4vllm12_typeConvertIT_EE6existsEvE4typeEPS4_lS7_PKS4_fiil,gpu_min_CC_M,0.0
llm_layer,layer,7,_ZN4vllm25fused_add_rms_norm_kernelIN3c108BFloat16ELi8ELb1EEENSt9enable_ifIXaagtT0_Li0Esr4vllm12_typeConvertIT_EE6existsEvE4typeEPS4_lS7_PKS4_fiil,gpu_min_SHRD_ACC,0.0
llm_layer,layer,7,_ZN4vllm25fused_add_rms_norm_kernelIN3c108BFloat16ELi8ELb1EEENSt9enable_ifIXaagtT0_Li0Esr4vllm12_typeConvertIT_EE6existsEvE4typeEPS4_lS7_PKS4_fiil,gpu_min_REG_RD,0.0
llm_layer,layer,7,_ZN4vllm25fused_add_rms_norm_kernelIN3c108BFloat16ELi8ELb1EEENSt9enable_ifIXaagtT0_Li0Esr4vllm12_typeConvertIT_EE6existsEvE4typeEPS4_lS7_PKS4_fiil,gpu_min_REG_WR,0.0
llm_layer,layer,7,_ZN4vllm25fused_add_rms_norm_kernelIN3c108BFloat16ELi8ELb1EEENSt9enable_ifIXaagtT0_Li0Esr4vllm12_typeConvertIT_EE6existsEvE4typeEPS4_lS7_PKS4_fiil,gpu_min_NON_REG_OPs,0.0
llm_layer,layer,7,_ZN4vllm25fused_add_rms_norm_kernelIN3c108BFloat16ELi8ELb1EEENSt9enable_ifIXaagtT0_Li0Esr4vllm12_typeConvertIT_EE6existsEvE4typeEPS4_lS7_PKS4_fiil,gpu_min_INT_ACC,0.0
llm_layer,layer,7,_ZN4vllm25fused_add_rms_norm_kernelIN3c108BFloat16ELi8ELb1EEENSt9enable_ifIXaagtT0_Li0Esr4vllm12_typeConvertIT_EE6existsEvE4typeEPS4_lS7_PKS4_fiil,gpu_min_FPU_ACC,0.0
llm_layer,layer,7,_ZN4vllm25fused_add_rms_norm_kernelIN3c108BFloat16ELi8ELb1EEENSt9enable_ifIXaagtT0_Li0Esr4vllm12_typeConvertIT_EE6existsEvE4typeEPS4_lS7_PKS4_fiil,gpu_min_DPU_ACC,0.0
llm_layer,layer,7,_ZN4vllm25fused_add_rms_norm_kernelIN3c108BFloat16ELi8ELb1EEENSt9enable_ifIXaagtT0_Li0Esr4vllm12_typeConvertIT_EE6existsEvE4typeEPS4_lS7_PKS4_fiil,gpu_min_INT_MUL24_ACC,0.0
llm_layer,layer,7,_ZN4vllm25fused_add_rms_norm_kernelIN3c108BFloat16ELi8ELb1EEENSt9enable_ifIXaagtT0_Li0Esr4vllm12_typeConvertIT_EE6existsEvE4typeEPS4_lS7_PKS4_fiil,gpu_min_INT_MUL32_ACC,0.0
llm_layer,layer,7,_ZN4vllm25fused_add_rms_norm_kernelIN3c108BFloat16ELi8ELb1EEENSt9enable_ifIXaagtT0_Li0Esr4vllm12_typeConvertIT_EE6existsEvE4typeEPS4_lS7_PKS4_fiil,gpu_min_INT_MUL_ACC,0.0
llm_layer,layer,7,_ZN4vllm25fused_add_rms_norm_kernelIN3c108BFloat16ELi8ELb1EEENSt9enable_ifIXaagtT0_Li0Esr4vllm12_typeConvertIT_EE6existsEvE4typeEPS4_lS7_PKS4_fiil,gpu_min_INT_DIV_ACC,0.0
llm_layer,layer,7,_ZN4vllm25fused_add_rms_norm_kernelIN3c108BFloat16ELi8ELb1EEENSt9enable_ifIXaagtT0_Li0Esr4vllm12_typeConvertIT_EE6existsEvE4typeEPS4_lS7_PKS4_fiil,gpu_min_FP_MUL_ACC,0.0
llm_layer,layer,7,_ZN4vllm25fused_add_rms_norm_kernelIN3c108BFloat16ELi8ELb1EEENSt9enable_ifIXaagtT0_Li0Esr4vllm12_typeConvertIT_EE6existsEvE4typeEPS4_lS7_PKS4_fiil,gpu_min_FP_DIV_ACC,0.0
llm_layer,layer,7,_ZN4vllm25fused_add_rms_norm_kernelIN3c108BFloat16ELi8ELb1EEENSt9enable_ifIXaagtT0_Li0Esr4vllm12_typeConvertIT_EE6existsEvE4typeEPS4_lS7_PKS4_fiil,gpu_min_FP_SQRT_ACC,0.0
llm_layer,layer,7,_ZN4vllm25fused_add_rms_norm_kernelIN3c108BFloat16ELi8ELb1EEENSt9enable_ifIXaagtT0_Li0Esr4vllm12_typeConvertIT_EE6existsEvE4typeEPS4_lS7_PKS4_fiil,gpu_min_FP_LG_ACC,0.0
llm_layer,layer,7,_ZN4vllm25fused_add_rms_norm_kernelIN3c108BFloat16ELi8ELb1EEENSt9enable_ifIXaagtT0_Li0Esr4vllm12_typeConvertIT_EE6existsEvE4typeEPS4_lS7_PKS4_fiil,gpu_min_FP_SIN_ACC,0.0
llm_layer,layer,7,_ZN4vllm25fused_add_rms_norm_kernelIN3c108BFloat16ELi8ELb1EEENSt9enable_ifIXaagtT0_Li0Esr4vllm12_typeConvertIT_EE6existsEvE4typeEPS4_lS7_PKS4_fiil,gpu_min_FP_EXP_ACC,0.0
llm_layer,layer,7,_ZN4vllm25fused_add_rms_norm_kernelIN3c108BFloat16ELi8ELb1EEENSt9enable_ifIXaagtT0_Li0Esr4vllm12_typeConvertIT_EE6existsEvE4typeEPS4_lS7_PKS4_fiil,gpu_min_DP_MUL_ACC,0.0
llm_layer,layer,7,_ZN4vllm25fused_add_rms_norm_kernelIN3c108BFloat16ELi8ELb1EEENSt9enable_ifIXaagtT0_Li0Esr4vllm12_typeConvertIT_EE6existsEvE4typeEPS4_lS7_PKS4_fiil,gpu_min_DP_DIV_ACC,0.0
llm_layer,layer,7,_ZN4vllm25fused_add_rms_norm_kernelIN3c108BFloat16ELi8ELb1EEENSt9enable_ifIXaagtT0_Li0Esr4vllm12_typeConvertIT_EE6existsEvE4typeEPS4_lS7_PKS4_fiil,gpu_min_TENSOR_ACC,0.0
llm_layer,layer,7,_ZN4vllm25fused_add_rms_norm_kernelIN3c108BFloat16ELi8ELb1EEENSt9enable_ifIXaagtT0_Li0Esr4vllm12_typeConvertIT_EE6existsEvE4typeEPS4_lS7_PKS4_fiil,gpu_min_TEX_ACC,0.0
llm_layer,layer,7,_ZN4vllm25fused_add_rms_norm_kernelIN3c108BFloat16ELi8ELb1EEENSt9enable_ifIXaagtT0_Li0Esr4vllm12_typeConvertIT_EE6existsEvE4typeEPS4_lS7_PKS4_fiil,gpu_min_MEM_RD,0.0
llm_layer,layer,7,_ZN4vllm25fused_add_rms_norm_kernelIN3c108BFloat16ELi8ELb1EEENSt9enable_ifIXaagtT0_Li0Esr4vllm12_typeConvertIT_EE6existsEvE4typeEPS4_lS7_PKS4_fiil,gpu_min_MEM_WR,0.0
llm_layer,layer,7,_ZN4vllm25fused_add_rms_norm_kernelIN3c108BFloat16ELi8ELb1EEENSt9enable_ifIXaagtT0_Li0Esr4vllm12_typeConvertIT_EE6existsEvE4typeEPS4_lS7_PKS4_fiil,gpu_min_MEM_PRE,0.0
llm_layer,layer,7,_ZN4vllm25fused_add_rms_norm_kernelIN3c108BFloat16ELi8ELb1EEENSt9enable_ifIXaagtT0_Li0Esr4vllm12_typeConvertIT_EE6existsEvE4typeEPS4_lS7_PKS4_fiil,gpu_min_L2_RH,0.0
llm_layer,layer,7,_ZN4vllm25fused_add_rms_norm_kernelIN3c108BFloat16ELi8ELb1EEENSt9enable_ifIXaagtT0_Li0Esr4vllm12_typeConvertIT_EE6existsEvE4typeEPS4_lS7_PKS4_fiil,gpu_min_L2_RM,0.0
llm_layer,layer,7,_ZN4vllm25fused_add_rms_norm_kernelIN3c108BFloat16ELi8ELb1EEENSt9enable_ifIXaagtT0_Li0Esr4vllm12_typeConvertIT_EE6existsEvE4typeEPS4_lS7_PKS4_fiil,gpu_min_L2_WH,0.0
llm_layer,layer,7,_ZN4vllm25fused_add_rms_norm_kernelIN3c108BFloat16ELi8ELb1EEENSt9enable_ifIXaagtT0_Li0Esr4vllm12_typeConvertIT_EE6existsEvE4typeEPS4_lS7_PKS4_fiil,gpu_min_L2_WM,0.0
llm_layer,layer,7,_ZN4vllm25fused_add_rms_norm_kernelIN3c108BFloat16ELi8ELb1EEENSt9enable_ifIXaagtT0_Li0Esr4vllm12_typeConvertIT_EE6existsEvE4typeEPS4_lS7_PKS4_fiil,gpu_min_NOC_A,0.0
llm_layer,layer,7,_ZN4vllm25fused_add_rms_norm_kernelIN3c108BFloat16ELi8ELb1EEENSt9enable_ifIXaagtT0_Li0Esr4vllm12_typeConvertIT_EE6existsEvE4typeEPS4_lS7_PKS4_fiil,gpu_min_PIPE_A,0.0
llm_layer,layer,7,_ZN4vllm25fused_add_rms_norm_kernelIN3c108BFloat16ELi8ELb1EEENSt9enable_ifIXaagtT0_Li0Esr4vllm12_typeConvertIT_EE6existsEvE4typeEPS4_lS7_PKS4_fiil,gpu_min_IDLE_CORE_N,132.0
llm_layer,layer,7,_ZN4vllm25fused_add_rms_norm_kernelIN3c108BFloat16ELi8ELb1EEENSt9enable_ifIXaagtT0_Li0Esr4vllm12_typeConvertIT_EE6existsEvE4typeEPS4_lS7_PKS4_fiil,gpu_min_constant_power,0.0
llm_layer,layer,7,_ZN4vllm25fused_add_rms_norm_kernelIN3c108BFloat16ELi8ELb1EEENSt9enable_ifIXaagtT0_Li0Esr4vllm12_typeConvertIT_EE6existsEvE4typeEPS4_lS7_PKS4_fiil,gpu_tot_avg_power,75.2269
llm_layer,layer,7,_ZN4vllm25fused_add_rms_norm_kernelIN3c108BFloat16ELi8ELb1EEENSt9enable_ifIXaagtT0_Li0Esr4vllm12_typeConvertIT_EE6existsEvE4typeEPS4_lS7_PKS4_fiil,gpu_tot_max_power,129.93
llm_layer,layer,7,_ZN4vllm25fused_add_rms_norm_kernelIN3c108BFloat16ELi8ELb1EEENSt9enable_ifIXaagtT0_Li0Esr4vllm12_typeConvertIT_EE6existsEvE4typeEPS4_lS7_PKS4_fiil,gpu_tot_min_power,58.0819
llm_layer,layer,8,nvjet_sm90_tst_128x16_64x11_4x1_v_bz_TNT,kernel_launch_uid,9.0
llm_layer,layer,8,nvjet_sm90_tst_128x16_64x11_4x1_v_bz_TNT,kernel_avg_power,95.4159
llm_layer,layer,8,nvjet_sm90_tst_128x16_64x11_4x1_v_bz_TNT,gpu_avg_IBP,0.312028
llm_layer,layer,8,nvjet_sm90_tst_128x16_64x11_4x1_v_bz_TNT,gpu_avg_ICP,0.0
llm_layer,layer,8,nvjet_sm90_tst_128x16_64x11_4x1_v_bz_TNT,gpu_avg_DCP,0.0
llm_layer,layer,8,nvjet_sm90_tst_128x16_64x11_4x1_v_bz_TNT,gpu_avg_TCP,0.0
llm_layer,layer,8,nvjet_sm90_tst_128x16_64x11_4x1_v_bz_TNT,gpu_avg_CCP,0.00182307
llm_layer,layer,8,nvjet_sm90_tst_128x16_64x11_4x1_v_bz_TNT,gpu_avg_SHRDP,0.224904
llm_layer,layer,8,nvjet_sm90_tst_128x16_64x11_4x1_v_bz_TNT,gpu_avg_RFP,0.0
llm_layer,layer,8,nvjet_sm90_tst_128x16_64x11_4x1_v_bz_TNT,gpu_avg_INTP,6.2206
llm_layer,layer,8,nvjet_sm90_tst_128x16_64x11_4x1_v_bz_TNT,gpu_avg_FPUP,0.104917
llm_layer,layer,8,nvjet_sm90_tst_128x16_64x11_4x1_v_bz_TNT,gpu_avg_DPUP,0.0
llm_layer,layer,8,nvjet_sm90_tst_128x16_64x11_4x1_v_bz_TNT,gpu_avg_INT_MUL24P,0.0
llm_layer,layer,8,nvjet_sm90_tst_128x16_64x11_4x1_v_bz_TNT,gpu_avg_INT_MUL32P,0.0
llm_layer,layer,8,nvjet_sm90_tst_128x16_64x11_4x1_v_bz_TNT,gpu_avg_INT_MULP,0.478665
llm_layer,layer,8,nvjet_sm90_tst_128x16_64x11_4x1_v_bz_TNT,gpu_avg_INT_DIVP,0.0
llm_layer,layer,8,nvjet_sm90_tst_128x16_64x11_4x1_v_bz_TNT,gpu_avg_FP_MULP,0.0
llm_layer,layer,8,nvjet_sm90_tst_128x16_64x11_4x1_v_bz_TNT,gpu_avg_FP_DIVP,0.0
llm_layer,layer,8,nvjet_sm90_tst_128x16_64x11_4x1_v_bz_TNT,gpu_avg_FP_SQRTP,0.0
llm_layer,layer,8,nvjet_sm90_tst_128x16_64x11_4x1_v_bz_TNT,gpu_avg_FP_LGP,0.0
llm_layer,layer,8,nvjet_sm90_tst_128x16_64x11_4x1_v_bz_TNT,gpu_avg_FP_SINP,0.0
llm_layer,layer,8,nvjet_sm90_tst_128x16_64x11_4x1_v_bz_TNT,gpu_avg_FP_EXP,0.0
llm_layer,layer,8,nvjet_sm90_tst_128x16_64x11_4x1_v_bz_TNT,gpu_avg_DP_MULP,0.0
llm_layer,layer,8,nvjet_sm90_tst_128x16_64x11_4x1_v_bz_TNT,gpu_avg_DP_DIVP,0.0
llm_layer,layer,8,nvjet_sm90_tst_128x16_64x11_4x1_v_bz_TNT,gpu_avg_TENSORP,0.0
llm_layer,layer,8,nvjet_sm90_tst_128x16_64x11_4x1_v_bz_TNT,gpu_avg_TEXP,0.0
llm_layer,layer,8,nvjet_sm90_tst_128x16_64x11_4x1_v_bz_TNT,gpu_avg_SCHEDP,0.890422
llm_layer,layer,8,nvjet_sm90_tst_128x16_64x11_4x1_v_bz_TNT,gpu_avg_L2CP,0.415767
llm_layer,layer,8,nvjet_sm90_tst_128x16_64x11_4x1_v_bz_TNT,gpu_avg_MCP,0.550416
llm_layer,layer,8,nvjet_sm90_tst_128x16_64x11_4x1_v_bz_TNT,gpu_avg_NOCP,17.401
llm_layer,layer,8,nvjet_sm90_tst_128x16_64x11_4x1_v_bz_TNT,gpu_avg_DRAMP,0.0
llm_layer,layer,8,nvjet_sm90_tst_128x16_64x11_4x1_v_bz_TNT,gpu_avg_PIPEP,0.777372
llm_layer,layer,8,nvjet_sm90_tst_128x16_64x11_4x1_v_bz_TNT,gpu_avg_IDLE_COREP,21.9929
llm_layer,layer,8,nvjet_sm90_tst_128x16_64x11_4x1_v_bz_TNT,gpu_avg_CONSTP,32.3252
llm_layer,layer,8,nvjet_sm90_tst_128x16_64x11_4x1_v_bz_TNT,gpu_avg_STATICP,13.7198
llm_layer,layer,8,nvjet_sm90_tst_128x16_64x11_4x1_v_bz_TNT,gpu_avg_TOT_INST,13404.2
llm_layer,layer,8,nvjet_sm90_tst_128x16_64x11_4x1_v_bz_TNT,gpu_avg_FP_INT,12989.4
llm_layer,layer,8,nvjet_sm90_tst_128x16_64x11_4x1_v_bz_TNT,gpu_avg_IC_H,0.0
llm_layer,layer,8,nvjet_sm90_tst_128x16_64x11_4x1_v_bz_TNT,gpu_avg_IC_M,0.0
llm_layer,layer,8,nvjet_sm90_tst_128x16_64x11_4x1_v_bz_TNT,gpu_avg_DC_RH,0.0
llm_layer,layer,8,nvjet_sm90_tst_128x16_64x11_4x1_v_bz_TNT,gpu_avg_DC_RM,0.0
llm_layer,layer,8,nvjet_sm90_tst_128x16_64x11_4x1_v_bz_TNT,gpu_avg_DC_WH,0.0
llm_layer,layer,8,nvjet_sm90_tst_128x16_64x11_4x1_v_bz_TNT,gpu_avg_DC_WM,0.0
llm_layer,layer,8,nvjet_sm90_tst_128x16_64x11_4x1_v_bz_TNT,gpu_avg_TC_H,0.0
llm_layer,layer,8,nvjet_sm90_tst_128x16_64x11_4x1_v_bz_TNT,gpu_avg_TC_M,0.0
llm_layer,layer,8,nvjet_sm90_tst_128x16_64x11_4x1_v_bz_TNT,gpu_avg_CC_H,83.4848
llm_layer,layer,8,nvjet_sm90_tst_128x16_64x11_4x1_v_bz_TNT,gpu_avg_CC_M,0.0
llm_layer,layer,8,nvjet_sm90_tst_128x16_64x11_4x1_v_bz_TNT,gpu_avg_SHRD_ACC,504.364
llm_layer,layer,8,nvjet_sm90_tst_128x16_64x11_4x1_v_bz_TNT,gpu_avg_REG_RD,0.0
llm_layer,layer,8,nvjet_sm90_tst_128x16_64x11_4x1_v_bz_TNT,gpu_avg_REG_WR,0.0
llm_layer,layer,8,nvjet_sm90_tst_128x16_64x11_4x1_v_bz_TNT,gpu_avg_NON_REG_OPs,0.0
llm_layer,layer,8,nvjet_sm90_tst_128x16_64x11_4x1_v_bz_TNT,gpu_avg_INT_ACC,3401070.0
llm_layer,layer,8,nvjet_sm90_tst_128x16_64x11_4x1_v_bz_TNT,gpu_avg_FPU_ACC,1405.26
llm_layer,layer,8,nvjet_sm90_tst_128x16_64x11_4x1_v_bz_TNT,gpu_avg_DPU_ACC,0.0
llm_layer,layer,8,nvjet_sm90_tst_128x16_64x11_4x1_v_bz_TNT,gpu_avg_INT_MUL24_ACC,0.0
llm_layer,layer,8,nvjet_sm90_tst_128x16_64x11_4x1_v_bz_TNT,gpu_avg_INT_MUL32_ACC,0.0
llm_layer,layer,8,nvjet_sm90_tst_128x16_64x11_4x1_v_bz_TNT,gpu_avg_INT_MUL_ACC,3125.49
llm_layer,layer,8,nvjet_sm90_tst_128x16_64x11_4x1_v_bz_TNT,gpu_avg_INT_DIV_ACC,0.0
llm_layer,layer,8,nvjet_sm90_tst_128x16_64x11_4x1_v_bz_TNT,gpu_avg_FP_MUL_ACC,0.0
llm_layer,layer,8,nvjet_sm90_tst_128x16_64x11_4x1_v_bz_TNT,gpu_avg_FP_DIV_ACC,0.0
llm_layer,layer,8,nvjet_sm90_tst_128x16_64x11_4x1_v_bz_TNT,gpu_avg_FP_SQRT_ACC,0.0
llm_layer,layer,8,nvjet_sm90_tst_128x16_64x11_4x1_v_bz_TNT,gpu_avg_FP_LG_ACC,0.0
llm_layer,layer,8,nvjet_sm90_tst_128x16_64x11_4x1_v_bz_TNT,gpu_avg_FP_SIN_ACC,0.0
llm_layer,layer,8,nvjet_sm90_tst_128x16_64x11_4x1_v_bz_TNT,gpu_avg_FP_EXP_ACC,0.0
llm_layer,layer,8,nvjet_sm90_tst_128x16_64x11_4x1_v_bz_TNT,gpu_avg_DP_MUL_ACC,0.0
llm_layer,layer,8,nvjet_sm90_tst_128x16_64x11_4x1_v_bz_TNT,gpu_avg_DP_DIV_ACC,0.0
llm_layer,layer,8,nvjet_sm90_tst_128x16_64x11_4x1_v_bz_TNT,gpu_avg_TENSOR_ACC,0.0
llm_layer,layer,8,nvjet_sm90_tst_128x16_64x11_4x1_v_bz_TNT,gpu_avg_TEX_ACC,0.0
llm_layer,layer,8,nvjet_sm90_tst_128x16_64x11_4x1_v_bz_TNT,gpu_avg_MEM_RD,0.0
llm_layer,layer,8,nvjet_sm90_tst_128x16_64x11_4x1_v_bz_TNT,gpu_avg_MEM_WR,0.0
llm_layer,layer,8,nvjet_sm90_tst_128x16_64x11_4x1_v_bz_TNT,gpu_avg_MEM_PRE,0.0
llm_layer,layer,8,nvjet_sm90_tst_128x16_64x11_4x1_v_bz_TNT,gpu_avg_L2_RH,119.667
llm_layer,layer,8,nvjet_sm90_tst_128x16_64x11_4x1_v_bz_TNT,gpu_avg_L2_RM,16508.1
llm_layer,layer,8,nvjet_sm90_tst_128x16_64x11_4x1_v_bz_TNT,gpu_avg_L2_WH,0.0
llm_layer,layer,8,nvjet_sm90_tst_128x16_64x11_4x1_v_bz_TNT,gpu_avg_L2_WM,175.212
llm_layer,layer,8,nvjet_sm90_tst_128x16_64x11_4x1_v_bz_TNT,gpu_avg_NOC_A,51035.1
llm_layer,layer,8,nvjet_sm90_tst_128x16_64x11_4x1_v_bz_TNT,gpu_avg_PIPE_A,0.0237776
llm_layer,layer,8,nvjet_sm90_tst_128x16_64x11_4x1_v_bz_TNT,gpu_avg_IDLE_CORE_N,77.7708
llm_layer,layer,8,nvjet_sm90_tst_128x16_64x11_4x1_v_bz_TNT,gpu_avg_constant_power,0.0
llm_layer,layer,8,nvjet_sm90_tst_128x16_64x11_4x1_v_bz_TNT,gpu_avg_threads_per_warp,23.6575
llm_layer,layer,8,nvjet_sm90_tst_128x16_64x11_4x1_v_bz_TNT,gpu_tot_TOT_INST,442340.0
llm_layer,layer,8,nvjet_sm90_tst_128x16_64x11_4x1_v_bz_TNT,gpu_tot_FP_INT,428650.0
llm_layer,layer,8,nvjet_sm90_tst_128x16_64x11_4x1_v_bz_TNT,gpu_tot_IC_H,0.0
llm_layer,layer,8,nvjet_sm90_tst_128x16_64x11_4x1_v_bz_TNT,gpu_tot_IC_M,0.0
llm_layer,layer,8,nvjet_sm90_tst_128x16_64x11_4x1_v_bz_TNT,gpu_tot_DC_RH,0.0
llm_layer,layer,8,nvjet_sm90_tst_128x16_64x11_4x1_v_bz_TNT,gpu_tot_DC_RM,0.0
llm_layer,layer,8,nvjet_sm90_tst_128x16_64x11_4x1_v_bz_TNT,gpu_tot_DC_WH,0.0
llm_layer,layer,8,nvjet_sm90_tst_128x16_64x11_4x1_v_bz_TNT,gpu_tot_DC_WM,0.0
llm_layer,layer,8,nvjet_sm90_tst_128x16_64x11_4x1_v_bz_TNT,gpu_tot_TC_H,0.0
llm_layer,layer,8,nvjet_sm90_tst_128x16_64x11_4x1_v_bz_TNT,gpu_tot_TC_M,0.0
llm_layer,layer,8,nvjet_sm90_tst_128x16_64x11_4x1_v_bz_TNT,gpu_tot_CC_H,2755.0
llm_layer,layer,8,nvjet_sm90_tst_128x16_64x11_4x1_v_bz_TNT,gpu_tot_CC_M,0.0
llm_layer,layer,8,nvjet_sm90_tst_128x16_64x11_4x1_v_bz_TNT,gpu_tot_SHRD_ACC,16644.0
llm_layer,layer,8,nvjet_sm90_tst_128x16_64x11_4x1_v_bz_TNT,gpu_tot_REG_RD,0.0
llm_layer,layer,8,nvjet_sm90_tst_128x16_64x11_4x1_v_bz_TNT,gpu_tot_REG_WR,0.0
llm_layer,layer,8,nvjet_sm90_tst_128x16_64x11_4x1_v_bz_TNT,gpu_tot_NON_REG_OPs,0.0
llm_layer,layer,8,nvjet_sm90_tst_128x16_64x11_4x1_v_bz_TNT,gpu_tot_INT_ACC,112235000.0
llm_layer,layer,8,nvjet_sm90_tst_128x16_64x11_4x1_v_bz_TNT,gpu_tot_FPU_ACC,46373.7
llm_layer,layer,8,nvjet_sm90_tst_128x16_64x11_4x1_v_bz_TNT,gpu_tot_DPU_ACC,0.0
llm_layer,layer,8,nvjet_sm90_tst_128x16_64x11_4x1_v_bz_TNT,gpu_tot_INT_MUL24_ACC,0.0
llm_layer,layer,8,nvjet_sm90_tst_128x16_64x11_4x1_v_bz_TNT,gpu_tot_INT_MUL32_ACC,0.0
llm_layer,layer,8,nvjet_sm90_tst_128x16_64x11_4x1_v_bz_TNT,gpu_tot_INT_MUL_ACC,103141.0
llm_layer,layer,8,nvjet_sm90_tst_128x16_64x11_4x1_v_bz_TNT,gpu_tot_INT_DIV_ACC,0.0
llm_layer,layer,8,nvjet_sm90_tst_128x16_64x11_4x1_v_bz_TNT,gpu_tot_FP_MUL_ACC,0.0
llm_layer,layer,8,nvjet_sm90_tst_128x16_64x11_4x1_v_bz_TNT,gpu_tot_FP_DIV_ACC,0.0
llm_layer,layer,8,nvjet_sm90_tst_128x16_64x11_4x1_v_bz_TNT,gpu_tot_FP_SQRT_ACC,0.0
llm_layer,layer,8,nvjet_sm90_tst_128x16_64x11_4x1_v_bz_TNT,gpu_tot_FP_LG_ACC,0.0
llm_layer,layer,8,nvjet_sm90_tst_128x16_64x11_4x1_v_bz_TNT,gpu_tot_FP_SIN_ACC,0.0
llm_layer,layer,8,nvjet_sm90_tst_128x16_64x11_4x1_v_bz_TNT,gpu_tot_FP_EXP_ACC,0.0
llm_layer,layer,8,nvjet_sm90_tst_128x16_64x11_4x1_v_bz_TNT,gpu_tot_DP_MUL_ACC,0.0
llm_layer,layer,8,nvjet_sm90_tst_128x16_64x11_4x1_v_bz_TNT,gpu_tot_DP_DIV_ACC,0.0
llm_layer,layer,8,nvjet_sm90_tst_128x16_64x11_4x1_v_bz_TNT,gpu_tot_TENSOR_ACC,0.0
llm_layer,layer,8,nvjet_sm90_tst_128x16_64x11_4x1_v_bz_TNT,gpu_tot_TEX_ACC,0.0
llm_layer,layer,8,nvjet_sm90_tst_128x16_64x11_4x1_v_bz_TNT,gpu_tot_MEM_RD,0.0
llm_layer,layer,8,nvjet_sm90_tst_128x16_64x11_4x1_v_bz_TNT,gpu_tot_MEM_WR,0.0
llm_layer,layer,8,nvjet_sm90_tst_128x16_64x11_4x1_v_bz_TNT,gpu_tot_MEM_PRE,0.0
llm_layer,layer,8,nvjet_sm90_tst_128x16_64x11_4x1_v_bz_TNT,gpu_tot_L2_RH,3949.0
llm_layer,layer,8,nvjet_sm90_tst_128x16_64x11_4x1_v_bz_TNT,gpu_tot_L2_RM,544768.0
llm_layer,layer,8,nvjet_sm90_tst_128x16_64x11_4x1_v_bz_TNT,gpu_tot_L2_WH,0.0
llm_layer,layer,8,nvjet_sm90_tst_128x16_64x11_4x1_v_bz_TNT,gpu_tot_L2_WM,5782.0
llm_layer,layer,8,nvjet_sm90_tst_128x16_64x11_4x1_v_bz_TNT,gpu_tot_NOC_A,1684160.0
llm_layer,layer,8,nvjet_sm90_tst_128x16_64x11_4x1_v_bz_TNT,gpu_tot_PIPE_A,0.78466
llm_layer,layer,8,nvjet_sm90_tst_128x16_64x11_4x1_v_bz_TNT,gpu_tot_IDLE_CORE_N,2566.44
llm_layer,layer,8,nvjet_sm90_tst_128x16_64x11_4x1_v_bz_TNT,gpu_tot_constant_power,0.0
llm_layer,layer,8,nvjet_sm90_tst_128x16_64x11_4x1_v_bz_TNT,kernel_max_power,161.109
llm_layer,layer,8,nvjet_sm90_tst_128x16_64x11_4x1_v_bz_TNT,gpu_max_IBP,2.87929
llm_layer,layer,8,nvjet_sm90_tst_128x16_64x11_4x1_v_bz_TNT,gpu_max_ICP,0.0
llm_layer,layer,8,nvjet_sm90_tst_128x16_64x11_4x1_v_bz_TNT,gpu_max_DCP,0.0
llm_layer,layer,8,nvjet_sm90_tst_128x16_64x11_4x1_v_bz_TNT,gpu_max_TCP,0.0
llm_layer,layer,8,nvjet_sm90_tst_128x16_64x11_4x1_v_bz_TNT,gpu_max_CCP,0.0203304
llm_layer,layer,8,nvjet_sm90_tst_128x16_64x11_4x1_v_bz_TNT,gpu_max_SHRDP,1.05058
llm_layer,layer,8,nvjet_sm90_tst_128x16_64x11_4x1_v_bz_TNT,gpu_max_RFP,0.0
llm_layer,layer,8,nvjet_sm90_tst_128x16_64x11_4x1_v_bz_TNT,gpu_max_INTP,55.2382
llm_layer,layer,8,nvjet_sm90_tst_128x16_64x11_4x1_v_bz_TNT,gpu_max_FPUP,0.0
llm_layer,layer,8,nvjet_sm90_tst_128x16_64x11_4x1_v_bz_TNT,gpu_max_DPUP,0.0
llm_layer,layer,8,nvjet_sm90_tst_128x16_64x11_4x1_v_bz_TNT,gpu_max_INT_MUL24P,0.0
llm_layer,layer,8,nvjet_sm90_tst_128x16_64x11_4x1_v_bz_TNT,gpu_max_INT_MUL32P,0.0
llm_layer,layer,8,nvjet_sm90_tst_128x16_64x11_4x1_v_bz_TNT,gpu_max_INT_MULP,8.87928
llm_layer,layer,8,nvjet_sm90_tst_128x16_64x11_4x1_v_bz_TNT,gpu_max_INT_DIVP,0.0
llm_layer,layer,8,nvjet_sm90_tst_128x16_64x11_4x1_v_bz_TNT,gpu_max_FP_MULP,0.0
llm_layer,layer,8,nvjet_sm90_tst_128x16_64x11_4x1_v_bz_TNT,gpu_max_FP_DIVP,0.0
llm_layer,layer,8,nvjet_sm90_tst_128x16_64x11_4x1_v_bz_TNT,gpu_max_FP_SQRTP,0.0
llm_layer,layer,8,nvjet_sm90_tst_128x16_64x11_4x1_v_bz_TNT,gpu_max_FP_LGP,0.0
llm_layer,layer,8,nvjet_sm90_tst_128x16_64x11_4x1_v_bz_TNT,gpu_max_FP_SINP,0.0
llm_layer,layer,8,nvjet_sm90_tst_128x16_64x11_4x1_v_bz_TNT,gpu_max_FP_EXP,0.0
llm_layer,layer,8,nvjet_sm90_tst_128x16_64x11_4x1_v_bz_TNT,gpu_max_DP_MULP,0.0
llm_layer,layer,8,nvjet_sm90_tst_128x16_64x11_4x1_v_bz_TNT,gpu_max_DP_DIVP,0.0
llm_layer,layer,8,nvjet_sm90_tst_128x16_64x11_4x1_v_bz_TNT,gpu_max_TENSORP,0.0
llm_layer,layer,8,nvjet_sm90_tst_128x16_64x11_4x1_v_bz_TNT,gpu_max_TEXP,0.0
llm_layer,layer,8,nvjet_sm90_tst_128x16_64x11_4x1_v_bz_TNT,gpu_max_SCHEDP,8.33306
llm_layer,layer,8,nvjet_sm90_tst_128x16_64x11_4x1_v_bz_TNT,gpu_max_L2CP,0.0
llm_layer,layer,8,nvjet_sm90_tst_128x16_64x11_4x1_v_bz_TNT,gpu_max_MCP,0.552408
llm_layer,layer,8,nvjet_sm90_tst_128x16_64x11_4x1_v_bz_TNT,gpu_max_NOCP,11.1944
llm_layer,layer,8,nvjet_sm90_tst_128x16_64x11_4x1_v_bz_TNT,gpu_max_DRAMP,0.0
llm_layer,layer,8,nvjet_sm90_tst_128x16_64x11_4x1_v_bz_TNT,gpu_max_PIPEP,6.86912
llm_layer,layer,8,nvjet_sm90_tst_128x16_64x11_4x1_v_bz_TNT,gpu_max_IDLE_COREP,15.9223
llm_layer,layer,8,nvjet_sm90_tst_128x16_64x11_4x1_v_bz_TNT,gpu_max_CONSTP,32.3252
llm_layer,layer,8,nvjet_sm90_tst_128x16_64x11_4x1_v_bz_TNT,gpu_max_STATICP,17.8451
llm_layer,layer,8,nvjet_sm90_tst_128x16_64x11_4x1_v_bz_TNT,gpu_max_TOT_INST,123690.0
llm_layer,layer,8,nvjet_sm90_tst_128x16_64x11_4x1_v_bz_TNT,gpu_max_FP_INT,121562.0
llm_layer,layer,8,nvjet_sm90_tst_128x16_64x11_4x1_v_bz_TNT,gpu_max_IC_H,0.0
llm_layer,layer,8,nvjet_sm90_tst_128x16_64x11_4x1_v_bz_TNT,gpu_max_IC_M,0.0
llm_layer,layer,8,nvjet_sm90_tst_128x16_64x11_4x1_v_bz_TNT,gpu_max_DC_RH,0.0
llm_layer,layer,8,nvjet_sm90_tst_128x16_64x11_4x1_v_bz_TNT,gpu_max_DC_RM,0.0
llm_layer,layer,8,nvjet_sm90_tst_128x16_64x11_4x1_v_bz_TNT,gpu_max_DC_WH,0.0
llm_layer,layer,8,nvjet_sm90_tst_128x16_64x11_4x1_v_bz_TNT,gpu_max_DC_WM,0.0
llm_layer,layer,8,nvjet_sm90_tst_128x16_64x11_4x1_v_bz_TNT,gpu_max_TC_H,0.0
llm_layer,layer,8,nvjet_sm90_tst_128x16_64x11_4x1_v_bz_TNT,gpu_max_TC_M,0.0
llm_layer,layer,8,nvjet_sm90_tst_128x16_64x11_4x1_v_bz_TNT,gpu_max_CC_H,931.0
llm_layer,layer,8,nvjet_sm90_tst_128x16_64x11_4x1_v_bz_TNT,gpu_max_CC_M,0.0
llm_layer,layer,8,nvjet_sm90_tst_128x16_64x11_4x1_v_bz_TNT,gpu_max_SHRD_ACC,2356.0
llm_layer,layer,8,nvjet_sm90_tst_128x16_64x11_4x1_v_bz_TNT,gpu_max_REG_RD,0.0
llm_layer,layer,8,nvjet_sm90_tst_128x16_64x11_4x1_v_bz_TNT,gpu_max_REG_WR,0.0
llm_layer,layer,8,nvjet_sm90_tst_128x16_64x11_4x1_v_bz_TNT,gpu_max_NON_REG_OPs,0.0
llm_layer,layer,8,nvjet_sm90_tst_128x16_64x11_4x1_v_bz_TNT,gpu_max_INT_ACC,30201100.0
llm_layer,layer,8,nvjet_sm90_tst_128x16_64x11_4x1_v_bz_TNT,gpu_max_FPU_ACC,0.0
llm_layer,layer,8,nvjet_sm90_tst_128x16_64x11_4x1_v_bz_TNT,gpu_max_DPU_ACC,0.0
llm_layer,layer,8,nvjet_sm90_tst_128x16_64x11_4x1_v_bz_TNT,gpu_max_INT_MUL24_ACC,0.0
llm_layer,layer,8,nvjet_sm90_tst_128x16_64x11_4x1_v_bz_TNT,gpu_max_INT_MUL32_ACC,0.0
llm_layer,layer,8,nvjet_sm90_tst_128x16_64x11_4x1_v_bz_TNT,gpu_max_INT_MUL_ACC,57978.1
llm_layer,layer,8,nvjet_sm90_tst_128x16_64x11_4x1_v_bz_TNT,gpu_max_INT_DIV_ACC,0.0
llm_layer,layer,8,nvjet_sm90_tst_128x16_64x11_4x1_v_bz_TNT,gpu_max_FP_MUL_ACC,0.0
llm_layer,layer,8,nvjet_sm90_tst_128x16_64x11_4x1_v_bz_TNT,gpu_max_FP_DIV_ACC,0.0
llm_layer,layer,8,nvjet_sm90_tst_128x16_64x11_4x1_v_bz_TNT,gpu_max_FP_SQRT_ACC,0.0
llm_layer,layer,8,nvjet_sm90_tst_128x16_64x11_4x1_v_bz_TNT,gpu_max_FP_LG_ACC,0.0
llm_layer,layer,8,nvjet_sm90_tst_128x16_64x11_4x1_v_bz_TNT,gpu_max_FP_SIN_ACC,0.0
llm_layer,layer,8,nvjet_sm90_tst_128x16_64x11_4x1_v_bz_TNT,gpu_max_FP_EXP_ACC,0.0
llm_layer,layer,8,nvjet_sm90_tst_128x16_64x11_4x1_v_bz_TNT,gpu_max_DP_MUL_ACC,0.0
llm_layer,layer,8,nvjet_sm90_tst_128x16_64x11_4x1_v_bz_TNT,gpu_max_DP_DIV_ACC,0.0
llm_layer,layer,8,nvjet_sm90_tst_128x16_64x11_4x1_v_bz_TNT,gpu_max_TENSOR_ACC,0.0
llm_layer,layer,8,nvjet_sm90_tst_128x16_64x11_4x1_v_bz_TNT,gpu_max_TEX_ACC,0.0
llm_layer,layer,8,nvjet_sm90_tst_128x16_64x11_4x1_v_bz_TNT,gpu_max_MEM_RD,0.0
llm_layer,layer,8,nvjet_sm90_tst_128x16_64x11_4x1_v_bz_TNT,gpu_max_MEM_WR,0.0
llm_layer,layer,8,nvjet_sm90_tst_128x16_64x11_4x1_v_bz_TNT,gpu_max_MEM_PRE,0.0
llm_layer,layer,8,nvjet_sm90_tst_128x16_64x11_4x1_v_bz_TNT,gpu_max_L2_RH,0.0
llm_layer,layer,8,nvjet_sm90_tst_128x16_64x11_4x1_v_bz_TNT,gpu_max_L2_RM,0.0
llm_layer,layer,8,nvjet_sm90_tst_128x16_64x11_4x1_v_bz_TNT,gpu_max_L2_WH,0.0
llm_layer,layer,8,nvjet_sm90_tst_128x16_64x11_4x1_v_bz_TNT,gpu_max_L2_WM,0.0
llm_layer,layer,8,nvjet_sm90_tst_128x16_64x11_4x1_v_bz_TNT,gpu_max_NOC_A,32832.0
llm_layer,layer,8,nvjet_sm90_tst_128x16_64x11_4x1_v_bz_TNT,gpu_max_PIPE_A,0.210107
llm_layer,layer,8,nvjet_sm90_tst_128x16_64x11_4x1_v_bz_TNT,gpu_max_IDLE_CORE_N,56.304
llm_layer,layer,8,nvjet_sm90_tst_128x16_64x11_4x1_v_bz_TNT,gpu_max_constant_power,0.0
llm_layer,layer,8,nvjet_sm90_tst_128x16_64x11_4x1_v_bz_TNT,kernel_min_power,70.2039
llm_layer,layer,8,nvjet_sm90_tst_128x16_64x11_4x1_v_bz_TNT,gpu_min_IBP,0.0
llm_layer,layer,8,nvjet_sm90_tst_128x16_64x11_4x1_v_bz_TNT,gpu_min_ICP,0.0
llm_layer,layer,8,nvjet_sm90_tst_128x16_64x11_4x1_v_bz_TNT,gpu_min_DCP,0.0
llm_layer,layer,8,nvjet_sm90_tst_128x16_64x11_4x1_v_bz_TNT,gpu_min_TCP,0.0
llm_layer,layer,8,nvjet_sm90_tst_128x16_64x11_4x1_v_bz_TNT,gpu_min_CCP,0.0
llm_layer,layer,8,nvjet_sm90_tst_128x16_64x11_4x1_v_bz_TNT,gpu_min_SHRDP,0.0
llm_layer,layer,8,nvjet_sm90_tst_128x16_64x11_4x1_v_bz_TNT,gpu_min_RFP,0.0
llm_layer,layer,8,nvjet_sm90_tst_128x16_64x11_4x1_v_bz_TNT,gpu_min_INTP,0.0
llm_layer,layer,8,nvjet_sm90_tst_128x16_64x11_4x1_v_bz_TNT,gpu_min_FPUP,0.0
llm_layer,layer,8,nvjet_sm90_tst_128x16_64x11_4x1_v_bz_TNT,gpu_min_DPUP,0.0
llm_layer,layer,8,nvjet_sm90_tst_128x16_64x11_4x1_v_bz_TNT,gpu_min_INT_MUL24P,0.0
llm_layer,layer,8,nvjet_sm90_tst_128x16_64x11_4x1_v_bz_TNT,gpu_min_INT_MUL32P,0.0
llm_layer,layer,8,nvjet_sm90_tst_128x16_64x11_4x1_v_bz_TNT,gpu_min_INT_MULP,0.0
llm_layer,layer,8,nvjet_sm90_tst_128x16_64x11_4x1_v_bz_TNT,gpu_min_INT_DIVP,0.0
llm_layer,layer,8,nvjet_sm90_tst_128x16_64x11_4x1_v_bz_TNT,gpu_min_FP_MULP,0.0
llm_layer,layer,8,nvjet_sm90_tst_128x16_64x11_4x1_v_bz_TNT,gpu_min_FP_DIVP,0.0
llm_layer,layer,8,nvjet_sm90_tst_128x16_64x11_4x1_v_bz_TNT,gpu_min_FP_SQRTP,0.0
llm_layer,layer,8,nvjet_sm90_tst_128x16_64x11_4x1_v_bz_TNT,gpu_min_FP_LGP,0.0
llm_layer,layer,8,nvjet_sm90_tst_128x16_64x11_4x1_v_bz_TNT,gpu_min_FP_SINP,0.0
llm_layer,layer,8,nvjet_sm90_tst_128x16_64x11_4x1_v_bz_TNT,gpu_min_FP_EXP,0.0
llm_layer,layer,8,nvjet_sm90_tst_128x16_64x11_4x1_v_bz_TNT,gpu_min_DP_MULP,0.0
llm_layer,layer,8,nvjet_sm90_tst_128x16_64x11_4x1_v_bz_TNT,gpu_min_DP_DIVP,0.0
llm_layer,layer,8,nvjet_sm90_tst_128x16_64x11_4x1_v_bz_TNT,gpu_min_TENSORP,0.0
llm_layer,layer,8,nvjet_sm90_tst_128x16_64x11_4x1_v_bz_TNT,gpu_min_TEXP,0.0
llm_layer,layer,8,nvjet_sm90_tst_128x16_64x11_4x1_v_bz_TNT,gpu_min_SCHEDP,0.0
llm_layer,layer,8,nvjet_sm90_tst_128x16_64x11_4x1_v_bz_TNT,gpu_min_L2CP,0.0
llm_layer,layer,8,nvjet_sm90_tst_128x16_64x11_4x1_v_bz_TNT,gpu_min_MCP,0.55022
llm_layer,layer,8,nvjet_sm90_tst_128x16_64x11_4x1_v_bz_TNT,gpu_min_NOCP,0.0
llm_layer,layer,8,nvjet_sm90_tst_128x16_64x11_4x1_v_bz_TNT,gpu_min_DRAMP,0.0
llm_layer,layer,8,nvjet_sm90_tst_128x16_64x11_4x1_v_bz_TNT,gpu_min_PIPEP,0.0
llm_layer,layer,8,nvjet_sm90_tst_128x16_64x11_4x1_v_bz_TNT,gpu_min_IDLE_COREP,37.3285
llm_layer,layer,8,nvjet_sm90_tst_128x16_64x11_4x1_v_bz_TNT,gpu_min_CONSTP,32.3252
llm_layer,layer,8,nvjet_sm90_tst_128x16_64x11_4x1_v_bz_TNT,gpu_min_STATICP,0.0
llm_layer,layer,8,nvjet_sm90_tst_128x16_64x11_4x1_v_bz_TNT,gpu_min_TOT_INST,0.0
llm_layer,layer,8,nvjet_sm90_tst_128x16_64x11_4x1_v_bz_TNT,gpu_min_FP_INT,0.0
llm_layer,layer,8,nvjet_sm90_tst_128x16_64x11_4x1_v_bz_TNT,gpu_min_IC_H,0.0
llm_layer,layer,8,nvjet_sm90_tst_128x16_64x11_4x1_v_bz_TNT,gpu_min_IC_M,0.0
llm_layer,layer,8,nvjet_sm90_tst_128x16_64x11_4x1_v_bz_TNT,gpu_min_DC_RH,0.0
llm_layer,layer,8,nvjet_sm90_tst_128x16_64x11_4x1_v_bz_TNT,gpu_min_DC_RM,0.0
llm_layer,layer,8,nvjet_sm90_tst_128x16_64x11_4x1_v_bz_TNT,gpu_min_DC_WH,0.0
llm_layer,layer,8,nvjet_sm90_tst_128x16_64x11_4x1_v_bz_TNT,gpu_min_DC_WM,0.0
llm_layer,layer,8,nvjet_sm90_tst_128x16_64x11_4x1_v_bz_TNT,gpu_min_TC_H,0.0
llm_layer,layer,8,nvjet_sm90_tst_128x16_64x11_4x1_v_bz_TNT,gpu_min_TC_M,0.0
llm_layer,layer,8,nvjet_sm90_tst_128x16_64x11_4x1_v_bz_TNT,gpu_min_CC_H,0.0
llm_layer,layer,8,nvjet_sm90_tst_128x16_64x11_4x1_v_bz_TNT,gpu_min_CC_M,0.0
llm_layer,layer,8,nvjet_sm90_tst_128x16_64x11_4x1_v_bz_TNT,gpu_min_SHRD_ACC,0.0
llm_layer,layer,8,nvjet_sm90_tst_128x16_64x11_4x1_v_bz_TNT,gpu_min_REG_RD,0.0
llm_layer,layer,8,nvjet_sm90_tst_128x16_64x11_4x1_v_bz_TNT,gpu_min_REG_WR,0.0
llm_layer,layer,8,nvjet_sm90_tst_128x16_64x11_4x1_v_bz_TNT,gpu_min_NON_REG_OPs,0.0
llm_layer,layer,8,nvjet_sm90_tst_128x16_64x11_4x1_v_bz_TNT,gpu_min_INT_ACC,0.0
llm_layer,layer,8,nvjet_sm90_tst_128x16_64x11_4x1_v_bz_TNT,gpu_min_FPU_ACC,0.0
llm_layer,layer,8,nvjet_sm90_tst_128x16_64x11_4x1_v_bz_TNT,gpu_min_DPU_ACC,0.0
llm_layer,layer,8,nvjet_sm90_tst_128x16_64x11_4x1_v_bz_TNT,gpu_min_INT_MUL24_ACC,0.0
llm_layer,layer,8,nvjet_sm90_tst_128x16_64x11_4x1_v_bz_TNT,gpu_min_INT_MUL32_ACC,0.0
llm_layer,layer,8,nvjet_sm90_tst_128x16_64x11_4x1_v_bz_TNT,gpu_min_INT_MUL_ACC,0.0
llm_layer,layer,8,nvjet_sm90_tst_128x16_64x11_4x1_v_bz_TNT,gpu_min_INT_DIV_ACC,0.0
llm_layer,layer,8,nvjet_sm90_tst_128x16_64x11_4x1_v_bz_TNT,gpu_min_FP_MUL_ACC,0.0
llm_layer,layer,8,nvjet_sm90_tst_128x16_64x11_4x1_v_bz_TNT,gpu_min_FP_DIV_ACC,0.0
llm_layer,layer,8,nvjet_sm90_tst_128x16_64x11_4x1_v_bz_TNT,gpu_min_FP_SQRT_ACC,0.0
llm_layer,layer,8,nvjet_sm90_tst_128x16_64x11_4x1_v_bz_TNT,gpu_min_FP_LG_ACC,0.0
llm_layer,layer,8,nvjet_sm90_tst_128x16_64x11_4x1_v_bz_TNT,gpu_min_FP_SIN_ACC,0.0
llm_layer,layer,8,nvjet_sm90_tst_128x16_64x11_4x1_v_bz_TNT,gpu_min_FP_EXP_ACC,0.0
llm_layer,layer,8,nvjet_sm90_tst_128x16_64x11_4x1_v_bz_TNT,gpu_min_DP_MUL_ACC,0.0
llm_layer,layer,8,nvjet_sm90_tst_128x16_64x11_4x1_v_bz_TNT,gpu_min_DP_DIV_ACC,0.0
llm_layer,layer,8,nvjet_sm90_tst_128x16_64x11_4x1_v_bz_TNT,gpu_min_TENSOR_ACC,0.0
llm_layer,layer,8,nvjet_sm90_tst_128x16_64x11_4x1_v_bz_TNT,gpu_min_TEX_ACC,0.0
llm_layer,layer,8,nvjet_sm90_tst_128x16_64x11_4x1_v_bz_TNT,gpu_min_MEM_RD,0.0
llm_layer,layer,8,nvjet_sm90_tst_128x16_64x11_4x1_v_bz_TNT,gpu_min_MEM_WR,0.0
llm_layer,layer,8,nvjet_sm90_tst_128x16_64x11_4x1_v_bz_TNT,gpu_min_MEM_PRE,0.0
llm_layer,layer,8,nvjet_sm90_tst_128x16_64x11_4x1_v_bz_TNT,gpu_min_L2_RH,0.0
llm_layer,layer,8,nvjet_sm90_tst_128x16_64x11_4x1_v_bz_TNT,gpu_min_L2_RM,0.0
llm_layer,layer,8,nvjet_sm90_tst_128x16_64x11_4x1_v_bz_TNT,gpu_min_L2_WH,0.0
llm_layer,layer,8,nvjet_sm90_tst_128x16_64x11_4x1_v_bz_TNT,gpu_min_L2_WM,0.0
llm_layer,layer,8,nvjet_sm90_tst_128x16_64x11_4x1_v_bz_TNT,gpu_min_NOC_A,0.0
llm_layer,layer,8,nvjet_sm90_tst_128x16_64x11_4x1_v_bz_TNT,gpu_min_PIPE_A,0.0
llm_layer,layer,8,nvjet_sm90_tst_128x16_64x11_4x1_v_bz_TNT,gpu_min_IDLE_CORE_N,132.0
llm_layer,layer,8,nvjet_sm90_tst_128x16_64x11_4x1_v_bz_TNT,gpu_min_constant_power,0.0
llm_layer,layer,8,nvjet_sm90_tst_128x16_64x11_4x1_v_bz_TNT,gpu_tot_avg_power,79.952
llm_layer,layer,8,nvjet_sm90_tst_128x16_64x11_4x1_v_bz_TNT,gpu_tot_max_power,161.109
llm_layer,layer,8,nvjet_sm90_tst_128x16_64x11_4x1_v_bz_TNT,gpu_tot_min_power,58.0819
llm_layer,layer,9,_ZN4vllm18act_and_mul_kernelIN3c108BFloat16E14__nv_bfloat162XadL_ZNS_11silu_kernelIS2_EET_RKS5_fEEXadL_ZNS_18packed_silu_kernelIS3_EES5_S7_fEELb1ELb1ELb0ELb0EEEvPS5_PS6_ifff,kernel_launch_uid,10.0
llm_layer,layer,9,_ZN4vllm18act_and_mul_kernelIN3c108BFloat16E14__nv_bfloat162XadL_ZNS_11silu_kernelIS2_EET_RKS5_fEEXadL_ZNS_18packed_silu_kernelIS3_EES5_S7_fEELb1ELb1ELb0ELb0EEEvPS5_PS6_ifff,kernel_avg_power,76.0052
llm_layer,layer,9,_ZN4vllm18act_and_mul_kernelIN3c108BFloat16E14__nv_bfloat162XadL_ZNS_11silu_kernelIS2_EET_RKS5_fEEXadL_ZNS_18packed_silu_kernelIS3_EES5_S7_fEELb1ELb1ELb0ELb0EEEvPS5_PS6_ifff,gpu_avg_IBP,0.0973033
llm_layer,layer,9,_ZN4vllm18act_and_mul_kernelIN3c108BFloat16E14__nv_bfloat162XadL_ZNS_11silu_kernelIS2_EET_RKS5_fEEXadL_ZNS_18packed_silu_kernelIS3_EES5_S7_fEELb1ELb1ELb0ELb0EEEvPS5_PS6_ifff,gpu_avg_ICP,0.0
llm_layer,layer,9,_ZN4vllm18act_and_mul_kernelIN3c108BFloat16E14__nv_bfloat162XadL_ZNS_11silu_kernelIS2_EET_RKS5_fEEXadL_ZNS_18packed_silu_kernelIS3_EES5_S7_fEELb1ELb1ELb0ELb0EEEvPS5_PS6_ifff,gpu_avg_DCP,0.831952
llm_layer,layer,9,_ZN4vllm18act_and_mul_kernelIN3c108BFloat16E14__nv_bfloat162XadL_ZNS_11silu_kernelIS2_EET_RKS5_fEEXadL_ZNS_18packed_silu_kernelIS3_EES5_S7_fEELb1ELb1ELb0ELb0EEEvPS5_PS6_ifff,gpu_avg_TCP,0.0
llm_layer,layer,9,_ZN4vllm18act_and_mul_kernelIN3c108BFloat16E14__nv_bfloat162XadL_ZNS_11silu_kernelIS2_EET_RKS5_fEEXadL_ZNS_18packed_silu_kernelIS3_EES5_S7_fEELb1ELb1ELb0ELb0EEEvPS5_PS6_ifff,gpu_avg_CCP,0.00138302
llm_layer,layer,9,_ZN4vllm18act_and_mul_kernelIN3c108BFloat16E14__nv_bfloat162XadL_ZNS_11silu_kernelIS2_EET_RKS5_fEEXadL_ZNS_18packed_silu_kernelIS3_EES5_S7_fEELb1ELb1ELb0ELb0EEEvPS5_PS6_ifff,gpu_avg_SHRDP,0.0
llm_layer,layer,9,_ZN4vllm18act_and_mul_kernelIN3c108BFloat16E14__nv_bfloat162XadL_ZNS_11silu_kernelIS2_EET_RKS5_fEEXadL_ZNS_18packed_silu_kernelIS3_EES5_S7_fEELb1ELb1ELb0ELb0EEEvPS5_PS6_ifff,gpu_avg_RFP,0.0
llm_layer,layer,9,_ZN4vllm18act_and_mul_kernelIN3c108BFloat16E14__nv_bfloat162XadL_ZNS_11silu_kernelIS2_EET_RKS5_fEEXadL_ZNS_18packed_silu_kernelIS3_EES5_S7_fEELb1ELb1ELb0ELb0EEEvPS5_PS6_ifff,gpu_avg_INTP,0.638897
llm_layer,layer,9,_ZN4vllm18act_and_mul_kernelIN3c108BFloat16E14__nv_bfloat162XadL_ZNS_11silu_kernelIS2_EET_RKS5_fEEXadL_ZNS_18packed_silu_kernelIS3_EES5_S7_fEELb1ELb1ELb0ELb0EEEvPS5_PS6_ifff,gpu_avg_FPUP,0.64116
llm_layer,layer,9,_ZN4vllm18act_and_mul_kernelIN3c108BFloat16E14__nv_bfloat162XadL_ZNS_11silu_kernelIS2_EET_RKS5_fEEXadL_ZNS_18packed_silu_kernelIS3_EES5_S7_fEELb1ELb1ELb0ELb0EEEvPS5_PS6_ifff,gpu_avg_DPUP,0.0
llm_layer,layer,9,_ZN4vllm18act_and_mul_kernelIN3c108BFloat16E14__nv_bfloat162XadL_ZNS_11silu_kernelIS2_EET_RKS5_fEEXadL_ZNS_18packed_silu_kernelIS3_EES5_S7_fEELb1ELb1ELb0ELb0EEEvPS5_PS6_ifff,gpu_avg_INT_MUL24P,0.0
llm_layer,layer,9,_ZN4vllm18act_and_mul_kernelIN3c108BFloat16E14__nv_bfloat162XadL_ZNS_11silu_kernelIS2_EET_RKS5_fEEXadL_ZNS_18packed_silu_kernelIS3_EES5_S7_fEELb1ELb1ELb0ELb0EEEvPS5_PS6_ifff,gpu_avg_INT_MUL32P,0.0
llm_layer,layer,9,_ZN4vllm18act_and_mul_kernelIN3c108BFloat16E14__nv_bfloat162XadL_ZNS_11silu_kernelIS2_EET_RKS5_fEEXadL_ZNS_18packed_silu_kernelIS3_EES5_S7_fEELb1ELb1ELb0ELb0EEEvPS5_PS6_ifff,gpu_avg_INT_MULP,0.223277
llm_layer,layer,9,_ZN4vllm18act_and_mul_kernelIN3c108BFloat16E14__nv_bfloat162XadL_ZNS_11silu_kernelIS2_EET_RKS5_fEEXadL_ZNS_18packed_silu_kernelIS3_EES5_S7_fEELb1ELb1ELb0ELb0EEEvPS5_PS6_ifff,gpu_avg_INT_DIVP,0.0
llm_layer,layer,9,_ZN4vllm18act_and_mul_kernelIN3c108BFloat16E14__nv_bfloat162XadL_ZNS_11silu_kernelIS2_EET_RKS5_fEEXadL_ZNS_18packed_silu_kernelIS3_EES5_S7_fEELb1ELb1ELb0ELb0EEEvPS5_PS6_ifff,gpu_avg_FP_MULP,0.722395
llm_layer,layer,9,_ZN4vllm18act_and_mul_kernelIN3c108BFloat16E14__nv_bfloat162XadL_ZNS_11silu_kernelIS2_EET_RKS5_fEEXadL_ZNS_18packed_silu_kernelIS3_EES5_S7_fEELb1ELb1ELb0ELb0EEEvPS5_PS6_ifff,gpu_avg_FP_DIVP,0.0
llm_layer,layer,9,_ZN4vllm18act_and_mul_kernelIN3c108BFloat16E14__nv_bfloat162XadL_ZNS_11silu_kernelIS2_EET_RKS5_fEEXadL_ZNS_18packed_silu_kernelIS3_EES5_S7_fEELb1ELb1ELb0ELb0EEEvPS5_PS6_ifff,gpu_avg_FP_SQRTP,0.0
llm_layer,layer,9,_ZN4vllm18act_and_mul_kernelIN3c108BFloat16E14__nv_bfloat162XadL_ZNS_11silu_kernelIS2_EET_RKS5_fEEXadL_ZNS_18packed_silu_kernelIS3_EES5_S7_fEELb1ELb1ELb0ELb0EEEvPS5_PS6_ifff,gpu_avg_FP_LGP,0.0
llm_layer,layer,9,_ZN4vllm18act_and_mul_kernelIN3c108BFloat16E14__nv_bfloat162XadL_ZNS_11silu_kernelIS2_EET_RKS5_fEEXadL_ZNS_18packed_silu_kernelIS3_EES5_S7_fEELb1ELb1ELb0ELb0EEEvPS5_PS6_ifff,gpu_avg_FP_SINP,0.0
llm_layer,layer,9,_ZN4vllm18act_and_mul_kernelIN3c108BFloat16E14__nv_bfloat162XadL_ZNS_11silu_kernelIS2_EET_RKS5_fEEXadL_ZNS_18packed_silu_kernelIS3_EES5_S7_fEELb1ELb1ELb0ELb0EEEvPS5_PS6_ifff,gpu_avg_FP_EXP,0.449487
llm_layer,layer,9,_ZN4vllm18act_and_mul_kernelIN3c108BFloat16E14__nv_bfloat162XadL_ZNS_11silu_kernelIS2_EET_RKS5_fEEXadL_ZNS_18packed_silu_kernelIS3_EES5_S7_fEELb1ELb1ELb0ELb0EEEvPS5_PS6_ifff,gpu_avg_DP_MULP,0.0
llm_layer,layer,9,_ZN4vllm18act_and_mul_kernelIN3c108BFloat16E14__nv_bfloat162XadL_ZNS_11silu_kernelIS2_EET_RKS5_fEEXadL_ZNS_18packed_silu_kernelIS3_EES5_S7_fEELb1ELb1ELb0ELb0EEEvPS5_PS6_ifff,gpu_avg_DP_DIVP,0.0
llm_layer,layer,9,_ZN4vllm18act_and_mul_kernelIN3c108BFloat16E14__nv_bfloat162XadL_ZNS_11silu_kernelIS2_EET_RKS5_fEEXadL_ZNS_18packed_silu_kernelIS3_EES5_S7_fEELb1ELb1ELb0ELb0EEEvPS5_PS6_ifff,gpu_avg_TENSORP,0.0
llm_layer,layer,9,_ZN4vllm18act_and_mul_kernelIN3c108BFloat16E14__nv_bfloat162XadL_ZNS_11silu_kernelIS2_EET_RKS5_fEEXadL_ZNS_18packed_silu_kernelIS3_EES5_S7_fEELb1ELb1ELb0ELb0EEEvPS5_PS6_ifff,gpu_avg_TEXP,0.0
llm_layer,layer,9,_ZN4vllm18act_and_mul_kernelIN3c108BFloat16E14__nv_bfloat162XadL_ZNS_11silu_kernelIS2_EET_RKS5_fEEXadL_ZNS_18packed_silu_kernelIS3_EES5_S7_fEELb1ELb1ELb0ELb0EEEvPS5_PS6_ifff,gpu_avg_SCHEDP,0.26049
llm_layer,layer,9,_ZN4vllm18act_and_mul_kernelIN3c108BFloat16E14__nv_bfloat162XadL_ZNS_11silu_kernelIS2_EET_RKS5_fEEXadL_ZNS_18packed_silu_kernelIS3_EES5_S7_fEELb1ELb1ELb0ELb0EEEvPS5_PS6_ifff,gpu_avg_L2CP,0.281214
llm_layer,layer,9,_ZN4vllm18act_and_mul_kernelIN3c108BFloat16E14__nv_bfloat162XadL_ZNS_11silu_kernelIS2_EET_RKS5_fEEXadL_ZNS_18packed_silu_kernelIS3_EES5_S7_fEELb1ELb1ELb0ELb0EEEvPS5_PS6_ifff,gpu_avg_MCP,0.792137
llm_layer,layer,9,_ZN4vllm18act_and_mul_kernelIN3c108BFloat16E14__nv_bfloat162XadL_ZNS_11silu_kernelIS2_EET_RKS5_fEEXadL_ZNS_18packed_silu_kernelIS3_EES5_S7_fEELb1ELb1ELb0ELb0EEEvPS5_PS6_ifff,gpu_avg_NOCP,0.786057
llm_layer,layer,9,_ZN4vllm18act_and_mul_kernelIN3c108BFloat16E14__nv_bfloat162XadL_ZNS_11silu_kernelIS2_EET_RKS5_fEEXadL_ZNS_18packed_silu_kernelIS3_EES5_S7_fEELb1ELb1ELb0ELb0EEEvPS5_PS6_ifff,gpu_avg_DRAMP,0.0
llm_layer,layer,9,_ZN4vllm18act_and_mul_kernelIN3c108BFloat16E14__nv_bfloat162XadL_ZNS_11silu_kernelIS2_EET_RKS5_fEEXadL_ZNS_18packed_silu_kernelIS3_EES5_S7_fEELb1ELb1ELb0ELb0EEEvPS5_PS6_ifff,gpu_avg_PIPEP,0.618678
llm_layer,layer,9,_ZN4vllm18act_and_mul_kernelIN3c108BFloat16E14__nv_bfloat162XadL_ZNS_11silu_kernelIS2_EET_RKS5_fEEXadL_ZNS_18packed_silu_kernelIS3_EES5_S7_fEELb1ELb1ELb0ELb0EEEvPS5_PS6_ifff,gpu_avg_IDLE_COREP,36.0012
llm_layer,layer,9,_ZN4vllm18act_and_mul_kernelIN3c108BFloat16E14__nv_bfloat162XadL_ZNS_11silu_kernelIS2_EET_RKS5_fEEXadL_ZNS_18packed_silu_kernelIS3_EES5_S7_fEELb1ELb1ELb0ELb0EEEvPS5_PS6_ifff,gpu_avg_CONSTP,32.3252
llm_layer,layer,9,_ZN4vllm18act_and_mul_kernelIN3c108BFloat16E14__nv_bfloat162XadL_ZNS_11silu_kernelIS2_EET_RKS5_fEEXadL_ZNS_18packed_silu_kernelIS3_EES5_S7_fEELb1ELb1ELb0ELb0EEEvPS5_PS6_ifff,gpu_avg_STATICP,1.33437
llm_layer,layer,9,_ZN4vllm18act_and_mul_kernelIN3c108BFloat16E14__nv_bfloat162XadL_ZNS_11silu_kernelIS2_EET_RKS5_fEEXadL_ZNS_18packed_silu_kernelIS3_EES5_S7_fEELb1ELb1ELb0ELb0EEEvPS5_PS6_ifff,gpu_avg_TOT_INST,4180.0
llm_layer,layer,9,_ZN4vllm18act_and_mul_kernelIN3c108BFloat16E14__nv_bfloat162XadL_ZNS_11silu_kernelIS2_EET_RKS5_fEEXadL_ZNS_18packed_silu_kernelIS3_EES5_S7_fEELb1ELb1ELb0ELb0EEEvPS5_PS6_ifff,gpu_avg_FP_INT,3800.0
llm_layer,layer,9,_ZN4vllm18act_and_mul_kernelIN3c108BFloat16E14__nv_bfloat162XadL_ZNS_11silu_kernelIS2_EET_RKS5_fEEXadL_ZNS_18packed_silu_kernelIS3_EES5_S7_fEELb1ELb1ELb0ELb0EEEvPS5_PS6_ifff,gpu_avg_IC_H,0.0
llm_layer,layer,9,_ZN4vllm18act_and_mul_kernelIN3c108BFloat16E14__nv_bfloat162XadL_ZNS_11silu_kernelIS2_EET_RKS5_fEEXadL_ZNS_18packed_silu_kernelIS3_EES5_S7_fEELb1ELb1ELb0ELb0EEEvPS5_PS6_ifff,gpu_avg_IC_M,0.0
llm_layer,layer,9,_ZN4vllm18act_and_mul_kernelIN3c108BFloat16E14__nv_bfloat162XadL_ZNS_11silu_kernelIS2_EET_RKS5_fEEXadL_ZNS_18packed_silu_kernelIS3_EES5_S7_fEELb1ELb1ELb0ELb0EEEvPS5_PS6_ifff,gpu_avg_DC_RH,0.0
llm_layer,layer,9,_ZN4vllm18act_and_mul_kernelIN3c108BFloat16E14__nv_bfloat162XadL_ZNS_11silu_kernelIS2_EET_RKS5_fEEXadL_ZNS_18packed_silu_kernelIS3_EES5_S7_fEELb1ELb1ELb0ELb0EEEvPS5_PS6_ifff,gpu_avg_DC_RM,506.667
llm_layer,layer,9,_ZN4vllm18act_and_mul_kernelIN3c108BFloat16E14__nv_bfloat162XadL_ZNS_11silu_kernelIS2_EET_RKS5_fEEXadL_ZNS_18packed_silu_kernelIS3_EES5_S7_fEELb1ELb1ELb0ELb0EEEvPS5_PS6_ifff,gpu_avg_DC_WH,0.0
llm_layer,layer,9,_ZN4vllm18act_and_mul_kernelIN3c108BFloat16E14__nv_bfloat162XadL_ZNS_11silu_kernelIS2_EET_RKS5_fEEXadL_ZNS_18packed_silu_kernelIS3_EES5_S7_fEELb1ELb1ELb0ELb0EEEvPS5_PS6_ifff,gpu_avg_DC_WM,253.333
llm_layer,layer,9,_ZN4vllm18act_and_mul_kernelIN3c108BFloat16E14__nv_bfloat162XadL_ZNS_11silu_kernelIS2_EET_RKS5_fEEXadL_ZNS_18packed_silu_kernelIS3_EES5_S7_fEELb1ELb1ELb0ELb0EEEvPS5_PS6_ifff,gpu_avg_TC_H,0.0
llm_layer,layer,9,_ZN4vllm18act_and_mul_kernelIN3c108BFloat16E14__nv_bfloat162XadL_ZNS_11silu_kernelIS2_EET_RKS5_fEEXadL_ZNS_18packed_silu_kernelIS3_EES5_S7_fEELb1ELb1ELb0ELb0EEEvPS5_PS6_ifff,gpu_avg_TC_M,0.0
llm_layer,layer,9,_ZN4vllm18act_and_mul_kernelIN3c108BFloat16E14__nv_bfloat162XadL_ZNS_11silu_kernelIS2_EET_RKS5_fEEXadL_ZNS_18packed_silu_kernelIS3_EES5_S7_fEELb1ELb1ELb0ELb0EEEvPS5_PS6_ifff,gpu_avg_CC_H,63.3333
llm_layer,layer,9,_ZN4vllm18act_and_mul_kernelIN3c108BFloat16E14__nv_bfloat162XadL_ZNS_11silu_kernelIS2_EET_RKS5_fEEXadL_ZNS_18packed_silu_kernelIS3_EES5_S7_fEELb1ELb1ELb0ELb0EEEvPS5_PS6_ifff,gpu_avg_CC_M,0.0
llm_layer,layer,9,_ZN4vllm18act_and_mul_kernelIN3c108BFloat16E14__nv_bfloat162XadL_ZNS_11silu_kernelIS2_EET_RKS5_fEEXadL_ZNS_18packed_silu_kernelIS3_EES5_S7_fEELb1ELb1ELb0ELb0EEEvPS5_PS6_ifff,gpu_avg_SHRD_ACC,0.0
llm_layer,layer,9,_ZN4vllm18act_and_mul_kernelIN3c108BFloat16E14__nv_bfloat162XadL_ZNS_11silu_kernelIS2_EET_RKS5_fEEXadL_ZNS_18packed_silu_kernelIS3_EES5_S7_fEELb1ELb1ELb0ELb0EEEvPS5_PS6_ifff,gpu_avg_REG_RD,0.0
llm_layer,layer,9,_ZN4vllm18act_and_mul_kernelIN3c108BFloat16E14__nv_bfloat162XadL_ZNS_11silu_kernelIS2_EET_RKS5_fEEXadL_ZNS_18packed_silu_kernelIS3_EES5_S7_fEELb1ELb1ELb0ELb0EEEvPS5_PS6_ifff,gpu_avg_REG_WR,0.0
llm_layer,layer,9,_ZN4vllm18act_and_mul_kernelIN3c108BFloat16E14__nv_bfloat162XadL_ZNS_11silu_kernelIS2_EET_RKS5_fEEXadL_ZNS_18packed_silu_kernelIS3_EES5_S7_fEELb1ELb1ELb0ELb0EEEvPS5_PS6_ifff,gpu_avg_NON_REG_OPs,0.0
llm_layer,layer,9,_ZN4vllm18act_and_mul_kernelIN3c108BFloat16E14__nv_bfloat162XadL_ZNS_11silu_kernelIS2_EET_RKS5_fEEXadL_ZNS_18packed_silu_kernelIS3_EES5_S7_fEELb1ELb1ELb0ELb0EEEvPS5_PS6_ifff,gpu_avg_INT_ACC,349313.0
llm_layer,layer,9,_ZN4vllm18act_and_mul_kernelIN3c108BFloat16E14__nv_bfloat162XadL_ZNS_11silu_kernelIS2_EET_RKS5_fEEXadL_ZNS_18packed_silu_kernelIS3_EES5_S7_fEELb1ELb1ELb0ELb0EEEvPS5_PS6_ifff,gpu_avg_FPU_ACC,8587.73
llm_layer,layer,9,_ZN4vllm18act_and_mul_kernelIN3c108BFloat16E14__nv_bfloat162XadL_ZNS_11silu_kernelIS2_EET_RKS5_fEEXadL_ZNS_18packed_silu_kernelIS3_EES5_S7_fEELb1ELb1ELb0ELb0EEEvPS5_PS6_ifff,gpu_avg_DPU_ACC,0.0
llm_layer,layer,9,_ZN4vllm18act_and_mul_kernelIN3c108BFloat16E14__nv_bfloat162XadL_ZNS_11silu_kernelIS2_EET_RKS5_fEEXadL_ZNS_18packed_silu_kernelIS3_EES5_S7_fEELb1ELb1ELb0ELb0EEEvPS5_PS6_ifff,gpu_avg_INT_MUL24_ACC,0.0
llm_layer,layer,9,_ZN4vllm18act_and_mul_kernelIN3c108BFloat16E14__nv_bfloat162XadL_ZNS_11silu_kernelIS2_EET_RKS5_fEEXadL_ZNS_18packed_silu_kernelIS3_EES5_S7_fEELb1ELb1ELb0ELb0EEEvPS5_PS6_ifff,gpu_avg_INT_MUL32_ACC,0.0
llm_layer,layer,9,_ZN4vllm18act_and_mul_kernelIN3c108BFloat16E14__nv_bfloat162XadL_ZNS_11silu_kernelIS2_EET_RKS5_fEEXadL_ZNS_18packed_silu_kernelIS3_EES5_S7_fEELb1ELb1ELb0ELb0EEEvPS5_PS6_ifff,gpu_avg_INT_MUL_ACC,1457.91
llm_layer,layer,9,_ZN4vllm18act_and_mul_kernelIN3c108BFloat16E14__nv_bfloat162XadL_ZNS_11silu_kernelIS2_EET_RKS5_fEEXadL_ZNS_18packed_silu_kernelIS3_EES5_S7_fEELb1ELb1ELb0ELb0EEEvPS5_PS6_ifff,gpu_avg_INT_DIV_ACC,0.0
llm_layer,layer,9,_ZN4vllm18act_and_mul_kernelIN3c108BFloat16E14__nv_bfloat162XadL_ZNS_11silu_kernelIS2_EET_RKS5_fEEXadL_ZNS_18packed_silu_kernelIS3_EES5_S7_fEELb1ELb1ELb0ELb0EEEvPS5_PS6_ifff,gpu_avg_FP_MUL_ACC,4716.95
llm_layer,layer,9,_ZN4vllm18act_and_mul_kernelIN3c108BFloat16E14__nv_bfloat162XadL_ZNS_11silu_kernelIS2_EET_RKS5_fEEXadL_ZNS_18packed_silu_kernelIS3_EES5_S7_fEELb1ELb1ELb0ELb0EEEvPS5_PS6_ifff,gpu_avg_FP_DIV_ACC,0.0
llm_layer,layer,9,_ZN4vllm18act_and_mul_kernelIN3c108BFloat16E14__nv_bfloat162XadL_ZNS_11silu_kernelIS2_EET_RKS5_fEEXadL_ZNS_18packed_silu_kernelIS3_EES5_S7_fEELb1ELb1ELb0ELb0EEEvPS5_PS6_ifff,gpu_avg_FP_SQRT_ACC,0.0
llm_layer,layer,9,_ZN4vllm18act_and_mul_kernelIN3c108BFloat16E14__nv_bfloat162XadL_ZNS_11silu_kernelIS2_EET_RKS5_fEEXadL_ZNS_18packed_silu_kernelIS3_EES5_S7_fEELb1ELb1ELb0ELb0EEEvPS5_PS6_ifff,gpu_avg_FP_LG_ACC,0.0
llm_layer,layer,9,_ZN4vllm18act_and_mul_kernelIN3c108BFloat16E14__nv_bfloat162XadL_ZNS_11silu_kernelIS2_EET_RKS5_fEEXadL_ZNS_18packed_silu_kernelIS3_EES5_S7_fEELb1ELb1ELb0ELb0EEEvPS5_PS6_ifff,gpu_avg_FP_SIN_ACC,0.0
llm_layer,layer,9,_ZN4vllm18act_and_mul_kernelIN3c108BFloat16E14__nv_bfloat162XadL_ZNS_11silu_kernelIS2_EET_RKS5_fEEXadL_ZNS_18packed_silu_kernelIS3_EES5_S7_fEELb1ELb1ELb0ELb0EEEvPS5_PS6_ifff,gpu_avg_FP_EXP_ACC,2934.97
llm_layer,layer,9,_ZN4vllm18act_and_mul_kernelIN3c108BFloat16E14__nv_bfloat162XadL_ZNS_11silu_kernelIS2_EET_RKS5_fEEXadL_ZNS_18packed_silu_kernelIS3_EES5_S7_fEELb1ELb1ELb0ELb0EEEvPS5_PS6_ifff,gpu_avg_DP_MUL_ACC,0.0
llm_layer,layer,9,_ZN4vllm18act_and_mul_kernelIN3c108BFloat16E14__nv_bfloat162XadL_ZNS_11silu_kernelIS2_EET_RKS5_fEEXadL_ZNS_18packed_silu_kernelIS3_EES5_S7_fEELb1ELb1ELb0ELb0EEEvPS5_PS6_ifff,gpu_avg_DP_DIV_ACC,0.0
llm_layer,layer,9,_ZN4vllm18act_and_mul_kernelIN3c108BFloat16E14__nv_bfloat162XadL_ZNS_11silu_kernelIS2_EET_RKS5_fEEXadL_ZNS_18packed_silu_kernelIS3_EES5_S7_fEELb1ELb1ELb0ELb0EEEvPS5_PS6_ifff,gpu_avg_TENSOR_ACC,0.0
llm_layer,layer,9,_ZN4vllm18act_and_mul_kernelIN3c108BFloat16E14__nv_bfloat162XadL_ZNS_11silu_kernelIS2_EET_RKS5_fEEXadL_ZNS_18packed_silu_kernelIS3_EES5_S7_fEELb1ELb1ELb0ELb0EEEvPS5_PS6_ifff,gpu_avg_TEX_ACC,0.0
llm_layer,layer,9,_ZN4vllm18act_and_mul_kernelIN3c108BFloat16E14__nv_bfloat162XadL_ZNS_11silu_kernelIS2_EET_RKS5_fEEXadL_ZNS_18packed_silu_kernelIS3_EES5_S7_fEELb1ELb1ELb0ELb0EEEvPS5_PS6_ifff,gpu_avg_MEM_RD,0.0
llm_layer,layer,9,_ZN4vllm18act_and_mul_kernelIN3c108BFloat16E14__nv_bfloat162XadL_ZNS_11silu_kernelIS2_EET_RKS5_fEEXadL_ZNS_18packed_silu_kernelIS3_EES5_S7_fEELb1ELb1ELb0ELb0EEEvPS5_PS6_ifff,gpu_avg_MEM_WR,0.0
llm_layer,layer,9,_ZN4vllm18act_and_mul_kernelIN3c108BFloat16E14__nv_bfloat162XadL_ZNS_11silu_kernelIS2_EET_RKS5_fEEXadL_ZNS_18packed_silu_kernelIS3_EES5_S7_fEELb1ELb1ELb0ELb0EEEvPS5_PS6_ifff,gpu_avg_MEM_PRE,0.0
llm_layer,layer,9,_ZN4vllm18act_and_mul_kernelIN3c108BFloat16E14__nv_bfloat162XadL_ZNS_11silu_kernelIS2_EET_RKS5_fEEXadL_ZNS_18packed_silu_kernelIS3_EES5_S7_fEELb1ELb1ELb0ELb0EEEvPS5_PS6_ifff,gpu_avg_L2_RH,506.667
llm_layer,layer,9,_ZN4vllm18act_and_mul_kernelIN3c108BFloat16E14__nv_bfloat162XadL_ZNS_11silu_kernelIS2_EET_RKS5_fEEXadL_ZNS_18packed_silu_kernelIS3_EES5_S7_fEELb1ELb1ELb0ELb0EEEvPS5_PS6_ifff,gpu_avg_L2_RM,0.0
llm_layer,layer,9,_ZN4vllm18act_and_mul_kernelIN3c108BFloat16E14__nv_bfloat162XadL_ZNS_11silu_kernelIS2_EET_RKS5_fEEXadL_ZNS_18packed_silu_kernelIS3_EES5_S7_fEELb1ELb1ELb0ELb0EEEvPS5_PS6_ifff,gpu_avg_L2_WH,0.0
llm_layer,layer,9,_ZN4vllm18act_and_mul_kernelIN3c108BFloat16E14__nv_bfloat162XadL_ZNS_11silu_kernelIS2_EET_RKS5_fEEXadL_ZNS_18packed_silu_kernelIS3_EES5_S7_fEELb1ELb1ELb0ELb0EEEvPS5_PS6_ifff,gpu_avg_L2_WM,278.167
llm_layer,layer,9,_ZN4vllm18act_and_mul_kernelIN3c108BFloat16E14__nv_bfloat162XadL_ZNS_11silu_kernelIS2_EET_RKS5_fEEXadL_ZNS_18packed_silu_kernelIS3_EES5_S7_fEELb1ELb1ELb0ELb0EEEvPS5_PS6_ifff,gpu_avg_NOC_A,2305.42
llm_layer,layer,9,_ZN4vllm18act_and_mul_kernelIN3c108BFloat16E14__nv_bfloat162XadL_ZNS_11silu_kernelIS2_EET_RKS5_fEEXadL_ZNS_18packed_silu_kernelIS3_EES5_S7_fEELb1ELb1ELb0ELb0EEEvPS5_PS6_ifff,gpu_avg_PIPE_A,0.0189236
llm_layer,layer,9,_ZN4vllm18act_and_mul_kernelIN3c108BFloat16E14__nv_bfloat162XadL_ZNS_11silu_kernelIS2_EET_RKS5_fEEXadL_ZNS_18packed_silu_kernelIS3_EES5_S7_fEELb1ELb1ELb0ELb0EEEvPS5_PS6_ifff,gpu_avg_IDLE_CORE_N,127.307
llm_layer,layer,9,_ZN4vllm18act_and_mul_kernelIN3c108BFloat16E14__nv_bfloat162XadL_ZNS_11silu_kernelIS2_EET_RKS5_fEEXadL_ZNS_18packed_silu_kernelIS3_EES5_S7_fEELb1ELb1ELb0ELb0EEEvPS5_PS6_ifff,gpu_avg_constant_power,0.0
llm_layer,layer,9,_ZN4vllm18act_and_mul_kernelIN3c108BFloat16E14__nv_bfloat162XadL_ZNS_11silu_kernelIS2_EET_RKS5_fEEXadL_ZNS_18packed_silu_kernelIS3_EES5_S7_fEELb1ELb1ELb0ELb0EEEvPS5_PS6_ifff,gpu_avg_threads_per_warp,16.0
llm_layer,layer,9,_ZN4vllm18act_and_mul_kernelIN3c108BFloat16E14__nv_bfloat162XadL_ZNS_11silu_kernelIS2_EET_RKS5_fEEXadL_ZNS_18packed_silu_kernelIS3_EES5_S7_fEELb1ELb1ELb0ELb0EEEvPS5_PS6_ifff,gpu_tot_TOT_INST,50160.0
llm_layer,layer,9,_ZN4vllm18act_and_mul_kernelIN3c108BFloat16E14__nv_bfloat162XadL_ZNS_11silu_kernelIS2_EET_RKS5_fEEXadL_ZNS_18packed_silu_kernelIS3_EES5_S7_fEELb1ELb1ELb0ELb0EEEvPS5_PS6_ifff,gpu_tot_FP_INT,45600.0
llm_layer,layer,9,_ZN4vllm18act_and_mul_kernelIN3c108BFloat16E14__nv_bfloat162XadL_ZNS_11silu_kernelIS2_EET_RKS5_fEEXadL_ZNS_18packed_silu_kernelIS3_EES5_S7_fEELb1ELb1ELb0ELb0EEEvPS5_PS6_ifff,gpu_tot_IC_H,0.0
llm_layer,layer,9,_ZN4vllm18act_and_mul_kernelIN3c108BFloat16E14__nv_bfloat162XadL_ZNS_11silu_kernelIS2_EET_RKS5_fEEXadL_ZNS_18packed_silu_kernelIS3_EES5_S7_fEELb1ELb1ELb0ELb0EEEvPS5_PS6_ifff,gpu_tot_IC_M,0.0
llm_layer,layer,9,_ZN4vllm18act_and_mul_kernelIN3c108BFloat16E14__nv_bfloat162XadL_ZNS_11silu_kernelIS2_EET_RKS5_fEEXadL_ZNS_18packed_silu_kernelIS3_EES5_S7_fEELb1ELb1ELb0ELb0EEEvPS5_PS6_ifff,gpu_tot_DC_RH,0.0
llm_layer,layer,9,_ZN4vllm18act_and_mul_kernelIN3c108BFloat16E14__nv_bfloat162XadL_ZNS_11silu_kernelIS2_EET_RKS5_fEEXadL_ZNS_18packed_silu_kernelIS3_EES5_S7_fEELb1ELb1ELb0ELb0EEEvPS5_PS6_ifff,gpu_tot_DC_RM,6080.0
llm_layer,layer,9,_ZN4vllm18act_and_mul_kernelIN3c108BFloat16E14__nv_bfloat162XadL_ZNS_11silu_kernelIS2_EET_RKS5_fEEXadL_ZNS_18packed_silu_kernelIS3_EES5_S7_fEELb1ELb1ELb0ELb0EEEvPS5_PS6_ifff,gpu_tot_DC_WH,0.0
llm_layer,layer,9,_ZN4vllm18act_and_mul_kernelIN3c108BFloat16E14__nv_bfloat162XadL_ZNS_11silu_kernelIS2_EET_RKS5_fEEXadL_ZNS_18packed_silu_kernelIS3_EES5_S7_fEELb1ELb1ELb0ELb0EEEvPS5_PS6_ifff,gpu_tot_DC_WM,3040.0
llm_layer,layer,9,_ZN4vllm18act_and_mul_kernelIN3c108BFloat16E14__nv_bfloat162XadL_ZNS_11silu_kernelIS2_EET_RKS5_fEEXadL_ZNS_18packed_silu_kernelIS3_EES5_S7_fEELb1ELb1ELb0ELb0EEEvPS5_PS6_ifff,gpu_tot_TC_H,0.0
llm_layer,layer,9,_ZN4vllm18act_and_mul_kernelIN3c108BFloat16E14__nv_bfloat162XadL_ZNS_11silu_kernelIS2_EET_RKS5_fEEXadL_ZNS_18packed_silu_kernelIS3_EES5_S7_fEELb1ELb1ELb0ELb0EEEvPS5_PS6_ifff,gpu_tot_TC_M,0.0
llm_layer,layer,9,_ZN4vllm18act_and_mul_kernelIN3c108BFloat16E14__nv_bfloat162XadL_ZNS_11silu_kernelIS2_EET_RKS5_fEEXadL_ZNS_18packed_silu_kernelIS3_EES5_S7_fEELb1ELb1ELb0ELb0EEEvPS5_PS6_ifff,gpu_tot_CC_H,760.0
llm_layer,layer,9,_ZN4vllm18act_and_mul_kernelIN3c108BFloat16E14__nv_bfloat162XadL_ZNS_11silu_kernelIS2_EET_RKS5_fEEXadL_ZNS_18packed_silu_kernelIS3_EES5_S7_fEELb1ELb1ELb0ELb0EEEvPS5_PS6_ifff,gpu_tot_CC_M,0.0
llm_layer,layer,9,_ZN4vllm18act_and_mul_kernelIN3c108BFloat16E14__nv_bfloat162XadL_ZNS_11silu_kernelIS2_EET_RKS5_fEEXadL_ZNS_18packed_silu_kernelIS3_EES5_S7_fEELb1ELb1ELb0ELb0EEEvPS5_PS6_ifff,gpu_tot_SHRD_ACC,0.0
llm_layer,layer,9,_ZN4vllm18act_and_mul_kernelIN3c108BFloat16E14__nv_bfloat162XadL_ZNS_11silu_kernelIS2_EET_RKS5_fEEXadL_ZNS_18packed_silu_kernelIS3_EES5_S7_fEELb1ELb1ELb0ELb0EEEvPS5_PS6_ifff,gpu_tot_REG_RD,0.0
llm_layer,layer,9,_ZN4vllm18act_and_mul_kernelIN3c108BFloat16E14__nv_bfloat162XadL_ZNS_11silu_kernelIS2_EET_RKS5_fEEXadL_ZNS_18packed_silu_kernelIS3_EES5_S7_fEELb1ELb1ELb0ELb0EEEvPS5_PS6_ifff,gpu_tot_REG_WR,0.0
llm_layer,layer,9,_ZN4vllm18act_and_mul_kernelIN3c108BFloat16E14__nv_bfloat162XadL_ZNS_11silu_kernelIS2_EET_RKS5_fEEXadL_ZNS_18packed_silu_kernelIS3_EES5_S7_fEELb1ELb1ELb0ELb0EEEvPS5_PS6_ifff,gpu_tot_NON_REG_OPs,0.0
llm_layer,layer,9,_ZN4vllm18act_and_mul_kernelIN3c108BFloat16E14__nv_bfloat162XadL_ZNS_11silu_kernelIS2_EET_RKS5_fEEXadL_ZNS_18packed_silu_kernelIS3_EES5_S7_fEELb1ELb1ELb0ELb0EEEvPS5_PS6_ifff,gpu_tot_INT_ACC,4191750.0
llm_layer,layer,9,_ZN4vllm18act_and_mul_kernelIN3c108BFloat16E14__nv_bfloat162XadL_ZNS_11silu_kernelIS2_EET_RKS5_fEEXadL_ZNS_18packed_silu_kernelIS3_EES5_S7_fEELb1ELb1ELb0ELb0EEEvPS5_PS6_ifff,gpu_tot_FPU_ACC,103053.0
llm_layer,layer,9,_ZN4vllm18act_and_mul_kernelIN3c108BFloat16E14__nv_bfloat162XadL_ZNS_11silu_kernelIS2_EET_RKS5_fEEXadL_ZNS_18packed_silu_kernelIS3_EES5_S7_fEELb1ELb1ELb0ELb0EEEvPS5_PS6_ifff,gpu_tot_DPU_ACC,0.0
llm_layer,layer,9,_ZN4vllm18act_and_mul_kernelIN3c108BFloat16E14__nv_bfloat162XadL_ZNS_11silu_kernelIS2_EET_RKS5_fEEXadL_ZNS_18packed_silu_kernelIS3_EES5_S7_fEELb1ELb1ELb0ELb0EEEvPS5_PS6_ifff,gpu_tot_INT_MUL24_ACC,0.0
llm_layer,layer,9,_ZN4vllm18act_and_mul_kernelIN3c108BFloat16E14__nv_bfloat162XadL_ZNS_11silu_kernelIS2_EET_RKS5_fEEXadL_ZNS_18packed_silu_kernelIS3_EES5_S7_fEELb1ELb1ELb0ELb0EEEvPS5_PS6_ifff,gpu_tot_INT_MUL32_ACC,0.0
llm_layer,layer,9,_ZN4vllm18act_and_mul_kernelIN3c108BFloat16E14__nv_bfloat162XadL_ZNS_11silu_kernelIS2_EET_RKS5_fEEXadL_ZNS_18packed_silu_kernelIS3_EES5_S7_fEELb1ELb1ELb0ELb0EEEvPS5_PS6_ifff,gpu_tot_INT_MUL_ACC,17494.9
llm_layer,layer,9,_ZN4vllm18act_and_mul_kernelIN3c108BFloat16E14__nv_bfloat162XadL_ZNS_11silu_kernelIS2_EET_RKS5_fEEXadL_ZNS_18packed_silu_kernelIS3_EES5_S7_fEELb1ELb1ELb0ELb0EEEvPS5_PS6_ifff,gpu_tot_INT_DIV_ACC,0.0
llm_layer,layer,9,_ZN4vllm18act_and_mul_kernelIN3c108BFloat16E14__nv_bfloat162XadL_ZNS_11silu_kernelIS2_EET_RKS5_fEEXadL_ZNS_18packed_silu_kernelIS3_EES5_S7_fEELb1ELb1ELb0ELb0EEEvPS5_PS6_ifff,gpu_tot_FP_MUL_ACC,56603.4
llm_layer,layer,9,_ZN4vllm18act_and_mul_kernelIN3c108BFloat16E14__nv_bfloat162XadL_ZNS_11silu_kernelIS2_EET_RKS5_fEEXadL_ZNS_18packed_silu_kernelIS3_EES5_S7_fEELb1ELb1ELb0ELb0EEEvPS5_PS6_ifff,gpu_tot_FP_DIV_ACC,0.0
llm_layer,layer,9,_ZN4vllm18act_and_mul_kernelIN3c108BFloat16E14__nv_bfloat162XadL_ZNS_11silu_kernelIS2_EET_RKS5_fEEXadL_ZNS_18packed_silu_kernelIS3_EES5_S7_fEELb1ELb1ELb0ELb0EEEvPS5_PS6_ifff,gpu_tot_FP_SQRT_ACC,0.0
llm_layer,layer,9,_ZN4vllm18act_and_mul_kernelIN3c108BFloat16E14__nv_bfloat162XadL_ZNS_11silu_kernelIS2_EET_RKS5_fEEXadL_ZNS_18packed_silu_kernelIS3_EES5_S7_fEELb1ELb1ELb0ELb0EEEvPS5_PS6_ifff,gpu_tot_FP_LG_ACC,0.0
llm_layer,layer,9,_ZN4vllm18act_and_mul_kernelIN3c108BFloat16E14__nv_bfloat162XadL_ZNS_11silu_kernelIS2_EET_RKS5_fEEXadL_ZNS_18packed_silu_kernelIS3_EES5_S7_fEELb1ELb1ELb0ELb0EEEvPS5_PS6_ifff,gpu_tot_FP_SIN_ACC,0.0
llm_layer,layer,9,_ZN4vllm18act_and_mul_kernelIN3c108BFloat16E14__nv_bfloat162XadL_ZNS_11silu_kernelIS2_EET_RKS5_fEEXadL_ZNS_18packed_silu_kernelIS3_EES5_S7_fEELb1ELb1ELb0ELb0EEEvPS5_PS6_ifff,gpu_tot_FP_EXP_ACC,35219.7
llm_layer,layer,9,_ZN4vllm18act_and_mul_kernelIN3c108BFloat16E14__nv_bfloat162XadL_ZNS_11silu_kernelIS2_EET_RKS5_fEEXadL_ZNS_18packed_silu_kernelIS3_EES5_S7_fEELb1ELb1ELb0ELb0EEEvPS5_PS6_ifff,gpu_tot_DP_MUL_ACC,0.0
llm_layer,layer,9,_ZN4vllm18act_and_mul_kernelIN3c108BFloat16E14__nv_bfloat162XadL_ZNS_11silu_kernelIS2_EET_RKS5_fEEXadL_ZNS_18packed_silu_kernelIS3_EES5_S7_fEELb1ELb1ELb0ELb0EEEvPS5_PS6_ifff,gpu_tot_DP_DIV_ACC,0.0
llm_layer,layer,9,_ZN4vllm18act_and_mul_kernelIN3c108BFloat16E14__nv_bfloat162XadL_ZNS_11silu_kernelIS2_EET_RKS5_fEEXadL_ZNS_18packed_silu_kernelIS3_EES5_S7_fEELb1ELb1ELb0ELb0EEEvPS5_PS6_ifff,gpu_tot_TENSOR_ACC,0.0
llm_layer,layer,9,_ZN4vllm18act_and_mul_kernelIN3c108BFloat16E14__nv_bfloat162XadL_ZNS_11silu_kernelIS2_EET_RKS5_fEEXadL_ZNS_18packed_silu_kernelIS3_EES5_S7_fEELb1ELb1ELb0ELb0EEEvPS5_PS6_ifff,gpu_tot_TEX_ACC,0.0
llm_layer,layer,9,_ZN4vllm18act_and_mul_kernelIN3c108BFloat16E14__nv_bfloat162XadL_ZNS_11silu_kernelIS2_EET_RKS5_fEEXadL_ZNS_18packed_silu_kernelIS3_EES5_S7_fEELb1ELb1ELb0ELb0EEEvPS5_PS6_ifff,gpu_tot_MEM_RD,0.0
llm_layer,layer,9,_ZN4vllm18act_and_mul_kernelIN3c108BFloat16E14__nv_bfloat162XadL_ZNS_11silu_kernelIS2_EET_RKS5_fEEXadL_ZNS_18packed_silu_kernelIS3_EES5_S7_fEELb1ELb1ELb0ELb0EEEvPS5_PS6_ifff,gpu_tot_MEM_WR,0.0
llm_layer,layer,9,_ZN4vllm18act_and_mul_kernelIN3c108BFloat16E14__nv_bfloat162XadL_ZNS_11silu_kernelIS2_EET_RKS5_fEEXadL_ZNS_18packed_silu_kernelIS3_EES5_S7_fEELb1ELb1ELb0ELb0EEEvPS5_PS6_ifff,gpu_tot_MEM_PRE,0.0
llm_layer,layer,9,_ZN4vllm18act_and_mul_kernelIN3c108BFloat16E14__nv_bfloat162XadL_ZNS_11silu_kernelIS2_EET_RKS5_fEEXadL_ZNS_18packed_silu_kernelIS3_EES5_S7_fEELb1ELb1ELb0ELb0EEEvPS5_PS6_ifff,gpu_tot_L2_RH,6080.0
llm_layer,layer,9,_ZN4vllm18act_and_mul_kernelIN3c108BFloat16E14__nv_bfloat162XadL_ZNS_11silu_kernelIS2_EET_RKS5_fEEXadL_ZNS_18packed_silu_kernelIS3_EES5_S7_fEELb1ELb1ELb0ELb0EEEvPS5_PS6_ifff,gpu_tot_L2_RM,0.0
llm_layer,layer,9,_ZN4vllm18act_and_mul_kernelIN3c108BFloat16E14__nv_bfloat162XadL_ZNS_11silu_kernelIS2_EET_RKS5_fEEXadL_ZNS_18packed_silu_kernelIS3_EES5_S7_fEELb1ELb1ELb0ELb0EEEvPS5_PS6_ifff,gpu_tot_L2_WH,0.0
llm_layer,layer,9,_ZN4vllm18act_and_mul_kernelIN3c108BFloat16E14__nv_bfloat162XadL_ZNS_11silu_kernelIS2_EET_RKS5_fEEXadL_ZNS_18packed_silu_kernelIS3_EES5_S7_fEELb1ELb1ELb0ELb0EEEvPS5_PS6_ifff,gpu_tot_L2_WM,3338.0
llm_layer,layer,9,_ZN4vllm18act_and_mul_kernelIN3c108BFloat16E14__nv_bfloat162XadL_ZNS_11silu_kernelIS2_EET_RKS5_fEEXadL_ZNS_18packed_silu_kernelIS3_EES5_S7_fEELb1ELb1ELb0ELb0EEEvPS5_PS6_ifff,gpu_tot_NOC_A,27665.0
llm_layer,layer,9,_ZN4vllm18act_and_mul_kernelIN3c108BFloat16E14__nv_bfloat162XadL_ZNS_11silu_kernelIS2_EET_RKS5_fEEXadL_ZNS_18packed_silu_kernelIS3_EES5_S7_fEELb1ELb1ELb0ELb0EEEvPS5_PS6_ifff,gpu_tot_PIPE_A,0.227083
llm_layer,layer,9,_ZN4vllm18act_and_mul_kernelIN3c108BFloat16E14__nv_bfloat162XadL_ZNS_11silu_kernelIS2_EET_RKS5_fEEXadL_ZNS_18packed_silu_kernelIS3_EES5_S7_fEELb1ELb1ELb0ELb0EEEvPS5_PS6_ifff,gpu_tot_IDLE_CORE_N,1527.68
llm_layer,layer,9,_ZN4vllm18act_and_mul_kernelIN3c108BFloat16E14__nv_bfloat162XadL_ZNS_11silu_kernelIS2_EET_RKS5_fEEXadL_ZNS_18packed_silu_kernelIS3_EES5_S7_fEELb1ELb1ELb0ELb0EEEvPS5_PS6_ifff,gpu_tot_constant_power,0.0
llm_layer,layer,9,_ZN4vllm18act_and_mul_kernelIN3c108BFloat16E14__nv_bfloat162XadL_ZNS_11silu_kernelIS2_EET_RKS5_fEEXadL_ZNS_18packed_silu_kernelIS3_EES5_S7_fEELb1ELb1ELb0ELb0EEEvPS5_PS6_ifff,kernel_max_power,85.575
llm_layer,layer,9,_ZN4vllm18act_and_mul_kernelIN3c108BFloat16E14__nv_bfloat162XadL_ZNS_11silu_kernelIS2_EET_RKS5_fEEXadL_ZNS_18packed_silu_kernelIS3_EES5_S7_fEELb1ELb1ELb0ELb0EEEvPS5_PS6_ifff,gpu_max_IBP,0.310579
llm_layer,layer,9,_ZN4vllm18act_and_mul_kernelIN3c108BFloat16E14__nv_bfloat162XadL_ZNS_11silu_kernelIS2_EET_RKS5_fEEXadL_ZNS_18packed_silu_kernelIS3_EES5_S7_fEELb1ELb1ELb0ELb0EEEvPS5_PS6_ifff,gpu_max_ICP,0.0
llm_layer,layer,9,_ZN4vllm18act_and_mul_kernelIN3c108BFloat16E14__nv_bfloat162XadL_ZNS_11silu_kernelIS2_EET_RKS5_fEEXadL_ZNS_18packed_silu_kernelIS3_EES5_S7_fEELb1ELb1ELb0ELb0EEEvPS5_PS6_ifff,gpu_max_DCP,1.53868
llm_layer,layer,9,_ZN4vllm18act_and_mul_kernelIN3c108BFloat16E14__nv_bfloat162XadL_ZNS_11silu_kernelIS2_EET_RKS5_fEEXadL_ZNS_18packed_silu_kernelIS3_EES5_S7_fEELb1ELb1ELb0ELb0EEEvPS5_PS6_ifff,gpu_max_TCP,0.0
llm_layer,layer,9,_ZN4vllm18act_and_mul_kernelIN3c108BFloat16E14__nv_bfloat162XadL_ZNS_11silu_kernelIS2_EET_RKS5_fEEXadL_ZNS_18packed_silu_kernelIS3_EES5_S7_fEELb1ELb1ELb0ELb0EEEvPS5_PS6_ifff,gpu_max_CCP,0.0
llm_layer,layer,9,_ZN4vllm18act_and_mul_kernelIN3c108BFloat16E14__nv_bfloat162XadL_ZNS_11silu_kernelIS2_EET_RKS5_fEEXadL_ZNS_18packed_silu_kernelIS3_EES5_S7_fEELb1ELb1ELb0ELb0EEEvPS5_PS6_ifff,gpu_max_SHRDP,0.0
llm_layer,layer,9,_ZN4vllm18act_and_mul_kernelIN3c108BFloat16E14__nv_bfloat162XadL_ZNS_11silu_kernelIS2_EET_RKS5_fEEXadL_ZNS_18packed_silu_kernelIS3_EES5_S7_fEELb1ELb1ELb0ELb0EEEvPS5_PS6_ifff,gpu_max_RFP,0.0
llm_layer,layer,9,_ZN4vllm18act_and_mul_kernelIN3c108BFloat16E14__nv_bfloat162XadL_ZNS_11silu_kernelIS2_EET_RKS5_fEEXadL_ZNS_18packed_silu_kernelIS3_EES5_S7_fEELb1ELb1ELb0ELb0EEEvPS5_PS6_ifff,gpu_max_INTP,2.16055
llm_layer,layer,9,_ZN4vllm18act_and_mul_kernelIN3c108BFloat16E14__nv_bfloat162XadL_ZNS_11silu_kernelIS2_EET_RKS5_fEEXadL_ZNS_18packed_silu_kernelIS3_EES5_S7_fEELb1ELb1ELb0ELb0EEEvPS5_PS6_ifff,gpu_max_FPUP,2.54735
llm_layer,layer,9,_ZN4vllm18act_and_mul_kernelIN3c108BFloat16E14__nv_bfloat162XadL_ZNS_11silu_kernelIS2_EET_RKS5_fEEXadL_ZNS_18packed_silu_kernelIS3_EES5_S7_fEELb1ELb1ELb0ELb0EEEvPS5_PS6_ifff,gpu_max_DPUP,0.0
llm_layer,layer,9,_ZN4vllm18act_and_mul_kernelIN3c108BFloat16E14__nv_bfloat162XadL_ZNS_11silu_kernelIS2_EET_RKS5_fEEXadL_ZNS_18packed_silu_kernelIS3_EES5_S7_fEELb1ELb1ELb0ELb0EEEvPS5_PS6_ifff,gpu_max_INT_MUL24P,0.0
llm_layer,layer,9,_ZN4vllm18act_and_mul_kernelIN3c108BFloat16E14__nv_bfloat162XadL_ZNS_11silu_kernelIS2_EET_RKS5_fEEXadL_ZNS_18packed_silu_kernelIS3_EES5_S7_fEELb1ELb1ELb0ELb0EEEvPS5_PS6_ifff,gpu_max_INT_MUL32P,0.0
llm_layer,layer,9,_ZN4vllm18act_and_mul_kernelIN3c108BFloat16E14__nv_bfloat162XadL_ZNS_11silu_kernelIS2_EET_RKS5_fEEXadL_ZNS_18packed_silu_kernelIS3_EES5_S7_fEELb1ELb1ELb0ELb0EEEvPS5_PS6_ifff,gpu_max_INT_MULP,0.446742
llm_layer,layer,9,_ZN4vllm18act_and_mul_kernelIN3c108BFloat16E14__nv_bfloat162XadL_ZNS_11silu_kernelIS2_EET_RKS5_fEEXadL_ZNS_18packed_silu_kernelIS3_EES5_S7_fEELb1ELb1ELb0ELb0EEEvPS5_PS6_ifff,gpu_max_INT_DIVP,0.0
llm_layer,layer,9,_ZN4vllm18act_and_mul_kernelIN3c108BFloat16E14__nv_bfloat162XadL_ZNS_11silu_kernelIS2_EET_RKS5_fEEXadL_ZNS_18packed_silu_kernelIS3_EES5_S7_fEELb1ELb1ELb0ELb0EEEvPS5_PS6_ifff,gpu_max_FP_MULP,2.52473
llm_layer,layer,9,_ZN4vllm18act_and_mul_kernelIN3c108BFloat16E14__nv_bfloat162XadL_ZNS_11silu_kernelIS2_EET_RKS5_fEEXadL_ZNS_18packed_silu_kernelIS3_EES5_S7_fEELb1ELb1ELb0ELb0EEEvPS5_PS6_ifff,gpu_max_FP_DIVP,0.0
llm_layer,layer,9,_ZN4vllm18act_and_mul_kernelIN3c108BFloat16E14__nv_bfloat162XadL_ZNS_11silu_kernelIS2_EET_RKS5_fEEXadL_ZNS_18packed_silu_kernelIS3_EES5_S7_fEELb1ELb1ELb0ELb0EEEvPS5_PS6_ifff,gpu_max_FP_SQRTP,0.0
llm_layer,layer,9,_ZN4vllm18act_and_mul_kernelIN3c108BFloat16E14__nv_bfloat162XadL_ZNS_11silu_kernelIS2_EET_RKS5_fEEXadL_ZNS_18packed_silu_kernelIS3_EES5_S7_fEELb1ELb1ELb0ELb0EEEvPS5_PS6_ifff,gpu_max_FP_LGP,0.0
llm_layer,layer,9,_ZN4vllm18act_and_mul_kernelIN3c108BFloat16E14__nv_bfloat162XadL_ZNS_11silu_kernelIS2_EET_RKS5_fEEXadL_ZNS_18packed_silu_kernelIS3_EES5_S7_fEELb1ELb1ELb0ELb0EEEvPS5_PS6_ifff,gpu_max_FP_SINP,0.0
llm_layer,layer,9,_ZN4vllm18act_and_mul_kernelIN3c108BFloat16E14__nv_bfloat162XadL_ZNS_11silu_kernelIS2_EET_RKS5_fEEXadL_ZNS_18packed_silu_kernelIS3_EES5_S7_fEELb1ELb1ELb0ELb0EEEvPS5_PS6_ifff,gpu_max_FP_EXP,1.59686
llm_layer,layer,9,_ZN4vllm18act_and_mul_kernelIN3c108BFloat16E14__nv_bfloat162XadL_ZNS_11silu_kernelIS2_EET_RKS5_fEEXadL_ZNS_18packed_silu_kernelIS3_EES5_S7_fEELb1ELb1ELb0ELb0EEEvPS5_PS6_ifff,gpu_max_DP_MULP,0.0
llm_layer,layer,9,_ZN4vllm18act_and_mul_kernelIN3c108BFloat16E14__nv_bfloat162XadL_ZNS_11silu_kernelIS2_EET_RKS5_fEEXadL_ZNS_18packed_silu_kernelIS3_EES5_S7_fEELb1ELb1ELb0ELb0EEEvPS5_PS6_ifff,gpu_max_DP_DIVP,0.0
llm_layer,layer,9,_ZN4vllm18act_and_mul_kernelIN3c108BFloat16E14__nv_bfloat162XadL_ZNS_11silu_kernelIS2_EET_RKS5_fEEXadL_ZNS_18packed_silu_kernelIS3_EES5_S7_fEELb1ELb1ELb0ELb0EEEvPS5_PS6_ifff,gpu_max_TENSORP,0.0
llm_layer,layer,9,_ZN4vllm18act_and_mul_kernelIN3c108BFloat16E14__nv_bfloat162XadL_ZNS_11silu_kernelIS2_EET_RKS5_fEEXadL_ZNS_18packed_silu_kernelIS3_EES5_S7_fEELb1ELb1ELb0ELb0EEEvPS5_PS6_ifff,gpu_max_TEXP,0.0
llm_layer,layer,9,_ZN4vllm18act_and_mul_kernelIN3c108BFloat16E14__nv_bfloat162XadL_ZNS_11silu_kernelIS2_EET_RKS5_fEEXadL_ZNS_18packed_silu_kernelIS3_EES5_S7_fEELb1ELb1ELb0ELb0EEEvPS5_PS6_ifff,gpu_max_SCHEDP,0.834115
llm_layer,layer,9,_ZN4vllm18act_and_mul_kernelIN3c108BFloat16E14__nv_bfloat162XadL_ZNS_11silu_kernelIS2_EET_RKS5_fEEXadL_ZNS_18packed_silu_kernelIS3_EES5_S7_fEELb1ELb1ELb0ELb0EEEvPS5_PS6_ifff,gpu_max_L2CP,0.326381
llm_layer,layer,9,_ZN4vllm18act_and_mul_kernelIN3c108BFloat16E14__nv_bfloat162XadL_ZNS_11silu_kernelIS2_EET_RKS5_fEEXadL_ZNS_18packed_silu_kernelIS3_EES5_S7_fEELb1ELb1ELb0ELb0EEEvPS5_PS6_ifff,gpu_max_MCP,1.25478
llm_layer,layer,9,_ZN4vllm18act_and_mul_kernelIN3c108BFloat16E14__nv_bfloat162XadL_ZNS_11silu_kernelIS2_EET_RKS5_fEEXadL_ZNS_18packed_silu_kernelIS3_EES5_S7_fEELb1ELb1ELb0ELb0EEEvPS5_PS6_ifff,gpu_max_NOCP,1.16609
llm_layer,layer,9,_ZN4vllm18act_and_mul_kernelIN3c108BFloat16E14__nv_bfloat162XadL_ZNS_11silu_kernelIS2_EET_RKS5_fEEXadL_ZNS_18packed_silu_kernelIS3_EES5_S7_fEELb1ELb1ELb0ELb0EEEvPS5_PS6_ifff,gpu_max_DRAMP,0.0
llm_layer,layer,9,_ZN4vllm18act_and_mul_kernelIN3c108BFloat16E14__nv_bfloat162XadL_ZNS_11silu_kernelIS2_EET_RKS5_fEEXadL_ZNS_18packed_silu_kernelIS3_EES5_S7_fEELb1ELb1ELb0ELb0EEEvPS5_PS6_ifff,gpu_max_PIPEP,1.20463
llm_layer,layer,9,_ZN4vllm18act_and_mul_kernelIN3c108BFloat16E14__nv_bfloat162XadL_ZNS_11silu_kernelIS2_EET_RKS5_fEEXadL_ZNS_18packed_silu_kernelIS3_EES5_S7_fEELb1ELb1ELb0ELb0EEEvPS5_PS6_ifff,gpu_max_IDLE_COREP,34.5006
llm_layer,layer,9,_ZN4vllm18act_and_mul_kernelIN3c108BFloat16E14__nv_bfloat162XadL_ZNS_11silu_kernelIS2_EET_RKS5_fEEXadL_ZNS_18packed_silu_kernelIS3_EES5_S7_fEELb1ELb1ELb0ELb0EEEvPS5_PS6_ifff,gpu_max_CONSTP,32.3252
llm_layer,layer,9,_ZN4vllm18act_and_mul_kernelIN3c108BFloat16E14__nv_bfloat162XadL_ZNS_11silu_kernelIS2_EET_RKS5_fEEXadL_ZNS_18packed_silu_kernelIS3_EES5_S7_fEELb1ELb1ELb0ELb0EEEvPS5_PS6_ifff,gpu_max_STATICP,2.83776
llm_layer,layer,9,_ZN4vllm18act_and_mul_kernelIN3c108BFloat16E14__nv_bfloat162XadL_ZNS_11silu_kernelIS2_EET_RKS5_fEEXadL_ZNS_18packed_silu_kernelIS3_EES5_S7_fEELb1ELb1ELb0ELb0EEEvPS5_PS6_ifff,gpu_max_TOT_INST,13342.0
llm_layer,layer,9,_ZN4vllm18act_and_mul_kernelIN3c108BFloat16E14__nv_bfloat162XadL_ZNS_11silu_kernelIS2_EET_RKS5_fEEXadL_ZNS_18packed_silu_kernelIS3_EES5_S7_fEELb1ELb1ELb0ELb0EEEvPS5_PS6_ifff,gpu_max_FP_INT,12168.0
llm_layer,layer,9,_ZN4vllm18act_and_mul_kernelIN3c108BFloat16E14__nv_bfloat162XadL_ZNS_11silu_kernelIS2_EET_RKS5_fEEXadL_ZNS_18packed_silu_kernelIS3_EES5_S7_fEELb1ELb1ELb0ELb0EEEvPS5_PS6_ifff,gpu_max_IC_H,0.0
llm_layer,layer,9,_ZN4vllm18act_and_mul_kernelIN3c108BFloat16E14__nv_bfloat162XadL_ZNS_11silu_kernelIS2_EET_RKS5_fEEXadL_ZNS_18packed_silu_kernelIS3_EES5_S7_fEELb1ELb1ELb0ELb0EEEvPS5_PS6_ifff,gpu_max_IC_M,0.0
llm_layer,layer,9,_ZN4vllm18act_and_mul_kernelIN3c108BFloat16E14__nv_bfloat162XadL_ZNS_11silu_kernelIS2_EET_RKS5_fEEXadL_ZNS_18packed_silu_kernelIS3_EES5_S7_fEELb1ELb1ELb0ELb0EEEvPS5_PS6_ifff,gpu_max_DC_RH,0.0
llm_layer,layer,9,_ZN4vllm18act_and_mul_kernelIN3c108BFloat16E14__nv_bfloat162XadL_ZNS_11silu_kernelIS2_EET_RKS5_fEEXadL_ZNS_18packed_silu_kernelIS3_EES5_S7_fEELb1ELb1ELb0ELb0EEEvPS5_PS6_ifff,gpu_max_DC_RM,0.0
llm_layer,layer,9,_ZN4vllm18act_and_mul_kernelIN3c108BFloat16E14__nv_bfloat162XadL_ZNS_11silu_kernelIS2_EET_RKS5_fEEXadL_ZNS_18packed_silu_kernelIS3_EES5_S7_fEELb1ELb1ELb0ELb0EEEvPS5_PS6_ifff,gpu_max_DC_WH,0.0
llm_layer,layer,9,_ZN4vllm18act_and_mul_kernelIN3c108BFloat16E14__nv_bfloat162XadL_ZNS_11silu_kernelIS2_EET_RKS5_fEEXadL_ZNS_18packed_silu_kernelIS3_EES5_S7_fEELb1ELb1ELb0ELb0EEEvPS5_PS6_ifff,gpu_max_DC_WM,1440.0
llm_layer,layer,9,_ZN4vllm18act_and_mul_kernelIN3c108BFloat16E14__nv_bfloat162XadL_ZNS_11silu_kernelIS2_EET_RKS5_fEEXadL_ZNS_18packed_silu_kernelIS3_EES5_S7_fEELb1ELb1ELb0ELb0EEEvPS5_PS6_ifff,gpu_max_TC_H,0.0
llm_layer,layer,9,_ZN4vllm18act_and_mul_kernelIN3c108BFloat16E14__nv_bfloat162XadL_ZNS_11silu_kernelIS2_EET_RKS5_fEEXadL_ZNS_18packed_silu_kernelIS3_EES5_S7_fEELb1ELb1ELb0ELb0EEEvPS5_PS6_ifff,gpu_max_TC_M,0.0
llm_layer,layer,9,_ZN4vllm18act_and_mul_kernelIN3c108BFloat16E14__nv_bfloat162XadL_ZNS_11silu_kernelIS2_EET_RKS5_fEEXadL_ZNS_18packed_silu_kernelIS3_EES5_S7_fEELb1ELb1ELb0ELb0EEEvPS5_PS6_ifff,gpu_max_CC_H,0.0
llm_layer,layer,9,_ZN4vllm18act_and_mul_kernelIN3c108BFloat16E14__nv_bfloat162XadL_ZNS_11silu_kernelIS2_EET_RKS5_fEEXadL_ZNS_18packed_silu_kernelIS3_EES5_S7_fEELb1ELb1ELb0ELb0EEEvPS5_PS6_ifff,gpu_max_CC_M,0.0
llm_layer,layer,9,_ZN4vllm18act_and_mul_kernelIN3c108BFloat16E14__nv_bfloat162XadL_ZNS_11silu_kernelIS2_EET_RKS5_fEEXadL_ZNS_18packed_silu_kernelIS3_EES5_S7_fEELb1ELb1ELb0ELb0EEEvPS5_PS6_ifff,gpu_max_SHRD_ACC,0.0
llm_layer,layer,9,_ZN4vllm18act_and_mul_kernelIN3c108BFloat16E14__nv_bfloat162XadL_ZNS_11silu_kernelIS2_EET_RKS5_fEEXadL_ZNS_18packed_silu_kernelIS3_EES5_S7_fEELb1ELb1ELb0ELb0EEEvPS5_PS6_ifff,gpu_max_REG_RD,0.0
llm_layer,layer,9,_ZN4vllm18act_and_mul_kernelIN3c108BFloat16E14__nv_bfloat162XadL_ZNS_11silu_kernelIS2_EET_RKS5_fEEXadL_ZNS_18packed_silu_kernelIS3_EES5_S7_fEELb1ELb1ELb0ELb0EEEvPS5_PS6_ifff,gpu_max_REG_WR,0.0
llm_layer,layer,9,_ZN4vllm18act_and_mul_kernelIN3c108BFloat16E14__nv_bfloat162XadL_ZNS_11silu_kernelIS2_EET_RKS5_fEEXadL_ZNS_18packed_silu_kernelIS3_EES5_S7_fEELb1ELb1ELb0ELb0EEEvPS5_PS6_ifff,gpu_max_NON_REG_OPs,0.0
llm_layer,layer,9,_ZN4vllm18act_and_mul_kernelIN3c108BFloat16E14__nv_bfloat162XadL_ZNS_11silu_kernelIS2_EET_RKS5_fEEXadL_ZNS_18packed_silu_kernelIS3_EES5_S7_fEELb1ELb1ELb0ELb0EEEvPS5_PS6_ifff,gpu_max_INT_ACC,1181270.0
llm_layer,layer,9,_ZN4vllm18act_and_mul_kernelIN3c108BFloat16E14__nv_bfloat162XadL_ZNS_11silu_kernelIS2_EET_RKS5_fEEXadL_ZNS_18packed_silu_kernelIS3_EES5_S7_fEELb1ELb1ELb0ELb0EEEvPS5_PS6_ifff,gpu_max_FPU_ACC,34119.3
llm_layer,layer,9,_ZN4vllm18act_and_mul_kernelIN3c108BFloat16E14__nv_bfloat162XadL_ZNS_11silu_kernelIS2_EET_RKS5_fEEXadL_ZNS_18packed_silu_kernelIS3_EES5_S7_fEELb1ELb1ELb0ELb0EEEvPS5_PS6_ifff,gpu_max_DPU_ACC,0.0
llm_layer,layer,9,_ZN4vllm18act_and_mul_kernelIN3c108BFloat16E14__nv_bfloat162XadL_ZNS_11silu_kernelIS2_EET_RKS5_fEEXadL_ZNS_18packed_silu_kernelIS3_EES5_S7_fEELb1ELb1ELb0ELb0EEEvPS5_PS6_ifff,gpu_max_INT_MUL24_ACC,0.0
llm_layer,layer,9,_ZN4vllm18act_and_mul_kernelIN3c108BFloat16E14__nv_bfloat162XadL_ZNS_11silu_kernelIS2_EET_RKS5_fEEXadL_ZNS_18packed_silu_kernelIS3_EES5_S7_fEELb1ELb1ELb0ELb0EEEvPS5_PS6_ifff,gpu_max_INT_MUL32_ACC,0.0
llm_layer,layer,9,_ZN4vllm18act_and_mul_kernelIN3c108BFloat16E14__nv_bfloat162XadL_ZNS_11silu_kernelIS2_EET_RKS5_fEEXadL_ZNS_18packed_silu_kernelIS3_EES5_S7_fEELb1ELb1ELb0ELb0EEEvPS5_PS6_ifff,gpu_max_INT_MUL_ACC,2917.04
llm_layer,layer,9,_ZN4vllm18act_and_mul_kernelIN3c108BFloat16E14__nv_bfloat162XadL_ZNS_11silu_kernelIS2_EET_RKS5_fEEXadL_ZNS_18packed_silu_kernelIS3_EES5_S7_fEELb1ELb1ELb0ELb0EEEvPS5_PS6_ifff,gpu_max_INT_DIV_ACC,0.0
llm_layer,layer,9,_ZN4vllm18act_and_mul_kernelIN3c108BFloat16E14__nv_bfloat162XadL_ZNS_11silu_kernelIS2_EET_RKS5_fEEXadL_ZNS_18packed_silu_kernelIS3_EES5_S7_fEELb1ELb1ELb0ELb0EEEvPS5_PS6_ifff,gpu_max_FP_MUL_ACC,16485.5
llm_layer,layer,9,_ZN4vllm18act_and_mul_kernelIN3c108BFloat16E14__nv_bfloat162XadL_ZNS_11silu_kernelIS2_EET_RKS5_fEEXadL_ZNS_18packed_silu_kernelIS3_EES5_S7_fEELb1ELb1ELb0ELb0EEEvPS5_PS6_ifff,gpu_max_FP_DIV_ACC,0.0
llm_layer,layer,9,_ZN4vllm18act_and_mul_kernelIN3c108BFloat16E14__nv_bfloat162XadL_ZNS_11silu_kernelIS2_EET_RKS5_fEEXadL_ZNS_18packed_silu_kernelIS3_EES5_S7_fEELb1ELb1ELb0ELb0EEEvPS5_PS6_ifff,gpu_max_FP_SQRT_ACC,0.0
llm_layer,layer,9,_ZN4vllm18act_and_mul_kernelIN3c108BFloat16E14__nv_bfloat162XadL_ZNS_11silu_kernelIS2_EET_RKS5_fEEXadL_ZNS_18packed_silu_kernelIS3_EES5_S7_fEELb1ELb1ELb0ELb0EEEvPS5_PS6_ifff,gpu_max_FP_LG_ACC,0.0
llm_layer,layer,9,_ZN4vllm18act_and_mul_kernelIN3c108BFloat16E14__nv_bfloat162XadL_ZNS_11silu_kernelIS2_EET_RKS5_fEEXadL_ZNS_18packed_silu_kernelIS3_EES5_S7_fEELb1ELb1ELb0ELb0EEEvPS5_PS6_ifff,gpu_max_FP_SIN_ACC,0.0
llm_layer,layer,9,_ZN4vllm18act_and_mul_kernelIN3c108BFloat16E14__nv_bfloat162XadL_ZNS_11silu_kernelIS2_EET_RKS5_fEEXadL_ZNS_18packed_silu_kernelIS3_EES5_S7_fEELb1ELb1ELb0ELb0EEEvPS5_PS6_ifff,gpu_max_FP_EXP_ACC,10426.9
llm_layer,layer,9,_ZN4vllm18act_and_mul_kernelIN3c108BFloat16E14__nv_bfloat162XadL_ZNS_11silu_kernelIS2_EET_RKS5_fEEXadL_ZNS_18packed_silu_kernelIS3_EES5_S7_fEELb1ELb1ELb0ELb0EEEvPS5_PS6_ifff,gpu_max_DP_MUL_ACC,0.0
llm_layer,layer,9,_ZN4vllm18act_and_mul_kernelIN3c108BFloat16E14__nv_bfloat162XadL_ZNS_11silu_kernelIS2_EET_RKS5_fEEXadL_ZNS_18packed_silu_kernelIS3_EES5_S7_fEELb1ELb1ELb0ELb0EEEvPS5_PS6_ifff,gpu_max_DP_DIV_ACC,0.0
llm_layer,layer,9,_ZN4vllm18act_and_mul_kernelIN3c108BFloat16E14__nv_bfloat162XadL_ZNS_11silu_kernelIS2_EET_RKS5_fEEXadL_ZNS_18packed_silu_kernelIS3_EES5_S7_fEELb1ELb1ELb0ELb0EEEvPS5_PS6_ifff,gpu_max_TENSOR_ACC,0.0
llm_layer,layer,9,_ZN4vllm18act_and_mul_kernelIN3c108BFloat16E14__nv_bfloat162XadL_ZNS_11silu_kernelIS2_EET_RKS5_fEEXadL_ZNS_18packed_silu_kernelIS3_EES5_S7_fEELb1ELb1ELb0ELb0EEEvPS5_PS6_ifff,gpu_max_TEX_ACC,0.0
llm_layer,layer,9,_ZN4vllm18act_and_mul_kernelIN3c108BFloat16E14__nv_bfloat162XadL_ZNS_11silu_kernelIS2_EET_RKS5_fEEXadL_ZNS_18packed_silu_kernelIS3_EES5_S7_fEELb1ELb1ELb0ELb0EEEvPS5_PS6_ifff,gpu_max_MEM_RD,0.0
llm_layer,layer,9,_ZN4vllm18act_and_mul_kernelIN3c108BFloat16E14__nv_bfloat162XadL_ZNS_11silu_kernelIS2_EET_RKS5_fEEXadL_ZNS_18packed_silu_kernelIS3_EES5_S7_fEELb1ELb1ELb0ELb0EEEvPS5_PS6_ifff,gpu_max_MEM_WR,0.0
llm_layer,layer,9,_ZN4vllm18act_and_mul_kernelIN3c108BFloat16E14__nv_bfloat162XadL_ZNS_11silu_kernelIS2_EET_RKS5_fEEXadL_ZNS_18packed_silu_kernelIS3_EES5_S7_fEELb1ELb1ELb0ELb0EEEvPS5_PS6_ifff,gpu_max_MEM_PRE,0.0
llm_layer,layer,9,_ZN4vllm18act_and_mul_kernelIN3c108BFloat16E14__nv_bfloat162XadL_ZNS_11silu_kernelIS2_EET_RKS5_fEEXadL_ZNS_18packed_silu_kernelIS3_EES5_S7_fEELb1ELb1ELb0ELb0EEEvPS5_PS6_ifff,gpu_max_L2_RH,0.0
llm_layer,layer,9,_ZN4vllm18act_and_mul_kernelIN3c108BFloat16E14__nv_bfloat162XadL_ZNS_11silu_kernelIS2_EET_RKS5_fEEXadL_ZNS_18packed_silu_kernelIS3_EES5_S7_fEELb1ELb1ELb0ELb0EEEvPS5_PS6_ifff,gpu_max_L2_RM,0.0
llm_layer,layer,9,_ZN4vllm18act_and_mul_kernelIN3c108BFloat16E14__nv_bfloat162XadL_ZNS_11silu_kernelIS2_EET_RKS5_fEEXadL_ZNS_18packed_silu_kernelIS3_EES5_S7_fEELb1ELb1ELb0ELb0EEEvPS5_PS6_ifff,gpu_max_L2_WH,0.0
llm_layer,layer,9,_ZN4vllm18act_and_mul_kernelIN3c108BFloat16E14__nv_bfloat162XadL_ZNS_11silu_kernelIS2_EET_RKS5_fEEXadL_ZNS_18packed_silu_kernelIS3_EES5_S7_fEELb1ELb1ELb0ELb0EEEvPS5_PS6_ifff,gpu_max_L2_WM,634.0
llm_layer,layer,9,_ZN4vllm18act_and_mul_kernelIN3c108BFloat16E14__nv_bfloat162XadL_ZNS_11silu_kernelIS2_EET_RKS5_fEEXadL_ZNS_18packed_silu_kernelIS3_EES5_S7_fEELb1ELb1ELb0ELb0EEEvPS5_PS6_ifff,gpu_max_NOC_A,3420.0
llm_layer,layer,9,_ZN4vllm18act_and_mul_kernelIN3c108BFloat16E14__nv_bfloat162XadL_ZNS_11silu_kernelIS2_EET_RKS5_fEEXadL_ZNS_18packed_silu_kernelIS3_EES5_S7_fEELb1ELb1ELb0ELb0EEEvPS5_PS6_ifff,gpu_max_PIPE_A,0.0368461
llm_layer,layer,9,_ZN4vllm18act_and_mul_kernelIN3c108BFloat16E14__nv_bfloat162XadL_ZNS_11silu_kernelIS2_EET_RKS5_fEEXadL_ZNS_18packed_silu_kernelIS3_EES5_S7_fEELb1ELb1ELb0ELb0EEEvPS5_PS6_ifff,gpu_max_IDLE_CORE_N,122.0
llm_layer,layer,9,_ZN4vllm18act_and_mul_kernelIN3c108BFloat16E14__nv_bfloat162XadL_ZNS_11silu_kernelIS2_EET_RKS5_fEEXadL_ZNS_18packed_silu_kernelIS3_EES5_S7_fEELb1ELb1ELb0ELb0EEEvPS5_PS6_ifff,gpu_max_constant_power,0.0
llm_layer,layer,9,_ZN4vllm18act_and_mul_kernelIN3c108BFloat16E14__nv_bfloat162XadL_ZNS_11silu_kernelIS2_EET_RKS5_fEEXadL_ZNS_18packed_silu_kernelIS3_EES5_S7_fEELb1ELb1ELb0ELb0EEEvPS5_PS6_ifff,kernel_min_power,70.5658
llm_layer,layer,9,_ZN4vllm18act_and_mul_kernelIN3c108BFloat16E14__nv_bfloat162XadL_ZNS_11silu_kernelIS2_EET_RKS5_fEEXadL_ZNS_18packed_silu_kernelIS3_EES5_S7_fEELb1ELb1ELb0ELb0EEEvPS5_PS6_ifff,gpu_min_IBP,0.0
llm_layer,layer,9,_ZN4vllm18act_and_mul_kernelIN3c108BFloat16E14__nv_bfloat162XadL_ZNS_11silu_kernelIS2_EET_RKS5_fEEXadL_ZNS_18packed_silu_kernelIS3_EES5_S7_fEELb1ELb1ELb0ELb0EEEvPS5_PS6_ifff,gpu_min_ICP,0.0
llm_layer,layer,9,_ZN4vllm18act_and_mul_kernelIN3c108BFloat16E14__nv_bfloat162XadL_ZNS_11silu_kernelIS2_EET_RKS5_fEEXadL_ZNS_18packed_silu_kernelIS3_EES5_S7_fEELb1ELb1ELb0ELb0EEEvPS5_PS6_ifff,gpu_min_DCP,0.0
llm_layer,layer,9,_ZN4vllm18act_and_mul_kernelIN3c108BFloat16E14__nv_bfloat162XadL_ZNS_11silu_kernelIS2_EET_RKS5_fEEXadL_ZNS_18packed_silu_kernelIS3_EES5_S7_fEELb1ELb1ELb0ELb0EEEvPS5_PS6_ifff,gpu_min_TCP,0.0
llm_layer,layer,9,_ZN4vllm18act_and_mul_kernelIN3c108BFloat16E14__nv_bfloat162XadL_ZNS_11silu_kernelIS2_EET_RKS5_fEEXadL_ZNS_18packed_silu_kernelIS3_EES5_S7_fEELb1ELb1ELb0ELb0EEEvPS5_PS6_ifff,gpu_min_CCP,0.0
llm_layer,layer,9,_ZN4vllm18act_and_mul_kernelIN3c108BFloat16E14__nv_bfloat162XadL_ZNS_11silu_kernelIS2_EET_RKS5_fEEXadL_ZNS_18packed_silu_kernelIS3_EES5_S7_fEELb1ELb1ELb0ELb0EEEvPS5_PS6_ifff,gpu_min_SHRDP,0.0
llm_layer,layer,9,_ZN4vllm18act_and_mul_kernelIN3c108BFloat16E14__nv_bfloat162XadL_ZNS_11silu_kernelIS2_EET_RKS5_fEEXadL_ZNS_18packed_silu_kernelIS3_EES5_S7_fEELb1ELb1ELb0ELb0EEEvPS5_PS6_ifff,gpu_min_RFP,0.0
llm_layer,layer,9,_ZN4vllm18act_and_mul_kernelIN3c108BFloat16E14__nv_bfloat162XadL_ZNS_11silu_kernelIS2_EET_RKS5_fEEXadL_ZNS_18packed_silu_kernelIS3_EES5_S7_fEELb1ELb1ELb0ELb0EEEvPS5_PS6_ifff,gpu_min_INTP,0.0
llm_layer,layer,9,_ZN4vllm18act_and_mul_kernelIN3c108BFloat16E14__nv_bfloat162XadL_ZNS_11silu_kernelIS2_EET_RKS5_fEEXadL_ZNS_18packed_silu_kernelIS3_EES5_S7_fEELb1ELb1ELb0ELb0EEEvPS5_PS6_ifff,gpu_min_FPUP,0.0
llm_layer,layer,9,_ZN4vllm18act_and_mul_kernelIN3c108BFloat16E14__nv_bfloat162XadL_ZNS_11silu_kernelIS2_EET_RKS5_fEEXadL_ZNS_18packed_silu_kernelIS3_EES5_S7_fEELb1ELb1ELb0ELb0EEEvPS5_PS6_ifff,gpu_min_DPUP,0.0
llm_layer,layer,9,_ZN4vllm18act_and_mul_kernelIN3c108BFloat16E14__nv_bfloat162XadL_ZNS_11silu_kernelIS2_EET_RKS5_fEEXadL_ZNS_18packed_silu_kernelIS3_EES5_S7_fEELb1ELb1ELb0ELb0EEEvPS5_PS6_ifff,gpu_min_INT_MUL24P,0.0
llm_layer,layer,9,_ZN4vllm18act_and_mul_kernelIN3c108BFloat16E14__nv_bfloat162XadL_ZNS_11silu_kernelIS2_EET_RKS5_fEEXadL_ZNS_18packed_silu_kernelIS3_EES5_S7_fEELb1ELb1ELb0ELb0EEEvPS5_PS6_ifff,gpu_min_INT_MUL32P,0.0
llm_layer,layer,9,_ZN4vllm18act_and_mul_kernelIN3c108BFloat16E14__nv_bfloat162XadL_ZNS_11silu_kernelIS2_EET_RKS5_fEEXadL_ZNS_18packed_silu_kernelIS3_EES5_S7_fEELb1ELb1ELb0ELb0EEEvPS5_PS6_ifff,gpu_min_INT_MULP,0.0
llm_layer,layer,9,_ZN4vllm18act_and_mul_kernelIN3c108BFloat16E14__nv_bfloat162XadL_ZNS_11silu_kernelIS2_EET_RKS5_fEEXadL_ZNS_18packed_silu_kernelIS3_EES5_S7_fEELb1ELb1ELb0ELb0EEEvPS5_PS6_ifff,gpu_min_INT_DIVP,0.0
llm_layer,layer,9,_ZN4vllm18act_and_mul_kernelIN3c108BFloat16E14__nv_bfloat162XadL_ZNS_11silu_kernelIS2_EET_RKS5_fEEXadL_ZNS_18packed_silu_kernelIS3_EES5_S7_fEELb1ELb1ELb0ELb0EEEvPS5_PS6_ifff,gpu_min_FP_MULP,0.0
llm_layer,layer,9,_ZN4vllm18act_and_mul_kernelIN3c108BFloat16E14__nv_bfloat162XadL_ZNS_11silu_kernelIS2_EET_RKS5_fEEXadL_ZNS_18packed_silu_kernelIS3_EES5_S7_fEELb1ELb1ELb0ELb0EEEvPS5_PS6_ifff,gpu_min_FP_DIVP,0.0
llm_layer,layer,9,_ZN4vllm18act_and_mul_kernelIN3c108BFloat16E14__nv_bfloat162XadL_ZNS_11silu_kernelIS2_EET_RKS5_fEEXadL_ZNS_18packed_silu_kernelIS3_EES5_S7_fEELb1ELb1ELb0ELb0EEEvPS5_PS6_ifff,gpu_min_FP_SQRTP,0.0
llm_layer,layer,9,_ZN4vllm18act_and_mul_kernelIN3c108BFloat16E14__nv_bfloat162XadL_ZNS_11silu_kernelIS2_EET_RKS5_fEEXadL_ZNS_18packed_silu_kernelIS3_EES5_S7_fEELb1ELb1ELb0ELb0EEEvPS5_PS6_ifff,gpu_min_FP_LGP,0.0
llm_layer,layer,9,_ZN4vllm18act_and_mul_kernelIN3c108BFloat16E14__nv_bfloat162XadL_ZNS_11silu_kernelIS2_EET_RKS5_fEEXadL_ZNS_18packed_silu_kernelIS3_EES5_S7_fEELb1ELb1ELb0ELb0EEEvPS5_PS6_ifff,gpu_min_FP_SINP,0.0
llm_layer,layer,9,_ZN4vllm18act_and_mul_kernelIN3c108BFloat16E14__nv_bfloat162XadL_ZNS_11silu_kernelIS2_EET_RKS5_fEEXadL_ZNS_18packed_silu_kernelIS3_EES5_S7_fEELb1ELb1ELb0ELb0EEEvPS5_PS6_ifff,gpu_min_FP_EXP,0.0
llm_layer,layer,9,_ZN4vllm18act_and_mul_kernelIN3c108BFloat16E14__nv_bfloat162XadL_ZNS_11silu_kernelIS2_EET_RKS5_fEEXadL_ZNS_18packed_silu_kernelIS3_EES5_S7_fEELb1ELb1ELb0ELb0EEEvPS5_PS6_ifff,gpu_min_DP_MULP,0.0
llm_layer,layer,9,_ZN4vllm18act_and_mul_kernelIN3c108BFloat16E14__nv_bfloat162XadL_ZNS_11silu_kernelIS2_EET_RKS5_fEEXadL_ZNS_18packed_silu_kernelIS3_EES5_S7_fEELb1ELb1ELb0ELb0EEEvPS5_PS6_ifff,gpu_min_DP_DIVP,0.0
llm_layer,layer,9,_ZN4vllm18act_and_mul_kernelIN3c108BFloat16E14__nv_bfloat162XadL_ZNS_11silu_kernelIS2_EET_RKS5_fEEXadL_ZNS_18packed_silu_kernelIS3_EES5_S7_fEELb1ELb1ELb0ELb0EEEvPS5_PS6_ifff,gpu_min_TENSORP,0.0
llm_layer,layer,9,_ZN4vllm18act_and_mul_kernelIN3c108BFloat16E14__nv_bfloat162XadL_ZNS_11silu_kernelIS2_EET_RKS5_fEEXadL_ZNS_18packed_silu_kernelIS3_EES5_S7_fEELb1ELb1ELb0ELb0EEEvPS5_PS6_ifff,gpu_min_TEXP,0.0
llm_layer,layer,9,_ZN4vllm18act_and_mul_kernelIN3c108BFloat16E14__nv_bfloat162XadL_ZNS_11silu_kernelIS2_EET_RKS5_fEEXadL_ZNS_18packed_silu_kernelIS3_EES5_S7_fEELb1ELb1ELb0ELb0EEEvPS5_PS6_ifff,gpu_min_SCHEDP,0.0
llm_layer,layer,9,_ZN4vllm18act_and_mul_kernelIN3c108BFloat16E14__nv_bfloat162XadL_ZNS_11silu_kernelIS2_EET_RKS5_fEEXadL_ZNS_18packed_silu_kernelIS3_EES5_S7_fEELb1ELb1ELb0ELb0EEEvPS5_PS6_ifff,gpu_min_L2CP,0.0
llm_layer,layer,9,_ZN4vllm18act_and_mul_kernelIN3c108BFloat16E14__nv_bfloat162XadL_ZNS_11silu_kernelIS2_EET_RKS5_fEEXadL_ZNS_18packed_silu_kernelIS3_EES5_S7_fEELb1ELb1ELb0ELb0EEEvPS5_PS6_ifff,gpu_min_MCP,0.55022
llm_layer,layer,9,_ZN4vllm18act_and_mul_kernelIN3c108BFloat16E14__nv_bfloat162XadL_ZNS_11silu_kernelIS2_EET_RKS5_fEEXadL_ZNS_18packed_silu_kernelIS3_EES5_S7_fEELb1ELb1ELb0ELb0EEEvPS5_PS6_ifff,gpu_min_NOCP,0.0
llm_layer,layer,9,_ZN4vllm18act_and_mul_kernelIN3c108BFloat16E14__nv_bfloat162XadL_ZNS_11silu_kernelIS2_EET_RKS5_fEEXadL_ZNS_18packed_silu_kernelIS3_EES5_S7_fEELb1ELb1ELb0ELb0EEEvPS5_PS6_ifff,gpu_min_DRAMP,0.0
llm_layer,layer,9,_ZN4vllm18act_and_mul_kernelIN3c108BFloat16E14__nv_bfloat162XadL_ZNS_11silu_kernelIS2_EET_RKS5_fEEXadL_ZNS_18packed_silu_kernelIS3_EES5_S7_fEELb1ELb1ELb0ELb0EEEvPS5_PS6_ifff,gpu_min_PIPEP,0.361843
llm_layer,layer,9,_ZN4vllm18act_and_mul_kernelIN3c108BFloat16E14__nv_bfloat162XadL_ZNS_11silu_kernelIS2_EET_RKS5_fEEXadL_ZNS_18packed_silu_kernelIS3_EES5_S7_fEELb1ELb1ELb0ELb0EEEvPS5_PS6_ifff,gpu_min_IDLE_COREP,37.3285
llm_layer,layer,9,_ZN4vllm18act_and_mul_kernelIN3c108BFloat16E14__nv_bfloat162XadL_ZNS_11silu_kernelIS2_EET_RKS5_fEEXadL_ZNS_18packed_silu_kernelIS3_EES5_S7_fEELb1ELb1ELb0ELb0EEEvPS5_PS6_ifff,gpu_min_CONSTP,32.3252
llm_layer,layer,9,_ZN4vllm18act_and_mul_kernelIN3c108BFloat16E14__nv_bfloat162XadL_ZNS_11silu_kernelIS2_EET_RKS5_fEEXadL_ZNS_18packed_silu_kernelIS3_EES5_S7_fEELb1ELb1ELb0ELb0EEEvPS5_PS6_ifff,gpu_min_STATICP,0.0
llm_layer,layer,9,_ZN4vllm18act_and_mul_kernelIN3c108BFloat16E14__nv_bfloat162XadL_ZNS_11silu_kernelIS2_EET_RKS5_fEEXadL_ZNS_18packed_silu_kernelIS3_EES5_S7_fEELb1ELb1ELb0ELb0EEEvPS5_PS6_ifff,gpu_min_TOT_INST,0.0
llm_layer,layer,9,_ZN4vllm18act_and_mul_kernelIN3c108BFloat16E14__nv_bfloat162XadL_ZNS_11silu_kernelIS2_EET_RKS5_fEEXadL_ZNS_18packed_silu_kernelIS3_EES5_S7_fEELb1ELb1ELb0ELb0EEEvPS5_PS6_ifff,gpu_min_FP_INT,0.0
llm_layer,layer,9,_ZN4vllm18act_and_mul_kernelIN3c108BFloat16E14__nv_bfloat162XadL_ZNS_11silu_kernelIS2_EET_RKS5_fEEXadL_ZNS_18packed_silu_kernelIS3_EES5_S7_fEELb1ELb1ELb0ELb0EEEvPS5_PS6_ifff,gpu_min_IC_H,0.0
llm_layer,layer,9,_ZN4vllm18act_and_mul_kernelIN3c108BFloat16E14__nv_bfloat162XadL_ZNS_11silu_kernelIS2_EET_RKS5_fEEXadL_ZNS_18packed_silu_kernelIS3_EES5_S7_fEELb1ELb1ELb0ELb0EEEvPS5_PS6_ifff,gpu_min_IC_M,0.0
llm_layer,layer,9,_ZN4vllm18act_and_mul_kernelIN3c108BFloat16E14__nv_bfloat162XadL_ZNS_11silu_kernelIS2_EET_RKS5_fEEXadL_ZNS_18packed_silu_kernelIS3_EES5_S7_fEELb1ELb1ELb0ELb0EEEvPS5_PS6_ifff,gpu_min_DC_RH,0.0
llm_layer,layer,9,_ZN4vllm18act_and_mul_kernelIN3c108BFloat16E14__nv_bfloat162XadL_ZNS_11silu_kernelIS2_EET_RKS5_fEEXadL_ZNS_18packed_silu_kernelIS3_EES5_S7_fEELb1ELb1ELb0ELb0EEEvPS5_PS6_ifff,gpu_min_DC_RM,0.0
llm_layer,layer,9,_ZN4vllm18act_and_mul_kernelIN3c108BFloat16E14__nv_bfloat162XadL_ZNS_11silu_kernelIS2_EET_RKS5_fEEXadL_ZNS_18packed_silu_kernelIS3_EES5_S7_fEELb1ELb1ELb0ELb0EEEvPS5_PS6_ifff,gpu_min_DC_WH,0.0
llm_layer,layer,9,_ZN4vllm18act_and_mul_kernelIN3c108BFloat16E14__nv_bfloat162XadL_ZNS_11silu_kernelIS2_EET_RKS5_fEEXadL_ZNS_18packed_silu_kernelIS3_EES5_S7_fEELb1ELb1ELb0ELb0EEEvPS5_PS6_ifff,gpu_min_DC_WM,0.0
llm_layer,layer,9,_ZN4vllm18act_and_mul_kernelIN3c108BFloat16E14__nv_bfloat162XadL_ZNS_11silu_kernelIS2_EET_RKS5_fEEXadL_ZNS_18packed_silu_kernelIS3_EES5_S7_fEELb1ELb1ELb0ELb0EEEvPS5_PS6_ifff,gpu_min_TC_H,0.0
llm_layer,layer,9,_ZN4vllm18act_and_mul_kernelIN3c108BFloat16E14__nv_bfloat162XadL_ZNS_11silu_kernelIS2_EET_RKS5_fEEXadL_ZNS_18packed_silu_kernelIS3_EES5_S7_fEELb1ELb1ELb0ELb0EEEvPS5_PS6_ifff,gpu_min_TC_M,0.0
llm_layer,layer,9,_ZN4vllm18act_and_mul_kernelIN3c108BFloat16E14__nv_bfloat162XadL_ZNS_11silu_kernelIS2_EET_RKS5_fEEXadL_ZNS_18packed_silu_kernelIS3_EES5_S7_fEELb1ELb1ELb0ELb0EEEvPS5_PS6_ifff,gpu_min_CC_H,0.0
llm_layer,layer,9,_ZN4vllm18act_and_mul_kernelIN3c108BFloat16E14__nv_bfloat162XadL_ZNS_11silu_kernelIS2_EET_RKS5_fEEXadL_ZNS_18packed_silu_kernelIS3_EES5_S7_fEELb1ELb1ELb0ELb0EEEvPS5_PS6_ifff,gpu_min_CC_M,0.0
llm_layer,layer,9,_ZN4vllm18act_and_mul_kernelIN3c108BFloat16E14__nv_bfloat162XadL_ZNS_11silu_kernelIS2_EET_RKS5_fEEXadL_ZNS_18packed_silu_kernelIS3_EES5_S7_fEELb1ELb1ELb0ELb0EEEvPS5_PS6_ifff,gpu_min_SHRD_ACC,0.0
llm_layer,layer,9,_ZN4vllm18act_and_mul_kernelIN3c108BFloat16E14__nv_bfloat162XadL_ZNS_11silu_kernelIS2_EET_RKS5_fEEXadL_ZNS_18packed_silu_kernelIS3_EES5_S7_fEELb1ELb1ELb0ELb0EEEvPS5_PS6_ifff,gpu_min_REG_RD,0.0
llm_layer,layer,9,_ZN4vllm18act_and_mul_kernelIN3c108BFloat16E14__nv_bfloat162XadL_ZNS_11silu_kernelIS2_EET_RKS5_fEEXadL_ZNS_18packed_silu_kernelIS3_EES5_S7_fEELb1ELb1ELb0ELb0EEEvPS5_PS6_ifff,gpu_min_REG_WR,0.0
llm_layer,layer,9,_ZN4vllm18act_and_mul_kernelIN3c108BFloat16E14__nv_bfloat162XadL_ZNS_11silu_kernelIS2_EET_RKS5_fEEXadL_ZNS_18packed_silu_kernelIS3_EES5_S7_fEELb1ELb1ELb0ELb0EEEvPS5_PS6_ifff,gpu_min_NON_REG_OPs,0.0
llm_layer,layer,9,_ZN4vllm18act_and_mul_kernelIN3c108BFloat16E14__nv_bfloat162XadL_ZNS_11silu_kernelIS2_EET_RKS5_fEEXadL_ZNS_18packed_silu_kernelIS3_EES5_S7_fEELb1ELb1ELb0ELb0EEEvPS5_PS6_ifff,gpu_min_INT_ACC,0.0
llm_layer,layer,9,_ZN4vllm18act_and_mul_kernelIN3c108BFloat16E14__nv_bfloat162XadL_ZNS_11silu_kernelIS2_EET_RKS5_fEEXadL_ZNS_18packed_silu_kernelIS3_EES5_S7_fEELb1ELb1ELb0ELb0EEEvPS5_PS6_ifff,gpu_min_FPU_ACC,0.0
llm_layer,layer,9,_ZN4vllm18act_and_mul_kernelIN3c108BFloat16E14__nv_bfloat162XadL_ZNS_11silu_kernelIS2_EET_RKS5_fEEXadL_ZNS_18packed_silu_kernelIS3_EES5_S7_fEELb1ELb1ELb0ELb0EEEvPS5_PS6_ifff,gpu_min_DPU_ACC,0.0
llm_layer,layer,9,_ZN4vllm18act_and_mul_kernelIN3c108BFloat16E14__nv_bfloat162XadL_ZNS_11silu_kernelIS2_EET_RKS5_fEEXadL_ZNS_18packed_silu_kernelIS3_EES5_S7_fEELb1ELb1ELb0ELb0EEEvPS5_PS6_ifff,gpu_min_INT_MUL24_ACC,0.0
llm_layer,layer,9,_ZN4vllm18act_and_mul_kernelIN3c108BFloat16E14__nv_bfloat162XadL_ZNS_11silu_kernelIS2_EET_RKS5_fEEXadL_ZNS_18packed_silu_kernelIS3_EES5_S7_fEELb1ELb1ELb0ELb0EEEvPS5_PS6_ifff,gpu_min_INT_MUL32_ACC,0.0
llm_layer,layer,9,_ZN4vllm18act_and_mul_kernelIN3c108BFloat16E14__nv_bfloat162XadL_ZNS_11silu_kernelIS2_EET_RKS5_fEEXadL_ZNS_18packed_silu_kernelIS3_EES5_S7_fEELb1ELb1ELb0ELb0EEEvPS5_PS6_ifff,gpu_min_INT_MUL_ACC,0.0
llm_layer,layer,9,_ZN4vllm18act_and_mul_kernelIN3c108BFloat16E14__nv_bfloat162XadL_ZNS_11silu_kernelIS2_EET_RKS5_fEEXadL_ZNS_18packed_silu_kernelIS3_EES5_S7_fEELb1ELb1ELb0ELb0EEEvPS5_PS6_ifff,gpu_min_INT_DIV_ACC,0.0
llm_layer,layer,9,_ZN4vllm18act_and_mul_kernelIN3c108BFloat16E14__nv_bfloat162XadL_ZNS_11silu_kernelIS2_EET_RKS5_fEEXadL_ZNS_18packed_silu_kernelIS3_EES5_S7_fEELb1ELb1ELb0ELb0EEEvPS5_PS6_ifff,gpu_min_FP_MUL_ACC,0.0
llm_layer,layer,9,_ZN4vllm18act_and_mul_kernelIN3c108BFloat16E14__nv_bfloat162XadL_ZNS_11silu_kernelIS2_EET_RKS5_fEEXadL_ZNS_18packed_silu_kernelIS3_EES5_S7_fEELb1ELb1ELb0ELb0EEEvPS5_PS6_ifff,gpu_min_FP_DIV_ACC,0.0
llm_layer,layer,9,_ZN4vllm18act_and_mul_kernelIN3c108BFloat16E14__nv_bfloat162XadL_ZNS_11silu_kernelIS2_EET_RKS5_fEEXadL_ZNS_18packed_silu_kernelIS3_EES5_S7_fEELb1ELb1ELb0ELb0EEEvPS5_PS6_ifff,gpu_min_FP_SQRT_ACC,0.0
llm_layer,layer,9,_ZN4vllm18act_and_mul_kernelIN3c108BFloat16E14__nv_bfloat162XadL_ZNS_11silu_kernelIS2_EET_RKS5_fEEXadL_ZNS_18packed_silu_kernelIS3_EES5_S7_fEELb1ELb1ELb0ELb0EEEvPS5_PS6_ifff,gpu_min_FP_LG_ACC,0.0
llm_layer,layer,9,_ZN4vllm18act_and_mul_kernelIN3c108BFloat16E14__nv_bfloat162XadL_ZNS_11silu_kernelIS2_EET_RKS5_fEEXadL_ZNS_18packed_silu_kernelIS3_EES5_S7_fEELb1ELb1ELb0ELb0EEEvPS5_PS6_ifff,gpu_min_FP_SIN_ACC,0.0
llm_layer,layer,9,_ZN4vllm18act_and_mul_kernelIN3c108BFloat16E14__nv_bfloat162XadL_ZNS_11silu_kernelIS2_EET_RKS5_fEEXadL_ZNS_18packed_silu_kernelIS3_EES5_S7_fEELb1ELb1ELb0ELb0EEEvPS5_PS6_ifff,gpu_min_FP_EXP_ACC,0.0
llm_layer,layer,9,_ZN4vllm18act_and_mul_kernelIN3c108BFloat16E14__nv_bfloat162XadL_ZNS_11silu_kernelIS2_EET_RKS5_fEEXadL_ZNS_18packed_silu_kernelIS3_EES5_S7_fEELb1ELb1ELb0ELb0EEEvPS5_PS6_ifff,gpu_min_DP_MUL_ACC,0.0
llm_layer,layer,9,_ZN4vllm18act_and_mul_kernelIN3c108BFloat16E14__nv_bfloat162XadL_ZNS_11silu_kernelIS2_EET_RKS5_fEEXadL_ZNS_18packed_silu_kernelIS3_EES5_S7_fEELb1ELb1ELb0ELb0EEEvPS5_PS6_ifff,gpu_min_DP_DIV_ACC,0.0
llm_layer,layer,9,_ZN4vllm18act_and_mul_kernelIN3c108BFloat16E14__nv_bfloat162XadL_ZNS_11silu_kernelIS2_EET_RKS5_fEEXadL_ZNS_18packed_silu_kernelIS3_EES5_S7_fEELb1ELb1ELb0ELb0EEEvPS5_PS6_ifff,gpu_min_TENSOR_ACC,0.0
llm_layer,layer,9,_ZN4vllm18act_and_mul_kernelIN3c108BFloat16E14__nv_bfloat162XadL_ZNS_11silu_kernelIS2_EET_RKS5_fEEXadL_ZNS_18packed_silu_kernelIS3_EES5_S7_fEELb1ELb1ELb0ELb0EEEvPS5_PS6_ifff,gpu_min_TEX_ACC,0.0
llm_layer,layer,9,_ZN4vllm18act_and_mul_kernelIN3c108BFloat16E14__nv_bfloat162XadL_ZNS_11silu_kernelIS2_EET_RKS5_fEEXadL_ZNS_18packed_silu_kernelIS3_EES5_S7_fEELb1ELb1ELb0ELb0EEEvPS5_PS6_ifff,gpu_min_MEM_RD,0.0
llm_layer,layer,9,_ZN4vllm18act_and_mul_kernelIN3c108BFloat16E14__nv_bfloat162XadL_ZNS_11silu_kernelIS2_EET_RKS5_fEEXadL_ZNS_18packed_silu_kernelIS3_EES5_S7_fEELb1ELb1ELb0ELb0EEEvPS5_PS6_ifff,gpu_min_MEM_WR,0.0
llm_layer,layer,9,_ZN4vllm18act_and_mul_kernelIN3c108BFloat16E14__nv_bfloat162XadL_ZNS_11silu_kernelIS2_EET_RKS5_fEEXadL_ZNS_18packed_silu_kernelIS3_EES5_S7_fEELb1ELb1ELb0ELb0EEEvPS5_PS6_ifff,gpu_min_MEM_PRE,0.0
llm_layer,layer,9,_ZN4vllm18act_and_mul_kernelIN3c108BFloat16E14__nv_bfloat162XadL_ZNS_11silu_kernelIS2_EET_RKS5_fEEXadL_ZNS_18packed_silu_kernelIS3_EES5_S7_fEELb1ELb1ELb0ELb0EEEvPS5_PS6_ifff,gpu_min_L2_RH,0.0
llm_layer,layer,9,_ZN4vllm18act_and_mul_kernelIN3c108BFloat16E14__nv_bfloat162XadL_ZNS_11silu_kernelIS2_EET_RKS5_fEEXadL_ZNS_18packed_silu_kernelIS3_EES5_S7_fEELb1ELb1ELb0ELb0EEEvPS5_PS6_ifff,gpu_min_L2_RM,0.0
llm_layer,layer,9,_ZN4vllm18act_and_mul_kernelIN3c108BFloat16E14__nv_bfloat162XadL_ZNS_11silu_kernelIS2_EET_RKS5_fEEXadL_ZNS_18packed_silu_kernelIS3_EES5_S7_fEELb1ELb1ELb0ELb0EEEvPS5_PS6_ifff,gpu_min_L2_WH,0.0
llm_layer,layer,9,_ZN4vllm18act_and_mul_kernelIN3c108BFloat16E14__nv_bfloat162XadL_ZNS_11silu_kernelIS2_EET_RKS5_fEEXadL_ZNS_18packed_silu_kernelIS3_EES5_S7_fEELb1ELb1ELb0ELb0EEEvPS5_PS6_ifff,gpu_min_L2_WM,0.0
llm_layer,layer,9,_ZN4vllm18act_and_mul_kernelIN3c108BFloat16E14__nv_bfloat162XadL_ZNS_11silu_kernelIS2_EET_RKS5_fEEXadL_ZNS_18packed_silu_kernelIS3_EES5_S7_fEELb1ELb1ELb0ELb0EEEvPS5_PS6_ifff,gpu_min_NOC_A,0.0
llm_layer,layer,9,_ZN4vllm18act_and_mul_kernelIN3c108BFloat16E14__nv_bfloat162XadL_ZNS_11silu_kernelIS2_EET_RKS5_fEEXadL_ZNS_18packed_silu_kernelIS3_EES5_S7_fEELb1ELb1ELb0ELb0EEEvPS5_PS6_ifff,gpu_min_PIPE_A,0.0110677
llm_layer,layer,9,_ZN4vllm18act_and_mul_kernelIN3c108BFloat16E14__nv_bfloat162XadL_ZNS_11silu_kernelIS2_EET_RKS5_fEEXadL_ZNS_18packed_silu_kernelIS3_EES5_S7_fEELb1ELb1ELb0ELb0EEEvPS5_PS6_ifff,gpu_min_IDLE_CORE_N,132.0
llm_layer,layer,9,_ZN4vllm18act_and_mul_kernelIN3c108BFloat16E14__nv_bfloat162XadL_ZNS_11silu_kernelIS2_EET_RKS5_fEEXadL_ZNS_18packed_silu_kernelIS3_EES5_S7_fEELb1ELb1ELb0ELb0EEEvPS5_PS6_ifff,gpu_min_constant_power,0.0
llm_layer,layer,9,_ZN4vllm18act_and_mul_kernelIN3c108BFloat16E14__nv_bfloat162XadL_ZNS_11silu_kernelIS2_EET_RKS5_fEEXadL_ZNS_18packed_silu_kernelIS3_EES5_S7_fEELb1ELb1ELb0ELb0EEEvPS5_PS6_ifff,gpu_tot_avg_power,79.6424
llm_layer,layer,9,_ZN4vllm18act_and_mul_kernelIN3c108BFloat16E14__nv_bfloat162XadL_ZNS_11silu_kernelIS2_EET_RKS5_fEEXadL_ZNS_18packed_silu_kernelIS3_EES5_S7_fEELb1ELb1ELb0ELb0EEEvPS5_PS6_ifff,gpu_tot_max_power,161.109
llm_layer,layer,9,_ZN4vllm18act_and_mul_kernelIN3c108BFloat16E14__nv_bfloat162XadL_ZNS_11silu_kernelIS2_EET_RKS5_fEEXadL_ZNS_18packed_silu_kernelIS3_EES5_S7_fEELb1ELb1ELb0ELb0EEEvPS5_PS6_ifff,gpu_tot_min_power,58.0819
